[{"game_id":1043,"team_name":"CHO","player_id":"{\"roziete01\"}","player_name":"{\"Terry Rozier\"}","fg":"8.271","fga":"19.282","fg_pct":"0.429","three_p":"3.282","three_pa":"8.871","three_p_pct":"0.370","ft":"2.624","fta":"3.306","ft_pct":"0.794","orb":"1.388","drb":"3.176","trb":"4.565","ast":"4.953","stl":"1.012","blk":"0.341","tov":"1.494","pf":"1.694","pts":"22.447"},{"game_id":1043,"team_name":"CHO","player_id":"{\"rillegr01\"}","player_name":"{\"Grant Riller\"}","fg":"1.476","fga":"1.905","fg_pct":"0.775","three_p":"0.349","three_pa":"0.651","three_p_pct":"0.536","ft":"0.000","fta":"0.000","ft_pct":"NaN","orb":"0.000","drb":"0.206","trb":"0.206","ast":"0.476","stl":"0.175","blk":"0.000","tov":"0.175","pf":"0.000","pts":"3.302"},{"game_id":1043,"team_name":"CHO","player_id":"{\"careyve01\"}","player_name":"{\"Vernon Carey Jr.\"}","fg":"1.447","fga":"2.741","fg_pct":"0.528","three_p":"0.071","three_pa":"0.376","three_p_pct":"0.189","ft":"0.624","fta":"0.624","ft_pct":"1.000","orb":"0.518","drb":"1.153","trb":"1.671","ast":"0.071","stl":"0.082","blk":"0.235","tov":"0.271","pf":"1.035","pts":"3.588"},{"game_id":1043,"team_name":"CHO","player_id":"{\"washipj01\"}","player_name":"{\"P.J. Washington\"}","fg":"7.212","fga":"14.659","fg_pct":"0.492","three_p":"2.788","three_pa":"6.882","three_p_pct":"0.405","ft":"1.588","fta":"2.200","ft_pct":"0.722","orb":"1.694","drb":"6.271","trb":"7.965","ast":"2.271","stl":"1.624","blk":"1.200","tov":"1.847","pf":"2.906","pts":"18.800"},{"game_id":1043,"team_name":"CHO","player_id":"{\"mcdanja01\"}","player_name":"{\"Jalen McDaniels\"}","fg":"3.800","fga":"7.576","fg_pct":"0.502","three_p":"0.859","three_pa":"2.471","three_p_pct":"0.348","ft":"0.659","fta":"1.318","ft_pct":"0.500","orb":"2.306","drb":"3.424","trb":"5.729","ast":"1.259","stl":"0.812","blk":"0.824","tov":"0.976","pf":"2.353","pts":"9.118"},{"game_id":1043,"team_name":"CHO","player_id":"{\"ballla01\"}","player_name":"{\"LaMelo Ball\"}","fg":"5.847","fga":"14.341","fg_pct":"0.408","three_p":"0.918","three_pa":"4.259","three_p_pct":"0.216","ft":"2.988","fta":"4.765","ft_pct":"0.627","orb":"0.647","drb":"5.576","trb":"6.224","ast":"6.024","stl":"1.529","blk":"0.259","tov":"3.718","pf":"2.706","pts":"15.600"},{"game_id":1043,"team_name":"CHO","player_id":"benchCHO","player_name":"Bench of CHO","fg":"3.421","fga":"7.530","fg_pct":"0.454","three_p":"1.392","three_pa":"3.836","three_p_pct":"0.363","ft":"1.575","fta":"2.269","ft_pct":"0.694","orb":"0.951","drb":"3.004","trb":"3.955","ast":"2.708","stl":"0.425","blk":"0.616","tov":"1.278","pf":"1.915","pts":"9.810"},{"game_id":1043,"team_name":"LAC","player_id":"{\"couside01\"}","player_name":"{\"DeMarcus Cousins\"}","fg":"3.647","fga":"6.671","fg_pct":"0.547","three_p":"0.671","three_pa":"1.565","three_p_pct":"0.429","ft":"1.082","fta":"1.376","ft_pct":"0.786","orb":"1.541","drb":"3.553","trb":"5.094","ast":"0.894","stl":"0.824","blk":"0.494","tov":"1.506","pf":"1.812","pts":"9.047"},{"game_id":1043,"team_name":"LAC","player_id":"{\"kennalu01\"}","player_name":"{\"Luke Kennard\"}","fg":"2.718","fga":"5.965","fg_pct":"0.456","three_p":"1.624","three_pa":"3.482","three_p_pct":"0.466","ft":"0.471","fta":"0.612","ft_pct":"0.770","orb":"0.235","drb":"1.941","trb":"2.176","ast":"1.694","stl":"0.259","blk":"0.094","tov":"0.553","pf":"0.976","pts":"7.529"},{"game_id":1043,"team_name":"LAC","player_id":"{\"oturuda01\"}","player_name":"{\"Daniel Oturu\"}","fg":"0.306","fga":"0.635","fg_pct":"0.482","three_p":"0.000","three_pa":"0.000","three_p_pct":"NaN","ft":"0.282","fta":"0.376","ft_pct":"0.750","orb":"0.471","drb":"0.765","trb":"1.235","ast":"0.118","stl":"0.000","blk":"0.141","tov":"0.000","pf":"0.812","pts":"0.894"},{"game_id":1043,"team_name":"LAC","player_id":"{\"mannte01\"}","player_name":"{\"Terance Mann\"}","fg":"3.600","fga":"6.176","fg_pct":"0.583","three_p":"0.765","three_pa":"1.847","three_p_pct":"0.414","ft":"2.082","fta":"2.082","ft_pct":"1.000","orb":"0.682","drb":"2.212","trb":"2.894","ast":"1.271","stl":"0.447","blk":"0.000","tov":"0.612","pf":"1.694","pts":"10.047"},{"game_id":1043,"team_name":"LAC","player_id":"{\"scrubja01\"}","player_name":"{\"Jay Scrubb\"}","fg":"0.000","fga":"2.000","fg_pct":"0.000","three_p":"0.000","three_pa":"0.000","three_p_pct":"NaN","ft":"0.000","fta":"0.000","ft_pct":"NaN","orb":"0.000","drb":"0.000","trb":"0.000","ast":"0.000","stl":"0.000","blk":"0.000","tov":"1.000","pf":"0.000","pts":"0.000"},{"game_id":1043,"team_name":"LAC","player_id":"{\"ferreyo01\"}","player_name":"{\"Yogi Ferrell\"}","fg":"1.706","fga":"4.341","fg_pct":"0.393","three_p":"0.800","three_pa":"2.047","three_p_pct":"0.391","ft":"0.529","fta":"0.765","ft_pct":"0.692","orb":"0.271","drb":"0.553","trb":"0.824","ast":"2.012","stl":"0.576","blk":"0.082","tov":"0.435","pf":"0.753","pts":"4.741"},{"game_id":1043,"team_name":"LAC","player_id":"benchLAC","player_name":"Bench of LAC","fg":"4.736","fga":"9.990","fg_pct":"0.474","three_p":"1.513","three_pa":"4.014","three_p_pct":"0.377","ft":"2.239","fta":"2.597","ft_pct":"0.862","orb":"0.897","drb":"4.452","trb":"5.348","ast":"3.100","stl":"0.680","blk":"0.422","tov":"1.838","pf":"1.928","pts":"13.224"}]