[{"game_id":1221,"team_name":"SAC","player_id":"{\"foxde01\"}","player_name":"{\"De'Aaron Fox\"}","fg":"5.306","fga":"11.553","fg_pct":"0.459","three_p":"1.071","three_pa":"2.494","three_p_pct":"0.429","ft":"3.106","fta":"4.094","ft_pct":"0.759","orb":"0.329","drb":"2.600","trb":"2.929","ast":"6.376","stl":"0.835","blk":"0.271","tov":"2.576","pf":"2.106","pts":"14.788"},{"game_id":1221,"team_name":"SAC","player_id":"{\"bjeline01\"}","player_name":"{\"Nemanja Bjelica\"}","fg":"3.400","fga":"6.424","fg_pct":"0.529","three_p":"1.212","three_pa":"3.000","three_p_pct":"0.404","ft":"0.941","fta":"1.094","ft_pct":"0.860","orb":"0.906","drb":"2.329","trb":"3.235","ast":"1.118","stl":"0.647","blk":"0.047","tov":"0.694","pf":"1.953","pts":"8.953"},{"game_id":1221,"team_name":"SAC","player_id":"{\"hieldbu01\"}","player_name":"{\"Buddy Hield\"}","fg":"6.129","fga":"14.141","fg_pct":"0.433","three_p":"3.412","three_pa":"8.141","three_p_pct":"0.419","ft":"1.129","fta":"1.188","ft_pct":"0.950","orb":"0.894","drb":"3.024","trb":"3.918","ast":"2.106","stl":"0.553","blk":"0.200","tov":"1.741","pf":"1.682","pts":"16.800"},{"game_id":1221,"team_name":"SAC","player_id":"{\"barneha02\"}","player_name":"{\"Harrison Barnes\"}","fg":"4.353","fga":"9.271","fg_pct":"0.470","three_p":"1.400","three_pa":"3.035","three_p_pct":"0.461","ft":"1.965","fta":"2.788","ft_pct":"0.705","orb":"0.682","drb":"3.800","trb":"4.482","ast":"1.424","stl":"0.518","blk":"0.106","tov":"0.976","pf":"0.859","pts":"12.071"},{"game_id":1221,"team_name":"SAC","player_id":"{\"holmeri01\"}","player_name":"{\"Richaun Holmes\"}","fg":"3.341","fga":"6.329","fg_pct":"0.528","three_p":"0.000","three_pa":"0.000","three_p_pct":"NaN","ft":"2.000","fta":"2.600","ft_pct":"0.769","orb":"1.518","drb":"4.035","trb":"5.553","ast":"1.000","stl":"0.459","blk":"1.035","tov":"1.035","pf":"3.341","pts":"8.682"},{"game_id":1221,"team_name":"SAC","player_id":"{\"arizatr01\"}","player_name":"{\"Trevor Ariza\"}","fg":"1.929","fga":"5.447","fg_pct":"0.354","three_p":"0.918","three_pa":"3.365","three_p_pct":"0.273","ft":"0.600","fta":"0.753","ft_pct":"0.797","orb":"0.376","drb":"2.765","trb":"3.141","ast":"1.353","stl":"0.588","blk":"0.306","tov":"0.788","pf":"1.271","pts":"5.376"},{"game_id":1221,"team_name":"SAC","player_id":"benchSAC","player_name":"Bench of SAC","fg":"3.681","fga":"8.491","fg_pct":"0.434","three_p":"1.441","three_pa":"3.691","three_p_pct":"0.390","ft":"1.433","fta":"1.649","ft_pct":"0.869","orb":"0.887","drb":"3.282","trb":"4.169","ast":"1.932","stl":"0.832","blk":"0.332","tov":"1.421","pf":"2.222","pts":"10.237"},{"game_id":1221,"team_name":"DEN","player_id":"{\"murraja01\"}","player_name":"{\"Jamal Murray\"}","fg":"7.282","fga":"18.824","fg_pct":"0.387","three_p":"2.118","three_pa":"6.024","three_p_pct":"0.352","ft":"5.847","fta":"6.459","ft_pct":"0.905","orb":"1.824","drb":"4.376","trb":"6.200","ast":"5.012","stl":"0.682","blk":"0.259","tov":"1.565","pf":"2.024","pts":"22.529"},{"game_id":1221,"team_name":"DEN","player_id":"{\"harriga01\"}","player_name":"{\"Gary Harris\"}","fg":"4.706","fga":"11.129","fg_pct":"0.423","three_p":"0.894","three_pa":"3.600","three_p_pct":"0.248","ft":"2.612","fta":"2.953","ft_pct":"0.885","orb":"0.482","drb":"3.706","trb":"4.188","ast":"1.671","stl":"1.553","blk":"0.388","tov":"1.706","pf":"3.518","pts":"12.918"},{"game_id":1221,"team_name":"DEN","player_id":"{\"bartowi01\"}","player_name":"{\"Will Barton\"}","fg":"3.094","fga":"8.988","fg_pct":"0.344","three_p":"1.353","three_pa":"3.906","three_p_pct":"0.346","ft":"2.624","fta":"2.894","ft_pct":"0.907","orb":"1.129","drb":"2.941","trb":"4.071","ast":"1.612","stl":"0.694","blk":"1.012","tov":"0.482","pf":"1.235","pts":"10.165"},{"game_id":1221,"team_name":"DEN","player_id":"{\"jokicni01\"}","player_name":"{\"Nikola Jokić\"}","fg":"9.400","fga":"18.718","fg_pct":"0.502","three_p":"1.518","three_pa":"3.682","three_p_pct":"0.412","ft":"4.824","fta":"6.106","ft_pct":"0.790","orb":"3.941","drb":"9.976","trb":"13.918","ast":"7.459","stl":"0.718","blk":"1.247","tov":"3.576","pf":"4.376","pts":"25.141"},{"game_id":1221,"team_name":"DEN","player_id":"{\"millspa01\"}","player_name":"{\"Paul Millsap\"}","fg":"4.894","fga":"11.471","fg_pct":"0.427","three_p":"1.094","three_pa":"2.765","three_p_pct":"0.396","ft":"3.635","fta":"4.529","ft_pct":"0.803","orb":"1.412","drb":"5.529","trb":"6.941","ast":"1.306","stl":"1.518","blk":"1.706","tov":"1.024","pf":"3.082","pts":"14.518"},{"game_id":1221,"team_name":"DEN","player_id":"{\"grantje01\"}","player_name":"{\"Jerami Grant\"}","fg":"4.647","fga":"8.847","fg_pct":"0.525","three_p":"1.965","three_pa":"4.200","three_p_pct":"0.468","ft":"1.671","fta":"2.424","ft_pct":"0.689","orb":"1.341","drb":"3.682","trb":"5.024","ast":"0.741","stl":"0.376","blk":"1.176","tov":"1.012","pf":"2.424","pts":"12.929"},{"game_id":1221,"team_name":"DEN","player_id":"benchDEN","player_name":"Bench of DEN","fg":"1.820","fga":"4.873","fg_pct":"0.373","three_p":"0.556","three_pa":"1.736","three_p_pct":"0.320","ft":"1.208","fta":"1.720","ft_pct":"0.702","orb":"1.164","drb":"2.265","trb":"3.429","ast":"1.147","stl":"0.425","blk":"0.476","tov":"0.545","pf":"2.049","pts":"5.404"}]