[{"game_id":1127,"team_name":"LAL","player_id":"teamLAL","player_name":"Team name: LAL","fg":"37.263","fga":"85.491","fg_pct":"0.436","three_p":"10.046","three_pa":"31.034","three_p_pct":"0.324","ft":"18.646","fta":"24.891","ft_pct":"0.749","orb":"10.566","drb":"34.977","trb":"45.543","ast":"22.823","stl":"8.063","blk":"4.354","tov":"13.520","pf":"19.183","pts":"103.217"},{"game_id":1127,"team_name":"PHO","player_id":"teamPHO","player_name":"Team name: PHO","fg":"41.137","fga":"85.926","fg_pct":"0.479","three_p":"11.857","three_pa":"32.474","three_p_pct":"0.365","ft":"16.754","fta":"19.794","ft_pct":"0.846","orb":"7.623","drb":"34.183","trb":"41.806","ast":"26.114","stl":"7.240","blk":"4.166","tov":"11.046","pf":"20.309","pts":"110.886"}]