[{"game_id":1248,"team_name":"OKC","player_id":"teamOKC","player_name":"Team name: OKC","ts_pct":"0.539","efg_pct":"0.502","three_par":"0.401","ftr":"0.265","orb_pct":"4.842","drb_pct":"15.554","trb_pct":"10.440","ast_pct":"11.518","stl_pct":"1.319","blk_pct":"1.903","tov_pct":"16.469","usg_pct":"20.438","ortg":"99.541","drtg":"111.319","bpm":"-5.237"},{"game_id":1248,"team_name":"NOP","player_id":"teamNOP","player_name":"Team name: NOP","ts_pct":"0.556","efg_pct":"0.538","three_par":"0.421","ftr":"0.216","orb_pct":"4.313","drb_pct":"15.247","trb_pct":"9.948","ast_pct":"15.468","stl_pct":"1.178","blk_pct":"1.445","tov_pct":"13.065","usg_pct":"19.500","ortg":"108.732","drtg":"115.592","bpm":"-1.997"}]