[{"game_id":1212,"team_name":"NYK","player_id":"{\"gibsota01\"}","player_name":"{\"Taj Gibson\"}","ts_pct":"0.456","efg_pct":"0.343","three_par":"0.179","ftr":"0.548","orb_pct":"9.786","drb_pct":"15.509","trb_pct":"12.611","ast_pct":"8.351","stl_pct":"0.882","blk_pct":"1.059","tov_pct":"11.618","usg_pct":"16.787","ortg":"101.447","drtg":"118.412","bpm":"-3.911"},{"game_id":1212,"team_name":"NYK","player_id":"{\"barrerj01\"}","player_name":"{\"RJ Barrett\"}","ts_pct":"0.566","efg_pct":"0.579","three_par":"0.257","ftr":"0.277","orb_pct":"2.889","drb_pct":"11.406","trb_pct":"7.053","ast_pct":"14.547","stl_pct":"3.233","blk_pct":"0.000","tov_pct":"17.758","usg_pct":"25.536","ortg":"98.444","drtg":"109.917","bpm":"0.633"},{"game_id":1212,"team_name":"NYK","player_id":"{\"randlju01\"}","player_name":"{\"Julius Randle\"}","ts_pct":"0.548","efg_pct":"0.501","three_par":"0.211","ftr":"0.452","orb_pct":"9.722","drb_pct":"20.389","trb_pct":"15.205","ast_pct":"18.720","stl_pct":"1.280","blk_pct":"0.265","tov_pct":"18.506","usg_pct":"29.321","ortg":"101.506","drtg":"115.471","bpm":"-1.392"},{"game_id":1212,"team_name":"NYK","player_id":"{\"morrima03\"}","player_name":"{\"Marcus Morris\"}","ts_pct":"0.682","efg_pct":"0.625","three_par":"0.413","ftr":"0.418","orb_pct":"4.326","drb_pct":"19.198","trb_pct":"11.816","ast_pct":"7.852","stl_pct":"0.841","blk_pct":"1.824","tov_pct":"10.422","usg_pct":"17.288","ortg":"124.976","drtg":"110.447","bpm":"2.939"},{"game_id":1212,"team_name":"NYK","player_id":"{\"portibo01\"}","player_name":"{\"Bobby Portis\"}","ts_pct":"0.439","efg_pct":"0.412","three_par":"0.297","ftr":"0.107","orb_pct":"7.988","drb_pct":"25.505","trb_pct":"16.681","ast_pct":"9.235","stl_pct":"1.912","blk_pct":"1.116","tov_pct":"14.961","usg_pct":"20.187","ortg":"88.059","drtg":"110.812","bpm":"-4.628"},{"game_id":1212,"team_name":"NYK","player_id":"{\"ntilila01\"}","player_name":"{\"Frank Ntilikina\"}","ts_pct":"0.188","efg_pct":"0.176","three_par":"0.316","ftr":"0.048","orb_pct":"1.515","drb_pct":"8.799","trb_pct":"5.101","ast_pct":"19.507","stl_pct":"3.438","blk_pct":"0.861","tov_pct":"24.122","usg_pct":"17.955","ortg":"51.788","drtg":"114.129","bpm":"-12.329"},{"game_id":1212,"team_name":"NYK","player_id":"benchNYK","player_name":"Bench of NYK","ts_pct":"0.590","efg_pct":"0.565","three_par":"0.403","ftr":"0.265","orb_pct":"4.006","drb_pct":"15.263","trb_pct":"9.636","ast_pct":"12.730","stl_pct":"1.801","blk_pct":"2.356","tov_pct":"14.409","usg_pct":"17.233","ortg":"110.891","drtg":"111.572","bpm":"-0.777"},{"game_id":1212,"team_name":"CHI","player_id":"{\"lavinza01\"}","player_name":"{\"Zach LaVine\"}","ts_pct":"0.546","efg_pct":"0.501","three_par":"0.280","ftr":"0.382","orb_pct":"3.968","drb_pct":"11.007","trb_pct":"7.628","ast_pct":"23.420","stl_pct":"1.951","blk_pct":"1.354","tov_pct":"16.041","usg_pct":"29.655","ortg":"103.247","drtg":"113.600","bpm":"1.708"},{"game_id":1212,"team_name":"CHI","player_id":"{\"porteot01\"}","player_name":"{\"Otto Porter Jr.\"}","ts_pct":"0.499","efg_pct":"0.442","three_par":"0.485","ftr":"0.244","orb_pct":"1.720","drb_pct":"15.065","trb_pct":"7.926","ast_pct":"7.893","stl_pct":"2.068","blk_pct":"1.012","tov_pct":"8.254","usg_pct":"18.698","ortg":"102.459","drtg":"116.459","bpm":"-2.106"},{"game_id":1212,"team_name":"CHI","player_id":"{\"markkla01\"}","player_name":"{\"Lauri Markkanen\"}","ts_pct":"0.466","efg_pct":"0.416","three_par":"0.396","ftr":"0.297","orb_pct":"7.893","drb_pct":"28.927","trb_pct":"17.813","ast_pct":"8.008","stl_pct":"1.405","blk_pct":"2.384","tov_pct":"15.094","usg_pct":"28.169","ortg":"91.471","drtg":"108.647","bpm":"-2.824"},{"game_id":1212,"team_name":"CHI","player_id":"{\"cartewe01\"}","player_name":"{\"Wendell Carter Jr.\"}","ts_pct":"0.479","efg_pct":"0.443","three_par":"0.112","ftr":"0.329","orb_pct":"10.315","drb_pct":"22.628","trb_pct":"15.968","ast_pct":"4.508","stl_pct":"1.501","blk_pct":"2.133","tov_pct":"11.505","usg_pct":"17.161","ortg":"102.565","drtg":"114.118","bpm":"-5.939"},{"game_id":1212,"team_name":"CHI","player_id":"{\"satorto01\"}","player_name":"{\"Tomáš Satoranský\"}","ts_pct":"0.507","efg_pct":"0.443","three_par":"0.293","ftr":"0.432","orb_pct":"3.748","drb_pct":"5.152","trb_pct":"4.420","ast_pct":"21.288","stl_pct":"2.320","blk_pct":"1.062","tov_pct":"12.908","usg_pct":"14.087","ortg":"110.694","drtg":"114.976","bpm":"-1.478"},{"game_id":1212,"team_name":"CHI","player_id":"{\"youngth01\"}","player_name":"{\"Thaddeus Young\"}","ts_pct":"0.534","efg_pct":"0.533","three_par":"0.315","ftr":"0.082","orb_pct":"4.455","drb_pct":"11.874","trb_pct":"7.746","ast_pct":"18.796","stl_pct":"2.535","blk_pct":"0.854","tov_pct":"14.584","usg_pct":"18.731","ortg":"102.647","drtg":"107.894","bpm":"1.679"},{"game_id":1212,"team_name":"CHI","player_id":"benchCHI","player_name":"Bench of CHI","ts_pct":"0.489","efg_pct":"0.459","three_par":"0.389","ftr":"0.185","orb_pct":"3.529","drb_pct":"15.853","trb_pct":"9.303","ast_pct":"17.436","stl_pct":"1.787","blk_pct":"2.019","tov_pct":"7.509","usg_pct":"20.095","ortg":"104.329","drtg":"110.895","bpm":"-1.068"}]