[{"game_id":1002,"team_name":"PHO","player_id":"{\"carteje01\"}","player_name":"{\"Jevon Carter\"}","fg":"1.612","fga":"3.976","fg_pct":"0.405","three_p":"1.141","three_pa":"2.824","three_p_pct":"0.404","ft":"0.129","fta":"0.259","ft_pct":"0.498","orb":"0.118","drb":"1.106","trb":"1.224","ast":"1.071","stl":"0.847","blk":"0.094","tov":"0.482","pf":"0.635","pts":"4.494"},{"game_id":1002,"team_name":"PHO","player_id":"{\"saricda01\"}","player_name":"{\"Dario Šarić\"}","fg":"1.635","fga":"3.859","fg_pct":"0.424","three_p":"0.776","three_pa":"1.965","three_p_pct":"0.395","ft":"1.176","fta":"1.435","ft_pct":"0.820","orb":"0.506","drb":"2.082","trb":"2.588","ast":"1.165","stl":"0.471","blk":"0.129","tov":"1.000","pf":"1.729","pts":"5.224"},{"game_id":1002,"team_name":"PHO","player_id":"{\"bridgmi01\"}","player_name":"{\"Mikal Bridges\"}","fg":"6.435","fga":"10.835","fg_pct":"0.594","three_p":"2.647","three_pa":"5.671","three_p_pct":"0.467","ft":"1.694","fta":"2.000","ft_pct":"0.847","orb":"1.282","drb":"1.918","trb":"3.200","ast":"2.129","stl":"1.753","blk":"1.188","tov":"0.400","pf":"1.894","pts":"17.212"},{"game_id":1002,"team_name":"PHO","player_id":"{\"bookede01\"}","player_name":"{\"Devin Booker\"}","fg":"11.071","fga":"21.259","fg_pct":"0.521","three_p":"1.235","three_pa":"4.188","three_p_pct":"0.295","ft":"4.976","fta":"5.812","ft_pct":"0.856","orb":"1.059","drb":"3.035","trb":"4.094","ast":"4.047","stl":"0.600","blk":"0.129","tov":"2.459","pf":"2.388","pts":"28.353"},{"game_id":1002,"team_name":"PHO","player_id":"{\"paulch01\"}","player_name":"{\"Chris Paul\"}","fg":"6.929","fga":"13.376","fg_pct":"0.518","three_p":"2.071","three_pa":"4.188","three_p_pct":"0.495","ft":"2.671","fta":"2.729","ft_pct":"0.979","orb":"0.212","drb":"3.612","trb":"3.824","ast":"9.588","stl":"1.341","blk":"0.647","tov":"2.671","pf":"2.106","pts":"18.600"},{"game_id":1002,"team_name":"PHO","player_id":"{\"aytonde01\"}","player_name":"{\"Deandre Ayton\"}","fg":"4.459","fga":"7.400","fg_pct":"0.603","three_p":"0.000","three_pa":"0.000","three_p_pct":"NaN","ft":"1.471","fta":"2.024","ft_pct":"0.727","orb":"3.376","drb":"5.941","trb":"9.318","ast":"1.776","stl":"0.976","blk":"1.576","tov":"0.588","pf":"2.882","pts":"10.388"},{"game_id":1002,"team_name":"PHO","player_id":"benchPHO","player_name":"Bench of PHO","fg":"2.262","fga":"5.231","fg_pct":"0.432","three_p":"1.007","three_pa":"2.847","three_p_pct":"0.354","ft":"0.570","fta":"0.857","ft_pct":"0.665","orb":"0.764","drb":"2.450","trb":"3.214","ast":"1.309","stl":"0.358","blk":"0.461","tov":"0.671","pf":"1.442","pts":"6.103"},{"game_id":1002,"team_name":"NYK","player_id":"{\"barrerj01\"}","player_name":"{\"RJ Barrett\"}","fg":"6.671","fga":"15.212","fg_pct":"0.439","three_p":"2.941","three_pa":"6.424","three_p_pct":"0.458","ft":"2.635","fta":"3.353","ft_pct":"0.786","orb":"0.659","drb":"5.247","trb":"5.906","ast":"3.141","stl":"0.541","blk":"0.341","tov":"1.706","pf":"2.729","pts":"18.918"},{"game_id":1002,"team_name":"NYK","player_id":"{\"bullore01\"}","player_name":"{\"Reggie Bullock\"}","fg":"4.753","fga":"9.294","fg_pct":"0.511","three_p":"3.306","three_pa":"7.118","three_p_pct":"0.464","ft":"1.435","fta":"1.553","ft_pct":"0.924","orb":"0.329","drb":"3.141","trb":"3.471","ast":"1.929","stl":"0.729","blk":"0.071","tov":"0.647","pf":"2.376","pts":"14.247"},{"game_id":1002,"team_name":"NYK","player_id":"{\"randlju01\"}","player_name":"{\"Julius Randle\"}","fg":"9.365","fga":"20.365","fg_pct":"0.460","three_p":"3.447","three_pa":"7.247","three_p_pct":"0.476","ft":"5.188","fta":"6.141","ft_pct":"0.845","orb":"0.706","drb":"7.047","trb":"7.753","ast":"5.165","stl":"0.941","blk":"0.318","tov":"2.835","pf":"2.871","pts":"27.365"},{"game_id":1002,"team_name":"NYK","player_id":"{\"rosede01\"}","player_name":"{\"Derrick Rose\"}","fg":"7.541","fga":"12.659","fg_pct":"0.596","three_p":"1.565","three_pa":"2.824","three_p_pct":"0.554","ft":"1.859","fta":"2.094","ft_pct":"0.888","orb":"0.235","drb":"2.882","trb":"3.118","ast":"4.388","stl":"0.765","blk":"0.176","tov":"1.165","pf":"1.518","pts":"18.506"},{"game_id":1002,"team_name":"NYK","player_id":"{\"gibsota01\"}","player_name":"{\"Taj Gibson\"}","fg":"2.647","fga":"3.753","fg_pct":"0.705","three_p":"0.000","three_pa":"0.141","three_p_pct":"0.000","ft":"0.094","fta":"0.094","ft_pct":"1.000","orb":"2.494","drb":"3.365","trb":"5.859","ast":"0.835","stl":"0.588","blk":"1.282","tov":"0.306","pf":"2.788","pts":"5.388"},{"game_id":1002,"team_name":"NYK","player_id":"{\"noelne01\"}","player_name":"{\"Nerlens Noel\"}","fg":"2.118","fga":"3.376","fg_pct":"0.627","three_p":"0.000","three_pa":"0.129","three_p_pct":"0.000","ft":"1.082","fta":"1.329","ft_pct":"0.814","orb":"2.200","drb":"4.376","trb":"6.576","ast":"1.365","stl":"1.424","blk":"2.847","tov":"0.671","pf":"2.753","pts":"5.318"},{"game_id":1002,"team_name":"NYK","player_id":"benchNYK","player_name":"Bench of NYK","fg":"1.038","fga":"2.565","fg_pct":"0.405","three_p":"0.210","three_pa":"0.658","three_p_pct":"0.319","ft":"0.332","fta":"0.549","ft_pct":"0.605","orb":"0.261","drb":"1.262","trb":"1.524","ast":"0.671","stl":"0.372","blk":"0.123","tov":"0.476","pf":"0.599","pts":"2.620"}]