[{"game_id":1002,"team_name":"PHO","player_id":"teamPHO","player_name":"Team name: PHO","fg":"43.983","fga":"89.634","fg_pct":"0.491","three_p":"12.286","three_pa":"34.566","three_p_pct":"0.355","ft":"15.686","fta":"18.823","ft_pct":"0.833","orb":"10.131","drb":"30.029","trb":"40.160","ast":"25.240","stl":"7.926","blk":"5.634","tov":"10.126","pf":"18.023","pts":"115.937"},{"game_id":1002,"team_name":"NYK","player_id":"teamNYK","player_name":"Team name: NYK","fg":"42.737","fga":"86.857","fg_pct":"0.492","three_p":"14.663","three_pa":"32.023","three_p_pct":"0.458","ft":"15.720","fta":"19.600","ft_pct":"0.802","orb":"7.863","drb":"34.571","trb":"42.434","ast":"22.731","stl":"6.886","blk":"5.440","tov":"10.817","pf":"19.697","pts":"115.857"}]