[{"game_id":1084,"team_name":"LAL","player_id":"{\"harremo01\"}","player_name":"{\"Montrezl Harrell\"}","fg":"4.012","fga":"6.612","fg_pct":"0.607","three_p":"0.000","three_pa":"0.000","three_p_pct":"NaN","ft":"2.553","fta":"3.776","ft_pct":"0.676","orb":"1.576","drb":"2.541","trb":"4.118","ast":"0.765","stl":"0.412","blk":"0.482","tov":"0.800","pf":"1.412","pts":"10.576"},{"game_id":1084,"team_name":"LAL","player_id":"{\"hortota01\"}","player_name":"{\"Talen Horton-Tucker\"}","fg":"3.953","fga":"7.624","fg_pct":"0.518","three_p":"0.776","three_pa":"1.671","three_p_pct":"0.464","ft":"2.094","fta":"3.118","ft_pct":"0.672","orb":"0.412","drb":"1.518","trb":"1.929","ast":"4.553","stl":"1.129","blk":"0.141","tov":"2.541","pf":"1.941","pts":"10.776"},{"game_id":1084,"team_name":"LAL","player_id":"{\"davisan02\"}","player_name":"{\"Anthony Davis\"}","fg":"8.153","fga":"18.565","fg_pct":"0.439","three_p":"0.706","three_pa":"3.000","three_p_pct":"0.235","ft":"6.224","fta":"7.812","ft_pct":"0.797","orb":"1.212","drb":"6.612","trb":"7.824","ast":"3.341","stl":"1.271","blk":"1.165","tov":"2.106","pf":"1.247","pts":"23.235"},{"game_id":1084,"team_name":"LAL","player_id":"{\"jamesle01\"}","player_name":"{\"LeBron James\"}","fg":"8.624","fga":"16.071","fg_pct":"0.537","three_p":"1.976","three_pa":"5.094","three_p_pct":"0.388","ft":"3.329","fta":"4.682","ft_pct":"0.711","orb":"0.941","drb":"5.012","trb":"5.953","ast":"7.271","stl":"0.941","blk":"0.341","tov":"3.565","pf":"1.341","pts":"22.553"},{"game_id":1084,"team_name":"LAL","player_id":"{\"caldwke01\"}","player_name":"{\"Kentavious Caldwell-Pope\"}","fg":"3.541","fga":"7.647","fg_pct":"0.463","three_p":"1.871","three_pa":"4.847","three_p_pct":"0.386","ft":"2.118","fta":"2.353","ft_pct":"0.900","orb":"0.459","drb":"2.341","trb":"2.800","ast":"3.471","stl":"1.329","blk":"0.612","tov":"0.965","pf":"2.200","pts":"11.071"},{"game_id":1084,"team_name":"LAL","player_id":"{\"schrode01\"}","player_name":"{\"Dennis Schröder\"}","fg":"5.965","fga":"13.282","fg_pct":"0.449","three_p":"1.412","three_pa":"4.741","three_p_pct":"0.298","ft":"1.729","fta":"1.929","ft_pct":"0.896","orb":"0.541","drb":"2.741","trb":"3.282","ast":"7.365","stl":"1.000","blk":"0.118","tov":"1.988","pf":"2.447","pts":"15.071"},{"game_id":1084,"team_name":"LAL","player_id":"benchLAL","player_name":"Bench of LAL","fg":"3.897","fga":"7.984","fg_pct":"0.488","three_p":"1.012","three_pa":"2.701","three_p_pct":"0.375","ft":"1.319","fta":"2.130","ft_pct":"0.619","orb":"1.389","drb":"3.723","trb":"5.112","ast":"2.351","stl":"0.692","blk":"0.579","tov":"1.384","pf":"2.219","pts":"10.125"},{"game_id":1084,"team_name":"GSW","player_id":"{\"greendr01\"}","player_name":"{\"Draymond Green\"}","fg":"3.741","fga":"6.553","fg_pct":"0.571","three_p":"0.776","three_pa":"1.882","three_p_pct":"0.412","ft":"2.047","fta":"2.318","ft_pct":"0.883","orb":"0.882","drb":"8.012","trb":"8.894","ast":"9.788","stl":"1.941","blk":"1.035","tov":"2.894","pf":"2.600","pts":"10.306"},{"game_id":1084,"team_name":"GSW","player_id":"{\"curryst01\"}","player_name":"{\"Stephen Curry\"}","fg":"11.753","fga":"26.247","fg_pct":"0.448","three_p":"6.329","three_pa":"16.435","three_p_pct":"0.385","ft":"6.612","fta":"7.224","ft_pct":"0.915","orb":"0.529","drb":"4.424","trb":"4.953","ast":"5.741","stl":"1.424","blk":"0.153","tov":"3.576","pf":"2.047","pts":"36.447"},{"game_id":1084,"team_name":"GSW","player_id":"{\"wiggian01\"}","player_name":"{\"Andrew Wiggins\"}","fg":"9.353","fga":"17.953","fg_pct":"0.521","three_p":"2.000","three_pa":"5.235","three_p_pct":"0.382","ft":"2.000","fta":"2.518","ft_pct":"0.794","orb":"2.024","drb":"3.694","trb":"5.718","ast":"2.282","stl":"0.576","blk":"0.976","tov":"1.529","pf":"2.682","pts":"22.706"},{"game_id":1084,"team_name":"GSW","player_id":"{\"poolejo01\"}","player_name":"{\"Jordan Poole\"}","fg":"5.871","fga":"11.600","fg_pct":"0.506","three_p":"2.776","three_pa":"7.329","three_p_pct":"0.379","ft":"3.847","fta":"4.294","ft_pct":"0.896","orb":"0.729","drb":"1.976","trb":"2.706","ast":"2.024","stl":"0.424","blk":"0.224","tov":"1.341","pf":"1.800","pts":"18.365"},{"game_id":1084,"team_name":"GSW","player_id":"{\"toscaju01\"}","player_name":"{\"Juan Toscano-Anderson\"}","fg":"3.188","fga":"5.729","fg_pct":"0.556","three_p":"1.118","three_pa":"3.047","three_p_pct":"0.367","ft":"0.447","fta":"0.588","ft_pct":"0.760","orb":"0.365","drb":"6.024","trb":"6.388","ast":"4.965","stl":"1.400","blk":"0.682","tov":"1.600","pf":"2.400","pts":"7.941"},{"game_id":1084,"team_name":"GSW","player_id":"{\"bazemke01\"}","player_name":"{\"Kent Bazemore\"}","fg":"3.965","fga":"8.282","fg_pct":"0.479","three_p":"1.388","three_pa":"3.824","three_p_pct":"0.363","ft":"1.024","fta":"1.388","ft_pct":"0.738","orb":"0.176","drb":"4.365","trb":"4.541","ast":"1.718","stl":"1.318","blk":"0.447","tov":"1.553","pf":"3.118","pts":"10.341"},{"game_id":1084,"team_name":"GSW","player_id":"benchGSW","player_name":"Bench of GSW","fg":"3.144","fga":"6.414","fg_pct":"0.490","three_p":"1.548","three_pa":"3.677","three_p_pct":"0.421","ft":"0.591","fta":"0.913","ft_pct":"0.647","orb":"1.271","drb":"3.663","trb":"4.934","ast":"1.482","stl":"0.204","blk":"0.324","tov":"0.480","pf":"2.347","pts":"8.426"}]