[{"game_id":1026,"team_name":"CHO","player_id":"{\"martica02\"}","player_name":"{\"Caleb Martin\"}","ts_pct":"0.375","efg_pct":"0.232","three_par":"0.462","ftr":"0.313","orb_pct":"1.271","drb_pct":"16.800","trb_pct":"9.292","ast_pct":"14.288","stl_pct":"1.572","blk_pct":"1.742","tov_pct":"4.156","usg_pct":"10.885","ortg":"112.424","drtg":"113.518","bpm":"-2.548"},{"game_id":1026,"team_name":"CHO","player_id":"{\"roziete01\"}","player_name":"{\"Terry Rozier\"}","ts_pct":"0.524","efg_pct":"0.499","three_par":"0.454","ftr":"0.177","orb_pct":"4.238","drb_pct":"9.698","trb_pct":"7.039","ast_pct":"22.800","stl_pct":"1.368","blk_pct":"0.564","tov_pct":"6.014","usg_pct":"26.786","ortg":"113.576","drtg":"116.306","bpm":"0.780"},{"game_id":1026,"team_name":"CHO","player_id":"{\"washipj01\"}","player_name":"{\"P.J. Washington\"}","ts_pct":"0.650","efg_pct":"0.652","three_par":"0.442","ftr":"0.136","orb_pct":"3.501","drb_pct":"17.279","trb_pct":"10.509","ast_pct":"9.089","stl_pct":"1.660","blk_pct":"2.295","tov_pct":"11.582","usg_pct":"20.671","ortg":"115.412","drtg":"112.800","bpm":"1.233"},{"game_id":1026,"team_name":"CHO","player_id":"{\"grahade01\"}","player_name":"{\"Devonte' Graham\"}","ts_pct":"0.549","efg_pct":"0.502","three_par":"0.763","ftr":"0.306","orb_pct":"0.795","drb_pct":"8.894","trb_pct":"4.634","ast_pct":"31.895","stl_pct":"0.545","blk_pct":"0.838","tov_pct":"12.106","usg_pct":"24.515","ortg":"111.835","drtg":"122.329","bpm":"-0.791"},{"game_id":1026,"team_name":"CHO","player_id":"{\"ballla01\"}","player_name":"{\"LaMelo Ball\"}","ts_pct":"0.481","efg_pct":"0.448","three_par":"0.291","ftr":"0.330","orb_pct":"1.715","drb_pct":"16.941","trb_pct":"9.181","ast_pct":"32.166","stl_pct":"3.000","blk_pct":"0.941","tov_pct":"15.420","usg_pct":"30.382","ortg":"96.529","drtg":"112.224","bpm":"-2.196"},{"game_id":1026,"team_name":"CHO","player_id":"{\"zelleco01\"}","player_name":"{\"Cody Zeller\"}","ts_pct":"0.618","efg_pct":"0.562","three_par":"0.055","ftr":"0.819","orb_pct":"9.919","drb_pct":"23.535","trb_pct":"16.671","ast_pct":"8.851","stl_pct":"0.671","blk_pct":"1.824","tov_pct":"13.094","usg_pct":"24.574","ortg":"114.612","drtg":"113.624","bpm":"-4.326"},{"game_id":1026,"team_name":"CHO","player_id":"benchCHO","player_name":"Bench of CHO","ts_pct":"0.508","efg_pct":"0.521","three_par":"0.332","ftr":"0.233","orb_pct":"6.948","drb_pct":"13.703","trb_pct":"10.337","ast_pct":"12.161","stl_pct":"1.021","blk_pct":"3.090","tov_pct":"14.445","usg_pct":"15.909","ortg":"106.007","drtg":"113.446","bpm":"-3.335"},{"game_id":1026,"team_name":"DEN","player_id":"{\"cancavl01\"}","player_name":"{\"Vlatko Čančar\"}","ts_pct":"0.508","efg_pct":"0.486","three_par":"0.516","ftr":"0.173","orb_pct":"8.344","drb_pct":"12.612","trb_pct":"10.954","ast_pct":"6.999","stl_pct":"0.826","blk_pct":"0.000","tov_pct":"7.253","usg_pct":"16.426","ortg":"107.459","drtg":"115.506","bpm":"-2.336"},{"game_id":1026,"team_name":"DEN","player_id":"{\"campafa01\"}","player_name":"{\"Facundo Campazzo\"}","ts_pct":"0.601","efg_pct":"0.518","three_par":"0.646","ftr":"0.551","orb_pct":"1.322","drb_pct":"13.891","trb_pct":"7.442","ast_pct":"24.992","stl_pct":"3.494","blk_pct":"0.940","tov_pct":"14.362","usg_pct":"14.352","ortg":"127.388","drtg":"109.706","bpm":"3.668"},{"game_id":1026,"team_name":"DEN","player_id":"{\"portemi01\"}","player_name":"{\"Michael Porter Jr.\"}","ts_pct":"0.704","efg_pct":"0.685","three_par":"0.486","ftr":"0.148","orb_pct":"1.839","drb_pct":"18.626","trb_pct":"10.055","ast_pct":"10.108","stl_pct":"1.207","blk_pct":"1.954","tov_pct":"8.396","usg_pct":"24.660","ortg":"127.494","drtg":"113.706","bpm":"6.391"},{"game_id":1026,"team_name":"DEN","player_id":"{\"jokicni01\"}","player_name":"{\"Nikola Jokić\"}","ts_pct":"0.688","efg_pct":"0.619","three_par":"0.197","ftr":"0.473","orb_pct":"7.285","drb_pct":"27.767","trb_pct":"17.489","ast_pct":"37.682","stl_pct":"1.525","blk_pct":"2.762","tov_pct":"14.781","usg_pct":"31.655","ortg":"129.541","drtg":"110.518","bpm":"11.520"},{"game_id":1026,"team_name":"DEN","player_id":"{\"riverau01\"}","player_name":"{\"Austin Rivers\"}","ts_pct":"0.525","efg_pct":"0.516","three_par":"0.659","ftr":"0.194","orb_pct":"0.000","drb_pct":"11.042","trb_pct":"4.949","ast_pct":"14.495","stl_pct":"2.742","blk_pct":"0.456","tov_pct":"10.514","usg_pct":"14.756","ortg":"106.788","drtg":"113.094","bpm":"0.693"},{"game_id":1026,"team_name":"DEN","player_id":"{\"howarma02\"}","player_name":"{\"Markus Howard\"}","ts_pct":"0.353","efg_pct":"0.324","three_par":"0.570","ftr":"0.155","orb_pct":"1.269","drb_pct":"11.093","trb_pct":"6.294","ast_pct":"10.282","stl_pct":"0.000","blk_pct":"0.000","tov_pct":"22.364","usg_pct":"29.111","ortg":"83.153","drtg":"115.706","bpm":"-14.996"},{"game_id":1026,"team_name":"DEN","player_id":"benchDEN","player_name":"Bench of DEN","ts_pct":"0.486","efg_pct":"0.458","three_par":"0.326","ftr":"0.197","orb_pct":"6.114","drb_pct":"15.292","trb_pct":"10.572","ast_pct":"11.156","stl_pct":"1.529","blk_pct":"3.064","tov_pct":"9.363","usg_pct":"17.497","ortg":"107.760","drtg":"111.877","bpm":"-1.743"}]