[{"game_id":1108,"team_name":"DAL","player_id":"{\"hardati02\"}","player_name":"{\"Tim Hardaway Jr.\"}","fg":"7.212","fga":"13.247","fg_pct":"0.544","three_p":"4.094","three_pa":"8.306","three_p_pct":"0.493","ft":"2.659","fta":"3.424","ft_pct":"0.777","orb":"0.506","drb":"2.071","trb":"2.576","ast":"2.847","stl":"0.565","blk":"0.176","tov":"1.224","pf":"1.353","pts":"21.176"},{"game_id":1108,"team_name":"DAL","player_id":"{\"doncilu01\"}","player_name":"{\"Luka Dončić\"}","fg":"9.012","fga":"19.894","fg_pct":"0.453","three_p":"3.188","three_pa":"9.106","three_p_pct":"0.350","ft":"3.859","fta":"5.776","ft_pct":"0.668","orb":"0.718","drb":"7.165","trb":"7.882","ast":"7.341","stl":"0.835","blk":"0.624","tov":"4.000","pf":"2.176","pts":"25.071"},{"game_id":1108,"team_name":"DAL","player_id":"{\"finnedo01\"}","player_name":"{\"Dorian Finney-Smith\"}","fg":"4.035","fga":"7.471","fg_pct":"0.540","three_p":"2.024","three_pa":"4.494","three_p_pct":"0.450","ft":"0.235","fta":"0.471","ft_pct":"0.499","orb":"0.906","drb":"3.482","trb":"4.388","ast":"2.118","stl":"0.388","blk":"0.365","tov":"1.176","pf":"2.447","pts":"10.329"},{"game_id":1108,"team_name":"DAL","player_id":"{\"klebima01\"}","player_name":"{\"Maxi Kleber\"}","fg":"2.612","fga":"5.306","fg_pct":"0.492","three_p":"1.635","three_pa":"3.706","three_p_pct":"0.441","ft":"0.765","fta":"1.059","ft_pct":"0.722","orb":"1.412","drb":"3.600","trb":"5.012","ast":"2.165","stl":"0.047","blk":"0.294","tov":"0.153","pf":"1.694","pts":"7.624"},{"game_id":1108,"team_name":"DAL","player_id":"{\"porzikr01\"}","player_name":"{\"Kristaps Porziņģis\"}","fg":"6.306","fga":"13.306","fg_pct":"0.474","three_p":"2.153","three_pa":"4.588","three_p_pct":"0.469","ft":"2.635","fta":"3.082","ft_pct":"0.855","orb":"1.082","drb":"4.612","trb":"5.694","ast":"1.200","stl":"0.906","blk":"0.671","tov":"0.282","pf":"2.718","pts":"17.400"},{"game_id":1108,"team_name":"DAL","player_id":"{\"poweldw01\"}","player_name":"{\"Dwight Powell\"}","fg":"2.082","fga":"2.871","fg_pct":"0.725","three_p":"0.000","three_pa":"0.000","three_p_pct":"NaN","ft":"1.482","fta":"1.706","ft_pct":"0.869","orb":"1.624","drb":"3.365","trb":"4.988","ast":"2.612","stl":"0.541","blk":"0.929","tov":"0.753","pf":"2.200","pts":"5.647"},{"game_id":1108,"team_name":"DAL","player_id":"benchDAL","player_name":"Bench of DAL","fg":"3.611","fga":"6.756","fg_pct":"0.534","three_p":"0.887","three_pa":"1.922","three_p_pct":"0.461","ft":"1.323","fta":"1.501","ft_pct":"0.881","orb":"0.589","drb":"2.239","trb":"2.828","ast":"2.068","stl":"0.655","blk":"0.274","tov":"0.914","pf":"1.795","pts":"9.433"},{"game_id":1108,"team_name":"LAC","player_id":"{\"beverpa01\"}","player_name":"{\"Patrick Beverley\"}","fg":"1.965","fga":"4.976","fg_pct":"0.395","three_p":"0.847","three_pa":"2.894","three_p_pct":"0.293","ft":"0.388","fta":"0.518","ft_pct":"0.749","orb":"0.212","drb":"1.059","trb":"1.271","ast":"1.812","stl":"0.471","blk":"0.800","tov":"0.753","pf":"2.188","pts":"5.165"},{"game_id":1108,"team_name":"LAC","player_id":"{\"leonaka01\"}","player_name":"{\"Kawhi Leonard\"}","fg":"7.706","fga":"15.188","fg_pct":"0.507","three_p":"2.106","three_pa":"5.082","three_p_pct":"0.414","ft":"5.871","fta":"6.576","ft_pct":"0.893","orb":"0.824","drb":"5.376","trb":"6.200","ast":"5.635","stl":"1.388","blk":"0.153","tov":"1.976","pf":"1.365","pts":"23.388"},{"game_id":1108,"team_name":"LAC","player_id":"{\"georgpa01\"}","player_name":"{\"Paul George\"}","fg":"7.741","fga":"17.929","fg_pct":"0.432","three_p":"2.412","three_pa":"8.318","three_p_pct":"0.290","ft":"3.388","fta":"4.129","ft_pct":"0.821","orb":"0.741","drb":"7.176","trb":"7.918","ast":"4.612","stl":"0.788","blk":"0.247","tov":"3.153","pf":"3.059","pts":"21.282"},{"game_id":1108,"team_name":"LAC","player_id":"{\"jacksre01\"}","player_name":"{\"Reggie Jackson\"}","fg":"3.882","fga":"9.388","fg_pct":"0.414","three_p":"2.318","three_pa":"6.271","three_p_pct":"0.370","ft":"0.718","fta":"0.718","ft_pct":"1.000","orb":"0.212","drb":"2.176","trb":"2.388","ast":"2.047","stl":"0.753","blk":"0.259","tov":"1.012","pf":"1.059","pts":"10.800"},{"game_id":1108,"team_name":"LAC","player_id":"{\"morrima03\"}","player_name":"{\"Marcus Morris\"}","fg":"3.647","fga":"8.082","fg_pct":"0.451","three_p":"1.565","three_pa":"4.165","three_p_pct":"0.376","ft":"1.494","fta":"2.118","ft_pct":"0.705","orb":"0.859","drb":"2.176","trb":"3.035","ast":"0.729","stl":"0.224","blk":"0.482","tov":"1.424","pf":"2.153","pts":"10.353"},{"game_id":1108,"team_name":"LAC","player_id":"{\"batumni01\"}","player_name":"{\"Nicolas Batum\"}","fg":"2.906","fga":"5.412","fg_pct":"0.537","three_p":"1.647","three_pa":"3.776","three_p_pct":"0.436","ft":"0.447","fta":"0.647","ft_pct":"0.691","orb":"0.659","drb":"3.376","trb":"4.035","ast":"1.459","stl":"0.682","blk":"0.435","tov":"0.259","pf":"1.118","pts":"7.906"},{"game_id":1108,"team_name":"LAC","player_id":"benchLAC","player_name":"Bench of LAC","fg":"2.492","fga":"4.610","fg_pct":"0.541","three_p":"0.679","three_pa":"1.513","three_p_pct":"0.449","ft":"1.263","fta":"1.468","ft_pct":"0.860","orb":"0.779","drb":"2.351","trb":"3.130","ast":"2.287","stl":"0.416","blk":"0.231","tov":"0.923","pf":"1.517","pts":"6.926"}]