[{"game_id":1022,"team_name":"MEM","player_id":"{\"tillmxa01\"}","player_name":"{\"Xavier Tillman Sr.\"}","fg":"3.200","fga":"5.447","fg_pct":"0.587","three_p":"0.553","three_pa":"1.318","three_p_pct":"0.420","ft":"0.224","fta":"0.576","ft_pct":"0.389","orb":"1.588","drb":"3.988","trb":"5.576","ast":"1.482","stl":"0.706","blk":"0.506","tov":"0.647","pf":"1.788","pts":"7.176"},{"game_id":1022,"team_name":"MEM","player_id":"{\"moranja01\"}","player_name":"{\"Ja Morant\"}","fg":"6.565","fga":"14.753","fg_pct":"0.445","three_p":"1.388","three_pa":"3.976","three_p_pct":"0.349","ft":"4.882","fta":"6.365","ft_pct":"0.767","orb":"0.824","drb":"3.941","trb":"4.765","ast":"6.800","stl":"1.012","blk":"0.459","tov":"3.694","pf":"0.859","pts":"19.400"},{"game_id":1022,"team_name":"MEM","player_id":"{\"brookdi01\"}","player_name":"{\"Dillon Brooks\"}","fg":"5.976","fga":"14.553","fg_pct":"0.411","three_p":"2.188","three_pa":"5.906","three_p_pct":"0.370","ft":"2.953","fta":"3.882","ft_pct":"0.761","orb":"0.494","drb":"1.976","trb":"2.471","ast":"1.918","stl":"0.882","blk":"0.188","tov":"1.635","pf":"4.012","pts":"17.094"},{"game_id":1022,"team_name":"MEM","player_id":"{\"anderky01\"}","player_name":"{\"Kyle Anderson\"}","fg":"4.647","fga":"9.941","fg_pct":"0.467","three_p":"1.812","three_pa":"4.341","three_p_pct":"0.417","ft":"2.412","fta":"3.165","ft_pct":"0.762","orb":"0.718","drb":"4.094","trb":"4.812","ast":"3.435","stl":"1.035","blk":"0.447","tov":"1.424","pf":"1.682","pts":"13.518"},{"game_id":1022,"team_name":"MEM","player_id":"{\"valanjo01\"}","player_name":"{\"Jonas Valančiūnas\"}","fg":"6.576","fga":"10.824","fg_pct":"0.608","three_p":"0.353","three_pa":"0.871","three_p_pct":"0.405","ft":"1.388","fta":"2.141","ft_pct":"0.648","orb":"4.118","drb":"8.659","trb":"12.776","ast":"1.612","stl":"0.800","blk":"1.788","tov":"1.482","pf":"3.212","pts":"14.894"},{"game_id":1022,"team_name":"MEM","player_id":"{\"jacksja02\"}","player_name":"{\"Jaren Jackson Jr.\"}","fg":"5.106","fga":"12.106","fg_pct":"0.422","three_p":"1.729","three_pa":"5.953","three_p_pct":"0.290","ft":"3.835","fta":"4.553","ft_pct":"0.842","orb":"1.118","drb":"3.671","trb":"4.788","ast":"0.894","stl":"1.259","blk":"1.176","tov":"1.282","pf":"3.624","pts":"15.776"},{"game_id":1022,"team_name":"MEM","player_id":"benchMEM","player_name":"Bench of MEM","fg":"2.404","fga":"5.624","fg_pct":"0.427","three_p":"0.867","three_pa":"2.757","three_p_pct":"0.314","ft":"0.527","fta":"0.681","ft_pct":"0.774","orb":"0.884","drb":"2.531","trb":"3.415","ast":"1.790","stl":"0.462","blk":"0.489","tov":"0.828","pf":"0.995","pts":"6.201"},{"game_id":1022,"team_name":"NOP","player_id":"{\"iwundwe01\"}","player_name":"{\"Wes Iwundu\"}","fg":"0.541","fga":"1.953","fg_pct":"0.277","three_p":"0.047","three_pa":"0.565","three_p_pct":"0.083","ft":"0.565","fta":"0.706","ft_pct":"0.800","orb":"0.412","drb":"1.800","trb":"2.212","ast":"0.518","stl":"0.247","blk":"0.047","tov":"0.494","pf":"1.176","pts":"1.694"},{"game_id":1022,"team_name":"NOP","player_id":"{\"balllo01\"}","player_name":"{\"Lonzo Ball\"}","fg":"6.188","fga":"16.588","fg_pct":"0.373","three_p":"4.035","three_pa":"11.012","three_p_pct":"0.366","ft":"1.400","fta":"1.859","ft_pct":"0.753","orb":"0.671","drb":"6.412","trb":"7.082","ast":"6.494","stl":"1.835","blk":"0.306","tov":"3.529","pf":"1.306","pts":"17.812"},{"game_id":1022,"team_name":"NOP","player_id":"{\"marshna01\"}","player_name":"{\"Naji Marshall\"}","fg":"3.059","fga":"7.800","fg_pct":"0.392","three_p":"1.071","three_pa":"3.435","three_p_pct":"0.312","ft":"0.976","fta":"1.224","ft_pct":"0.797","orb":"0.376","drb":"4.506","trb":"4.882","ast":"2.847","stl":"0.871","blk":"0.329","tov":"1.071","pf":"1.800","pts":"8.165"},{"game_id":1022,"team_name":"NOP","player_id":"{\"bledser01\"}","player_name":"{\"Eric Bledsoe\"}","fg":"5.600","fga":"12.071","fg_pct":"0.464","three_p":"1.659","three_pa":"5.482","three_p_pct":"0.303","ft":"2.541","fta":"4.353","ft_pct":"0.584","orb":"0.529","drb":"3.424","trb":"3.953","ast":"4.718","stl":"1.329","blk":"0.318","tov":"1.329","pf":"0.718","pts":"15.400"},{"game_id":1022,"team_name":"NOP","player_id":"{\"johnsja01\"}","player_name":"{\"James Johnson\"}","fg":"3.706","fga":"8.306","fg_pct":"0.446","three_p":"0.541","three_pa":"2.635","three_p_pct":"0.205","ft":"0.765","fta":"1.741","ft_pct":"0.439","orb":"1.094","drb":"3.435","trb":"4.529","ast":"0.918","stl":"0.929","blk":"0.765","tov":"1.106","pf":"2.847","pts":"8.718"},{"game_id":1022,"team_name":"NOP","player_id":"{\"hernawi01\"}","player_name":"{\"Willy Hernangómez\"}","fg":"4.035","fga":"6.671","fg_pct":"0.605","three_p":"0.000","three_pa":"0.165","three_p_pct":"0.000","ft":"1.976","fta":"2.518","ft_pct":"0.785","orb":"2.965","drb":"6.271","trb":"9.235","ast":"1.200","stl":"1.165","blk":"0.529","tov":"1.412","pf":"2.200","pts":"10.047"},{"game_id":1022,"team_name":"NOP","player_id":"benchNOP","player_name":"Bench of NOP","fg":"3.525","fga":"7.700","fg_pct":"0.458","three_p":"1.032","three_pa":"2.814","three_p_pct":"0.367","ft":"1.157","fta":"1.644","ft_pct":"0.704","orb":"1.103","drb":"2.705","trb":"3.809","ast":"1.310","stl":"0.829","blk":"0.926","tov":"1.064","pf":"2.164","pts":"9.239"}]