[{"game_id":114,"team_name":"PHO","player_id":"{\"gallola01\"}","player_name":"{\"Langston Galloway\"}","fg":"1.929","fga":"4.165","fg_pct":"0.463","three_p":"1.059","three_pa":"2.424","three_p_pct":"0.437","ft":"0.671","fta":"0.671","ft_pct":"1.000","orb":"0.271","drb":"0.671","trb":"0.941","ast":"0.788","stl":"0.224","blk":"0.047","tov":"0.153","pf":"0.188","pts":"5.588"},{"game_id":114,"team_name":"PHO","player_id":"{\"crowdja01\"}","player_name":"{\"Jae Crowder\"}","fg":"3.318","fga":"8.424","fg_pct":"0.394","three_p":"2.059","three_pa":"6.388","three_p_pct":"0.322","ft":"1.341","fta":"1.565","ft_pct":"0.857","orb":"0.518","drb":"3.824","trb":"4.341","ast":"2.176","stl":"0.588","blk":"0.176","tov":"0.635","pf":"2.882","pts":"10.035"},{"game_id":114,"team_name":"PHO","player_id":"{\"bookede01\"}","player_name":"{\"Devin Booker\"}","fg":"8.282","fga":"16.494","fg_pct":"0.502","three_p":"1.753","three_pa":"5.235","three_p_pct":"0.335","ft":"4.776","fta":"5.941","ft_pct":"0.804","orb":"0.376","drb":"4.247","trb":"4.624","ast":"4.776","stl":"0.765","blk":"0.329","tov":"4.494","pf":"2.776","pts":"23.094"},{"game_id":114,"team_name":"PHO","player_id":"{\"paulch01\"}","player_name":"{\"Chris Paul\"}","fg":"5.165","fga":"11.835","fg_pct":"0.436","three_p":"1.294","three_pa":"3.447","three_p_pct":"0.375","ft":"3.435","fta":"3.576","ft_pct":"0.961","orb":"0.765","drb":"4.765","trb":"5.529","ast":"7.835","stl":"0.824","blk":"0.435","tov":"2.282","pf":"2.365","pts":"15.059"},{"game_id":114,"team_name":"PHO","player_id":"{\"aytonde01\"}","player_name":"{\"Deandre Ayton\"}","fg":"5.800","fga":"10.141","fg_pct":"0.572","three_p":"0.106","three_pa":"0.541","three_p_pct":"0.196","ft":"1.918","fta":"2.576","ft_pct":"0.745","orb":"3.047","drb":"7.306","trb":"10.353","ast":"1.859","stl":"0.506","blk":"0.988","tov":"1.353","pf":"2.906","pts":"13.624"},{"game_id":114,"team_name":"PHO","player_id":"{\"bridgmi01\"}","player_name":"{\"Mikal Bridges\"}","fg":"4.882","fga":"9.671","fg_pct":"0.505","three_p":"2.753","three_pa":"5.753","three_p_pct":"0.479","ft":"2.035","fta":"2.235","ft_pct":"0.911","orb":"0.824","drb":"4.424","trb":"5.247","ast":"1.106","stl":"0.753","blk":"1.318","tov":"0.365","pf":"1.859","pts":"14.553"},{"game_id":114,"team_name":"PHO","player_id":"benchPHO","player_name":"Bench of PHO","fg":"3.406","fga":"6.890","fg_pct":"0.494","three_p":"1.460","three_pa":"3.645","three_p_pct":"0.401","ft":"1.009","fta":"1.148","ft_pct":"0.879","orb":"0.500","drb":"2.835","trb":"3.335","ast":"1.727","stl":"0.541","blk":"0.233","tov":"0.900","pf":"1.754","pts":"9.280"},{"game_id":114,"team_name":"TOR","player_id":"{\"vanvlfr01\"}","player_name":"{\"Fred VanVleet\"}","fg":"7.906","fga":"18.341","fg_pct":"0.431","three_p":"3.847","three_pa":"9.929","three_p_pct":"0.387","ft":"2.376","fta":"2.776","ft_pct":"0.856","orb":"0.824","drb":"4.765","trb":"5.588","ast":"5.576","stl":"1.447","blk":"0.812","tov":"1.541","pf":"2.094","pts":"22.035"},{"game_id":114,"team_name":"TOR","player_id":"{\"lowryky01\"}","player_name":"{\"Kyle Lowry\"}","fg":"5.776","fga":"14.153","fg_pct":"0.408","three_p":"2.788","three_pa":"7.753","three_p_pct":"0.360","ft":"4.741","fta":"5.365","ft_pct":"0.884","orb":"0.729","drb":"4.518","trb":"5.247","ast":"6.847","stl":"1.341","blk":"0.165","tov":"2.929","pf":"3.918","pts":"19.082"},{"game_id":114,"team_name":"TOR","player_id":"{\"siakapa01\"}","player_name":"{\"Pascal Siakam\"}","fg":"6.329","fga":"15.753","fg_pct":"0.402","three_p":"1.306","three_pa":"5.424","three_p_pct":"0.241","ft":"2.424","fta":"3.047","ft_pct":"0.796","orb":"1.424","drb":"6.188","trb":"7.612","ast":"3.306","stl":"0.729","blk":"0.541","tov":"2.800","pf":"4.447","pts":"16.388"},{"game_id":114,"team_name":"TOR","player_id":"{\"anunoog01\"}","player_name":"{\"OG Anunoby\"}","fg":"3.565","fga":"8.941","fg_pct":"0.399","three_p":"1.412","three_pa":"5.329","three_p_pct":"0.265","ft":"2.376","fta":"3.424","ft_pct":"0.694","orb":"1.776","drb":"4.259","trb":"6.035","ast":"1.659","stl":"1.553","blk":"0.565","tov":"1.624","pf":"3.118","pts":"10.918"},{"game_id":114,"team_name":"TOR","player_id":"{\"flynnma01\"}","player_name":"{\"Malachi Flynn\"}","fg":"0.000","fga":"2.806","fg_pct":"0.000","three_p":"0.000","three_pa":"2.083","three_p_pct":"0.000","ft":"0.000","fta":"0.000","ft_pct":"NaN","orb":"0.000","drb":"0.000","trb":"0.000","ast":"0.361","stl":"0.361","blk":"0.000","tov":"0.000","pf":"0.361","pts":"0.000"},{"game_id":114,"team_name":"TOR","player_id":"{\"powelno01\"}","player_name":"{\"Norman Powell\"}","fg":"3.200","fga":"9.000","fg_pct":"0.356","three_p":"1.682","three_pa":"4.412","three_p_pct":"0.381","ft":"1.965","fta":"2.435","ft_pct":"0.807","orb":"0.153","drb":"1.412","trb":"1.565","ast":"0.694","stl":"1.024","blk":"0.400","tov":"1.165","pf":"2.247","pts":"10.047"},{"game_id":114,"team_name":"TOR","player_id":"benchTOR","player_name":"Bench of TOR","fg":"2.064","fga":"4.567","fg_pct":"0.452","three_p":"0.628","three_pa":"1.755","three_p_pct":"0.358","ft":"0.865","fta":"1.226","ft_pct":"0.706","orb":"0.991","drb":"2.517","trb":"3.508","ast":"0.616","stl":"0.458","blk":"0.624","tov":"0.791","pf":"1.765","pts":"5.622"}]