[{"game_id":1064,"team_name":"SAS","player_id":"{\"vassede01\"}","player_name":"{\"Devin Vassell\"}","ts_pct":"0.560","efg_pct":"0.517","three_par":"0.509","ftr":"0.185","orb_pct":"1.524","drb_pct":"18.435","trb_pct":"9.822","ast_pct":"3.228","stl_pct":"0.840","blk_pct":"0.461","tov_pct":"3.619","usg_pct":"14.709","ortg":"111.553","drtg":"119.565","bpm":"-3.539"},{"game_id":1064,"team_name":"SAS","player_id":"{\"bateske01\"}","player_name":"{\"Keita Bates-Diop\"}","ts_pct":"0.373","efg_pct":"0.339","three_par":"0.136","ftr":"0.378","orb_pct":"2.178","drb_pct":"19.995","trb_pct":"11.255","ast_pct":"3.935","stl_pct":"0.955","blk_pct":"5.868","tov_pct":"20.880","usg_pct":"13.311","ortg":"71.153","drtg":"115.235","bpm":"-1.860"},{"game_id":1064,"team_name":"SAS","player_id":"{\"jonestr01\"}","player_name":"{\"Tre Jones\"}","ts_pct":"0.445","efg_pct":"0.347","three_par":"0.115","ftr":"0.412","orb_pct":"3.952","drb_pct":"2.487","trb_pct":"3.449","ast_pct":"12.879","stl_pct":"1.451","blk_pct":"0.000","tov_pct":"2.982","usg_pct":"12.936","ortg":"128.765","drtg":"121.753","bpm":"-2.655"},{"game_id":1064,"team_name":"SAS","player_id":"{\"weathqu01\"}","player_name":"{\"Quinndary Weatherspoon\"}","ts_pct":"0.472","efg_pct":"0.209","three_par":"0.200","ftr":"0.853","orb_pct":"3.611","drb_pct":"1.440","trb_pct":"2.601","ast_pct":"5.779","stl_pct":"4.099","blk_pct":"1.518","tov_pct":"12.353","usg_pct":"16.778","ortg":"84.776","drtg":"108.800","bpm":"-3.255"},{"game_id":1064,"team_name":"SAS","player_id":"{\"johnske04\"}","player_name":"{\"Keldon Johnson\"}","ts_pct":"0.534","efg_pct":"0.488","three_par":"0.220","ftr":"0.327","orb_pct":"4.600","drb_pct":"10.594","trb_pct":"7.620","ast_pct":"8.444","stl_pct":"0.853","blk_pct":"0.000","tov_pct":"7.828","usg_pct":"19.201","ortg":"108.400","drtg":"121.894","bpm":"-3.988"},{"game_id":1064,"team_name":"SAS","player_id":"{\"dienggo01\"}","player_name":"{\"Gorgui Dieng\"}","ts_pct":"0.523","efg_pct":"0.409","three_par":"0.293","ftr":"0.235","orb_pct":"7.485","drb_pct":"15.521","trb_pct":"11.358","ast_pct":"18.731","stl_pct":"3.089","blk_pct":"0.000","tov_pct":"15.532","usg_pct":"19.542","ortg":"102.082","drtg":"119.318","bpm":"-1.208"},{"game_id":1064,"team_name":"SAS","player_id":"benchSAS","player_name":"Bench of SAS","ts_pct":"0.513","efg_pct":"0.478","three_par":"0.417","ftr":"0.161","orb_pct":"5.457","drb_pct":"14.106","trb_pct":"9.509","ast_pct":"8.344","stl_pct":"0.685","blk_pct":"1.535","tov_pct":"9.022","usg_pct":"17.500","ortg":"106.436","drtg":"121.043","bpm":"-2.968"},{"game_id":1064,"team_name":"PHO","player_id":"{\"alexaty01\"}","player_name":"{\"Ty-Shon Alexander\"}","ts_pct":"0.097","efg_pct":"0.118","three_par":"0.424","ftr":"0.094","orb_pct":"1.402","drb_pct":"21.267","trb_pct":"11.031","ast_pct":"18.851","stl_pct":"0.000","blk_pct":"1.308","tov_pct":"9.016","usg_pct":"9.451","ortg":"81.224","drtg":"117.565","bpm":"-4.176"},{"game_id":1064,"team_name":"PHO","player_id":"{\"bookede01\"}","player_name":"{\"Devin Booker\"}","ts_pct":"0.572","efg_pct":"0.475","three_par":"0.236","ftr":"0.459","orb_pct":"3.039","drb_pct":"13.689","trb_pct":"8.334","ast_pct":"16.533","stl_pct":"0.526","blk_pct":"0.000","tov_pct":"10.426","usg_pct":"32.320","ortg":"112.176","drtg":"125.694","bpm":"-2.978"},{"game_id":1064,"team_name":"PHO","player_id":"{\"bridgmi01\"}","player_name":"{\"Mikal Bridges\"}","ts_pct":"0.757","efg_pct":"0.732","three_par":"0.489","ftr":"0.249","orb_pct":"2.288","drb_pct":"11.959","trb_pct":"6.885","ast_pct":"7.220","stl_pct":"2.120","blk_pct":"3.113","tov_pct":"8.641","usg_pct":"14.718","ortg":"141.588","drtg":"121.153","bpm":"5.161"},{"game_id":1064,"team_name":"PHO","player_id":"{\"paulch01\"}","player_name":"{\"Chris Paul\"}","ts_pct":"0.649","efg_pct":"0.613","three_par":"0.252","ftr":"0.199","orb_pct":"0.455","drb_pct":"11.391","trb_pct":"6.182","ast_pct":"49.121","stl_pct":"2.216","blk_pct":"1.831","tov_pct":"13.436","usg_pct":"25.654","ortg":"133.624","drtg":"120.835","bpm":"6.700"},{"game_id":1064,"team_name":"PHO","player_id":"{\"kaminfr01\"}","player_name":"{\"Frank Kaminsky\"}","ts_pct":"0.550","efg_pct":"0.548","three_par":"0.327","ftr":"0.333","orb_pct":"9.825","drb_pct":"26.989","trb_pct":"18.702","ast_pct":"10.419","stl_pct":"0.367","blk_pct":"1.204","tov_pct":"4.906","usg_pct":"19.253","ortg":"117.929","drtg":"121.871","bpm":"-3.111"},{"game_id":1064,"team_name":"PHO","player_id":"{\"carteje01\"}","player_name":"{\"Jevon Carter\"}","ts_pct":"0.825","efg_pct":"0.824","three_par":"0.848","ftr":"0.033","orb_pct":"0.501","drb_pct":"6.276","trb_pct":"3.626","ast_pct":"6.369","stl_pct":"1.120","blk_pct":"0.320","tov_pct":"5.900","usg_pct":"11.655","ortg":"149.894","drtg":"124.788","bpm":"-0.302"},{"game_id":1064,"team_name":"PHO","player_id":"benchPHO","player_name":"Bench of PHO","ts_pct":"0.464","efg_pct":"0.444","three_par":"0.505","ftr":"0.236","orb_pct":"3.807","drb_pct":"14.584","trb_pct":"9.162","ast_pct":"8.813","stl_pct":"1.476","blk_pct":"1.738","tov_pct":"10.285","usg_pct":"17.968","ortg":"96.516","drtg":"118.735","bpm":"-3.561"}]