[{"game_id":1260,"team_name":"CLE","player_id":"teamCLE","player_name":"Team name: CLE","ts_pct":"0.504","efg_pct":"0.474","three_par":"0.363","ftr":"0.309","orb_pct":"5.013","drb_pct":"16.792","trb_pct":"11.249","ast_pct":"11.919","stl_pct":"1.591","blk_pct":"1.159","tov_pct":"13.406","usg_pct":"20.294","ortg":"98.084","drtg":"116.765","bpm":"-2.234"},{"game_id":1260,"team_name":"DAL","player_id":"teamDAL","player_name":"Team name: DAL","ts_pct":"0.539","efg_pct":"0.507","three_par":"0.461","ftr":"0.335","orb_pct":"4.563","drb_pct":"15.537","trb_pct":"9.909","ast_pct":"16.048","stl_pct":"1.009","blk_pct":"1.464","tov_pct":"10.932","usg_pct":"19.372","ortg":"109.078","drtg":"113.031","bpm":"-0.621"}]