[{"game_id":1171,"team_name":"MIL","player_id":"teamMIL","player_name":"Team name: MIL","ts_pct":"0.528","efg_pct":"0.505","three_par":"0.439","ftr":"0.185","orb_pct":"6.540","drb_pct":"16.999","trb_pct":"11.864","ast_pct":"11.792","stl_pct":"2.752","blk_pct":"1.202","tov_pct":"8.626","usg_pct":"19.941","ortg":"111.222","drtg":"118.105","bpm":"0.069"},{"game_id":1171,"team_name":"PHO","player_id":"teamPHO","player_name":"Team name: PHO","ts_pct":"0.553","efg_pct":"0.528","three_par":"0.380","ftr":"0.173","orb_pct":"4.230","drb_pct":"15.747","trb_pct":"10.085","ast_pct":"13.172","stl_pct":"0.942","blk_pct":"0.918","tov_pct":"9.765","usg_pct":"18.920","ortg":"112.072","drtg":"119.246","bpm":"0.195"}]