[{"game_id":1235,"team_name":"UTA","player_id":"teamUTA","player_name":"Team name: UTA","fg":"35.686","fga":"83.554","fg_pct":"0.427","three_p":"10.360","three_pa":"32.874","three_p_pct":"0.315","ft":"19.554","fta":"25.023","ft_pct":"0.781","orb":"9.274","drb":"37.840","trb":"47.114","ast":"22.451","stl":"7.846","blk":"4.851","tov":"17.034","pf":"23.863","pts":"101.286"},{"game_id":1235,"team_name":"LAC","player_id":"teamLAC","player_name":"Team name: LAC","fg":"41.251","fga":"86.171","fg_pct":"0.479","three_p":"12.200","three_pa":"31.891","three_p_pct":"0.383","ft":"23.137","fta":"28.714","ft_pct":"0.806","orb":"9.286","drb":"32.023","trb":"41.309","ast":"25.063","stl":"8.131","blk":"4.349","tov":"14.606","pf":"25.560","pts":"117.840"}]