[{"game_id":1019,"team_name":"SAC","player_id":"{\"ramseja01\"}","player_name":"{\"Jahmi'us Ramsey\"}","fg":"0.778","fga":"1.630","fg_pct":"0.477","three_p":"0.198","three_pa":"0.914","three_p_pct":"0.217","ft":"0.000","fta":"0.000","ft_pct":"NaN","orb":"0.123","drb":"0.481","trb":"0.605","ast":"0.333","stl":"0.296","blk":"0.086","tov":"0.247","pf":"0.136","pts":"1.753"},{"game_id":1019,"team_name":"SAC","player_id":"{\"guyky01\"}","player_name":"{\"Kyle Guy\"}","fg":"0.765","fga":"2.941","fg_pct":"0.260","three_p":"0.153","three_pa":"1.353","three_p_pct":"0.113","ft":"0.871","fta":"0.871","ft_pct":"1.000","orb":"0.247","drb":"0.541","trb":"0.788","ast":"0.753","stl":"0.000","blk":"0.000","tov":"0.529","pf":"0.400","pts":"2.553"},{"game_id":1019,"team_name":"SAC","player_id":"{\"wrighde01\"}","player_name":"{\"Delon Wright\"}","fg":"5.341","fga":"11.082","fg_pct":"0.482","three_p":"1.294","three_pa":"3.318","three_p_pct":"0.390","ft":"0.965","fta":"1.329","ft_pct":"0.726","orb":"1.741","drb":"3.729","trb":"5.471","ast":"5.318","stl":"2.329","blk":"0.976","tov":"1.941","pf":"1.788","pts":"12.941"},{"game_id":1019,"team_name":"SAC","player_id":"{\"daviste02\"}","player_name":"{\"Terence Davis\"}","fg":"4.518","fga":"9.706","fg_pct":"0.465","three_p":"2.118","three_pa":"5.894","three_p_pct":"0.359","ft":"0.812","fta":"1.024","ft_pct":"0.793","orb":"0.341","drb":"3.471","trb":"3.812","ast":"1.871","stl":"1.024","blk":"0.365","tov":"1.471","pf":"1.835","pts":"11.965"},{"game_id":1019,"team_name":"SAC","player_id":"{\"hieldbu01\"}","player_name":"{\"Buddy Hield\"}","fg":"5.824","fga":"14.365","fg_pct":"0.405","three_p":"4.271","three_pa":"9.647","three_p_pct":"0.443","ft":"1.659","fta":"1.776","ft_pct":"0.934","orb":"0.341","drb":"6.165","trb":"6.506","ast":"5.329","stl":"1.318","blk":"0.635","tov":"2.624","pf":"2.400","pts":"17.576"},{"game_id":1019,"team_name":"SAC","player_id":"{\"metuch01\"}","player_name":"{\"Chimezie Metu\"}","fg":"2.906","fga":"6.247","fg_pct":"0.465","three_p":"0.259","three_pa":"1.200","three_p_pct":"0.216","ft":"1.235","fta":"1.565","ft_pct":"0.789","orb":"0.682","drb":"1.859","trb":"2.541","ast":"0.671","stl":"0.729","blk":"0.365","tov":"1.012","pf":"1.741","pts":"7.306"},{"game_id":1019,"team_name":"SAC","player_id":"benchSAC","player_name":"Bench of SAC","fg":"3.500","fga":"6.525","fg_pct":"0.536","three_p":"0.270","three_pa":"1.238","three_p_pct":"0.218","ft":"1.286","fta":"1.844","ft_pct":"0.697","orb":"0.933","drb":"2.717","trb":"3.650","ast":"1.142","stl":"0.577","blk":"0.491","tov":"0.844","pf":"2.057","pts":"8.556"},{"game_id":1019,"team_name":"OKC","player_id":"{\"deckga01\"}","player_name":"{\"Gabriel Deck\"}","fg":"3.000","fga":"6.270","fg_pct":"0.478","three_p":"0.175","three_pa":"1.381","three_p_pct":"0.127","ft":"1.730","fta":"2.190","ft_pct":"0.790","orb":"1.524","drb":"2.635","trb":"4.159","ast":"2.508","stl":"1.286","blk":"0.000","tov":"0.476","pf":"0.968","pts":"7.905"},{"game_id":1019,"team_name":"OKC","player_id":"{\"bazleda01\"}","player_name":"{\"Darius Bazley\"}","fg":"6.294","fga":"15.482","fg_pct":"0.407","three_p":"1.682","three_pa":"5.482","three_p_pct":"0.307","ft":"3.447","fta":"5.506","ft_pct":"0.626","orb":"1.741","drb":"5.012","trb":"6.753","ast":"2.541","stl":"0.635","blk":"0.082","tov":"2.659","pf":"1.506","pts":"17.718"},{"game_id":1019,"team_name":"OKC","player_id":"{\"pokusal01\"}","player_name":"{\"Aleksej Pokusevski\"}","fg":"2.812","fga":"9.635","fg_pct":"0.292","three_p":"0.635","three_pa":"4.118","three_p_pct":"0.154","ft":"0.706","fta":"0.988","ft_pct":"0.715","orb":"0.753","drb":"3.318","trb":"4.071","ast":"2.565","stl":"0.565","blk":"0.729","tov":"2.082","pf":"1.553","pts":"6.965"},{"game_id":1019,"team_name":"OKC","player_id":"{\"brownmo01\"}","player_name":"{\"Moses Brown\"}","fg":"2.894","fga":"5.847","fg_pct":"0.495","three_p":"0.000","three_pa":"0.000","three_p_pct":"NaN","ft":"0.941","fta":"1.753","ft_pct":"0.537","orb":"4.012","drb":"5.400","trb":"9.412","ast":"0.212","stl":"0.929","blk":"0.471","tov":"1.024","pf":"2.271","pts":"6.729"},{"game_id":1019,"team_name":"OKC","player_id":"{\"maledth01\"}","player_name":"{\"Théo Maledon\"}","fg":"3.647","fga":"10.624","fg_pct":"0.343","three_p":"1.624","three_pa":"5.682","three_p_pct":"0.286","ft":"2.776","fta":"3.365","ft_pct":"0.825","orb":"0.400","drb":"2.106","trb":"2.506","ast":"3.976","stl":"0.682","blk":"0.506","tov":"2.247","pf":"1.329","pts":"11.694"},{"game_id":1019,"team_name":"OKC","player_id":"{\"mykhasv01\"}","player_name":"{\"Svi Mykhailiuk\"}","fg":"3.976","fga":"9.965","fg_pct":"0.399","three_p":"1.706","three_pa":"5.365","three_p_pct":"0.318","ft":"0.482","fta":"0.635","ft_pct":"0.759","orb":"0.188","drb":"2.353","trb":"2.541","ast":"1.718","stl":"0.647","blk":"0.118","tov":"1.847","pf":"1.165","pts":"10.141"},{"game_id":1019,"team_name":"OKC","player_id":"benchOKC","player_name":"Bench of OKC","fg":"1.885","fga":"5.078","fg_pct":"0.371","three_p":"0.260","three_pa":"1.737","three_p_pct":"0.150","ft":"0.952","fta":"1.413","ft_pct":"0.674","orb":"0.801","drb":"2.612","trb":"3.413","ast":"1.148","stl":"0.696","blk":"0.179","tov":"1.092","pf":"1.527","pts":"4.982"}]