[{"game_id":1221,"team_name":"SAC","player_id":"teamSAC","player_name":"Team name: SAC","ts_pct":"0.601","efg_pct":"0.558","three_par":"0.366","ftr":"0.246","orb_pct":"6.770","drb_pct":"18.877","trb_pct":"12.045","ast_pct":"14.902","stl_pct":"2.111","blk_pct":"1.960","tov_pct":"15.330","usg_pct":"23.357","ortg":"125.325","drtg":"140.783","bpm":"-2.573"},{"game_id":1221,"team_name":"DEN","player_id":"teamDEN","player_name":"Team name: DEN","ts_pct":"0.474","efg_pct":"0.421","three_par":"0.309","ftr":"0.377","orb_pct":"5.012","drb_pct":"13.159","trb_pct":"9.029","ast_pct":"12.890","stl_pct":"1.204","blk_pct":"2.004","tov_pct":"8.002","usg_pct":"18.094","ortg":"99.882","drtg":"103.111","bpm":"-0.321"}]