[{"game_id":1092,"team_name":"PHO","player_id":"{\"bookede01\"}","player_name":"{\"Devin Booker\"}","ts_pct":"0.588","efg_pct":"0.494","three_par":"0.271","ftr":"0.437","orb_pct":"2.700","drb_pct":"12.895","trb_pct":"7.795","ast_pct":"17.387","stl_pct":"0.462","blk_pct":"0.000","tov_pct":"10.221","usg_pct":"32.406","ortg":"114.576","drtg":"122.588","bpm":"-1.846"},{"game_id":1092,"team_name":"PHO","player_id":"{\"bridgmi01\"}","player_name":"{\"Mikal Bridges\"}","ts_pct":"0.841","efg_pct":"0.820","three_par":"0.434","ftr":"0.202","orb_pct":"2.389","drb_pct":"12.596","trb_pct":"7.458","ast_pct":"10.364","stl_pct":"2.080","blk_pct":"2.161","tov_pct":"5.789","usg_pct":"16.118","ortg":"161.094","drtg":"118.059","bpm":"9.227"},{"game_id":1092,"team_name":"PHO","player_id":"{\"aytonde01\"}","player_name":"{\"Deandre Ayton\"}","ts_pct":"0.718","efg_pct":"0.688","three_par":"0.000","ftr":"0.302","orb_pct":"12.238","drb_pct":"24.635","trb_pct":"18.745","ast_pct":"7.655","stl_pct":"1.432","blk_pct":"4.148","tov_pct":"9.318","usg_pct":"12.949","ortg":"146.247","drtg":"119.482","bpm":"2.120"},{"game_id":1092,"team_name":"PHO","player_id":"{\"paulch01\"}","player_name":"{\"Chris Paul\"}","ts_pct":"0.661","efg_pct":"0.628","three_par":"0.243","ftr":"0.184","orb_pct":"0.405","drb_pct":"12.453","trb_pct":"6.760","ast_pct":"50.259","stl_pct":"2.225","blk_pct":"1.412","tov_pct":"13.754","usg_pct":"25.131","ortg":"135.518","drtg":"117.471","bpm":"7.133"},{"game_id":1092,"team_name":"PHO","player_id":"{\"craigto01\"}","player_name":"{\"Torrey Craig\"}","ts_pct":"0.589","efg_pct":"0.578","three_par":"0.526","ftr":"0.124","orb_pct":"8.756","drb_pct":"19.374","trb_pct":"14.684","ast_pct":"7.193","stl_pct":"1.205","blk_pct":"2.391","tov_pct":"6.359","usg_pct":"16.089","ortg":"127.765","drtg":"116.776","bpm":"-1.587"},{"game_id":1092,"team_name":"PHO","player_id":"{\"crowdja01\"}","player_name":"{\"Jae Crowder\"}","ts_pct":"0.549","efg_pct":"0.547","three_par":"0.824","ftr":"0.136","orb_pct":"4.642","drb_pct":"13.146","trb_pct":"8.738","ast_pct":"11.493","stl_pct":"1.465","blk_pct":"2.665","tov_pct":"12.998","usg_pct":"16.876","ortg":"106.718","drtg":"115.329","bpm":"-0.373"},{"game_id":1092,"team_name":"PHO","player_id":"benchPHO","player_name":"Bench of PHO","ts_pct":"0.474","efg_pct":"0.441","three_par":"0.491","ftr":"0.184","orb_pct":"2.932","drb_pct":"12.734","trb_pct":"7.794","ast_pct":"12.428","stl_pct":"1.664","blk_pct":"1.068","tov_pct":"7.507","usg_pct":"19.348","ortg":"102.896","drtg":"118.757","bpm":"-2.502"},{"game_id":1092,"team_name":"LAL","player_id":"{\"hortota01\"}","player_name":"{\"Talen Horton-Tucker\"}","ts_pct":"0.641","efg_pct":"0.619","three_par":"0.347","ftr":"0.330","orb_pct":"1.478","drb_pct":"6.672","trb_pct":"3.835","ast_pct":"23.085","stl_pct":"3.412","blk_pct":"0.453","tov_pct":"22.458","usg_pct":"21.820","ortg":"105.082","drtg":"107.565","bpm":"-0.648"},{"game_id":1092,"team_name":"LAL","player_id":"{\"davisan02\"}","player_name":"{\"Anthony Davis\"}","ts_pct":"0.495","efg_pct":"0.437","three_par":"0.177","ftr":"0.366","orb_pct":"3.768","drb_pct":"23.547","trb_pct":"13.144","ast_pct":"15.251","stl_pct":"1.701","blk_pct":"2.665","tov_pct":"8.661","usg_pct":"31.331","ortg":"101.259","drtg":"105.541","bpm":"0.292"},{"game_id":1092,"team_name":"LAL","player_id":"{\"jamesle01\"}","player_name":"{\"LeBron James\"}","ts_pct":"0.608","efg_pct":"0.572","three_par":"0.321","ftr":"0.385","orb_pct":"5.146","drb_pct":"18.341","trb_pct":"12.218","ast_pct":"48.205","stl_pct":"1.653","blk_pct":"1.120","tov_pct":"15.295","usg_pct":"32.047","ortg":"117.800","drtg":"107.647","bpm":"7.034"},{"game_id":1092,"team_name":"LAL","player_id":"{\"caldwke01\"}","player_name":"{\"Kentavious Caldwell-Pope\"}","ts_pct":"0.696","efg_pct":"0.647","three_par":"0.630","ftr":"0.308","orb_pct":"1.671","drb_pct":"8.461","trb_pct":"4.845","ast_pct":"14.359","stl_pct":"2.293","blk_pct":"1.989","tov_pct":"9.947","usg_pct":"12.221","ortg":"135.318","drtg":"108.753","bpm":"2.124"},{"game_id":1092,"team_name":"LAL","player_id":"{\"schrode01\"}","player_name":"{\"Dennis Schröder\"}","ts_pct":"0.508","efg_pct":"0.463","three_par":"0.397","ftr":"0.217","orb_pct":"2.038","drb_pct":"9.778","trb_pct":"5.666","ast_pct":"30.936","stl_pct":"1.628","blk_pct":"0.791","tov_pct":"11.572","usg_pct":"22.047","ortg":"109.106","drtg":"113.118","bpm":"-0.694"},{"game_id":1092,"team_name":"LAL","player_id":"{\"carusal01\"}","player_name":"{\"Alex Caruso\"}","ts_pct":"0.495","efg_pct":"0.477","three_par":"0.337","ftr":"0.265","orb_pct":"3.406","drb_pct":"12.785","trb_pct":"7.859","ast_pct":"27.485","stl_pct":"1.979","blk_pct":"1.598","tov_pct":"21.973","usg_pct":"19.567","ortg":"100.235","drtg":"107.847","bpm":"-1.307"},{"game_id":1092,"team_name":"LAL","player_id":"benchLAL","player_name":"Bench of LAL","ts_pct":"0.591","efg_pct":"0.558","three_par":"0.283","ftr":"0.432","orb_pct":"7.581","drb_pct":"20.986","trb_pct":"14.039","ast_pct":"9.292","stl_pct":"1.500","blk_pct":"2.603","tov_pct":"11.585","usg_pct":"18.998","ortg":"114.585","drtg":"107.884","bpm":"0.604"}]