[{"game_id":1143,"team_name":"DEN","player_id":"{\"greenja01\"}","player_name":"{\"JaMychal Green\"}","fg":"2.318","fga":"4.894","fg_pct":"0.474","three_p":"0.765","three_pa":"2.176","three_p_pct":"0.352","ft":"0.965","fta":"1.082","ft_pct":"0.892","orb":"1.906","drb":"3.812","trb":"5.718","ast":"0.988","stl":"0.224","blk":"0.153","tov":"0.353","pf":"1.271","pts":"6.365"},{"game_id":1143,"team_name":"DEN","player_id":"{\"bartowi01\"}","player_name":"{\"Will Barton\"}","fg":"4.094","fga":"10.000","fg_pct":"0.409","three_p":"1.835","three_pa":"4.835","three_p_pct":"0.380","ft":"1.965","fta":"2.341","ft_pct":"0.839","orb":"0.494","drb":"2.706","trb":"3.200","ast":"3.212","stl":"0.494","blk":"0.247","tov":"1.659","pf":"1.529","pts":"11.988"},{"game_id":1143,"team_name":"DEN","player_id":"{\"portemi01\"}","player_name":"{\"Michael Porter Jr.\"}","fg":"5.906","fga":"12.835","fg_pct":"0.460","three_p":"3.059","three_pa":"7.306","three_p_pct":"0.419","ft":"1.412","fta":"1.788","ft_pct":"0.790","orb":"1.165","drb":"5.047","trb":"6.212","ast":"1.494","stl":"0.859","blk":"0.118","tov":"1.706","pf":"3.188","pts":"16.282"},{"game_id":1143,"team_name":"DEN","player_id":"{\"morrimo01\"}","player_name":"{\"Monte Morris\"}","fg":"4.647","fga":"11.153","fg_pct":"0.417","three_p":"1.647","three_pa":"4.153","three_p_pct":"0.397","ft":"2.106","fta":"2.765","ft_pct":"0.762","orb":"0.835","drb":"1.671","trb":"2.506","ast":"5.318","stl":"1.082","blk":"0.224","tov":"0.494","pf":"0.976","pts":"13.047"},{"game_id":1143,"team_name":"DEN","player_id":"{\"gordoaa01\"}","player_name":"{\"Aaron Gordon\"}","fg":"4.129","fga":"9.600","fg_pct":"0.430","three_p":"0.788","three_pa":"2.388","three_p_pct":"0.330","ft":"1.341","fta":"2.082","ft_pct":"0.644","orb":"2.094","drb":"2.753","trb":"4.847","ast":"1.600","stl":"0.506","blk":"0.282","tov":"1.376","pf":"2.247","pts":"10.388"},{"game_id":1143,"team_name":"DEN","player_id":"{\"jokicni01\"}","player_name":"{\"Nikola Jokić\"}","fg":"11.518","fga":"23.153","fg_pct":"0.497","three_p":"1.847","three_pa":"5.200","three_p_pct":"0.355","ft":"4.647","fta":"5.659","ft_pct":"0.821","orb":"4.000","drb":"7.565","trb":"11.565","ast":"5.435","stl":"0.741","blk":"0.965","tov":"2.647","pf":"2.247","pts":"29.529"},{"game_id":1143,"team_name":"DEN","player_id":"benchDEN","player_name":"Bench of DEN","fg":"1.993","fga":"4.965","fg_pct":"0.401","three_p":"0.923","three_pa":"2.612","three_p_pct":"0.353","ft":"0.969","fta":"1.213","ft_pct":"0.799","orb":"0.542","drb":"2.085","trb":"2.627","ast":"1.860","stl":"0.591","blk":"0.529","tov":"0.899","pf":"2.369","pts":"5.877"},{"game_id":1143,"team_name":"PHO","player_id":"{\"craigto01\"}","player_name":"{\"Torrey Craig\"}","fg":"2.306","fga":"5.353","fg_pct":"0.431","three_p":"0.941","three_pa":"2.424","three_p_pct":"0.388","ft":"0.388","fta":"0.635","ft_pct":"0.611","orb":"1.047","drb":"2.918","trb":"3.965","ast":"0.906","stl":"0.047","blk":"0.753","tov":"0.447","pf":"1.553","pts":"5.941"},{"game_id":1143,"team_name":"PHO","player_id":"{\"bookede01\"}","player_name":"{\"Devin Booker\"}","fg":"9.400","fga":"18.529","fg_pct":"0.507","three_p":"2.506","three_pa":"6.188","three_p_pct":"0.405","ft":"5.565","fta":"6.059","ft_pct":"0.918","orb":"0.482","drb":"5.965","trb":"6.447","ast":"4.647","stl":"0.682","blk":"0.118","tov":"3.529","pf":"2.812","pts":"26.871"},{"game_id":1143,"team_name":"PHO","player_id":"{\"paulch01\"}","player_name":"{\"Chris Paul\"}","fg":"5.600","fga":"11.400","fg_pct":"0.491","three_p":"1.059","three_pa":"2.235","three_p_pct":"0.474","ft":"2.741","fta":"2.965","ft_pct":"0.924","orb":"0.424","drb":"4.012","trb":"4.435","ast":"9.447","stl":"1.165","blk":"0.200","tov":"1.294","pf":"1.635","pts":"15.000"},{"game_id":1143,"team_name":"PHO","player_id":"{\"crowdja01\"}","player_name":"{\"Jae Crowder\"}","fg":"4.094","fga":"8.894","fg_pct":"0.460","three_p":"2.929","three_pa":"6.918","three_p_pct":"0.423","ft":"0.976","fta":"1.153","ft_pct":"0.846","orb":"0.271","drb":"4.141","trb":"4.412","ast":"1.859","stl":"0.788","blk":"0.706","tov":"0.518","pf":"2.671","pts":"12.094"},{"game_id":1143,"team_name":"PHO","player_id":"{\"bridgmi01\"}","player_name":"{\"Mikal Bridges\"}","fg":"4.412","fga":"9.518","fg_pct":"0.464","three_p":"2.141","three_pa":"5.776","three_p_pct":"0.371","ft":"1.376","fta":"1.682","ft_pct":"0.818","orb":"0.765","drb":"2.859","trb":"3.624","ast":"1.541","stl":"1.553","blk":"0.753","tov":"0.600","pf":"1.624","pts":"12.341"},{"game_id":1143,"team_name":"PHO","player_id":"{\"aytonde01\"}","player_name":"{\"Deandre Ayton\"}","fg":"6.212","fga":"8.894","fg_pct":"0.698","three_p":"0.000","three_pa":"0.000","three_p_pct":"NaN","ft":"1.894","fta":"2.671","ft_pct":"0.709","orb":"2.612","drb":"8.012","trb":"10.624","ast":"0.706","stl":"0.400","blk":"0.412","tov":"1.059","pf":"2.059","pts":"14.318"},{"game_id":1143,"team_name":"PHO","player_id":"benchPHO","player_name":"Bench of PHO","fg":"2.703","fga":"6.247","fg_pct":"0.433","three_p":"1.068","three_pa":"2.752","three_p_pct":"0.388","ft":"1.482","fta":"1.621","ft_pct":"0.914","orb":"0.457","drb":"2.285","trb":"2.742","ast":"1.735","stl":"0.919","blk":"0.320","tov":"0.930","pf":"1.542","pts":"7.955"}]