[{"game_id":108,"team_name":"PHI","player_id":"teamPHI","player_name":"Team name: PHI","fg":"38.743","fga":"86.069","fg_pct":"0.450","three_p":"10.783","three_pa":"32.331","three_p_pct":"0.334","ft":"20.617","fta":"26.594","ft_pct":"0.775","orb":"10.011","drb":"37.937","trb":"47.949","ast":"23.514","stl":"8.000","blk":"6.737","tov":"14.434","pf":"20.246","pts":"108.886"},{"game_id":108,"team_name":"WAS","player_id":"teamWAS","player_name":"Team name: WAS","fg":"41.829","fga":"91.429","fg_pct":"0.458","three_p":"11.874","three_pa":"32.497","three_p_pct":"0.365","ft":"19.989","fta":"26.554","ft_pct":"0.753","orb":"10.354","drb":"34.554","trb":"44.909","ast":"26.806","stl":"7.069","blk":"3.891","tov":"14.434","pf":"23.457","pts":"115.520"}]