[{"game_id":1217,"team_name":"MIL","player_id":"{\"antetgi01\"}","player_name":"{\"Giannis Antetokounmpo\"}","ts_pct":"0.562","efg_pct":"0.543","three_par":"0.219","ftr":"0.536","orb_pct":"6.324","drb_pct":"30.760","trb_pct":"18.647","ast_pct":"37.394","stl_pct":"1.932","blk_pct":"5.948","tov_pct":"15.865","usg_pct":"32.041","ortg":"107.859","drtg":"99.635","bpm":"10.142"},{"game_id":1217,"team_name":"MIL","player_id":"{\"middlkh01\"}","player_name":"{\"Khris Middleton\"}","ts_pct":"0.504","efg_pct":"0.467","three_par":"0.490","ftr":"0.218","orb_pct":"2.518","drb_pct":"14.382","trb_pct":"8.600","ast_pct":"17.402","stl_pct":"0.702","blk_pct":"0.480","tov_pct":"10.706","usg_pct":"20.082","ortg":"103.259","drtg":"110.071","bpm":"-1.073"},{"game_id":1217,"team_name":"MIL","player_id":"{\"matthwe02\"}","player_name":"{\"Wesley Matthews\"}","ts_pct":"0.527","efg_pct":"0.511","three_par":"0.683","ftr":"0.076","orb_pct":"0.382","drb_pct":"8.245","trb_pct":"4.116","ast_pct":"8.454","stl_pct":"1.638","blk_pct":"0.847","tov_pct":"14.904","usg_pct":"14.859","ortg":"93.706","drtg":"111.141","bpm":"-2.054"},{"game_id":1217,"team_name":"MIL","player_id":"{\"lopezbr01\"}","player_name":"{\"Brook Lopez\"}","ts_pct":"0.554","efg_pct":"0.477","three_par":"0.554","ftr":"0.334","orb_pct":"2.718","drb_pct":"15.202","trb_pct":"8.965","ast_pct":"8.147","stl_pct":"0.773","blk_pct":"6.534","tov_pct":"6.911","usg_pct":"16.880","ortg":"111.318","drtg":"106.482","bpm":"2.200"},{"game_id":1217,"team_name":"MIL","player_id":"{\"bledser01\"}","player_name":"{\"Eric Bledsoe\"}","ts_pct":"0.431","efg_pct":"0.380","three_par":"0.366","ftr":"0.325","orb_pct":"2.361","drb_pct":"12.600","trb_pct":"7.461","ast_pct":"19.232","stl_pct":"1.038","blk_pct":"0.329","tov_pct":"12.715","usg_pct":"23.140","ortg":"89.047","drtg":"110.365","bpm":"-4.975"},{"game_id":1217,"team_name":"MIL","player_id":"{\"wilsodj01\"}","player_name":"{\"D.J. Wilson\"}","ts_pct":"0.388","efg_pct":"0.341","three_par":"0.286","ftr":"0.176","orb_pct":"3.279","drb_pct":"20.991","trb_pct":"12.491","ast_pct":"8.445","stl_pct":"0.053","blk_pct":"4.548","tov_pct":"31.409","usg_pct":"23.241","ortg":"66.635","drtg":"106.365","bpm":"-8.871"},{"game_id":1217,"team_name":"MIL","player_id":"benchMIL","player_name":"Bench of MIL","ts_pct":"0.522","efg_pct":"0.505","three_par":"0.546","ftr":"0.144","orb_pct":"4.523","drb_pct":"13.695","trb_pct":"9.225","ast_pct":"10.636","stl_pct":"1.218","blk_pct":"2.571","tov_pct":"8.695","usg_pct":"14.633","ortg":"116.065","drtg":"107.706","bpm":"0.122"},{"game_id":1217,"team_name":"CLE","player_id":"{\"thomptr01\"}","player_name":"{\"Tristan Thompson\"}","ts_pct":"0.630","efg_pct":"0.613","three_par":"0.019","ftr":"0.355","orb_pct":"12.060","drb_pct":"24.514","trb_pct":"17.829","ast_pct":"7.642","stl_pct":"0.000","blk_pct":"1.438","tov_pct":"10.202","usg_pct":"19.094","ortg":"128.518","drtg":"116.929","bpm":"0.847"},{"game_id":1217,"team_name":"CLE","player_id":"{\"loveke01\"}","player_name":"{\"Kevin Love\"}","ts_pct":"0.580","efg_pct":"0.525","three_par":"0.490","ftr":"0.371","orb_pct":"2.192","drb_pct":"42.433","trb_pct":"21.394","ast_pct":"18.118","stl_pct":"1.326","blk_pct":"0.461","tov_pct":"13.472","usg_pct":"22.268","ortg":"110.859","drtg":"108.482","bpm":"2.672"},{"game_id":1217,"team_name":"CLE","player_id":"{\"sextoco01\"}","player_name":"{\"Collin Sexton\"}","ts_pct":"0.540","efg_pct":"0.510","three_par":"0.362","ftr":"0.207","orb_pct":"2.562","drb_pct":"4.831","trb_pct":"3.622","ast_pct":"18.492","stl_pct":"0.676","blk_pct":"0.000","tov_pct":"13.082","usg_pct":"26.032","ortg":"105.565","drtg":"121.624","bpm":"-2.672"},{"game_id":1217,"team_name":"CLE","player_id":"{\"osmande01\"}","player_name":"{\"Cedi Osman\"}","ts_pct":"0.498","efg_pct":"0.459","three_par":"0.461","ftr":"0.243","orb_pct":"2.713","drb_pct":"10.246","trb_pct":"6.216","ast_pct":"7.406","stl_pct":"1.854","blk_pct":"0.000","tov_pct":"10.060","usg_pct":"16.269","ortg":"97.471","drtg":"118.329","bpm":"-3.556"},{"game_id":1217,"team_name":"CLE","player_id":"{\"clarkjo01\"}","player_name":"{\"Jordan Clarkson\"}","ts_pct":"0.507","efg_pct":"0.480","three_par":"0.338","ftr":"0.208","orb_pct":"3.322","drb_pct":"7.055","trb_pct":"5.139","ast_pct":"12.921","stl_pct":"2.369","blk_pct":"0.000","tov_pct":"11.084","usg_pct":"26.972","ortg":"99.565","drtg":"117.729","bpm":"-1.752"},{"game_id":1217,"team_name":"CLE","player_id":"{\"nancela02\"}","player_name":"{\"Larry Nance Jr.\"}","ts_pct":"0.550","efg_pct":"0.525","three_par":"0.319","ftr":"0.154","orb_pct":"9.588","drb_pct":"32.704","trb_pct":"20.382","ast_pct":"16.708","stl_pct":"2.426","blk_pct":"1.960","tov_pct":"13.412","usg_pct":"16.751","ortg":"116.565","drtg":"111.718","bpm":"1.247"},{"game_id":1217,"team_name":"CLE","player_id":"benchCLE","player_name":"Bench of CLE","ts_pct":"0.279","efg_pct":"0.272","three_par":"0.363","ftr":"0.056","orb_pct":"2.803","drb_pct":"25.334","trb_pct":"24.948","ast_pct":"13.997","stl_pct":"0.960","blk_pct":"0.749","tov_pct":"13.023","usg_pct":"12.638","ortg":"59.361","drtg":"95.334","bpm":"-1.666"}]