[{"game_id":103,"team_name":"DEN","player_id":"teamDEN","player_name":"Team name: DEN","ts_pct":"0.555","efg_pct":"0.517","three_par":"0.387","ftr":"0.339","orb_pct":"6.444","drb_pct":"15.767","trb_pct":"11.373","ast_pct":"14.432","stl_pct":"1.301","blk_pct":"1.843","tov_pct":"14.231","usg_pct":"21.806","ortg":"107.554","drtg":"134.458","bpm":"-4.623"},{"game_id":103,"team_name":"MIN","player_id":"teamMIN","player_name":"Team name: MIN","ts_pct":"0.562","efg_pct":"0.538","three_par":"0.414","ftr":"0.292","orb_pct":"5.257","drb_pct":"17.394","trb_pct":"10.738","ast_pct":"16.092","stl_pct":"2.027","blk_pct":"1.930","tov_pct":"13.312","usg_pct":"21.757","ortg":"118.538","drtg":"132.946","bpm":"-0.394"}]