[{"game_id":1117,"team_name":"WAS","player_id":"teamWAS","player_name":"Team name: WAS","fg":"44.394","fga":"94.531","fg_pct":"0.470","three_p":"8.166","three_pa":"26.766","three_p_pct":"0.305","ft":"18.469","fta":"23.497","ft_pct":"0.786","orb":"10.686","drb":"35.503","trb":"46.189","ast":"24.211","stl":"5.949","blk":"5.211","tov":"12.160","pf":"21.743","pts":"115.423"},{"game_id":1117,"team_name":"PHI","player_id":"teamPHI","player_name":"Team name: PHI","fg":"44.309","fga":"88.411","fg_pct":"0.501","three_p":"12.566","three_pa":"30.943","three_p_pct":"0.406","ft":"17.131","fta":"22.291","ft_pct":"0.769","orb":"8.954","drb":"34.069","trb":"43.023","ast":"27.526","stl":"8.703","blk":"6.069","tov":"11.377","pf":"20.777","pts":"118.314"}]