[{"game_id":1147,"team_name":"PHI","player_id":"{\"howardw01\"}","player_name":"{\"Dwight Howard\"}","fg":"1.859","fga":"2.847","fg_pct":"0.653","three_p":"0.000","three_pa":"0.141","three_p_pct":"0.000","ft":"2.529","fta":"3.906","ft_pct":"0.647","orb":"2.471","drb":"4.459","trb":"6.929","ast":"0.859","stl":"0.271","blk":"0.471","tov":"1.165","pf":"2.553","pts":"6.247"},{"game_id":1147,"team_name":"PHI","player_id":"{\"embiijo01\"}","player_name":"{\"Joel Embiid\"}","fg":"7.835","fga":"16.141","fg_pct":"0.485","three_p":"1.259","three_pa":"3.318","three_p_pct":"0.379","ft":"8.459","fta":"9.965","ft_pct":"0.849","orb":"0.871","drb":"9.482","trb":"10.353","ast":"3.494","stl":"1.059","blk":"1.129","tov":"2.765","pf":"3.035","pts":"25.388"},{"game_id":1147,"team_name":"PHI","player_id":"{\"simmobe01\"}","player_name":"{\"Ben Simmons\"}","fg":"5.718","fga":"8.718","fg_pct":"0.656","three_p":"0.000","three_pa":"0.059","three_p_pct":"0.000","ft":"2.212","fta":"5.953","ft_pct":"0.372","orb":"2.059","drb":"5.506","trb":"7.565","ast":"8.506","stl":"1.400","blk":"0.941","tov":"2.212","pf":"3.224","pts":"13.647"},{"game_id":1147,"team_name":"PHI","player_id":"{\"harrito02\"}","player_name":"{\"Tobias Harris\"}","fg":"9.024","fga":"16.847","fg_pct":"0.536","three_p":"1.271","three_pa":"3.047","three_p_pct":"0.417","ft":"2.576","fta":"3.188","ft_pct":"0.808","orb":"1.024","drb":"7.388","trb":"8.412","ast":"3.729","stl":"1.035","blk":"0.576","tov":"1.447","pf":"1.941","pts":"21.894"},{"game_id":1147,"team_name":"PHI","player_id":"{\"curryse01\"}","player_name":"{\"Seth Curry\"}","fg":"6.624","fga":"11.459","fg_pct":"0.578","three_p":"2.976","three_pa":"6.012","three_p_pct":"0.495","ft":"1.071","fta":"1.353","ft_pct":"0.792","orb":"0.200","drb":"1.706","trb":"1.906","ast":"2.612","stl":"0.529","blk":"0.153","tov":"0.941","pf":"2.282","pts":"17.294"},{"game_id":1147,"team_name":"PHI","player_id":"{\"korkmfu01\"}","player_name":"{\"Furkan Korkmaz\"}","fg":"2.694","fga":"6.200","fg_pct":"0.435","three_p":"1.400","three_pa":"3.647","three_p_pct":"0.384","ft":"0.706","fta":"0.871","ft_pct":"0.811","orb":"0.259","drb":"1.106","trb":"1.365","ast":"0.565","stl":"0.659","blk":"0.435","tov":"0.518","pf":"0.753","pts":"7.494"},{"game_id":1147,"team_name":"PHI","player_id":"benchPHI","player_name":"Bench of PHI","fg":"2.182","fga":"4.780","fg_pct":"0.456","three_p":"0.801","three_pa":"1.960","three_p_pct":"0.409","ft":"0.755","fta":"1.055","ft_pct":"0.716","orb":"0.113","drb":"1.084","trb":"1.197","ast":"1.158","stl":"0.642","blk":"0.463","tov":"0.566","pf":"1.850","pts":"5.920"},{"game_id":1147,"team_name":"ATL","player_id":"{\"okongon01\"}","player_name":"{\"Onyeka Okongwu\"}","fg":"0.988","fga":"2.176","fg_pct":"0.454","three_p":"0.000","three_pa":"0.000","three_p_pct":"NaN","ft":"0.612","fta":"0.776","ft_pct":"0.789","orb":"1.176","drb":"1.894","trb":"3.071","ast":"0.259","stl":"0.329","blk":"0.941","tov":"0.341","pf":"1.800","pts":"2.588"},{"game_id":1147,"team_name":"ATL","player_id":"{\"youngtr01\"}","player_name":"{\"Trae Young\"}","fg":"8.694","fga":"20.847","fg_pct":"0.417","three_p":"2.729","three_pa":"8.518","three_p_pct":"0.320","ft":"7.047","fta":"7.965","ft_pct":"0.885","orb":"0.506","drb":"1.953","trb":"2.459","ast":"10.941","stl":"1.200","blk":"0.000","tov":"3.059","pf":"2.024","pts":"27.165"},{"game_id":1147,"team_name":"ATL","player_id":"{\"capelca01\"}","player_name":"{\"Clint Capela\"}","fg":"4.694","fga":"7.718","fg_pct":"0.608","three_p":"0.000","three_pa":"0.000","three_p_pct":"NaN","ft":"1.129","fta":"1.953","ft_pct":"0.578","orb":"3.494","drb":"9.224","trb":"12.718","ast":"0.918","stl":"0.671","blk":"1.259","tov":"0.894","pf":"3.000","pts":"10.518"},{"game_id":1147,"team_name":"ATL","player_id":"{\"collijo01\"}","player_name":"{\"John Collins\"}","fg":"5.788","fga":"10.553","fg_pct":"0.548","three_p":"1.129","three_pa":"2.882","three_p_pct":"0.392","ft":"2.200","fta":"2.459","ft_pct":"0.895","orb":"2.118","drb":"5.200","trb":"7.318","ast":"0.776","stl":"0.518","blk":"0.682","tov":"1.188","pf":"3.600","pts":"14.906"},{"game_id":1147,"team_name":"ATL","player_id":"{\"gallida01\"}","player_name":"{\"Danilo Gallinari\"}","fg":"3.212","fga":"8.671","fg_pct":"0.370","three_p":"1.588","three_pa":"4.471","three_p_pct":"0.355","ft":"3.612","fta":"3.718","ft_pct":"0.971","orb":"0.294","drb":"3.965","trb":"4.259","ast":"0.976","stl":"0.247","blk":"0.271","tov":"0.435","pf":"2.153","pts":"11.624"},{"game_id":1147,"team_name":"ATL","player_id":"{\"huertke01\"}","player_name":"{\"Kevin Huerter\"}","fg":"4.176","fga":"8.188","fg_pct":"0.510","three_p":"2.153","three_pa":"4.941","three_p_pct":"0.436","ft":"0.341","fta":"0.494","ft_pct":"0.690","orb":"0.471","drb":"2.706","trb":"3.176","ast":"1.835","stl":"0.600","blk":"0.776","tov":"1.212","pf":"2.682","pts":"10.847"},{"game_id":1147,"team_name":"ATL","player_id":"benchATL","player_name":"Bench of ATL","fg":"2.497","fga":"6.372","fg_pct":"0.392","three_p":"1.053","three_pa":"3.221","three_p_pct":"0.327","ft":"0.743","fta":"0.857","ft_pct":"0.867","orb":"0.324","drb":"2.117","trb":"2.441","ast":"1.413","stl":"0.559","blk":"0.117","tov":"0.818","pf":"1.322","pts":"6.791"}]