[{"game_id":1011,"team_name":"UTA","player_id":"teamUTA","player_name":"Team name: UTA","ts_pct":"0.708","efg_pct":"0.676","three_par":"0.586","ftr":"0.181","orb_pct":"5.616","drb_pct":"18.377","trb_pct":"12.584","ast_pct":"16.303","stl_pct":"1.576","blk_pct":"1.966","tov_pct":"15.253","usg_pct":"23.179","ortg":"141.274","drtg":"130.990","bpm":"-0.677"},{"game_id":1011,"team_name":"HOU","player_id":"teamHOU","player_name":"Team name: HOU","ts_pct":"0.446","efg_pct":"0.425","three_par":"0.453","ftr":"0.183","orb_pct":"3.652","drb_pct":"13.149","trb_pct":"8.038","ast_pct":"13.528","stl_pct":"1.288","blk_pct":"1.708","tov_pct":"10.638","usg_pct":"16.527","ortg":"88.119","drtg":"103.937","bpm":"-1.631"}]