[{"game_id":1029,"team_name":"TOR","player_id":"teamTOR","player_name":"Team name: TOR","fg":"40.257","fga":"90.714","fg_pct":"0.444","three_p":"13.480","three_pa":"36.640","three_p_pct":"0.368","ft":"15.497","fta":"20.314","ft_pct":"0.763","orb":"10.686","drb":"32.086","trb":"42.771","ast":"24.566","stl":"8.937","blk":"4.057","tov":"11.503","pf":"20.211","pts":"109.491"},{"game_id":1029,"team_name":"LAC","player_id":"teamLAC","player_name":"Team name: LAC","fg":"39.417","fga":"84.486","fg_pct":"0.467","three_p":"13.634","three_pa":"34.840","three_p_pct":"0.391","ft":"16.194","fta":"19.451","ft_pct":"0.833","orb":"8.811","drb":"35.520","trb":"44.331","ast":"24.303","stl":"5.846","blk":"3.274","tov":"14.320","pf":"18.377","pts":"108.663"}]