[{"game_id":1000,"team_name":"DAL","player_id":"{\"richajo01\"}","player_name":"{\"Josh Richardson\"}","fg":"4.153","fga":"10.482","fg_pct":"0.396","three_p":"1.600","three_pa":"3.906","three_p_pct":"0.410","ft":"1.400","fta":"1.482","ft_pct":"0.945","orb":"0.671","drb":"1.706","trb":"2.376","ast":"1.812","stl":"1.365","blk":"0.424","tov":"1.341","pf":"1.471","pts":"11.306"},{"game_id":1000,"team_name":"DAL","player_id":"{\"hardati02\"}","player_name":"{\"Tim Hardaway Jr.\"}","fg":"7.318","fga":"15.835","fg_pct":"0.462","three_p":"3.906","three_pa":"9.012","three_p_pct":"0.433","ft":"2.718","fta":"3.494","ft_pct":"0.778","orb":"0.200","drb":"3.435","trb":"3.635","ast":"1.941","stl":"0.247","blk":"0.259","tov":"1.271","pf":"2.624","pts":"21.259"},{"game_id":1000,"team_name":"DAL","player_id":"{\"brunsja01\"}","player_name":"{\"Jalen Brunson\"}","fg":"5.047","fga":"10.012","fg_pct":"0.504","three_p":"0.906","three_pa":"2.518","three_p_pct":"0.360","ft":"1.435","fta":"1.494","ft_pct":"0.961","orb":"0.388","drb":"2.141","trb":"2.529","ast":"2.906","stl":"0.412","blk":"0.000","tov":"0.753","pf":"1.494","pts":"12.435"},{"game_id":1000,"team_name":"DAL","player_id":"{\"finnedo01\"}","player_name":"{\"Dorian Finney-Smith\"}","fg":"5.047","fga":"8.576","fg_pct":"0.589","three_p":"2.882","three_pa":"5.647","three_p_pct":"0.510","ft":"0.729","fta":"1.165","ft_pct":"0.626","orb":"2.000","drb":"3.682","trb":"5.682","ast":"2.471","stl":"1.047","blk":"0.282","tov":"1.671","pf":"1.588","pts":"13.706"},{"game_id":1000,"team_name":"DAL","player_id":"{\"greenjo02\"}","player_name":"{\"Josh Green\"}","fg":"1.012","fga":"2.141","fg_pct":"0.473","three_p":"0.106","three_pa":"0.612","three_p_pct":"0.173","ft":"0.376","fta":"0.376","ft_pct":"1.000","orb":"1.012","drb":"1.165","trb":"2.176","ast":"0.906","stl":"1.176","blk":"0.059","tov":"0.329","pf":"0.647","pts":"2.506"},{"game_id":1000,"team_name":"DAL","player_id":"{\"doncilu01\"}","player_name":"{\"Luka Dončić\"}","fg":"9.753","fga":"20.635","fg_pct":"0.473","three_p":"3.318","three_pa":"9.588","three_p_pct":"0.346","ft":"5.118","fta":"7.906","ft_pct":"0.647","orb":"1.024","drb":"8.035","trb":"9.059","ast":"9.435","stl":"1.153","blk":"0.141","tov":"5.129","pf":"2.424","pts":"27.941"},{"game_id":1000,"team_name":"DAL","player_id":"benchDAL","player_name":"Bench of DAL","fg":"2.004","fga":"3.650","fg_pct":"0.549","three_p":"0.130","three_pa":"0.515","three_p_pct":"0.252","ft":"1.334","fta":"1.686","ft_pct":"0.791","orb":"1.215","drb":"2.352","trb":"3.567","ast":"0.722","stl":"0.538","blk":"0.499","tov":"0.493","pf":"1.481","pts":"5.473"},{"game_id":1000,"team_name":"CLE","player_id":"{\"martije02\"}","player_name":"{\"Jeremiah Martin\"}","fg":"1.471","fga":"3.906","fg_pct":"0.377","three_p":"0.494","three_pa":"1.412","three_p_pct":"0.350","ft":"0.518","fta":"0.965","ft_pct":"0.537","orb":"0.000","drb":"0.718","trb":"0.718","ast":"1.153","stl":"0.482","blk":"0.082","tov":"0.659","pf":"0.506","pts":"3.953"},{"game_id":1000,"team_name":"CLE","player_id":"{\"varejan01\"}","player_name":"{\"Anderson Varejão\"}","fg":"0.341","fga":"1.506","fg_pct":"0.226","three_p":"0.000","three_pa":"0.000","three_p_pct":"NaN","ft":"0.271","fta":"0.635","ft_pct":"0.427","orb":"0.871","drb":"1.494","trb":"2.365","ast":"0.647","stl":"0.188","blk":"0.341","tov":"0.459","pf":"1.329","pts":"0.953"},{"game_id":1000,"team_name":"CLE","player_id":"{\"osmande01\"}","player_name":"{\"Cedi Osman\"}","fg":"4.624","fga":"10.682","fg_pct":"0.433","three_p":"1.906","three_pa":"5.388","three_p_pct":"0.354","ft":"2.118","fta":"2.188","ft_pct":"0.968","orb":"0.965","drb":"2.635","trb":"3.600","ast":"4.118","stl":"0.847","blk":"0.153","tov":"2.329","pf":"2.718","pts":"13.271"},{"game_id":1000,"team_name":"CLE","player_id":"{\"sextoco01\"}","player_name":"{\"Collin Sexton\"}","fg":"9.141","fga":"19.235","fg_pct":"0.475","three_p":"2.035","three_pa":"4.906","three_p_pct":"0.415","ft":"4.671","fta":"6.247","ft_pct":"0.748","orb":"1.824","drb":"2.694","trb":"4.518","ast":"4.565","stl":"0.965","blk":"0.482","tov":"3.282","pf":"2.929","pts":"24.988"},{"game_id":1000,"team_name":"CLE","player_id":"{\"okorois01\"}","player_name":"{\"Isaac Okoro\"}","fg":"4.282","fga":"10.200","fg_pct":"0.420","three_p":"0.965","three_pa":"3.388","three_p_pct":"0.285","ft":"3.918","fta":"5.118","ft_pct":"0.766","orb":"1.471","drb":"1.812","trb":"3.282","ast":"2.271","stl":"0.776","blk":"0.047","tov":"0.906","pf":"2.671","pts":"13.447"},{"game_id":1000,"team_name":"CLE","player_id":"{\"kabenmf01\"}","player_name":"{\"Mfiondu Kabengele\"}","fg":"1.012","fga":"2.635","fg_pct":"0.384","three_p":"0.518","three_pa":"1.776","three_p_pct":"0.292","ft":"0.447","fta":"0.565","ft_pct":"0.791","orb":"0.224","drb":"1.106","trb":"1.329","ast":"0.871","stl":"0.341","blk":"0.459","tov":"0.412","pf":"1.235","pts":"2.988"},{"game_id":1000,"team_name":"CLE","player_id":"benchCLE","player_name":"Bench of CLE","fg":"2.976","fga":"5.549","fg_pct":"0.536","three_p":"0.690","three_pa":"1.855","three_p_pct":"0.372","ft":"1.070","fta":"1.539","ft_pct":"0.695","orb":"1.418","drb":"3.144","trb":"4.562","ast":"1.550","stl":"0.417","blk":"0.564","tov":"1.147","pf":"1.385","pts":"7.712"}]