[{"game_id":1099,"team_name":"LAC","player_id":"{\"ibakase01\"}","player_name":"{\"Serge Ibaka\"}","ts_pct":"0.486","efg_pct":"0.444","three_par":"0.406","ftr":"0.252","orb_pct":"9.220","drb_pct":"27.276","trb_pct":"17.466","ast_pct":"17.065","stl_pct":"0.907","blk_pct":"5.153","tov_pct":"5.194","usg_pct":"19.676","ortg":"117.941","drtg":"117.071","bpm":"4.314"},{"game_id":1099,"team_name":"LAC","player_id":"{\"leonaka01\"}","player_name":"{\"Kawhi Leonard\"}","ts_pct":"0.641","efg_pct":"0.565","three_par":"0.353","ftr":"0.477","orb_pct":"2.058","drb_pct":"19.324","trb_pct":"11.314","ast_pct":"29.764","stl_pct":"1.774","blk_pct":"0.685","tov_pct":"13.318","usg_pct":"26.606","ortg":"127.024","drtg":"109.506","bpm":"6.306"},{"game_id":1099,"team_name":"LAC","player_id":"{\"georgpa01\"}","player_name":"{\"Paul George\"}","ts_pct":"0.534","efg_pct":"0.488","three_par":"0.492","ftr":"0.264","orb_pct":"2.833","drb_pct":"20.075","trb_pct":"12.167","ast_pct":"20.499","stl_pct":"1.178","blk_pct":"0.847","tov_pct":"15.540","usg_pct":"30.427","ortg":"100.071","drtg":"110.906","bpm":"-1.655"},{"game_id":1099,"team_name":"LAC","player_id":"{\"jacksre01\"}","player_name":"{\"Reggie Jackson\"}","ts_pct":"0.530","efg_pct":"0.516","three_par":"0.661","ftr":"0.062","orb_pct":"1.119","drb_pct":"7.646","trb_pct":"4.773","ast_pct":"13.186","stl_pct":"1.004","blk_pct":"1.296","tov_pct":"8.354","usg_pct":"20.949","ortg":"106.565","drtg":"116.247","bpm":"-0.867"},{"game_id":1099,"team_name":"LAC","player_id":"{\"morrima03\"}","player_name":"{\"Marcus Morris\"}","ts_pct":"0.597","efg_pct":"0.561","three_par":"0.502","ftr":"0.258","orb_pct":"4.184","drb_pct":"13.587","trb_pct":"9.025","ast_pct":"4.399","stl_pct":"0.594","blk_pct":"2.028","tov_pct":"11.168","usg_pct":"19.459","ortg":"107.129","drtg":"115.871","bpm":"-1.313"},{"game_id":1099,"team_name":"LAC","player_id":"{\"beverpa01\"}","player_name":"{\"Patrick Beverley\"}","ts_pct":"0.440","efg_pct":"0.425","three_par":"0.599","ftr":"0.090","orb_pct":"1.529","drb_pct":"6.871","trb_pct":"4.226","ast_pct":"12.121","stl_pct":"1.060","blk_pct":"4.267","tov_pct":"12.622","usg_pct":"15.968","ortg":"91.294","drtg":"111.894","bpm":"-2.246"},{"game_id":1099,"team_name":"LAC","player_id":"benchLAC","player_name":"Bench of LAC","ts_pct":"0.683","efg_pct":"0.672","three_par":"0.381","ftr":"0.247","orb_pct":"5.971","drb_pct":"16.458","trb_pct":"11.543","ast_pct":"17.940","stl_pct":"1.104","blk_pct":"1.262","tov_pct":"12.403","usg_pct":"14.963","ortg":"127.251","drtg":"110.405","bpm":"-3.536"},{"game_id":1099,"team_name":"DAL","player_id":"{\"mellini01\"}","player_name":"{\"Nicolò Melli\"}","ts_pct":"0.348","efg_pct":"0.355","three_par":"0.502","ftr":"0.238","orb_pct":"9.918","drb_pct":"20.381","trb_pct":"15.173","ast_pct":"6.416","stl_pct":"0.452","blk_pct":"0.000","tov_pct":"3.047","usg_pct":"14.152","ortg":"96.706","drtg":"121.035","bpm":"-4.901"},{"game_id":1099,"team_name":"DAL","player_id":"{\"hardati02\"}","player_name":"{\"Tim Hardaway Jr.\"}","ts_pct":"0.709","efg_pct":"0.670","three_par":"0.615","ftr":"0.212","orb_pct":"2.274","drb_pct":"9.146","trb_pct":"5.395","ast_pct":"13.761","stl_pct":"0.926","blk_pct":"0.751","tov_pct":"7.028","usg_pct":"23.500","ortg":"135.647","drtg":"121.494","bpm":"4.948"},{"game_id":1099,"team_name":"DAL","player_id":"{\"doncilu01\"}","player_name":"{\"Luka Dončić\"}","ts_pct":"0.544","efg_pct":"0.496","three_par":"0.438","ftr":"0.332","orb_pct":"3.124","drb_pct":"28.275","trb_pct":"15.346","ast_pct":"39.719","stl_pct":"1.619","blk_pct":"1.527","tov_pct":"14.605","usg_pct":"36.828","ortg":"110.576","drtg":"114.082","bpm":"3.398"},{"game_id":1099,"team_name":"DAL","player_id":"{\"finnedo01\"}","player_name":"{\"Dorian Finney-Smith\"}","ts_pct":"0.689","efg_pct":"0.694","three_par":"0.595","ftr":"0.072","orb_pct":"2.836","drb_pct":"13.571","trb_pct":"8.236","ast_pct":"9.675","stl_pct":"0.934","blk_pct":"0.813","tov_pct":"14.485","usg_pct":"14.164","ortg":"124.282","drtg":"119.529","bpm":"-1.174"},{"game_id":1099,"team_name":"DAL","player_id":"{\"poweldw01\"}","player_name":"{\"Dwight Powell\"}","ts_pct":"0.709","efg_pct":"0.655","three_par":"0.000","ftr":"0.691","orb_pct":"11.201","drb_pct":"17.025","trb_pct":"14.104","ast_pct":"16.686","stl_pct":"1.032","blk_pct":"4.351","tov_pct":"17.449","usg_pct":"10.342","ortg":"148.071","drtg":"115.882","bpm":"2.239"},{"game_id":1099,"team_name":"DAL","player_id":"{\"klebima01\"}","player_name":"{\"Maxi Kleber\"}","ts_pct":"0.590","efg_pct":"0.568","three_par":"0.695","ftr":"0.227","orb_pct":"7.627","drb_pct":"17.228","trb_pct":"12.528","ast_pct":"10.073","stl_pct":"0.262","blk_pct":"1.696","tov_pct":"4.504","usg_pct":"10.769","ortg":"135.012","drtg":"119.082","bpm":"0.658"},{"game_id":1099,"team_name":"DAL","player_id":"benchDAL","player_name":"Bench of DAL","ts_pct":"0.563","efg_pct":"0.520","three_par":"0.281","ftr":"0.236","orb_pct":"4.221","drb_pct":"14.245","trb_pct":"9.101","ast_pct":"11.863","stl_pct":"1.427","blk_pct":"1.498","tov_pct":"14.746","usg_pct":"19.831","ortg":"113.507","drtg":"118.149","bpm":"-1.266"}]