[{"game_id":1227,"team_name":"ORL","player_id":"teamORL","player_name":"Team name: ORL","fg":"35.206","fga":"86.857","fg_pct":"0.405","three_p":"9.891","three_pa":"33.857","three_p_pct":"0.292","ft":"17.251","fta":"21.634","ft_pct":"0.797","orb":"10.040","drb":"34.126","trb":"44.166","ast":"20.640","stl":"7.743","blk":"4.674","tov":"13.754","pf":"18.091","pts":"97.554"},{"game_id":1227,"team_name":"NYK","player_id":"teamNYK","player_name":"Team name: NYK","fg":"37.109","fga":"84.337","fg_pct":"0.440","three_p":"11.171","three_pa":"30.377","three_p_pct":"0.368","ft":"17.154","fta":"24.680","ft_pct":"0.695","orb":"10.269","drb":"37.126","trb":"47.394","ast":"20.297","stl":"6.937","blk":"5.691","tov":"16.200","pf":"21.343","pts":"102.543"}]