[{"game_id":1071,"team_name":"ATL","player_id":"teamATL","player_name":"Team name: ATL","ts_pct":"0.632","efg_pct":"0.579","three_par":"0.394","ftr":"0.349","orb_pct":"5.428","drb_pct":"17.909","trb_pct":"12.088","ast_pct":"15.594","stl_pct":"1.528","blk_pct":"1.891","tov_pct":"13.838","usg_pct":"22.350","ortg":"128.043","drtg":"132.337","bpm":"-1.047"},{"game_id":1071,"team_name":"HOU","player_id":"teamHOU","player_name":"Team name: HOU","ts_pct":"0.497","efg_pct":"0.476","three_par":"0.426","ftr":"0.203","orb_pct":"3.311","drb_pct":"13.352","trb_pct":"8.196","ast_pct":"13.051","stl_pct":"1.155","blk_pct":"1.283","tov_pct":"11.098","usg_pct":"16.744","ortg":"96.445","drtg":"105.617","bpm":"-1.548"}]