[{"game_id":1103,"team_name":"MIA","player_id":"{\"vincega01\"}","player_name":"{\"Gabe Vincent\"}","fg":"1.729","fga":"3.706","fg_pct":"0.467","three_p":"1.153","three_pa":"2.388","three_p_pct":"0.483","ft":"0.000","fta":"0.000","ft_pct":"NaN","orb":"0.118","drb":"1.129","trb":"1.247","ast":"1.918","stl":"0.400","blk":"0.000","tov":"0.659","pf":"1.141","pts":"4.612"},{"game_id":1103,"team_name":"MIA","player_id":"{\"achiupr01\"}","player_name":"{\"Precious Achiuwa\"}","fg":"2.035","fga":"3.871","fg_pct":"0.526","three_p":"0.000","three_pa":"0.129","three_p_pct":"0.000","ft":"0.647","fta":"1.741","ft_pct":"0.372","orb":"0.647","drb":"2.188","trb":"2.835","ast":"0.282","stl":"0.341","blk":"0.247","tov":"0.459","pf":"0.812","pts":"4.718"},{"game_id":1103,"team_name":"MIA","player_id":"{\"butleji01\"}","player_name":"{\"Jimmy Butler\"}","fg":"5.894","fga":"13.471","fg_pct":"0.438","three_p":"1.024","three_pa":"2.694","three_p_pct":"0.380","ft":"6.271","fta":"7.659","ft_pct":"0.819","orb":"2.047","drb":"3.941","trb":"5.988","ast":"5.871","stl":"1.776","blk":"0.224","tov":"1.988","pf":"1.035","pts":"19.082"},{"game_id":1103,"team_name":"MIA","player_id":"{\"adebaba01\"}","player_name":"{\"Bam Adebayo\"}","fg":"5.765","fga":"11.459","fg_pct":"0.503","three_p":"0.000","three_pa":"0.000","three_p_pct":"NaN","ft":"2.965","fta":"4.024","ft_pct":"0.737","orb":"1.776","drb":"5.976","trb":"7.753","ast":"6.082","stl":"1.529","blk":"0.494","tov":"2.388","pf":"2.518","pts":"14.494"},{"game_id":1103,"team_name":"MIA","player_id":"{\"dragigo01\"}","player_name":"{\"Goran Dragić\"}","fg":"6.235","fga":"13.671","fg_pct":"0.456","three_p":"2.929","three_pa":"6.671","three_p_pct":"0.439","ft":"2.212","fta":"2.518","ft_pct":"0.878","orb":"0.612","drb":"1.882","trb":"2.494","ast":"3.235","stl":"0.376","blk":"0.059","tov":"2.235","pf":"2.153","pts":"17.612"},{"game_id":1103,"team_name":"MIA","player_id":"{\"herroty01\"}","player_name":"{\"Tyler Herro\"}","fg":"4.824","fga":"10.565","fg_pct":"0.457","three_p":"2.306","three_pa":"5.035","three_p_pct":"0.458","ft":"1.294","fta":"1.588","ft_pct":"0.815","orb":"0.259","drb":"4.494","trb":"4.753","ast":"3.200","stl":"0.247","blk":"0.141","tov":"1.259","pf":"1.165","pts":"13.247"},{"game_id":1103,"team_name":"MIA","player_id":"benchMIA","player_name":"Bench of MIA","fg":"3.464","fga":"7.342","fg_pct":"0.472","three_p":"1.663","three_pa":"4.305","three_p_pct":"0.386","ft":"0.897","fta":"1.174","ft_pct":"0.764","orb":"0.776","drb":"2.988","trb":"3.764","ast":"1.723","stl":"0.821","blk":"0.410","tov":"0.946","pf":"2.120","pts":"9.488"},{"game_id":1103,"team_name":"MIL","player_id":"{\"divindo01\"}","player_name":"{\"Donte DiVincenzo\"}","fg":"3.482","fga":"8.318","fg_pct":"0.419","three_p":"2.200","three_pa":"6.188","three_p_pct":"0.356","ft":"0.941","fta":"1.424","ft_pct":"0.661","orb":"1.012","drb":"6.518","trb":"7.529","ast":"3.482","stl":"1.035","blk":"0.400","tov":"1.682","pf":"2.129","pts":"10.106"},{"game_id":1103,"team_name":"MIL","player_id":"{\"teaguje01\"}","player_name":"{\"Jeff Teague\"}","fg":"2.471","fga":"5.071","fg_pct":"0.487","three_p":"0.835","three_pa":"1.282","three_p_pct":"0.651","ft":"2.188","fta":"2.588","ft_pct":"0.845","orb":"0.224","drb":"1.012","trb":"1.235","ast":"2.306","stl":"0.788","blk":"0.271","tov":"1.576","pf":"0.235","pts":"7.965"},{"game_id":1103,"team_name":"MIL","player_id":"{\"nworajo01\"}","player_name":"{\"Jordan Nwora\"}","fg":"2.753","fga":"5.424","fg_pct":"0.508","three_p":"1.059","three_pa":"2.259","three_p_pct":"0.469","ft":"0.447","fta":"0.729","ft_pct":"0.613","orb":"0.847","drb":"1.965","trb":"2.812","ast":"0.000","stl":"0.376","blk":"0.435","tov":"0.812","pf":"0.706","pts":"7.012"},{"game_id":1103,"team_name":"MIL","player_id":"{\"bryanel01\"}","player_name":"{\"Elijah Bryant\"}","fg":"2.880","fga":"6.760","fg_pct":"0.426","three_p":"0.480","three_pa":"2.920","three_p_pct":"0.164","ft":"1.440","fta":"1.440","ft_pct":"1.000","orb":"0.960","drb":"3.480","trb":"4.440","ast":"3.000","stl":"0.000","blk":"0.480","tov":"1.920","pf":"1.920","pts":"7.680"},{"game_id":1103,"team_name":"MIL","player_id":"{\"merrisa01\"}","player_name":"{\"Sam Merrill\"}","fg":"1.082","fga":"2.800","fg_pct":"0.386","three_p":"0.741","three_pa":"1.894","three_p_pct":"0.391","ft":"0.118","fta":"0.118","ft_pct":"1.000","orb":"0.000","drb":"0.929","trb":"0.929","ast":"0.553","stl":"0.424","blk":"0.000","tov":"0.129","pf":"0.871","pts":"3.024"},{"game_id":1103,"team_name":"MIL","player_id":"{\"diakima01\"}","player_name":"{\"Mamadi Diakite\"}","fg":"0.988","fga":"2.765","fg_pct":"0.357","three_p":"0.047","three_pa":"0.435","three_p_pct":"0.108","ft":"1.129","fta":"1.553","ft_pct":"0.727","orb":"0.565","drb":"1.765","trb":"2.329","ast":"0.435","stl":"0.776","blk":"0.388","tov":"0.212","pf":"1.400","pts":"3.153"},{"game_id":1103,"team_name":"MIL","player_id":"benchMIL","player_name":"Bench of MIL","fg":"5.402","fga":"10.613","fg_pct":"0.509","three_p":"1.248","three_pa":"3.727","three_p_pct":"0.335","ft":"2.424","fta":"3.200","ft_pct":"0.757","orb":"1.277","drb":"4.065","trb":"5.342","ast":"3.093","stl":"0.757","blk":"0.424","tov":"1.360","pf":"1.895","pts":"14.476"}]