[{"game_id":1213,"team_name":"DET","player_id":"teamDET","player_name":"Team name: DET","ts_pct":"0.504","efg_pct":"0.467","three_par":"0.380","ftr":"0.329","orb_pct":"4.330","drb_pct":"15.590","trb_pct":"9.597","ast_pct":"16.148","stl_pct":"1.796","blk_pct":"1.652","tov_pct":"12.066","usg_pct":"21.518","ortg":"106.757","drtg":"124.693","bpm":"-3.194"},{"game_id":1213,"team_name":"IND","player_id":"teamIND","player_name":"Team name: IND","ts_pct":"0.514","efg_pct":"0.481","three_par":"0.316","ftr":"0.244","orb_pct":"3.758","drb_pct":"15.885","trb_pct":"9.625","ast_pct":"15.152","stl_pct":"1.694","blk_pct":"1.589","tov_pct":"11.576","usg_pct":"21.023","ortg":"102.418","drtg":"117.067","bpm":"-1.368"}]