[{"game_id":113,"team_name":"NOP","player_id":"teamNOP","player_name":"Team name: NOP","ts_pct":"0.514","efg_pct":"0.482","three_par":"0.388","ftr":"0.353","orb_pct":"5.242","drb_pct":"16.298","trb_pct":"10.867","ast_pct":"13.529","stl_pct":"1.997","blk_pct":"2.149","tov_pct":"14.249","usg_pct":"19.398","ortg":"104.335","drtg":"110.413","bpm":"-1.031"},{"game_id":113,"team_name":"OKC","player_id":"teamOKC","player_name":"Team name: OKC","ts_pct":"0.528","efg_pct":"0.501","three_par":"0.515","ftr":"0.399","orb_pct":"4.056","drb_pct":"17.919","trb_pct":"10.942","ast_pct":"14.178","stl_pct":"1.507","blk_pct":"2.355","tov_pct":"16.923","usg_pct":"21.701","ortg":"96.502","drtg":"118.150","bpm":"-3.289"}]