[{"game_id":107,"team_name":"ORL","player_id":"teamORL","player_name":"Team name: ORL","fg":"39.851","fga":"92.577","fg_pct":"0.430","three_p":"11.691","three_pa":"32.577","three_p_pct":"0.359","ft":"17.406","fta":"21.120","ft_pct":"0.824","orb":"11.246","drb":"36.314","trb":"47.560","ast":"22.286","stl":"7.754","blk":"3.097","tov":"12.966","pf":"18.400","pts":"108.800"},{"game_id":107,"team_name":"CLE","player_id":"teamCLE","player_name":"Team name: CLE","fg":"40.206","fga":"87.486","fg_pct":"0.460","three_p":"10.143","three_pa":"27.983","three_p_pct":"0.362","ft":"14.800","fta":"21.531","ft_pct":"0.687","orb":"10.920","drb":"33.434","trb":"44.354","ast":"25.754","stl":"10.074","blk":"4.691","tov":"16.611","pf":"19.714","pts":"105.354"}]