[{"game_id":1053,"team_name":"DET","player_id":"teamDET","player_name":"Team name: DET","ts_pct":"0.517","efg_pct":"0.487","three_par":"0.323","ftr":"0.267","orb_pct":"3.685","drb_pct":"15.488","trb_pct":"9.785","ast_pct":"13.947","stl_pct":"1.313","blk_pct":"1.808","tov_pct":"14.352","usg_pct":"19.213","ortg":"98.227","drtg":"110.810","bpm":"-2.968"},{"game_id":1053,"team_name":"DEN","player_id":"teamDEN","player_name":"Team name: DEN","ts_pct":"0.519","efg_pct":"0.482","three_par":"0.411","ftr":"0.266","orb_pct":"5.002","drb_pct":"16.152","trb_pct":"10.416","ast_pct":"14.090","stl_pct":"1.773","blk_pct":"1.986","tov_pct":"14.043","usg_pct":"20.636","ortg":"108.482","drtg":"115.230","bpm":"-1.104"}]