[{"game_id":1103,"team_name":"MIA","player_id":"{\"vincega01\"}","player_name":"{\"Gabe Vincent\"}","ts_pct":"0.513","efg_pct":"0.513","three_par":"0.608","ftr":"0.000","orb_pct":"1.791","drb_pct":"10.862","trb_pct":"6.298","ast_pct":"19.667","stl_pct":"0.581","blk_pct":"0.000","tov_pct":"10.012","usg_pct":"21.914","ortg":"135.224","drtg":"123.965","bpm":"-5.525"},{"game_id":1103,"team_name":"MIA","player_id":"{\"achiupr01\"}","player_name":"{\"Precious Achiuwa\"}","ts_pct":"0.325","efg_pct":"0.304","three_par":"0.065","ftr":"0.368","orb_pct":"2.527","drb_pct":"18.186","trb_pct":"10.481","ast_pct":"16.259","stl_pct":"0.425","blk_pct":"2.622","tov_pct":"2.600","usg_pct":"20.546","ortg":"72.659","drtg":"118.282","bpm":"-7.179"},{"game_id":1103,"team_name":"MIA","player_id":"{\"butleji01\"}","player_name":"{\"Jimmy Butler\"}","ts_pct":"0.595","efg_pct":"0.511","three_par":"0.185","ftr":"0.604","orb_pct":"6.753","drb_pct":"13.551","trb_pct":"10.166","ast_pct":"26.265","stl_pct":"2.498","blk_pct":"0.551","tov_pct":"9.047","usg_pct":"24.885","ortg":"128.235","drtg":"116.318","bpm":"5.052"},{"game_id":1103,"team_name":"MIA","player_id":"{\"adebaba01\"}","player_name":"{\"Bam Adebayo\"}","ts_pct":"0.552","efg_pct":"0.522","three_par":"0.000","ftr":"0.473","orb_pct":"5.756","drb_pct":"20.919","trb_pct":"13.006","ast_pct":"27.772","stl_pct":"2.171","blk_pct":"1.380","tov_pct":"15.044","usg_pct":"20.991","ortg":"115.776","drtg":"116.247","bpm":"1.753"},{"game_id":1103,"team_name":"MIA","player_id":"{\"dragigo01\"}","player_name":"{\"Goran Dragić\"}","ts_pct":"0.594","efg_pct":"0.556","three_par":"0.490","ftr":"0.205","orb_pct":"2.474","drb_pct":"8.168","trb_pct":"5.299","ast_pct":"19.232","stl_pct":"0.633","blk_pct":"0.200","tov_pct":"12.794","usg_pct":"27.321","ortg":"111.341","drtg":"122.929","bpm":"-1.093"},{"game_id":1103,"team_name":"MIA","player_id":"{\"herroty01\"}","player_name":"{\"Tyler Herro\"}","ts_pct":"0.551","efg_pct":"0.515","three_par":"0.470","ftr":"0.162","orb_pct":"1.164","drb_pct":"22.561","trb_pct":"11.538","ast_pct":"17.546","stl_pct":"0.560","blk_pct":"0.607","tov_pct":"8.974","usg_pct":"24.019","ortg":"109.447","drtg":"118.365","bpm":"-0.746"},{"game_id":1103,"team_name":"MIA","player_id":"benchMIA","player_name":"Bench of MIA","ts_pct":"0.535","efg_pct":"0.520","three_par":"0.532","ftr":"0.220","orb_pct":"4.210","drb_pct":"15.693","trb_pct":"9.850","ast_pct":"11.089","stl_pct":"1.744","blk_pct":"1.993","tov_pct":"12.490","usg_pct":"16.202","ortg":"107.101","drtg":"117.558","bpm":"-1.548"},{"game_id":1103,"team_name":"MIL","player_id":"{\"divindo01\"}","player_name":"{\"Donte DiVincenzo\"}","ts_pct":"0.526","efg_pct":"0.516","three_par":"0.768","ftr":"0.170","orb_pct":"3.955","drb_pct":"21.766","trb_pct":"13.394","ast_pct":"15.544","stl_pct":"1.780","blk_pct":"1.078","tov_pct":"16.571","usg_pct":"15.674","ortg":"108.153","drtg":"110.494","bpm":"1.031"},{"game_id":1103,"team_name":"MIL","player_id":"{\"teaguje01\"}","player_name":"{\"Jeff Teague\"}","ts_pct":"0.583","efg_pct":"0.548","three_par":"0.253","ftr":"0.324","orb_pct":"1.726","drb_pct":"6.288","trb_pct":"4.091","ast_pct":"15.860","stl_pct":"2.125","blk_pct":"1.715","tov_pct":"25.733","usg_pct":"22.396","ortg":"93.329","drtg":"119.376","bpm":"-4.235"},{"game_id":1103,"team_name":"MIL","player_id":"{\"nworajo01\"}","player_name":"{\"Jordan Nwora\"}","ts_pct":"0.265","efg_pct":"0.264","three_par":"0.348","ftr":"0.052","orb_pct":"13.800","drb_pct":"13.029","trb_pct":"12.046","ast_pct":"0.000","stl_pct":"1.914","blk_pct":"2.344","tov_pct":"14.551","usg_pct":"24.358","ortg":"58.753","drtg":"109.824","bpm":"-11.034"},{"game_id":1103,"team_name":"MIL","player_id":"{\"bryanel01\"}","player_name":"{\"Elijah Bryant\"}","ts_pct":"0.268","efg_pct":"0.240","three_par":"0.705","ftr":"0.111","orb_pct":"3.120","drb_pct":"29.588","trb_pct":"16.268","ast_pct":"31.140","stl_pct":"0.000","blk_pct":"1.344","tov_pct":"10.464","usg_pct":"14.684","ortg":"126.520","drtg":"110.080","bpm":"0.032"},{"game_id":1103,"team_name":"MIL","player_id":"{\"merrisa01\"}","player_name":"{\"Sam Merrill\"}","ts_pct":"0.532","efg_pct":"0.530","three_par":"0.507","ftr":"0.039","orb_pct":"0.000","drb_pct":"5.929","trb_pct":"2.929","ast_pct":"8.633","stl_pct":"0.720","blk_pct":"0.000","tov_pct":"8.569","usg_pct":"11.524","ortg":"112.576","drtg":"117.106","bpm":"-0.988"},{"game_id":1103,"team_name":"MIL","player_id":"{\"diakima01\"}","player_name":"{\"Mamadi Diakite\"}","ts_pct":"0.262","efg_pct":"0.233","three_par":"0.170","ftr":"0.187","orb_pct":"5.780","drb_pct":"17.179","trb_pct":"11.448","ast_pct":"15.028","stl_pct":"2.066","blk_pct":"3.361","tov_pct":"5.520","usg_pct":"11.331","ortg":"102.212","drtg":"103.271","bpm":"-1.165"},{"game_id":1103,"team_name":"MIL","player_id":"benchMIL","player_name":"Bench of MIL","ts_pct":"0.569","efg_pct":"0.532","three_par":"0.413","ftr":"0.284","orb_pct":"5.156","drb_pct":"14.567","trb_pct":"10.118","ast_pct":"13.740","stl_pct":"1.197","blk_pct":"1.575","tov_pct":"9.225","usg_pct":"19.707","ortg":"117.358","drtg":"113.232","bpm":"1.190"}]