[{"game_id":1237,"team_name":"GSW","player_id":"teamGSW","player_name":"Team name: GSW","ts_pct":"0.546","efg_pct":"0.486","three_par":"0.349","ftr":"0.301","orb_pct":"6.099","drb_pct":"16.742","trb_pct":"11.091","ast_pct":"15.682","stl_pct":"1.490","blk_pct":"1.449","tov_pct":"14.162","usg_pct":"20.683","ortg":"115.119","drtg":"135.691","bpm":"-3.101"},{"game_id":1237,"team_name":"PHO","player_id":"teamPHO","player_name":"Team name: PHO","ts_pct":"0.554","efg_pct":"0.515","three_par":"0.412","ftr":"0.278","orb_pct":"3.957","drb_pct":"13.972","trb_pct":"9.018","ast_pct":"14.601","stl_pct":"1.752","blk_pct":"1.453","tov_pct":"12.779","usg_pct":"19.744","ortg":"106.847","drtg":"109.825","bpm":"-1.745"}]