[{"game_id":115,"team_name":"GSW","player_id":"{\"muldemy01\"}","player_name":"{\"Mychal Mulder\"}","ts_pct":"0.588","efg_pct":"0.537","three_par":"0.732","ftr":"0.557","orb_pct":"0.000","drb_pct":"7.962","trb_pct":"3.995","ast_pct":"5.938","stl_pct":"0.502","blk_pct":"0.480","tov_pct":"9.728","usg_pct":"14.236","ortg":"91.435","drtg":"118.706","bpm":"-1.694"},{"game_id":115,"team_name":"GSW","player_id":"{\"curryst01\"}","player_name":"{\"Stephen Curry\"}","ts_pct":"0.631","efg_pct":"0.558","three_par":"0.591","ftr":"0.366","orb_pct":"1.314","drb_pct":"15.696","trb_pct":"8.860","ast_pct":"36.859","stl_pct":"1.258","blk_pct":"1.072","tov_pct":"11.991","usg_pct":"33.791","ortg":"120.412","drtg":"112.506","bpm":"8.441"},{"game_id":115,"team_name":"GSW","player_id":"{\"wiggian01\"}","player_name":"{\"Andrew Wiggins\"}","ts_pct":"0.507","efg_pct":"0.478","three_par":"0.296","ftr":"0.286","orb_pct":"3.573","drb_pct":"12.100","trb_pct":"7.928","ast_pct":"11.309","stl_pct":"0.638","blk_pct":"3.684","tov_pct":"10.304","usg_pct":"24.842","ortg":"98.224","drtg":"115.753","bpm":"-3.418"},{"game_id":115,"team_name":"GSW","player_id":"{\"greendr01\"}","player_name":"{\"Draymond Green\"}","ts_pct":"0.464","efg_pct":"0.400","three_par":"0.490","ftr":"0.318","orb_pct":"0.679","drb_pct":"21.112","trb_pct":"10.932","ast_pct":"38.868","stl_pct":"2.368","blk_pct":"1.400","tov_pct":"30.425","usg_pct":"12.352","ortg":"99.694","drtg":"111.953","bpm":"-1.340"},{"game_id":115,"team_name":"GSW","player_id":"{\"oubreke01\"}","player_name":"{\"Kelly Oubre Jr.\"}","ts_pct":"0.444","efg_pct":"0.421","three_par":"0.383","ftr":"0.183","orb_pct":"4.866","drb_pct":"14.142","trb_pct":"9.289","ast_pct":"4.555","stl_pct":"2.332","blk_pct":"3.462","tov_pct":"9.635","usg_pct":"22.036","ortg":"87.988","drtg":"108.835","bpm":"-5.161"},{"game_id":115,"team_name":"GSW","player_id":"{\"leeda03\"}","player_name":"{\"Damion Lee\"}","ts_pct":"0.672","efg_pct":"0.623","three_par":"0.852","ftr":"0.195","orb_pct":"2.960","drb_pct":"20.241","trb_pct":"11.773","ast_pct":"12.091","stl_pct":"0.892","blk_pct":"0.000","tov_pct":"3.441","usg_pct":"11.615","ortg":"140.341","drtg":"114.671","bpm":"1.079"},{"game_id":115,"team_name":"GSW","player_id":"benchGSW","player_name":"Bench of GSW","ts_pct":"0.563","efg_pct":"0.524","three_par":"0.269","ftr":"0.304","orb_pct":"3.627","drb_pct":"15.313","trb_pct":"9.754","ast_pct":"14.470","stl_pct":"1.062","blk_pct":"2.594","tov_pct":"13.396","usg_pct":"17.856","ortg":"110.539","drtg":"112.900","bpm":"-2.112"},{"game_id":115,"team_name":"LAC","player_id":"{\"jacksre01\"}","player_name":"{\"Reggie Jackson\"}","ts_pct":"0.455","efg_pct":"0.465","three_par":"0.587","ftr":"0.082","orb_pct":"0.561","drb_pct":"10.193","trb_pct":"5.205","ast_pct":"16.952","stl_pct":"0.794","blk_pct":"0.381","tov_pct":"12.219","usg_pct":"20.125","ortg":"91.459","drtg":"119.682","bpm":"-9.019"},{"game_id":115,"team_name":"LAC","player_id":"{\"georgpa01\"}","player_name":"{\"Paul George\"}","ts_pct":"0.642","efg_pct":"0.590","three_par":"0.530","ftr":"0.257","orb_pct":"1.407","drb_pct":"18.392","trb_pct":"9.692","ast_pct":"25.995","stl_pct":"2.828","blk_pct":"2.180","tov_pct":"18.368","usg_pct":"31.841","ortg":"110.306","drtg":"111.529","bpm":"7.238"},{"game_id":115,"team_name":"LAC","player_id":"{\"ibakase01\"}","player_name":"{\"Serge Ibaka\"}","ts_pct":"0.549","efg_pct":"0.518","three_par":"0.385","ftr":"0.226","orb_pct":"5.924","drb_pct":"23.701","trb_pct":"15.032","ast_pct":"10.444","stl_pct":"0.541","blk_pct":"5.341","tov_pct":"10.381","usg_pct":"21.818","ortg":"108.647","drtg":"112.153","bpm":"0.735"},{"game_id":115,"team_name":"LAC","player_id":"{\"leonaka01\"}","player_name":"{\"Kawhi Leonard\"}","ts_pct":"0.533","efg_pct":"0.483","three_par":"0.246","ftr":"0.273","orb_pct":"5.451","drb_pct":"16.002","trb_pct":"10.256","ast_pct":"32.552","stl_pct":"3.019","blk_pct":"3.387","tov_pct":"5.216","usg_pct":"30.099","ortg":"119.094","drtg":"109.788","bpm":"7.758"},{"game_id":115,"team_name":"LAC","player_id":"{\"beverpa01\"}","player_name":"{\"Patrick Beverley\"}","ts_pct":"0.685","efg_pct":"0.641","three_par":"0.611","ftr":"0.233","orb_pct":"6.273","drb_pct":"14.046","trb_pct":"10.099","ast_pct":"11.188","stl_pct":"1.464","blk_pct":"1.991","tov_pct":"12.721","usg_pct":"13.041","ortg":"128.165","drtg":"116.059","bpm":"1.439"},{"game_id":115,"team_name":"LAC","player_id":"{\"batumni01\"}","player_name":"{\"Nicolas Batum\"}","ts_pct":"0.653","efg_pct":"0.593","three_par":"0.522","ftr":"0.346","orb_pct":"5.480","drb_pct":"17.260","trb_pct":"11.512","ast_pct":"13.426","stl_pct":"1.387","blk_pct":"0.606","tov_pct":"9.791","usg_pct":"12.784","ortg":"136.341","drtg":"115.435","bpm":"2.305"},{"game_id":115,"team_name":"LAC","player_id":"benchLAC","player_name":"Bench of LAC","ts_pct":"0.531","efg_pct":"0.513","three_par":"0.341","ftr":"0.247","orb_pct":"3.782","drb_pct":"13.518","trb_pct":"8.906","ast_pct":"10.014","stl_pct":"1.050","blk_pct":"1.718","tov_pct":"11.093","usg_pct":"16.783","ortg":"105.335","drtg":"115.728","bpm":"-3.108"}]