[{"game_id":1014,"team_name":"CHO","player_id":"{\"roziete01\"}","player_name":"{\"Terry Rozier\"}","ts_pct":"0.474","efg_pct":"0.450","three_par":"0.457","ftr":"0.171","orb_pct":"4.296","drb_pct":"9.666","trb_pct":"7.012","ast_pct":"24.619","stl_pct":"1.420","blk_pct":"0.824","tov_pct":"5.676","usg_pct":"26.271","ortg":"107.165","drtg":"117.024","bpm":"-1.564"},{"game_id":1014,"team_name":"CHO","player_id":"{\"washipj01\"}","player_name":"{\"P.J. Washington\"}","ts_pct":"0.686","efg_pct":"0.689","three_par":"0.458","ftr":"0.156","orb_pct":"3.133","drb_pct":"15.285","trb_pct":"9.244","ast_pct":"9.035","stl_pct":"1.694","blk_pct":"2.249","tov_pct":"11.627","usg_pct":"21.131","ortg":"119.694","drtg":"115.318","bpm":"2.200"},{"game_id":1014,"team_name":"CHO","player_id":"{\"ballla01\"}","player_name":"{\"LaMelo Ball\"}","ts_pct":"0.493","efg_pct":"0.449","three_par":"0.322","ftr":"0.356","orb_pct":"1.120","drb_pct":"18.911","trb_pct":"9.880","ast_pct":"32.621","stl_pct":"2.946","blk_pct":"1.200","tov_pct":"14.574","usg_pct":"29.505","ortg":"99.788","drtg":"112.400","bpm":"-1.688"},{"game_id":1014,"team_name":"CHO","player_id":"{\"biyombi01\"}","player_name":"{\"Bismack Biyombo\"}","ts_pct":"0.569","efg_pct":"0.636","three_par":"0.000","ftr":"0.447","orb_pct":"10.106","drb_pct":"17.838","trb_pct":"14.042","ast_pct":"10.424","stl_pct":"0.420","blk_pct":"4.552","tov_pct":"21.065","usg_pct":"9.719","ortg":"115.494","drtg":"114.035","bpm":"-3.169"},{"game_id":1014,"team_name":"CHO","player_id":"{\"wanambr01\"}","player_name":"{\"Brad Wanamaker\"}","ts_pct":"0.486","efg_pct":"0.430","three_par":"0.087","ftr":"0.360","orb_pct":"3.953","drb_pct":"6.053","trb_pct":"4.984","ast_pct":"19.740","stl_pct":"1.694","blk_pct":"0.660","tov_pct":"18.733","usg_pct":"16.309","ortg":"100.600","drtg":"117.506","bpm":"-6.382"},{"game_id":1014,"team_name":"CHO","player_id":"{\"martica02\"}","player_name":"{\"Caleb Martin\"}","ts_pct":"0.401","efg_pct":"0.238","three_par":"0.370","ftr":"0.360","orb_pct":"1.668","drb_pct":"18.322","trb_pct":"10.232","ast_pct":"15.167","stl_pct":"1.833","blk_pct":"0.738","tov_pct":"4.601","usg_pct":"11.185","ortg":"119.812","drtg":"115.282","bpm":"-2.015"},{"game_id":1014,"team_name":"CHO","player_id":"benchCHO","player_name":"Bench of CHO","ts_pct":"0.575","efg_pct":"0.547","three_par":"0.323","ftr":"0.399","orb_pct":"6.800","drb_pct":"15.665","trb_pct":"11.127","ast_pct":"12.127","stl_pct":"1.103","blk_pct":"1.562","tov_pct":"9.924","usg_pct":"20.783","ortg":"112.180","drtg":"115.536","bpm":"-3.350"},{"game_id":1014,"team_name":"NOP","player_id":"{\"bledser01\"}","player_name":"{\"Eric Bledsoe\"}","ts_pct":"0.572","efg_pct":"0.554","three_par":"0.472","ftr":"0.312","orb_pct":"1.948","drb_pct":"10.654","trb_pct":"6.171","ast_pct":"16.382","stl_pct":"1.891","blk_pct":"1.082","tov_pct":"10.254","usg_pct":"18.082","ortg":"114.024","drtg":"108.976","bpm":"0.574"},{"game_id":1014,"team_name":"NOP","player_id":"{\"johnsja01\"}","player_name":"{\"James Johnson\"}","ts_pct":"0.431","efg_pct":"0.418","three_par":"0.312","ftr":"0.209","orb_pct":"3.529","drb_pct":"16.596","trb_pct":"9.707","ast_pct":"8.146","stl_pct":"1.101","blk_pct":"4.059","tov_pct":"13.499","usg_pct":"17.102","ortg":"87.553","drtg":"108.071","bpm":"-5.808"},{"game_id":1014,"team_name":"NOP","player_id":"{\"balllo01\"}","player_name":"{\"Lonzo Ball\"}","ts_pct":"0.508","efg_pct":"0.498","three_par":"0.641","ftr":"0.104","orb_pct":"1.985","drb_pct":"20.522","trb_pct":"11.156","ast_pct":"26.616","stl_pct":"2.808","blk_pct":"0.971","tov_pct":"17.774","usg_pct":"24.736","ortg":"97.729","drtg":"104.647","bpm":"2.456"},{"game_id":1014,"team_name":"NOP","player_id":"{\"marshna01\"}","player_name":"{\"Naji Marshall\"}","ts_pct":"0.486","efg_pct":"0.460","three_par":"0.458","ftr":"0.241","orb_pct":"1.999","drb_pct":"22.899","trb_pct":"12.105","ast_pct":"17.853","stl_pct":"2.081","blk_pct":"1.762","tov_pct":"14.698","usg_pct":"16.153","ortg":"100.541","drtg":"105.106","bpm":"-0.069"},{"game_id":1014,"team_name":"NOP","player_id":"{\"hayesja02\"}","player_name":"{\"Jaxson Hayes\"}","ts_pct":"0.705","efg_pct":"0.675","three_par":"0.033","ftr":"0.424","orb_pct":"10.567","drb_pct":"18.704","trb_pct":"14.720","ast_pct":"4.660","stl_pct":"1.664","blk_pct":"4.531","tov_pct":"8.559","usg_pct":"17.404","ortg":"136.447","drtg":"105.435","bpm":"2.268"},{"game_id":1014,"team_name":"NOP","player_id":"{\"hernawi01\"}","player_name":"{\"Willy Hernangómez\"}","ts_pct":"0.622","efg_pct":"0.583","three_par":"0.023","ftr":"0.399","orb_pct":"10.952","drb_pct":"22.971","trb_pct":"16.858","ast_pct":"7.795","stl_pct":"1.741","blk_pct":"1.840","tov_pct":"15.809","usg_pct":"14.844","ortg":"127.376","drtg":"106.129","bpm":"0.691"},{"game_id":1014,"team_name":"NOP","player_id":"benchNOP","player_name":"Bench of NOP","ts_pct":"0.358","efg_pct":"0.314","three_par":"0.371","ftr":"0.272","orb_pct":"5.265","drb_pct":"11.699","trb_pct":"8.702","ast_pct":"9.009","stl_pct":"2.142","blk_pct":"2.340","tov_pct":"14.075","usg_pct":"17.553","ortg":"74.798","drtg":"110.275","bpm":"-6.342"}]