[{"game_id":1101,"team_name":"NYK","player_id":"teamNYK","player_name":"Team name: NYK","ts_pct":"0.579","efg_pct":"0.548","three_par":"0.327","ftr":"0.207","orb_pct":"3.620","drb_pct":"16.707","trb_pct":"10.389","ast_pct":"14.388","stl_pct":"2.340","blk_pct":"2.244","tov_pct":"9.025","usg_pct":"19.416","ortg":"120.623","drtg":"117.829","bpm":"0.045"},{"game_id":1101,"team_name":"ATL","player_id":"teamATL","player_name":"Team name: ATL","ts_pct":"0.637","efg_pct":"0.598","three_par":"0.384","ftr":"0.281","orb_pct":"4.856","drb_pct":"16.826","trb_pct":"11.408","ast_pct":"15.773","stl_pct":"1.527","blk_pct":"2.311","tov_pct":"11.089","usg_pct":"21.628","ortg":"128.711","drtg":"124.218","bpm":"0.241"}]