[{"game_id":1236,"team_name":"ATL","player_id":"teamATL","player_name":"Team name: ATL","fg":"41.886","fga":"92.526","fg_pct":"0.453","three_p":"12.623","three_pa":"37.429","three_p_pct":"0.337","ft":"17.269","fta":"24.703","ft_pct":"0.699","orb":"10.977","drb":"35.006","trb":"45.983","ast":"26.297","stl":"9.303","blk":"5.366","tov":"15.091","pf":"23.091","pts":"113.663"},{"game_id":1236,"team_name":"MIA","player_id":"teamMIA","player_name":"Team name: MIA","fg":"40.863","fga":"89.503","fg_pct":"0.457","three_p":"11.857","three_pa":"33.691","three_p_pct":"0.352","ft":"18.366","fta":"25.286","ft_pct":"0.726","orb":"9.903","drb":"38.326","trb":"48.229","ast":"24.726","stl":"7.971","blk":"5.971","tov":"17.474","pf":"22.606","pts":"111.949"}]