[{"game_id":1109,"team_name":"MIA","player_id":"teamMIA","player_name":"Team name: MIA","fg":"40.131","fga":"86.337","fg_pct":"0.465","three_p":"14.526","three_pa":"36.577","three_p_pct":"0.397","ft":"15.206","fta":"19.686","ft_pct":"0.772","orb":"8.406","drb":"32.520","trb":"40.926","ast":"25.120","stl":"7.983","blk":"3.617","tov":"13.446","pf":"19.486","pts":"109.994"},{"game_id":1109,"team_name":"MIL","player_id":"teamMIL","player_name":"Team name: MIL","fg":"45.434","fga":"92.691","fg_pct":"0.490","three_p":"13.257","three_pa":"37.920","three_p_pct":"0.350","ft":"19.326","fta":"25.749","ft_pct":"0.751","orb":"12.086","drb":"40.063","trb":"52.149","ast":"25.520","stl":"7.646","blk":"3.851","tov":"13.314","pf":"17.606","pts":"123.451"}]