[{"game_id":1214,"team_name":"TOR","player_id":"teamTOR","player_name":"Team name: TOR","fg":"38.383","fga":"84.651","fg_pct":"0.453","three_p":"13.280","three_pa":"35.531","three_p_pct":"0.374","ft":"21.514","fta":"25.246","ft_pct":"0.852","orb":"9.646","drb":"35.811","trb":"45.457","ast":"23.154","stl":"7.331","blk":"5.554","tov":"14.977","pf":"23.497","pts":"111.560"},{"game_id":1214,"team_name":"ORL","player_id":"teamORL","player_name":"Team name: ORL","fg":"36.931","fga":"86.949","fg_pct":"0.425","three_p":"10.229","three_pa":"33.406","three_p_pct":"0.306","ft":"17.680","fta":"22.360","ft_pct":"0.791","orb":"10.229","drb":"34.286","trb":"44.514","ast":"21.543","stl":"7.811","blk":"4.446","tov":"13.840","pf":"18.274","pts":"101.771"}]