[{"game_id":1093,"team_name":"NYK","player_id":"teamNYK","player_name":"Team name: NYK","fg":"38.971","fga":"86.314","fg_pct":"0.452","three_p":"13.366","three_pa":"31.703","three_p_pct":"0.422","ft":"15.566","fta":"18.606","ft_pct":"0.837","orb":"6.817","drb":"36.669","trb":"43.486","ast":"22.126","stl":"6.429","blk":"6.086","tov":"10.143","pf":"20.029","pts":"106.874"},{"game_id":1093,"team_name":"ATL","player_id":"teamATL","player_name":"Team name: ATL","fg":"43.269","fga":"87.274","fg_pct":"0.496","three_p":"11.869","three_pa":"30.806","three_p_pct":"0.385","ft":"19.451","fta":"24.040","ft_pct":"0.809","orb":"10.131","drb":"37.977","trb":"48.109","ast":"24.829","stl":"6.783","blk":"5.474","tov":"12.206","pf":"18.589","pts":"117.857"}]