[{"game_id":1214,"team_name":"TOR","player_id":"{\"bouchch01\"}","player_name":"{\"Chris Boucher\"}","fg":"1.400","fga":"2.847","fg_pct":"0.492","three_p":"0.329","three_pa":"1.318","three_p_pct":"0.250","ft":"0.400","fta":"0.529","ft_pct":"0.756","orb":"0.435","drb":"2.235","trb":"2.671","ast":"0.235","stl":"0.176","blk":"0.824","tov":"0.624","pf":"1.071","pts":"3.529"},{"game_id":1214,"team_name":"TOR","player_id":"{\"vanvlfr01\"}","player_name":"{\"Fred VanVleet\"}","fg":"5.259","fga":"11.871","fg_pct":"0.443","three_p":"3.118","three_pa":"6.765","three_p_pct":"0.461","ft":"2.494","fta":"2.741","ft_pct":"0.910","orb":"0.482","drb":"2.894","trb":"3.376","ast":"3.859","stl":"1.129","blk":"0.141","tov":"1.788","pf":"2.212","pts":"16.129"},{"game_id":1214,"team_name":"TOR","player_id":"{\"anunoog01\"}","player_name":"{\"OG Anunoby\"}","fg":"3.318","fga":"6.365","fg_pct":"0.521","three_p":"0.965","three_pa":"2.894","three_p_pct":"0.333","ft":"0.565","fta":"0.741","ft_pct":"0.762","orb":"1.188","drb":"2.988","trb":"4.176","ast":"0.918","stl":"0.541","blk":"1.282","tov":"1.259","pf":"2.329","pts":"8.165"},{"game_id":1214,"team_name":"TOR","player_id":"{\"lowryky01\"}","player_name":"{\"Kyle Lowry\"}","fg":"6.212","fga":"13.965","fg_pct":"0.445","three_p":"3.094","three_pa":"7.765","three_p_pct":"0.398","ft":"3.035","fta":"3.706","ft_pct":"0.819","orb":"0.471","drb":"4.235","trb":"4.706","ast":"7.247","stl":"1.553","blk":"0.588","tov":"2.753","pf":"4.118","pts":"18.553"},{"game_id":1214,"team_name":"TOR","player_id":"{\"siakapa01\"}","player_name":"{\"Pascal Siakam\"}","fg":"8.588","fga":"18.059","fg_pct":"0.476","three_p":"1.635","three_pa":"4.494","three_p_pct":"0.364","ft":"4.329","fta":"4.965","ft_pct":"0.872","orb":"2.306","drb":"6.200","trb":"8.506","ast":"3.341","stl":"0.482","blk":"0.506","tov":"2.753","pf":"2.824","pts":"23.141"},{"game_id":1214,"team_name":"TOR","player_id":"{\"gasolma01\"}","player_name":"{\"Marc Gasol\"}","fg":"2.200","fga":"6.706","fg_pct":"0.328","three_p":"0.882","three_pa":"2.965","three_p_pct":"0.297","ft":"2.682","fta":"3.047","ft_pct":"0.880","orb":"1.118","drb":"5.753","trb":"6.871","ast":"2.729","stl":"0.259","blk":"0.329","tov":"1.047","pf":"3.624","pts":"7.965"},{"game_id":1214,"team_name":"TOR","player_id":"benchTOR","player_name":"Bench of TOR","fg":"2.120","fga":"4.413","fg_pct":"0.480","three_p":"0.438","three_pa":"1.368","three_p_pct":"0.320","ft":"1.080","fta":"1.301","ft_pct":"0.830","orb":"0.666","drb":"2.534","trb":"3.201","ast":"0.910","stl":"0.479","blk":"0.567","tov":"0.930","pf":"1.698","pts":"5.758"},{"game_id":1214,"team_name":"ORL","player_id":"{\"isaacjo01\"}","player_name":"{\"Jonathan Isaac\"}","fg":"2.294","fga":"7.635","fg_pct":"0.300","three_p":"0.682","three_pa":"3.412","three_p_pct":"0.200","ft":"1.388","fta":"1.682","ft_pct":"0.825","orb":"1.718","drb":"4.271","trb":"5.988","ast":"0.624","stl":"0.635","blk":"1.576","tov":"1.118","pf":"1.906","pts":"6.659"},{"game_id":1214,"team_name":"ORL","player_id":"{\"gordoaa01\"}","player_name":"{\"Aaron Gordon\"}","fg":"5.329","fga":"11.671","fg_pct":"0.457","three_p":"1.094","three_pa":"3.353","three_p_pct":"0.326","ft":"2.376","fta":"3.659","ft_pct":"0.649","orb":"2.082","drb":"4.459","trb":"6.541","ast":"3.435","stl":"1.294","blk":"0.400","tov":"2.247","pf":"2.612","pts":"14.129"},{"game_id":1214,"team_name":"ORL","player_id":"{\"fournev01\"}","player_name":"{\"Evan Fournier\"}","fg":"6.141","fga":"14.435","fg_pct":"0.425","three_p":"1.482","three_pa":"5.918","three_p_pct":"0.250","ft":"2.118","fta":"2.965","ft_pct":"0.714","orb":"0.424","drb":"2.788","trb":"3.212","ast":"2.353","stl":"1.176","blk":"0.141","tov":"2.259","pf":"2.471","pts":"15.882"},{"game_id":1214,"team_name":"ORL","player_id":"{\"fultzma01\"}","player_name":"{\"Markelle Fultz\"}","fg":"3.318","fga":"7.353","fg_pct":"0.451","three_p":"0.306","three_pa":"1.471","three_p_pct":"0.208","ft":"0.824","fta":"1.494","ft_pct":"0.552","orb":"1.176","drb":"1.459","trb":"2.635","ast":"2.859","stl":"0.612","blk":"0.259","tov":"1.341","pf":"2.635","pts":"7.765"},{"game_id":1214,"team_name":"ORL","player_id":"{\"augusdj01\"}","player_name":"{\"D.J. Augustin\"}","fg":"4.318","fga":"9.188","fg_pct":"0.470","three_p":"1.529","three_pa":"3.447","three_p_pct":"0.444","ft":"2.306","fta":"2.588","ft_pct":"0.891","orb":"0.459","drb":"1.941","trb":"2.400","ast":"4.435","stl":"0.329","blk":"0.094","tov":"1.365","pf":"1.012","pts":"12.471"},{"game_id":1214,"team_name":"ORL","player_id":"{\"vucevni01\"}","player_name":"{\"Nikola Vučević\"}","fg":"6.341","fga":"14.600","fg_pct":"0.434","three_p":"0.671","three_pa":"3.341","three_p_pct":"0.201","ft":"2.529","fta":"3.129","ft_pct":"0.808","orb":"2.565","drb":"6.682","trb":"9.247","ast":"2.765","stl":"0.647","blk":"0.835","tov":"2.271","pf":"2.365","pts":"15.882"},{"game_id":1214,"team_name":"ORL","player_id":"benchORL","player_name":"Bench of ORL","fg":"2.459","fga":"6.438","fg_pct":"0.382","three_p":"1.054","three_pa":"3.126","three_p_pct":"0.337","ft":"1.699","fta":"2.088","ft_pct":"0.814","orb":"0.847","drb":"3.427","trb":"4.273","ast":"1.240","stl":"0.731","blk":"0.444","tov":"1.148","pf":"1.735","pts":"7.671"}]