[{"game_id":1039,"team_name":"CLE","player_id":"{\"okorois01\"}","player_name":"{\"Isaac Okoro\"}","fg":"5.424","fga":"12.776","fg_pct":"0.425","three_p":"1.365","three_pa":"4.318","three_p_pct":"0.316","ft":"3.565","fta":"4.694","ft_pct":"0.759","orb":"1.165","drb":"3.035","trb":"4.200","ast":"2.282","stl":"0.659","blk":"0.000","tov":"0.765","pf":"3.235","pts":"15.776"},{"game_id":1039,"team_name":"CLE","player_id":"{\"thomabr01\"}","player_name":"{\"Brodric Thomas\"}","fg":"1.788","fga":"3.929","fg_pct":"0.455","three_p":"0.976","three_pa":"2.247","three_p_pct":"0.434","ft":"0.894","fta":"1.412","ft_pct":"0.633","orb":"0.412","drb":"1.929","trb":"2.341","ast":"1.165","stl":"0.341","blk":"0.600","tov":"1.106","pf":"1.753","pts":"5.447"},{"game_id":1039,"team_name":"CLE","player_id":"{\"loveke01\"}","player_name":"{\"Kevin Love\"}","fg":"3.812","fga":"9.918","fg_pct":"0.384","three_p":"2.365","three_pa":"6.082","three_p_pct":"0.389","ft":"1.353","fta":"1.553","ft_pct":"0.871","orb":"0.824","drb":"7.765","trb":"8.588","ast":"2.988","stl":"0.647","blk":"0.000","tov":"1.682","pf":"1.141","pts":"11.341"},{"game_id":1039,"team_name":"CLE","player_id":"{\"sextoco01\"}","player_name":"{\"Collin Sexton\"}","fg":"8.553","fga":"20.024","fg_pct":"0.427","three_p":"1.682","three_pa":"4.729","three_p_pct":"0.356","ft":"5.976","fta":"7.753","ft_pct":"0.771","orb":"1.929","drb":"2.471","trb":"4.400","ast":"5.600","stl":"0.835","blk":"0.271","tov":"2.988","pf":"2.400","pts":"24.765"},{"game_id":1039,"team_name":"CLE","player_id":"{\"allenja01\"}","player_name":"{\"Jarrett Allen\"}","fg":"4.176","fga":"7.459","fg_pct":"0.560","three_p":"0.153","three_pa":"0.482","three_p_pct":"0.317","ft":"2.529","fta":"4.035","ft_pct":"0.627","orb":"3.976","drb":"6.153","trb":"10.129","ast":"2.129","stl":"0.706","blk":"0.835","tov":"1.988","pf":"1.165","pts":"11.035"},{"game_id":1039,"team_name":"CLE","player_id":"{\"varejan01\"}","player_name":"{\"Anderson Varejão\"}","fg":"0.424","fga":"2.176","fg_pct":"0.195","three_p":"0.000","three_pa":"0.153","three_p_pct":"0.000","ft":"0.682","fta":"1.435","ft_pct":"0.475","orb":"0.965","drb":"1.976","trb":"2.941","ast":"0.682","stl":"0.106","blk":"0.271","tov":"0.376","pf":"1.224","pts":"1.529"},{"game_id":1039,"team_name":"CLE","player_id":"benchCLE","player_name":"Bench of CLE","fg":"2.495","fga":"6.074","fg_pct":"0.411","three_p":"1.311","three_pa":"3.931","three_p_pct":"0.334","ft":"0.824","fta":"1.108","ft_pct":"0.744","orb":"0.660","drb":"2.420","trb":"3.080","ast":"1.084","stl":"0.604","blk":"0.195","tov":"0.802","pf":"1.054","pts":"7.126"},{"game_id":1039,"team_name":"BOS","player_id":"{\"langfro01\"}","player_name":"{\"Romeo Langford\"}","fg":"0.753","fga":"2.447","fg_pct":"0.308","three_p":"0.118","three_pa":"0.859","three_p_pct":"0.137","ft":"0.129","fta":"0.129","ft_pct":"1.000","orb":"0.494","drb":"0.965","trb":"1.459","ast":"0.741","stl":"0.165","blk":"0.306","tov":"0.506","pf":"1.282","pts":"1.753"},{"game_id":1039,"team_name":"BOS","player_id":"{\"ojelese01\"}","player_name":"{\"Semi Ojeleye\"}","fg":"1.141","fga":"2.812","fg_pct":"0.406","three_p":"0.553","three_pa":"1.906","three_p_pct":"0.290","ft":"0.000","fta":"0.000","ft_pct":"NaN","orb":"0.435","drb":"1.494","trb":"1.929","ast":"0.365","stl":"0.553","blk":"0.000","tov":"0.318","pf":"0.471","pts":"2.835"},{"game_id":1039,"team_name":"BOS","player_id":"{\"edwarca01\"}","player_name":"{\"Carsen Edwards\"}","fg":"0.671","fga":"1.741","fg_pct":"0.385","three_p":"0.388","three_pa":"1.341","three_p_pct":"0.289","ft":"0.518","fta":"0.518","ft_pct":"1.000","orb":"0.082","drb":"0.471","trb":"0.553","ast":"0.624","stl":"0.153","blk":"0.000","tov":"0.365","pf":"0.341","pts":"2.247"},{"game_id":1039,"team_name":"BOS","player_id":"{\"tatumja01\"}","player_name":"{\"Jayson Tatum\"}","fg":"10.376","fga":"20.906","fg_pct":"0.496","three_p":"3.212","three_pa":"7.835","three_p_pct":"0.410","ft":"5.824","fta":"6.918","ft_pct":"0.842","orb":"1.047","drb":"5.988","trb":"7.035","ast":"4.824","stl":"0.988","blk":"0.871","tov":"3.188","pf":"2.459","pts":"29.788"},{"game_id":1039,"team_name":"BOS","player_id":"{\"fournev01\"}","player_name":"{\"Evan Fournier\"}","fg":"5.965","fga":"11.318","fg_pct":"0.527","three_p":"3.082","three_pa":"5.988","three_p_pct":"0.515","ft":"0.612","fta":"0.835","ft_pct":"0.733","orb":"0.388","drb":"3.824","trb":"4.212","ast":"4.059","stl":"1.224","blk":"0.694","tov":"1.071","pf":"2.824","pts":"15.624"},{"game_id":1039,"team_name":"BOS","player_id":"{\"willigr01\"}","player_name":"{\"Grant Williams\"}","fg":"1.588","fga":"3.400","fg_pct":"0.467","three_p":"0.612","three_pa":"1.953","three_p_pct":"0.313","ft":"0.718","fta":"0.918","ft_pct":"0.782","orb":"0.341","drb":"1.459","trb":"1.800","ast":"1.024","stl":"0.247","blk":"0.506","tov":"0.694","pf":"2.318","pts":"4.506"},{"game_id":1039,"team_name":"BOS","player_id":"benchBOS","player_name":"Bench of BOS","fg":"2.195","fga":"4.517","fg_pct":"0.486","three_p":"0.760","three_pa":"1.776","three_p_pct":"0.428","ft":"0.712","fta":"1.009","ft_pct":"0.706","orb":"1.108","drb":"2.485","trb":"3.593","ast":"1.254","stl":"0.390","blk":"0.465","tov":"0.693","pf":"1.575","pts":"5.862"}]