[{"game_id":1017,"team_name":"DET","player_id":"{\"jacksfr01\"}","player_name":"{\"Frank Jackson\"}","fg":"5.200","fga":"11.294","fg_pct":"0.460","three_p":"2.082","three_pa":"5.071","three_p_pct":"0.411","ft":"2.412","fta":"2.835","ft_pct":"0.851","orb":"0.435","drb":"2.682","trb":"3.118","ast":"1.788","stl":"0.941","blk":"0.000","tov":"0.871","pf":"1.882","pts":"14.894"},{"game_id":1017,"team_name":"DET","player_id":"{\"beysa01\"}","player_name":"{\"Saddiq Bey\"}","fg":"4.776","fga":"11.529","fg_pct":"0.414","three_p":"2.788","three_pa":"7.059","three_p_pct":"0.395","ft":"2.141","fta":"2.565","ft_pct":"0.835","orb":"1.200","drb":"5.918","trb":"7.118","ast":"1.776","stl":"0.682","blk":"0.518","tov":"0.635","pf":"1.106","pts":"14.482"},{"game_id":1017,"team_name":"DET","player_id":"{\"hayeski01\"}","player_name":"{\"Killian Hayes\"}","fg":"2.600","fga":"7.459","fg_pct":"0.349","three_p":"0.800","three_pa":"2.400","three_p_pct":"0.333","ft":"0.553","fta":"0.824","ft_pct":"0.671","orb":"0.306","drb":"2.529","trb":"2.835","ast":"6.776","stl":"1.494","blk":"0.376","tov":"4.094","pf":"2.459","pts":"6.553"},{"game_id":1017,"team_name":"DET","player_id":"{\"stewais01\"}","player_name":"{\"Isaiah Stewart\"}","fg":"3.753","fga":"8.435","fg_pct":"0.445","three_p":"0.565","three_pa":"2.835","three_p_pct":"0.199","ft":"1.871","fta":"2.200","ft_pct":"0.850","orb":"1.988","drb":"5.224","trb":"7.212","ast":"0.435","stl":"0.741","blk":"2.400","tov":"1.141","pf":"3.847","pts":"9.941"},{"game_id":1017,"team_name":"DET","player_id":"{\"leesa01\"}","player_name":"{\"Saben Lee\"}","fg":"1.600","fga":"4.118","fg_pct":"0.389","three_p":"0.118","three_pa":"0.612","three_p_pct":"0.193","ft":"0.118","fta":"0.506","ft_pct":"0.233","orb":"0.294","drb":"1.624","trb":"1.918","ast":"4.012","stl":"0.200","blk":"0.212","tov":"1.376","pf":"1.565","pts":"3.435"},{"game_id":1017,"team_name":"DET","player_id":"{\"doumbse01\"}","player_name":"{\"Sekou Doumbouya\"}","fg":"4.518","fga":"9.753","fg_pct":"0.463","three_p":"0.635","three_pa":"3.247","three_p_pct":"0.196","ft":"0.718","fta":"1.482","ft_pct":"0.484","orb":"1.518","drb":"3.047","trb":"4.565","ast":"1.765","stl":"0.576","blk":"0.188","tov":"0.953","pf":"2.094","pts":"10.388"},{"game_id":1017,"team_name":"DET","player_id":"benchDET","player_name":"Bench of DET","fg":"1.900","fga":"2.839","fg_pct":"0.669","three_p":"0.273","three_pa":"0.681","three_p_pct":"0.401","ft":"0.356","fta":"0.665","ft_pct":"0.535","orb":"0.402","drb":"1.917","trb":"2.320","ast":"0.451","stl":"0.168","blk":"0.057","tov":"0.553","pf":"1.163","pts":"4.428"},{"game_id":1017,"team_name":"CHI","player_id":"{\"vucevni01\"}","player_name":"{\"Nikola Vučević\"}","fg":"9.012","fga":"19.271","fg_pct":"0.468","three_p":"2.576","three_pa":"6.106","three_p_pct":"0.422","ft":"1.494","fta":"1.706","ft_pct":"0.876","orb":"2.812","drb":"10.376","trb":"13.188","ast":"4.588","stl":"1.106","blk":"0.718","tov":"2.400","pf":"1.894","pts":"22.094"},{"game_id":1017,"team_name":"CHI","player_id":"{\"lavinza01\"}","player_name":"{\"Zach LaVine\"}","fg":"9.341","fga":"20.224","fg_pct":"0.462","three_p":"3.576","three_pa":"9.576","three_p_pct":"0.373","ft":"3.341","fta":"4.212","ft_pct":"0.793","orb":"0.800","drb":"4.471","trb":"5.271","ast":"5.588","stl":"0.682","blk":"0.753","tov":"2.776","pf":"1.918","pts":"25.600"},{"game_id":1017,"team_name":"CHI","player_id":"{\"templga01\"}","player_name":"{\"Garrett Temple\"}","fg":"2.835","fga":"6.976","fg_pct":"0.406","three_p":"1.200","three_pa":"3.612","three_p_pct":"0.332","ft":"0.376","fta":"0.647","ft_pct":"0.581","orb":"0.553","drb":"1.776","trb":"2.329","ast":"2.318","stl":"0.565","blk":"0.471","tov":"1.106","pf":"2.459","pts":"7.247"},{"game_id":1017,"team_name":"CHI","player_id":"{\"whiteco01\"}","player_name":"{\"Coby White\"}","fg":"6.647","fga":"14.776","fg_pct":"0.450","three_p":"3.576","three_pa":"8.259","three_p_pct":"0.433","ft":"1.976","fta":"2.318","ft_pct":"0.852","orb":"0.435","drb":"3.259","trb":"3.694","ast":"5.506","stl":"0.576","blk":"0.447","tov":"2.835","pf":"2.929","pts":"18.847"},{"game_id":1017,"team_name":"CHI","player_id":"{\"youngth01\"}","player_name":"{\"Thaddeus Young\"}","fg":"4.694","fga":"9.118","fg_pct":"0.515","three_p":"0.106","three_pa":"0.400","three_p_pct":"0.265","ft":"1.659","fta":"2.412","ft_pct":"0.688","orb":"2.176","drb":"3.082","trb":"5.259","ast":"4.976","stl":"1.224","blk":"0.494","tov":"2.035","pf":"1.859","pts":"11.153"},{"game_id":1017,"team_name":"CHI","player_id":"{\"willipa01\"}","player_name":"{\"Patrick Williams\"}","fg":"3.224","fga":"7.082","fg_pct":"0.455","three_p":"0.576","three_pa":"1.482","three_p_pct":"0.389","ft":"1.447","fta":"2.482","ft_pct":"0.583","orb":"0.788","drb":"3.812","trb":"4.600","ast":"1.918","stl":"0.894","blk":"0.329","tov":"1.329","pf":"1.318","pts":"8.471"},{"game_id":1017,"team_name":"CHI","player_id":"benchCHI","player_name":"Bench of CHI","fg":"2.429","fga":"5.186","fg_pct":"0.468","three_p":"0.823","three_pa":"2.539","three_p_pct":"0.324","ft":"1.057","fta":"1.255","ft_pct":"0.842","orb":"0.563","drb":"2.336","trb":"2.898","ast":"1.486","stl":"0.369","blk":"0.224","tov":"0.781","pf":"1.143","pts":"6.739"}]