[{"game_id":1059,"team_name":"GSW","player_id":"{\"muldemy01\"}","player_name":"{\"Mychal Mulder\"}","fg":"4.165","fga":"9.188","fg_pct":"0.453","three_p":"3.024","three_pa":"7.176","three_p_pct":"0.421","ft":"0.282","fta":"0.282","ft_pct":"1.000","orb":"0.612","drb":"1.082","trb":"1.694","ast":"0.612","stl":"0.212","blk":"0.235","tov":"0.635","pf":"1.647","pts":"11.635"},{"game_id":1059,"team_name":"GSW","player_id":"{\"toscaju01\"}","player_name":"{\"Juan Toscano-Anderson\"}","fg":"3.012","fga":"5.165","fg_pct":"0.583","three_p":"1.035","three_pa":"2.694","three_p_pct":"0.384","ft":"0.235","fta":"0.447","ft_pct":"0.526","orb":"0.400","drb":"5.882","trb":"6.282","ast":"4.882","stl":"1.400","blk":"0.894","tov":"1.741","pf":"2.729","pts":"7.294"},{"game_id":1059,"team_name":"GSW","player_id":"{\"poolejo01\"}","player_name":"{\"Jordan Poole\"}","fg":"4.482","fga":"10.035","fg_pct":"0.447","three_p":"2.341","three_pa":"6.812","three_p_pct":"0.344","ft":"2.812","fta":"3.259","ft_pct":"0.863","orb":"0.624","drb":"2.012","trb":"2.635","ast":"1.576","stl":"0.212","blk":"0.153","tov":"0.929","pf":"1.788","pts":"14.118"},{"game_id":1059,"team_name":"GSW","player_id":"{\"bazemke01\"}","player_name":"{\"Kent Bazemore\"}","fg":"4.282","fga":"9.047","fg_pct":"0.473","three_p":"1.812","three_pa":"4.541","three_p_pct":"0.399","ft":"0.871","fta":"1.224","ft_pct":"0.712","orb":"0.224","drb":"5.376","trb":"5.600","ast":"1.800","stl":"1.318","blk":"0.706","tov":"1.306","pf":"2.824","pts":"11.247"},{"game_id":1059,"team_name":"GSW","player_id":"{\"mannini01\"}","player_name":"{\"Nico Mannion\"}","fg":"0.541","fga":"1.153","fg_pct":"0.469","three_p":"0.259","three_pa":"0.588","three_p_pct":"0.440","ft":"0.000","fta":"0.000","ft_pct":"NaN","orb":"0.059","drb":"0.682","trb":"0.741","ast":"1.400","stl":"0.341","blk":"0.000","tov":"0.812","pf":"0.459","pts":"1.341"},{"game_id":1059,"team_name":"GSW","player_id":"{\"looneke01\"}","player_name":"{\"Kevon Looney\"}","fg":"2.094","fga":"3.812","fg_pct":"0.549","three_p":"0.000","three_pa":"0.059","three_p_pct":"0.000","ft":"0.494","fta":"1.165","ft_pct":"0.424","orb":"1.953","drb":"5.718","trb":"7.671","ast":"2.047","stl":"0.176","blk":"0.412","tov":"0.471","pf":"3.047","pts":"4.682"},{"game_id":1059,"team_name":"GSW","player_id":"benchGSW","player_name":"Bench of GSW","fg":"1.620","fga":"3.797","fg_pct":"0.427","three_p":"0.330","three_pa":"0.884","three_p_pct":"0.373","ft":"0.432","fta":"0.658","ft_pct":"0.657","orb":"0.553","drb":"1.747","trb":"2.299","ast":"0.773","stl":"0.415","blk":"0.420","tov":"0.885","pf":"0.911","pts":"4.002"},{"game_id":1059,"team_name":"NOP","player_id":"{\"alexani01\"}","player_name":"{\"Nickeil Alexander-Walker\"}","fg":"6.012","fga":"14.118","fg_pct":"0.426","three_p":"2.329","three_pa":"6.353","three_p_pct":"0.367","ft":"1.118","fta":"1.929","ft_pct":"0.580","orb":"0.235","drb":"3.753","trb":"3.988","ast":"3.047","stl":"1.024","blk":"0.612","tov":"2.082","pf":"2.718","pts":"15.471"},{"game_id":1059,"team_name":"NOP","player_id":"{\"marshna01\"}","player_name":"{\"Naji Marshall\"}","fg":"3.800","fga":"9.376","fg_pct":"0.405","three_p":"0.918","three_pa":"3.341","three_p_pct":"0.275","ft":"1.153","fta":"1.494","ft_pct":"0.772","orb":"1.106","drb":"4.788","trb":"5.894","ast":"2.588","stl":"1.200","blk":"0.400","tov":"1.400","pf":"2.047","pts":"9.671"},{"game_id":1059,"team_name":"NOP","player_id":"{\"gabriwe01\"}","player_name":"{\"Wenyen Gabriel\"}","fg":"1.694","fga":"3.659","fg_pct":"0.463","three_p":"0.953","three_pa":"1.965","three_p_pct":"0.485","ft":"0.553","fta":"0.824","ft_pct":"0.671","orb":"1.071","drb":"2.353","trb":"3.424","ast":"0.318","stl":"0.671","blk":"0.600","tov":"0.694","pf":"2.118","pts":"4.894"},{"game_id":1059,"team_name":"NOP","player_id":"{\"lewiski01\"}","player_name":"{\"Kira Lewis Jr.\"}","fg":"1.976","fga":"5.965","fg_pct":"0.331","three_p":"0.576","three_pa":"2.165","three_p_pct":"0.266","ft":"1.447","fta":"1.600","ft_pct":"0.904","orb":"0.388","drb":"1.059","trb":"1.447","ast":"1.988","stl":"0.635","blk":"0.106","tov":"0.506","pf":"1.882","pts":"5.976"},{"game_id":1059,"team_name":"NOP","player_id":"{\"hayesja02\"}","player_name":"{\"Jaxson Hayes\"}","fg":"4.953","fga":"8.576","fg_pct":"0.578","three_p":"0.424","three_pa":"0.694","three_p_pct":"0.611","ft":"2.565","fta":"3.188","ft_pct":"0.805","orb":"2.388","drb":"3.424","trb":"5.812","ast":"0.718","stl":"0.659","blk":"1.659","tov":"0.835","pf":"1.353","pts":"12.894"},{"game_id":1059,"team_name":"NOP","player_id":"{\"hernawi01\"}","player_name":"{\"Willy Hernangómez\"}","fg":"4.129","fga":"7.565","fg_pct":"0.546","three_p":"0.000","three_pa":"0.082","three_p_pct":"0.000","ft":"2.612","fta":"3.741","ft_pct":"0.698","orb":"3.424","drb":"6.000","trb":"9.424","ast":"1.929","stl":"1.082","blk":"0.376","tov":"1.482","pf":"2.259","pts":"10.871"},{"game_id":1059,"team_name":"NOP","player_id":"benchNOP","player_name":"Bench of NOP","fg":"2.748","fga":"7.108","fg_pct":"0.387","three_p":"0.597","three_pa":"2.867","three_p_pct":"0.208","ft":"1.111","fta":"1.902","ft_pct":"0.584","orb":"0.417","drb":"2.272","trb":"2.688","ast":"1.681","stl":"0.508","blk":"0.231","tov":"0.692","pf":"1.612","pts":"7.205"}]