[{"game_id":102,"team_name":"MEM","player_id":"teamMEM","player_name":"Team name: MEM","fg":"41.280","fga":"92.811","fg_pct":"0.445","three_p":"11.229","three_pa":"33.349","three_p_pct":"0.337","ft":"16.160","fta":"21.154","ft_pct":"0.764","orb":"11.440","drb":"36.589","trb":"48.029","ast":"26.486","stl":"7.531","blk":"4.617","tov":"15.320","pf":"19.509","pts":"109.949"},{"game_id":102,"team_name":"LAL","player_id":"teamLAL","player_name":"Team name: LAL","fg":"42.680","fga":"87.686","fg_pct":"0.487","three_p":"12.983","three_pa":"33.240","three_p_pct":"0.391","ft":"15.497","fta":"20.006","ft_pct":"0.775","orb":"10.509","drb":"36.771","trb":"47.280","ast":"25.303","stl":"6.657","blk":"5.406","tov":"14.663","pf":"19.171","pts":"113.840"}]