[{"game_id":1100,"team_name":"PHI","player_id":"{\"scottmi01\"}","player_name":"{\"Mike Scott\"}","fg":"1.412","fga":"4.565","fg_pct":"0.309","three_p":"0.929","three_pa":"2.788","three_p_pct":"0.333","ft":"0.000","fta":"0.000","ft_pct":"NaN","orb":"0.259","drb":"1.447","trb":"1.706","ast":"1.388","stl":"0.212","blk":"0.906","tov":"0.118","pf":"1.094","pts":"3.753"},{"game_id":1100,"team_name":"PHI","player_id":"{\"reedpa01\"}","player_name":"{\"Paul Reed\"}","fg":"2.376","fga":"4.024","fg_pct":"0.590","three_p":"0.000","three_pa":"0.000","three_p_pct":"NaN","ft":"0.459","fta":"0.612","ft_pct":"0.750","orb":"1.894","drb":"1.659","trb":"3.553","ast":"0.812","stl":"0.565","blk":"0.553","tov":"0.518","pf":"1.471","pts":"5.212"},{"game_id":1100,"team_name":"PHI","player_id":"{\"joeis01\"}","player_name":"{\"Isaiah Joe\"}","fg":"1.929","fga":"4.341","fg_pct":"0.444","three_p":"1.671","three_pa":"3.612","three_p_pct":"0.463","ft":"0.988","fta":"1.271","ft_pct":"0.777","orb":"0.000","drb":"0.824","trb":"0.824","ast":"0.376","stl":"0.494","blk":"0.000","tov":"0.482","pf":"0.941","pts":"6.518"},{"game_id":1100,"team_name":"PHI","player_id":"{\"simmobe01\"}","player_name":"{\"Ben Simmons\"}","fg":"4.800","fga":"8.588","fg_pct":"0.559","three_p":"0.000","three_pa":"0.153","three_p_pct":"0.000","ft":"1.353","fta":"2.929","ft_pct":"0.462","orb":"2.388","drb":"4.235","trb":"6.624","ast":"7.847","stl":"1.282","blk":"0.353","tov":"1.518","pf":"2.859","pts":"10.953"},{"game_id":1100,"team_name":"PHI","player_id":"{\"embiijo01\"}","player_name":"{\"Joel Embiid\"}","fg":"7.518","fga":"14.400","fg_pct":"0.522","three_p":"0.753","three_pa":"2.306","three_p_pct":"0.327","ft":"7.271","fta":"7.824","ft_pct":"0.929","orb":"1.576","drb":"6.718","trb":"8.294","ast":"1.918","stl":"0.624","blk":"1.047","tov":"3.400","pf":"2.682","pts":"23.059"},{"game_id":1100,"team_name":"PHI","player_id":"{\"harrito02\"}","player_name":"{\"Tobias Harris\"}","fg":"8.071","fga":"17.012","fg_pct":"0.474","three_p":"1.141","three_pa":"3.471","three_p_pct":"0.329","ft":"2.965","fta":"3.200","ft_pct":"0.927","orb":"0.976","drb":"4.188","trb":"5.165","ast":"2.624","stl":"0.812","blk":"0.529","tov":"1.094","pf":"1.129","pts":"20.247"},{"game_id":1100,"team_name":"PHI","player_id":"benchPHI","player_name":"Bench of PHI","fg":"2.999","fga":"6.270","fg_pct":"0.478","three_p":"1.379","three_pa":"3.299","three_p_pct":"0.418","ft":"0.886","fta":"1.188","ft_pct":"0.746","orb":"0.589","drb":"2.330","trb":"2.919","ast":"1.836","stl":"0.913","blk":"0.428","tov":"0.760","pf":"1.629","pts":"8.262"},{"game_id":1100,"team_name":"WAS","player_id":"{\"gillan01\"}","player_name":"{\"Anthony Gill\"}","fg":"2.518","fga":"3.965","fg_pct":"0.635","three_p":"0.659","three_pa":"1.212","three_p_pct":"0.544","ft":"1.024","fta":"1.176","ft_pct":"0.871","orb":"0.682","drb":"1.341","trb":"2.024","ast":"0.706","stl":"0.518","blk":"0.188","tov":"0.353","pf":"1.471","pts":"6.718"},{"game_id":1100,"team_name":"WAS","player_id":"{\"mathega01\"}","player_name":"{\"Garrison Mathews\"}","fg":"1.024","fga":"2.918","fg_pct":"0.351","three_p":"0.976","three_pa":"2.647","three_p_pct":"0.369","ft":"0.976","fta":"1.224","ft_pct":"0.797","orb":"0.000","drb":"0.753","trb":"0.753","ast":"0.059","stl":"0.106","blk":"0.129","tov":"0.082","pf":"1.600","pts":"4.000"},{"game_id":1100,"team_name":"WAS","player_id":"{\"winstca01\"}","player_name":"{\"Cassius Winston\"}","fg":"0.353","fga":"1.494","fg_pct":"0.236","three_p":"0.082","three_pa":"0.435","three_p_pct":"0.189","ft":"0.047","fta":"0.094","ft_pct":"0.500","orb":"0.141","drb":"0.247","trb":"0.388","ast":"0.635","stl":"0.000","blk":"0.000","tov":"0.412","pf":"0.200","pts":"0.835"},{"game_id":1100,"team_name":"WAS","player_id":"{\"bongais01\"}","player_name":"{\"Isaac Bonga\"}","fg":"0.635","fga":"1.847","fg_pct":"0.344","three_p":"0.318","three_pa":"1.024","three_p_pct":"0.311","ft":"0.188","fta":"0.188","ft_pct":"1.000","orb":"0.259","drb":"0.482","trb":"0.741","ast":"0.506","stl":"0.259","blk":"0.200","tov":"0.671","pf":"1.259","pts":"1.776"},{"game_id":1100,"team_name":"WAS","player_id":"{\"bealbr01\"}","player_name":"{\"Bradley Beal\"}","fg":"11.376","fga":"23.659","fg_pct":"0.481","three_p":"2.035","three_pa":"6.141","three_p_pct":"0.331","ft":"5.400","fta":"6.494","ft_pct":"0.832","orb":"1.318","drb":"4.753","trb":"6.071","ast":"4.294","stl":"0.718","blk":"0.682","tov":"3.165","pf":"1.671","pts":"30.188"},{"game_id":1100,"team_name":"WAS","player_id":"{\"westbru01\"}","player_name":"{\"Russell Westbrook\"}","fg":"7.729","fga":"18.776","fg_pct":"0.412","three_p":"1.235","three_pa":"4.800","three_p_pct":"0.257","ft":"5.776","fta":"7.282","ft_pct":"0.793","orb":"1.729","drb":"9.459","trb":"11.188","ast":"13.882","stl":"1.518","blk":"0.600","tov":"3.941","pf":"3.612","pts":"22.471"},{"game_id":1100,"team_name":"WAS","player_id":"benchWAS","player_name":"Bench of WAS","fg":"4.006","fga":"7.571","fg_pct":"0.529","three_p":"0.829","three_pa":"2.109","three_p_pct":"0.393","ft":"1.251","fta":"1.521","ft_pct":"0.822","orb":"0.777","drb":"3.123","trb":"3.900","ast":"1.209","stl":"0.575","blk":"0.578","tov":"0.769","pf":"2.088","pts":"10.091"}]