[{"game_id":1140,"team_name":"DEN","player_id":"teamDEN","player_name":"Team name: DEN","fg":"42.097","fga":"91.366","fg_pct":"0.461","three_p":"14.434","three_pa":"38.069","three_p_pct":"0.379","ft":"16.131","fta":"20.349","ft_pct":"0.793","orb":"11.189","drb":"32.657","trb":"43.846","ast":"25.600","stl":"6.503","blk":"4.280","tov":"10.331","pf":"19.634","pts":"114.760"},{"game_id":1140,"team_name":"PHO","player_id":"teamPHO","player_name":"Team name: PHO","fg":"41.829","fga":"86.440","fg_pct":"0.484","three_p":"13.154","three_pa":"33.863","three_p_pct":"0.388","ft":"16.257","fta":"18.966","ft_pct":"0.857","orb":"7.846","drb":"36.509","trb":"44.354","ast":"26.920","stl":"6.949","blk":"4.531","tov":"10.337","pf":"18.394","pts":"113.069"}]