[{"game_id":1157,"team_name":"LAC","player_id":"teamLAC","player_name":"Team name: LAC","ts_pct":"0.601","efg_pct":"0.557","three_par":"0.461","ftr":"0.274","orb_pct":"4.589","drb_pct":"17.982","trb_pct":"12.344","ast_pct":"12.048","stl_pct":"1.219","blk_pct":"2.213","tov_pct":"8.190","usg_pct":"18.735","ortg":"124.585","drtg":"132.861","bpm":"0.262"},{"game_id":1157,"team_name":"PHO","player_id":"teamPHO","player_name":"Team name: PHO","ts_pct":"0.594","efg_pct":"0.552","three_par":"0.439","ftr":"0.258","orb_pct":"3.664","drb_pct":"16.143","trb_pct":"10.539","ast_pct":"16.540","stl_pct":"1.333","blk_pct":"1.872","tov_pct":"10.198","usg_pct":"20.329","ortg":"119.529","drtg":"112.606","bpm":"1.541"}]