[{"game_id":1227,"team_name":"ORL","player_id":"{\"cartemi01\"}","player_name":"{\"Michael Carter-Williams\"}","ts_pct":"0.394","efg_pct":"0.335","three_par":"0.298","ftr":"0.284","orb_pct":"3.886","drb_pct":"18.294","trb_pct":"10.400","ast_pct":"19.478","stl_pct":"3.212","blk_pct":"0.988","tov_pct":"20.707","usg_pct":"16.568","ortg":"83.176","drtg":"103.353","bpm":"-2.038"},{"game_id":1227,"team_name":"ORL","player_id":"{\"vucevni01\"}","player_name":"{\"Nikola Vučević\"}","ts_pct":"0.427","efg_pct":"0.392","three_par":"0.233","ftr":"0.203","orb_pct":"8.526","drb_pct":"26.708","trb_pct":"16.899","ast_pct":"15.774","stl_pct":"0.852","blk_pct":"1.775","tov_pct":"10.992","usg_pct":"24.986","ortg":"88.200","drtg":"104.953","bpm":"-2.104"},{"game_id":1227,"team_name":"ORL","player_id":"{\"isaacjo01\"}","player_name":"{\"Jonathan Isaac\"}","ts_pct":"0.471","efg_pct":"0.429","three_par":"0.463","ftr":"0.293","orb_pct":"5.027","drb_pct":"20.733","trb_pct":"12.275","ast_pct":"3.541","stl_pct":"1.708","blk_pct":"5.319","tov_pct":"13.652","usg_pct":"15.766","ortg":"96.176","drtg":"101.871","bpm":"-0.436"},{"game_id":1227,"team_name":"ORL","player_id":"{\"gordoaa01\"}","player_name":"{\"Aaron Gordon\"}","ts_pct":"0.455","efg_pct":"0.422","three_par":"0.286","ftr":"0.295","orb_pct":"6.113","drb_pct":"15.111","trb_pct":"10.271","ast_pct":"19.494","stl_pct":"1.772","blk_pct":"1.895","tov_pct":"16.056","usg_pct":"20.412","ortg":"95.153","drtg":"106.694","bpm":"0.144"},{"game_id":1227,"team_name":"ORL","player_id":"{\"fournev01\"}","player_name":"{\"Evan Fournier\"}","ts_pct":"0.491","efg_pct":"0.459","three_par":"0.443","ftr":"0.198","orb_pct":"1.209","drb_pct":"10.726","trb_pct":"5.448","ast_pct":"14.351","stl_pct":"1.548","blk_pct":"0.414","tov_pct":"12.811","usg_pct":"24.635","ortg":"90.753","drtg":"109.071","bpm":"-2.053"},{"game_id":1227,"team_name":"ORL","player_id":"{\"augusdj01\"}","player_name":"{\"D.J. Augustin\"}","ts_pct":"0.566","efg_pct":"0.507","three_par":"0.385","ftr":"0.342","orb_pct":"1.474","drb_pct":"8.269","trb_pct":"4.751","ast_pct":"24.926","stl_pct":"0.647","blk_pct":"0.321","tov_pct":"10.835","usg_pct":"18.894","ortg":"111.976","drtg":"111.624","bpm":"1.119"},{"game_id":1227,"team_name":"ORL","player_id":"benchORL","player_name":"Bench of ORL","ts_pct":"0.463","efg_pct":"0.426","three_par":"0.395","ftr":"0.278","orb_pct":"4.743","drb_pct":"18.913","trb_pct":"11.232","ast_pct":"11.935","stl_pct":"1.378","blk_pct":"2.227","tov_pct":"14.888","usg_pct":"18.635","ortg":"90.318","drtg":"105.508","bpm":"-2.137"},{"game_id":1227,"team_name":"NYK","player_id":"{\"gibsota01\"}","player_name":"{\"Taj Gibson\"}","ts_pct":"0.376","efg_pct":"0.274","three_par":"0.318","ftr":"0.493","orb_pct":"8.526","drb_pct":"15.746","trb_pct":"11.978","ast_pct":"9.800","stl_pct":"0.778","blk_pct":"0.920","tov_pct":"10.034","usg_pct":"14.616","ortg":"95.235","drtg":"115.941","bpm":"-3.887"},{"game_id":1227,"team_name":"NYK","player_id":"{\"randlju01\"}","player_name":"{\"Julius Randle\"}","ts_pct":"0.539","efg_pct":"0.497","three_par":"0.201","ftr":"0.436","orb_pct":"11.385","drb_pct":"21.295","trb_pct":"16.439","ast_pct":"19.799","stl_pct":"1.148","blk_pct":"0.235","tov_pct":"20.313","usg_pct":"28.978","ortg":"100.129","drtg":"113.541","bpm":"-1.549"},{"game_id":1227,"team_name":"NYK","player_id":"{\"morrima03\"}","player_name":"{\"Marcus Morris\"}","ts_pct":"0.634","efg_pct":"0.578","three_par":"0.391","ftr":"0.378","orb_pct":"3.232","drb_pct":"18.742","trb_pct":"10.907","ast_pct":"6.435","stl_pct":"1.005","blk_pct":"2.062","tov_pct":"10.046","usg_pct":"17.407","ortg":"118.706","drtg":"109.318","bpm":"1.292"},{"game_id":1227,"team_name":"NYK","player_id":"{\"barrerj01\"}","player_name":"{\"RJ Barrett\"}","ts_pct":"0.541","efg_pct":"0.547","three_par":"0.222","ftr":"0.406","orb_pct":"5.789","drb_pct":"14.815","trb_pct":"10.093","ast_pct":"16.167","stl_pct":"2.315","blk_pct":"0.678","tov_pct":"15.335","usg_pct":"24.415","ortg":"103.109","drtg":"108.261","bpm":"1.335"},{"game_id":1227,"team_name":"NYK","player_id":"{\"ntilila01\"}","player_name":"{\"Frank Ntilikina\"}","ts_pct":"0.151","efg_pct":"0.139","three_par":"0.379","ftr":"0.035","orb_pct":"1.207","drb_pct":"8.956","trb_pct":"4.971","ast_pct":"17.334","stl_pct":"2.951","blk_pct":"0.627","tov_pct":"26.731","usg_pct":"17.584","ortg":"43.988","drtg":"113.671","bpm":"-14.586"},{"game_id":1227,"team_name":"NYK","player_id":"{\"portibo01\"}","player_name":"{\"Bobby Portis\"}","ts_pct":"0.508","efg_pct":"0.487","three_par":"0.301","ftr":"0.141","orb_pct":"8.371","drb_pct":"25.214","trb_pct":"16.665","ast_pct":"10.027","stl_pct":"1.605","blk_pct":"1.978","tov_pct":"13.154","usg_pct":"20.416","ortg":"103.024","drtg":"109.129","bpm":"0.214"},{"game_id":1227,"team_name":"NYK","player_id":"benchNYK","player_name":"Bench of NYK","ts_pct":"0.625","efg_pct":"0.602","three_par":"0.459","ftr":"0.256","orb_pct":"4.510","drb_pct":"14.258","trb_pct":"9.413","ast_pct":"7.645","stl_pct":"1.133","blk_pct":"2.411","tov_pct":"11.936","usg_pct":"17.513","ortg":"117.881","drtg":"111.631","bpm":"-0.707"}]