[{"game_id":1169,"team_name":"MIL","player_id":"teamMIL","player_name":"Team name: MIL","ts_pct":"0.527","efg_pct":"0.491","three_par":"0.427","ftr":"0.185","orb_pct":"6.570","drb_pct":"15.814","trb_pct":"11.109","ast_pct":"11.565","stl_pct":"2.752","blk_pct":"1.004","tov_pct":"9.363","usg_pct":"19.323","ortg":"112.056","drtg":"115.080","bpm":"0.368"},{"game_id":1169,"team_name":"PHO","player_id":"teamPHO","player_name":"Team name: PHO","ts_pct":"0.552","efg_pct":"0.534","three_par":"0.356","ftr":"0.163","orb_pct":"4.021","drb_pct":"14.865","trb_pct":"9.555","ast_pct":"12.293","stl_pct":"0.944","blk_pct":"1.004","tov_pct":"9.327","usg_pct":"18.344","ortg":"110.295","drtg":"116.334","bpm":"0.248"}]