[{"game_id":1259,"team_name":"SAS","player_id":"teamSAS","player_name":"Team name: SAS","ts_pct":"0.570","efg_pct":"0.533","three_par":"0.335","ftr":"0.323","orb_pct":"7.943","drb_pct":"18.508","trb_pct":"13.387","ast_pct":"14.436","stl_pct":"1.069","blk_pct":"1.524","tov_pct":"10.525","usg_pct":"22.004","ortg":"122.183","drtg":"127.334","bpm":"-2.022"},{"game_id":1259,"team_name":"LAL","player_id":"teamLAL","player_name":"Team name: LAL","ts_pct":"0.499","efg_pct":"0.480","three_par":"0.323","ftr":"0.244","orb_pct":"4.779","drb_pct":"14.991","trb_pct":"9.907","ast_pct":"13.542","stl_pct":"1.617","blk_pct":"2.662","tov_pct":"13.207","usg_pct":"18.935","ortg":"101.379","drtg":"108.787","bpm":"-1.229"}]