[{"game_id":1132,"team_name":"BRK","player_id":"{\"johnsty01\"}","player_name":"{\"Tyler Johnson\"}","ts_pct":"0.537","efg_pct":"0.537","three_par":"0.537","ftr":"0.000","orb_pct":"2.088","drb_pct":"8.154","trb_pct":"5.468","ast_pct":"5.220","stl_pct":"0.508","blk_pct":"0.000","tov_pct":"6.235","usg_pct":"15.251","ortg":"107.553","drtg":"120.929","bpm":"-10.227"},{"game_id":1132,"team_name":"BRK","player_id":"{\"luwawti01\"}","player_name":"{\"Timothé Luwawu-Cabarrot\"}","ts_pct":"0.225","efg_pct":"0.212","three_par":"0.226","ftr":"0.071","orb_pct":"1.801","drb_pct":"4.708","trb_pct":"3.355","ast_pct":"5.746","stl_pct":"0.971","blk_pct":"0.000","tov_pct":"8.512","usg_pct":"16.801","ortg":"48.918","drtg":"118.612","bpm":"-9.392"},{"game_id":1132,"team_name":"BRK","player_id":"{\"johnsal02\"}","player_name":"{\"Alize Johnson\"}","ts_pct":"0.412","efg_pct":"0.288","three_par":"0.029","ftr":"0.076","orb_pct":"9.316","drb_pct":"32.548","trb_pct":"21.447","ast_pct":"2.738","stl_pct":"2.904","blk_pct":"3.861","tov_pct":"4.341","usg_pct":"11.852","ortg":"95.153","drtg":"101.918","bpm":"-0.668"},{"game_id":1132,"team_name":"BRK","player_id":"{\"perryre01\"}","player_name":"{\"Reggie Perry\"}","ts_pct":"0.162","efg_pct":"0.153","three_par":"0.165","ftr":"0.047","orb_pct":"26.888","drb_pct":"15.687","trb_pct":"21.051","ast_pct":"0.000","stl_pct":"0.828","blk_pct":"0.000","tov_pct":"10.626","usg_pct":"18.244","ortg":"48.118","drtg":"109.365","bpm":"-17.784"},{"game_id":1132,"team_name":"BRK","player_id":"{\"chiozch01\"}","player_name":"{\"Chris Chiozza\"}","ts_pct":"0.271","efg_pct":"0.266","three_par":"0.242","ftr":"0.064","orb_pct":"0.000","drb_pct":"7.606","trb_pct":"3.862","ast_pct":"21.289","stl_pct":"0.409","blk_pct":"1.611","tov_pct":"8.395","usg_pct":"11.418","ortg":"63.047","drtg":"118.412","bpm":"-6.542"},{"game_id":1132,"team_name":"BRK","player_id":"{\"irvinky01\"}","player_name":"{\"Kyrie Irving\"}","ts_pct":"0.626","efg_pct":"0.596","three_par":"0.408","ftr":"0.208","orb_pct":"4.514","drb_pct":"12.019","trb_pct":"8.519","ast_pct":"14.656","stl_pct":"1.226","blk_pct":"2.319","tov_pct":"5.891","usg_pct":"25.251","ortg":"127.706","drtg":"116.071","bpm":"3.378"},{"game_id":1132,"team_name":"BRK","player_id":"benchBRK","player_name":"Bench of BRK","ts_pct":"0.538","efg_pct":"0.490","three_par":"0.342","ftr":"0.263","orb_pct":"4.399","drb_pct":"13.952","trb_pct":"9.630","ast_pct":"12.677","stl_pct":"1.274","blk_pct":"2.872","tov_pct":"8.335","usg_pct":"18.709","ortg":"113.823","drtg":"114.459","bpm":"-1.235"},{"game_id":1132,"team_name":"MIL","player_id":"{\"antetth01\"}","player_name":"{\"Thanasis Antetokounmpo\"}","ts_pct":"0.219","efg_pct":"0.035","three_par":"0.153","ftr":"0.682","orb_pct":"8.878","drb_pct":"6.782","trb_pct":"7.618","ast_pct":"19.015","stl_pct":"1.856","blk_pct":"0.000","tov_pct":"6.621","usg_pct":"10.556","ortg":"86.165","drtg":"117.141","bpm":"-2.909"},{"game_id":1132,"team_name":"MIL","player_id":"{\"bryanel01\"}","player_name":"{\"Elijah Bryant\"}","ts_pct":"0.296","efg_pct":"0.283","three_par":"0.410","ftr":"0.050","orb_pct":"1.413","drb_pct":"13.554","trb_pct":"7.446","ast_pct":"14.267","stl_pct":"0.000","blk_pct":"0.609","tov_pct":"4.739","usg_pct":"14.628","ortg":"90.457","drtg":"105.848","bpm":"0.183"},{"game_id":1132,"team_name":"MIL","player_id":"{\"teaguje01\"}","player_name":"{\"Jeff Teague\"}","ts_pct":"0.500","efg_pct":"0.433","three_par":"0.412","ftr":"0.311","orb_pct":"1.207","drb_pct":"7.224","trb_pct":"4.266","ast_pct":"12.404","stl_pct":"1.518","blk_pct":"1.228","tov_pct":"19.438","usg_pct":"20.631","ortg":"83.929","drtg":"113.024","bpm":"-6.082"},{"game_id":1132,"team_name":"MIL","player_id":"{\"merrisa01\"}","player_name":"{\"Sam Merrill\"}","ts_pct":"0.361","efg_pct":"0.361","three_par":"0.497","ftr":"0.000","orb_pct":"0.000","drb_pct":"3.953","trb_pct":"1.944","ast_pct":"5.578","stl_pct":"8.739","blk_pct":"0.000","tov_pct":"5.882","usg_pct":"12.726","ortg":"77.082","drtg":"95.047","bpm":"2.300"},{"game_id":1132,"team_name":"MIL","player_id":"{\"diakima01\"}","player_name":"{\"Mamadi Diakite\"}","ts_pct":"0.227","efg_pct":"0.156","three_par":"0.112","ftr":"0.283","orb_pct":"3.841","drb_pct":"10.354","trb_pct":"7.141","ast_pct":"12.167","stl_pct":"4.856","blk_pct":"2.738","tov_pct":"2.896","usg_pct":"12.241","ortg":"89.176","drtg":"95.553","bpm":"0.858"},{"game_id":1132,"team_name":"MIL","player_id":"{\"jacksju01\"}","player_name":"{\"Justin Jackson\"}","ts_pct":"0.439","efg_pct":"0.406","three_par":"0.475","ftr":"0.228","orb_pct":"2.242","drb_pct":"6.951","trb_pct":"4.475","ast_pct":"13.738","stl_pct":"1.227","blk_pct":"0.249","tov_pct":"6.804","usg_pct":"19.281","ortg":"89.765","drtg":"122.024","bpm":"-1.099"},{"game_id":1132,"team_name":"MIL","player_id":"benchMIL","player_name":"Bench of MIL","ts_pct":"0.580","efg_pct":"0.552","three_par":"0.422","ftr":"0.258","orb_pct":"5.768","drb_pct":"15.843","trb_pct":"10.985","ast_pct":"14.557","stl_pct":"1.082","blk_pct":"1.157","tov_pct":"10.480","usg_pct":"20.365","ortg":"118.154","drtg":"106.941","bpm":"2.736"}]