[{"game_id":1049,"team_name":"MEM","player_id":"teamMEM","player_name":"Team name: MEM","ts_pct":"0.601","efg_pct":"0.548","three_par":"0.438","ftr":"0.299","orb_pct":"5.357","drb_pct":"18.029","trb_pct":"11.807","ast_pct":"18.013","stl_pct":"1.676","blk_pct":"2.897","tov_pct":"11.626","usg_pct":"21.165","ortg":"129.411","drtg":"128.398","bpm":"-0.917"},{"game_id":1049,"team_name":"SAC","player_id":"teamSAC","player_name":"Team name: SAC","ts_pct":"0.540","efg_pct":"0.512","three_par":"0.374","ftr":"0.261","orb_pct":"3.808","drb_pct":"14.750","trb_pct":"9.434","ast_pct":"13.978","stl_pct":"1.956","blk_pct":"2.068","tov_pct":"14.489","usg_pct":"20.549","ortg":"105.100","drtg":"115.652","bpm":"-3.518"}]