[{"game_id":1127,"team_name":"LAL","player_id":"teamLAL","player_name":"Team name: LAL","ts_pct":"0.542","efg_pct":"0.507","three_par":"0.456","ftr":"0.340","orb_pct":"5.140","drb_pct":"17.858","trb_pct":"11.297","ast_pct":"14.473","stl_pct":"1.771","blk_pct":"1.645","tov_pct":"13.084","usg_pct":"20.816","ortg":"107.054","drtg":"119.865","bpm":"-1.217"},{"game_id":1127,"team_name":"PHO","player_id":"teamPHO","player_name":"Team name: PHO","ts_pct":"0.598","efg_pct":"0.561","three_par":"0.430","ftr":"0.247","orb_pct":"3.696","drb_pct":"16.521","trb_pct":"10.418","ast_pct":"16.784","stl_pct":"1.350","blk_pct":"1.557","tov_pct":"9.842","usg_pct":"19.701","ortg":"119.970","drtg":"109.602","bpm":"1.610"}]