[{"game_id":1144,"team_name":"ATL","player_id":"{\"snellto01\"}","player_name":"{\"Tony Snell\"}","fg":"0.800","fga":"2.271","fg_pct":"0.352","three_p":"0.282","three_pa":"0.776","three_p_pct":"0.363","ft":"0.000","fta":"0.000","ft_pct":"NaN","orb":"0.165","drb":"1.435","trb":"1.600","ast":"0.412","stl":"0.294","blk":"0.118","tov":"0.306","pf":"1.247","pts":"1.882"},{"game_id":1144,"team_name":"ATL","player_id":"{\"okongon01\"}","player_name":"{\"Onyeka Okongwu\"}","fg":"1.035","fga":"2.118","fg_pct":"0.489","three_p":"0.000","three_pa":"0.000","three_p_pct":"NaN","ft":"0.400","fta":"0.647","ft_pct":"0.618","orb":"1.318","drb":"1.965","trb":"3.282","ast":"0.306","stl":"0.376","blk":"0.765","tov":"0.482","pf":"1.941","pts":"2.471"},{"game_id":1144,"team_name":"ATL","player_id":"{\"bogdabo01\"}","player_name":"{\"Bogdan Bogdanović\"}","fg":"6.341","fga":"14.235","fg_pct":"0.445","three_p":"2.929","three_pa":"7.906","three_p_pct":"0.370","ft":"1.012","fta":"1.165","ft_pct":"0.869","orb":"0.906","drb":"4.682","trb":"5.588","ast":"3.412","stl":"1.365","blk":"0.329","tov":"1.765","pf":"3.024","pts":"16.624"},{"game_id":1144,"team_name":"ATL","player_id":"{\"youngtr01\"}","player_name":"{\"Trae Young\"}","fg":"8.718","fga":"19.600","fg_pct":"0.445","three_p":"2.541","three_pa":"7.871","three_p_pct":"0.323","ft":"7.035","fta":"7.718","ft_pct":"0.912","orb":"0.400","drb":"1.706","trb":"2.106","ast":"9.541","stl":"1.165","blk":"0.000","tov":"3.129","pf":"1.824","pts":"27.012"},{"game_id":1144,"team_name":"ATL","player_id":"{\"collijo01\"}","player_name":"{\"John Collins\"}","fg":"5.624","fga":"9.647","fg_pct":"0.583","three_p":"1.294","three_pa":"3.012","three_p_pct":"0.430","ft":"2.294","fta":"2.412","ft_pct":"0.951","orb":"1.482","drb":"4.929","trb":"6.412","ast":"0.694","stl":"0.412","blk":"0.647","tov":"1.188","pf":"3.682","pts":"14.835"},{"game_id":1144,"team_name":"ATL","player_id":"{\"huertke01\"}","player_name":"{\"Kevin Huerter\"}","fg":"4.106","fga":"7.788","fg_pct":"0.527","three_p":"2.118","three_pa":"4.918","three_p_pct":"0.431","ft":"0.435","fta":"0.659","ft_pct":"0.660","orb":"0.424","drb":"2.788","trb":"3.212","ast":"1.859","stl":"0.341","blk":"0.882","tov":"1.435","pf":"2.494","pts":"10.765"},{"game_id":1144,"team_name":"ATL","player_id":"benchATL","player_name":"Bench of ATL","fg":"3.569","fga":"7.347","fg_pct":"0.486","three_p":"0.731","three_pa":"1.955","three_p_pct":"0.374","ft":"2.016","fta":"2.424","ft_pct":"0.832","orb":"1.347","drb":"4.863","trb":"6.210","ast":"1.225","stl":"0.511","blk":"0.595","tov":"0.951","pf":"1.857","pts":"9.885"},{"game_id":1144,"team_name":"PHI","player_id":"{\"maxeyty01\"}","player_name":"{\"Tyrese Maxey\"}","fg":"3.282","fga":"7.259","fg_pct":"0.452","three_p":"0.388","three_pa":"1.235","three_p_pct":"0.314","ft":"1.106","fta":"1.671","ft_pct":"0.662","orb":"0.000","drb":"2.118","trb":"2.118","ast":"2.024","stl":"0.376","blk":"0.506","tov":"0.376","pf":"1.812","pts":"8.059"},{"game_id":1144,"team_name":"PHI","player_id":"{\"harrito02\"}","player_name":"{\"Tobias Harris\"}","fg":"9.129","fga":"17.176","fg_pct":"0.531","three_p":"1.094","three_pa":"3.118","three_p_pct":"0.351","ft":"2.800","fta":"3.518","ft_pct":"0.796","orb":"1.188","drb":"7.600","trb":"8.788","ast":"3.871","stl":"1.212","blk":"0.529","tov":"1.494","pf":"2.000","pts":"22.153"},{"game_id":1144,"team_name":"PHI","player_id":"{\"simmobe01\"}","player_name":"{\"Ben Simmons\"}","fg":"5.718","fga":"8.400","fg_pct":"0.681","three_p":"0.000","three_pa":"0.071","three_p_pct":"0.000","ft":"2.388","fta":"5.882","ft_pct":"0.406","orb":"1.882","drb":"4.671","trb":"6.553","ast":"8.341","stl":"1.565","blk":"0.718","tov":"2.506","pf":"3.271","pts":"13.824"},{"game_id":1144,"team_name":"PHI","player_id":"{\"embiijo01\"}","player_name":"{\"Joel Embiid\"}","fg":"8.576","fga":"15.224","fg_pct":"0.563","three_p":"1.282","three_pa":"3.071","three_p_pct":"0.417","ft":"8.318","fta":"9.976","ft_pct":"0.834","orb":"0.671","drb":"7.588","trb":"8.259","ast":"3.247","stl":"1.235","blk":"1.247","tov":"2.494","pf":"2.941","pts":"26.753"},{"game_id":1144,"team_name":"PHI","player_id":"{\"curryse01\"}","player_name":"{\"Seth Curry\"}","fg":"6.376","fga":"11.424","fg_pct":"0.558","three_p":"2.918","three_pa":"5.918","three_p_pct":"0.493","ft":"1.200","fta":"1.341","ft_pct":"0.895","orb":"0.224","drb":"1.718","trb":"1.941","ast":"2.471","stl":"0.600","blk":"0.000","tov":"0.800","pf":"2.482","pts":"16.871"},{"game_id":1144,"team_name":"PHI","player_id":"{\"korkmfu01\"}","player_name":"{\"Furkan Korkmaz\"}","fg":"2.518","fga":"5.847","fg_pct":"0.431","three_p":"1.318","three_pa":"3.576","three_p_pct":"0.369","ft":"0.788","fta":"0.976","ft_pct":"0.807","orb":"0.341","drb":"1.129","trb":"1.471","ast":"0.576","stl":"0.776","blk":"0.141","tov":"0.424","pf":"0.694","pts":"7.141"},{"game_id":1144,"team_name":"PHI","player_id":"benchPHI","player_name":"Bench of PHI","fg":"1.953","fga":"3.846","fg_pct":"0.508","three_p":"0.710","three_pa":"1.648","three_p_pct":"0.431","ft":"1.095","fta":"1.605","ft_pct":"0.682","orb":"0.672","drb":"1.580","trb":"2.251","ast":"1.060","stl":"0.662","blk":"0.546","tov":"0.711","pf":"2.048","pts":"5.711"}]