[{"game_id":1166,"team_name":"PHO","player_id":"teamPHO","player_name":"Team name: PHO","ts_pct":"0.597","efg_pct":"0.568","three_par":"0.382","ftr":"0.189","orb_pct":"4.058","drb_pct":"17.646","trb_pct":"11.124","ast_pct":"15.499","stl_pct":"0.993","blk_pct":"1.314","tov_pct":"10.321","usg_pct":"20.370","ortg":"120.440","drtg":"119.459","bpm":"0.506"},{"game_id":1166,"team_name":"MIL","player_id":"teamMIL","player_name":"Team name: MIL","ts_pct":"0.495","efg_pct":"0.465","three_par":"0.433","ftr":"0.202","orb_pct":"5.060","drb_pct":"15.665","trb_pct":"10.325","ast_pct":"11.929","stl_pct":"3.113","blk_pct":"1.886","tov_pct":"9.656","usg_pct":"18.879","ortg":"104.037","drtg":"115.356","bpm":"0.308"}]