[{"game_id":1083,"team_name":"MEM","player_id":"teamMEM","player_name":"Team name: MEM","ts_pct":"0.555","efg_pct":"0.528","three_par":"0.402","ftr":"0.252","orb_pct":"5.175","drb_pct":"15.494","trb_pct":"10.525","ast_pct":"16.083","stl_pct":"1.537","blk_pct":"3.220","tov_pct":"12.939","usg_pct":"19.414","ortg":"116.856","drtg":"118.442","bpm":"-1.100"},{"game_id":1083,"team_name":"SAS","player_id":"teamSAS","player_name":"Team name: SAS","ts_pct":"0.578","efg_pct":"0.538","three_par":"0.313","ftr":"0.281","orb_pct":"5.192","drb_pct":"17.809","trb_pct":"11.226","ast_pct":"14.369","stl_pct":"1.542","blk_pct":"1.818","tov_pct":"11.205","usg_pct":"22.015","ortg":"120.857","drtg":"138.153","bpm":"-1.788"}]