[{"game_id":1216,"team_name":"HOU","player_id":"teamHOU","player_name":"Team name: HOU","ts_pct":"0.508","efg_pct":"0.489","three_par":"0.477","ftr":"0.279","orb_pct":"5.321","drb_pct":"14.263","trb_pct":"9.817","ast_pct":"10.360","stl_pct":"1.447","blk_pct":"1.628","tov_pct":"11.537","usg_pct":"17.869","ortg":"103.586","drtg":"108.971","bpm":"-0.293"},{"game_id":1216,"team_name":"OKC","player_id":"teamOKC","player_name":"Team name: OKC","ts_pct":"0.555","efg_pct":"0.520","three_par":"0.410","ftr":"0.242","orb_pct":"4.491","drb_pct":"15.492","trb_pct":"10.286","ast_pct":"12.326","stl_pct":"1.253","blk_pct":"2.135","tov_pct":"14.934","usg_pct":"21.245","ortg":"101.930","drtg":"112.841","bpm":"-1.921"}]