[{"game_id":1118,"team_name":"MEM","player_id":"teamMEM","player_name":"Team name: MEM","fg":"43.074","fga":"92.309","fg_pct":"0.467","three_p":"10.223","three_pa":"29.406","three_p_pct":"0.348","ft":"17.571","fta":"23.886","ft_pct":"0.736","orb":"12.349","drb":"33.103","trb":"45.451","ast":"23.703","stl":"8.446","blk":"6.566","tov":"11.257","pf":"20.371","pts":"113.943"},{"game_id":1118,"team_name":"UTA","player_id":"teamUTA","player_name":"Team name: UTA","fg":"41.446","fga":"86.663","fg_pct":"0.478","three_p":"15.989","three_pa":"41.594","three_p_pct":"0.384","ft":"20.331","fta":"24.674","ft_pct":"0.824","orb":"10.903","drb":"36.851","trb":"47.754","ast":"22.269","stl":"5.709","blk":"4.463","tov":"13.091","pf":"19.097","pts":"119.211"}]