[{"game_id":1142,"team_name":"MIL","player_id":"{\"bryanel01\"}","player_name":"{\"Elijah Bryant\"}","ts_pct":"0.343","efg_pct":"0.333","three_par":"0.390","ftr":"0.038","orb_pct":"1.064","drb_pct":"19.238","trb_pct":"10.016","ast_pct":"10.822","stl_pct":"0.000","blk_pct":"0.458","tov_pct":"3.567","usg_pct":"18.365","ortg":"93.400","drtg":"112.000","bpm":"0.047"},{"game_id":1142,"team_name":"MIL","player_id":"{\"middlkh01\"}","player_name":"{\"Khris Middleton\"}","ts_pct":"0.576","efg_pct":"0.539","three_par":"0.379","ftr":"0.300","orb_pct":"3.258","drb_pct":"18.725","trb_pct":"11.236","ast_pct":"14.866","stl_pct":"0.546","blk_pct":"0.000","tov_pct":"15.246","usg_pct":"27.160","ortg":"104.071","drtg":"106.671","bpm":"0.455"},{"game_id":1142,"team_name":"MIL","player_id":"{\"antetgi01\"}","player_name":"{\"Giannis Antetokounmpo\"}","ts_pct":"0.547","efg_pct":"0.540","three_par":"0.205","ftr":"0.404","orb_pct":"5.638","drb_pct":"29.971","trb_pct":"18.168","ast_pct":"25.968","stl_pct":"1.162","blk_pct":"2.045","tov_pct":"11.684","usg_pct":"31.506","ortg":"110.576","drtg":"100.824","bpm":"8.341"},{"game_id":1142,"team_name":"MIL","player_id":"{\"holidjr01\"}","player_name":"{\"Jrue Holiday\"}","ts_pct":"0.509","efg_pct":"0.492","three_par":"0.282","ftr":"0.162","orb_pct":"4.469","drb_pct":"10.346","trb_pct":"7.602","ast_pct":"29.147","stl_pct":"1.585","blk_pct":"0.494","tov_pct":"12.232","usg_pct":"19.278","ortg":"113.718","drtg":"105.918","bpm":"3.174"},{"game_id":1142,"team_name":"MIL","player_id":"{\"antetth01\"}","player_name":"{\"Thanasis Antetokounmpo\"}","ts_pct":"0.246","efg_pct":"0.024","three_par":"0.082","ftr":"0.800","orb_pct":"3.424","drb_pct":"5.500","trb_pct":"4.418","ast_pct":"15.681","stl_pct":"1.468","blk_pct":"15.294","tov_pct":"9.948","usg_pct":"7.707","ortg":"78.188","drtg":"87.459","bpm":"15.067"},{"game_id":1142,"team_name":"MIL","player_id":"{\"lopezbr01\"}","player_name":"{\"Brook Lopez\"}","ts_pct":"0.583","efg_pct":"0.548","three_par":"0.283","ftr":"0.235","orb_pct":"9.112","drb_pct":"14.314","trb_pct":"11.992","ast_pct":"2.532","stl_pct":"0.401","blk_pct":"4.739","tov_pct":"9.059","usg_pct":"18.785","ortg":"114.459","drtg":"103.576","bpm":"2.551"},{"game_id":1142,"team_name":"MIL","player_id":"benchMIL","player_name":"Bench of MIL","ts_pct":"0.421","efg_pct":"0.397","three_par":"0.504","ftr":"0.115","orb_pct":"5.509","drb_pct":"10.941","trb_pct":"8.244","ast_pct":"7.592","stl_pct":"1.996","blk_pct":"0.409","tov_pct":"7.934","usg_pct":"13.362","ortg":"96.248","drtg":"109.012","bpm":"-0.112"},{"game_id":1142,"team_name":"BRK","player_id":"{\"johnsty01\"}","player_name":"{\"Tyler Johnson\"}","ts_pct":"0.530","efg_pct":"0.477","three_par":"0.583","ftr":"0.153","orb_pct":"1.860","drb_pct":"7.009","trb_pct":"4.752","ast_pct":"9.145","stl_pct":"0.376","blk_pct":"0.000","tov_pct":"5.529","usg_pct":"15.580","ortg":"113.988","drtg":"117.824","bpm":"-8.369"},{"game_id":1142,"team_name":"BRK","player_id":"{\"johnsal02\"}","player_name":"{\"Alize Johnson\"}","ts_pct":"0.416","efg_pct":"0.309","three_par":"0.005","ftr":"0.065","orb_pct":"9.729","drb_pct":"32.813","trb_pct":"21.796","ast_pct":"1.733","stl_pct":"3.660","blk_pct":"3.451","tov_pct":"7.376","usg_pct":"13.631","ortg":"91.682","drtg":"96.412","bpm":"-1.661"},{"game_id":1142,"team_name":"BRK","player_id":"{\"perryre01\"}","player_name":"{\"Reggie Perry\"}","ts_pct":"0.267","efg_pct":"0.267","three_par":"0.240","ftr":"0.000","orb_pct":"24.480","drb_pct":"14.756","trb_pct":"19.422","ast_pct":"0.000","stl_pct":"0.000","blk_pct":"0.000","tov_pct":"13.622","usg_pct":"20.879","ortg":"53.588","drtg":"108.588","bpm":"-15.173"},{"game_id":1142,"team_name":"BRK","player_id":"{\"luwawti01\"}","player_name":"{\"Timothé Luwawu-Cabarrot\"}","ts_pct":"0.260","efg_pct":"0.249","three_par":"0.273","ftr":"0.059","orb_pct":"1.522","drb_pct":"5.231","trb_pct":"3.438","ast_pct":"7.225","stl_pct":"0.649","blk_pct":"0.000","tov_pct":"7.492","usg_pct":"16.758","ortg":"58.212","drtg":"116.812","bpm":"-7.799"},{"game_id":1142,"team_name":"BRK","player_id":"{\"chiozch01\"}","player_name":"{\"Chris Chiozza\"}","ts_pct":"0.222","efg_pct":"0.218","three_par":"0.338","ftr":"0.056","orb_pct":"0.000","drb_pct":"9.133","trb_pct":"4.654","ast_pct":"18.004","stl_pct":"0.214","blk_pct":"1.444","tov_pct":"6.848","usg_pct":"9.955","ortg":"61.482","drtg":"114.965","bpm":"-7.591"},{"game_id":1142,"team_name":"BRK","player_id":"{\"duranke01\"}","player_name":"{\"Kevin Durant\"}","ts_pct":"0.663","efg_pct":"0.611","three_par":"0.271","ftr":"0.363","orb_pct":"1.432","drb_pct":"19.358","trb_pct":"10.705","ast_pct":"20.831","stl_pct":"1.912","blk_pct":"3.881","tov_pct":"11.672","usg_pct":"32.136","ortg":"124.553","drtg":"103.965","bpm":"10.188"},{"game_id":1142,"team_name":"BRK","player_id":"benchBRK","player_name":"Bench of BRK","ts_pct":"0.547","efg_pct":"0.519","three_par":"0.400","ftr":"0.165","orb_pct":"4.400","drb_pct":"12.686","trb_pct":"8.747","ast_pct":"10.050","stl_pct":"1.200","blk_pct":"2.127","tov_pct":"6.059","usg_pct":"16.875","ortg":"116.096","drtg":"109.511","bpm":"-0.718"}]