[{"game_id":1233,"team_name":"WAS","player_id":"{\"bealbr01\"}","player_name":"{\"Bradley Beal\"}","ts_pct":"0.476","efg_pct":"0.445","three_par":"0.360","ftr":"0.196","orb_pct":"2.292","drb_pct":"13.959","trb_pct":"7.684","ast_pct":"31.596","stl_pct":"1.635","blk_pct":"1.186","tov_pct":"7.421","usg_pct":"32.238","ortg":"102.647","drtg":"111.271","bpm":"2.321"},{"game_id":1233,"team_name":"WAS","player_id":"{\"hachiru01\"}","player_name":"{\"Rui Hachimura\"}","ts_pct":"0.498","efg_pct":"0.482","three_par":"0.153","ftr":"0.050","orb_pct":"8.917","drb_pct":"16.872","trb_pct":"12.656","ast_pct":"7.019","stl_pct":"0.867","blk_pct":"0.578","tov_pct":"6.014","usg_pct":"22.775","ortg":"102.639","drtg":"105.417","bpm":"-0.703"},{"game_id":1233,"team_name":"WAS","player_id":"{\"bryanth01\"}","player_name":"{\"Thomas Bryant\"}","ts_pct":"0.651","efg_pct":"0.627","three_par":"0.282","ftr":"0.264","orb_pct":"7.319","drb_pct":"25.999","trb_pct":"16.473","ast_pct":"11.612","stl_pct":"0.699","blk_pct":"3.678","tov_pct":"12.464","usg_pct":"20.129","ortg":"120.624","drtg":"108.318","bpm":"3.865"},{"game_id":1233,"team_name":"WAS","player_id":"{\"bertada01\"}","player_name":"{\"Dāvis Bertāns\"}","ts_pct":"0.561","efg_pct":"0.571","three_par":"0.659","ftr":"0.284","orb_pct":"0.000","drb_pct":"10.599","trb_pct":"5.184","ast_pct":"6.006","stl_pct":"0.565","blk_pct":"0.565","tov_pct":"6.212","usg_pct":"13.464","ortg":"109.706","drtg":"113.776","bpm":"-1.380"},{"game_id":1233,"team_name":"WAS","player_id":"{\"bongais01\"}","player_name":"{\"Isaac Bonga\"}","ts_pct":"0.344","efg_pct":"0.356","three_par":"0.164","ftr":"0.527","orb_pct":"5.013","drb_pct":"11.987","trb_pct":"8.488","ast_pct":"12.351","stl_pct":"2.591","blk_pct":"3.276","tov_pct":"5.532","usg_pct":"13.834","ortg":"90.918","drtg":"104.071","bpm":"-5.127"},{"game_id":1233,"team_name":"WAS","player_id":"{\"thomais02\"}","player_name":"{\"Isaiah Thomas\"}","ts_pct":"0.380","efg_pct":"0.363","three_par":"0.440","ftr":"0.227","orb_pct":"1.721","drb_pct":"6.480","trb_pct":"4.107","ast_pct":"25.341","stl_pct":"1.369","blk_pct":"0.000","tov_pct":"13.112","usg_pct":"28.891","ortg":"83.271","drtg":"116.176","bpm":"-6.309"},{"game_id":1233,"team_name":"WAS","player_id":"benchWAS","player_name":"Bench of WAS","ts_pct":"0.486","efg_pct":"0.457","three_par":"0.325","ftr":"0.188","orb_pct":"3.268","drb_pct":"13.501","trb_pct":"8.017","ast_pct":"13.269","stl_pct":"0.944","blk_pct":"1.809","tov_pct":"13.515","usg_pct":"19.905","ortg":"93.810","drtg":"112.939","bpm":"-4.780"},{"game_id":1233,"team_name":"HOU","player_id":"{\"mclembe01\"}","player_name":"{\"Ben McLemore\"}","ts_pct":"0.369","efg_pct":"0.377","three_par":"0.712","ftr":"0.113","orb_pct":"1.285","drb_pct":"3.928","trb_pct":"2.632","ast_pct":"1.940","stl_pct":"1.112","blk_pct":"0.859","tov_pct":"10.265","usg_pct":"25.602","ortg":"56.929","drtg":"115.482","bpm":"-17.695"},{"game_id":1233,"team_name":"HOU","player_id":"{\"anderry01\"}","player_name":"{\"Ryan Anderson\"}","ts_pct":"0.205","efg_pct":"0.194","three_par":"0.533","ftr":"0.055","orb_pct":"9.468","drb_pct":"10.395","trb_pct":"9.900","ast_pct":"7.259","stl_pct":"1.259","blk_pct":"0.000","tov_pct":"8.824","usg_pct":"9.647","ortg":"62.094","drtg":"109.106","bpm":"-6.179"},{"game_id":1233,"team_name":"HOU","player_id":"{\"hardeja01\"}","player_name":"{\"James Harden\"}","ts_pct":"0.571","efg_pct":"0.457","three_par":"0.569","ftr":"0.599","orb_pct":"1.788","drb_pct":"14.928","trb_pct":"8.522","ast_pct":"31.584","stl_pct":"2.224","blk_pct":"1.707","tov_pct":"14.756","usg_pct":"36.851","ortg":"112.871","drtg":"110.518","bpm":"5.416"},{"game_id":1233,"team_name":"HOU","player_id":"{\"westbru01\"}","player_name":"{\"Russell Westbrook\"}","ts_pct":"0.537","efg_pct":"0.492","three_par":"0.270","ftr":"0.334","orb_pct":"5.758","drb_pct":"24.146","trb_pct":"14.942","ast_pct":"48.748","stl_pct":"1.415","blk_pct":"1.151","tov_pct":"16.558","usg_pct":"29.381","ortg":"110.400","drtg":"108.659","bpm":"5.595"},{"game_id":1233,"team_name":"HOU","player_id":"{\"chandty01\"}","player_name":"{\"Tyson Chandler\"}","ts_pct":"0.467","efg_pct":"0.473","three_par":"0.000","ftr":"0.469","orb_pct":"4.605","drb_pct":"17.631","trb_pct":"10.893","ast_pct":"2.405","stl_pct":"1.422","blk_pct":"0.506","tov_pct":"26.059","usg_pct":"9.255","ortg":"84.718","drtg":"109.988","bpm":"-3.322"},{"game_id":1233,"team_name":"HOU","player_id":"{\"tuckepj01\"}","player_name":"{\"P.J. Tucker\"}","ts_pct":"0.727","efg_pct":"0.706","three_par":"0.619","ftr":"0.169","orb_pct":"5.542","drb_pct":"15.968","trb_pct":"10.980","ast_pct":"6.171","stl_pct":"1.814","blk_pct":"1.953","tov_pct":"9.627","usg_pct":"11.004","ortg":"141.082","drtg":"110.176","bpm":"5.312"},{"game_id":1233,"team_name":"HOU","player_id":"benchHOU","player_name":"Bench of HOU","ts_pct":"0.461","efg_pct":"0.447","three_par":"0.511","ftr":"0.215","orb_pct":"4.611","drb_pct":"14.738","trb_pct":"9.635","ast_pct":"5.775","stl_pct":"0.903","blk_pct":"1.575","tov_pct":"10.048","usg_pct":"16.192","ortg":"93.958","drtg":"113.086","bpm":"-4.308"}]