[{"game_id":1085,"team_name":"WAS","player_id":"{\"mathega01\"}","player_name":"{\"Garrison Mathews\"}","ts_pct":"0.492","efg_pct":"0.467","three_par":"0.772","ftr":"0.438","orb_pct":"0.000","drb_pct":"7.191","trb_pct":"3.636","ast_pct":"0.635","stl_pct":"0.294","blk_pct":"1.793","tov_pct":"3.134","usg_pct":"13.001","ortg":"100.141","drtg":"116.824","bpm":"-5.676"},{"game_id":1085,"team_name":"WAS","player_id":"{\"gillan01\"}","player_name":"{\"Anthony Gill\"}","ts_pct":"0.563","efg_pct":"0.534","three_par":"0.206","ftr":"0.308","orb_pct":"3.475","drb_pct":"11.648","trb_pct":"7.834","ast_pct":"4.501","stl_pct":"1.464","blk_pct":"0.958","tov_pct":"18.026","usg_pct":"16.298","ortg":"110.588","drtg":"113.906","bpm":"-3.041"},{"game_id":1085,"team_name":"WAS","player_id":"{\"lopezro01\"}","player_name":"{\"Robin Lopez\"}","ts_pct":"0.592","efg_pct":"0.579","three_par":"0.000","ftr":"0.238","orb_pct":"10.465","drb_pct":"9.153","trb_pct":"9.587","ast_pct":"3.261","stl_pct":"0.254","blk_pct":"3.225","tov_pct":"10.424","usg_pct":"23.556","ortg":"111.129","drtg":"118.635","bpm":"-1.833"},{"game_id":1085,"team_name":"WAS","player_id":"{\"winstca01\"}","player_name":"{\"Cassius Winston\"}","ts_pct":"0.195","efg_pct":"0.191","three_par":"0.135","ftr":"0.029","orb_pct":"7.907","drb_pct":"1.665","trb_pct":"4.705","ast_pct":"20.756","stl_pct":"0.000","blk_pct":"0.000","tov_pct":"17.647","usg_pct":"20.985","ortg":"47.847","drtg":"117.565","bpm":"-10.527"},{"game_id":1085,"team_name":"WAS","player_id":"{\"bongais01\"}","player_name":"{\"Isaac Bonga\"}","ts_pct":"0.220","efg_pct":"0.209","three_par":"0.421","ftr":"0.071","orb_pct":"1.424","drb_pct":"6.216","trb_pct":"3.898","ast_pct":"6.438","stl_pct":"1.329","blk_pct":"3.011","tov_pct":"20.876","usg_pct":"16.078","ortg":"42.471","drtg":"109.624","bpm":"-13.289"},{"game_id":1085,"team_name":"WAS","player_id":"{\"westbru01\"}","player_name":"{\"Russell Westbrook\"}","ts_pct":"0.532","efg_pct":"0.462","three_par":"0.284","ftr":"0.415","orb_pct":"5.584","drb_pct":"29.053","trb_pct":"17.326","ast_pct":"48.565","stl_pct":"2.239","blk_pct":"1.338","tov_pct":"14.200","usg_pct":"27.845","ortg":"116.929","drtg":"109.459","bpm":"7.975"},{"game_id":1085,"team_name":"WAS","player_id":"benchWAS","player_name":"Bench of WAS","ts_pct":"0.538","efg_pct":"0.499","three_par":"0.243","ftr":"0.256","orb_pct":"4.391","drb_pct":"13.475","trb_pct":"8.925","ast_pct":"8.910","stl_pct":"1.185","blk_pct":"2.149","tov_pct":"8.737","usg_pct":"18.807","ortg":"108.557","drtg":"115.653","bpm":"-0.928"},{"game_id":1085,"team_name":"IND","player_id":"{\"stanlca01\"}","player_name":"{\"Cassius Stanley\"}","ts_pct":"0.368","efg_pct":"0.348","three_par":"0.288","ftr":"0.124","orb_pct":"10.100","drb_pct":"4.614","trb_pct":"7.338","ast_pct":"1.419","stl_pct":"1.791","blk_pct":"0.000","tov_pct":"3.059","usg_pct":"22.913","ortg":"83.106","drtg":"114.353","bpm":"-12.061"},{"game_id":1085,"team_name":"IND","player_id":"{\"brimaam01\"}","player_name":"{\"Amida Brimah\"}","ts_pct":"0.261","efg_pct":"0.248","three_par":"0.000","ftr":"0.178","orb_pct":"10.113","drb_pct":"7.679","trb_pct":"9.035","ast_pct":"1.554","stl_pct":"0.000","blk_pct":"5.905","tov_pct":"25.246","usg_pct":"11.519","ortg":"55.889","drtg":"110.190","bpm":"-7.394"},{"game_id":1085,"team_name":"IND","player_id":"{\"sabondo01\"}","player_name":"{\"Domantas Sabonis\"}","ts_pct":"0.643","efg_pct":"0.635","three_par":"0.162","ftr":"0.159","orb_pct":"5.186","drb_pct":"35.178","trb_pct":"21.244","ast_pct":"39.035","stl_pct":"2.004","blk_pct":"1.376","tov_pct":"19.067","usg_pct":"23.246","ortg":"122.224","drtg":"105.200","bpm":"6.936"},{"game_id":1085,"team_name":"IND","player_id":"{\"brissos01\"}","player_name":"{\"Oshae Brissett\"}","ts_pct":"0.635","efg_pct":"0.601","three_par":"0.477","ftr":"0.363","orb_pct":"4.816","drb_pct":"13.872","trb_pct":"9.735","ast_pct":"5.079","stl_pct":"1.751","blk_pct":"1.020","tov_pct":"4.778","usg_pct":"15.586","ortg":"129.106","drtg":"114.282","bpm":"-0.326"},{"game_id":1085,"team_name":"IND","player_id":"{\"brogdma01\"}","player_name":"{\"Malcolm Brogdon\"}","ts_pct":"0.524","efg_pct":"0.467","three_par":"0.433","ftr":"0.259","orb_pct":"2.778","drb_pct":"18.262","trb_pct":"10.280","ast_pct":"29.336","stl_pct":"0.236","blk_pct":"1.133","tov_pct":"11.648","usg_pct":"27.329","ortg":"106.071","drtg":"116.906","bpm":"-1.668"},{"game_id":1085,"team_name":"IND","player_id":"{\"holidju01\"}","player_name":"{\"Justin Holiday\"}","ts_pct":"0.675","efg_pct":"0.658","three_par":"0.707","ftr":"0.228","orb_pct":"1.112","drb_pct":"10.741","trb_pct":"6.149","ast_pct":"7.693","stl_pct":"0.132","blk_pct":"2.684","tov_pct":"8.094","usg_pct":"13.807","ortg":"125.506","drtg":"117.753","bpm":"-0.842"},{"game_id":1085,"team_name":"IND","player_id":"benchIND","player_name":"Bench of IND","ts_pct":"0.567","efg_pct":"0.538","three_par":"0.345","ftr":"0.216","orb_pct":"4.866","drb_pct":"12.459","trb_pct":"8.801","ast_pct":"11.707","stl_pct":"1.455","blk_pct":"2.391","tov_pct":"10.578","usg_pct":"19.632","ortg":"112.178","drtg":"113.636","bpm":"-2.489"}]