[{"game_id":112,"team_name":"MIL","player_id":"{\"middlkh01\"}","player_name":"{\"Khris Middleton\"}","fg":"7.694","fga":"15.541","fg_pct":"0.495","three_p":"2.388","three_pa":"5.376","three_p_pct":"0.444","ft":"3.141","fta":"3.365","ft_pct":"0.933","orb":"0.624","drb":"5.471","trb":"6.094","ast":"6.094","stl":"1.259","blk":"0.188","tov":"3.059","pf":"2.682","pts":"20.918"},{"game_id":112,"team_name":"MIL","player_id":"{\"holidjr01\"}","player_name":"{\"Jrue Holiday\"}","fg":"5.988","fga":"11.894","fg_pct":"0.503","three_p":"2.118","three_pa":"5.012","three_p_pct":"0.423","ft":"1.235","fta":"1.294","ft_pct":"0.954","orb":"0.859","drb":"2.988","trb":"3.847","ast":"5.529","stl":"2.035","blk":"0.600","tov":"1.953","pf":"2.129","pts":"15.329"},{"game_id":112,"team_name":"MIL","player_id":"{\"antetgi01\"}","player_name":"{\"Giannis Antetokounmpo\"}","fg":"9.365","fga":"17.576","fg_pct":"0.533","three_p":"1.129","three_pa":"4.635","three_p_pct":"0.244","ft":"6.329","fta":"10.071","ft_pct":"0.628","orb":"1.953","drb":"9.059","trb":"11.012","ast":"5.482","stl":"1.471","blk":"0.965","tov":"2.847","pf":"3.153","pts":"26.188"},{"game_id":112,"team_name":"MIL","player_id":"{\"portibo01\"}","player_name":"{\"Bobby Portis\"}","fg":"4.494","fga":"8.494","fg_pct":"0.529","three_p":"0.765","three_pa":"1.894","three_p_pct":"0.404","ft":"1.318","fta":"1.600","ft_pct":"0.824","orb":"1.988","drb":"5.176","trb":"7.165","ast":"1.376","stl":"0.494","blk":"0.741","tov":"0.976","pf":"1.682","pts":"11.071"},{"game_id":112,"team_name":"MIL","player_id":"{\"lopezbr01\"}","player_name":"{\"Brook Lopez\"}","fg":"3.647","fga":"8.282","fg_pct":"0.440","three_p":"1.553","three_pa":"4.235","three_p_pct":"0.367","ft":"1.082","fta":"1.282","ft_pct":"0.844","orb":"1.976","drb":"3.188","trb":"5.165","ast":"0.412","stl":"0.624","blk":"1.271","tov":"0.906","pf":"2.635","pts":"9.929"},{"game_id":112,"team_name":"MIL","player_id":"{\"forbebr01\"}","player_name":"{\"Bryn Forbes\"}","fg":"3.565","fga":"7.235","fg_pct":"0.493","three_p":"1.929","three_pa":"4.071","three_p_pct":"0.474","ft":"0.729","fta":"0.965","ft_pct":"0.755","orb":"0.129","drb":"1.200","trb":"1.329","ast":"0.224","stl":"0.212","blk":"0.000","tov":"0.941","pf":"1.588","pts":"9.788"},{"game_id":112,"team_name":"MIL","player_id":"benchMIL","player_name":"Bench of MIL","fg":"2.409","fga":"5.460","fg_pct":"0.441","three_p":"1.162","three_pa":"2.778","three_p_pct":"0.418","ft":"0.950","fta":"1.124","ft_pct":"0.845","orb":"0.535","drb":"1.582","trb":"2.117","ast":"1.799","stl":"0.760","blk":"0.141","tov":"1.294","pf":"1.429","pts":"6.929"},{"game_id":112,"team_name":"DET","player_id":"{\"mcgruro01\"}","player_name":"{\"Rodney McGruder\"}","fg":"0.835","fga":"1.988","fg_pct":"0.420","three_p":"0.341","three_pa":"0.882","three_p_pct":"0.387","ft":"0.329","fta":"0.494","ft_pct":"0.666","orb":"0.376","drb":"1.518","trb":"1.894","ast":"0.588","stl":"0.235","blk":"0.000","tov":"0.224","pf":"0.341","pts":"2.341"},{"game_id":112,"team_name":"DET","player_id":"{\"grantje01\"}","player_name":"{\"Jerami Grant\"}","fg":"8.188","fga":"18.553","fg_pct":"0.441","three_p":"2.635","three_pa":"7.765","three_p_pct":"0.339","ft":"3.918","fta":"4.506","ft_pct":"0.870","orb":"0.824","drb":"4.659","trb":"5.482","ast":"1.576","stl":"1.024","blk":"1.235","tov":"1.576","pf":"2.894","pts":"22.929"},{"game_id":112,"team_name":"DET","player_id":"{\"griffbl01\"}","player_name":"{\"Blake Griffin\"}","fg":"4.282","fga":"12.776","fg_pct":"0.335","three_p":"2.212","three_pa":"7.588","three_p_pct":"0.292","ft":"2.365","fta":"3.329","ft_pct":"0.710","orb":"0.424","drb":"4.400","trb":"4.824","ast":"3.259","stl":"0.847","blk":"0.235","tov":"1.165","pf":"1.341","pts":"13.141"},{"game_id":112,"team_name":"DET","player_id":"{\"wrighde01\"}","player_name":"{\"Delon Wright\"}","fg":"2.235","fga":"4.553","fg_pct":"0.491","three_p":"0.565","three_pa":"1.376","three_p_pct":"0.411","ft":"1.824","fta":"2.235","ft_pct":"0.816","orb":"0.694","drb":"1.835","trb":"2.529","ast":"2.812","stl":"0.753","blk":"0.447","tov":"1.376","pf":"0.824","pts":"6.859"},{"game_id":112,"team_name":"DET","player_id":"{\"beysa01\"}","player_name":"{\"Saddiq Bey\"}","fg":"2.778","fga":"7.968","fg_pct":"0.349","three_p":"2.222","three_pa":"5.254","three_p_pct":"0.423","ft":"1.365","fta":"1.968","ft_pct":"0.694","orb":"0.270","drb":"3.873","trb":"4.143","ast":"0.698","stl":"0.540","blk":"0.000","tov":"0.508","pf":"1.714","pts":"9.143"},{"game_id":112,"team_name":"DET","player_id":"{\"ellinwa01\"}","player_name":"{\"Wayne Ellington\"}","fg":"2.424","fga":"6.035","fg_pct":"0.402","three_p":"1.835","three_pa":"4.776","three_p_pct":"0.384","ft":"0.141","fta":"0.141","ft_pct":"1.000","orb":"0.141","drb":"2.482","trb":"2.624","ast":"1.859","stl":"0.318","blk":"0.141","tov":"0.424","pf":"1.506","pts":"6.824"},{"game_id":112,"team_name":"DET","player_id":"benchDET","player_name":"Bench of DET","fg":"2.757","fga":"5.841","fg_pct":"0.472","three_p":"0.584","three_pa":"1.674","three_p_pct":"0.349","ft":"1.182","fta":"1.491","ft_pct":"0.793","orb":"1.358","drb":"2.512","trb":"3.870","ast":"1.776","stl":"0.625","blk":"0.402","tov":"0.805","pf":"1.731","pts":"7.419"}]