[{"game_id":1115,"team_name":"BOS","player_id":"teamBOS","player_name":"Team name: BOS","fg":"39.509","fga":"90.131","fg_pct":"0.438","three_p":"13.794","three_pa":"38.451","three_p_pct":"0.359","ft":"17.051","fta":"21.834","ft_pct":"0.781","orb":"10.754","drb":"32.246","trb":"43.000","ast":"21.989","stl":"7.011","blk":"5.966","tov":"12.154","pf":"20.509","pts":"109.863"},{"game_id":1115,"team_name":"BRK","player_id":"teamBRK","player_name":"Team name: BRK","fg":"41.960","fga":"83.989","fg_pct":"0.500","three_p":"14.303","three_pa":"34.526","three_p_pct":"0.414","ft":"19.526","fta":"24.109","ft_pct":"0.810","orb":"8.451","drb":"35.617","trb":"44.069","ast":"25.709","stl":"6.840","blk":"6.617","tov":"11.469","pf":"20.920","pts":"117.749"}]