[{"game_id":1246,"team_name":"SAC","player_id":"{\"foxde01\"}","player_name":"{\"De'Aaron Fox\"}","fg":"5.647","fga":"12.847","fg_pct":"0.440","three_p":"1.294","three_pa":"3.682","three_p_pct":"0.351","ft":"3.212","fta":"4.306","ft_pct":"0.746","orb":"0.365","drb":"3.000","trb":"3.365","ast":"7.212","stl":"1.012","blk":"0.282","tov":"3.035","pf":"2.294","pts":"15.800"},{"game_id":1246,"team_name":"SAC","player_id":"{\"arizatr01\"}","player_name":"{\"Trevor Ariza\"}","fg":"1.812","fga":"4.718","fg_pct":"0.384","three_p":"1.235","three_pa":"3.412","three_p_pct":"0.362","ft":"0.459","fta":"0.565","ft_pct":"0.812","orb":"0.388","drb":"3.165","trb":"3.553","ast":"1.494","stl":"0.588","blk":"0.212","tov":"0.541","pf":"0.941","pts":"5.318"},{"game_id":1246,"team_name":"SAC","player_id":"{\"barneha02\"}","player_name":"{\"Harrison Barnes\"}","fg":"5.329","fga":"10.800","fg_pct":"0.493","three_p":"1.141","three_pa":"3.176","three_p_pct":"0.359","ft":"1.788","fta":"2.576","ft_pct":"0.694","orb":"0.953","drb":"4.435","trb":"5.388","ast":"1.106","stl":"0.882","blk":"0.082","tov":"0.753","pf":"0.765","pts":"13.588"},{"game_id":1246,"team_name":"SAC","player_id":"{\"hieldbu01\"}","player_name":"{\"Buddy Hield\"}","fg":"5.612","fga":"14.929","fg_pct":"0.376","three_p":"3.588","three_pa":"9.106","three_p_pct":"0.394","ft":"0.565","fta":"0.565","ft_pct":"1.000","orb":"0.847","drb":"2.600","trb":"3.447","ast":"2.541","stl":"0.776","blk":"0.388","tov":"2.424","pf":"2.471","pts":"15.376"},{"game_id":1246,"team_name":"SAC","player_id":"{\"dedmode01\"}","player_name":"{\"Dewayne Dedmon\"}","fg":"2.894","fga":"6.012","fg_pct":"0.481","three_p":"0.929","three_pa":"2.600","three_p_pct":"0.357","ft":"1.071","fta":"1.200","ft_pct":"0.892","orb":"1.529","drb":"4.035","trb":"5.565","ast":"0.376","stl":"0.482","blk":"0.741","tov":"1.976","pf":"2.906","pts":"7.788"},{"game_id":1246,"team_name":"SAC","player_id":"{\"bjeline01\"}","player_name":"{\"Nemanja Bjelica\"}","fg":"3.788","fga":"7.059","fg_pct":"0.537","three_p":"1.635","three_pa":"3.376","three_p_pct":"0.484","ft":"0.694","fta":"0.765","ft_pct":"0.907","orb":"1.165","drb":"2.541","trb":"3.706","ast":"1.306","stl":"0.800","blk":"0.424","tov":"0.812","pf":"2.259","pts":"9.906"},{"game_id":1246,"team_name":"SAC","player_id":"benchSAC","player_name":"Bench of SAC","fg":"3.771","fga":"8.412","fg_pct":"0.448","three_p":"0.857","three_pa":"2.784","three_p_pct":"0.308","ft":"1.429","fta":"1.909","ft_pct":"0.749","orb":"1.083","drb":"2.663","trb":"3.746","ast":"2.077","stl":"0.725","blk":"0.537","tov":"1.060","pf":"2.339","pts":"9.826"},{"game_id":1246,"team_name":"UTA","player_id":"{\"davised01\"}","player_name":"{\"Ed Davis\"}","fg":"1.306","fga":"2.247","fg_pct":"0.581","three_p":"0.000","three_pa":"0.000","three_p_pct":"NaN","ft":"0.447","fta":"0.800","ft_pct":"0.559","orb":"1.718","drb":"4.506","trb":"6.224","ast":"0.294","stl":"0.165","blk":"0.459","tov":"0.647","pf":"2.176","pts":"3.059"},{"game_id":1246,"team_name":"UTA","player_id":"{\"goberru01\"}","player_name":"{\"Rudy Gobert\"}","fg":"3.435","fga":"5.788","fg_pct":"0.593","three_p":"0.000","three_pa":"0.000","three_p_pct":"NaN","ft":"3.259","fta":"4.847","ft_pct":"0.672","orb":"2.353","drb":"8.094","trb":"10.447","ast":"1.282","stl":"1.012","blk":"1.659","tov":"2.765","pf":"3.294","pts":"10.129"},{"game_id":1246,"team_name":"UTA","player_id":"{\"bogdabo02\"}","player_name":"{\"Bojan Bogdanović\"}","fg":"6.459","fga":"14.106","fg_pct":"0.458","three_p":"2.376","three_pa":"5.965","three_p_pct":"0.398","ft":"3.624","fta":"3.871","ft_pct":"0.936","orb":"0.400","drb":"4.282","trb":"4.682","ast":"1.941","stl":"1.247","blk":"0.141","tov":"2.094","pf":"2.212","pts":"18.918"},{"game_id":1246,"team_name":"UTA","player_id":"{\"mitchdo01\"}","player_name":"{\"Donovan Mitchell\"}","fg":"8.424","fga":"19.329","fg_pct":"0.436","three_p":"1.647","three_pa":"5.447","three_p_pct":"0.302","ft":"4.482","fta":"5.765","ft_pct":"0.777","orb":"1.200","drb":"3.694","trb":"4.894","ast":"3.047","stl":"1.729","blk":"0.188","tov":"2.565","pf":"2.906","pts":"22.976"},{"game_id":1246,"team_name":"UTA","player_id":"{\"conlemi01\"}","player_name":"{\"Mike Conley\"}","fg":"5.800","fga":"14.200","fg_pct":"0.408","three_p":"2.129","three_pa":"6.071","three_p_pct":"0.351","ft":"4.376","fta":"5.235","ft_pct":"0.836","orb":"0.118","drb":"2.282","trb":"2.400","ast":"5.200","stl":"0.741","blk":"0.141","tov":"2.165","pf":"2.482","pts":"18.106"},{"game_id":1246,"team_name":"UTA","player_id":"{\"inglejo01\"}","player_name":"{\"Joe Ingles\"}","fg":"2.341","fga":"6.553","fg_pct":"0.357","three_p":"1.424","three_pa":"4.659","three_p_pct":"0.306","ft":"0.259","fta":"0.259","ft_pct":"1.000","orb":"0.400","drb":"4.259","trb":"4.659","ast":"4.624","stl":"1.588","blk":"0.000","tov":"1.612","pf":"2.600","pts":"6.365"},{"game_id":1246,"team_name":"UTA","player_id":"benchUTA","player_name":"Bench of UTA","fg":"3.539","fga":"7.937","fg_pct":"0.446","three_p":"1.083","three_pa":"3.128","three_p_pct":"0.346","ft":"1.344","fta":"1.780","ft_pct":"0.755","orb":"0.247","drb":"3.212","trb":"3.459","ast":"2.195","stl":"0.636","blk":"0.426","tov":"1.643","pf":"2.085","pts":"9.504"}]