[{"game_id":1034,"team_name":"GSW","player_id":"{\"wiggian01\"}","player_name":"{\"Andrew Wiggins\"}","ts_pct":"0.549","efg_pct":"0.519","three_par":"0.328","ftr":"0.176","orb_pct":"4.527","drb_pct":"9.356","trb_pct":"7.342","ast_pct":"13.759","stl_pct":"0.835","blk_pct":"2.998","tov_pct":"7.831","usg_pct":"25.308","ortg":"108.976","drtg":"108.882","bpm":"-1.795"},{"game_id":1034,"team_name":"GSW","player_id":"{\"greendr01\"}","player_name":"{\"Draymond Green\"}","ts_pct":"0.609","efg_pct":"0.591","three_par":"0.319","ftr":"0.240","orb_pct":"2.053","drb_pct":"25.338","trb_pct":"14.318","ast_pct":"38.229","stl_pct":"2.216","blk_pct":"2.464","tov_pct":"33.942","usg_pct":"12.981","ortg":"123.153","drtg":"101.824","bpm":"4.266"},{"game_id":1034,"team_name":"GSW","player_id":"{\"curryst01\"}","player_name":"{\"Stephen Curry\"}","ts_pct":"0.669","efg_pct":"0.620","three_par":"0.642","ftr":"0.325","orb_pct":"1.298","drb_pct":"13.404","trb_pct":"7.874","ast_pct":"26.284","stl_pct":"2.066","blk_pct":"0.153","tov_pct":"10.338","usg_pct":"40.364","ortg":"120.435","drtg":"106.729","bpm":"10.155"},{"game_id":1034,"team_name":"GSW","player_id":"{\"bazemke01\"}","player_name":"{\"Kent Bazemore\"}","ts_pct":"0.637","efg_pct":"0.618","three_par":"0.524","ftr":"0.120","orb_pct":"1.040","drb_pct":"18.669","trb_pct":"10.575","ast_pct":"7.424","stl_pct":"1.724","blk_pct":"2.122","tov_pct":"16.461","usg_pct":"15.561","ortg":"100.341","drtg":"102.835","bpm":"-2.005"},{"game_id":1034,"team_name":"GSW","player_id":"{\"toscaju01\"}","player_name":"{\"Juan Toscano-Anderson\"}","ts_pct":"0.726","efg_pct":"0.753","three_par":"0.544","ftr":"0.212","orb_pct":"1.672","drb_pct":"20.139","trb_pct":"11.694","ast_pct":"20.224","stl_pct":"2.522","blk_pct":"2.346","tov_pct":"27.442","usg_pct":"10.724","ortg":"124.353","drtg":"102.376","bpm":"1.765"},{"game_id":1034,"team_name":"GSW","player_id":"{\"looneke01\"}","player_name":"{\"Kevon Looney\"}","ts_pct":"0.599","efg_pct":"0.610","three_par":"0.039","ftr":"0.327","orb_pct":"7.469","drb_pct":"21.651","trb_pct":"15.461","ast_pct":"8.775","stl_pct":"0.395","blk_pct":"1.289","tov_pct":"8.842","usg_pct":"7.816","ortg":"136.718","drtg":"107.341","bpm":"-2.762"},{"game_id":1034,"team_name":"GSW","player_id":"benchGSW","player_name":"Bench of GSW","ts_pct":"0.628","efg_pct":"0.601","three_par":"0.742","ftr":"0.173","orb_pct":"2.510","drb_pct":"6.483","trb_pct":"4.604","ast_pct":"8.552","stl_pct":"0.527","blk_pct":"1.055","tov_pct":"8.100","usg_pct":"22.692","ortg":"114.281","drtg":"111.733","bpm":"-0.502"},{"game_id":1034,"team_name":"PHO","player_id":"{\"carteje01\"}","player_name":"{\"Jevon Carter\"}","ts_pct":"0.779","efg_pct":"0.778","three_par":"0.798","ftr":"0.042","orb_pct":"0.668","drb_pct":"8.401","trb_pct":"4.786","ast_pct":"8.812","stl_pct":"1.428","blk_pct":"0.480","tov_pct":"10.506","usg_pct":"13.858","ortg":"138.318","drtg":"122.882","bpm":"-1.146"},{"game_id":1034,"team_name":"PHO","player_id":"{\"bookede01\"}","player_name":"{\"Devin Booker\"}","ts_pct":"0.581","efg_pct":"0.495","three_par":"0.197","ftr":"0.437","orb_pct":"2.908","drb_pct":"11.985","trb_pct":"7.408","ast_pct":"17.128","stl_pct":"0.653","blk_pct":"0.129","tov_pct":"9.393","usg_pct":"32.326","ortg":"114.776","drtg":"124.824","bpm":"-1.848"},{"game_id":1034,"team_name":"PHO","player_id":"{\"bridgmi01\"}","player_name":"{\"Mikal Bridges\"}","ts_pct":"0.765","efg_pct":"0.746","three_par":"0.509","ftr":"0.204","orb_pct":"2.867","drb_pct":"7.502","trb_pct":"5.218","ast_pct":"7.919","stl_pct":"2.304","blk_pct":"3.513","tov_pct":"6.155","usg_pct":"15.068","ortg":"147.153","drtg":"120.059","bpm":"6.469"},{"game_id":1034,"team_name":"PHO","player_id":"{\"paulch01\"}","player_name":"{\"Chris Paul\"}","ts_pct":"0.608","efg_pct":"0.570","three_par":"0.268","ftr":"0.202","orb_pct":"0.556","drb_pct":"14.679","trb_pct":"7.720","ast_pct":"48.142","stl_pct":"2.609","blk_pct":"1.878","tov_pct":"16.256","usg_pct":"25.058","ortg":"124.553","drtg":"118.729","bpm":"5.388"},{"game_id":1034,"team_name":"PHO","player_id":"{\"aytonde01\"}","player_name":"{\"Deandre Ayton\"}","ts_pct":"0.696","efg_pct":"0.662","three_par":"0.000","ftr":"0.340","orb_pct":"12.047","drb_pct":"25.627","trb_pct":"19.105","ast_pct":"8.861","stl_pct":"1.689","blk_pct":"3.852","tov_pct":"7.445","usg_pct":"13.480","ortg":"145.859","drtg":"117.000","bpm":"2.731"},{"game_id":1034,"team_name":"PHO","player_id":"{\"crowdja01\"}","player_name":"{\"Jae Crowder\"}","ts_pct":"0.487","efg_pct":"0.485","three_par":"0.795","ftr":"0.198","orb_pct":"5.242","drb_pct":"11.307","trb_pct":"8.136","ast_pct":"14.292","stl_pct":"1.413","blk_pct":"2.918","tov_pct":"10.464","usg_pct":"18.516","ortg":"105.565","drtg":"116.282","bpm":"-0.109"},{"game_id":1034,"team_name":"PHO","player_id":"benchPHO","player_name":"Bench of PHO","ts_pct":"0.567","efg_pct":"0.558","three_par":"0.469","ftr":"0.225","orb_pct":"5.650","drb_pct":"19.979","trb_pct":"12.900","ast_pct":"11.782","stl_pct":"1.003","blk_pct":"2.552","tov_pct":"9.533","usg_pct":"19.902","ortg":"115.571","drtg":"120.190","bpm":"-0.747"}]