[{"game_id":1061,"team_name":"BRK","player_id":"teamBRK","player_name":"Team name: BRK","fg":"42.714","fga":"85.851","fg_pct":"0.498","three_p":"14.520","three_pa":"35.971","three_p_pct":"0.404","ft":"19.171","fta":"23.703","ft_pct":"0.809","orb":"8.297","drb":"36.600","trb":"44.897","ast":"26.394","stl":"5.943","blk":"5.291","tov":"11.857","pf":"19.143","pts":"119.120"},{"game_id":1061,"team_name":"CHI","player_id":"teamCHI","player_name":"Team name: CHI","fg":"41.143","fga":"88.634","fg_pct":"0.464","three_p":"13.566","three_pa":"34.411","three_p_pct":"0.394","ft":"11.234","fta":"15.389","ft_pct":"0.730","orb":"10.274","drb":"36.823","trb":"47.097","ast":"26.903","stl":"6.280","blk":"3.943","tov":"12.943","pf":"18.560","pts":"107.086"}]