[{"game_id":109,"team_name":"ATL","player_id":"{\"youngtr01\"}","player_name":"{\"Trae Young\"}","ts_pct":"0.593","efg_pct":"0.505","three_par":"0.373","ftr":"0.632","orb_pct":"4.511","drb_pct":"7.956","trb_pct":"6.375","ast_pct":"46.089","stl_pct":"0.740","blk_pct":"0.388","tov_pct":"16.986","usg_pct":"35.302","ortg":"118.012","drtg":"117.071","bpm":"3.934"},{"game_id":109,"team_name":"ATL","player_id":"{\"huntede01\"}","player_name":"{\"De'Andre Hunter\"}","ts_pct":"0.670","efg_pct":"0.649","three_par":"0.455","ftr":"0.262","orb_pct":"3.345","drb_pct":"17.939","trb_pct":"10.893","ast_pct":"8.214","stl_pct":"0.619","blk_pct":"1.167","tov_pct":"9.209","usg_pct":"17.193","ortg":"131.424","drtg":"114.094","bpm":"1.409"},{"game_id":109,"team_name":"ATL","player_id":"{\"huertke01\"}","player_name":"{\"Kevin Huerter\"}","ts_pct":"0.540","efg_pct":"0.522","three_par":"0.507","ftr":"0.077","orb_pct":"3.752","drb_pct":"8.806","trb_pct":"6.298","ast_pct":"17.428","stl_pct":"2.688","blk_pct":"0.586","tov_pct":"10.129","usg_pct":"17.396","ortg":"113.424","drtg":"112.118","bpm":"0.955"},{"game_id":109,"team_name":"ATL","player_id":"{\"collijo01\"}","player_name":"{\"John Collins\"}","ts_pct":"0.632","efg_pct":"0.588","three_par":"0.286","ftr":"0.316","orb_pct":"8.040","drb_pct":"18.929","trb_pct":"13.507","ast_pct":"10.171","stl_pct":"1.064","blk_pct":"3.168","tov_pct":"8.258","usg_pct":"21.902","ortg":"128.071","drtg":"111.859","bpm":"2.989"},{"game_id":109,"team_name":"ATL","player_id":"{\"reddica01\"}","player_name":"{\"Cam Reddish\"}","ts_pct":"0.481","efg_pct":"0.450","three_par":"0.398","ftr":"0.240","orb_pct":"2.876","drb_pct":"14.058","trb_pct":"8.580","ast_pct":"6.467","stl_pct":"2.000","blk_pct":"0.739","tov_pct":"14.424","usg_pct":"17.928","ortg":"95.835","drtg":"112.294","bpm":"-3.689"},{"game_id":109,"team_name":"ATL","player_id":"{\"capelca01\"}","player_name":"{\"Clint Capela\"}","ts_pct":"0.579","efg_pct":"0.638","three_par":"0.000","ftr":"0.476","orb_pct":"16.160","drb_pct":"28.622","trb_pct":"22.380","ast_pct":"6.564","stl_pct":"0.692","blk_pct":"4.228","tov_pct":"12.839","usg_pct":"16.264","ortg":"121.800","drtg":"110.306","bpm":"-0.300"},{"game_id":109,"team_name":"ATL","player_id":"benchATL","player_name":"Bench of ATL","ts_pct":"0.454","efg_pct":"0.428","three_par":"0.473","ftr":"0.237","orb_pct":"7.291","drb_pct":"10.463","trb_pct":"8.806","ast_pct":"0.338","stl_pct":"0.981","blk_pct":"0.386","tov_pct":"12.422","usg_pct":"17.906","ortg":"95.311","drtg":"111.743","bpm":"-1.616"},{"game_id":109,"team_name":"CHO","player_id":"{\"haywago01\"}","player_name":"{\"Gordon Hayward\"}","ts_pct":"0.546","efg_pct":"0.502","three_par":"0.354","ftr":"0.180","orb_pct":"1.315","drb_pct":"16.418","trb_pct":"8.329","ast_pct":"18.820","stl_pct":"1.844","blk_pct":"0.935","tov_pct":"11.765","usg_pct":"22.391","ortg":"105.671","drtg":"112.224","bpm":"-0.554"},{"game_id":109,"team_name":"CHO","player_id":"{\"grahade01\"}","player_name":"{\"Devonte' Graham\"}","ts_pct":"0.439","efg_pct":"0.413","three_par":"0.631","ftr":"0.103","orb_pct":"1.108","drb_pct":"8.152","trb_pct":"4.331","ast_pct":"27.296","stl_pct":"1.988","blk_pct":"0.000","tov_pct":"5.561","usg_pct":"20.092","ortg":"102.165","drtg":"115.706","bpm":"-1.438"},{"game_id":109,"team_name":"CHO","player_id":"{\"washipj01\"}","player_name":"{\"P.J. Washington\"}","ts_pct":"0.528","efg_pct":"0.484","three_par":"0.373","ftr":"0.358","orb_pct":"6.929","drb_pct":"15.673","trb_pct":"11.114","ast_pct":"14.714","stl_pct":"1.586","blk_pct":"1.836","tov_pct":"14.887","usg_pct":"21.752","ortg":"100.635","drtg":"112.459","bpm":"-3.429"},{"game_id":109,"team_name":"CHO","player_id":"{\"roziete01\"}","player_name":"{\"Terry Rozier\"}","ts_pct":"0.619","efg_pct":"0.569","three_par":"0.523","ftr":"0.279","orb_pct":"2.334","drb_pct":"8.052","trb_pct":"4.985","ast_pct":"16.978","stl_pct":"1.076","blk_pct":"1.264","tov_pct":"11.185","usg_pct":"24.834","ortg":"114.941","drtg":"117.576","bpm":"1.962"},{"game_id":109,"team_name":"CHO","player_id":"{\"biyombi01\"}","player_name":"{\"Bismack Biyombo\"}","ts_pct":"0.545","efg_pct":"0.545","three_par":"0.013","ftr":"0.469","orb_pct":"10.434","drb_pct":"17.145","trb_pct":"13.208","ast_pct":"14.671","stl_pct":"0.226","blk_pct":"3.464","tov_pct":"12.952","usg_pct":"14.616","ortg":"115.400","drtg":"114.553","bpm":"-2.058"},{"game_id":109,"team_name":"CHO","player_id":"{\"ballla01\"}","player_name":"{\"LaMelo Ball\"}","ts_pct":"0.486","efg_pct":"0.462","three_par":"0.435","ftr":"0.223","orb_pct":"6.490","drb_pct":"14.389","trb_pct":"10.027","ast_pct":"32.021","stl_pct":"3.671","blk_pct":"1.731","tov_pct":"17.717","usg_pct":"24.320","ortg":"98.243","drtg":"107.443","bpm":"1.810"},{"game_id":109,"team_name":"CHO","player_id":"benchCHO","player_name":"Bench of CHO","ts_pct":"0.545","efg_pct":"0.530","three_par":"0.370","ftr":"0.236","orb_pct":"3.594","drb_pct":"15.910","trb_pct":"9.493","ast_pct":"13.141","stl_pct":"2.125","blk_pct":"2.716","tov_pct":"14.979","usg_pct":"15.966","ortg":"106.898","drtg":"110.745","bpm":"-0.805"}]