[{"game_id":100,"team_name":"GSW","player_id":"teamGSW","player_name":"Team name: GSW","ts_pct":"0.600","efg_pct":"0.536","three_par":"0.474","ftr":"0.485","orb_pct":"3.635","drb_pct":"17.370","trb_pct":"10.513","ast_pct":"16.431","stl_pct":"1.446","blk_pct":"2.348","tov_pct":"13.447","usg_pct":"20.811","ortg":"121.117","drtg":"130.729","bpm":"-1.737"},{"game_id":100,"team_name":"SAC","player_id":"teamSAC","player_name":"Team name: SAC","ts_pct":"0.575","efg_pct":"0.538","three_par":"0.354","ftr":"0.285","orb_pct":"5.066","drb_pct":"18.784","trb_pct":"11.729","ast_pct":"15.944","stl_pct":"1.251","blk_pct":"1.954","tov_pct":"15.354","usg_pct":"21.312","ortg":"117.419","drtg":"121.630","bpm":"-1.353"}]