[{"game_id":1029,"team_name":"TOR","player_id":"{\"bouchch01\"}","player_name":"{\"Chris Boucher\"}","fg":"5.235","fga":"10.224","fg_pct":"0.512","three_p":"1.576","three_pa":"4.341","three_p_pct":"0.363","ft":"2.718","fta":"3.176","ft_pct":"0.856","orb":"2.600","drb":"6.329","trb":"8.929","ast":"1.400","stl":"0.565","blk":"1.318","tov":"0.976","pf":"3.318","pts":"14.765"},{"game_id":1029,"team_name":"TOR","player_id":"{\"trentga02\"}","player_name":"{\"Gary Trent Jr.\"}","fg":"5.871","fga":"15.741","fg_pct":"0.373","three_p":"2.506","three_pa":"7.447","three_p_pct":"0.337","ft":"2.106","fta":"2.506","ft_pct":"0.840","orb":"0.600","drb":"3.188","trb":"3.788","ast":"1.106","stl":"1.365","blk":"0.106","tov":"0.918","pf":"1.412","pts":"16.353"},{"game_id":1029,"team_name":"TOR","player_id":"{\"birchkh01\"}","player_name":"{\"Khem Birch\"}","fg":"5.376","fga":"9.459","fg_pct":"0.568","three_p":"0.482","three_pa":"1.565","three_p_pct":"0.308","ft":"1.435","fta":"2.388","ft_pct":"0.601","orb":"3.329","drb":"5.176","trb":"8.506","ast":"2.235","stl":"0.906","blk":"1.200","tov":"1.141","pf":"2.788","pts":"12.671"},{"game_id":1029,"team_name":"TOR","player_id":"{\"flynnma01\"}","player_name":"{\"Malachi Flynn\"}","fg":"2.894","fga":"7.212","fg_pct":"0.401","three_p":"1.129","three_pa":"3.376","three_p_pct":"0.334","ft":"1.329","fta":"1.518","ft_pct":"0.875","orb":"0.224","drb":"3.118","trb":"3.341","ast":"2.788","stl":"0.624","blk":"0.000","tov":"1.388","pf":"2.141","pts":"8.247"},{"game_id":1029,"team_name":"TOR","player_id":"{\"harrija01\"}","player_name":"{\"Jalen Harris\"}","fg":"1.718","fga":"3.871","fg_pct":"0.444","three_p":"0.988","three_pa":"1.941","three_p_pct":"0.509","ft":"0.612","fta":"0.612","ft_pct":"1.000","orb":"0.306","drb":"1.141","trb":"1.447","ast":"1.106","stl":"0.447","blk":"0.000","tov":"0.435","pf":"1.024","pts":"5.035"},{"game_id":1029,"team_name":"TOR","player_id":"{\"gillefr01\"}","player_name":"{\"Freddie Gillespie\"}","fg":"1.988","fga":"4.118","fg_pct":"0.483","three_p":"0.000","three_pa":"0.000","three_p_pct":"NaN","ft":"1.259","fta":"1.859","ft_pct":"0.677","orb":"2.212","drb":"2.800","trb":"5.012","ast":"0.235","stl":"0.541","blk":"0.859","tov":"0.494","pf":"2.141","pts":"5.235"},{"game_id":1029,"team_name":"TOR","player_id":"benchTOR","player_name":"Bench of TOR","fg":"1.715","fga":"4.254","fg_pct":"0.403","three_p":"0.789","three_pa":"2.270","three_p_pct":"0.348","ft":"0.712","fta":"1.093","ft_pct":"0.651","orb":"0.597","drb":"2.203","trb":"2.800","ast":"1.395","stl":"1.031","blk":"0.250","tov":"1.046","pf":"2.052","pts":"4.929"},{"game_id":1029,"team_name":"LAC","player_id":"{\"couside01\"}","player_name":"{\"DeMarcus Cousins\"}","fg":"4.082","fga":"7.071","fg_pct":"0.577","three_p":"0.753","three_pa":"1.588","three_p_pct":"0.474","ft":"0.882","fta":"1.224","ft_pct":"0.721","orb":"1.624","drb":"3.706","trb":"5.329","ast":"1.071","stl":"0.612","blk":"0.553","tov":"1.553","pf":"1.918","pts":"9.800"},{"game_id":1029,"team_name":"LAC","player_id":"{\"kennalu01\"}","player_name":"{\"Luke Kennard\"}","fg":"3.106","fga":"7.012","fg_pct":"0.443","three_p":"1.753","three_pa":"3.918","three_p_pct":"0.447","ft":"0.565","fta":"0.729","ft_pct":"0.775","orb":"0.271","drb":"1.859","trb":"2.129","ast":"1.918","stl":"0.341","blk":"0.106","tov":"0.729","pf":"1.235","pts":"8.529"},{"game_id":1029,"team_name":"LAC","player_id":"{\"scrubja01\"}","player_name":"{\"Jay Scrubb\"}","fg":"2.000","fga":"4.000","fg_pct":"0.500","three_p":"0.400","three_pa":"1.200","three_p_pct":"0.333","ft":"0.900","fta":"1.200","ft_pct":"0.750","orb":"0.600","drb":"1.700","trb":"2.300","ast":"1.200","stl":"0.400","blk":"0.250","tov":"0.700","pf":"1.000","pts":"6.000"},{"game_id":1029,"team_name":"LAC","player_id":"{\"georgpa01\"}","player_name":"{\"Paul George\"}","fg":"8.141","fga":"18.694","fg_pct":"0.435","three_p":"2.565","three_pa":"7.929","three_p_pct":"0.323","ft":"4.129","fta":"5.165","ft_pct":"0.799","orb":"0.671","drb":"7.635","trb":"8.306","ast":"3.894","stl":"0.906","blk":"0.376","tov":"3.471","pf":"2.929","pts":"22.976"},{"game_id":1029,"team_name":"LAC","player_id":"{\"zubaciv01\"}","player_name":"{\"Ivica Zubac\"}","fg":"4.000","fga":"5.965","fg_pct":"0.671","three_p":"0.000","three_pa":"0.000","three_p_pct":"NaN","ft":"1.953","fta":"2.800","ft_pct":"0.698","orb":"2.282","drb":"5.024","trb":"7.306","ast":"1.529","stl":"0.094","blk":"0.800","tov":"1.294","pf":"2.871","pts":"9.953"},{"game_id":1029,"team_name":"LAC","player_id":"{\"leonaka01\"}","player_name":"{\"Kawhi Leonard\"}","fg":"7.294","fga":"15.318","fg_pct":"0.476","three_p":"2.282","three_pa":"5.200","three_p_pct":"0.439","ft":"4.271","fta":"4.576","ft_pct":"0.933","orb":"1.047","drb":"5.718","trb":"6.765","ast":"5.824","stl":"0.459","blk":"0.294","tov":"2.565","pf":"1.188","pts":"21.141"},{"game_id":1029,"team_name":"LAC","player_id":"benchLAC","player_name":"Bench of LAC","fg":"2.689","fga":"6.026","fg_pct":"0.446","three_p":"1.182","three_pa":"2.901","three_p_pct":"0.407","ft":"0.957","fta":"1.141","ft_pct":"0.839","orb":"0.512","drb":"2.240","trb":"2.752","ast":"1.882","stl":"0.596","blk":"0.282","tov":"0.950","pf":"1.473","pts":"7.519"}]