[{"game_id":1260,"team_name":"CLE","player_id":"{\"loveke01\"}","player_name":"{\"Kevin Love\"}","ts_pct":"0.624","efg_pct":"0.583","three_par":"0.518","ftr":"0.354","orb_pct":"2.544","drb_pct":"45.840","trb_pct":"24.252","ast_pct":"20.952","stl_pct":"1.401","blk_pct":"0.194","tov_pct":"17.962","usg_pct":"22.176","ortg":"111.376","drtg":"105.306","bpm":"4.812"},{"game_id":1260,"team_name":"CLE","player_id":"{\"thomptr01\"}","player_name":"{\"Tristan Thompson\"}","ts_pct":"0.568","efg_pct":"0.555","three_par":"0.015","ftr":"0.304","orb_pct":"12.276","drb_pct":"22.186","trb_pct":"17.029","ast_pct":"11.309","stl_pct":"0.444","blk_pct":"2.991","tov_pct":"5.664","usg_pct":"19.386","ortg":"123.388","drtg":"112.518","bpm":"1.796"},{"game_id":1260,"team_name":"CLE","player_id":"{\"osmande01\"}","player_name":"{\"Cedi Osman\"}","ts_pct":"0.588","efg_pct":"0.554","three_par":"0.537","ftr":"0.177","orb_pct":"1.682","drb_pct":"8.621","trb_pct":"5.234","ast_pct":"7.605","stl_pct":"1.791","blk_pct":"0.438","tov_pct":"12.059","usg_pct":"13.906","ortg":"105.118","drtg":"114.471","bpm":"-1.269"},{"game_id":1260,"team_name":"CLE","player_id":"{\"nancela02\"}","player_name":"{\"Larry Nance Jr.\"}","ts_pct":"0.567","efg_pct":"0.530","three_par":"0.337","ftr":"0.234","orb_pct":"8.093","drb_pct":"26.248","trb_pct":"16.860","ast_pct":"12.438","stl_pct":"1.638","blk_pct":"2.181","tov_pct":"12.115","usg_pct":"17.140","ortg":"117.353","drtg":"110.224","bpm":"0.701"},{"game_id":1260,"team_name":"CLE","player_id":"{\"garlada01\"}","player_name":"{\"Darius Garland\"}","ts_pct":"0.355","efg_pct":"0.335","three_par":"0.366","ftr":"0.095","orb_pct":"1.216","drb_pct":"3.089","trb_pct":"2.224","ast_pct":"18.262","stl_pct":"0.536","blk_pct":"0.000","tov_pct":"17.542","usg_pct":"21.953","ortg":"68.418","drtg":"112.364","bpm":"-11.205"},{"game_id":1260,"team_name":"CLE","player_id":"{\"sextoco01\"}","player_name":"{\"Collin Sexton\"}","ts_pct":"0.548","efg_pct":"0.527","three_par":"0.338","ftr":"0.184","orb_pct":"2.286","drb_pct":"5.692","trb_pct":"3.938","ast_pct":"15.756","stl_pct":"0.761","blk_pct":"0.000","tov_pct":"12.478","usg_pct":"25.868","ortg":"102.565","drtg":"117.482","bpm":"-2.806"},{"game_id":1260,"team_name":"CLE","player_id":"benchCLE","player_name":"Bench of CLE","ts_pct":"0.380","efg_pct":"0.353","three_par":"0.306","ftr":"0.211","orb_pct":"2.869","drb_pct":"17.180","trb_pct":"15.643","ast_pct":"6.785","stl_pct":"3.130","blk_pct":"0.729","tov_pct":"9.683","usg_pct":"17.858","ortg":"73.944","drtg":"104.956","bpm":"-0.320"},{"game_id":1260,"team_name":"DAL","player_id":"{\"jacksju01\"}","player_name":"{\"Justin Jackson\"}","ts_pct":"0.594","efg_pct":"0.567","three_par":"0.342","ftr":"0.157","orb_pct":"2.825","drb_pct":"6.634","trb_pct":"4.804","ast_pct":"7.156","stl_pct":"0.220","blk_pct":"0.000","tov_pct":"4.959","usg_pct":"14.052","ortg":"116.671","drtg":"116.412","bpm":"-0.319"},{"game_id":1260,"team_name":"DAL","player_id":"{\"doncilu01\"}","player_name":"{\"Luka Dončić\"}","ts_pct":"0.565","efg_pct":"0.500","three_par":"0.465","ftr":"0.445","orb_pct":"4.704","drb_pct":"27.009","trb_pct":"15.812","ast_pct":"44.280","stl_pct":"2.162","blk_pct":"0.551","tov_pct":"17.146","usg_pct":"32.215","ortg":"112.047","drtg":"106.376","bpm":"7.636"},{"game_id":1260,"team_name":"DAL","player_id":"{\"porzikr01\"}","player_name":"{\"Kristaps Porziņģis\"}","ts_pct":"0.525","efg_pct":"0.510","three_par":"0.369","ftr":"0.360","orb_pct":"4.340","drb_pct":"19.394","trb_pct":"11.736","ast_pct":"11.167","stl_pct":"0.755","blk_pct":"7.640","tov_pct":"8.127","usg_pct":"27.642","ortg":"105.059","drtg":"103.318","bpm":"4.420"},{"game_id":1260,"team_name":"DAL","player_id":"{\"brunsja01\"}","player_name":"{\"Jalen Brunson\"}","ts_pct":"0.428","efg_pct":"0.396","three_par":"0.302","ftr":"0.329","orb_pct":"3.184","drb_pct":"11.113","trb_pct":"7.076","ast_pct":"33.541","stl_pct":"0.551","blk_pct":"0.000","tov_pct":"8.238","usg_pct":"21.367","ortg":"101.824","drtg":"112.894","bpm":"-2.571"},{"game_id":1260,"team_name":"DAL","player_id":"{\"wrighde01\"}","player_name":"{\"Delon Wright\"}","ts_pct":"0.705","efg_pct":"0.657","three_par":"0.347","ftr":"0.373","orb_pct":"2.231","drb_pct":"15.466","trb_pct":"9.038","ast_pct":"27.973","stl_pct":"2.418","blk_pct":"0.405","tov_pct":"10.760","usg_pct":"16.061","ortg":"141.506","drtg":"109.953","bpm":"6.136"},{"game_id":1260,"team_name":"DAL","player_id":"{\"poweldw01\"}","player_name":"{\"Dwight Powell\"}","ts_pct":"0.682","efg_pct":"0.619","three_par":"0.202","ftr":"1.045","orb_pct":"11.461","drb_pct":"17.075","trb_pct":"14.215","ast_pct":"7.505","stl_pct":"0.728","blk_pct":"2.306","tov_pct":"12.881","usg_pct":"17.576","ortg":"133.718","drtg":"109.565","bpm":"0.979"},{"game_id":1260,"team_name":"DAL","player_id":"benchDAL","player_name":"Bench of DAL","ts_pct":"0.524","efg_pct":"0.456","three_par":"0.517","ftr":"0.260","orb_pct":"6.931","drb_pct":"12.059","trb_pct":"9.361","ast_pct":"8.265","stl_pct":"1.168","blk_pct":"0.416","tov_pct":"14.108","usg_pct":"16.769","ortg":"104.837","drtg":"110.203","bpm":"-2.698"}]