[{"game_id":1143,"team_name":"DEN","player_id":"teamDEN","player_name":"Team name: DEN","fg":"41.703","fga":"92.194","fg_pct":"0.452","three_p":"14.766","three_pa":"38.880","three_p_pct":"0.380","ft":"15.720","fta":"20.251","ft_pct":"0.776","orb":"12.200","drb":"31.566","trb":"43.766","ast":"24.794","stl":"6.223","blk":"4.211","tov":"10.754","pf":"19.989","pts":"113.891"},{"game_id":1143,"team_name":"PHO","player_id":"teamPHO","player_name":"Team name: PHO","fg":"41.263","fga":"85.217","fg_pct":"0.484","three_p":"12.897","three_pa":"32.954","three_p_pct":"0.391","ft":"16.160","fta":"18.903","ft_pct":"0.855","orb":"7.411","drb":"35.971","trb":"43.383","ast":"26.446","stl":"7.114","blk":"4.463","tov":"10.560","pf":"17.949","pts":"111.583"}]