[{"game_id":1022,"team_name":"MEM","player_id":"teamMEM","player_name":"Team name: MEM","ts_pct":"0.560","efg_pct":"0.501","three_par":"0.413","ftr":"0.313","orb_pct":"4.956","drb_pct":"17.249","trb_pct":"11.048","ast_pct":"16.831","stl_pct":"1.529","blk_pct":"2.269","tov_pct":"12.227","usg_pct":"20.758","ortg":"117.485","drtg":"125.149","bpm":"-1.735"},{"game_id":1022,"team_name":"NOP","player_id":"teamNOP","player_name":"Team name: NOP","ts_pct":"0.526","efg_pct":"0.490","three_par":"0.317","ftr":"0.303","orb_pct":"6.234","drb_pct":"15.991","trb_pct":"11.106","ast_pct":"14.425","stl_pct":"1.966","blk_pct":"2.245","tov_pct":"14.414","usg_pct":"19.703","ortg":"107.891","drtg":"110.339","bpm":"-0.787"}]