[{"game_id":1066,"team_name":"NYK","player_id":"teamNYK","player_name":"Team name: NYK","fg":"40.091","fga":"87.343","fg_pct":"0.459","three_p":"13.314","three_pa":"32.114","three_p_pct":"0.415","ft":"15.080","fta":"17.920","ft_pct":"0.842","orb":"7.131","drb":"36.034","trb":"43.166","ast":"23.074","stl":"6.331","blk":"5.720","tov":"10.149","pf":"20.354","pts":"108.577"},{"game_id":1066,"team_name":"BOS","player_id":"teamBOS","player_name":"Team name: BOS","fg":"43.497","fga":"93.006","fg_pct":"0.468","three_p":"15.840","three_pa":"40.600","three_p_pct":"0.390","ft":"15.611","fta":"20.206","ft_pct":"0.773","orb":"10.177","drb":"33.217","trb":"43.394","ast":"25.389","stl":"7.834","blk":"6.617","tov":"12.703","pf":"22.343","pts":"118.446"}]