[{"game_id":1017,"team_name":"DET","player_id":"teamDET","player_name":"Team name: DET","ts_pct":"0.555","efg_pct":"0.525","three_par":"0.338","ftr":"0.244","orb_pct":"4.141","drb_pct":"15.990","trb_pct":"10.296","ast_pct":"14.731","stl_pct":"1.227","blk_pct":"1.782","tov_pct":"14.407","usg_pct":"19.742","ortg":"106.507","drtg":"116.195","bpm":"-2.623"},{"game_id":1017,"team_name":"CHI","player_id":"teamCHI","player_name":"Team name: CHI","ts_pct":"0.638","efg_pct":"0.587","three_par":"0.453","ftr":"0.259","orb_pct":"4.525","drb_pct":"18.382","trb_pct":"11.436","ast_pct":"20.654","stl_pct":"2.394","blk_pct":"1.340","tov_pct":"15.686","usg_pct":"24.136","ortg":"132.874","drtg":"135.643","bpm":"0.372"}]