[{"game_id":1010,"team_name":"POR","player_id":"teamPOR","player_name":"Team name: POR","fg":"44.474","fga":"93.320","fg_pct":"0.477","three_p":"15.577","three_pa":"36.943","three_p_pct":"0.422","ft":"18.434","fta":"21.720","ft_pct":"0.849","orb":"10.109","drb":"37.166","trb":"47.274","ast":"24.354","stl":"6.743","blk":"4.480","tov":"9.926","pf":"18.686","pts":"122.960"},{"game_id":1010,"team_name":"SAS","player_id":"teamSAS","player_name":"Team name: SAS","fg":"42.177","fga":"89.771","fg_pct":"0.470","three_p":"8.263","three_pa":"25.257","three_p_pct":"0.327","ft":"19.137","fta":"23.606","ft_pct":"0.811","orb":"8.823","drb":"32.886","trb":"41.709","ast":"23.846","stl":"7.520","blk":"4.731","tov":"10.926","pf":"18.514","pts":"111.754"}]