[{"game_id":1121,"team_name":"PHO","player_id":"teamPHO","player_name":"Team name: PHO","fg":"41.046","fga":"85.297","fg_pct":"0.481","three_p":"12.040","three_pa":"31.840","three_p_pct":"0.378","ft":"17.537","fta":"20.029","ft_pct":"0.876","orb":"8.183","drb":"33.154","trb":"41.337","ast":"25.726","stl":"7.097","blk":"4.103","tov":"11.531","pf":"19.840","pts":"111.669"},{"game_id":1121,"team_name":"LAL","player_id":"teamLAL","player_name":"Team name: LAL","fg":"38.520","fga":"85.309","fg_pct":"0.452","three_p":"10.006","three_pa":"30.406","three_p_pct":"0.329","ft":"20.109","fta":"26.594","ft_pct":"0.756","orb":"10.897","drb":"33.583","trb":"44.480","ast":"24.114","stl":"8.954","blk":"4.697","tov":"13.149","pf":"18.537","pts":"107.154"}]