[{"game_id":1127,"team_name":"LAL","player_id":"{\"harremo01\"}","player_name":"{\"Montrezl Harrell\"}","fg":"2.941","fga":"5.106","fg_pct":"0.576","three_p":"0.000","three_pa":"0.000","three_p_pct":"NaN","ft":"2.294","fta":"3.294","ft_pct":"0.696","orb":"1.129","drb":"2.376","trb":"3.506","ast":"0.329","stl":"0.471","blk":"0.094","tov":"0.612","pf":"0.776","pts":"8.176"},{"game_id":1127,"team_name":"LAL","player_id":"{\"carusal01\"}","player_name":"{\"Alex Caruso\"}","fg":"3.271","fga":"7.800","fg_pct":"0.419","three_p":"1.071","three_pa":"3.129","three_p_pct":"0.342","ft":"0.518","fta":"0.753","ft_pct":"0.688","orb":"0.553","drb":"1.529","trb":"2.082","ast":"1.576","stl":"0.588","blk":"0.694","tov":"1.635","pf":"2.141","pts":"8.129"},{"game_id":1127,"team_name":"LAL","player_id":"{\"davisan02\"}","player_name":"{\"Anthony Davis\"}","fg":"7.518","fga":"17.753","fg_pct":"0.423","three_p":"0.600","three_pa":"3.247","three_p_pct":"0.185","ft":"7.859","fta":"9.459","ft_pct":"0.831","orb":"1.671","drb":"6.871","trb":"8.541","ast":"3.129","stl":"1.141","blk":"1.365","tov":"1.859","pf":"1.965","pts":"23.494"},{"game_id":1127,"team_name":"LAL","player_id":"{\"jamesle01\"}","player_name":"{\"LeBron James\"}","fg":"8.624","fga":"17.765","fg_pct":"0.485","three_p":"2.565","three_pa":"6.565","three_p_pct":"0.391","ft":"2.412","fta":"3.929","ft_pct":"0.614","orb":"1.388","drb":"5.459","trb":"6.847","ast":"7.882","stl":"1.353","blk":"0.141","tov":"3.929","pf":"1.247","pts":"22.224"},{"game_id":1127,"team_name":"LAL","player_id":"{\"caldwke01\"}","player_name":"{\"Kentavious Caldwell-Pope\"}","fg":"2.212","fga":"5.541","fg_pct":"0.399","three_p":"1.141","three_pa":"3.953","three_p_pct":"0.289","ft":"1.012","fta":"1.012","ft_pct":"1.000","orb":"0.435","drb":"2.235","trb":"2.671","ast":"2.188","stl":"1.529","blk":"0.294","tov":"0.541","pf":"2.435","pts":"6.576"},{"game_id":1127,"team_name":"LAL","player_id":"{\"schrode01\"}","player_name":"{\"Dennis Schröder\"}","fg":"4.047","fga":"11.447","fg_pct":"0.354","three_p":"1.200","three_pa":"4.576","three_p_pct":"0.262","ft":"2.918","fta":"3.459","ft_pct":"0.844","orb":"0.388","drb":"2.776","trb":"3.165","ast":"3.635","stl":"0.965","blk":"0.200","tov":"1.765","pf":"2.294","pts":"12.212"},{"game_id":1127,"team_name":"LAL","player_id":"benchLAL","player_name":"Bench of LAL","fg":"1.779","fga":"4.515","fg_pct":"0.394","three_p":"0.825","three_pa":"2.348","three_p_pct":"0.351","ft":"0.756","fta":"1.082","ft_pct":"0.699","orb":"0.553","drb":"2.031","trb":"2.584","ast":"1.321","stl":"0.456","blk":"0.197","tov":"0.665","pf":"1.489","pts":"5.138"},{"game_id":1127,"team_name":"PHO","player_id":"{\"kaminfr01\"}","player_name":"{\"Frank Kaminsky\"}","fg":"1.729","fga":"4.918","fg_pct":"0.352","three_p":"0.212","three_pa":"1.012","three_p_pct":"0.209","ft":"0.871","fta":"1.094","ft_pct":"0.796","orb":"0.741","drb":"3.165","trb":"3.906","ast":"2.541","stl":"0.247","blk":"0.318","tov":"0.682","pf":"2.424","pts":"4.541"},{"game_id":1127,"team_name":"PHO","player_id":"{\"bookede01\"}","player_name":"{\"Devin Booker\"}","fg":"8.235","fga":"18.671","fg_pct":"0.441","three_p":"1.506","three_pa":"5.200","three_p_pct":"0.290","ft":"7.129","fta":"7.694","ft_pct":"0.927","orb":"0.729","drb":"4.341","trb":"5.071","ast":"4.471","stl":"0.459","blk":"0.000","tov":"3.506","pf":"3.094","pts":"25.106"},{"game_id":1127,"team_name":"PHO","player_id":"{\"crowdja01\"}","player_name":"{\"Jae Crowder\"}","fg":"3.424","fga":"9.282","fg_pct":"0.369","three_p":"2.271","three_pa":"7.388","three_p_pct":"0.307","ft":"1.741","fta":"2.141","ft_pct":"0.813","orb":"0.400","drb":"3.329","trb":"3.729","ast":"2.282","stl":"1.071","blk":"0.788","tov":"0.588","pf":"3.282","pts":"10.859"},{"game_id":1127,"team_name":"PHO","player_id":"{\"bridgmi01\"}","player_name":"{\"Mikal Bridges\"}","fg":"3.988","fga":"8.353","fg_pct":"0.477","three_p":"2.153","three_pa":"4.729","three_p_pct":"0.455","ft":"0.635","fta":"0.635","ft_pct":"1.000","orb":"0.553","drb":"3.388","trb":"3.941","ast":"1.647","stl":"1.353","blk":"0.694","tov":"0.506","pf":"1.518","pts":"10.765"},{"game_id":1127,"team_name":"PHO","player_id":"{\"aytonde01\"}","player_name":"{\"Deandre Ayton\"}","fg":"6.765","fga":"8.635","fg_pct":"0.783","three_p":"0.000","three_pa":"0.000","three_p_pct":"NaN","ft":"1.529","fta":"2.553","ft_pct":"0.599","orb":"3.141","drb":"7.776","trb":"10.918","ast":"0.882","stl":"0.671","blk":"1.141","tov":"1.059","pf":"2.835","pts":"15.059"},{"game_id":1127,"team_name":"PHO","player_id":"{\"paulch01\"}","player_name":"{\"Chris Paul\"}","fg":"5.224","fga":"10.541","fg_pct":"0.496","three_p":"0.812","three_pa":"2.094","three_p_pct":"0.388","ft":"1.918","fta":"2.329","ft_pct":"0.824","orb":"0.247","drb":"3.412","trb":"3.659","ast":"7.729","stl":"1.212","blk":"0.235","tov":"1.800","pf":"2.012","pts":"13.176"},{"game_id":1127,"team_name":"PHO","player_id":"benchPHO","player_name":"Bench of PHO","fg":"3.174","fga":"7.261","fg_pct":"0.437","three_p":"1.355","three_pa":"3.626","three_p_pct":"0.374","ft":"0.918","fta":"1.068","ft_pct":"0.860","orb":"0.556","drb":"2.798","trb":"3.354","ast":"1.994","stl":"0.782","blk":"0.286","tov":"0.670","pf":"1.421","pts":"8.621"}]