[{"game_id":119,"team_name":"DEN","player_id":"teamDEN","player_name":"Team name: DEN","fg":"41.760","fga":"84.669","fg_pct":"0.493","three_p":"11.394","three_pa":"31.200","three_p_pct":"0.365","ft":"20.366","fta":"26.897","ft_pct":"0.757","orb":"9.429","drb":"31.246","trb":"40.674","ast":"26.817","stl":"6.806","blk":"3.771","tov":"14.114","pf":"21.549","pts":"115.280"},{"game_id":119,"team_name":"DAL","player_id":"teamDAL","player_name":"Team name: DAL","fg":"38.789","fga":"86.371","fg_pct":"0.449","three_p":"12.400","three_pa":"38.246","three_p_pct":"0.324","ft":"19.040","fta":"25.526","ft_pct":"0.746","orb":"8.480","drb":"34.520","trb":"43.000","ast":"21.229","stl":"7.766","blk":"3.457","tov":"12.417","pf":"22.240","pts":"109.017"}]