[{"game_id":1111,"team_name":"WAS","player_id":"teamWAS","player_name":"Team name: WAS","fg":"45.006","fga":"94.337","fg_pct":"0.477","three_p":"8.560","three_pa":"25.931","three_p_pct":"0.330","ft":"19.709","fta":"24.743","ft_pct":"0.797","orb":"10.406","drb":"36.554","trb":"46.960","ast":"25.400","stl":"5.943","blk":"5.571","tov":"12.766","pf":"22.257","pts":"118.280"},{"game_id":1111,"team_name":"PHI","player_id":"teamPHI","player_name":"Team name: PHI","fg":"43.086","fga":"87.594","fg_pct":"0.492","three_p":"11.863","three_pa":"30.463","three_p_pct":"0.389","ft":"17.531","fta":"22.497","ft_pct":"0.779","orb":"9.069","drb":"32.977","trb":"42.046","ast":"26.714","stl":"9.097","blk":"6.194","tov":"11.240","pf":"19.623","pts":"115.566"}]