[{"game_id":1159,"team_name":"LAC","player_id":"teamLAC","player_name":"Team name: LAC","fg":"40.394","fga":"83.217","fg_pct":"0.485","three_p":"16.074","three_pa":"38.086","three_p_pct":"0.422","ft":"19.440","fta":"23.086","ft_pct":"0.842","orb":"8.949","drb":"31.349","trb":"40.297","ast":"21.366","stl":"7.491","blk":"4.160","tov":"9.023","pf":"19.709","pts":"116.303"},{"game_id":1159,"team_name":"PHO","player_id":"teamPHO","player_name":"Team name: PHO","fg":"42.057","fga":"85.880","fg_pct":"0.490","three_p":"11.909","three_pa":"31.623","three_p_pct":"0.377","ft":"16.657","fta":"18.851","ft_pct":"0.884","orb":"7.206","drb":"36.989","trb":"44.194","ast":"25.594","stl":"6.383","blk":"4.080","tov":"9.577","pf":"17.783","pts":"112.680"}]