[{"game_id":1252,"team_name":"WAS","player_id":"{\"robinju01\"}","player_name":"{\"Justin Robinson\"}","ts_pct":"0.000","efg_pct":"0.000","three_par":"0.000","ftr":"0.000","orb_pct":"0.000","drb_pct":"0.000","trb_pct":"0.000","ast_pct":"0.000","stl_pct":"0.000","blk_pct":"0.000","tov_pct":"0.000","usg_pct":"0.000","ortg":"0.000","drtg":"110.000","bpm":"-7.100"},{"game_id":1252,"team_name":"WAS","player_id":"{\"smithis01\"}","player_name":"{\"Ish Smith\"}","ts_pct":"0.382","efg_pct":"0.387","three_par":"0.260","ftr":"0.116","orb_pct":"1.926","drb_pct":"10.851","trb_pct":"5.858","ast_pct":"22.094","stl_pct":"1.109","blk_pct":"0.894","tov_pct":"9.119","usg_pct":"18.914","ortg":"89.812","drtg":"117.941","bpm":"-5.684"},{"game_id":1252,"team_name":"WAS","player_id":"{\"wagnemo01\"}","player_name":"{\"Moritz Wagner\"}","ts_pct":"0.622","efg_pct":"0.565","three_par":"0.353","ftr":"0.356","orb_pct":"6.169","drb_pct":"17.661","trb_pct":"11.855","ast_pct":"3.882","stl_pct":"0.916","blk_pct":"3.715","tov_pct":"23.812","usg_pct":"25.480","ortg":"91.659","drtg":"110.753","bpm":"-6.461"},{"game_id":1252,"team_name":"WAS","player_id":"{\"bealbr01\"}","player_name":"{\"Bradley Beal\"}","ts_pct":"0.537","efg_pct":"0.502","three_par":"0.395","ftr":"0.257","orb_pct":"3.038","drb_pct":"13.780","trb_pct":"8.058","ast_pct":"31.059","stl_pct":"1.872","blk_pct":"0.947","tov_pct":"8.796","usg_pct":"31.972","ortg":"110.812","drtg":"115.341","bpm":"3.752"},{"game_id":1252,"team_name":"WAS","player_id":"{\"bertada01\"}","player_name":"{\"Dāvis Bertāns\"}","ts_pct":"0.624","efg_pct":"0.632","three_par":"0.703","ftr":"0.266","orb_pct":"0.000","drb_pct":"10.661","trb_pct":"5.319","ast_pct":"6.528","stl_pct":"0.408","blk_pct":"0.495","tov_pct":"4.866","usg_pct":"13.309","ortg":"124.318","drtg":"119.753","bpm":"-0.201"},{"game_id":1252,"team_name":"WAS","player_id":"{\"hachiru01\"}","player_name":"{\"Rui Hachimura\"}","ts_pct":"0.562","efg_pct":"0.544","three_par":"0.166","ftr":"0.073","orb_pct":"8.507","drb_pct":"14.448","trb_pct":"11.322","ast_pct":"5.054","stl_pct":"0.624","blk_pct":"0.417","tov_pct":"6.004","usg_pct":"21.583","ortg":"114.630","drtg":"118.043","bpm":"-1.637"},{"game_id":1252,"team_name":"WAS","player_id":"benchWAS","player_name":"Bench of WAS","ts_pct":"0.492","efg_pct":"0.479","three_par":"0.338","ftr":"0.281","orb_pct":"5.088","drb_pct":"14.296","trb_pct":"9.702","ast_pct":"13.134","stl_pct":"1.095","blk_pct":"1.708","tov_pct":"10.020","usg_pct":"17.142","ortg":"103.165","drtg":"115.397","bpm":"-1.685"},{"game_id":1252,"team_name":"MIN","player_id":"{\"okogijo01\"}","player_name":"{\"Josh Okogie\"}","ts_pct":"0.494","efg_pct":"0.413","three_par":"0.285","ftr":"0.781","orb_pct":"4.404","drb_pct":"12.326","trb_pct":"8.325","ast_pct":"12.202","stl_pct":"3.947","blk_pct":"1.073","tov_pct":"11.344","usg_pct":"14.529","ortg":"99.118","drtg":"106.259","bpm":"0.498"},{"game_id":1252,"team_name":"MIN","player_id":"{\"teaguje01\"}","player_name":"{\"Jeff Teague\"}","ts_pct":"0.573","efg_pct":"0.504","three_par":"0.303","ftr":"0.555","orb_pct":"0.654","drb_pct":"7.332","trb_pct":"4.088","ast_pct":"34.996","stl_pct":"1.496","blk_pct":"0.856","tov_pct":"15.375","usg_pct":"19.895","ortg":"118.153","drtg":"113.741","bpm":"-0.531"},{"game_id":1252,"team_name":"MIN","player_id":"{\"laymaja01\"}","player_name":"{\"Jake Layman\"}","ts_pct":"0.377","efg_pct":"0.338","three_par":"0.512","ftr":"0.204","orb_pct":"2.560","drb_pct":"6.775","trb_pct":"4.892","ast_pct":"2.320","stl_pct":"0.545","blk_pct":"1.324","tov_pct":"3.788","usg_pct":"20.332","ortg":"79.141","drtg":"112.671","bpm":"-5.141"},{"game_id":1252,"team_name":"MIN","player_id":"{\"wiggian01\"}","player_name":"{\"Andrew Wiggins\"}","ts_pct":"0.550","efg_pct":"0.512","three_par":"0.335","ftr":"0.237","orb_pct":"4.633","drb_pct":"11.451","trb_pct":"7.819","ast_pct":"11.198","stl_pct":"0.866","blk_pct":"1.307","tov_pct":"8.214","usg_pct":"25.525","ortg":"107.188","drtg":"113.518","bpm":"-1.193"},{"game_id":1252,"team_name":"MIN","player_id":"{\"culveja01\"}","player_name":"{\"Jarrett Culver\"}","ts_pct":"0.250","efg_pct":"0.262","three_par":"0.482","ftr":"0.228","orb_pct":"3.274","drb_pct":"3.987","trb_pct":"3.463","ast_pct":"8.035","stl_pct":"2.263","blk_pct":"0.000","tov_pct":"14.715","usg_pct":"17.613","ortg":"57.761","drtg":"108.848","bpm":"-10.828"},{"game_id":1252,"team_name":"MIN","player_id":"{\"dienggo01\"}","player_name":"{\"Gorgui Dieng\"}","ts_pct":"0.567","efg_pct":"0.548","three_par":"0.183","ftr":"0.240","orb_pct":"6.889","drb_pct":"23.514","trb_pct":"14.934","ast_pct":"13.634","stl_pct":"2.122","blk_pct":"1.911","tov_pct":"15.068","usg_pct":"27.412","ortg":"102.412","drtg":"110.024","bpm":"-0.862"},{"game_id":1252,"team_name":"MIN","player_id":"benchMIN","player_name":"Bench of MIN","ts_pct":"0.511","efg_pct":"0.463","three_par":"0.425","ftr":"0.336","orb_pct":"5.157","drb_pct":"15.388","trb_pct":"10.190","ast_pct":"12.837","stl_pct":"1.719","blk_pct":"1.553","tov_pct":"11.414","usg_pct":"15.715","ortg":"105.442","drtg":"108.978","bpm":"-0.580"}]