[{"game_id":1001,"team_name":"UTA","player_id":"teamUTA","player_name":"Team name: UTA","fg":"41.811","fga":"86.011","fg_pct":"0.486","three_p":"17.171","three_pa":"43.411","three_p_pct":"0.396","ft":"12.960","fta":"15.914","ft_pct":"0.814","orb":"9.034","drb":"38.183","trb":"47.217","ast":"25.497","stl":"6.891","blk":"4.669","tov":"14.994","pf":"17.137","pts":"113.754"},{"game_id":1001,"team_name":"DEN","player_id":"teamDEN","player_name":"Team name: DEN","fg":"41.394","fga":"88.989","fg_pct":"0.465","three_p":"11.731","three_pa":"35.080","three_p_pct":"0.334","ft":"18.371","fta":"22.263","ft_pct":"0.825","orb":"9.229","drb":"36.680","trb":"45.909","ast":"25.663","stl":"8.440","blk":"6.229","tov":"13.206","pf":"19.857","pts":"112.891"}]