[{"game_id":1255,"team_name":"GSW","player_id":"teamGSW","player_name":"Team name: GSW","fg":"38.286","fga":"87.783","fg_pct":"0.436","three_p":"11.789","three_pa":"33.354","three_p_pct":"0.353","ft":"21.600","fta":"26.257","ft_pct":"0.823","orb":"10.526","drb":"32.526","trb":"43.051","ast":"26.817","stl":"7.514","blk":"3.766","tov":"15.074","pf":"21.537","pts":"109.960"},{"game_id":1255,"team_name":"CHO","player_id":"teamCHO","player_name":"Team name: CHO","fg":"40.446","fga":"85.549","fg_pct":"0.473","three_p":"14.080","three_pa":"35.520","three_p_pct":"0.396","ft":"15.543","fta":"20.183","ft_pct":"0.770","orb":"8.714","drb":"32.577","trb":"41.291","ast":"25.389","stl":"6.263","blk":"3.966","tov":"14.069","pf":"18.320","pts":"110.514"}]