[{"game_id":1081,"team_name":"IND","player_id":"{\"sampsja02\"}","player_name":"{\"JaKarr Sampson\"}","ts_pct":"0.482","efg_pct":"0.470","three_par":"0.086","ftr":"0.129","orb_pct":"8.006","drb_pct":"12.585","trb_pct":"10.284","ast_pct":"2.521","stl_pct":"0.000","blk_pct":"2.894","tov_pct":"11.098","usg_pct":"19.416","ortg":"94.976","drtg":"120.071","bpm":"-8.328"},{"game_id":1081,"team_name":"IND","player_id":"{\"sumneed01\"}","player_name":"{\"Edmond Sumner\"}","ts_pct":"0.605","efg_pct":"0.565","three_par":"0.228","ftr":"0.265","orb_pct":"1.208","drb_pct":"8.734","trb_pct":"5.194","ast_pct":"9.644","stl_pct":"1.451","blk_pct":"0.309","tov_pct":"12.680","usg_pct":"19.054","ortg":"115.800","drtg":"115.482","bpm":"-5.898"},{"game_id":1081,"team_name":"IND","player_id":"{\"stanlca01\"}","player_name":"{\"Cassius Stanley\"}","ts_pct":"0.381","efg_pct":"0.358","three_par":"0.277","ftr":"0.141","orb_pct":"7.249","drb_pct":"5.244","trb_pct":"6.422","ast_pct":"1.655","stl_pct":"0.494","blk_pct":"0.000","tov_pct":"0.000","usg_pct":"21.816","ortg":"88.494","drtg":"118.718","bpm":"-11.258"},{"game_id":1081,"team_name":"IND","player_id":"{\"brissos01\"}","player_name":"{\"Oshae Brissett\"}","ts_pct":"0.604","efg_pct":"0.566","three_par":"0.487","ftr":"0.422","orb_pct":"5.609","drb_pct":"14.002","trb_pct":"10.281","ast_pct":"4.773","stl_pct":"1.978","blk_pct":"1.454","tov_pct":"5.858","usg_pct":"15.414","ortg":"122.200","drtg":"113.588","bpm":"-0.429"},{"game_id":1081,"team_name":"IND","player_id":"{\"sabondo01\"}","player_name":"{\"Domantas Sabonis\"}","ts_pct":"0.676","efg_pct":"0.667","three_par":"0.173","ftr":"0.183","orb_pct":"5.329","drb_pct":"31.287","trb_pct":"19.126","ast_pct":"40.159","stl_pct":"2.165","blk_pct":"1.071","tov_pct":"18.279","usg_pct":"23.288","ortg":"125.871","drtg":"106.800","bpm":"8.025"},{"game_id":1081,"team_name":"IND","player_id":"{\"holidju01\"}","player_name":"{\"Justin Holiday\"}","ts_pct":"0.663","efg_pct":"0.636","three_par":"0.685","ftr":"0.201","orb_pct":"1.227","drb_pct":"11.253","trb_pct":"6.540","ast_pct":"6.352","stl_pct":"0.151","blk_pct":"3.236","tov_pct":"5.171","usg_pct":"13.673","ortg":"127.176","drtg":"117.659","bpm":"-0.285"},{"game_id":1081,"team_name":"IND","player_id":"benchIND","player_name":"Bench of IND","ts_pct":"0.526","efg_pct":"0.494","three_par":"0.339","ftr":"0.213","orb_pct":"4.973","drb_pct":"13.402","trb_pct":"9.252","ast_pct":"14.394","stl_pct":"1.210","blk_pct":"2.759","tov_pct":"13.326","usg_pct":"19.914","ortg":"104.212","drtg":"114.415","bpm":"-2.846"},{"game_id":1081,"team_name":"CHO","player_id":"{\"careyve01\"}","player_name":"{\"Vernon Carey Jr.\"}","ts_pct":"0.398","efg_pct":"0.334","three_par":"0.055","ftr":"0.463","orb_pct":"7.299","drb_pct":"16.322","trb_pct":"11.381","ast_pct":"0.253","stl_pct":"0.494","blk_pct":"12.604","tov_pct":"4.193","usg_pct":"17.784","ortg":"81.259","drtg":"114.224","bpm":"-7.586"},{"game_id":1081,"team_name":"CHO","player_id":"{\"martica02\"}","player_name":"{\"Caleb Martin\"}","ts_pct":"0.351","efg_pct":"0.242","three_par":"0.407","ftr":"0.229","orb_pct":"0.614","drb_pct":"12.189","trb_pct":"6.592","ast_pct":"12.745","stl_pct":"1.027","blk_pct":"1.186","tov_pct":"5.179","usg_pct":"11.811","ortg":"94.506","drtg":"117.824","bpm":"-4.129"},{"game_id":1081,"team_name":"CHO","player_id":"{\"rillegr01\"}","player_name":"{\"Grant Riller\"}","ts_pct":"0.668","efg_pct":"0.668","three_par":"0.293","ftr":"0.000","orb_pct":"0.000","drb_pct":"8.983","trb_pct":"4.183","ast_pct":"19.997","stl_pct":"0.757","blk_pct":"0.000","tov_pct":"2.857","usg_pct":"25.144","ortg":"152.486","drtg":"123.129","bpm":"17.629"},{"game_id":1081,"team_name":"CHO","player_id":"{\"richani01\"}","player_name":"{\"Nick Richards\"}","ts_pct":"0.145","efg_pct":"0.094","three_par":"0.141","ftr":"0.000","orb_pct":"13.948","drb_pct":"3.436","trb_pct":"9.151","ast_pct":"7.074","stl_pct":"0.000","blk_pct":"0.000","tov_pct":"6.278","usg_pct":"9.231","ortg":"60.024","drtg":"125.400","bpm":"-13.584"},{"game_id":1081,"team_name":"CHO","player_id":"{\"darlina01\"}","player_name":"{\"Nate Darling\"}","ts_pct":"0.359","efg_pct":"0.164","three_par":"0.514","ftr":"0.000","orb_pct":"2.786","drb_pct":"0.000","trb_pct":"1.271","ast_pct":"5.623","stl_pct":"0.000","blk_pct":"3.497","tov_pct":"7.389","usg_pct":"13.063","ortg":"57.829","drtg":"122.929","bpm":"-7.987"},{"game_id":1081,"team_name":"CHO","player_id":"{\"bridgmi02\"}","player_name":"{\"Miles Bridges\"}","ts_pct":"0.604","efg_pct":"0.566","three_par":"0.448","ftr":"0.201","orb_pct":"3.395","drb_pct":"16.378","trb_pct":"9.427","ast_pct":"17.035","stl_pct":"0.948","blk_pct":"2.807","tov_pct":"7.208","usg_pct":"22.872","ortg":"120.553","drtg":"116.118","bpm":"3.202"},{"game_id":1081,"team_name":"CHO","player_id":"benchCHO","player_name":"Bench of CHO","ts_pct":"0.515","efg_pct":"0.488","three_par":"0.364","ftr":"0.272","orb_pct":"5.400","drb_pct":"16.036","trb_pct":"10.421","ast_pct":"16.919","stl_pct":"1.404","blk_pct":"1.449","tov_pct":"11.692","usg_pct":"19.996","ortg":"105.088","drtg":"116.184","bpm":"-2.081"}]