[{"game_id":1150,"team_name":"ATL","player_id":"{\"okongon01\"}","player_name":"{\"Onyeka Okongwu\"}","ts_pct":"0.526","efg_pct":"0.432","three_par":"0.000","ftr":"0.329","orb_pct":"15.989","drb_pct":"26.753","trb_pct":"21.093","ast_pct":"1.069","stl_pct":"1.722","blk_pct":"11.978","tov_pct":"14.478","usg_pct":"13.295","ortg":"111.835","drtg":"101.212","bpm":"2.412"},{"game_id":1150,"team_name":"ATL","player_id":"{\"hillso01\"}","player_name":"{\"Solomon Hill\"}","ts_pct":"0.269","efg_pct":"0.228","three_par":"0.719","ftr":"0.188","orb_pct":"2.038","drb_pct":"13.525","trb_pct":"7.980","ast_pct":"3.704","stl_pct":"0.542","blk_pct":"0.424","tov_pct":"4.525","usg_pct":"9.878","ortg":"64.188","drtg":"115.365","bpm":"-6.573"},{"game_id":1150,"team_name":"ATL","player_id":"{\"huertke01\"}","player_name":"{\"Kevin Huerter\"}","ts_pct":"0.534","efg_pct":"0.535","three_par":"0.630","ftr":"0.061","orb_pct":"1.284","drb_pct":"10.266","trb_pct":"5.752","ast_pct":"9.361","stl_pct":"0.766","blk_pct":"2.687","tov_pct":"10.981","usg_pct":"15.314","ortg":"97.729","drtg":"113.741","bpm":"-0.735"},{"game_id":1150,"team_name":"ATL","player_id":"{\"youngtr01\"}","player_name":"{\"Trae Young\"}","ts_pct":"0.575","efg_pct":"0.489","three_par":"0.388","ftr":"0.454","orb_pct":"1.559","drb_pct":"4.518","trb_pct":"3.036","ast_pct":"48.924","stl_pct":"1.871","blk_pct":"0.000","tov_pct":"10.469","usg_pct":"33.727","ortg":"121.659","drtg":"114.847","bpm":"9.401"},{"game_id":1150,"team_name":"ATL","player_id":"{\"capelca01\"}","player_name":"{\"Clint Capela\"}","ts_pct":"0.583","efg_pct":"0.582","three_par":"0.000","ftr":"0.220","orb_pct":"11.788","drb_pct":"30.260","trb_pct":"20.908","ast_pct":"4.228","stl_pct":"1.239","blk_pct":"2.719","tov_pct":"10.824","usg_pct":"13.018","ortg":"119.929","drtg":"107.953","bpm":"0.939"},{"game_id":1150,"team_name":"ATL","player_id":"{\"collijo01\"}","player_name":"{\"John Collins\"}","ts_pct":"0.614","efg_pct":"0.596","three_par":"0.334","ftr":"0.242","orb_pct":"6.798","drb_pct":"20.087","trb_pct":"13.302","ast_pct":"3.909","stl_pct":"0.735","blk_pct":"2.204","tov_pct":"9.709","usg_pct":"17.854","ortg":"119.765","drtg":"111.894","bpm":"1.958"},{"game_id":1150,"team_name":"ATL","player_id":"benchATL","player_name":"Bench of ATL","ts_pct":"0.547","efg_pct":"0.492","three_par":"0.436","ftr":"0.282","orb_pct":"1.801","drb_pct":"15.039","trb_pct":"8.231","ast_pct":"13.019","stl_pct":"1.527","blk_pct":"0.384","tov_pct":"9.536","usg_pct":"22.098","ortg":"108.974","drtg":"112.872","bpm":"1.418"},{"game_id":1150,"team_name":"PHI","player_id":"{\"howardw01\"}","player_name":"{\"Dwight Howard\"}","ts_pct":"0.549","efg_pct":"0.538","three_par":"0.026","ftr":"1.245","orb_pct":"24.462","drb_pct":"41.604","trb_pct":"33.725","ast_pct":"5.672","stl_pct":"0.705","blk_pct":"2.039","tov_pct":"25.433","usg_pct":"18.862","ortg":"116.353","drtg":"105.529","bpm":"-2.749"},{"game_id":1150,"team_name":"PHI","player_id":"{\"miltosh01\"}","player_name":"{\"Shake Milton\"}","ts_pct":"0.489","efg_pct":"0.381","three_par":"0.340","ftr":"0.502","orb_pct":"0.000","drb_pct":"7.521","trb_pct":"3.941","ast_pct":"8.291","stl_pct":"0.529","blk_pct":"0.300","tov_pct":"22.991","usg_pct":"28.093","ortg":"89.906","drtg":"117.035","bpm":"-13.865"},{"game_id":1150,"team_name":"PHI","player_id":"{\"harrito02\"}","player_name":"{\"Tobias Harris\"}","ts_pct":"0.552","efg_pct":"0.534","three_par":"0.199","ftr":"0.163","orb_pct":"3.192","drb_pct":"20.972","trb_pct":"12.521","ast_pct":"15.065","stl_pct":"1.175","blk_pct":"1.285","tov_pct":"8.933","usg_pct":"22.893","ortg":"111.459","drtg":"111.694","bpm":"1.362"},{"game_id":1150,"team_name":"PHI","player_id":"{\"curryse01\"}","player_name":"{\"Seth Curry\"}","ts_pct":"0.724","efg_pct":"0.724","three_par":"0.548","ftr":"0.112","orb_pct":"1.762","drb_pct":"7.075","trb_pct":"4.441","ast_pct":"10.407","stl_pct":"1.068","blk_pct":"0.311","tov_pct":"6.678","usg_pct":"19.649","ortg":"136.176","drtg":"116.412","bpm":"4.909"},{"game_id":1150,"team_name":"PHI","player_id":"{\"embiijo01\"}","player_name":"{\"Joel Embiid\"}","ts_pct":"0.636","efg_pct":"0.539","three_par":"0.215","ftr":"0.646","orb_pct":"3.676","drb_pct":"33.967","trb_pct":"19.587","ast_pct":"20.060","stl_pct":"1.945","blk_pct":"4.094","tov_pct":"12.067","usg_pct":"34.212","ortg":"121.588","drtg":"102.706","bpm":"9.474"},{"game_id":1150,"team_name":"PHI","player_id":"{\"maxeyty01\"}","player_name":"{\"Tyrese Maxey\"}","ts_pct":"0.539","efg_pct":"0.529","three_par":"0.261","ftr":"0.152","orb_pct":"0.000","drb_pct":"10.632","trb_pct":"5.576","ast_pct":"17.358","stl_pct":"0.342","blk_pct":"1.665","tov_pct":"2.207","usg_pct":"17.222","ortg":"119.812","drtg":"115.929","bpm":"-2.513"},{"game_id":1150,"team_name":"PHI","player_id":"benchPHI","player_name":"Bench of PHI","ts_pct":"0.568","efg_pct":"0.567","three_par":"0.393","ftr":"0.474","orb_pct":"3.090","drb_pct":"9.497","trb_pct":"6.497","ast_pct":"13.516","stl_pct":"2.357","blk_pct":"2.393","tov_pct":"13.189","usg_pct":"15.873","ortg":"106.421","drtg":"111.266","bpm":"0.081"}]