[{"game_id":1104,"team_name":"LAL","player_id":"{\"davisan02\"}","player_name":"{\"Anthony Davis\"}","fg":"7.824","fga":"18.412","fg_pct":"0.425","three_p":"0.812","three_pa":"3.318","three_p_pct":"0.245","ft":"7.718","fta":"9.459","ft_pct":"0.816","orb":"1.129","drb":"7.376","trb":"8.506","ast":"3.447","stl":"1.082","blk":"1.471","tov":"1.753","pf":"1.671","pts":"24.176"},{"game_id":1104,"team_name":"LAL","player_id":"{\"jamesle01\"}","player_name":"{\"LeBron James\"}","fg":"8.059","fga":"15.859","fg_pct":"0.508","three_p":"2.400","three_pa":"5.776","three_p_pct":"0.416","ft":"3.035","fta":"4.482","ft_pct":"0.677","orb":"1.282","drb":"5.024","trb":"6.306","ast":"7.976","stl":"1.565","blk":"0.318","tov":"2.965","pf":"1.459","pts":"21.553"},{"game_id":1104,"team_name":"LAL","player_id":"{\"mclembe01\"}","player_name":"{\"Ben McLemore\"}","fg":"2.000","fga":"5.541","fg_pct":"0.361","three_p":"1.624","three_pa":"4.612","three_p_pct":"0.352","ft":"0.000","fta":"0.000","ft_pct":"NaN","orb":"0.000","drb":"1.259","trb":"1.259","ast":"0.565","stl":"0.082","blk":"0.259","tov":"0.447","pf":"0.976","pts":"5.624"},{"game_id":1104,"team_name":"LAL","player_id":"{\"schrode01\"}","player_name":"{\"Dennis Schröder\"}","fg":"5.553","fga":"12.647","fg_pct":"0.439","three_p":"1.388","three_pa":"4.553","three_p_pct":"0.305","ft":"3.024","fta":"3.624","ft_pct":"0.834","orb":"0.494","drb":"2.318","trb":"2.812","ast":"5.647","stl":"1.047","blk":"0.271","tov":"2.212","pf":"2.776","pts":"15.518"},{"game_id":1104,"team_name":"LAL","player_id":"{\"caldwke01\"}","player_name":"{\"Kentavious Caldwell-Pope\"}","fg":"2.882","fga":"6.976","fg_pct":"0.413","three_p":"1.553","three_pa":"4.965","three_p_pct":"0.313","ft":"1.600","fta":"1.659","ft_pct":"0.964","orb":"0.447","drb":"2.376","trb":"2.824","ast":"2.812","stl":"1.400","blk":"0.494","tov":"0.647","pf":"2.506","pts":"8.918"},{"game_id":1104,"team_name":"LAL","player_id":"{\"kuzmaky01\"}","player_name":"{\"Kyle Kuzma\"}","fg":"3.365","fga":"7.424","fg_pct":"0.453","three_p":"0.800","three_pa":"3.059","three_p_pct":"0.262","ft":"0.847","fta":"1.235","ft_pct":"0.686","orb":"0.541","drb":"3.647","trb":"4.188","ast":"2.329","stl":"0.706","blk":"0.306","tov":"1.035","pf":"1.565","pts":"8.376"},{"game_id":1104,"team_name":"LAL","player_id":"benchLAL","player_name":"Bench of LAL","fg":"3.044","fga":"6.163","fg_pct":"0.494","three_p":"0.801","three_pa":"2.056","three_p_pct":"0.390","ft":"0.739","fta":"1.321","ft_pct":"0.559","orb":"1.545","drb":"3.284","trb":"4.830","ast":"1.712","stl":"0.667","blk":"0.616","tov":"0.958","pf":"2.147","pts":"7.628"},{"game_id":1104,"team_name":"PHO","player_id":"{\"kaminfr01\"}","player_name":"{\"Frank Kaminsky\"}","fg":"2.965","fga":"6.812","fg_pct":"0.435","three_p":"0.318","three_pa":"1.376","three_p_pct":"0.231","ft":"1.165","fta":"1.647","ft_pct":"0.707","orb":"1.235","drb":"4.647","trb":"5.882","ast":"2.682","stl":"0.141","blk":"0.318","tov":"0.588","pf":"2.424","pts":"7.412"},{"game_id":1104,"team_name":"PHO","player_id":"{\"bookede01\"}","player_name":"{\"Devin Booker\"}","fg":"8.788","fga":"19.165","fg_pct":"0.459","three_p":"1.494","three_pa":"5.012","three_p_pct":"0.298","ft":"8.424","fta":"8.976","ft_pct":"0.939","orb":"0.694","drb":"3.635","trb":"4.329","ast":"4.035","stl":"0.388","blk":"0.000","tov":"3.306","pf":"2.494","pts":"27.494"},{"game_id":1104,"team_name":"PHO","player_id":"{\"aytonde01\"}","player_name":"{\"Deandre Ayton\"}","fg":"6.341","fga":"8.282","fg_pct":"0.766","three_p":"0.000","three_pa":"0.000","three_p_pct":"NaN","ft":"1.271","fta":"1.624","ft_pct":"0.783","orb":"3.341","drb":"6.729","trb":"10.071","ast":"1.141","stl":"0.553","blk":"1.341","tov":"0.847","pf":"2.541","pts":"13.953"},{"game_id":1104,"team_name":"PHO","player_id":"{\"bridgmi01\"}","player_name":"{\"Mikal Bridges\"}","fg":"4.624","fga":"8.365","fg_pct":"0.553","three_p":"2.024","three_pa":"3.741","three_p_pct":"0.541","ft":"1.329","fta":"1.329","ft_pct":"1.000","orb":"0.624","drb":"3.059","trb":"3.682","ast":"1.353","stl":"1.341","blk":"0.671","tov":"0.682","pf":"1.424","pts":"12.600"},{"game_id":1104,"team_name":"PHO","player_id":"{\"crowdja01\"}","player_name":"{\"Jae Crowder\"}","fg":"3.035","fga":"8.588","fg_pct":"0.353","three_p":"2.176","three_pa":"6.812","three_p_pct":"0.319","ft":"1.329","fta":"1.529","ft_pct":"0.869","orb":"0.694","drb":"3.224","trb":"3.918","ast":"2.094","stl":"0.812","blk":"0.682","tov":"0.871","pf":"3.106","pts":"9.576"},{"game_id":1104,"team_name":"PHO","player_id":"{\"paulch01\"}","player_name":"{\"Chris Paul\"}","fg":"5.953","fga":"11.094","fg_pct":"0.537","three_p":"1.259","three_pa":"2.365","three_p_pct":"0.532","ft":"1.871","fta":"2.259","ft_pct":"0.828","orb":"0.212","drb":"3.188","trb":"3.400","ast":"8.800","stl":"1.059","blk":"0.459","tov":"2.094","pf":"2.635","pts":"15.035"},{"game_id":1104,"team_name":"PHO","player_id":"benchPHO","player_name":"Bench of PHO","fg":"3.409","fga":"7.950","fg_pct":"0.429","three_p":"1.508","three_pa":"4.289","three_p_pct":"0.352","ft":"1.011","fta":"1.101","ft_pct":"0.918","orb":"0.652","drb":"2.813","trb":"3.465","ast":"2.269","stl":"0.713","blk":"0.303","tov":"0.592","pf":"1.679","pts":"9.338"}]