[{"game_id":1258,"team_name":"NYK","player_id":"teamNYK","player_name":"Team name: NYK","ts_pct":"0.491","efg_pct":"0.454","three_par":"0.362","ftr":"0.261","orb_pct":"4.097","drb_pct":"14.430","trb_pct":"9.126","ast_pct":"12.373","stl_pct":"1.304","blk_pct":"2.475","tov_pct":"14.317","usg_pct":"19.445","ortg":"96.570","drtg":"108.229","bpm":"-2.823"},{"game_id":1258,"team_name":"SAC","player_id":"teamSAC","player_name":"Team name: SAC","ts_pct":"0.571","efg_pct":"0.530","three_par":"0.396","ftr":"0.222","orb_pct":"6.268","drb_pct":"17.170","trb_pct":"10.973","ast_pct":"14.044","stl_pct":"2.051","blk_pct":"2.223","tov_pct":"14.619","usg_pct":"22.209","ortg":"116.646","drtg":"129.214","bpm":"-2.293"}]