[{"game_id":1080,"team_name":"SAC","player_id":"teamSAC","player_name":"Team name: SAC","fg":"41.663","fga":"89.486","fg_pct":"0.466","three_p":"12.840","three_pa":"35.497","three_p_pct":"0.362","ft":"14.314","fta":"18.611","ft_pct":"0.769","orb":"9.171","drb":"32.920","trb":"42.091","ast":"26.577","stl":"9.611","blk":"5.886","tov":"13.383","pf":"18.994","pts":"110.480"},{"game_id":1080,"team_name":"UTA","player_id":"teamUTA","player_name":"Team name: UTA","fg":"42.063","fga":"86.743","fg_pct":"0.485","three_p":"15.463","three_pa":"40.543","three_p_pct":"0.381","ft":"16.480","fta":"19.914","ft_pct":"0.828","orb":"11.074","drb":"36.954","trb":"48.029","ast":"22.600","stl":"6.691","blk":"3.691","tov":"13.509","pf":"17.240","pts":"116.069"}]