[{"game_id":1013,"team_name":"LAC","player_id":"teamLAC","player_name":"Team name: LAC","ts_pct":"0.583","efg_pct":"0.552","three_par":"0.431","ftr":"0.257","orb_pct":"6.194","drb_pct":"16.303","trb_pct":"11.469","ast_pct":"17.316","stl_pct":"1.282","blk_pct":"1.674","tov_pct":"13.284","usg_pct":"20.411","ortg":"121.696","drtg":"124.681","bpm":"0.774"},{"game_id":1013,"team_name":"NYK","player_id":"teamNYK","player_name":"Team name: NYK","ts_pct":"0.605","efg_pct":"0.573","three_par":"0.342","ftr":"0.219","orb_pct":"4.529","drb_pct":"20.796","trb_pct":"13.031","ast_pct":"13.953","stl_pct":"1.541","blk_pct":"2.123","tov_pct":"10.406","usg_pct":"20.781","ortg":"124.383","drtg":"131.887","bpm":"-1.594"}]