[{"game_id":1124,"team_name":"LAC","player_id":"teamLAC","player_name":"Team name: LAC","fg":"41.097","fga":"83.600","fg_pct":"0.492","three_p":"12.760","three_pa":"35.766","three_p_pct":"0.357","ft":"17.189","fta":"20.097","ft_pct":"0.855","orb":"9.286","drb":"33.903","trb":"43.189","ast":"22.806","stl":"6.720","blk":"4.474","tov":"11.663","pf":"19.183","pts":"112.143"},{"game_id":1124,"team_name":"DAL","player_id":"teamDAL","player_name":"Team name: DAL","fg":"40.897","fga":"87.160","fg_pct":"0.469","three_p":"14.571","three_pa":"37.103","three_p_pct":"0.393","ft":"15.514","fta":"20.560","ft_pct":"0.755","orb":"9.806","drb":"29.834","trb":"39.640","ast":"23.360","stl":"5.183","blk":"3.389","tov":"10.177","pf":"20.017","pts":"111.880"}]