[{"game_id":1155,"team_name":"PHO","player_id":"{\"bookede01\"}","player_name":"{\"Devin Booker\"}","fg":"10.341","fga":"20.729","fg_pct":"0.499","three_p":"2.506","three_pa":"6.518","three_p_pct":"0.384","ft":"6.365","fta":"6.847","ft_pct":"0.930","orb":"0.765","drb":"7.541","trb":"8.306","ast":"5.388","stl":"0.647","blk":"0.094","tov":"3.153","pf":"2.847","pts":"29.553"},{"game_id":1155,"team_name":"PHO","player_id":"{\"payneca01\"}","player_name":"{\"Cameron Payne\"}","fg":"3.753","fga":"8.576","fg_pct":"0.438","three_p":"1.153","three_pa":"3.341","three_p_pct":"0.345","ft":"0.988","fta":"0.988","ft_pct":"1.000","orb":"0.294","drb":"2.447","trb":"2.741","ast":"3.624","stl":"0.953","blk":"0.706","tov":"1.365","pf":"2.694","pts":"9.647"},{"game_id":1155,"team_name":"PHO","player_id":"{\"bridgmi01\"}","player_name":"{\"Mikal Bridges\"}","fg":"5.000","fga":"10.141","fg_pct":"0.493","three_p":"1.859","three_pa":"5.506","three_p_pct":"0.338","ft":"1.424","fta":"1.682","ft_pct":"0.847","orb":"0.847","drb":"2.788","trb":"3.635","ast":"1.753","stl":"1.447","blk":"1.000","tov":"0.765","pf":"1.800","pts":"13.282"},{"game_id":1155,"team_name":"PHO","player_id":"{\"aytonde01\"}","player_name":"{\"Deandre Ayton\"}","fg":"6.588","fga":"9.824","fg_pct":"0.671","three_p":"0.000","three_pa":"0.000","three_p_pct":"NaN","ft":"1.482","fta":"2.035","ft_pct":"0.728","orb":"2.176","drb":"7.541","trb":"9.718","ast":"0.871","stl":"0.447","blk":"0.329","tov":"1.035","pf":"2.153","pts":"14.659"},{"game_id":1155,"team_name":"PHO","player_id":"{\"crowdja01\"}","player_name":"{\"Jae Crowder\"}","fg":"4.141","fga":"8.565","fg_pct":"0.483","three_p":"3.059","three_pa":"6.541","three_p_pct":"0.468","ft":"1.047","fta":"1.176","ft_pct":"0.890","orb":"0.200","drb":"5.341","trb":"5.541","ast":"1.729","stl":"0.518","blk":"1.106","tov":"1.000","pf":"2.000","pts":"12.388"},{"game_id":1155,"team_name":"PHO","player_id":"{\"johnsca02\"}","player_name":"{\"Cameron Johnson\"}","fg":"2.059","fga":"4.647","fg_pct":"0.443","three_p":"1.447","three_pa":"3.412","three_p_pct":"0.424","ft":"1.518","fta":"1.859","ft_pct":"0.817","orb":"0.482","drb":"2.024","trb":"2.506","ast":"0.788","stl":"1.141","blk":"0.129","tov":"0.435","pf":"0.659","pts":"7.082"},{"game_id":1155,"team_name":"PHO","player_id":"benchPHO","player_name":"Bench of PHO","fg":"2.045","fga":"4.214","fg_pct":"0.485","three_p":"0.755","three_pa":"1.616","three_p_pct":"0.467","ft":"0.790","fta":"0.857","ft_pct":"0.922","orb":"0.603","drb":"2.019","trb":"2.621","ast":"1.161","stl":"0.216","blk":"0.246","tov":"0.589","pf":"1.368","pts":"5.636"},{"game_id":1155,"team_name":"LAC","player_id":"{\"georgpa01\"}","player_name":"{\"Paul George\"}","fg":"8.941","fga":"20.847","fg_pct":"0.429","three_p":"3.682","three_pa":"8.929","three_p_pct":"0.412","ft":"7.306","fta":"8.271","ft_pct":"0.883","orb":"1.376","drb":"7.376","trb":"8.753","ast":"5.471","stl":"1.294","blk":"0.871","tov":"3.565","pf":"3.212","pts":"28.871"},{"game_id":1155,"team_name":"LAC","player_id":"{\"jacksre01\"}","player_name":"{\"Reggie Jackson\"}","fg":"7.212","fga":"13.047","fg_pct":"0.553","three_p":"3.247","three_pa":"7.435","three_p_pct":"0.437","ft":"1.871","fta":"1.988","ft_pct":"0.941","orb":"0.482","drb":"2.318","trb":"2.800","ast":"3.965","stl":"1.071","blk":"0.000","tov":"1.694","pf":"2.929","pts":"19.541"},{"game_id":1155,"team_name":"LAC","player_id":"{\"couside01\"}","player_name":"{\"DeMarcus Cousins\"}","fg":"3.247","fga":"6.071","fg_pct":"0.535","three_p":"0.506","three_pa":"1.212","three_p_pct":"0.417","ft":"0.835","fta":"0.988","ft_pct":"0.845","orb":"1.012","drb":"2.588","trb":"3.600","ast":"0.565","stl":"0.918","blk":"0.506","tov":"1.106","pf":"2.812","pts":"7.835"},{"game_id":1155,"team_name":"LAC","player_id":"{\"zubaciv01\"}","player_name":"{\"Ivica Zubac\"}","fg":"1.388","fga":"2.153","fg_pct":"0.645","three_p":"0.000","three_pa":"0.000","three_p_pct":"NaN","ft":"2.082","fta":"2.788","ft_pct":"0.747","orb":"1.459","drb":"1.847","trb":"3.306","ast":"0.435","stl":"0.000","blk":"0.753","tov":"1.000","pf":"1.929","pts":"4.859"},{"game_id":1155,"team_name":"LAC","player_id":"{\"beverpa01\"}","player_name":"{\"Patrick Beverley\"}","fg":"1.271","fga":"2.941","fg_pct":"0.432","three_p":"0.553","three_pa":"1.506","three_p_pct":"0.367","ft":"1.082","fta":"1.318","ft_pct":"0.821","orb":"0.612","drb":"1.553","trb":"2.165","ast":"1.612","stl":"1.012","blk":"0.694","tov":"0.247","pf":"1.482","pts":"4.176"},{"game_id":1155,"team_name":"LAC","player_id":"{\"morrima03\"}","player_name":"{\"Marcus Morris\"}","fg":"4.765","fga":"11.012","fg_pct":"0.433","three_p":"1.882","three_pa":"5.165","three_p_pct":"0.364","ft":"1.294","fta":"1.671","ft_pct":"0.774","orb":"0.824","drb":"3.565","trb":"4.388","ast":"1.624","stl":"0.588","blk":"0.353","tov":"0.082","pf":"2.035","pts":"12.706"},{"game_id":1155,"team_name":"LAC","player_id":"benchLAC","player_name":"Bench of LAC","fg":"2.693","fga":"5.246","fg_pct":"0.513","three_p":"1.553","three_pa":"3.240","three_p_pct":"0.479","ft":"0.621","fta":"0.762","ft_pct":"0.815","orb":"0.647","drb":"2.393","trb":"3.040","ast":"1.758","stl":"0.711","blk":"0.250","tov":"0.335","pf":"1.614","pts":"7.559"}]