[{"game_id":1109,"team_name":"MIA","player_id":"teamMIA","player_name":"Team name: MIA","ts_pct":"0.585","efg_pct":"0.567","three_par":"0.455","ftr":"0.246","orb_pct":"4.557","drb_pct":"16.162","trb_pct":"10.244","ast_pct":"16.108","stl_pct":"1.429","blk_pct":"2.437","tov_pct":"14.089","usg_pct":"21.036","ortg":"117.168","drtg":"127.894","bpm":"-1.441"},{"game_id":1109,"team_name":"MIL","player_id":"teamMIL","player_name":"Team name: MIL","ts_pct":"0.579","efg_pct":"0.545","three_par":"0.504","ftr":"0.290","orb_pct":"6.820","drb_pct":"16.604","trb_pct":"11.825","ast_pct":"14.154","stl_pct":"1.885","blk_pct":"1.469","tov_pct":"11.474","usg_pct":"21.219","ortg":"127.978","drtg":"125.475","bpm":"0.359"}]