[{"game_id":1253,"team_name":"MIL","player_id":"{\"matthwe02\"}","player_name":"{\"Wesley Matthews\"}","fg":"2.718","fga":"7.188","fg_pct":"0.378","three_p":"1.647","three_pa":"5.306","three_p_pct":"0.310","ft":"0.506","fta":"0.659","ft_pct":"0.768","orb":"0.000","drb":"2.188","trb":"2.188","ast":"1.506","stl":"0.894","blk":"0.165","tov":"0.741","pf":"1.329","pts":"7.588"},{"game_id":1253,"team_name":"MIL","player_id":"{\"antetgi01\"}","player_name":"{\"Giannis Antetokounmpo\"}","fg":"8.682","fga":"16.753","fg_pct":"0.518","three_p":"0.835","three_pa":"3.565","three_p_pct":"0.234","ft":"5.576","fta":"9.718","ft_pct":"0.574","orb":"1.800","drb":"11.376","trb":"13.176","ast":"6.624","stl":"1.271","blk":"1.788","tov":"4.306","pf":"4.224","pts":"23.776"},{"game_id":1253,"team_name":"MIL","player_id":"{\"middlkh01\"}","player_name":"{\"Khris Middleton\"}","fg":"6.718","fga":"13.224","fg_pct":"0.508","three_p":"2.718","three_pa":"6.259","three_p_pct":"0.434","ft":"1.812","fta":"2.235","ft_pct":"0.811","orb":"1.012","drb":"5.306","trb":"6.318","ast":"2.894","stl":"0.412","blk":"0.106","tov":"1.941","pf":"3.165","pts":"17.965"},{"game_id":1253,"team_name":"MIL","player_id":"{\"hillge01\"}","player_name":"{\"George Hill\"}","fg":"4.282","fga":"7.341","fg_pct":"0.583","three_p":"1.447","three_pa":"3.212","three_p_pct":"0.450","ft":"1.259","fta":"1.953","ft_pct":"0.645","orb":"1.188","drb":"2.941","trb":"4.129","ast":"2.976","stl":"1.188","blk":"0.176","tov":"0.412","pf":"1.753","pts":"11.271"},{"game_id":1253,"team_name":"MIL","player_id":"{\"lopezbr01\"}","player_name":"{\"Brook Lopez\"}","fg":"3.341","fga":"8.765","fg_pct":"0.381","three_p":"1.424","three_pa":"5.212","three_p_pct":"0.273","ft":"3.212","fta":"3.494","ft_pct":"0.919","orb":"0.388","drb":"3.906","trb":"4.294","ast":"1.506","stl":"0.659","blk":"1.588","tov":"1.141","pf":"2.506","pts":"11.318"},{"game_id":1253,"team_name":"MIL","player_id":"{\"bledser01\"}","player_name":"{\"Eric Bledsoe\"}","fg":"4.435","fga":"11.612","fg_pct":"0.382","three_p":"1.024","three_pa":"4.400","three_p_pct":"0.233","ft":"1.776","fta":"2.894","ft_pct":"0.614","orb":"0.859","drb":"3.694","trb":"4.553","ast":"4.694","stl":"0.671","blk":"0.000","tov":"1.835","pf":"2.224","pts":"11.671"},{"game_id":1253,"team_name":"MIL","player_id":"benchMIL","player_name":"Bench of MIL","fg":"2.131","fga":"4.514","fg_pct":"0.472","three_p":"1.006","three_pa":"2.626","three_p_pct":"0.383","ft":"0.567","fta":"0.823","ft_pct":"0.689","orb":"0.660","drb":"2.140","trb":"2.801","ast":"0.680","stl":"0.438","blk":"0.264","tov":"0.628","pf":"1.450","pts":"5.836"},{"game_id":1253,"team_name":"TOR","player_id":"{\"thomama02\"}","player_name":"{\"Matt Thomas\"}","fg":"0.960","fga":"1.440","fg_pct":"0.667","three_p":"0.960","three_pa":"1.440","three_p_pct":"0.667","ft":"0.000","fta":"0.000","ft_pct":"NaN","orb":"0.000","drb":"1.440","trb":"1.440","ast":"0.000","stl":"0.480","blk":"0.000","tov":"0.480","pf":"0.960","pts":"2.880"},{"game_id":1253,"team_name":"TOR","player_id":"{\"daviste02\"}","player_name":"{\"Terence Davis\"}","fg":"0.509","fga":"1.909","fg_pct":"0.267","three_p":"0.345","three_pa":"1.036","three_p_pct":"0.333","ft":"0.800","fta":"0.800","ft_pct":"1.000","orb":"0.327","drb":"1.455","trb":"1.782","ast":"0.727","stl":"0.327","blk":"0.200","tov":"0.200","pf":"1.073","pts":"2.164"},{"game_id":1253,"team_name":"TOR","player_id":"{\"vanvlfr01\"}","player_name":"{\"Fred VanVleet\"}","fg":"4.929","fga":"12.165","fg_pct":"0.405","three_p":"2.576","three_pa":"6.424","three_p_pct":"0.401","ft":"3.129","fta":"3.235","ft_pct":"0.967","orb":"0.365","drb":"3.129","trb":"3.494","ast":"5.471","stl":"1.306","blk":"0.118","tov":"1.976","pf":"2.000","pts":"15.565"},{"game_id":1253,"team_name":"TOR","player_id":"{\"bouchch01\"}","player_name":"{\"Chris Boucher\"}","fg":"1.059","fga":"2.388","fg_pct":"0.443","three_p":"0.259","three_pa":"1.000","three_p_pct":"0.259","ft":"0.541","fta":"0.647","ft_pct":"0.836","orb":"0.306","drb":"1.894","trb":"2.200","ast":"0.188","stl":"0.047","blk":"0.929","tov":"0.459","pf":"0.706","pts":"2.918"},{"game_id":1253,"team_name":"TOR","player_id":"{\"lowryky01\"}","player_name":"{\"Kyle Lowry\"}","fg":"6.671","fga":"14.788","fg_pct":"0.451","three_p":"3.035","three_pa":"8.271","three_p_pct":"0.367","ft":"4.118","fta":"4.941","ft_pct":"0.833","orb":"0.518","drb":"4.271","trb":"4.788","ast":"7.118","stl":"1.447","blk":"0.471","tov":"2.600","pf":"3.553","pts":"20.494"},{"game_id":1253,"team_name":"TOR","player_id":"{\"gasolma01\"}","player_name":"{\"Marc Gasol\"}","fg":"2.200","fga":"6.106","fg_pct":"0.360","three_p":"0.965","three_pa":"2.647","three_p_pct":"0.365","ft":"1.965","fta":"2.259","ft_pct":"0.870","orb":"1.188","drb":"5.835","trb":"7.024","ast":"2.341","stl":"0.071","blk":"0.176","tov":"1.247","pf":"3.400","pts":"7.329"},{"game_id":1253,"team_name":"TOR","player_id":"benchTOR","player_name":"Bench of TOR","fg":"5.576","fga":"10.874","fg_pct":"0.513","three_p":"1.166","three_pa":"3.260","three_p_pct":"0.358","ft":"1.892","fta":"2.202","ft_pct":"0.859","orb":"1.161","drb":"4.796","trb":"5.957","ast":"1.700","stl":"0.871","blk":"0.717","tov":"1.958","pf":"2.628","pts":"14.210"}]