[{"game_id":1072,"team_name":"BRK","player_id":"{\"luwawti01\"}","player_name":"{\"Timothé Luwawu-Cabarrot\"}","ts_pct":"0.392","efg_pct":"0.360","three_par":"0.595","ftr":"0.173","orb_pct":"3.868","drb_pct":"6.769","trb_pct":"5.305","ast_pct":"6.945","stl_pct":"0.766","blk_pct":"0.000","tov_pct":"6.641","usg_pct":"20.507","ortg":"83.612","drtg":"118.129","bpm":"-5.579"},{"game_id":1072,"team_name":"BRK","player_id":"{\"johnsal02\"}","player_name":"{\"Alize Johnson\"}","ts_pct":"0.464","efg_pct":"0.289","three_par":"0.121","ftr":"0.127","orb_pct":"14.324","drb_pct":"26.040","trb_pct":"20.401","ast_pct":"6.087","stl_pct":"2.060","blk_pct":"5.093","tov_pct":"12.473","usg_pct":"15.815","ortg":"94.941","drtg":"110.506","bpm":"-2.298"},{"game_id":1072,"team_name":"BRK","player_id":"{\"perryre01\"}","player_name":"{\"Reggie Perry\"}","ts_pct":"0.234","efg_pct":"0.218","three_par":"0.206","ftr":"0.082","orb_pct":"30.409","drb_pct":"16.139","trb_pct":"23.020","ast_pct":"5.882","stl_pct":"1.449","blk_pct":"1.172","tov_pct":"10.713","usg_pct":"20.834","ortg":"78.318","drtg":"108.224","bpm":"-8.815"},{"game_id":1072,"team_name":"BRK","player_id":"{\"duranke01\"}","player_name":"{\"Kevin Durant\"}","ts_pct":"0.618","efg_pct":"0.553","three_par":"0.328","ftr":"0.405","orb_pct":"1.269","drb_pct":"20.529","trb_pct":"12.239","ast_pct":"27.580","stl_pct":"1.284","blk_pct":"3.791","tov_pct":"13.245","usg_pct":"30.038","ortg":"118.329","drtg":"108.976","bpm":"5.487"},{"game_id":1072,"team_name":"BRK","player_id":"{\"irvinky01\"}","player_name":"{\"Kyrie Irving\"}","ts_pct":"0.612","efg_pct":"0.576","three_par":"0.416","ftr":"0.191","orb_pct":"1.466","drb_pct":"9.351","trb_pct":"5.584","ast_pct":"23.276","stl_pct":"2.125","blk_pct":"2.039","tov_pct":"8.153","usg_pct":"29.849","ortg":"121.318","drtg":"114.306","bpm":"6.616"},{"game_id":1072,"team_name":"BRK","player_id":"{\"jamesmi02\"}","player_name":"{\"Mike James\"}","ts_pct":"0.476","efg_pct":"0.391","three_par":"0.331","ftr":"0.388","orb_pct":"0.541","drb_pct":"13.008","trb_pct":"7.641","ast_pct":"33.094","stl_pct":"1.352","blk_pct":"0.440","tov_pct":"21.552","usg_pct":"24.466","ortg":"101.824","drtg":"114.647","bpm":"-3.468"},{"game_id":1072,"team_name":"BRK","player_id":"benchBRK","player_name":"Bench of BRK","ts_pct":"0.598","efg_pct":"0.594","three_par":"0.417","ftr":"0.311","orb_pct":"4.412","drb_pct":"15.110","trb_pct":"10.327","ast_pct":"9.195","stl_pct":"1.117","blk_pct":"1.808","tov_pct":"7.390","usg_pct":"14.503","ortg":"123.972","drtg":"113.700","bpm":"-0.004"},{"game_id":1072,"team_name":"CLE","player_id":"{\"wadede01\"}","player_name":"{\"Dean Wade\"}","ts_pct":"0.534","efg_pct":"0.495","three_par":"0.638","ftr":"0.327","orb_pct":"3.114","drb_pct":"14.865","trb_pct":"8.906","ast_pct":"6.779","stl_pct":"1.984","blk_pct":"0.379","tov_pct":"14.278","usg_pct":"12.338","ortg":"105.482","drtg":"118.776","bpm":"-2.719"},{"game_id":1072,"team_name":"CLE","player_id":"{\"okorois01\"}","player_name":"{\"Isaac Okoro\"}","ts_pct":"0.501","efg_pct":"0.454","three_par":"0.334","ftr":"0.339","orb_pct":"3.333","drb_pct":"9.859","trb_pct":"6.573","ast_pct":"15.045","stl_pct":"0.641","blk_pct":"0.311","tov_pct":"5.615","usg_pct":"19.728","ortg":"107.529","drtg":"122.953","bpm":"-4.747"},{"game_id":1072,"team_name":"CLE","player_id":"{\"thomabr01\"}","player_name":"{\"Brodric Thomas\"}","ts_pct":"0.509","efg_pct":"0.502","three_par":"0.483","ftr":"0.288","orb_pct":"1.772","drb_pct":"10.982","trb_pct":"6.431","ast_pct":"12.641","stl_pct":"1.044","blk_pct":"2.131","tov_pct":"11.472","usg_pct":"13.219","ortg":"97.318","drtg":"120.235","bpm":"-3.659"},{"game_id":1072,"team_name":"CLE","player_id":"{\"osmande01\"}","player_name":"{\"Cedi Osman\"}","ts_pct":"0.591","efg_pct":"0.525","three_par":"0.489","ftr":"0.160","orb_pct":"2.400","drb_pct":"10.665","trb_pct":"6.446","ast_pct":"26.221","stl_pct":"1.087","blk_pct":"0.176","tov_pct":"15.884","usg_pct":"21.571","ortg":"112.576","drtg":"125.776","bpm":"-1.778"},{"game_id":1072,"team_name":"CLE","player_id":"{\"allenja01\"}","player_name":"{\"Jarrett Allen\"}","ts_pct":"0.549","efg_pct":"0.512","three_par":"0.074","ftr":"0.516","orb_pct":"11.959","drb_pct":"23.693","trb_pct":"17.808","ast_pct":"11.582","stl_pct":"0.696","blk_pct":"1.972","tov_pct":"19.235","usg_pct":"16.081","ortg":"106.047","drtg":"118.518","bpm":"-3.585"},{"game_id":1072,"team_name":"CLE","player_id":"{\"dotsoda01\"}","player_name":"{\"Damyean Dotson\"}","ts_pct":"0.473","efg_pct":"0.471","three_par":"0.633","ftr":"0.057","orb_pct":"0.000","drb_pct":"10.968","trb_pct":"5.319","ast_pct":"9.911","stl_pct":"0.511","blk_pct":"0.000","tov_pct":"12.835","usg_pct":"14.554","ortg":"87.600","drtg":"124.094","bpm":"-8.407"},{"game_id":1072,"team_name":"CLE","player_id":"benchCLE","player_name":"Bench of CLE","ts_pct":"0.436","efg_pct":"0.408","three_par":"0.393","ftr":"0.336","orb_pct":"4.242","drb_pct":"12.363","trb_pct":"8.183","ast_pct":"17.421","stl_pct":"1.384","blk_pct":"1.574","tov_pct":"12.919","usg_pct":"27.394","ortg":"85.991","drtg":"121.142","bpm":"-6.237"}]