[{"game_id":1072,"team_name":"BRK","player_id":"teamBRK","player_name":"Team name: BRK","ts_pct":"0.576","efg_pct":"0.536","three_par":"0.410","ftr":"0.350","orb_pct":"5.535","drb_pct":"16.158","trb_pct":"11.392","ast_pct":"15.204","stl_pct":"1.212","blk_pct":"2.075","tov_pct":"11.485","usg_pct":"19.765","ortg":"118.467","drtg":"118.459","bpm":"-0.243"},{"game_id":1072,"team_name":"CLE","player_id":"teamCLE","player_name":"Team name: CLE","ts_pct":"0.488","efg_pct":"0.460","three_par":"0.406","ftr":"0.302","orb_pct":"4.999","drb_pct":"15.577","trb_pct":"10.130","ast_pct":"15.485","stl_pct":"1.163","blk_pct":"1.325","tov_pct":"13.269","usg_pct":"20.328","ortg":"96.628","drtg":"120.466","bpm":"-4.337"}]