[{"game_id":1261,"team_name":"WAS","player_id":"teamWAS","player_name":"Team name: WAS","fg":"42.766","fga":"94.794","fg_pct":"0.451","three_p":"11.954","three_pa":"34.857","three_p_pct":"0.343","ft":"16.457","fta":"20.600","ft_pct":"0.799","orb":"10.583","drb":"33.994","trb":"44.577","ast":"25.246","stl":"6.811","blk":"5.023","tov":"13.829","pf":"20.371","pts":"113.943"},{"game_id":1261,"team_name":"DET","player_id":"teamDET","player_name":"Team name: DET","fg":"39.366","fga":"87.303","fg_pct":"0.451","three_p":"10.423","three_pa":"29.120","three_p_pct":"0.358","ft":"17.629","fta":"23.309","ft_pct":"0.756","orb":"9.240","drb":"32.869","trb":"42.109","ast":"22.863","stl":"7.063","blk":"5.120","tov":"14.829","pf":"21.331","pts":"106.783"}]