[{"game_id":1149,"team_name":"MIL","player_id":"{\"antetth01\"}","player_name":"{\"Thanasis Antetokounmpo\"}","fg":"0.000","fga":"0.647","fg_pct":"0.000","three_p":"0.000","three_pa":"0.188","three_p_pct":"0.000","ft":"0.659","fta":"0.871","ft_pct":"0.757","orb":"0.106","drb":"0.247","trb":"0.353","ast":"0.435","stl":"0.212","blk":"0.129","tov":"0.259","pf":"0.918","pts":"0.659"},{"game_id":1149,"team_name":"MIL","player_id":"{\"holidjr01\"}","player_name":"{\"Jrue Holiday\"}","fg":"6.094","fga":"14.365","fg_pct":"0.424","three_p":"1.529","three_pa":"4.835","three_p_pct":"0.316","ft":"1.153","fta":"1.659","ft_pct":"0.695","orb":"1.176","drb":"3.835","trb":"5.012","ast":"7.671","stl":"1.024","blk":"0.000","tov":"2.224","pf":"1.835","pts":"14.871"},{"game_id":1149,"team_name":"MIL","player_id":"{\"middlkh01\"}","player_name":"{\"Khris Middleton\"}","fg":"7.788","fga":"18.541","fg_pct":"0.420","three_p":"2.494","three_pa":"7.141","three_p_pct":"0.349","ft":"3.812","fta":"4.459","ft_pct":"0.855","orb":"0.882","drb":"6.718","trb":"7.600","ast":"4.153","stl":"0.671","blk":"0.435","tov":"3.271","pf":"2.847","pts":"21.882"},{"game_id":1149,"team_name":"MIL","player_id":"{\"antetgi01\"}","player_name":"{\"Giannis Antetokounmpo\"}","fg":"11.529","fga":"21.812","fg_pct":"0.529","three_p":"0.906","three_pa":"4.588","three_p_pct":"0.197","ft":"3.729","fta":"7.471","ft_pct":"0.499","orb":"1.459","drb":"11.271","trb":"12.729","ast":"4.918","stl":"0.624","blk":"1.082","tov":"3.765","pf":"3.082","pts":"27.694"},{"game_id":1149,"team_name":"MIL","player_id":"{\"jacksju01\"}","player_name":"{\"Justin Jackson\"}","fg":"2.282","fga":"5.412","fg_pct":"0.422","three_p":"0.871","three_pa":"2.682","three_p_pct":"0.325","ft":"0.859","fta":"0.976","ft_pct":"0.880","orb":"0.541","drb":"0.929","trb":"1.471","ast":"1.047","stl":"0.447","blk":"0.000","tov":"0.400","pf":"0.471","pts":"6.294"},{"game_id":1149,"team_name":"MIL","player_id":"{\"bryanel01\"}","player_name":"{\"Elijah Bryant\"}","fg":"1.329","fga":"3.086","fg_pct":"0.431","three_p":"0.100","three_pa":"1.400","three_p_pct":"0.071","ft":"0.300","fta":"0.300","ft_pct":"1.000","orb":"0.200","drb":"1.386","trb":"1.586","ast":"0.643","stl":"0.186","blk":"0.100","tov":"0.400","pf":"0.400","pts":"3.057"},{"game_id":1149,"team_name":"MIL","player_id":"benchMIL","player_name":"Bench of MIL","fg":"2.385","fga":"5.216","fg_pct":"0.457","three_p":"0.970","three_pa":"2.803","three_p_pct":"0.346","ft":"0.771","fta":"0.916","ft_pct":"0.842","orb":"1.022","drb":"2.668","trb":"3.690","ast":"0.597","stl":"0.617","blk":"0.484","tov":"0.505","pf":"1.791","pts":"6.511"},{"game_id":1149,"team_name":"BRK","player_id":"{\"johnsal02\"}","player_name":"{\"Alize Johnson\"}","fg":"0.812","fga":"1.647","fg_pct":"0.493","three_p":"0.000","three_pa":"0.047","three_p_pct":"0.000","ft":"0.541","fta":"0.541","ft_pct":"1.000","orb":"0.824","drb":"2.706","trb":"3.529","ast":"0.259","stl":"0.329","blk":"0.188","tov":"0.353","pf":"0.565","pts":"2.165"},{"game_id":1149,"team_name":"BRK","player_id":"{\"johnsty01\"}","player_name":"{\"Tyler Johnson\"}","fg":"1.035","fga":"2.624","fg_pct":"0.394","three_p":"0.494","three_pa":"1.541","three_p_pct":"0.321","ft":"0.282","fta":"0.282","ft_pct":"1.000","orb":"0.118","drb":"0.835","trb":"0.953","ast":"0.776","stl":"0.106","blk":"0.000","tov":"0.235","pf":"1.482","pts":"2.847"},{"game_id":1149,"team_name":"BRK","player_id":"{\"chiozch01\"}","player_name":"{\"Chris Chiozza\"}","fg":"1.047","fga":"2.612","fg_pct":"0.401","three_p":"0.294","three_pa":"1.118","three_p_pct":"0.263","ft":"0.224","fta":"0.306","ft_pct":"0.732","orb":"0.000","drb":"0.694","trb":"0.694","ast":"1.341","stl":"0.071","blk":"0.176","tov":"0.271","pf":"0.800","pts":"2.612"},{"game_id":1149,"team_name":"BRK","player_id":"{\"luwawti01\"}","player_name":"{\"Timothé Luwawu-Cabarrot\"}","fg":"0.588","fga":"1.729","fg_pct":"0.340","three_p":"0.424","three_pa":"1.141","three_p_pct":"0.372","ft":"0.141","fta":"0.141","ft_pct":"1.000","orb":"0.059","drb":"0.294","trb":"0.353","ast":"0.494","stl":"0.082","blk":"0.000","tov":"0.153","pf":"0.212","pts":"1.741"},{"game_id":1149,"team_name":"BRK","player_id":"{\"perryre01\"}","player_name":"{\"Reggie Perry\"}","fg":"0.753","fga":"1.553","fg_pct":"0.485","three_p":"0.282","three_pa":"0.612","three_p_pct":"0.461","ft":"0.000","fta":"0.000","ft_pct":"NaN","orb":"0.600","drb":"0.659","trb":"1.259","ast":"0.153","stl":"0.153","blk":"0.000","tov":"0.494","pf":"0.824","pts":"1.788"},{"game_id":1149,"team_name":"BRK","player_id":"{\"brownbr01\"}","player_name":"{\"Bruce Brown\"}","fg":"3.506","fga":"7.400","fg_pct":"0.474","three_p":"0.118","three_pa":"1.047","three_p_pct":"0.113","ft":"1.082","fta":"1.224","ft_pct":"0.884","orb":"1.729","drb":"3.388","trb":"5.118","ast":"2.447","stl":"0.624","blk":"0.341","tov":"0.729","pf":"2.624","pts":"8.212"},{"game_id":1149,"team_name":"BRK","player_id":"benchBRK","player_name":"Bench of BRK","fg":"4.799","fga":"9.769","fg_pct":"0.491","three_p":"1.866","three_pa":"4.404","three_p_pct":"0.424","ft":"2.450","fta":"2.833","ft_pct":"0.865","orb":"0.476","drb":"4.163","trb":"4.639","ast":"3.111","stl":"0.786","blk":"0.674","tov":"1.317","pf":"2.137","pts":"13.915"}]