[{"game_id":1070,"team_name":"GSW","player_id":"teamGSW","player_name":"Team name: GSW","ts_pct":"0.544","efg_pct":"0.526","three_par":"0.402","ftr":"0.225","orb_pct":"3.719","drb_pct":"13.498","trb_pct":"9.012","ast_pct":"15.014","stl_pct":"1.425","blk_pct":"1.468","tov_pct":"14.823","usg_pct":"17.471","ortg":"106.993","drtg":"100.054","bpm":"0.140"},{"game_id":1070,"team_name":"MEM","player_id":"teamMEM","player_name":"Team name: MEM","ts_pct":"0.569","efg_pct":"0.540","three_par":"0.427","ftr":"0.262","orb_pct":"5.424","drb_pct":"16.287","trb_pct":"11.074","ast_pct":"16.849","stl_pct":"1.472","blk_pct":"2.854","tov_pct":"12.621","usg_pct":"19.893","ortg":"120.265","drtg":"118.059","bpm":"-1.050"}]