[{"game_id":1136,"team_name":"PHO","player_id":"{\"mooreet01\"}","player_name":"{\"E'Twaun Moore\"}","fg":"2.106","fga":"3.659","fg_pct":"0.576","three_p":"0.565","three_pa":"1.212","three_p_pct":"0.466","ft":"0.471","fta":"0.471","ft_pct":"1.000","orb":"0.365","drb":"0.788","trb":"1.153","ast":"1.165","stl":"0.200","blk":"0.188","tov":"0.694","pf":"0.576","pts":"5.247"},{"game_id":1136,"team_name":"PHO","player_id":"{\"carteje01\"}","player_name":"{\"Jevon Carter\"}","fg":"1.682","fga":"4.224","fg_pct":"0.398","three_p":"0.635","three_pa":"1.929","three_p_pct":"0.329","ft":"0.106","fta":"0.365","ft_pct":"0.290","orb":"0.353","drb":"1.541","trb":"1.894","ast":"1.294","stl":"0.400","blk":"0.000","tov":"0.235","pf":"0.224","pts":"4.106"},{"game_id":1136,"team_name":"PHO","player_id":"{\"gallola01\"}","player_name":"{\"Langston Galloway\"}","fg":"1.447","fga":"4.529","fg_pct":"0.319","three_p":"0.612","three_pa":"2.412","three_p_pct":"0.254","ft":"0.600","fta":"0.859","ft_pct":"0.698","orb":"0.271","drb":"0.800","trb":"1.071","ast":"0.494","stl":"0.165","blk":"0.000","tov":"0.271","pf":"0.447","pts":"4.106"},{"game_id":1136,"team_name":"PHO","player_id":"{\"smithja04\"}","player_name":"{\"Jalen Smith\"}","fg":"1.424","fga":"2.659","fg_pct":"0.536","three_p":"0.353","three_pa":"0.906","three_p_pct":"0.390","ft":"0.424","fta":"0.424","ft_pct":"1.000","orb":"0.165","drb":"2.435","trb":"2.600","ast":"0.412","stl":"0.047","blk":"0.376","tov":"0.376","pf":"0.741","pts":"3.624"},{"game_id":1136,"team_name":"PHO","player_id":"{\"kaminfr01\"}","player_name":"{\"Frank Kaminsky\"}","fg":"1.576","fga":"4.541","fg_pct":"0.347","three_p":"0.106","three_pa":"0.953","three_p_pct":"0.111","ft":"0.718","fta":"0.871","ft_pct":"0.824","orb":"0.647","drb":"3.153","trb":"3.800","ast":"2.871","stl":"0.224","blk":"0.588","tov":"0.718","pf":"2.259","pts":"3.976"},{"game_id":1136,"team_name":"PHO","player_id":"{\"bookede01\"}","player_name":"{\"Devin Booker\"}","fg":"9.494","fga":"18.576","fg_pct":"0.511","three_p":"2.412","three_pa":"5.894","three_p_pct":"0.409","ft":"6.624","fta":"7.282","ft_pct":"0.910","orb":"0.529","drb":"5.224","trb":"5.753","ast":"5.047","stl":"0.482","blk":"0.141","tov":"3.765","pf":"3.000","pts":"28.024"},{"game_id":1136,"team_name":"PHO","player_id":"benchPHO","player_name":"Bench of PHO","fg":"4.154","fga":"8.412","fg_pct":"0.494","three_p":"1.285","three_pa":"3.456","three_p_pct":"0.372","ft":"1.481","fta":"1.753","ft_pct":"0.845","orb":"0.916","drb":"3.740","trb":"4.655","ast":"2.707","stl":"0.949","blk":"0.500","tov":"0.866","pf":"1.921","pts":"11.075"},{"game_id":1136,"team_name":"DEN","player_id":"{\"mcgeeja01\"}","player_name":"{\"JaVale McGee\"}","fg":"2.106","fga":"5.000","fg_pct":"0.421","three_p":"0.000","three_pa":"0.459","three_p_pct":"0.000","ft":"0.435","fta":"0.635","ft_pct":"0.685","orb":"1.541","drb":"3.518","trb":"5.059","ast":"0.506","stl":"0.224","blk":"1.247","tov":"0.553","pf":"2.553","pts":"4.647"},{"game_id":1136,"team_name":"DEN","player_id":"{\"harrish01\"}","player_name":"{\"Shaquille Harrison\"}","fg":"0.506","fga":"1.376","fg_pct":"0.368","three_p":"0.118","three_pa":"0.400","three_p_pct":"0.295","ft":"0.306","fta":"0.447","ft_pct":"0.685","orb":"0.071","drb":"1.306","trb":"1.376","ast":"0.329","stl":"0.329","blk":"0.212","tov":"0.553","pf":"0.671","pts":"1.435"},{"game_id":1136,"team_name":"DEN","player_id":"{\"cancavl01\"}","player_name":"{\"Vlatko Čančar\"}","fg":"1.553","fga":"2.859","fg_pct":"0.543","three_p":"0.329","three_pa":"0.976","three_p_pct":"0.337","ft":"0.835","fta":"1.141","ft_pct":"0.732","orb":"0.400","drb":"1.024","trb":"1.424","ast":"0.471","stl":"0.365","blk":"0.141","tov":"0.176","pf":"0.353","pts":"4.271"},{"game_id":1136,"team_name":"DEN","player_id":"{\"nnajize01\"}","player_name":"{\"Zeke Nnaji\"}","fg":"0.788","fga":"2.176","fg_pct":"0.362","three_p":"0.600","three_pa":"1.494","three_p_pct":"0.402","ft":"0.000","fta":"0.000","ft_pct":"NaN","orb":"0.259","drb":"0.976","trb":"1.235","ast":"0.635","stl":"0.388","blk":"0.000","tov":"0.000","pf":"0.424","pts":"2.176"},{"game_id":1136,"team_name":"DEN","player_id":"{\"jokicni01\"}","player_name":"{\"Nikola Jokić\"}","fg":"11.541","fga":"22.235","fg_pct":"0.519","three_p":"1.953","three_pa":"5.012","three_p_pct":"0.390","ft":"4.518","fta":"4.906","ft_pct":"0.921","orb":"2.882","drb":"7.094","trb":"9.976","ast":"4.647","stl":"0.788","blk":"1.024","tov":"2.706","pf":"2.506","pts":"29.553"},{"game_id":1136,"team_name":"DEN","player_id":"{\"campafa01\"}","player_name":"{\"Facundo Campazzo\"}","fg":"2.729","fga":"7.235","fg_pct":"0.377","three_p":"1.494","three_pa":"4.471","three_p_pct":"0.334","ft":"2.224","fta":"2.576","ft_pct":"0.863","orb":"0.741","drb":"2.529","trb":"3.271","ast":"5.200","stl":"1.553","blk":"0.424","tov":"1.859","pf":"2.882","pts":"9.176"},{"game_id":1136,"team_name":"DEN","player_id":"benchDEN","player_name":"Bench of DEN","fg":"4.139","fga":"8.930","fg_pct":"0.463","three_p":"1.701","three_pa":"4.158","three_p_pct":"0.409","ft":"1.501","fta":"1.867","ft_pct":"0.804","orb":"1.007","drb":"2.984","trb":"3.991","ast":"2.486","stl":"0.638","blk":"0.231","tov":"1.010","pf":"1.994","pts":"11.480"}]