[{"game_id":1021,"team_name":"CLE","player_id":"{\"okorois01\"}","player_name":"{\"Isaac Okoro\"}","ts_pct":"0.514","efg_pct":"0.456","three_par":"0.323","ftr":"0.462","orb_pct":"3.733","drb_pct":"7.598","trb_pct":"5.441","ast_pct":"9.126","stl_pct":"0.768","blk_pct":"0.000","tov_pct":"5.552","usg_pct":"18.001","ortg":"110.541","drtg":"129.576","bpm":"-5.898"},{"game_id":1021,"team_name":"CLE","player_id":"{\"wadede01\"}","player_name":"{\"Dean Wade\"}","ts_pct":"0.547","efg_pct":"0.542","three_par":"0.741","ftr":"0.151","orb_pct":"4.176","drb_pct":"12.413","trb_pct":"8.087","ast_pct":"7.598","stl_pct":"1.339","blk_pct":"0.753","tov_pct":"12.811","usg_pct":"11.946","ortg":"106.424","drtg":"126.565","bpm":"-3.333"},{"game_id":1021,"team_name":"CLE","player_id":"{\"sextoco01\"}","player_name":"{\"Collin Sexton\"}","ts_pct":"0.560","efg_pct":"0.513","three_par":"0.240","ftr":"0.362","orb_pct":"5.622","drb_pct":"8.507","trb_pct":"7.085","ast_pct":"28.349","stl_pct":"1.115","blk_pct":"0.845","tov_pct":"11.634","usg_pct":"31.649","ortg":"111.024","drtg":"126.588","bpm":"0.305"},{"game_id":1021,"team_name":"CLE","player_id":"{\"thomabr01\"}","player_name":"{\"Brodric Thomas\"}","ts_pct":"0.579","efg_pct":"0.582","three_par":"0.545","ftr":"0.310","orb_pct":"2.989","drb_pct":"8.260","trb_pct":"5.319","ast_pct":"8.975","stl_pct":"0.522","blk_pct":"2.634","tov_pct":"16.168","usg_pct":"14.185","ortg":"95.235","drtg":"127.259","bpm":"-3.481"},{"game_id":1021,"team_name":"CLE","player_id":"{\"allenja01\"}","player_name":"{\"Jarrett Allen\"}","ts_pct":"0.575","efg_pct":"0.535","three_par":"0.054","ftr":"0.579","orb_pct":"12.792","drb_pct":"24.906","trb_pct":"18.449","ast_pct":"10.172","stl_pct":"1.262","blk_pct":"1.907","tov_pct":"19.147","usg_pct":"16.031","ortg":"109.306","drtg":"123.447","bpm":"-2.719"},{"game_id":1021,"team_name":"CLE","player_id":"{\"dotsoda01\"}","player_name":"{\"Damyean Dotson\"}","ts_pct":"0.431","efg_pct":"0.434","three_par":"0.574","ftr":"0.025","orb_pct":"0.359","drb_pct":"13.395","trb_pct":"6.404","ast_pct":"11.367","stl_pct":"0.614","blk_pct":"0.000","tov_pct":"15.561","usg_pct":"16.015","ortg":"78.235","drtg":"128.012","bpm":"-9.484"},{"game_id":1021,"team_name":"CLE","player_id":"benchCLE","player_name":"Bench of CLE","ts_pct":"0.439","efg_pct":"0.432","three_par":"0.426","ftr":"0.324","orb_pct":"3.570","drb_pct":"13.464","trb_pct":"8.016","ast_pct":"11.213","stl_pct":"1.604","blk_pct":"1.501","tov_pct":"8.975","usg_pct":"24.935","ortg":"86.706","drtg":"125.009","bpm":"-8.759"},{"game_id":1021,"team_name":"IND","player_id":"{\"bitadgo01\"}","player_name":"{\"Goga Bitadze\"}","ts_pct":"0.483","efg_pct":"0.430","three_par":"0.533","ftr":"0.250","orb_pct":"7.691","drb_pct":"17.915","trb_pct":"12.802","ast_pct":"9.506","stl_pct":"0.905","blk_pct":"8.801","tov_pct":"5.546","usg_pct":"16.249","ortg":"105.494","drtg":"109.118","bpm":"0.488"},{"game_id":1021,"team_name":"IND","player_id":"{\"sabondo01\"}","player_name":"{\"Domantas Sabonis\"}","ts_pct":"0.705","efg_pct":"0.684","three_par":"0.191","ftr":"0.271","orb_pct":"4.698","drb_pct":"32.754","trb_pct":"19.488","ast_pct":"33.035","stl_pct":"1.980","blk_pct":"0.247","tov_pct":"18.947","usg_pct":"23.713","ortg":"125.435","drtg":"109.459","bpm":"7.364"},{"game_id":1021,"team_name":"IND","player_id":"{\"leverca01\"}","player_name":"{\"Caris LeVert\"}","ts_pct":"0.568","efg_pct":"0.525","three_par":"0.238","ftr":"0.274","orb_pct":"1.658","drb_pct":"13.418","trb_pct":"7.609","ast_pct":"24.427","stl_pct":"1.539","blk_pct":"2.448","tov_pct":"9.247","usg_pct":"31.371","ortg":"111.718","drtg":"114.647","bpm":"0.974"},{"game_id":1021,"team_name":"IND","player_id":"{\"mccontj01\"}","player_name":"{\"T.J. McConnell\"}","ts_pct":"0.567","efg_pct":"0.539","three_par":"0.173","ftr":"0.138","orb_pct":"5.449","drb_pct":"9.400","trb_pct":"7.439","ast_pct":"33.031","stl_pct":"4.391","blk_pct":"0.393","tov_pct":"19.849","usg_pct":"18.242","ortg":"113.318","drtg":"110.494","bpm":"0.835"},{"game_id":1021,"team_name":"IND","player_id":"{\"holidju01\"}","player_name":"{\"Justin Holiday\"}","ts_pct":"0.612","efg_pct":"0.572","three_par":"0.670","ftr":"0.189","orb_pct":"1.166","drb_pct":"11.525","trb_pct":"6.899","ast_pct":"8.135","stl_pct":"0.659","blk_pct":"4.128","tov_pct":"3.134","usg_pct":"12.858","ortg":"124.671","drtg":"115.294","bpm":"0.114"},{"game_id":1021,"team_name":"IND","player_id":"{\"martike03\"}","player_name":"{\"Kelan Martin\"}","ts_pct":"0.447","efg_pct":"0.447","three_par":"0.297","ftr":"0.057","orb_pct":"1.915","drb_pct":"19.446","trb_pct":"11.599","ast_pct":"8.079","stl_pct":"0.807","blk_pct":"2.125","tov_pct":"9.146","usg_pct":"17.852","ortg":"78.941","drtg":"114.106","bpm":"-5.632"},{"game_id":1021,"team_name":"IND","player_id":"benchIND","player_name":"Bench of IND","ts_pct":"0.614","efg_pct":"0.571","three_par":"0.345","ftr":"0.321","orb_pct":"3.086","drb_pct":"10.412","trb_pct":"7.147","ast_pct":"8.663","stl_pct":"1.402","blk_pct":"1.183","tov_pct":"11.189","usg_pct":"17.672","ortg":"117.044","drtg":"116.051","bpm":"-2.855"}]