[{"game_id":1004,"team_name":"SAC","player_id":"{\"harklma01\"}","player_name":"{\"Maurice Harkless\"}","fg":"2.612","fga":"6.094","fg_pct":"0.429","three_p":"0.247","three_pa":"2.235","three_p_pct":"0.111","ft":"1.200","fta":"1.400","ft_pct":"0.857","orb":"0.659","drb":"2.588","trb":"3.247","ast":"0.906","stl":"1.341","blk":"0.588","tov":"0.988","pf":"2.788","pts":"6.671"},{"game_id":1004,"team_name":"SAC","player_id":"{\"wrighde01\"}","player_name":"{\"Delon Wright\"}","fg":"4.718","fga":"9.894","fg_pct":"0.477","three_p":"1.329","three_pa":"3.294","three_p_pct":"0.403","ft":"1.353","fta":"1.765","ft_pct":"0.767","orb":"1.588","drb":"3.541","trb":"5.129","ast":"4.529","stl":"2.506","blk":"1.082","tov":"1.471","pf":"1.329","pts":"12.118"},{"game_id":1004,"team_name":"SAC","player_id":"{\"hieldbu01\"}","player_name":"{\"Buddy Hield\"}","fg":"5.753","fga":"13.941","fg_pct":"0.413","three_p":"3.953","three_pa":"8.965","three_p_pct":"0.441","ft":"1.518","fta":"1.647","ft_pct":"0.922","orb":"0.388","drb":"6.165","trb":"6.553","ast":"4.976","stl":"1.224","blk":"0.765","tov":"1.906","pf":"2.365","pts":"16.976"},{"game_id":1004,"team_name":"SAC","player_id":"{\"holmeri01\"}","player_name":"{\"Richaun Holmes\"}","fg":"6.682","fga":"10.812","fg_pct":"0.618","three_p":"0.000","three_pa":"0.176","three_p_pct":"0.000","ft":"2.341","fta":"3.141","ft_pct":"0.745","orb":"1.635","drb":"4.259","trb":"5.894","ast":"1.518","stl":"0.459","blk":"1.082","tov":"1.729","pf":"3.141","pts":"15.706"},{"game_id":1004,"team_name":"SAC","player_id":"{\"daviste02\"}","player_name":"{\"Terence Davis\"}","fg":"3.741","fga":"8.635","fg_pct":"0.433","three_p":"1.918","three_pa":"5.435","three_p_pct":"0.353","ft":"0.894","fta":"1.129","ft_pct":"0.792","orb":"0.376","drb":"3.494","trb":"3.871","ast":"2.035","stl":"0.635","blk":"0.400","tov":"1.176","pf":"1.835","pts":"10.294"},{"game_id":1004,"team_name":"SAC","player_id":"{\"baglema01\"}","player_name":"{\"Marvin Bagley III\"}","fg":"7.176","fga":"13.529","fg_pct":"0.530","three_p":"0.553","three_pa":"2.259","three_p_pct":"0.245","ft":"2.188","fta":"3.071","ft_pct":"0.712","orb":"2.988","drb":"4.424","trb":"7.412","ast":"1.082","stl":"0.459","blk":"0.459","tov":"1.282","pf":"2.118","pts":"17.094"},{"game_id":1004,"team_name":"SAC","player_id":"benchSAC","player_name":"Bench of SAC","fg":"1.892","fga":"3.865","fg_pct":"0.490","three_p":"0.218","three_pa":"0.994","three_p_pct":"0.219","ft":"1.127","fta":"1.473","ft_pct":"0.765","orb":"0.516","drb":"1.512","trb":"2.028","ast":"0.795","stl":"0.434","blk":"0.279","tov":"0.650","pf":"1.397","pts":"5.131"},{"game_id":1004,"team_name":"SAS","player_id":"{\"derozde01\"}","player_name":"{\"DeMar DeRozan\"}","fg":"7.588","fga":"16.259","fg_pct":"0.467","three_p":"0.000","three_pa":"0.941","three_p_pct":"0.000","ft":"6.941","fta":"7.694","ft_pct":"0.902","orb":"0.671","drb":"3.012","trb":"3.682","ast":"7.729","stl":"1.153","blk":"0.271","tov":"1.600","pf":"2.329","pts":"22.118"},{"game_id":1004,"team_name":"SAS","player_id":"{\"murrade01\"}","player_name":"{\"Dejounte Murray\"}","fg":"6.376","fga":"13.741","fg_pct":"0.464","three_p":"0.941","three_pa":"2.612","three_p_pct":"0.360","ft":"1.988","fta":"2.388","ft_pct":"0.832","orb":"1.506","drb":"6.306","trb":"7.812","ast":"5.965","stl":"1.094","blk":"0.059","tov":"2.224","pf":"2.247","pts":"15.682"},{"game_id":1004,"team_name":"SAS","player_id":"{\"poeltja01\"}","player_name":"{\"Jakob Poeltl\"}","fg":"4.129","fga":"6.624","fg_pct":"0.623","three_p":"0.000","three_pa":"0.000","three_p_pct":"NaN","ft":"1.976","fta":"2.424","ft_pct":"0.815","orb":"2.576","drb":"3.988","trb":"6.565","ast":"2.082","stl":"0.953","blk":"1.718","tov":"1.376","pf":"3.647","pts":"10.235"},{"game_id":1004,"team_name":"SAS","player_id":"{\"walkelo01\"}","player_name":"{\"Lonnie Walker IV\"}","fg":"4.271","fga":"10.153","fg_pct":"0.421","three_p":"1.671","three_pa":"4.271","three_p_pct":"0.391","ft":"0.859","fta":"1.000","ft_pct":"0.859","orb":"0.118","drb":"1.553","trb":"1.671","ast":"1.765","stl":"0.412","blk":"0.129","tov":"0.918","pf":"1.259","pts":"11.071"},{"game_id":1004,"team_name":"SAS","player_id":"{\"johnske04\"}","player_name":"{\"Keldon Johnson\"}","fg":"4.965","fga":"11.271","fg_pct":"0.441","three_p":"0.882","three_pa":"2.541","three_p_pct":"0.347","ft":"1.565","fta":"2.353","ft_pct":"0.665","orb":"0.765","drb":"4.612","trb":"5.376","ast":"1.847","stl":"0.812","blk":"0.000","tov":"1.035","pf":"1.976","pts":"12.376"},{"game_id":1004,"team_name":"SAS","player_id":"{\"gayru01\"}","player_name":"{\"Rudy Gay\"}","fg":"4.800","fga":"10.224","fg_pct":"0.469","three_p":"1.800","three_pa":"4.176","three_p_pct":"0.431","ft":"1.129","fta":"1.447","ft_pct":"0.780","orb":"0.506","drb":"3.682","trb":"4.188","ast":"0.965","stl":"0.624","blk":"0.529","tov":"1.529","pf":"1.882","pts":"12.529"},{"game_id":1004,"team_name":"SAS","player_id":"benchSAS","player_name":"Bench of SAS","fg":"2.151","fga":"5.414","fg_pct":"0.397","three_p":"0.642","three_pa":"2.508","three_p_pct":"0.256","ft":"1.185","fta":"1.557","ft_pct":"0.761","orb":"0.747","drb":"2.372","trb":"3.120","ast":"1.117","stl":"0.429","blk":"0.395","tov":"0.519","pf":"1.293","pts":"6.129"}]