[{"game_id":1082,"team_name":"BOS","player_id":"teamBOS","player_name":"Team name: BOS","fg":"42.594","fga":"91.840","fg_pct":"0.464","three_p":"15.566","three_pa":"40.063","three_p_pct":"0.389","ft":"14.566","fta":"19.194","ft_pct":"0.759","orb":"10.160","drb":"33.840","trb":"44.000","ast":"24.880","stl":"6.783","blk":"6.509","tov":"12.514","pf":"21.663","pts":"115.320"},{"game_id":1082,"team_name":"WAS","player_id":"teamWAS","player_name":"Team name: WAS","fg":"47.029","fga":"96.686","fg_pct":"0.486","three_p":"9.417","three_pa":"25.994","three_p_pct":"0.362","ft":"22.943","fta":"28.109","ft_pct":"0.816","orb":"10.920","drb":"36.280","trb":"47.200","ast":"27.949","stl":"7.549","blk":"5.200","tov":"11.246","pf":"20.949","pts":"126.417"}]