[{"game_id":1080,"team_name":"SAC","player_id":"teamSAC","player_name":"Team name: SAC","ts_pct":"0.507","efg_pct":"0.481","three_par":"0.373","ftr":"0.241","orb_pct":"3.982","drb_pct":"14.948","trb_pct":"9.445","ast_pct":"15.078","stl_pct":"1.887","blk_pct":"2.205","tov_pct":"12.366","usg_pct":"19.898","ortg":"102.794","drtg":"113.079","bpm":"-3.482"},{"game_id":1080,"team_name":"UTA","player_id":"teamUTA","player_name":"Team name: UTA","ts_pct":"0.673","efg_pct":"0.637","three_par":"0.568","ftr":"0.270","orb_pct":"7.583","drb_pct":"18.541","trb_pct":"13.419","ast_pct":"11.431","stl_pct":"1.546","blk_pct":"1.554","tov_pct":"13.277","usg_pct":"23.465","ortg":"143.316","drtg":"136.199","bpm":"0.404"}]