[{"game_id":1243,"team_name":"IND","player_id":"{\"leaftj01\"}","player_name":"{\"T.J. Leaf\"}","ts_pct":"0.411","efg_pct":"0.360","three_par":"0.201","ftr":"0.163","orb_pct":"8.314","drb_pct":"20.004","trb_pct":"13.792","ast_pct":"5.138","stl_pct":"0.868","blk_pct":"2.858","tov_pct":"8.878","usg_pct":"18.306","ortg":"89.271","drtg":"109.565","bpm":"-4.254"},{"game_id":1243,"team_name":"IND","player_id":"{\"holidaa01\"}","player_name":"{\"Aaron Holiday\"}","ts_pct":"0.425","efg_pct":"0.429","three_par":"0.396","ftr":"0.090","orb_pct":"0.275","drb_pct":"5.641","trb_pct":"2.820","ast_pct":"14.736","stl_pct":"1.579","blk_pct":"0.160","tov_pct":"16.699","usg_pct":"23.804","ortg":"86.329","drtg":"113.388","bpm":"-5.980"},{"game_id":1243,"team_name":"IND","player_id":"{\"sabondo01\"}","player_name":"{\"Domantas Sabonis\"}","ts_pct":"0.566","efg_pct":"0.509","three_par":"0.097","ftr":"0.443","orb_pct":"7.747","drb_pct":"25.033","trb_pct":"15.895","ast_pct":"17.931","stl_pct":"1.356","blk_pct":"0.707","tov_pct":"12.692","usg_pct":"22.959","ortg":"113.941","drtg":"107.835","bpm":"2.747"},{"game_id":1243,"team_name":"IND","player_id":"{\"lambje01\"}","player_name":"{\"Jeremy Lamb\"}","ts_pct":"0.616","efg_pct":"0.568","three_par":"0.349","ftr":"0.355","orb_pct":"4.232","drb_pct":"15.840","trb_pct":"10.033","ast_pct":"15.205","stl_pct":"2.884","blk_pct":"0.847","tov_pct":"6.589","usg_pct":"24.808","ortg":"122.482","drtg":"113.012","bpm":"4.541"},{"game_id":1243,"team_name":"IND","player_id":"{\"brogdma01\"}","player_name":"{\"Malcolm Brogdon\"}","ts_pct":"0.560","efg_pct":"0.508","three_par":"0.413","ftr":"0.269","orb_pct":"2.438","drb_pct":"15.351","trb_pct":"8.779","ast_pct":"36.834","stl_pct":"1.905","blk_pct":"0.656","tov_pct":"10.761","usg_pct":"23.818","ortg":"114.918","drtg":"110.012","bpm":"6.219"},{"game_id":1243,"team_name":"IND","player_id":"{\"warretj01\"}","player_name":"{\"T.J. Warren\"}","ts_pct":"0.529","efg_pct":"0.510","three_par":"0.162","ftr":"0.135","orb_pct":"2.054","drb_pct":"8.048","trb_pct":"4.852","ast_pct":"4.612","stl_pct":"2.327","blk_pct":"1.141","tov_pct":"10.081","usg_pct":"19.901","ortg":"96.859","drtg":"114.506","bpm":"-4.458"},{"game_id":1243,"team_name":"IND","player_id":"benchIND","player_name":"Bench of IND","ts_pct":"0.452","efg_pct":"0.434","three_par":"0.280","ftr":"0.102","orb_pct":"3.763","drb_pct":"13.227","trb_pct":"8.473","ast_pct":"9.779","stl_pct":"0.967","blk_pct":"2.760","tov_pct":"6.561","usg_pct":"14.977","ortg":"105.611","drtg":"110.855","bpm":"-2.290"},{"game_id":1243,"team_name":"CLE","player_id":"{\"knighbr03\"}","player_name":"{\"Brandon Knight\"}","ts_pct":"0.447","efg_pct":"0.424","three_par":"0.412","ftr":"0.116","orb_pct":"1.781","drb_pct":"8.299","trb_pct":"4.575","ast_pct":"8.979","stl_pct":"1.401","blk_pct":"0.424","tov_pct":"13.674","usg_pct":"17.771","ortg":"89.412","drtg":"126.306","bpm":"-8.171"},{"game_id":1243,"team_name":"CLE","player_id":"{\"osmande01\"}","player_name":"{\"Cedi Osman\"}","ts_pct":"0.588","efg_pct":"0.556","three_par":"0.537","ftr":"0.188","orb_pct":"2.094","drb_pct":"8.928","trb_pct":"5.456","ast_pct":"8.389","stl_pct":"1.675","blk_pct":"0.474","tov_pct":"11.694","usg_pct":"14.819","ortg":"107.306","drtg":"118.494","bpm":"-1.462"},{"game_id":1243,"team_name":"CLE","player_id":"{\"sextoco01\"}","player_name":"{\"Collin Sexton\"}","ts_pct":"0.558","efg_pct":"0.531","three_par":"0.353","ftr":"0.205","orb_pct":"2.674","drb_pct":"5.501","trb_pct":"3.969","ast_pct":"16.133","stl_pct":"0.516","blk_pct":"0.000","tov_pct":"14.776","usg_pct":"26.013","ortg":"104.106","drtg":"121.894","bpm":"-3.774"},{"game_id":1243,"team_name":"CLE","player_id":"{\"loveke01\"}","player_name":"{\"Kevin Love\"}","ts_pct":"0.606","efg_pct":"0.559","three_par":"0.506","ftr":"0.364","orb_pct":"2.407","drb_pct":"46.807","trb_pct":"24.411","ast_pct":"19.154","stl_pct":"1.338","blk_pct":"0.233","tov_pct":"16.099","usg_pct":"21.424","ortg":"112.129","drtg":"107.859","bpm":"3.639"},{"game_id":1243,"team_name":"CLE","player_id":"{\"thomptr01\"}","player_name":"{\"Tristan Thompson\"}","ts_pct":"0.600","efg_pct":"0.589","three_par":"0.016","ftr":"0.306","orb_pct":"13.791","drb_pct":"22.651","trb_pct":"17.795","ast_pct":"9.544","stl_pct":"0.000","blk_pct":"3.261","tov_pct":"7.878","usg_pct":"21.042","ortg":"126.388","drtg":"117.012","bpm":"1.536"},{"game_id":1243,"team_name":"CLE","player_id":"{\"clarkjo01\"}","player_name":"{\"Jordan Clarkson\"}","ts_pct":"0.573","efg_pct":"0.530","three_par":"0.345","ftr":"0.402","orb_pct":"1.916","drb_pct":"4.500","trb_pct":"3.168","ast_pct":"14.653","stl_pct":"1.729","blk_pct":"0.000","tov_pct":"8.705","usg_pct":"24.845","ortg":"115.753","drtg":"119.765","bpm":"0.686"},{"game_id":1243,"team_name":"CLE","player_id":"benchCLE","player_name":"Bench of CLE","ts_pct":"0.473","efg_pct":"0.441","three_par":"0.383","ftr":"0.189","orb_pct":"5.296","drb_pct":"14.169","trb_pct":"9.627","ast_pct":"14.267","stl_pct":"1.123","blk_pct":"2.289","tov_pct":"15.022","usg_pct":"18.961","ortg":"96.249","drtg":"112.572","bpm":"-4.749"}]