[{"game_id":1055,"team_name":"PHI","player_id":"{\"joeis01\"}","player_name":"{\"Isaiah Joe\"}","ts_pct":"0.575","efg_pct":"0.465","three_par":"0.679","ftr":"0.141","orb_pct":"0.000","drb_pct":"8.482","trb_pct":"4.240","ast_pct":"2.579","stl_pct":"1.562","blk_pct":"0.000","tov_pct":"8.293","usg_pct":"17.755","ortg":"102.518","drtg":"114.376","bpm":"-1.804"},{"game_id":1055,"team_name":"PHI","player_id":"{\"reedpa01\"}","player_name":"{\"Paul Reed\"}","ts_pct":"0.664","efg_pct":"0.663","three_par":"0.000","ftr":"0.047","orb_pct":"14.500","drb_pct":"30.293","trb_pct":"22.164","ast_pct":"2.856","stl_pct":"3.488","blk_pct":"7.409","tov_pct":"14.118","usg_pct":"19.156","ortg":"120.400","drtg":"96.918","bpm":"5.271"},{"game_id":1055,"team_name":"PHI","player_id":"{\"tollian01\"}","player_name":"{\"Anthony Tolliver\"}","ts_pct":"0.145","efg_pct":"0.076","three_par":"0.592","ftr":"0.435","orb_pct":"3.969","drb_pct":"4.628","trb_pct":"4.568","ast_pct":"2.251","stl_pct":"1.741","blk_pct":"1.251","tov_pct":"7.846","usg_pct":"12.145","ortg":"37.918","drtg":"116.035","bpm":"-11.391"},{"game_id":1055,"team_name":"PHI","player_id":"{\"clarkga01\"}","player_name":"{\"Gary Clark\"}","ts_pct":"0.273","efg_pct":"0.275","three_par":"0.403","ftr":"0.009","orb_pct":"1.656","drb_pct":"20.119","trb_pct":"10.933","ast_pct":"5.372","stl_pct":"0.525","blk_pct":"2.100","tov_pct":"1.996","usg_pct":"8.384","ortg":"61.118","drtg":"115.765","bpm":"-1.694"},{"game_id":1055,"team_name":"PHI","player_id":"{\"simmobe01\"}","player_name":"{\"Ben Simmons\"}","ts_pct":"0.609","efg_pct":"0.609","three_par":"0.000","ftr":"0.302","orb_pct":"4.948","drb_pct":"13.809","trb_pct":"9.579","ast_pct":"30.828","stl_pct":"2.646","blk_pct":"1.076","tov_pct":"13.807","usg_pct":"16.995","ortg":"128.200","drtg":"107.694","bpm":"3.446"},{"game_id":1055,"team_name":"PHI","player_id":"{\"harrito02\"}","player_name":"{\"Tobias Harris\"}","ts_pct":"0.557","efg_pct":"0.518","three_par":"0.213","ftr":"0.192","orb_pct":"3.531","drb_pct":"13.585","trb_pct":"8.575","ast_pct":"15.245","stl_pct":"1.054","blk_pct":"1.082","tov_pct":"6.333","usg_pct":"25.624","ortg":"116.129","drtg":"111.576","bpm":"1.251"},{"game_id":1055,"team_name":"PHI","player_id":"benchPHI","player_name":"Bench of PHI","ts_pct":"0.557","efg_pct":"0.524","three_par":"0.469","ftr":"0.214","orb_pct":"2.620","drb_pct":"12.674","trb_pct":"7.791","ast_pct":"14.923","stl_pct":"1.741","blk_pct":"1.437","tov_pct":"9.504","usg_pct":"20.821","ortg":"111.847","drtg":"110.511","bpm":"-0.214"},{"game_id":1055,"team_name":"ORL","player_id":"{\"halldo01\"}","player_name":"{\"Donta Hall\"}","ts_pct":"0.657","efg_pct":"0.663","three_par":"0.000","ftr":"0.639","orb_pct":"17.847","drb_pct":"19.035","trb_pct":"18.074","ast_pct":"5.491","stl_pct":"1.078","blk_pct":"3.859","tov_pct":"14.415","usg_pct":"14.139","ortg":"140.494","drtg":"113.906","bpm":"2.276"},{"game_id":1055,"team_name":"ORL","player_id":"{\"brazdig01\"}","player_name":"{\"Ignas Brazdeikis\"}","ts_pct":"0.345","efg_pct":"0.323","three_par":"0.252","ftr":"0.148","orb_pct":"3.608","drb_pct":"15.344","trb_pct":"9.886","ast_pct":"10.518","stl_pct":"0.616","blk_pct":"0.474","tov_pct":"14.326","usg_pct":"15.613","ortg":"74.388","drtg":"118.706","bpm":"-8.040"},{"game_id":1055,"team_name":"ORL","player_id":"{\"randlch01\"}","player_name":"{\"Chasson Randle\"}","ts_pct":"0.488","efg_pct":"0.462","three_par":"0.526","ftr":"0.186","orb_pct":"1.351","drb_pct":"10.553","trb_pct":"5.802","ast_pct":"9.692","stl_pct":"1.382","blk_pct":"1.574","tov_pct":"11.873","usg_pct":"18.173","ortg":"95.200","drtg":"118.129","bpm":"-4.115"},{"game_id":1055,"team_name":"ORL","player_id":"{\"hamptrj01\"}","player_name":"{\"R.J. Hampton\"}","ts_pct":"0.530","efg_pct":"0.495","three_par":"0.247","ftr":"0.327","orb_pct":"2.749","drb_pct":"18.044","trb_pct":"10.442","ast_pct":"24.694","stl_pct":"0.536","blk_pct":"1.038","tov_pct":"11.249","usg_pct":"22.818","ortg":"106.918","drtg":"118.224","bpm":"-0.420"},{"game_id":1055,"team_name":"ORL","player_id":"{\"thornsi01\"}","player_name":"{\"Sindarius Thornwell\"}","ts_pct":"0.562","efg_pct":"0.559","three_par":"0.455","ftr":"0.044","orb_pct":"1.069","drb_pct":"8.055","trb_pct":"4.448","ast_pct":"12.895","stl_pct":"3.136","blk_pct":"1.684","tov_pct":"18.234","usg_pct":"13.778","ortg":"88.529","drtg":"115.341","bpm":"-5.288"},{"game_id":1055,"team_name":"ORL","player_id":"{\"bacondw01\"}","player_name":"{\"Dwayne Bacon\"}","ts_pct":"0.458","efg_pct":"0.427","three_par":"0.218","ftr":"0.277","orb_pct":"2.393","drb_pct":"9.815","trb_pct":"5.989","ast_pct":"11.266","stl_pct":"1.848","blk_pct":"0.339","tov_pct":"6.120","usg_pct":"22.927","ortg":"97.424","drtg":"118.106","bpm":"-4.222"},{"game_id":1055,"team_name":"ORL","player_id":"benchORL","player_name":"Bench of ORL","ts_pct":"0.488","efg_pct":"0.449","three_par":"0.326","ftr":"0.251","orb_pct":"5.868","drb_pct":"19.037","trb_pct":"12.393","ast_pct":"12.353","stl_pct":"0.940","blk_pct":"2.998","tov_pct":"12.287","usg_pct":"21.059","ortg":"97.923","drtg":"114.969","bpm":"-4.074"}]