[{"game_id":1100,"team_name":"PHI","player_id":"teamPHI","player_name":"Team name: PHI","ts_pct":"0.633","efg_pct":"0.603","three_par":"0.476","ftr":"0.301","orb_pct":"5.116","drb_pct":"16.390","trb_pct":"10.734","ast_pct":"16.111","stl_pct":"2.077","blk_pct":"2.181","tov_pct":"9.779","usg_pct":"22.813","ortg":"131.474","drtg":"131.701","bpm":"-1.361"},{"game_id":1100,"team_name":"WAS","player_id":"teamWAS","player_name":"Team name: WAS","ts_pct":"0.607","efg_pct":"0.571","three_par":"0.313","ftr":"0.289","orb_pct":"6.252","drb_pct":"16.176","trb_pct":"11.350","ast_pct":"12.589","stl_pct":"1.133","blk_pct":"2.701","tov_pct":"11.068","usg_pct":"20.991","ortg":"121.693","drtg":"128.290","bpm":"-1.405"}]