[{"game_id":1139,"team_name":"ATL","player_id":"{\"okongon01\"}","player_name":"{\"Onyeka Okongwu\"}","ts_pct":"0.472","efg_pct":"0.378","three_par":"0.000","ftr":"0.187","orb_pct":"18.352","drb_pct":"18.336","trb_pct":"18.529","ast_pct":"2.322","stl_pct":"1.278","blk_pct":"9.694","tov_pct":"23.141","usg_pct":"10.351","ortg":"96.824","drtg":"101.529","bpm":"-2.154"},{"game_id":1139,"team_name":"ATL","player_id":"{\"bogdabo01\"}","player_name":"{\"Bogdan Bogdanović\"}","ts_pct":"0.562","efg_pct":"0.555","three_par":"0.592","ftr":"0.052","orb_pct":"2.656","drb_pct":"14.251","trb_pct":"8.711","ast_pct":"17.569","stl_pct":"2.094","blk_pct":"0.851","tov_pct":"7.713","usg_pct":"20.164","ortg":"115.671","drtg":"108.224","bpm":"4.319"},{"game_id":1139,"team_name":"ATL","player_id":"{\"youngtr01\"}","player_name":"{\"Trae Young\"}","ts_pct":"0.569","efg_pct":"0.491","three_par":"0.400","ftr":"0.373","orb_pct":"1.314","drb_pct":"6.934","trb_pct":"4.313","ast_pct":"49.842","stl_pct":"1.458","blk_pct":"0.000","tov_pct":"12.082","usg_pct":"34.060","ortg":"119.200","drtg":"111.718","bpm":"7.084"},{"game_id":1139,"team_name":"ATL","player_id":"{\"collijo01\"}","player_name":"{\"John Collins\"}","ts_pct":"0.620","efg_pct":"0.591","three_par":"0.417","ftr":"0.272","orb_pct":"3.838","drb_pct":"18.259","trb_pct":"11.518","ast_pct":"3.774","stl_pct":"0.816","blk_pct":"2.511","tov_pct":"9.655","usg_pct":"16.878","ortg":"120.094","drtg":"107.318","bpm":"1.431"},{"game_id":1139,"team_name":"ATL","player_id":"{\"gallida01\"}","player_name":"{\"Danilo Gallinari\"}","ts_pct":"0.534","efg_pct":"0.479","three_par":"0.482","ftr":"0.324","orb_pct":"0.649","drb_pct":"17.669","trb_pct":"9.385","ast_pct":"7.744","stl_pct":"0.920","blk_pct":"1.188","tov_pct":"6.855","usg_pct":"20.275","ortg":"105.753","drtg":"110.518","bpm":"-0.245"},{"game_id":1139,"team_name":"ATL","player_id":"{\"capelca01\"}","player_name":"{\"Clint Capela\"}","ts_pct":"0.653","efg_pct":"0.656","three_par":"0.000","ftr":"0.287","orb_pct":"11.342","drb_pct":"30.229","trb_pct":"21.274","ast_pct":"3.344","stl_pct":"0.779","blk_pct":"3.651","tov_pct":"12.868","usg_pct":"14.106","ortg":"125.400","drtg":"104.424","bpm":"1.754"},{"game_id":1139,"team_name":"ATL","player_id":"benchATL","player_name":"Bench of ATL","ts_pct":"0.447","efg_pct":"0.406","three_par":"0.443","ftr":"0.139","orb_pct":"1.892","drb_pct":"11.121","trb_pct":"6.719","ast_pct":"9.843","stl_pct":"1.076","blk_pct":"1.065","tov_pct":"11.657","usg_pct":"15.773","ortg":"86.618","drtg":"112.591","bpm":"-2.828"},{"game_id":1139,"team_name":"PHI","player_id":"{\"maxeyty01\"}","player_name":"{\"Tyrese Maxey\"}","ts_pct":"0.455","efg_pct":"0.432","three_par":"0.193","ftr":"0.263","orb_pct":"0.000","drb_pct":"15.340","trb_pct":"7.849","ast_pct":"19.451","stl_pct":"0.988","blk_pct":"2.769","tov_pct":"4.007","usg_pct":"22.847","ortg":"105.529","drtg":"112.741","bpm":"-4.268"},{"game_id":1139,"team_name":"PHI","player_id":"{\"harrito02\"}","player_name":"{\"Tobias Harris\"}","ts_pct":"0.591","efg_pct":"0.557","three_par":"0.210","ftr":"0.209","orb_pct":"2.860","drb_pct":"25.965","trb_pct":"14.798","ast_pct":"15.800","stl_pct":"1.899","blk_pct":"1.609","tov_pct":"7.724","usg_pct":"26.596","ortg":"117.624","drtg":"108.200","bpm":"3.855"},{"game_id":1139,"team_name":"PHI","player_id":"{\"greenda02\"}","player_name":"{\"Danny Green\"}","ts_pct":"0.564","efg_pct":"0.561","three_par":"0.758","ftr":"0.042","orb_pct":"4.598","drb_pct":"7.648","trb_pct":"6.173","ast_pct":"13.234","stl_pct":"2.109","blk_pct":"2.801","tov_pct":"8.227","usg_pct":"12.188","ortg":"120.859","drtg":"111.318","bpm":"3.345"},{"game_id":1139,"team_name":"PHI","player_id":"{\"embiijo01\"}","player_name":"{\"Joel Embiid\"}","ts_pct":"0.672","efg_pct":"0.588","three_par":"0.212","ftr":"0.552","orb_pct":"2.274","drb_pct":"31.604","trb_pct":"17.249","ast_pct":"14.989","stl_pct":"2.345","blk_pct":"2.864","tov_pct":"13.172","usg_pct":"34.116","ortg":"122.835","drtg":"103.235","bpm":"8.334"},{"game_id":1139,"team_name":"PHI","player_id":"{\"simmobe01\"}","player_name":"{\"Ben Simmons\"}","ts_pct":"0.613","efg_pct":"0.690","three_par":"0.009","ftr":"0.798","orb_pct":"6.389","drb_pct":"18.218","trb_pct":"12.254","ast_pct":"34.447","stl_pct":"2.352","blk_pct":"2.029","tov_pct":"19.094","usg_pct":"17.468","ortg":"125.812","drtg":"108.894","bpm":"5.334"},{"game_id":1139,"team_name":"PHI","player_id":"{\"curryse01\"}","player_name":"{\"Seth Curry\"}","ts_pct":"0.701","efg_pct":"0.693","three_par":"0.533","ftr":"0.110","orb_pct":"0.264","drb_pct":"6.551","trb_pct":"3.219","ast_pct":"12.373","stl_pct":"0.645","blk_pct":"0.000","tov_pct":"4.726","usg_pct":"18.838","ortg":"135.482","drtg":"117.153","bpm":"2.489"},{"game_id":1139,"team_name":"PHI","player_id":"benchPHI","player_name":"Bench of PHI","ts_pct":"0.510","efg_pct":"0.455","three_par":"0.426","ftr":"0.394","orb_pct":"4.348","drb_pct":"10.710","trb_pct":"7.572","ast_pct":"7.256","stl_pct":"2.014","blk_pct":"2.323","tov_pct":"13.767","usg_pct":"18.535","ortg":"97.690","drtg":"111.260","bpm":"-4.478"}]