[{"game_id":1162,"team_name":"ATL","player_id":"{\"huertke01\"}","player_name":"{\"Kevin Huerter\"}","fg":"4.753","fga":"11.271","fg_pct":"0.422","three_p":"1.871","three_pa":"5.376","three_p_pct":"0.348","ft":"1.012","fta":"1.353","ft_pct":"0.748","orb":"0.412","drb":"3.600","trb":"4.012","ast":"2.753","stl":"0.435","blk":"0.918","tov":"0.918","pf":"3.165","pts":"12.388"},{"game_id":1162,"team_name":"ATL","player_id":"{\"willilo02\"}","player_name":"{\"Lou Williams\"}","fg":"2.035","fga":"5.353","fg_pct":"0.380","three_p":"0.694","three_pa":"1.447","three_p_pct":"0.480","ft":"1.247","fta":"1.247","ft_pct":"1.000","orb":"0.059","drb":"1.518","trb":"1.576","ast":"1.682","stl":"0.694","blk":"0.153","tov":"0.776","pf":"1.200","pts":"6.012"},{"game_id":1162,"team_name":"ATL","player_id":"{\"bogdabo01\"}","player_name":"{\"Bogdan Bogdanović\"}","fg":"3.765","fga":"11.659","fg_pct":"0.323","three_p":"1.518","three_pa":"6.176","three_p_pct":"0.246","ft":"0.565","fta":"0.929","ft_pct":"0.608","orb":"0.282","drb":"2.435","trb":"2.718","ast":"2.141","stl":"1.706","blk":"0.259","tov":"1.541","pf":"2.247","pts":"9.612"},{"game_id":1162,"team_name":"ATL","player_id":"{\"knighna01\"}","player_name":"{\"Nathan Knight\"}","fg":"1.118","fga":"2.824","fg_pct":"0.396","three_p":"0.118","three_pa":"1.047","three_p_pct":"0.113","ft":"0.812","fta":"1.435","ft_pct":"0.566","orb":"0.600","drb":"1.776","trb":"2.376","ast":"0.188","stl":"0.082","blk":"0.635","tov":"0.000","pf":"0.565","pts":"3.165"},{"game_id":1162,"team_name":"ATL","player_id":"{\"mayssk01\"}","player_name":"{\"Skylar Mays\"}","fg":"1.506","fga":"2.482","fg_pct":"0.607","three_p":"0.353","three_pa":"0.906","three_p_pct":"0.390","ft":"0.000","fta":"0.000","ft_pct":"NaN","orb":"0.059","drb":"0.812","trb":"0.871","ast":"1.024","stl":"0.412","blk":"0.212","tov":"0.282","pf":"0.129","pts":"3.365"},{"game_id":1162,"team_name":"ATL","player_id":"{\"collijo01\"}","player_name":"{\"John Collins\"}","fg":"6.271","fga":"10.541","fg_pct":"0.595","three_p":"0.929","three_pa":"2.965","three_p_pct":"0.313","ft":"1.459","fta":"2.035","ft_pct":"0.717","orb":"2.929","drb":"7.600","trb":"10.529","ast":"0.729","stl":"0.294","blk":"0.506","tov":"1.741","pf":"3.635","pts":"14.929"},{"game_id":1162,"team_name":"ATL","player_id":"benchATL","player_name":"Bench of ATL","fg":"2.621","fga":"5.758","fg_pct":"0.455","three_p":"0.507","three_pa":"1.621","three_p_pct":"0.313","ft":"1.235","fta":"1.715","ft_pct":"0.720","orb":"1.010","drb":"3.048","trb":"4.058","ast":"0.734","stl":"0.662","blk":"0.335","tov":"0.657","pf":"1.898","pts":"6.983"},{"game_id":1162,"team_name":"MIL","player_id":"{\"diakima01\"}","player_name":"{\"Mamadi Diakite\"}","fg":"0.753","fga":"1.965","fg_pct":"0.383","three_p":"0.153","three_pa":"0.282","three_p_pct":"0.543","ft":"0.624","fta":"0.871","ft_pct":"0.716","orb":"0.259","drb":"1.318","trb":"1.576","ast":"0.153","stl":"0.518","blk":"0.176","tov":"0.153","pf":"1.071","pts":"2.282"},{"game_id":1162,"team_name":"MIL","player_id":"{\"merrisa01\"}","player_name":"{\"Sam Merrill\"}","fg":"0.529","fga":"1.812","fg_pct":"0.292","three_p":"0.247","three_pa":"1.153","three_p_pct":"0.214","ft":"0.000","fta":"0.000","ft_pct":"NaN","orb":"0.153","drb":"0.341","trb":"0.494","ast":"0.224","stl":"0.624","blk":"0.000","tov":"0.129","pf":"0.459","pts":"1.306"},{"game_id":1162,"team_name":"MIL","player_id":"{\"nworajo01\"}","player_name":"{\"Jordan Nwora\"}","fg":"2.294","fga":"5.506","fg_pct":"0.417","three_p":"0.776","three_pa":"2.024","three_p_pct":"0.383","ft":"0.506","fta":"0.894","ft_pct":"0.566","orb":"1.318","drb":"1.871","trb":"3.188","ast":"0.153","stl":"0.259","blk":"0.365","tov":"0.753","pf":"0.659","pts":"5.871"},{"game_id":1162,"team_name":"MIL","player_id":"{\"antetth01\"}","player_name":"{\"Thanasis Antetokounmpo\"}","fg":"0.141","fga":"0.659","fg_pct":"0.214","three_p":"0.000","three_pa":"0.094","three_p_pct":"0.000","ft":"0.435","fta":"0.494","ft_pct":"0.881","orb":"0.200","drb":"0.494","trb":"0.694","ast":"0.165","stl":"0.306","blk":"0.200","tov":"0.235","pf":"0.906","pts":"0.718"},{"game_id":1162,"team_name":"MIL","player_id":"{\"bryanel01\"}","player_name":"{\"Elijah Bryant\"}","fg":"1.037","fga":"3.012","fg_pct":"0.344","three_p":"0.062","three_pa":"1.259","three_p_pct":"0.049","ft":"0.185","fta":"0.185","ft_pct":"1.000","orb":"0.444","drb":"1.395","trb":"1.840","ast":"0.568","stl":"0.284","blk":"0.210","tov":"0.556","pf":"0.407","pts":"2.321"},{"game_id":1162,"team_name":"MIL","player_id":"{\"holidjr01\"}","player_name":"{\"Jrue Holiday\"}","fg":"6.941","fga":"17.118","fg_pct":"0.405","three_p":"2.082","three_pa":"6.659","three_p_pct":"0.313","ft":"1.224","fta":"2.024","ft_pct":"0.605","orb":"1.106","drb":"3.447","trb":"4.553","ast":"7.894","stl":"1.294","blk":"0.576","tov":"1.894","pf":"2.529","pts":"17.188"},{"game_id":1162,"team_name":"MIL","player_id":"benchMIL","player_name":"Bench of MIL","fg":"4.846","fga":"10.001","fg_pct":"0.485","three_p":"1.317","three_pa":"3.815","three_p_pct":"0.345","ft":"1.612","fta":"2.258","ft_pct":"0.714","orb":"1.408","drb":"4.180","trb":"5.588","ast":"2.041","stl":"0.946","blk":"0.603","tov":"1.250","pf":"1.903","pts":"12.620"}]