[{"game_id":1097,"team_name":"BRK","player_id":"{\"johnsty01\"}","player_name":"{\"Tyler Johnson\"}","fg":"2.012","fga":"4.941","fg_pct":"0.407","three_p":"1.271","three_pa":"3.600","three_p_pct":"0.353","ft":"0.165","fta":"0.165","ft_pct":"1.000","orb":"0.118","drb":"2.165","trb":"2.282","ast":"2.082","stl":"0.200","blk":"0.000","tov":"0.541","pf":"1.424","pts":"5.459"},{"game_id":1097,"team_name":"BRK","player_id":"{\"jamesmi02\"}","player_name":"{\"Mike James\"}","fg":"2.988","fga":"8.329","fg_pct":"0.359","three_p":"1.047","three_pa":"2.929","three_p_pct":"0.357","ft":"1.671","fta":"2.012","ft_pct":"0.831","orb":"0.059","drb":"2.882","trb":"2.941","ast":"4.588","stl":"0.635","blk":"0.118","tov":"1.729","pf":"1.047","pts":"8.694"},{"game_id":1097,"team_name":"BRK","player_id":"{\"perryre01\"}","player_name":"{\"Reggie Perry\"}","fg":"0.353","fga":"1.176","fg_pct":"0.300","three_p":"0.000","three_pa":"0.247","three_p_pct":"0.000","ft":"0.141","fta":"0.141","ft_pct":"1.000","orb":"0.647","drb":"0.694","trb":"1.341","ast":"0.047","stl":"0.141","blk":"0.000","tov":"0.212","pf":"0.941","pts":"0.847"},{"game_id":1097,"team_name":"BRK","player_id":"{\"luwawti01\"}","player_name":"{\"Timothé Luwawu-Cabarrot\"}","fg":"1.635","fga":"3.929","fg_pct":"0.416","three_p":"0.835","three_pa":"2.529","three_p_pct":"0.330","ft":"0.494","fta":"0.494","ft_pct":"1.000","orb":"0.318","drb":"0.600","trb":"0.918","ast":"0.859","stl":"0.306","blk":"0.000","tov":"0.376","pf":"0.835","pts":"4.600"},{"game_id":1097,"team_name":"BRK","player_id":"{\"johnsal02\"}","player_name":"{\"Alize Johnson\"}","fg":"1.176","fga":"2.424","fg_pct":"0.485","three_p":"0.059","three_pa":"0.224","three_p_pct":"0.263","ft":"1.012","fta":"1.012","ft_pct":"1.000","orb":"1.200","drb":"3.024","trb":"4.224","ast":"0.682","stl":"0.118","blk":"0.329","tov":"0.306","pf":"0.812","pts":"3.424"},{"game_id":1097,"team_name":"BRK","player_id":"{\"harrijo01\"}","player_name":"{\"Joe Harris\"}","fg":"4.259","fga":"10.094","fg_pct":"0.422","three_p":"2.259","three_pa":"5.788","three_p_pct":"0.390","ft":"0.376","fta":"0.447","ft_pct":"0.841","orb":"0.506","drb":"3.353","trb":"3.859","ast":"1.671","stl":"0.529","blk":"0.129","tov":"1.494","pf":"2.753","pts":"11.153"},{"game_id":1097,"team_name":"BRK","player_id":"benchBRK","player_name":"Bench of BRK","fg":"5.535","fga":"11.060","fg_pct":"0.500","three_p":"1.623","three_pa":"4.211","three_p_pct":"0.385","ft":"2.941","fta":"3.529","ft_pct":"0.833","orb":"0.853","drb":"4.533","trb":"5.386","ast":"3.656","stl":"0.876","blk":"0.891","tov":"1.495","pf":"2.067","pts":"15.634"},{"game_id":1097,"team_name":"BOS","player_id":"{\"ojelese01\"}","player_name":"{\"Semi Ojeleye\"}","fg":"1.306","fga":"3.329","fg_pct":"0.392","three_p":"0.459","three_pa":"2.153","three_p_pct":"0.213","ft":"0.000","fta":"0.000","ft_pct":"NaN","orb":"0.506","drb":"1.635","trb":"2.141","ast":"0.282","stl":"0.412","blk":"0.000","tov":"0.318","pf":"0.388","pts":"3.071"},{"game_id":1097,"team_name":"BOS","player_id":"{\"parkeja01\"}","player_name":"{\"Jabari Parker\"}","fg":"2.553","fga":"5.012","fg_pct":"0.509","three_p":"0.424","three_pa":"1.294","three_p_pct":"0.328","ft":"1.435","fta":"1.706","ft_pct":"0.841","orb":"0.506","drb":"3.271","trb":"3.776","ast":"1.071","stl":"0.059","blk":"0.471","tov":"0.624","pf":"1.082","pts":"6.965"},{"game_id":1097,"team_name":"BOS","player_id":"{\"watertr01\"}","player_name":"{\"Tremont Waters\"}","fg":"1.976","fga":"4.682","fg_pct":"0.422","three_p":"0.906","three_pa":"2.388","three_p_pct":"0.379","ft":"0.353","fta":"0.353","ft_pct":"1.000","orb":"0.212","drb":"0.882","trb":"1.094","ast":"2.412","stl":"0.353","blk":"0.106","tov":"1.153","pf":"0.706","pts":"5.212"},{"game_id":1097,"team_name":"BOS","player_id":"{\"kornelu01\"}","player_name":"{\"Luke Kornet\"}","fg":"2.035","fga":"4.118","fg_pct":"0.494","three_p":"0.200","three_pa":"1.600","three_p_pct":"0.125","ft":"0.000","fta":"0.000","ft_pct":"NaN","orb":"0.729","drb":"2.094","trb":"2.824","ast":"1.188","stl":"0.247","blk":"1.600","tov":"0.376","pf":"1.059","pts":"4.271"},{"game_id":1097,"team_name":"BOS","player_id":"{\"edwarca01\"}","player_name":"{\"Carsen Edwards\"}","fg":"1.165","fga":"3.624","fg_pct":"0.321","three_p":"0.565","three_pa":"2.388","three_p_pct":"0.237","ft":"0.376","fta":"0.376","ft_pct":"1.000","orb":"0.047","drb":"0.612","trb":"0.659","ast":"0.424","stl":"0.259","blk":"0.000","tov":"0.400","pf":"0.376","pts":"3.271"},{"game_id":1097,"team_name":"BOS","player_id":"{\"smartma01\"}","player_name":"{\"Marcus Smart\"}","fg":"3.929","fga":"10.459","fg_pct":"0.376","three_p":"1.588","three_pa":"5.824","three_p_pct":"0.273","ft":"1.259","fta":"1.918","ft_pct":"0.656","orb":"0.518","drb":"2.835","trb":"3.353","ast":"6.153","stl":"1.188","blk":"0.341","tov":"2.882","pf":"2.812","pts":"10.706"},{"game_id":1097,"team_name":"BOS","player_id":"benchBOS","player_name":"Bench of BOS","fg":"4.869","fga":"10.609","fg_pct":"0.459","three_p":"1.813","three_pa":"4.303","three_p_pct":"0.421","ft":"2.187","fta":"2.823","ft_pct":"0.775","orb":"1.289","drb":"3.648","trb":"4.937","ast":"2.440","stl":"0.813","blk":"0.677","tov":"1.251","pf":"2.230","pts":"13.738"}]