[{"game_id":1248,"team_name":"OKC","player_id":"teamOKC","player_name":"Team name: OKC","fg":"37.274","fga":"85.091","fg_pct":"0.438","three_p":"9.943","three_pa":"29.983","three_p_pct":"0.332","ft":"19.400","fta":"26.383","ft_pct":"0.735","orb":"10.143","drb":"37.366","trb":"47.509","ast":"20.097","stl":"6.800","blk":"4.594","tov":"16.234","pf":"23.469","pts":"103.891"},{"game_id":1248,"team_name":"NOP","player_id":"teamNOP","player_name":"Team name: NOP","fg":"44.731","fga":"95.074","fg_pct":"0.470","three_p":"14.417","three_pa":"39.183","three_p_pct":"0.368","ft":"14.680","fta":"19.480","ft_pct":"0.754","orb":"9.726","drb":"36.143","trb":"45.869","ast":"28.709","stl":"7.046","blk":"4.663","tov":"16.034","pf":"22.423","pts":"118.560"}]