[{"game_id":1031,"team_name":"IND","player_id":"{\"stanlca01\"}","player_name":"{\"Cassius Stanley\"}","ts_pct":"0.419","efg_pct":"0.387","three_par":"0.173","ftr":"0.194","orb_pct":"5.251","drb_pct":"13.506","trb_pct":"9.592","ast_pct":"2.365","stl_pct":"0.642","blk_pct":"0.000","tov_pct":"0.000","usg_pct":"25.596","ortg":"89.706","drtg":"113.388","bpm":"-9.271"},{"game_id":1031,"team_name":"IND","player_id":"{\"sabondo01\"}","player_name":"{\"Domantas Sabonis\"}","ts_pct":"0.694","efg_pct":"0.673","three_par":"0.187","ftr":"0.295","orb_pct":"5.193","drb_pct":"33.601","trb_pct":"20.185","ast_pct":"33.064","stl_pct":"2.108","blk_pct":"1.604","tov_pct":"17.944","usg_pct":"23.612","ortg":"125.694","drtg":"106.247","bpm":"8.179"},{"game_id":1031,"team_name":"IND","player_id":"{\"leverca01\"}","player_name":"{\"Caris LeVert\"}","ts_pct":"0.561","efg_pct":"0.520","three_par":"0.232","ftr":"0.248","orb_pct":"1.294","drb_pct":"12.824","trb_pct":"7.165","ast_pct":"26.775","stl_pct":"1.381","blk_pct":"2.476","tov_pct":"8.787","usg_pct":"30.612","ortg":"112.259","drtg":"114.529","bpm":"0.989"},{"game_id":1031,"team_name":"IND","player_id":"{\"sampsja02\"}","player_name":"{\"JaKarr Sampson\"}","ts_pct":"0.467","efg_pct":"0.459","three_par":"0.130","ftr":"0.253","orb_pct":"9.319","drb_pct":"16.652","trb_pct":"12.841","ast_pct":"1.924","stl_pct":"0.000","blk_pct":"5.028","tov_pct":"13.293","usg_pct":"19.354","ortg":"88.718","drtg":"117.435","bpm":"-12.889"},{"game_id":1031,"team_name":"IND","player_id":"{\"holidju01\"}","player_name":"{\"Justin Holiday\"}","ts_pct":"0.653","efg_pct":"0.610","three_par":"0.689","ftr":"0.222","orb_pct":"1.022","drb_pct":"11.336","trb_pct":"6.744","ast_pct":"7.460","stl_pct":"0.452","blk_pct":"5.015","tov_pct":"4.198","usg_pct":"12.853","ortg":"128.224","drtg":"114.800","bpm":"0.814"},{"game_id":1031,"team_name":"IND","player_id":"{\"brissos01\"}","player_name":"{\"Oshae Brissett\"}","ts_pct":"0.693","efg_pct":"0.656","three_par":"0.435","ftr":"0.475","orb_pct":"4.699","drb_pct":"16.415","trb_pct":"11.273","ast_pct":"1.767","stl_pct":"1.539","blk_pct":"3.118","tov_pct":"10.241","usg_pct":"14.144","ortg":"125.471","drtg":"112.565","bpm":"-1.455"},{"game_id":1031,"team_name":"IND","player_id":"benchIND","player_name":"Bench of IND","ts_pct":"0.553","efg_pct":"0.532","three_par":"0.327","ftr":"0.166","orb_pct":"4.494","drb_pct":"13.336","trb_pct":"9.223","ast_pct":"13.538","stl_pct":"1.583","blk_pct":"3.040","tov_pct":"9.890","usg_pct":"18.593","ortg":"106.317","drtg":"112.655","bpm":"-1.807"},{"game_id":1031,"team_name":"PHI","player_id":"{\"simmobe01\"}","player_name":"{\"Ben Simmons\"}","ts_pct":"0.613","efg_pct":"0.631","three_par":"0.005","ftr":"0.378","orb_pct":"5.505","drb_pct":"14.648","trb_pct":"10.449","ast_pct":"29.878","stl_pct":"3.269","blk_pct":"1.634","tov_pct":"12.025","usg_pct":"15.852","ortg":"133.094","drtg":"103.024","bpm":"5.085"},{"game_id":1031,"team_name":"PHI","player_id":"{\"curryse01\"}","player_name":"{\"Seth Curry\"}","ts_pct":"0.741","efg_pct":"0.716","three_par":"0.624","ftr":"0.106","orb_pct":"0.433","drb_pct":"12.872","trb_pct":"6.819","ast_pct":"13.239","stl_pct":"1.264","blk_pct":"0.000","tov_pct":"4.599","usg_pct":"16.359","ortg":"144.682","drtg":"111.224","bpm":"3.779"},{"game_id":1031,"team_name":"PHI","player_id":"{\"harrito02\"}","player_name":"{\"Tobias Harris\"}","ts_pct":"0.559","efg_pct":"0.527","three_par":"0.208","ftr":"0.156","orb_pct":"3.768","drb_pct":"13.931","trb_pct":"8.980","ast_pct":"17.060","stl_pct":"1.158","blk_pct":"1.118","tov_pct":"7.867","usg_pct":"21.986","ortg":"118.176","drtg":"110.400","bpm":"0.308"},{"game_id":1031,"team_name":"PHI","player_id":"{\"greenda02\"}","player_name":"{\"Danny Green\"}","ts_pct":"0.497","efg_pct":"0.479","three_par":"0.826","ftr":"0.062","orb_pct":"2.731","drb_pct":"14.125","trb_pct":"8.778","ast_pct":"9.528","stl_pct":"3.062","blk_pct":"2.327","tov_pct":"8.766","usg_pct":"14.636","ortg":"107.400","drtg":"107.718","bpm":"0.529"},{"game_id":1031,"team_name":"PHI","player_id":"{\"scottmi01\"}","player_name":"{\"Mike Scott\"}","ts_pct":"0.350","efg_pct":"0.346","three_par":"0.533","ftr":"0.029","orb_pct":"0.000","drb_pct":"8.972","trb_pct":"4.466","ast_pct":"6.547","stl_pct":"1.295","blk_pct":"1.621","tov_pct":"1.000","usg_pct":"13.731","ortg":"76.012","drtg":"114.459","bpm":"-7.351"},{"game_id":1031,"team_name":"PHI","player_id":"{\"howardw01\"}","player_name":"{\"Dwight Howard\"}","ts_pct":"0.612","efg_pct":"0.571","three_par":"0.089","ftr":"0.909","orb_pct":"23.658","drb_pct":"34.885","trb_pct":"29.260","ast_pct":"10.373","stl_pct":"0.851","blk_pct":"3.972","tov_pct":"13.569","usg_pct":"21.851","ortg":"130.459","drtg":"102.494","bpm":"1.759"},{"game_id":1031,"team_name":"PHI","player_id":"benchPHI","player_name":"Bench of PHI","ts_pct":"0.434","efg_pct":"0.360","three_par":"0.402","ftr":"0.323","orb_pct":"2.635","drb_pct":"9.166","trb_pct":"6.174","ast_pct":"10.378","stl_pct":"1.637","blk_pct":"0.653","tov_pct":"12.647","usg_pct":"17.751","ortg":"88.142","drtg":"111.992","bpm":"-5.717"}]