[{"game_id":1041,"team_name":"UTA","player_id":"teamUTA","player_name":"Team name: UTA","ts_pct":"0.674","efg_pct":"0.638","three_par":"0.542","ftr":"0.265","orb_pct":"5.890","drb_pct":"17.474","trb_pct":"12.054","ast_pct":"15.392","stl_pct":"1.489","blk_pct":"1.740","tov_pct":"14.181","usg_pct":"21.379","ortg":"135.758","drtg":"126.682","bpm":"0.677"},{"game_id":1041,"team_name":"POR","player_id":"teamPOR","player_name":"Team name: POR","ts_pct":"0.646","efg_pct":"0.612","three_par":"0.401","ftr":"0.319","orb_pct":"6.958","drb_pct":"23.745","trb_pct":"15.557","ast_pct":"15.459","stl_pct":"1.389","blk_pct":"2.487","tov_pct":"11.408","usg_pct":"23.248","ortg":"136.894","drtg":"136.861","bpm":"0.165"}]