[{"game_id":1063,"team_name":"MIN","player_id":"teamMIN","player_name":"Team name: MIN","fg":"42.920","fga":"92.137","fg_pct":"0.466","three_p":"14.651","three_pa":"42.097","three_p_pct":"0.348","ft":"17.817","fta":"25.874","ft_pct":"0.689","orb":"11.497","drb":"35.983","trb":"47.480","ast":"27.920","stl":"8.840","blk":"5.217","tov":"14.194","pf":"21.571","pts":"118.309"},{"game_id":1063,"team_name":"BOS","player_id":"teamBOS","player_name":"Team name: BOS","fg":"42.469","fga":"92.383","fg_pct":"0.460","three_p":"15.417","three_pa":"40.457","three_p_pct":"0.381","ft":"16.326","fta":"20.954","ft_pct":"0.779","orb":"10.411","drb":"32.749","trb":"43.160","ast":"24.634","stl":"7.686","blk":"6.360","tov":"12.566","pf":"21.440","pts":"116.680"}]