[{"game_id":1092,"team_name":"PHO","player_id":"{\"bookede01\"}","player_name":"{\"Devin Booker\"}","fg":"8.718","fga":"18.459","fg_pct":"0.472","three_p":"1.494","three_pa":"5.035","three_p_pct":"0.297","ft":"6.753","fta":"7.329","ft_pct":"0.921","orb":"0.812","drb":"3.682","trb":"4.494","ast":"3.412","stl":"0.341","blk":"0.000","tov":"2.518","pf":"2.118","pts":"25.682"},{"game_id":1092,"team_name":"PHO","player_id":"{\"bridgmi01\"}","player_name":"{\"Mikal Bridges\"}","fg":"5.494","fga":"8.506","fg_pct":"0.646","three_p":"2.224","three_pa":"3.835","three_p_pct":"0.580","ft":"1.800","fta":"1.847","ft_pct":"0.975","orb":"0.706","drb":"2.965","trb":"3.671","ast":"1.565","stl":"1.365","blk":"0.812","tov":"0.671","pf":"1.600","pts":"15.012"},{"game_id":1092,"team_name":"PHO","player_id":"{\"aytonde01\"}","player_name":"{\"Deandre Ayton\"}","fg":"4.729","fga":"7.012","fg_pct":"0.674","three_p":"0.000","three_pa":"0.000","three_p_pct":"NaN","ft":"1.588","fta":"1.965","ft_pct":"0.808","orb":"3.059","drb":"6.294","trb":"9.353","ast":"1.529","stl":"0.812","blk":"1.565","tov":"0.694","pf":"2.282","pts":"11.047"},{"game_id":1092,"team_name":"PHO","player_id":"{\"paulch01\"}","player_name":"{\"Chris Paul\"}","fg":"7.329","fga":"12.906","fg_pct":"0.568","three_p":"1.612","three_pa":"3.271","three_p_pct":"0.493","ft":"2.318","fta":"2.424","ft_pct":"0.956","orb":"0.094","drb":"3.235","trb":"3.329","ast":"9.812","stl":"1.376","blk":"0.471","tov":"2.271","pf":"2.553","pts":"18.588"},{"game_id":1092,"team_name":"PHO","player_id":"{\"craigto01\"}","player_name":"{\"Torrey Craig\"}","fg":"3.318","fga":"6.765","fg_pct":"0.490","three_p":"1.094","three_pa":"3.165","three_p_pct":"0.346","ft":"0.553","fta":"0.612","ft_pct":"0.904","orb":"1.518","drb":"3.588","trb":"5.106","ast":"1.412","stl":"0.588","blk":"0.600","tov":"0.435","pf":"2.353","pts":"8.282"},{"game_id":1092,"team_name":"PHO","player_id":"{\"crowdja01\"}","player_name":"{\"Jae Crowder\"}","fg":"3.106","fga":"8.200","fg_pct":"0.379","three_p":"2.647","three_pa":"6.718","three_p_pct":"0.394","ft":"0.729","fta":"1.094","ft_pct":"0.666","orb":"0.812","drb":"2.894","trb":"3.706","ast":"1.953","stl":"0.694","blk":"0.729","tov":"0.847","pf":"2.894","pts":"9.588"},{"game_id":1092,"team_name":"PHO","player_id":"benchPHO","player_name":"Bench of PHO","fg":"3.187","fga":"7.380","fg_pct":"0.432","three_p":"1.212","three_pa":"3.624","three_p_pct":"0.334","ft":"1.158","fta":"1.370","ft_pct":"0.845","orb":"0.504","drb":"2.265","trb":"2.768","ast":"1.936","stl":"0.670","blk":"0.190","tov":"0.679","pf":"1.158","pts":"8.743"},{"game_id":1092,"team_name":"LAL","player_id":"{\"hortota01\"}","player_name":"{\"Talen Horton-Tucker\"}","fg":"3.588","fga":"6.941","fg_pct":"0.517","three_p":"0.859","three_pa":"1.765","three_p_pct":"0.487","ft":"1.882","fta":"2.718","ft_pct":"0.692","orb":"0.365","drb":"1.341","trb":"1.706","ast":"3.965","stl":"1.118","blk":"0.129","tov":"2.365","pf":"1.835","pts":"9.918"},{"game_id":1092,"team_name":"LAL","player_id":"{\"davisan02\"}","player_name":"{\"Anthony Davis\"}","fg":"8.365","fga":"19.341","fg_pct":"0.433","three_p":"0.694","three_pa":"3.376","three_p_pct":"0.206","ft":"6.024","fta":"7.365","ft_pct":"0.818","orb":"1.341","drb":"7.224","trb":"8.565","ast":"3.188","stl":"1.318","blk":"1.071","tov":"2.200","pf":"1.576","pts":"23.447"},{"game_id":1092,"team_name":"LAL","player_id":"{\"jamesle01\"}","player_name":"{\"LeBron James\"}","fg":"8.094","fga":"15.941","fg_pct":"0.508","three_p":"1.929","three_pa":"4.800","three_p_pct":"0.402","ft":"3.706","fta":"5.271","ft_pct":"0.703","orb":"1.459","drb":"5.271","trb":"6.729","ast":"7.694","stl":"1.071","blk":"0.412","tov":"3.188","pf":"1.435","pts":"21.824"},{"game_id":1092,"team_name":"LAL","player_id":"{\"caldwke01\"}","player_name":"{\"Kentavious Caldwell-Pope\"}","fg":"3.541","fga":"7.235","fg_pct":"0.489","three_p":"1.976","three_pa":"4.729","three_p_pct":"0.418","ft":"2.071","fta":"2.271","ft_pct":"0.912","orb":"0.565","drb":"2.365","trb":"2.929","ast":"3.318","stl":"1.518","blk":"0.694","tov":"1.000","pf":"2.118","pts":"11.129"},{"game_id":1092,"team_name":"LAL","player_id":"{\"schrode01\"}","player_name":"{\"Dennis Schröder\"}","fg":"5.576","fga":"13.529","fg_pct":"0.412","three_p":"1.365","three_pa":"5.059","three_p_pct":"0.270","ft":"2.259","fta":"2.541","ft_pct":"0.889","orb":"0.635","drb":"2.682","trb":"3.318","ast":"6.929","stl":"1.035","blk":"0.247","tov":"2.071","pf":"2.588","pts":"14.776"},{"game_id":1092,"team_name":"LAL","player_id":"{\"carusal01\"}","player_name":"{\"Alex Caruso\"}","fg":"4.024","fga":"8.529","fg_pct":"0.472","three_p":"1.165","three_pa":"2.776","three_p_pct":"0.420","ft":"1.000","fta":"1.741","ft_pct":"0.574","orb":"0.776","drb":"2.259","trb":"3.035","ast":"3.988","stl":"1.176","blk":"0.424","tov":"1.871","pf":"2.247","pts":"10.212"},{"game_id":1092,"team_name":"LAL","player_id":"benchLAL","player_name":"Bench of LAL","fg":"3.704","fga":"7.219","fg_pct":"0.513","three_p":"0.683","three_pa":"1.929","three_p_pct":"0.354","ft":"1.484","fta":"2.364","ft_pct":"0.628","orb":"1.513","drb":"3.934","trb":"5.447","ast":"1.420","stl":"0.589","blk":"0.592","tov":"1.023","pf":"1.896","pts":"9.575"}]