[{"game_id":1003,"team_name":"POR","player_id":"{\"lillada01\"}","player_name":"{\"Damian Lillard\"}","fg":"8.906","fga":"19.318","fg_pct":"0.461","three_p":"4.576","three_pa":"10.282","three_p_pct":"0.445","ft":"5.306","fta":"5.788","ft_pct":"0.917","orb":"0.282","drb":"3.929","trb":"4.212","ast":"7.871","stl":"1.412","blk":"0.212","tov":"2.812","pf":"1.424","pts":"27.694"},{"game_id":1003,"team_name":"POR","player_id":"{\"mccolcj01\"}","player_name":"{\"CJ McCollum\"}","fg":"7.776","fga":"16.341","fg_pct":"0.476","three_p":"2.553","three_pa":"6.659","three_p_pct":"0.383","ft":"2.247","fta":"2.682","ft_pct":"0.838","orb":"0.682","drb":"3.471","trb":"4.153","ast":"4.800","stl":"0.541","blk":"0.518","tov":"1.482","pf":"2.106","pts":"20.353"},{"game_id":1003,"team_name":"POR","player_id":"{\"powelno01\"}","player_name":"{\"Norman Powell\"}","fg":"5.988","fga":"13.259","fg_pct":"0.452","three_p":"1.765","three_pa":"5.106","three_p_pct":"0.346","ft":"3.106","fta":"3.424","ft_pct":"0.907","orb":"1.141","drb":"1.682","trb":"2.824","ast":"2.388","stl":"1.200","blk":"0.259","tov":"1.082","pf":"2.176","pts":"16.847"},{"game_id":1003,"team_name":"POR","player_id":"{\"covinro01\"}","player_name":"{\"Robert Covington\"}","fg":"2.553","fga":"6.788","fg_pct":"0.376","three_p":"1.906","three_pa":"4.647","three_p_pct":"0.410","ft":"0.765","fta":"0.894","ft_pct":"0.856","orb":"1.176","drb":"5.471","trb":"6.647","ast":"1.800","stl":"0.965","blk":"1.082","tov":"0.388","pf":"2.835","pts":"7.776"},{"game_id":1003,"team_name":"POR","player_id":"{\"nurkiju01\"}","player_name":"{\"Jusuf Nurkić\"}","fg":"5.576","fga":"10.235","fg_pct":"0.545","three_p":"0.400","three_pa":"0.647","three_p_pct":"0.618","ft":"2.635","fta":"3.812","ft_pct":"0.691","orb":"2.388","drb":"8.635","trb":"11.024","ast":"2.965","stl":"0.718","blk":"1.282","tov":"1.776","pf":"2.224","pts":"14.188"},{"game_id":1003,"team_name":"POR","player_id":"{\"simonan01\"}","player_name":"{\"Anfernee Simons\"}","fg":"3.118","fga":"6.235","fg_pct":"0.500","three_p":"2.212","three_pa":"4.141","three_p_pct":"0.534","ft":"0.518","fta":"0.682","ft_pct":"0.760","orb":"0.271","drb":"1.388","trb":"1.659","ast":"1.494","stl":"0.565","blk":"0.106","tov":"0.600","pf":"1.012","pts":"8.965"},{"game_id":1003,"team_name":"POR","player_id":"benchPOR","player_name":"Bench of POR","fg":"3.440","fga":"6.290","fg_pct":"0.547","three_p":"0.922","three_pa":"1.768","three_p_pct":"0.521","ft":"1.148","fta":"1.377","ft_pct":"0.834","orb":"1.353","drb":"3.223","trb":"4.576","ast":"1.047","stl":"0.412","blk":"0.371","tov":"0.402","pf":"1.676","pts":"8.950"},{"game_id":1003,"team_name":"LAL","player_id":"{\"davisan02\"}","player_name":"{\"Anthony Davis\"}","fg":"6.694","fga":"16.082","fg_pct":"0.416","three_p":"0.565","three_pa":"2.965","three_p_pct":"0.191","ft":"2.988","fta":"3.835","ft_pct":"0.779","orb":"1.012","drb":"5.059","trb":"6.071","ast":"2.318","stl":"0.871","blk":"1.659","tov":"2.165","pf":"1.600","pts":"16.941"},{"game_id":1003,"team_name":"LAL","player_id":"{\"caldwke01\"}","player_name":"{\"Kentavious Caldwell-Pope\"}","fg":"3.306","fga":"8.494","fg_pct":"0.389","three_p":"1.976","three_pa":"5.294","three_p_pct":"0.373","ft":"2.118","fta":"2.447","ft_pct":"0.866","orb":"0.000","drb":"2.412","trb":"2.412","ast":"2.153","stl":"1.459","blk":"0.565","tov":"0.518","pf":"1.518","pts":"10.706"},{"game_id":1003,"team_name":"LAL","player_id":"{\"carusal01\"}","player_name":"{\"Alex Caruso\"}","fg":"2.529","fga":"6.000","fg_pct":"0.421","three_p":"1.000","three_pa":"3.012","three_p_pct":"0.332","ft":"1.153","fta":"1.659","ft_pct":"0.695","orb":"0.553","drb":"1.941","trb":"2.494","ast":"3.459","stl":"1.024","blk":"0.424","tov":"1.682","pf":"2.141","pts":"7.212"},{"game_id":1003,"team_name":"LAL","player_id":"{\"kuzmaky01\"}","player_name":"{\"Kyle Kuzma\"}","fg":"5.059","fga":"10.435","fg_pct":"0.485","three_p":"2.588","three_pa":"5.765","three_p_pct":"0.449","ft":"1.118","fta":"1.165","ft_pct":"0.960","orb":"0.894","drb":"3.447","trb":"4.341","ast":"2.812","stl":"0.824","blk":"1.106","tov":"1.012","pf":"1.871","pts":"13.824"},{"game_id":1003,"team_name":"LAL","player_id":"{\"mclembe01\"}","player_name":"{\"Ben McLemore\"}","fg":"2.482","fga":"7.071","fg_pct":"0.351","three_p":"2.294","three_pa":"6.200","three_p_pct":"0.370","ft":"0.659","fta":"1.000","ft_pct":"0.659","orb":"0.082","drb":"1.553","trb":"1.635","ast":"0.506","stl":"0.259","blk":"0.482","tov":"0.835","pf":"1.506","pts":"7.918"},{"game_id":1003,"team_name":"LAL","player_id":"{\"gasolma01\"}","player_name":"{\"Marc Gasol\"}","fg":"2.459","fga":"3.588","fg_pct":"0.685","three_p":"1.424","three_pa":"2.153","three_p_pct":"0.661","ft":"0.259","fta":"0.682","ft_pct":"0.380","orb":"0.941","drb":"3.400","trb":"4.341","ast":"1.941","stl":"0.271","blk":"0.753","tov":"1.212","pf":"1.565","pts":"6.600"},{"game_id":1003,"team_name":"LAL","player_id":"benchLAL","player_name":"Bench of LAL","fg":"2.667","fga":"6.300","fg_pct":"0.423","three_p":"0.369","three_pa":"2.020","three_p_pct":"0.183","ft":"1.197","fta":"1.960","ft_pct":"0.611","orb":"1.170","drb":"3.357","trb":"4.526","ast":"0.978","stl":"0.911","blk":"0.517","tov":"0.957","pf":"2.219","pts":"6.901"}]