[{"game_id":1097,"team_name":"BRK","player_id":"{\"johnsty01\"}","player_name":"{\"Tyler Johnson\"}","ts_pct":"0.594","efg_pct":"0.589","three_par":"0.733","ftr":"0.027","orb_pct":"0.929","drb_pct":"10.654","trb_pct":"6.355","ast_pct":"14.089","stl_pct":"0.372","blk_pct":"0.000","tov_pct":"7.929","usg_pct":"12.162","ortg":"117.353","drtg":"116.965","bpm":"-3.698"},{"game_id":1097,"team_name":"BRK","player_id":"{\"jamesmi02\"}","player_name":"{\"Mike James\"}","ts_pct":"0.452","efg_pct":"0.379","three_par":"0.343","ftr":"0.342","orb_pct":"0.224","drb_pct":"13.725","trb_pct":"7.833","ast_pct":"32.775","stl_pct":"1.754","blk_pct":"0.400","tov_pct":"20.559","usg_pct":"25.956","ortg":"96.765","drtg":"113.376","bpm":"-4.760"},{"game_id":1097,"team_name":"BRK","player_id":"{\"perryre01\"}","player_name":"{\"Reggie Perry\"}","ts_pct":"0.184","efg_pct":"0.171","three_par":"0.163","ftr":"0.071","orb_pct":"26.111","drb_pct":"19.480","trb_pct":"22.805","ast_pct":"4.706","stl_pct":"1.242","blk_pct":"0.000","tov_pct":"8.880","usg_pct":"18.301","ortg":"64.718","drtg":"109.200","bpm":"-11.542"},{"game_id":1097,"team_name":"BRK","player_id":"{\"luwawti01\"}","player_name":"{\"Timothé Luwawu-Cabarrot\"}","ts_pct":"0.506","efg_pct":"0.479","three_par":"0.549","ftr":"0.141","orb_pct":"3.304","drb_pct":"5.289","trb_pct":"4.287","ast_pct":"9.888","stl_pct":"1.724","blk_pct":"0.000","tov_pct":"5.945","usg_pct":"20.778","ortg":"105.165","drtg":"116.024","bpm":"-0.647"},{"game_id":1097,"team_name":"BRK","player_id":"{\"johnsal02\"}","player_name":"{\"Alize Johnson\"}","ts_pct":"0.459","efg_pct":"0.304","three_par":"0.102","ftr":"0.100","orb_pct":"16.545","drb_pct":"20.745","trb_pct":"18.611","ast_pct":"5.286","stl_pct":"1.706","blk_pct":"4.682","tov_pct":"9.841","usg_pct":"16.672","ortg":"98.024","drtg":"111.906","bpm":"-3.575"},{"game_id":1097,"team_name":"BRK","player_id":"{\"harrijo01\"}","player_name":"{\"Joe Harris\"}","ts_pct":"0.548","efg_pct":"0.541","three_par":"0.590","ftr":"0.041","orb_pct":"1.591","drb_pct":"10.231","trb_pct":"6.300","ast_pct":"7.191","stl_pct":"0.804","blk_pct":"0.422","tov_pct":"13.064","usg_pct":"15.787","ortg":"101.800","drtg":"118.447","bpm":"-4.492"},{"game_id":1097,"team_name":"BRK","player_id":"benchBRK","player_name":"Bench of BRK","ts_pct":"0.585","efg_pct":"0.551","three_par":"0.390","ftr":"0.329","orb_pct":"4.054","drb_pct":"16.083","trb_pct":"10.620","ast_pct":"19.479","stl_pct":"1.482","blk_pct":"2.872","tov_pct":"9.607","usg_pct":"20.953","ortg":"123.316","drtg":"110.346","bpm":"3.649"},{"game_id":1097,"team_name":"BOS","player_id":"{\"ojelese01\"}","player_name":"{\"Semi Ojeleye\"}","ts_pct":"0.360","efg_pct":"0.360","three_par":"0.513","ftr":"0.000","orb_pct":"3.325","drb_pct":"15.975","trb_pct":"9.660","ast_pct":"2.560","stl_pct":"1.068","blk_pct":"0.000","tov_pct":"7.313","usg_pct":"11.009","ortg":"61.553","drtg":"108.506","bpm":"-3.351"},{"game_id":1097,"team_name":"BOS","player_id":"{\"parkeja01\"}","player_name":"{\"Jabari Parker\"}","ts_pct":"0.511","efg_pct":"0.472","three_par":"0.212","ftr":"0.255","orb_pct":"4.132","drb_pct":"23.940","trb_pct":"13.902","ast_pct":"10.015","stl_pct":"0.194","blk_pct":"3.099","tov_pct":"11.056","usg_pct":"16.928","ortg":"100.412","drtg":"109.718","bpm":"-1.266"},{"game_id":1097,"team_name":"BOS","player_id":"{\"watertr01\"}","player_name":"{\"Tremont Waters\"}","ts_pct":"0.343","efg_pct":"0.336","three_par":"0.564","ftr":"0.044","orb_pct":"0.731","drb_pct":"5.391","trb_pct":"3.007","ast_pct":"21.156","stl_pct":"0.724","blk_pct":"0.392","tov_pct":"11.584","usg_pct":"30.718","ortg":"59.671","drtg":"116.624","bpm":"-14.101"},{"game_id":1097,"team_name":"BOS","player_id":"{\"kornelu01\"}","player_name":"{\"Luke Kornet\"}","ts_pct":"0.446","efg_pct":"0.446","three_par":"0.333","ftr":"0.000","orb_pct":"3.391","drb_pct":"14.324","trb_pct":"8.359","ast_pct":"12.031","stl_pct":"0.512","blk_pct":"6.272","tov_pct":"6.765","usg_pct":"11.153","ortg":"120.871","drtg":"109.035","bpm":"-1.192"},{"game_id":1097,"team_name":"BOS","player_id":"{\"edwarca01\"}","player_name":"{\"Carsen Edwards\"}","ts_pct":"0.464","efg_pct":"0.437","three_par":"0.657","ftr":"0.126","orb_pct":"0.955","drb_pct":"6.574","trb_pct":"3.347","ast_pct":"6.045","stl_pct":"0.718","blk_pct":"0.000","tov_pct":"11.586","usg_pct":"24.189","ortg":"81.800","drtg":"118.788","bpm":"-7.631"},{"game_id":1097,"team_name":"BOS","player_id":"{\"smartma01\"}","player_name":"{\"Marcus Smart\"}","ts_pct":"0.455","efg_pct":"0.437","three_par":"0.566","ftr":"0.188","orb_pct":"1.656","drb_pct":"9.231","trb_pct":"5.329","ast_pct":"23.826","stl_pct":"1.596","blk_pct":"0.907","tov_pct":"20.306","usg_pct":"17.380","ortg":"97.365","drtg":"119.635","bpm":"-4.992"},{"game_id":1097,"team_name":"BOS","player_id":"benchBOS","player_name":"Bench of BOS","ts_pct":"0.547","efg_pct":"0.534","three_par":"0.366","ftr":"0.295","orb_pct":"5.472","drb_pct":"15.835","trb_pct":"10.399","ast_pct":"14.158","stl_pct":"1.363","blk_pct":"2.266","tov_pct":"9.616","usg_pct":"19.282","ortg":"115.026","drtg":"114.156","bpm":"0.638"}]