[{"game_id":1222,"team_name":"LAC","player_id":"teamLAC","player_name":"Team name: LAC","ts_pct":"0.649","efg_pct":"0.581","three_par":"0.437","ftr":"0.408","orb_pct":"5.953","drb_pct":"17.683","trb_pct":"12.469","ast_pct":"15.845","stl_pct":"1.509","blk_pct":"1.789","tov_pct":"12.770","usg_pct":"22.243","ortg":"127.883","drtg":"136.041","bpm":"-3.069"},{"game_id":1222,"team_name":"CHO","player_id":"teamCHO","player_name":"Team name: CHO","ts_pct":"0.518","efg_pct":"0.496","three_par":"0.417","ftr":"0.279","orb_pct":"4.203","drb_pct":"17.009","trb_pct":"10.534","ast_pct":"17.043","stl_pct":"1.374","blk_pct":"1.396","tov_pct":"14.722","usg_pct":"21.268","ortg":"111.257","drtg":"128.895","bpm":"-3.353"}]