[{"game_id":1155,"team_name":"PHO","player_id":"teamPHO","player_name":"Team name: PHO","ts_pct":"0.606","efg_pct":"0.561","three_par":"0.440","ftr":"0.284","orb_pct":"3.578","drb_pct":"16.026","trb_pct":"10.472","ast_pct":"16.558","stl_pct":"1.371","blk_pct":"1.945","tov_pct":"11.285","usg_pct":"20.600","ortg":"120.202","drtg":"113.503","bpm":"1.432"},{"game_id":1155,"team_name":"LAC","player_id":"teamLAC","player_name":"Team name: LAC","ts_pct":"0.581","efg_pct":"0.541","three_par":"0.445","ftr":"0.275","orb_pct":"4.752","drb_pct":"18.089","trb_pct":"12.547","ast_pct":"12.223","stl_pct":"1.281","blk_pct":"2.445","tov_pct":"8.281","usg_pct":"18.165","ortg":"120.627","drtg":"132.817","bpm":"0.559"}]