[{"game_id":1073,"team_name":"PHI","player_id":"{\"clarkga01\"}","player_name":"{\"Gary Clark\"}","ts_pct":"0.236","efg_pct":"0.237","three_par":"0.349","ftr":"0.008","orb_pct":"1.433","drb_pct":"22.073","trb_pct":"11.840","ast_pct":"8.936","stl_pct":"2.372","blk_pct":"1.847","tov_pct":"1.726","usg_pct":"7.174","ortg":"89.188","drtg":"108.635","bpm":"0.960"},{"game_id":1073,"team_name":"PHI","player_id":"{\"maxeyty01\"}","player_name":"{\"Tyrese Maxey\"}","ts_pct":"0.489","efg_pct":"0.453","three_par":"0.246","ftr":"0.211","orb_pct":"1.492","drb_pct":"9.668","trb_pct":"5.765","ast_pct":"27.527","stl_pct":"1.842","blk_pct":"2.296","tov_pct":"7.175","usg_pct":"24.672","ortg":"105.471","drtg":"109.859","bpm":"-2.324"},{"game_id":1073,"team_name":"PHI","player_id":"{\"joeis01\"}","player_name":"{\"Isaiah Joe\"}","ts_pct":"0.655","efg_pct":"0.560","three_par":"0.737","ftr":"0.118","orb_pct":"0.000","drb_pct":"7.587","trb_pct":"3.791","ast_pct":"2.256","stl_pct":"1.395","blk_pct":"0.000","tov_pct":"9.439","usg_pct":"22.372","ortg":"110.435","drtg":"113.776","bpm":"1.676"},{"game_id":1073,"team_name":"PHI","player_id":"{\"miltosh01\"}","player_name":"{\"Shake Milton\"}","ts_pct":"0.555","efg_pct":"0.494","three_par":"0.341","ftr":"0.374","orb_pct":"2.706","drb_pct":"11.681","trb_pct":"7.446","ast_pct":"23.887","stl_pct":"1.351","blk_pct":"1.231","tov_pct":"11.494","usg_pct":"24.552","ortg":"114.953","drtg":"109.188","bpm":"0.319"},{"game_id":1073,"team_name":"PHI","player_id":"{\"scottmi01\"}","player_name":"{\"Mike Scott\"}","ts_pct":"0.502","efg_pct":"0.502","three_par":"0.661","ftr":"0.000","orb_pct":"1.476","drb_pct":"10.609","trb_pct":"6.034","ast_pct":"7.206","stl_pct":"0.964","blk_pct":"4.144","tov_pct":"2.588","usg_pct":"13.866","ortg":"109.035","drtg":"110.906","bpm":"-2.533"},{"game_id":1073,"team_name":"PHI","player_id":"{\"reedpa01\"}","player_name":"{\"Paul Reed\"}","ts_pct":"0.638","efg_pct":"0.638","three_par":"0.000","ftr":"0.000","orb_pct":"16.407","drb_pct":"26.885","trb_pct":"21.309","ast_pct":"8.572","stl_pct":"4.242","blk_pct":"6.595","tov_pct":"12.206","usg_pct":"21.053","ortg":"120.788","drtg":"96.353","bpm":"4.813"},{"game_id":1073,"team_name":"PHI","player_id":"benchPHI","player_name":"Bench of PHI","ts_pct":"0.425","efg_pct":"0.385","three_par":"0.358","ftr":"0.410","orb_pct":"5.700","drb_pct":"13.989","trb_pct":"9.797","ast_pct":"11.611","stl_pct":"1.724","blk_pct":"1.112","tov_pct":"9.958","usg_pct":"18.597","ortg":"90.139","drtg":"109.931","bpm":"-4.873"},{"game_id":1073,"team_name":"ORL","player_id":"{\"anthoco01\"}","player_name":"{\"Cole Anthony\"}","ts_pct":"0.499","efg_pct":"0.471","three_par":"0.288","ftr":"0.233","orb_pct":"1.776","drb_pct":"17.854","trb_pct":"9.727","ast_pct":"23.133","stl_pct":"1.136","blk_pct":"0.307","tov_pct":"19.942","usg_pct":"27.549","ortg":"88.447","drtg":"118.647","bpm":"-5.598"},{"game_id":1073,"team_name":"ORL","player_id":"{\"wagnemo01\"}","player_name":"{\"Moritz Wagner\"}","ts_pct":"0.521","efg_pct":"0.470","three_par":"0.499","ftr":"0.290","orb_pct":"4.818","drb_pct":"15.374","trb_pct":"10.038","ast_pct":"6.453","stl_pct":"0.551","blk_pct":"2.366","tov_pct":"13.232","usg_pct":"19.349","ortg":"99.353","drtg":"118.871","bpm":"-5.087"},{"game_id":1073,"team_name":"ORL","player_id":"{\"brazdig01\"}","player_name":"{\"Ignas Brazdeikis\"}","ts_pct":"0.445","efg_pct":"0.425","three_par":"0.292","ftr":"0.134","orb_pct":"3.772","drb_pct":"12.161","trb_pct":"7.758","ast_pct":"10.554","stl_pct":"0.553","blk_pct":"1.233","tov_pct":"13.614","usg_pct":"16.808","ortg":"89.894","drtg":"121.882","bpm":"-5.745"},{"game_id":1073,"team_name":"ORL","player_id":"{\"bacondw01\"}","player_name":"{\"Dwayne Bacon\"}","ts_pct":"0.409","efg_pct":"0.358","three_par":"0.216","ftr":"0.296","orb_pct":"3.574","drb_pct":"9.387","trb_pct":"6.385","ast_pct":"11.734","stl_pct":"1.639","blk_pct":"0.301","tov_pct":"5.174","usg_pct":"23.582","ortg":"90.906","drtg":"120.024","bpm":"-6.420"},{"game_id":1073,"team_name":"ORL","player_id":"{\"halldo01\"}","player_name":"{\"Donta Hall\"}","ts_pct":"0.724","efg_pct":"0.743","three_par":"0.000","ftr":"0.794","orb_pct":"15.628","drb_pct":"16.627","trb_pct":"15.809","ast_pct":"3.875","stl_pct":"0.831","blk_pct":"3.025","tov_pct":"10.831","usg_pct":"15.289","ortg":"155.059","drtg":"116.988","bpm":"3.819"},{"game_id":1073,"team_name":"ORL","player_id":"{\"randlch01\"}","player_name":"{\"Chasson Randle\"}","ts_pct":"0.473","efg_pct":"0.435","three_par":"0.531","ftr":"0.236","orb_pct":"1.709","drb_pct":"10.556","trb_pct":"5.992","ast_pct":"8.764","stl_pct":"1.573","blk_pct":"1.442","tov_pct":"9.998","usg_pct":"18.087","ortg":"95.341","drtg":"119.153","bpm":"-4.526"},{"game_id":1073,"team_name":"ORL","player_id":"benchORL","player_name":"Bench of ORL","ts_pct":"0.509","efg_pct":"0.483","three_par":"0.424","ftr":"0.187","orb_pct":"3.961","drb_pct":"14.466","trb_pct":"9.088","ast_pct":"12.034","stl_pct":"1.713","blk_pct":"3.707","tov_pct":"11.405","usg_pct":"17.337","ortg":"96.458","drtg":"116.957","bpm":"-3.722"}]