[{"game_id":1057,"team_name":"HOU","player_id":"teamHOU","player_name":"Team name: HOU","fg":"41.726","fga":"89.257","fg_pct":"0.467","three_p":"16.360","three_pa":"42.686","three_p_pct":"0.383","ft":"17.343","fta":"23.520","ft_pct":"0.737","orb":"9.600","drb":"33.034","trb":"42.634","ast":"26.966","stl":"7.823","blk":"3.811","tov":"14.749","pf":"19.966","pts":"117.154"},{"game_id":1057,"team_name":"LAC","player_id":"teamLAC","player_name":"Team name: LAC","fg":"38.674","fga":"81.783","fg_pct":"0.473","three_p":"13.943","three_pa":"35.080","three_p_pct":"0.397","ft":"17.331","fta":"20.246","ft_pct":"0.856","orb":"8.429","drb":"36.114","trb":"44.543","ast":"24.429","stl":"6.554","blk":"3.737","tov":"15.200","pf":"17.766","pts":"108.623"}]