[{"game_id":1116,"team_name":"DAL","player_id":"{\"burketr01\"}","player_name":"{\"Trey Burke\"}","fg":"1.694","fga":"5.129","fg_pct":"0.330","three_p":"0.565","three_pa":"2.541","three_p_pct":"0.222","ft":"0.918","fta":"0.918","ft_pct":"1.000","orb":"0.424","drb":"0.471","trb":"0.894","ast":"0.718","stl":"0.247","blk":"0.212","tov":"0.400","pf":"0.953","pts":"4.871"},{"game_id":1116,"team_name":"DAL","player_id":"{\"caulewi01\"}","player_name":"{\"Willie Cauley-Stein\"}","fg":"1.682","fga":"2.329","fg_pct":"0.722","three_p":"0.000","three_pa":"0.059","three_p_pct":"0.000","ft":"0.776","fta":"0.918","ft_pct":"0.845","orb":"1.153","drb":"2.824","trb":"3.976","ast":"0.459","stl":"0.412","blk":"0.800","tov":"0.800","pf":"2.671","pts":"4.141"},{"game_id":1116,"team_name":"DAL","player_id":"{\"mellini01\"}","player_name":"{\"Nicolò Melli\"}","fg":"1.106","fga":"3.518","fg_pct":"0.314","three_p":"0.718","three_pa":"2.318","three_p_pct":"0.310","ft":"0.659","fta":"0.706","ft_pct":"0.933","orb":"1.024","drb":"1.906","trb":"2.929","ast":"0.800","stl":"0.282","blk":"0.000","tov":"0.212","pf":"0.765","pts":"3.588"},{"game_id":1116,"team_name":"DAL","player_id":"{\"greenjo02\"}","player_name":"{\"Josh Green\"}","fg":"1.647","fga":"3.365","fg_pct":"0.489","three_p":"0.153","three_pa":"0.788","three_p_pct":"0.194","ft":"0.412","fta":"0.918","ft_pct":"0.449","orb":"0.906","drb":"1.329","trb":"2.235","ast":"1.271","stl":"0.729","blk":"0.000","tov":"0.129","pf":"1.541","pts":"3.859"},{"game_id":1116,"team_name":"DAL","player_id":"{\"poweldw01\"}","player_name":"{\"Dwight Powell\"}","fg":"1.682","fga":"2.341","fg_pct":"0.718","three_p":"0.000","three_pa":"0.000","three_p_pct":"NaN","ft":"1.259","fta":"1.459","ft_pct":"0.863","orb":"1.224","drb":"2.741","trb":"3.965","ast":"2.176","stl":"0.353","blk":"0.729","tov":"0.659","pf":"1.718","pts":"4.624"},{"game_id":1116,"team_name":"DAL","player_id":"{\"finnedo01\"}","player_name":"{\"Dorian Finney-Smith\"}","fg":"3.847","fga":"7.906","fg_pct":"0.487","three_p":"1.729","three_pa":"4.318","three_p_pct":"0.400","ft":"0.200","fta":"0.400","ft_pct":"0.500","orb":"1.518","drb":"3.271","trb":"4.788","ast":"1.906","stl":"0.341","blk":"0.282","tov":"0.965","pf":"2.565","pts":"9.624"},{"game_id":1116,"team_name":"DAL","player_id":"benchDAL","player_name":"Bench of DAL","fg":"5.318","fga":"10.948","fg_pct":"0.486","three_p":"2.215","three_pa":"4.942","three_p_pct":"0.448","ft":"2.125","fta":"2.839","ft_pct":"0.749","orb":"0.805","drb":"3.377","trb":"4.182","ast":"2.966","stl":"0.596","blk":"0.294","tov":"1.234","pf":"1.739","pts":"14.976"},{"game_id":1116,"team_name":"LAC","player_id":"{\"beverpa01\"}","player_name":"{\"Patrick Beverley\"}","fg":"1.835","fga":"4.459","fg_pct":"0.412","three_p":"0.671","three_pa":"2.529","three_p_pct":"0.265","ft":"0.259","fta":"0.376","ft_pct":"0.689","orb":"0.188","drb":"0.929","trb":"1.118","ast":"1.482","stl":"0.376","blk":"0.718","tov":"0.659","pf":"1.776","pts":"4.600"},{"game_id":1116,"team_name":"LAC","player_id":"{\"coffeam01\"}","player_name":"{\"Amir Coffey\"}","fg":"1.000","fga":"2.988","fg_pct":"0.335","three_p":"0.376","three_pa":"1.235","three_p_pct":"0.304","ft":"1.824","fta":"2.129","ft_pct":"0.857","orb":"0.388","drb":"1.118","trb":"1.506","ast":"0.718","stl":"0.247","blk":"0.000","tov":"0.388","pf":"1.788","pts":"4.200"},{"game_id":1116,"team_name":"LAC","player_id":"{\"kennalu01\"}","player_name":"{\"Luke Kennard\"}","fg":"3.553","fga":"7.824","fg_pct":"0.454","three_p":"1.459","three_pa":"4.247","three_p_pct":"0.344","ft":"0.400","fta":"0.459","ft_pct":"0.871","orb":"0.106","drb":"1.424","trb":"1.529","ast":"1.424","stl":"0.600","blk":"0.059","tov":"0.518","pf":"1.035","pts":"8.965"},{"game_id":1116,"team_name":"LAC","player_id":"{\"oturuda01\"}","player_name":"{\"Daniel Oturu\"}","fg":"1.235","fga":"3.871","fg_pct":"0.319","three_p":"0.153","three_pa":"0.612","three_p_pct":"0.250","ft":"0.765","fta":"0.824","ft_pct":"0.928","orb":"1.671","drb":"1.694","trb":"3.365","ast":"0.529","stl":"0.447","blk":"0.541","tov":"0.588","pf":"1.424","pts":"3.388"},{"game_id":1116,"team_name":"LAC","player_id":"{\"batumni01\"}","player_name":"{\"Nicolas Batum\"}","fg":"2.976","fga":"5.471","fg_pct":"0.544","three_p":"1.400","three_pa":"3.565","three_p_pct":"0.393","ft":"0.624","fta":"0.800","ft_pct":"0.780","orb":"0.741","drb":"3.776","trb":"4.518","ast":"1.565","stl":"0.600","blk":"0.376","tov":"0.188","pf":"0.906","pts":"7.976"},{"game_id":1116,"team_name":"LAC","player_id":"{\"leonaka01\"}","player_name":"{\"Kawhi Leonard\"}","fg":"8.435","fga":"15.365","fg_pct":"0.549","three_p":"2.212","three_pa":"5.047","three_p_pct":"0.438","ft":"6.106","fta":"6.706","ft_pct":"0.911","orb":"1.047","drb":"5.471","trb":"6.518","ast":"5.118","stl":"1.376","blk":"0.435","tov":"2.118","pf":"1.447","pts":"25.188"},{"game_id":1116,"team_name":"LAC","player_id":"benchLAC","player_name":"Bench of LAC","fg":"4.049","fga":"8.536","fg_pct":"0.474","three_p":"1.479","three_pa":"4.050","three_p_pct":"0.365","ft":"1.436","fta":"1.714","ft_pct":"0.838","orb":"0.686","drb":"3.217","trb":"3.904","ast":"2.615","stl":"0.517","blk":"0.296","tov":"1.313","pf":"1.912","pts":"11.012"}]