[{"game_id":1087,"team_name":"MIL","player_id":"{\"antetgi01\"}","player_name":"{\"Giannis Antetokounmpo\"}","ts_pct":"0.645","efg_pct":"0.594","three_par":"0.182","ftr":"0.438","orb_pct":"3.688","drb_pct":"24.764","trb_pct":"14.886","ast_pct":"29.402","stl_pct":"4.858","blk_pct":"1.942","tov_pct":"7.693","usg_pct":"30.268","ortg":"133.200","drtg":"107.153","bpm":"14.436"},{"game_id":1087,"team_name":"MIL","player_id":"{\"middlkh01\"}","player_name":"{\"Khris Middleton\"}","ts_pct":"0.597","efg_pct":"0.544","three_par":"0.383","ftr":"0.248","orb_pct":"1.944","drb_pct":"16.486","trb_pct":"9.571","ast_pct":"22.348","stl_pct":"1.014","blk_pct":"0.000","tov_pct":"10.945","usg_pct":"25.498","ortg":"118.647","drtg":"117.776","bpm":"0.086"},{"game_id":1087,"team_name":"MIL","player_id":"{\"holidjr01\"}","player_name":"{\"Jrue Holiday\"}","ts_pct":"0.591","efg_pct":"0.563","three_par":"0.347","ftr":"0.213","orb_pct":"3.541","drb_pct":"8.975","trb_pct":"6.568","ast_pct":"30.840","stl_pct":"1.245","blk_pct":"2.984","tov_pct":"9.862","usg_pct":"24.058","ortg":"125.518","drtg":"118.612","bpm":"3.774"},{"game_id":1087,"team_name":"MIL","player_id":"{\"divindo01\"}","player_name":"{\"Donte DiVincenzo\"}","ts_pct":"0.579","efg_pct":"0.568","three_par":"0.722","ftr":"0.209","orb_pct":"3.691","drb_pct":"21.075","trb_pct":"12.907","ast_pct":"14.416","stl_pct":"1.382","blk_pct":"1.026","tov_pct":"9.274","usg_pct":"16.067","ortg":"117.529","drtg":"117.024","bpm":"1.700"},{"game_id":1087,"team_name":"MIL","player_id":"{\"lopezbr01\"}","player_name":"{\"Brook Lopez\"}","ts_pct":"0.648","efg_pct":"0.621","three_par":"0.203","ftr":"0.330","orb_pct":"9.106","drb_pct":"12.198","trb_pct":"10.852","ast_pct":"2.031","stl_pct":"0.504","blk_pct":"5.411","tov_pct":"8.208","usg_pct":"20.224","ortg":"127.388","drtg":"117.424","bpm":"-0.166"},{"game_id":1087,"team_name":"MIL","player_id":"{\"tuckepj01\"}","player_name":"{\"P.J. Tucker\"}","ts_pct":"0.456","efg_pct":"0.415","three_par":"0.688","ftr":"0.226","orb_pct":"3.516","drb_pct":"7.408","trb_pct":"5.540","ast_pct":"5.974","stl_pct":"0.985","blk_pct":"0.000","tov_pct":"14.509","usg_pct":"5.649","ortg":"93.294","drtg":"121.365","bpm":"-4.665"},{"game_id":1087,"team_name":"MIL","player_id":"benchMIL","player_name":"Bench of MIL","ts_pct":"0.589","efg_pct":"0.567","three_par":"0.556","ftr":"0.186","orb_pct":"6.052","drb_pct":"18.069","trb_pct":"12.314","ast_pct":"5.254","stl_pct":"1.581","blk_pct":"1.147","tov_pct":"8.624","usg_pct":"19.022","ortg":"117.268","drtg":"116.299","bpm":"-1.063"},{"game_id":1087,"team_name":"MIA","player_id":"{\"butleji01\"}","player_name":"{\"Jimmy Butler\"}","ts_pct":"0.674","efg_pct":"0.573","three_par":"0.173","ftr":"0.694","orb_pct":"6.153","drb_pct":"16.241","trb_pct":"11.191","ast_pct":"27.298","stl_pct":"2.746","blk_pct":"0.518","tov_pct":"8.978","usg_pct":"25.848","ortg":"141.094","drtg":"114.565","bpm":"7.841"},{"game_id":1087,"team_name":"MIA","player_id":"{\"adebaba01\"}","player_name":"{\"Bam Adebayo\"}","ts_pct":"0.619","efg_pct":"0.594","three_par":"0.000","ftr":"0.493","orb_pct":"6.852","drb_pct":"22.989","trb_pct":"14.569","ast_pct":"27.278","stl_pct":"2.386","blk_pct":"1.966","tov_pct":"14.728","usg_pct":"20.321","ortg":"128.412","drtg":"115.035","bpm":"4.060"},{"game_id":1087,"team_name":"MIA","player_id":"{\"arizatr01\"}","player_name":"{\"Trevor Ariza\"}","ts_pct":"0.533","efg_pct":"0.497","three_par":"0.575","ftr":"0.180","orb_pct":"4.831","drb_pct":"17.382","trb_pct":"10.809","ast_pct":"8.468","stl_pct":"2.760","blk_pct":"1.958","tov_pct":"7.352","usg_pct":"16.494","ortg":"111.153","drtg":"115.659","bpm":"0.124"},{"game_id":1087,"team_name":"MIA","player_id":"{\"robindu01\"}","player_name":"{\"Duncan Robinson\"}","ts_pct":"0.652","efg_pct":"0.643","three_par":"0.858","ftr":"0.126","orb_pct":"0.911","drb_pct":"10.826","trb_pct":"6.085","ast_pct":"8.524","stl_pct":"2.054","blk_pct":"2.240","tov_pct":"9.840","usg_pct":"17.811","ortg":"121.012","drtg":"116.106","bpm":"0.722"},{"game_id":1087,"team_name":"MIA","player_id":"{\"dragigo01\"}","player_name":"{\"Goran Dragić\"}","ts_pct":"0.559","efg_pct":"0.528","three_par":"0.472","ftr":"0.141","orb_pct":"2.740","drb_pct":"9.426","trb_pct":"5.987","ast_pct":"19.926","stl_pct":"0.872","blk_pct":"0.280","tov_pct":"13.255","usg_pct":"26.638","ortg":"109.141","drtg":"121.729","bpm":"-3.507"},{"game_id":1087,"team_name":"MIA","player_id":"{\"nunnke01\"}","player_name":"{\"Kendrick Nunn\"}","ts_pct":"0.668","efg_pct":"0.649","three_par":"0.437","ftr":"0.088","orb_pct":"1.380","drb_pct":"11.104","trb_pct":"6.360","ast_pct":"9.045","stl_pct":"0.845","blk_pct":"1.146","tov_pct":"6.775","usg_pct":"20.725","ortg":"127.094","drtg":"121.035","bpm":"-0.340"},{"game_id":1087,"team_name":"MIA","player_id":"benchMIA","player_name":"Bench of MIA","ts_pct":"0.560","efg_pct":"0.567","three_par":"0.337","ftr":"0.233","orb_pct":"5.714","drb_pct":"23.646","trb_pct":"14.454","ast_pct":"15.609","stl_pct":"1.036","blk_pct":"1.218","tov_pct":"20.233","usg_pct":"18.353","ortg":"115.787","drtg":"117.607","bpm":"-1.958"}]