[{"game_id":1247,"team_name":"GSW","player_id":"teamGSW","player_name":"Team name: GSW","ts_pct":"0.555","efg_pct":"0.489","three_par":"0.356","ftr":"0.336","orb_pct":"5.783","drb_pct":"17.040","trb_pct":"11.191","ast_pct":"16.274","stl_pct":"1.524","blk_pct":"1.533","tov_pct":"14.771","usg_pct":"21.056","ortg":"115.437","drtg":"135.181","bpm":"-2.969"},{"game_id":1247,"team_name":"SAS","player_id":"teamSAS","player_name":"Team name: SAS","ts_pct":"0.564","efg_pct":"0.533","three_par":"0.328","ftr":"0.285","orb_pct":"6.611","drb_pct":"18.317","trb_pct":"12.656","ast_pct":"15.175","stl_pct":"1.055","blk_pct":"1.569","tov_pct":"10.095","usg_pct":"21.020","ortg":"121.212","drtg":"126.798","bpm":"-0.912"}]