[{"game_id":1033,"team_name":"MIL","player_id":"{\"teaguje01\"}","player_name":"{\"Jeff Teague\"}","fg":"1.459","fga":"3.247","fg_pct":"0.449","three_p":"0.129","three_pa":"0.906","three_p_pct":"0.142","ft":"1.047","fta":"1.247","ft_pct":"0.840","orb":"0.235","drb":"0.965","trb":"1.200","ast":"2.200","stl":"0.341","blk":"0.153","tov":"1.459","pf":"0.482","pts":"4.094"},{"game_id":1033,"team_name":"MIL","player_id":"{\"holidjr01\"}","player_name":"{\"Jrue Holiday\"}","fg":"8.118","fga":"15.788","fg_pct":"0.514","three_p":"2.447","three_pa":"5.882","three_p_pct":"0.416","ft":"1.988","fta":"3.106","ft_pct":"0.640","orb":"1.141","drb":"3.506","trb":"4.647","ast":"7.141","stl":"1.082","blk":"0.965","tov":"2.882","pf":"1.976","pts":"20.671"},{"game_id":1033,"team_name":"MIL","player_id":"{\"antetgi01\"}","player_name":"{\"Giannis Antetokounmpo\"}","fg":"9.953","fga":"17.459","fg_pct":"0.570","three_p":"1.235","three_pa":"4.059","three_p_pct":"0.304","ft":"5.294","fta":"7.176","ft_pct":"0.738","orb":"0.835","drb":"8.153","trb":"8.988","ast":"5.259","stl":"1.129","blk":"1.047","tov":"2.459","pf":"3.129","pts":"26.435"},{"game_id":1033,"team_name":"MIL","player_id":"{\"middlkh01\"}","player_name":"{\"Khris Middleton\"}","fg":"8.212","fga":"17.341","fg_pct":"0.474","three_p":"2.706","three_pa":"6.659","three_p_pct":"0.406","ft":"3.494","fta":"3.659","ft_pct":"0.955","orb":"0.765","drb":"5.012","trb":"5.776","ast":"4.729","stl":"0.871","blk":"0.000","tov":"2.000","pf":"1.965","pts":"22.624"},{"game_id":1033,"team_name":"MIL","player_id":"{\"divindo01\"}","player_name":"{\"Donte DiVincenzo\"}","fg":"3.812","fga":"8.447","fg_pct":"0.451","three_p":"2.071","three_pa":"5.553","three_p_pct":"0.373","ft":"0.482","fta":"0.882","ft_pct":"0.546","orb":"1.376","drb":"5.141","trb":"6.518","ast":"3.176","stl":"0.788","blk":"0.471","tov":"1.306","pf":"2.424","pts":"10.176"},{"game_id":1033,"team_name":"MIL","player_id":"{\"lopezbr01\"}","player_name":"{\"Brook Lopez\"}","fg":"5.071","fga":"9.271","fg_pct":"0.547","three_p":"0.529","three_pa":"2.353","three_p_pct":"0.225","ft":"3.082","fta":"3.659","ft_pct":"0.842","orb":"1.882","drb":"2.424","trb":"4.306","ast":"0.824","stl":"0.365","blk":"2.224","tov":"0.894","pf":"2.788","pts":"13.753"},{"game_id":1033,"team_name":"MIL","player_id":"benchMIL","player_name":"Bench of MIL","fg":"2.499","fga":"5.319","fg_pct":"0.470","three_p":"1.135","three_pa":"2.722","three_p_pct":"0.417","ft":"0.557","fta":"0.749","ft_pct":"0.744","orb":"0.839","drb":"2.682","trb":"3.520","ast":"0.887","stl":"0.678","blk":"0.207","tov":"0.600","pf":"1.556","pts":"6.690"},{"game_id":1033,"team_name":"ORL","player_id":"{\"cartewe01\"}","player_name":"{\"Wendell Carter Jr.\"}","fg":"4.165","fga":"8.800","fg_pct":"0.473","three_p":"0.459","three_pa":"1.306","three_p_pct":"0.351","ft":"1.612","fta":"2.341","ft_pct":"0.689","orb":"2.035","drb":"5.765","trb":"7.800","ast":"1.200","stl":"0.529","blk":"0.435","tov":"1.129","pf":"2.047","pts":"10.400"},{"game_id":1033,"team_name":"ORL","player_id":"{\"anthoco01\"}","player_name":"{\"Cole Anthony\"}","fg":"4.859","fga":"12.188","fg_pct":"0.399","three_p":"1.518","three_pa":"3.741","three_p_pct":"0.406","ft":"2.918","fta":"3.435","ft_pct":"0.849","orb":"0.671","drb":"4.035","trb":"4.706","ast":"3.706","stl":"0.506","blk":"0.271","tov":"2.765","pf":"2.212","pts":"14.153"},{"game_id":1033,"team_name":"ORL","player_id":"{\"harriga01\"}","player_name":"{\"Gary Harris\"}","fg":"3.318","fga":"9.247","fg_pct":"0.359","three_p":"1.047","three_pa":"3.141","three_p_pct":"0.333","ft":"1.659","fta":"1.812","ft_pct":"0.916","orb":"0.518","drb":"1.788","trb":"2.306","ast":"2.165","stl":"0.671","blk":"0.435","tov":"1.141","pf":"1.835","pts":"9.341"},{"game_id":1033,"team_name":"ORL","player_id":"{\"wagnemo01\"}","player_name":"{\"Moritz Wagner\"}","fg":"2.953","fga":"7.976","fg_pct":"0.370","three_p":"1.388","three_pa":"3.882","three_p_pct":"0.358","ft":"2.176","fta":"2.388","ft_pct":"0.911","orb":"0.447","drb":"3.306","trb":"3.753","ast":"1.059","stl":"0.400","blk":"0.894","tov":"1.376","pf":"3.247","pts":"9.471"},{"game_id":1033,"team_name":"ORL","player_id":"{\"bacondw01\"}","player_name":"{\"Dwayne Bacon\"}","fg":"6.659","fga":"14.094","fg_pct":"0.472","three_p":"0.671","three_pa":"3.059","three_p_pct":"0.219","ft":"3.059","fta":"3.788","ft_pct":"0.808","orb":"0.682","drb":"2.576","trb":"3.259","ast":"1.494","stl":"1.000","blk":"0.129","tov":"0.647","pf":"0.765","pts":"17.047"},{"game_id":1033,"team_name":"ORL","player_id":"{\"hamptrj01\"}","player_name":"{\"R.J. Hampton\"}","fg":"5.212","fga":"11.341","fg_pct":"0.460","three_p":"0.976","three_pa":"2.729","three_p_pct":"0.358","ft":"2.894","fta":"4.094","ft_pct":"0.707","orb":"0.835","drb":"4.847","trb":"5.682","ast":"3.776","stl":"0.506","blk":"0.388","tov":"1.188","pf":"1.729","pts":"14.294"},{"game_id":1033,"team_name":"ORL","player_id":"benchORL","player_name":"Bench of ORL","fg":"1.788","fga":"4.572","fg_pct":"0.391","three_p":"0.475","three_pa":"1.559","three_p_pct":"0.305","ft":"0.782","fta":"1.207","ft_pct":"0.648","orb":"0.867","drb":"2.035","trb":"2.902","ast":"1.278","stl":"0.503","blk":"0.221","tov":"0.771","pf":"1.200","pts":"4.832"}]