[{"game_id":1093,"team_name":"NYK","player_id":"{\"paytoel01\"}","player_name":"{\"Elfrid Payton\"}","ts_pct":"0.266","efg_pct":"0.260","three_par":"0.105","ftr":"0.056","orb_pct":"0.741","drb_pct":"15.478","trb_pct":"8.508","ast_pct":"18.932","stl_pct":"1.521","blk_pct":"0.000","tov_pct":"16.073","usg_pct":"19.389","ortg":"65.094","drtg":"107.435","bpm":"-12.074"},{"game_id":1093,"team_name":"NYK","player_id":"{\"rosede01\"}","player_name":"{\"Derrick Rose\"}","ts_pct":"0.623","efg_pct":"0.590","three_par":"0.194","ftr":"0.147","orb_pct":"3.084","drb_pct":"11.558","trb_pct":"7.349","ast_pct":"27.505","stl_pct":"1.100","blk_pct":"0.485","tov_pct":"11.175","usg_pct":"25.747","ortg":"118.765","drtg":"111.929","bpm":"3.401"},{"game_id":1093,"team_name":"NYK","player_id":"{\"randlju01\"}","player_name":"{\"Julius Randle\"}","ts_pct":"0.521","efg_pct":"0.459","three_par":"0.311","ftr":"0.335","orb_pct":"1.644","drb_pct":"22.484","trb_pct":"12.460","ast_pct":"31.062","stl_pct":"0.712","blk_pct":"0.772","tov_pct":"12.496","usg_pct":"32.734","ortg":"103.671","drtg":"107.518","bpm":"1.945"},{"game_id":1093,"team_name":"NYK","player_id":"{\"barrerj01\"}","player_name":"{\"RJ Barrett\"}","ts_pct":"0.523","efg_pct":"0.488","three_par":"0.373","ftr":"0.255","orb_pct":"1.433","drb_pct":"15.025","trb_pct":"8.398","ast_pct":"14.646","stl_pct":"0.828","blk_pct":"1.091","tov_pct":"8.182","usg_pct":"23.131","ortg":"104.024","drtg":"109.576","bpm":"-0.935"},{"game_id":1093,"team_name":"NYK","player_id":"{\"burksal01\"}","player_name":"{\"Alec Burks\"}","ts_pct":"0.526","efg_pct":"0.504","three_par":"0.523","ftr":"0.162","orb_pct":"1.298","drb_pct":"22.905","trb_pct":"12.232","ast_pct":"13.746","stl_pct":"0.538","blk_pct":"1.442","tov_pct":"6.973","usg_pct":"23.324","ortg":"103.824","drtg":"106.565","bpm":"0.962"},{"game_id":1093,"team_name":"NYK","player_id":"{\"gibsota01\"}","player_name":"{\"Taj Gibson\"}","ts_pct":"0.657","efg_pct":"0.621","three_par":"0.014","ftr":"0.329","orb_pct":"10.521","drb_pct":"17.079","trb_pct":"14.011","ast_pct":"9.372","stl_pct":"1.000","blk_pct":"6.298","tov_pct":"2.374","usg_pct":"10.100","ortg":"150.224","drtg":"104.306","bpm":"2.929"},{"game_id":1093,"team_name":"NYK","player_id":"benchNYK","player_name":"Bench of NYK","ts_pct":"0.581","efg_pct":"0.560","three_par":"0.417","ftr":"0.188","orb_pct":"3.151","drb_pct":"10.310","trb_pct":"6.888","ast_pct":"6.904","stl_pct":"3.909","blk_pct":"2.899","tov_pct":"6.372","usg_pct":"13.440","ortg":"119.897","drtg":"102.085","bpm":"2.146"},{"game_id":1093,"team_name":"ATL","player_id":"{\"youngtr01\"}","player_name":"{\"Trae Young\"}","ts_pct":"0.598","efg_pct":"0.508","three_par":"0.338","ftr":"0.442","orb_pct":"0.975","drb_pct":"11.202","trb_pct":"6.440","ast_pct":"46.804","stl_pct":"1.584","blk_pct":"0.212","tov_pct":"13.765","usg_pct":"33.068","ortg":"124.424","drtg":"113.800","bpm":"5.034"},{"game_id":1093,"team_name":"ATL","player_id":"{\"collijo01\"}","player_name":"{\"John Collins\"}","ts_pct":"0.741","efg_pct":"0.707","three_par":"0.378","ftr":"0.365","orb_pct":"3.681","drb_pct":"21.356","trb_pct":"13.142","ast_pct":"3.675","stl_pct":"1.016","blk_pct":"3.809","tov_pct":"12.601","usg_pct":"22.276","ortg":"129.824","drtg":"109.741","bpm":"3.540"},{"game_id":1093,"team_name":"ATL","player_id":"{\"capelca01\"}","player_name":"{\"Clint Capela\"}","ts_pct":"0.615","efg_pct":"0.628","three_par":"0.000","ftr":"0.424","orb_pct":"17.480","drb_pct":"31.311","trb_pct":"24.698","ast_pct":"2.742","stl_pct":"1.094","blk_pct":"4.054","tov_pct":"9.636","usg_pct":"20.486","ortg":"124.353","drtg":"108.988","bpm":"0.301"},{"game_id":1093,"team_name":"ATL","player_id":"{\"bogdabo01\"}","player_name":"{\"Bogdan Bogdanović\"}","ts_pct":"0.718","efg_pct":"0.709","three_par":"0.625","ftr":"0.095","orb_pct":"1.013","drb_pct":"8.842","trb_pct":"5.176","ast_pct":"20.972","stl_pct":"2.812","blk_pct":"1.321","tov_pct":"6.938","usg_pct":"22.840","ortg":"140.059","drtg":"110.153","bpm":"10.984"},{"game_id":1093,"team_name":"ATL","player_id":"{\"huertke01\"}","player_name":"{\"Kevin Huerter\"}","ts_pct":"0.490","efg_pct":"0.484","three_par":"0.536","ftr":"0.070","orb_pct":"2.221","drb_pct":"11.861","trb_pct":"7.522","ast_pct":"15.624","stl_pct":"1.760","blk_pct":"0.832","tov_pct":"8.712","usg_pct":"17.701","ortg":"106.882","drtg":"112.071","bpm":"-1.542"},{"game_id":1093,"team_name":"ATL","player_id":"{\"okongon01\"}","player_name":"{\"Onyeka Okongwu\"}","ts_pct":"0.662","efg_pct":"0.644","three_par":"0.008","ftr":"0.263","orb_pct":"18.116","drb_pct":"14.536","trb_pct":"16.011","ast_pct":"8.872","stl_pct":"1.408","blk_pct":"4.495","tov_pct":"19.796","usg_pct":"17.905","ortg":"132.224","drtg":"109.988","bpm":"1.165"},{"game_id":1093,"team_name":"ATL","player_id":"benchATL","player_name":"Bench of ATL","ts_pct":"0.537","efg_pct":"0.496","three_par":"0.378","ftr":"0.229","orb_pct":"1.947","drb_pct":"13.539","trb_pct":"8.098","ast_pct":"12.404","stl_pct":"1.300","blk_pct":"1.144","tov_pct":"8.990","usg_pct":"17.716","ortg":"110.288","drtg":"114.331","bpm":"-2.757"}]