[{"game_id":1159,"team_name":"LAC","player_id":"{\"georgpa01\"}","player_name":"{\"Paul George\"}","fg":"9.400","fga":"22.576","fg_pct":"0.416","three_p":"3.341","three_pa":"9.329","three_p_pct":"0.358","ft":"6.859","fta":"8.306","ft_pct":"0.826","orb":"1.000","drb":"8.082","trb":"9.082","ast":"5.871","stl":"1.188","blk":"0.459","tov":"3.765","pf":"2.553","pts":"29.000"},{"game_id":1159,"team_name":"LAC","player_id":"{\"jacksre01\"}","player_name":"{\"Reggie Jackson\"}","fg":"7.506","fga":"13.847","fg_pct":"0.542","three_p":"3.082","three_pa":"7.353","three_p_pct":"0.419","ft":"1.776","fta":"2.082","ft_pct":"0.853","orb":"0.365","drb":"2.271","trb":"2.635","ast":"3.788","stl":"1.412","blk":"0.141","tov":"1.588","pf":"2.412","pts":"19.871"},{"game_id":1159,"team_name":"LAC","player_id":"{\"zubaciv01\"}","player_name":"{\"Ivica Zubac\"}","fg":"2.035","fga":"3.541","fg_pct":"0.575","three_p":"0.000","three_pa":"0.000","three_p_pct":"NaN","ft":"3.718","fta":"4.388","ft_pct":"0.847","orb":"2.400","drb":"3.518","trb":"5.918","ast":"0.471","stl":"0.153","blk":"0.988","tov":"0.929","pf":"1.906","pts":"7.788"},{"game_id":1159,"team_name":"LAC","player_id":"{\"beverpa01\"}","player_name":"{\"Patrick Beverley\"}","fg":"1.694","fga":"4.059","fg_pct":"0.417","three_p":"1.047","three_pa":"2.659","three_p_pct":"0.394","ft":"0.812","fta":"1.000","ft_pct":"0.812","orb":"0.941","drb":"2.200","trb":"3.141","ast":"1.600","stl":"0.976","blk":"0.847","tov":"0.200","pf":"2.047","pts":"5.247"},{"game_id":1159,"team_name":"LAC","player_id":"{\"mannte01\"}","player_name":"{\"Terance Mann\"}","fg":"4.471","fga":"7.235","fg_pct":"0.618","three_p":"1.635","three_pa":"3.165","three_p_pct":"0.517","ft":"1.106","fta":"1.353","ft_pct":"0.817","orb":"0.882","drb":"1.988","trb":"2.871","ast":"1.094","stl":"0.765","blk":"0.153","tov":"0.082","pf":"3.094","pts":"11.682"},{"game_id":1159,"team_name":"LAC","player_id":"{\"morrima03\"}","player_name":"{\"Marcus Morris\"}","fg":"4.235","fga":"9.859","fg_pct":"0.430","three_p":"1.741","three_pa":"4.165","three_p_pct":"0.418","ft":"1.176","fta":"1.482","ft_pct":"0.794","orb":"0.729","drb":"3.776","trb":"4.506","ast":"1.412","stl":"0.494","blk":"0.376","tov":"0.353","pf":"1.800","pts":"11.388"},{"game_id":1159,"team_name":"LAC","player_id":"benchLAC","player_name":"Bench of LAC","fg":"2.708","fga":"5.170","fg_pct":"0.524","three_p":"1.377","three_pa":"2.935","three_p_pct":"0.469","ft":"0.506","fta":"0.605","ft_pct":"0.836","orb":"0.677","drb":"2.444","trb":"3.121","ast":"1.132","stl":"0.765","blk":"0.432","tov":"0.475","pf":"1.864","pts":"7.300"},{"game_id":1159,"team_name":"PHO","player_id":"{\"saricda01\"}","player_name":"{\"Dario Šarić\"}","fg":"1.729","fga":"3.847","fg_pct":"0.449","three_p":"0.518","three_pa":"1.388","three_p_pct":"0.373","ft":"1.294","fta":"1.294","ft_pct":"1.000","orb":"0.600","drb":"2.388","trb":"2.988","ast":"1.271","stl":"0.141","blk":"0.047","tov":"0.341","pf":"1.671","pts":"5.271"},{"game_id":1159,"team_name":"PHO","player_id":"{\"naderab01\"}","player_name":"{\"Abdel Nader\"}","fg":"2.600","fga":"5.400","fg_pct":"0.481","three_p":"0.906","three_pa":"1.859","three_p_pct":"0.487","ft":"1.459","fta":"2.094","ft_pct":"0.697","orb":"0.835","drb":"2.635","trb":"3.471","ast":"0.612","stl":"0.529","blk":"0.682","tov":"1.141","pf":"2.071","pts":"7.565"},{"game_id":1159,"team_name":"PHO","player_id":"{\"aytonde01\"}","player_name":"{\"Deandre Ayton\"}","fg":"7.412","fga":"10.788","fg_pct":"0.687","three_p":"0.000","three_pa":"0.000","three_p_pct":"NaN","ft":"1.129","fta":"1.776","ft_pct":"0.636","orb":"2.506","drb":"7.612","trb":"10.118","ast":"0.800","stl":"0.588","blk":"0.612","tov":"0.753","pf":"2.082","pts":"15.953"},{"game_id":1159,"team_name":"PHO","player_id":"{\"bridgmi01\"}","player_name":"{\"Mikal Bridges\"}","fg":"4.847","fga":"9.753","fg_pct":"0.497","three_p":"1.718","three_pa":"5.424","three_p_pct":"0.317","ft":"1.294","fta":"1.506","ft_pct":"0.859","orb":"1.259","drb":"2.976","trb":"4.235","ast":"1.694","stl":"1.094","blk":"0.753","tov":"0.576","pf":"1.929","pts":"12.706"},{"game_id":1159,"team_name":"PHO","player_id":"{\"bookede01\"}","player_name":"{\"Devin Booker\"}","fg":"9.153","fga":"20.471","fg_pct":"0.447","three_p":"2.224","three_pa":"6.365","three_p_pct":"0.349","ft":"6.035","fta":"6.365","ft_pct":"0.948","orb":"0.718","drb":"7.012","trb":"7.729","ast":"5.376","stl":"0.659","blk":"0.071","tov":"3.882","pf":"3.176","pts":"26.565"},{"game_id":1159,"team_name":"PHO","player_id":"{\"paulch01\"}","player_name":"{\"Chris Paul\"}","fg":"6.847","fga":"13.953","fg_pct":"0.491","three_p":"1.094","three_pa":"2.753","three_p_pct":"0.397","ft":"3.906","fta":"4.059","ft_pct":"0.962","orb":"0.294","drb":"3.600","trb":"3.894","ast":"9.635","stl":"1.588","blk":"0.118","tov":"1.471","pf":"1.847","pts":"18.694"},{"game_id":1159,"team_name":"PHO","player_id":"benchPHO","player_name":"Bench of PHO","fg":"3.172","fga":"6.748","fg_pct":"0.470","three_p":"1.553","three_pa":"3.724","three_p_pct":"0.417","ft":"0.935","fta":"1.083","ft_pct":"0.863","orb":"0.460","drb":"3.078","trb":"3.537","ast":"1.764","stl":"0.575","blk":"0.560","tov":"0.733","pf":"1.776","pts":"8.832"}]