[{"game_id":1000,"team_name":"DAL","player_id":"{\"richajo01\"}","player_name":"{\"Josh Richardson\"}","ts_pct":"0.506","efg_pct":"0.472","three_par":"0.374","ftr":"0.144","orb_pct":"2.508","drb_pct":"7.961","trb_pct":"4.878","ast_pct":"9.254","stl_pct":"2.394","blk_pct":"1.125","tov_pct":"10.111","usg_pct":"20.294","ortg":"103.471","drtg":"117.624","bpm":"-3.528"},{"game_id":1000,"team_name":"DAL","player_id":"{\"hardati02\"}","player_name":"{\"Tim Hardaway Jr.\"}","ts_pct":"0.584","efg_pct":"0.549","three_par":"0.561","ftr":"0.250","orb_pct":"0.715","drb_pct":"13.331","trb_pct":"7.144","ast_pct":"10.274","stl_pct":"0.398","blk_pct":"0.838","tov_pct":"7.018","usg_pct":"27.068","ortg":"114.471","drtg":"116.576","bpm":"-0.436"},{"game_id":1000,"team_name":"DAL","player_id":"{\"brunsja01\"}","player_name":"{\"Jalen Brunson\"}","ts_pct":"0.564","efg_pct":"0.530","three_par":"0.226","ftr":"0.148","orb_pct":"1.875","drb_pct":"10.439","trb_pct":"5.978","ast_pct":"20.736","stl_pct":"0.840","blk_pct":"0.000","tov_pct":"6.255","usg_pct":"22.311","ortg":"120.247","drtg":"117.518","bpm":"-0.938"},{"game_id":1000,"team_name":"DAL","player_id":"{\"finnedo01\"}","player_name":"{\"Dorian Finney-Smith\"}","ts_pct":"0.773","efg_pct":"0.768","three_par":"0.664","ftr":"0.141","orb_pct":"5.944","drb_pct":"11.780","trb_pct":"8.900","ast_pct":"9.780","stl_pct":"1.498","blk_pct":"0.828","tov_pct":"15.279","usg_pct":"13.256","ortg":"139.871","drtg":"116.353","bpm":"3.251"},{"game_id":1000,"team_name":"DAL","player_id":"{\"greenjo02\"}","player_name":"{\"Josh Green\"}","ts_pct":"0.534","efg_pct":"0.498","three_par":"0.237","ftr":"0.173","orb_pct":"10.749","drb_pct":"10.725","trb_pct":"10.801","ast_pct":"6.525","stl_pct":"4.821","blk_pct":"2.071","tov_pct":"9.032","usg_pct":"12.581","ortg":"118.729","drtg":"105.024","bpm":"1.505"},{"game_id":1000,"team_name":"DAL","player_id":"{\"doncilu01\"}","player_name":"{\"Luka Dončić\"}","ts_pct":"0.583","efg_pct":"0.555","three_par":"0.474","ftr":"0.380","orb_pct":"3.394","drb_pct":"26.419","trb_pct":"14.488","ast_pct":"44.946","stl_pct":"1.636","blk_pct":"0.292","tov_pct":"17.898","usg_pct":"36.868","ortg":"112.153","drtg":"112.741","bpm":"5.362"},{"game_id":1000,"team_name":"DAL","player_id":"benchDAL","player_name":"Bench of DAL","ts_pct":"0.545","efg_pct":"0.488","three_par":"0.118","ftr":"0.438","orb_pct":"9.219","drb_pct":"20.648","trb_pct":"14.933","ast_pct":"7.066","stl_pct":"1.387","blk_pct":"2.391","tov_pct":"9.006","usg_pct":"15.575","ortg":"117.927","drtg":"109.937","bpm":"-1.370"},{"game_id":1000,"team_name":"CLE","player_id":"{\"martije02\"}","player_name":"{\"Jeremiah Martin\"}","ts_pct":"0.333","efg_pct":"0.331","three_par":"0.281","ftr":"0.135","orb_pct":"0.000","drb_pct":"10.892","trb_pct":"4.667","ast_pct":"13.176","stl_pct":"2.519","blk_pct":"1.104","tov_pct":"14.268","usg_pct":"30.266","ortg":"63.388","drtg":"123.859","bpm":"-16.347"},{"game_id":1000,"team_name":"CLE","player_id":"{\"varejan01\"}","player_name":"{\"Anderson Varejão\"}","ts_pct":"0.213","efg_pct":"0.229","three_par":"0.000","ftr":"0.359","orb_pct":"12.269","drb_pct":"24.527","trb_pct":"17.960","ast_pct":"11.675","stl_pct":"1.181","blk_pct":"5.053","tov_pct":"18.225","usg_pct":"14.546","ortg":"61.365","drtg":"107.553","bpm":"-7.187"},{"game_id":1000,"team_name":"CLE","player_id":"{\"osmande01\"}","player_name":"{\"Cedi Osman\"}","ts_pct":"0.561","efg_pct":"0.481","three_par":"0.478","ftr":"0.169","orb_pct":"3.786","drb_pct":"11.414","trb_pct":"7.393","ast_pct":"20.495","stl_pct":"1.220","blk_pct":"0.394","tov_pct":"15.029","usg_pct":"20.602","ortg":"111.341","drtg":"127.129","bpm":"-3.811"},{"game_id":1000,"team_name":"CLE","player_id":"{\"sextoco01\"}","player_name":"{\"Collin Sexton\"}","ts_pct":"0.567","efg_pct":"0.527","three_par":"0.256","ftr":"0.327","orb_pct":"5.885","drb_pct":"8.544","trb_pct":"7.286","ast_pct":"23.465","stl_pct":"1.386","blk_pct":"1.125","tov_pct":"12.122","usg_pct":"31.911","ortg":"110.482","drtg":"126.294","bpm":"-1.054"},{"game_id":1000,"team_name":"CLE","player_id":"{\"okorois01\"}","player_name":"{\"Isaac Okoro\"}","ts_pct":"0.502","efg_pct":"0.434","three_par":"0.325","ftr":"0.530","orb_pct":"4.839","drb_pct":"6.802","trb_pct":"5.634","ast_pct":"9.554","stl_pct":"1.062","blk_pct":"0.118","tov_pct":"7.414","usg_pct":"17.468","ortg":"109.271","drtg":"128.412","bpm":"-5.901"},{"game_id":1000,"team_name":"CLE","player_id":"{\"kabenmf01\"}","player_name":"{\"Mfiondu Kabengele\"}","ts_pct":"0.535","efg_pct":"0.522","three_par":"0.719","ftr":"0.471","orb_pct":"1.388","drb_pct":"11.996","trb_pct":"6.339","ast_pct":"11.738","stl_pct":"1.320","blk_pct":"2.740","tov_pct":"5.647","usg_pct":"16.556","ortg":"105.953","drtg":"124.776","bpm":"-3.316"},{"game_id":1000,"team_name":"CLE","player_id":"benchCLE","player_name":"Bench of CLE","ts_pct":"0.557","efg_pct":"0.533","three_par":"0.364","ftr":"0.236","orb_pct":"6.223","drb_pct":"16.738","trb_pct":"11.250","ast_pct":"13.454","stl_pct":"0.918","blk_pct":"2.179","tov_pct":"16.042","usg_pct":"16.012","ortg":"104.150","drtg":"124.057","bpm":"-3.542"}]