[{"game_id":1006,"team_name":"PHI","player_id":"teamPHI","player_name":"Team name: PHI","ts_pct":"0.692","efg_pct":"0.646","three_par":"0.466","ftr":"0.436","orb_pct":"6.727","drb_pct":"18.269","trb_pct":"12.648","ast_pct":"17.620","stl_pct":"2.840","blk_pct":"3.084","tov_pct":"13.895","usg_pct":"24.953","ortg":"140.115","drtg":"137.337","bpm":"0.016"},{"game_id":1006,"team_name":"DET","player_id":"teamDET","player_name":"Team name: DET","ts_pct":"0.533","efg_pct":"0.504","three_par":"0.314","ftr":"0.244","orb_pct":"3.992","drb_pct":"14.681","trb_pct":"9.627","ast_pct":"14.561","stl_pct":"1.230","blk_pct":"1.624","tov_pct":"14.039","usg_pct":"18.768","ortg":"102.837","drtg":"109.025","bpm":"-2.403"}]