[{"game_id":1104,"team_name":"LAL","player_id":"teamLAL","player_name":"Team name: LAL","fg":"39.006","fga":"86.263","fg_pct":"0.452","three_p":"10.080","three_pa":"29.743","three_p_pct":"0.339","ft":"19.560","fta":"26.749","ft_pct":"0.731","orb":"10.566","drb":"31.874","trb":"42.440","ast":"24.903","stl":"9.011","blk":"4.777","tov":"11.823","pf":"18.994","pts":"107.651"},{"game_id":1104,"team_name":"PHO","player_id":"teamPHO","player_name":"Team name: PHO","fg":"42.829","fga":"86.743","fg_pct":"0.494","three_p":"12.491","three_pa":"31.760","three_p_pct":"0.393","ft":"18.440","fta":"20.389","ft_pct":"0.904","orb":"8.503","drb":"32.189","trb":"40.691","ast":"26.349","stl":"6.651","blk":"4.291","tov":"10.457","pf":"19.417","pts":"116.589"}]