[{"game_id":1121,"team_name":"PHO","player_id":"{\"mooreet01\"}","player_name":"{\"E'Twaun Moore\"}","fg":"2.024","fga":"3.706","fg_pct":"0.546","three_p":"0.624","three_pa":"1.224","three_p_pct":"0.510","ft":"0.518","fta":"0.518","ft_pct":"1.000","orb":"0.412","drb":"0.812","trb":"1.224","ast":"1.400","stl":"0.235","blk":"0.212","tov":"0.824","pf":"0.400","pts":"5.188"},{"game_id":1121,"team_name":"PHO","player_id":"{\"gallola01\"}","player_name":"{\"Langston Galloway\"}","fg":"1.482","fga":"4.400","fg_pct":"0.337","three_p":"0.729","three_pa":"2.518","three_p_pct":"0.290","ft":"0.659","fta":"0.776","ft_pct":"0.849","orb":"0.294","drb":"0.871","trb":"1.165","ast":"0.376","stl":"0.188","blk":"0.000","tov":"0.318","pf":"0.506","pts":"4.353"},{"game_id":1121,"team_name":"PHO","player_id":"{\"carteje01\"}","player_name":"{\"Jevon Carter\"}","fg":"2.612","fga":"5.918","fg_pct":"0.441","three_p":"1.094","three_pa":"2.976","three_p_pct":"0.368","ft":"0.200","fta":"0.259","ft_pct":"0.772","orb":"0.506","drb":"1.965","trb":"2.471","ast":"1.871","stl":"0.824","blk":"0.000","tov":"0.435","pf":"0.447","pts":"6.518"},{"game_id":1121,"team_name":"PHO","player_id":"{\"saricda01\"}","player_name":"{\"Dario Šarić\"}","fg":"2.141","fga":"5.353","fg_pct":"0.400","three_p":"0.447","three_pa":"1.588","three_p_pct":"0.281","ft":"1.788","fta":"2.165","ft_pct":"0.826","orb":"0.953","drb":"2.106","trb":"3.059","ast":"1.024","stl":"0.753","blk":"0.188","tov":"1.082","pf":"1.941","pts":"6.518"},{"game_id":1121,"team_name":"PHO","player_id":"{\"smithja04\"}","player_name":"{\"Jalen Smith\"}","fg":"1.565","fga":"3.106","fg_pct":"0.504","three_p":"0.259","three_pa":"0.929","three_p_pct":"0.279","ft":"0.518","fta":"0.518","ft_pct":"1.000","orb":"0.212","drb":"2.600","trb":"2.812","ast":"0.306","stl":"0.071","blk":"0.447","tov":"0.329","pf":"0.906","pts":"3.906"},{"game_id":1121,"team_name":"PHO","player_id":"{\"bookede01\"}","player_name":"{\"Devin Booker\"}","fg":"7.529","fga":"17.953","fg_pct":"0.419","three_p":"1.400","three_pa":"4.906","three_p_pct":"0.285","ft":"8.024","fta":"8.706","ft_pct":"0.922","orb":"0.812","drb":"3.835","trb":"4.647","ast":"4.365","stl":"0.341","blk":"0.000","tov":"3.835","pf":"2.988","pts":"24.482"},{"game_id":1121,"team_name":"PHO","player_id":"benchPHO","player_name":"Bench of PHO","fg":"4.253","fga":"8.559","fg_pct":"0.497","three_p":"1.324","three_pa":"3.505","three_p_pct":"0.378","ft":"1.246","fta":"1.537","ft_pct":"0.811","orb":"0.965","drb":"3.868","trb":"4.832","ast":"2.675","stl":"0.928","blk":"0.606","tov":"0.957","pf":"2.204","pts":"11.076"},{"game_id":1121,"team_name":"LAL","player_id":"{\"dudleja01\"}","player_name":"{\"Jared Dudley\"}","fg":"0.106","fga":"1.012","fg_pct":"0.105","three_p":"0.106","three_pa":"0.612","three_p_pct":"0.173","ft":"0.000","fta":"0.000","ft_pct":"NaN","orb":"0.329","drb":"1.635","trb":"1.965","ast":"0.541","stl":"0.141","blk":"0.129","tov":"0.224","pf":"0.835","pts":"0.318"},{"game_id":1121,"team_name":"LAL","player_id":"{\"jamesle01\"}","player_name":"{\"LeBron James\"}","fg":"8.271","fga":"16.941","fg_pct":"0.488","three_p":"1.894","three_pa":"5.729","three_p_pct":"0.331","ft":"2.859","fta":"4.565","ft_pct":"0.626","orb":"1.388","drb":"5.482","trb":"6.871","ast":"7.835","stl":"1.518","blk":"0.165","tov":"3.941","pf":"1.235","pts":"21.294"},{"game_id":1121,"team_name":"LAL","player_id":"{\"schrode01\"}","player_name":"{\"Dennis Schröder\"}","fg":"5.012","fga":"12.165","fg_pct":"0.412","three_p":"1.388","three_pa":"4.600","three_p_pct":"0.302","ft":"3.259","fta":"3.859","ft_pct":"0.845","orb":"0.447","drb":"2.529","trb":"2.976","ast":"4.435","stl":"1.082","blk":"0.224","tov":"2.082","pf":"2.294","pts":"14.671"},{"game_id":1121,"team_name":"LAL","player_id":"{\"kuzmaky01\"}","player_name":"{\"Kyle Kuzma\"}","fg":"2.976","fga":"8.035","fg_pct":"0.370","three_p":"0.824","three_pa":"3.612","three_p_pct":"0.228","ft":"1.059","fta":"1.353","ft_pct":"0.783","orb":"0.953","drb":"3.953","trb":"4.906","ast":"2.306","stl":"0.471","blk":"0.200","tov":"1.000","pf":"1.659","pts":"7.835"},{"game_id":1121,"team_name":"LAL","player_id":"{\"matthwe02\"}","player_name":"{\"Wesley Matthews\"}","fg":"1.553","fga":"4.200","fg_pct":"0.370","three_p":"1.165","three_pa":"3.541","three_p_pct":"0.329","ft":"0.576","fta":"0.576","ft_pct":"1.000","orb":"0.482","drb":"0.800","trb":"1.282","ast":"0.600","stl":"0.388","blk":"0.059","tov":"0.224","pf":"1.400","pts":"4.847"},{"game_id":1121,"team_name":"LAL","player_id":"{\"drumman01\"}","player_name":"{\"Andre Drummond\"}","fg":"4.412","fga":"7.541","fg_pct":"0.585","three_p":"0.000","three_pa":"0.000","three_p_pct":"NaN","ft":"1.329","fta":"2.459","ft_pct":"0.540","orb":"3.635","drb":"7.494","trb":"11.129","ast":"0.518","stl":"0.706","blk":"1.141","tov":"1.600","pf":"2.624","pts":"10.153"},{"game_id":1121,"team_name":"LAL","player_id":"benchLAL","player_name":"Bench of LAL","fg":"2.434","fga":"5.410","fg_pct":"0.450","three_p":"0.891","three_pa":"2.402","three_p_pct":"0.371","ft":"0.935","fta":"1.311","ft_pct":"0.713","orb":"0.579","drb":"1.781","trb":"2.360","ast":"1.601","stl":"0.686","blk":"0.323","tov":"0.879","pf":"1.614","pts":"6.693"}]