[{"game_id":1134,"team_name":"PHI","player_id":"{\"korkmfu01\"}","player_name":"{\"Furkan Korkmaz\"}","ts_pct":"0.506","efg_pct":"0.509","three_par":"0.563","ftr":"0.130","orb_pct":"3.493","drb_pct":"13.560","trb_pct":"8.691","ast_pct":"6.331","stl_pct":"1.615","blk_pct":"0.000","tov_pct":"8.348","usg_pct":"21.571","ortg":"98.035","drtg":"113.906","bpm":"-4.440"},{"game_id":1134,"team_name":"PHI","player_id":"{\"maxeyty01\"}","player_name":"{\"Tyrese Maxey\"}","ts_pct":"0.537","efg_pct":"0.508","three_par":"0.136","ftr":"0.316","orb_pct":"0.315","drb_pct":"13.765","trb_pct":"7.146","ast_pct":"16.727","stl_pct":"1.281","blk_pct":"3.753","tov_pct":"4.911","usg_pct":"24.040","ortg":"114.153","drtg":"112.235","bpm":"-2.300"},{"game_id":1134,"team_name":"PHI","player_id":"{\"harrito02\"}","player_name":"{\"Tobias Harris\"}","ts_pct":"0.588","efg_pct":"0.546","three_par":"0.235","ftr":"0.248","orb_pct":"2.833","drb_pct":"27.232","trb_pct":"15.422","ast_pct":"15.873","stl_pct":"1.873","blk_pct":"1.401","tov_pct":"6.989","usg_pct":"26.774","ortg":"118.635","drtg":"108.141","bpm":"4.106"},{"game_id":1134,"team_name":"PHI","player_id":"{\"embiijo01\"}","player_name":"{\"Joel Embiid\"}","ts_pct":"0.682","efg_pct":"0.593","three_par":"0.208","ftr":"0.553","orb_pct":"3.686","drb_pct":"29.768","trb_pct":"16.878","ast_pct":"15.687","stl_pct":"2.125","blk_pct":"2.934","tov_pct":"13.914","usg_pct":"32.540","ortg":"124.976","drtg":"104.871","bpm":"8.406"},{"game_id":1134,"team_name":"PHI","player_id":"{\"simmobe01\"}","player_name":"{\"Ben Simmons\"}","ts_pct":"0.622","efg_pct":"0.681","three_par":"0.010","ftr":"0.769","orb_pct":"7.781","drb_pct":"19.324","trb_pct":"13.454","ast_pct":"37.047","stl_pct":"2.265","blk_pct":"1.811","tov_pct":"16.458","usg_pct":"18.928","ortg":"129.353","drtg":"108.906","bpm":"6.346"},{"game_id":1134,"team_name":"PHI","player_id":"{\"curryse01\"}","player_name":"{\"Seth Curry\"}","ts_pct":"0.687","efg_pct":"0.674","three_par":"0.555","ftr":"0.109","orb_pct":"0.301","drb_pct":"8.212","trb_pct":"4.080","ast_pct":"13.325","stl_pct":"0.813","blk_pct":"0.000","tov_pct":"5.446","usg_pct":"18.114","ortg":"134.059","drtg":"116.188","bpm":"2.082"},{"game_id":1134,"team_name":"PHI","player_id":"benchPHI","player_name":"Bench of PHI","ts_pct":"0.529","efg_pct":"0.469","three_par":"0.487","ftr":"0.379","orb_pct":"4.627","drb_pct":"9.936","trb_pct":"7.334","ast_pct":"9.120","stl_pct":"1.949","blk_pct":"2.887","tov_pct":"15.197","usg_pct":"16.084","ortg":"105.214","drtg":"111.092","bpm":"-2.971"},{"game_id":1134,"team_name":"ATL","player_id":"{\"hillso01\"}","player_name":"{\"Solomon Hill\"}","ts_pct":"0.312","efg_pct":"0.243","three_par":"0.791","ftr":"0.082","orb_pct":"2.895","drb_pct":"14.314","trb_pct":"9.224","ast_pct":"6.313","stl_pct":"1.118","blk_pct":"0.551","tov_pct":"2.891","usg_pct":"8.632","ortg":"79.094","drtg":"108.894","bpm":"-3.153"},{"game_id":1134,"team_name":"ATL","player_id":"{\"okongon01\"}","player_name":"{\"Onyeka Okongwu\"}","ts_pct":"0.551","efg_pct":"0.446","three_par":"0.000","ftr":"0.212","orb_pct":"18.012","drb_pct":"16.953","trb_pct":"17.668","ast_pct":"4.158","stl_pct":"1.401","blk_pct":"8.453","tov_pct":"28.039","usg_pct":"11.548","ortg":"101.541","drtg":"101.118","bpm":"-1.360"},{"game_id":1134,"team_name":"ATL","player_id":"{\"bogdabo01\"}","player_name":"{\"Bogdan Bogdanović\"}","ts_pct":"0.597","efg_pct":"0.588","three_par":"0.628","ftr":"0.059","orb_pct":"2.189","drb_pct":"13.560","trb_pct":"8.198","ast_pct":"18.767","stl_pct":"2.220","blk_pct":"0.953","tov_pct":"6.932","usg_pct":"20.331","ortg":"121.765","drtg":"106.682","bpm":"5.932"},{"game_id":1134,"team_name":"ATL","player_id":"{\"youngtr01\"}","player_name":"{\"Trae Young\"}","ts_pct":"0.580","efg_pct":"0.506","three_par":"0.388","ftr":"0.350","orb_pct":"0.960","drb_pct":"7.522","trb_pct":"4.501","ast_pct":"49.981","stl_pct":"1.404","blk_pct":"0.000","tov_pct":"11.571","usg_pct":"35.178","ortg":"120.141","drtg":"109.871","bpm":"7.478"},{"game_id":1134,"team_name":"ATL","player_id":"{\"huertke01\"}","player_name":"{\"Kevin Huerter\"}","ts_pct":"0.625","efg_pct":"0.626","three_par":"0.634","ftr":"0.110","orb_pct":"2.688","drb_pct":"14.248","trb_pct":"8.755","ast_pct":"12.652","stl_pct":"0.932","blk_pct":"2.938","tov_pct":"11.475","usg_pct":"17.300","ortg":"118.141","drtg":"108.482","bpm":"2.772"},{"game_id":1134,"team_name":"ATL","player_id":"{\"collijo01\"}","player_name":"{\"John Collins\"}","ts_pct":"0.671","efg_pct":"0.635","three_par":"0.457","ftr":"0.328","orb_pct":"2.498","drb_pct":"17.655","trb_pct":"10.651","ast_pct":"3.685","stl_pct":"0.971","blk_pct":"2.304","tov_pct":"9.719","usg_pct":"17.462","ortg":"126.600","drtg":"105.224","bpm":"3.211"},{"game_id":1134,"team_name":"ATL","player_id":"benchATL","player_name":"Bench of ATL","ts_pct":"0.493","efg_pct":"0.446","three_par":"0.299","ftr":"0.261","orb_pct":"3.831","drb_pct":"16.427","trb_pct":"10.417","ast_pct":"8.222","stl_pct":"1.286","blk_pct":"1.944","tov_pct":"11.472","usg_pct":"18.417","ortg":"98.696","drtg":"108.931","bpm":"-3.423"}]