[{"game_id":1131,"team_name":"LAC","player_id":"teamLAC","player_name":"Team name: LAC","ts_pct":"0.621","efg_pct":"0.579","three_par":"0.434","ftr":"0.277","orb_pct":"5.422","drb_pct":"16.925","trb_pct":"11.524","ast_pct":"14.264","stl_pct":"1.452","blk_pct":"2.368","tov_pct":"9.588","usg_pct":"19.451","ortg":"125.406","drtg":"121.843","bpm":"-0.598"},{"game_id":1131,"team_name":"DAL","player_id":"teamDAL","player_name":"Team name: DAL","ts_pct":"0.551","efg_pct":"0.509","three_par":"0.402","ftr":"0.288","orb_pct":"5.609","drb_pct":"17.279","trb_pct":"11.141","ast_pct":"15.212","stl_pct":"1.393","blk_pct":"1.278","tov_pct":"11.230","usg_pct":"21.281","ortg":"121.605","drtg":"138.882","bpm":"-1.964"}]