[{"game_id":1003,"team_name":"POR","player_id":"teamPOR","player_name":"Team name: POR","fg":"45.269","fga":"94.091","fg_pct":"0.481","three_p":"15.926","three_pa":"37.457","three_p_pct":"0.425","ft":"17.897","fta":"21.611","ft_pct":"0.828","orb":"10.886","drb":"36.440","trb":"47.326","ast":"24.486","stl":"6.863","blk":"4.766","tov":"9.897","pf":"18.314","pts":"124.360"},{"game_id":1003,"team_name":"LAL","player_id":"teamLAL","player_name":"Team name: LAL","fg":"39.109","fga":"85.554","fg_pct":"0.457","three_p":"10.663","three_pa":"32.366","three_p_pct":"0.329","ft":"15.840","fta":"22.651","ft_pct":"0.699","orb":"9.223","drb":"31.971","trb":"41.194","ast":"24.017","stl":"8.189","blk":"6.480","tov":"13.669","pf":"20.029","pts":"104.720"}]