[{"game_id":122,"team_name":"DET","player_id":"teamDET","player_name":"Team name: DET","ts_pct":"0.573","efg_pct":"0.532","three_par":"0.416","ftr":"0.290","orb_pct":"5.687","drb_pct":"16.754","trb_pct":"10.748","ast_pct":"15.917","stl_pct":"1.631","blk_pct":"1.689","tov_pct":"11.092","usg_pct":"21.416","ortg":"122.796","drtg":"132.338","bpm":"-2.807"},{"game_id":122,"team_name":"PHO","player_id":"teamPHO","player_name":"Team name: PHO","ts_pct":"0.581","efg_pct":"0.545","three_par":"0.492","ftr":"0.221","orb_pct":"5.754","drb_pct":"16.455","trb_pct":"11.269","ast_pct":"16.254","stl_pct":"1.090","blk_pct":"1.580","tov_pct":"13.459","usg_pct":"21.374","ortg":"120.955","drtg":"119.888","bpm":"0.172"}]