[{"game_id":1113,"team_name":"ATL","player_id":"{\"hillso01\"}","player_name":"{\"Solomon Hill\"}","ts_pct":"0.331","efg_pct":"0.205","three_par":"0.713","ftr":"0.306","orb_pct":"1.372","drb_pct":"13.880","trb_pct":"8.532","ast_pct":"5.859","stl_pct":"1.188","blk_pct":"0.085","tov_pct":"7.293","usg_pct":"7.356","ortg":"83.741","drtg":"111.329","bpm":"-4.929"},{"game_id":1113,"team_name":"ATL","player_id":"{\"bogdabo01\"}","player_name":"{\"Bogdan Bogdanović\"}","ts_pct":"0.664","efg_pct":"0.658","three_par":"0.583","ftr":"0.060","orb_pct":"2.038","drb_pct":"10.275","trb_pct":"6.544","ast_pct":"17.129","stl_pct":"2.306","blk_pct":"1.505","tov_pct":"5.256","usg_pct":"21.802","ortg":"131.165","drtg":"108.835","bpm":"8.311"},{"game_id":1113,"team_name":"ATL","player_id":"{\"youngtr01\"}","player_name":"{\"Trae Young\"}","ts_pct":"0.582","efg_pct":"0.509","three_par":"0.303","ftr":"0.341","orb_pct":"1.406","drb_pct":"9.608","trb_pct":"5.825","ast_pct":"51.133","stl_pct":"0.800","blk_pct":"0.141","tov_pct":"12.820","usg_pct":"33.436","ortg":"121.494","drtg":"113.047","bpm":"5.456"},{"game_id":1113,"team_name":"ATL","player_id":"{\"knighna01\"}","player_name":"{\"Nathan Knight\"}","ts_pct":"0.447","efg_pct":"0.289","three_par":"0.441","ftr":"0.776","orb_pct":"8.378","drb_pct":"20.869","trb_pct":"14.891","ast_pct":"6.932","stl_pct":"1.206","blk_pct":"5.954","tov_pct":"1.356","usg_pct":"26.168","ortg":"106.565","drtg":"109.071","bpm":"-4.001"},{"game_id":1113,"team_name":"ATL","player_id":"{\"mayssk01\"}","player_name":"{\"Skylar Mays\"}","ts_pct":"0.669","efg_pct":"0.604","three_par":"0.378","ftr":"0.353","orb_pct":"0.434","drb_pct":"9.293","trb_pct":"4.915","ast_pct":"12.345","stl_pct":"3.252","blk_pct":"1.866","tov_pct":"4.404","usg_pct":"20.300","ortg":"135.235","drtg":"109.988","bpm":"5.691"},{"game_id":1113,"team_name":"ATL","player_id":"{\"collijo01\"}","player_name":"{\"John Collins\"}","ts_pct":"0.622","efg_pct":"0.600","three_par":"0.477","ftr":"0.236","orb_pct":"1.984","drb_pct":"19.766","trb_pct":"11.588","ast_pct":"2.636","stl_pct":"1.025","blk_pct":"3.034","tov_pct":"12.344","usg_pct":"18.691","ortg":"112.047","drtg":"106.365","bpm":"0.525"},{"game_id":1113,"team_name":"ATL","player_id":"benchATL","player_name":"Bench of ATL","ts_pct":"0.497","efg_pct":"0.468","three_par":"0.261","ftr":"0.227","orb_pct":"4.699","drb_pct":"17.839","trb_pct":"11.775","ast_pct":"9.944","stl_pct":"1.256","blk_pct":"2.907","tov_pct":"13.312","usg_pct":"17.619","ortg":"99.686","drtg":"109.084","bpm":"-1.948"},{"game_id":1113,"team_name":"NYK","player_id":"{\"randlju01\"}","player_name":"{\"Julius Randle\"}","ts_pct":"0.446","efg_pct":"0.371","three_par":"0.341","ftr":"0.344","orb_pct":"2.886","drb_pct":"26.776","trb_pct":"14.573","ast_pct":"24.922","stl_pct":"0.593","blk_pct":"0.461","tov_pct":"14.149","usg_pct":"30.746","ortg":"91.024","drtg":"107.976","bpm":"-1.964"},{"game_id":1113,"team_name":"NYK","player_id":"{\"barrerj01\"}","player_name":"{\"RJ Barrett\"}","ts_pct":"0.470","efg_pct":"0.434","three_par":"0.409","ftr":"0.202","orb_pct":"2.009","drb_pct":"19.004","trb_pct":"10.342","ast_pct":"13.984","stl_pct":"0.934","blk_pct":"1.155","tov_pct":"6.266","usg_pct":"22.351","ortg":"99.612","drtg":"108.282","bpm":"-0.574"},{"game_id":1113,"team_name":"NYK","player_id":"{\"bullore01\"}","player_name":"{\"Reggie Bullock\"}","ts_pct":"0.603","efg_pct":"0.581","three_par":"0.740","ftr":"0.142","orb_pct":"2.682","drb_pct":"9.604","trb_pct":"6.278","ast_pct":"6.285","stl_pct":"1.228","blk_pct":"0.513","tov_pct":"5.885","usg_pct":"14.884","ortg":"119.165","drtg":"110.212","bpm":"0.834"},{"game_id":1113,"team_name":"NYK","player_id":"{\"knoxke01\"}","player_name":"{\"Kevin Knox\"}","ts_pct":"0.271","efg_pct":"0.204","three_par":"0.380","ftr":"0.086","orb_pct":"1.329","drb_pct":"19.945","trb_pct":"11.534","ast_pct":"9.482","stl_pct":"5.726","blk_pct":"0.000","tov_pct":"2.653","usg_pct":"16.249","ortg":"56.082","drtg":"100.400","bpm":"-0.640"},{"game_id":1113,"team_name":"NYK","player_id":"{\"rosede01\"}","player_name":"{\"Derrick Rose\"}","ts_pct":"0.609","efg_pct":"0.578","three_par":"0.192","ftr":"0.125","orb_pct":"3.088","drb_pct":"11.493","trb_pct":"7.133","ast_pct":"28.811","stl_pct":"0.994","blk_pct":"0.505","tov_pct":"12.156","usg_pct":"26.239","ortg":"116.118","drtg":"111.341","bpm":"4.715"},{"game_id":1113,"team_name":"NYK","player_id":"{\"ntilila01\"}","player_name":"{\"Frank Ntilikina\"}","ts_pct":"0.274","efg_pct":"0.274","three_par":"0.308","ftr":"0.059","orb_pct":"1.165","drb_pct":"5.224","trb_pct":"3.207","ast_pct":"4.151","stl_pct":"13.374","blk_pct":"1.481","tov_pct":"2.351","usg_pct":"6.533","ortg":"58.071","drtg":"81.753","bpm":"9.178"},{"game_id":1113,"team_name":"NYK","player_id":"benchNYK","player_name":"Bench of NYK","ts_pct":"0.615","efg_pct":"0.583","three_par":"0.282","ftr":"0.402","orb_pct":"5.464","drb_pct":"15.333","trb_pct":"10.325","ast_pct":"9.029","stl_pct":"1.205","blk_pct":"3.052","tov_pct":"5.640","usg_pct":"16.068","ortg":"130.654","drtg":"106.819","bpm":"1.855"}]