[{"game_id":1113,"team_name":"ATL","player_id":"teamATL","player_name":"Team name: ATL","ts_pct":"0.597","efg_pct":"0.559","three_par":"0.382","ftr":"0.220","orb_pct":"3.988","drb_pct":"16.575","trb_pct":"10.873","ast_pct":"15.201","stl_pct":"1.345","blk_pct":"2.585","tov_pct":"11.233","usg_pct":"20.875","ortg":"119.509","drtg":"117.775","bpm":"0.269"},{"game_id":1113,"team_name":"NYK","player_id":"teamNYK","player_name":"Team name: NYK","ts_pct":"0.543","efg_pct":"0.506","three_par":"0.324","ftr":"0.291","orb_pct":"3.790","drb_pct":"16.095","trb_pct":"9.920","ast_pct":"13.650","stl_pct":"2.215","blk_pct":"1.938","tov_pct":"8.502","usg_pct":"18.937","ortg":"114.108","drtg":"113.795","bpm":"0.235"}]