[{"game_id":1086,"team_name":"GSW","player_id":"{\"muldemy01\"}","player_name":"{\"Mychal Mulder\"}","ts_pct":"0.531","efg_pct":"0.522","three_par":"0.849","ftr":"0.061","orb_pct":"1.607","drb_pct":"6.628","trb_pct":"4.360","ast_pct":"3.925","stl_pct":"0.421","blk_pct":"1.586","tov_pct":"8.198","usg_pct":"16.741","ortg":"99.059","drtg":"112.518","bpm":"-1.552"},{"game_id":1086,"team_name":"GSW","player_id":"{\"curryst01\"}","player_name":"{\"Stephen Curry\"}","ts_pct":"0.627","efg_pct":"0.576","three_par":"0.591","ftr":"0.299","orb_pct":"1.347","drb_pct":"13.780","trb_pct":"7.979","ast_pct":"28.336","stl_pct":"1.592","blk_pct":"0.254","tov_pct":"11.813","usg_pct":"40.829","ortg":"115.541","drtg":"108.471","bpm":"6.696"},{"game_id":1086,"team_name":"GSW","player_id":"{\"greendr01\"}","player_name":"{\"Draymond Green\"}","ts_pct":"0.603","efg_pct":"0.535","three_par":"0.255","ftr":"0.384","orb_pct":"2.425","drb_pct":"22.975","trb_pct":"13.241","ast_pct":"35.166","stl_pct":"2.722","blk_pct":"2.662","tov_pct":"29.231","usg_pct":"13.244","ortg":"123.400","drtg":"101.741","bpm":"5.665"},{"game_id":1086,"team_name":"GSW","player_id":"{\"wiggian01\"}","player_name":"{\"Andrew Wiggins\"}","ts_pct":"0.591","efg_pct":"0.583","three_par":"0.284","ftr":"0.110","orb_pct":"5.982","drb_pct":"10.015","trb_pct":"8.319","ast_pct":"10.545","stl_pct":"0.578","blk_pct":"2.099","tov_pct":"7.704","usg_pct":"25.311","ortg":"114.400","drtg":"110.847","bpm":"-0.016"},{"game_id":1086,"team_name":"GSW","player_id":"{\"poolejo01\"}","player_name":"{\"Jordan Poole\"}","ts_pct":"0.669","efg_pct":"0.624","three_par":"0.659","ftr":"0.297","orb_pct":"3.541","drb_pct":"7.854","trb_pct":"5.742","ast_pct":"14.027","stl_pct":"0.734","blk_pct":"0.647","tov_pct":"9.380","usg_pct":"25.900","ortg":"125.047","drtg":"112.706","bpm":"3.482"},{"game_id":1086,"team_name":"GSW","player_id":"{\"toscaju01\"}","player_name":"{\"Juan Toscano-Anderson\"}","ts_pct":"0.679","efg_pct":"0.665","three_par":"0.565","ftr":"0.104","orb_pct":"1.693","drb_pct":"20.135","trb_pct":"11.387","ast_pct":"18.518","stl_pct":"1.881","blk_pct":"2.192","tov_pct":"20.996","usg_pct":"11.704","ortg":"124.224","drtg":"105.400","bpm":"2.200"},{"game_id":1086,"team_name":"GSW","player_id":"benchGSW","player_name":"Bench of GSW","ts_pct":"0.589","efg_pct":"0.539","three_par":"0.289","ftr":"0.379","orb_pct":"6.581","drb_pct":"20.112","trb_pct":"13.853","ast_pct":"8.522","stl_pct":"1.743","blk_pct":"1.387","tov_pct":"14.415","usg_pct":"12.578","ortg":"116.844","drtg":"105.923","bpm":"-1.990"},{"game_id":1086,"team_name":"MEM","player_id":"{\"meltode01\"}","player_name":"{\"De'Anthony Melton\"}","ts_pct":"0.398","efg_pct":"0.373","three_par":"0.603","ftr":"0.108","orb_pct":"1.480","drb_pct":"9.998","trb_pct":"5.989","ast_pct":"13.446","stl_pct":"2.062","blk_pct":"3.099","tov_pct":"18.286","usg_pct":"18.374","ortg":"82.118","drtg":"110.600","bpm":"-4.132"},{"game_id":1086,"team_name":"MEM","player_id":"{\"jonesty01\"}","player_name":"{\"Tyus Jones\"}","ts_pct":"0.536","efg_pct":"0.538","three_par":"0.390","ftr":"0.193","orb_pct":"0.000","drb_pct":"13.142","trb_pct":"6.776","ast_pct":"23.733","stl_pct":"1.548","blk_pct":"0.000","tov_pct":"14.038","usg_pct":"14.686","ortg":"116.353","drtg":"113.400","bpm":"-2.913"},{"game_id":1086,"team_name":"MEM","player_id":"{\"moranja01\"}","player_name":"{\"Ja Morant\"}","ts_pct":"0.492","efg_pct":"0.464","three_par":"0.331","ftr":"0.379","orb_pct":"3.845","drb_pct":"10.701","trb_pct":"7.431","ast_pct":"30.264","stl_pct":"1.019","blk_pct":"0.485","tov_pct":"19.409","usg_pct":"26.261","ortg":"98.376","drtg":"116.059","bpm":"-3.046"},{"game_id":1086,"team_name":"MEM","player_id":"{\"brookdi01\"}","player_name":"{\"Dillon Brooks\"}","ts_pct":"0.509","efg_pct":"0.475","three_par":"0.312","ftr":"0.237","orb_pct":"2.625","drb_pct":"8.113","trb_pct":"5.422","ast_pct":"13.644","stl_pct":"1.840","blk_pct":"1.547","tov_pct":"4.518","usg_pct":"27.012","ortg":"110.212","drtg":"114.012","bpm":"-2.887"},{"game_id":1086,"team_name":"MEM","player_id":"{\"anderky01\"}","player_name":"{\"Kyle Anderson\"}","ts_pct":"0.644","efg_pct":"0.607","three_par":"0.375","ftr":"0.322","orb_pct":"1.658","drb_pct":"14.269","trb_pct":"8.293","ast_pct":"20.308","stl_pct":"1.433","blk_pct":"3.588","tov_pct":"13.791","usg_pct":"18.008","ortg":"121.976","drtg":"111.600","bpm":"4.294"},{"game_id":1086,"team_name":"MEM","player_id":"{\"banede01\"}","player_name":"{\"Desmond Bane\"}","ts_pct":"0.557","efg_pct":"0.549","three_par":"0.610","ftr":"0.109","orb_pct":"1.893","drb_pct":"11.519","trb_pct":"6.995","ast_pct":"11.456","stl_pct":"1.325","blk_pct":"2.009","tov_pct":"6.545","usg_pct":"15.128","ortg":"116.176","drtg":"113.094","bpm":"-0.088"},{"game_id":1086,"team_name":"MEM","player_id":"benchMEM","player_name":"Bench of MEM","ts_pct":"0.520","efg_pct":"0.452","three_par":"0.291","ftr":"0.307","orb_pct":"6.854","drb_pct":"17.950","trb_pct":"12.508","ast_pct":"8.299","stl_pct":"1.181","blk_pct":"4.479","tov_pct":"13.452","usg_pct":"18.168","ortg":"102.857","drtg":"111.062","bpm":"-1.178"}]