[{"game_id":1036,"team_name":"SAC","player_id":"{\"guyky01\"}","player_name":"{\"Kyle Guy\"}","fg":"0.682","fga":"2.647","fg_pct":"0.258","three_p":"0.141","three_pa":"1.224","three_p_pct":"0.115","ft":"0.776","fta":"0.776","ft_pct":"1.000","orb":"0.224","drb":"0.482","trb":"0.706","ast":"0.835","stl":"0.000","blk":"0.000","tov":"0.624","pf":"0.518","pts":"2.282"},{"game_id":1036,"team_name":"SAC","player_id":"{\"harklma01\"}","player_name":"{\"Maurice Harkless\"}","fg":"3.153","fga":"7.106","fg_pct":"0.444","three_p":"0.788","three_pa":"3.176","three_p_pct":"0.248","ft":"1.412","fta":"1.682","ft_pct":"0.839","orb":"0.400","drb":"3.129","trb":"3.529","ast":"1.741","stl":"1.329","blk":"0.400","tov":"0.706","pf":"2.753","pts":"8.506"},{"game_id":1036,"team_name":"SAC","player_id":"{\"wrighde01\"}","player_name":"{\"Delon Wright\"}","fg":"5.529","fga":"11.165","fg_pct":"0.495","three_p":"1.459","three_pa":"3.612","three_p_pct":"0.404","ft":"0.859","fta":"1.176","ft_pct":"0.730","orb":"1.565","drb":"4.294","trb":"5.859","ast":"5.353","stl":"2.129","blk":"0.835","tov":"2.212","pf":"1.518","pts":"13.376"},{"game_id":1036,"team_name":"SAC","player_id":"{\"daviste02\"}","player_name":"{\"Terence Davis\"}","fg":"4.765","fga":"10.141","fg_pct":"0.470","three_p":"2.129","three_pa":"5.976","three_p_pct":"0.356","ft":"1.647","fta":"1.988","ft_pct":"0.828","orb":"0.306","drb":"3.671","trb":"3.976","ast":"2.753","stl":"1.188","blk":"0.329","tov":"1.588","pf":"1.918","pts":"13.306"},{"game_id":1036,"team_name":"SAC","player_id":"{\"hieldbu01\"}","player_name":"{\"Buddy Hield\"}","fg":"5.776","fga":"14.012","fg_pct":"0.412","three_p":"4.271","three_pa":"9.682","three_p_pct":"0.441","ft":"1.400","fta":"1.506","ft_pct":"0.930","orb":"0.447","drb":"5.953","trb":"6.400","ast":"5.741","stl":"1.294","blk":"0.824","tov":"2.435","pf":"2.035","pts":"17.224"},{"game_id":1036,"team_name":"SAC","player_id":"{\"metuch01\"}","player_name":"{\"Chimezie Metu\"}","fg":"3.141","fga":"7.035","fg_pct":"0.446","three_p":"0.541","three_pa":"1.388","three_p_pct":"0.390","ft":"1.553","fta":"2.000","ft_pct":"0.776","orb":"0.753","drb":"2.882","trb":"3.635","ast":"0.906","stl":"0.647","blk":"0.624","tov":"1.212","pf":"2.000","pts":"8.376"},{"game_id":1036,"team_name":"SAC","player_id":"benchSAC","player_name":"Bench of SAC","fg":"2.620","fga":"4.538","fg_pct":"0.577","three_p":"0.202","three_pa":"0.713","three_p_pct":"0.283","ft":"0.847","fta":"1.168","ft_pct":"0.725","orb":"0.589","drb":"1.854","trb":"2.443","ast":"0.868","stl":"0.399","blk":"0.564","tov":"0.662","pf":"1.594","pts":"6.289"},{"game_id":1036,"team_name":"OKC","player_id":"{\"bazleda01\"}","player_name":"{\"Darius Bazley\"}","fg":"6.129","fga":"14.741","fg_pct":"0.416","three_p":"1.765","three_pa":"5.035","three_p_pct":"0.351","ft":"3.388","fta":"5.282","ft_pct":"0.641","orb":"1.835","drb":"4.847","trb":"6.682","ast":"2.494","stl":"0.506","blk":"0.071","tov":"2.682","pf":"1.224","pts":"17.412"},{"game_id":1036,"team_name":"OKC","player_id":"{\"willike04\"}","player_name":"{\"Kenrich Williams\"}","fg":"4.424","fga":"7.906","fg_pct":"0.560","three_p":"0.859","three_pa":"2.318","three_p_pct":"0.371","ft":"0.788","fta":"1.376","ft_pct":"0.573","orb":"1.400","drb":"2.847","trb":"4.247","ast":"2.882","stl":"1.271","blk":"0.294","tov":"2.141","pf":"2.682","pts":"10.494"},{"game_id":1036,"team_name":"OKC","player_id":"{\"pokusal01\"}","player_name":"{\"Aleksej Pokusevski\"}","fg":"3.153","fga":"9.776","fg_pct":"0.323","three_p":"0.788","three_pa":"4.376","three_p_pct":"0.180","ft":"0.706","fta":"1.106","ft_pct":"0.638","orb":"0.682","drb":"2.988","trb":"3.671","ast":"2.953","stl":"0.506","blk":"0.541","tov":"2.129","pf":"1.482","pts":"7.800"},{"game_id":1036,"team_name":"OKC","player_id":"{\"brownmo01\"}","player_name":"{\"Moses Brown\"}","fg":"2.812","fga":"5.494","fg_pct":"0.512","three_p":"0.000","three_pa":"0.000","three_p_pct":"NaN","ft":"1.671","fta":"2.553","ft_pct":"0.655","orb":"3.800","drb":"5.376","trb":"9.176","ast":"0.141","stl":"1.047","blk":"0.882","tov":"0.859","pf":"2.624","pts":"7.294"},{"game_id":1036,"team_name":"OKC","player_id":"{\"robyis01\"}","player_name":"{\"Isaiah Roby\"}","fg":"2.741","fga":"6.824","fg_pct":"0.402","three_p":"0.435","three_pa":"2.518","three_p_pct":"0.173","ft":"1.353","fta":"1.553","ft_pct":"0.871","orb":"1.141","drb":"3.929","trb":"5.071","ast":"1.294","stl":"1.059","blk":"0.224","tov":"2.388","pf":"2.200","pts":"7.271"},{"game_id":1036,"team_name":"OKC","player_id":"{\"mykhasv01\"}","player_name":"{\"Svi Mykhailiuk\"}","fg":"4.129","fga":"10.871","fg_pct":"0.380","three_p":"2.012","three_pa":"6.271","three_p_pct":"0.321","ft":"0.435","fta":"0.576","ft_pct":"0.755","orb":"0.306","drb":"2.294","trb":"2.600","ast":"1.847","stl":"0.894","blk":"0.094","tov":"1.729","pf":"1.294","pts":"10.706"},{"game_id":1036,"team_name":"OKC","player_id":"benchOKC","player_name":"Bench of OKC","fg":"2.545","fga":"5.152","fg_pct":"0.494","three_p":"0.143","three_pa":"1.073","three_p_pct":"0.133","ft":"1.273","fta":"1.858","ft_pct":"0.685","orb":"1.330","drb":"2.371","trb":"3.700","ast":"1.410","stl":"0.795","blk":"0.234","tov":"0.579","pf":"0.987","pts":"6.505"}]