[{"game_id":1157,"team_name":"LAC","player_id":"teamLAC","player_name":"Team name: LAC","fg":"40.520","fga":"82.920","fg_pct":"0.489","three_p":"16.166","three_pa":"38.326","three_p_pct":"0.422","ft":"19.571","fta":"23.337","ft_pct":"0.839","orb":"8.589","drb":"30.411","trb":"39.000","ast":"21.309","stl":"7.389","blk":"3.960","tov":"9.057","pf":"19.926","pts":"116.777"},{"game_id":1157,"team_name":"PHO","player_id":"teamPHO","player_name":"Team name: PHO","fg":"42.457","fga":"85.046","fg_pct":"0.499","three_p":"12.109","three_pa":"31.411","three_p_pct":"0.386","ft":"17.080","fta":"19.577","ft_pct":"0.872","orb":"6.760","drb":"36.926","trb":"43.686","ast":"25.691","stl":"6.697","blk":"4.371","tov":"10.069","pf":"18.086","pts":"114.103"}]