[{"game_id":1014,"team_name":"CHO","player_id":"teamCHO","player_name":"Team name: CHO","ts_pct":"0.538","efg_pct":"0.507","three_par":"0.304","ftr":"0.313","orb_pct":"6.189","drb_pct":"15.047","trb_pct":"10.602","ast_pct":"16.421","stl_pct":"1.375","blk_pct":"2.158","tov_pct":"11.050","usg_pct":"19.753","ortg":"117.391","drtg":"119.830","bpm":"-1.816"},{"game_id":1014,"team_name":"NOP","player_id":"teamNOP","player_name":"Team name: NOP","ts_pct":"0.540","efg_pct":"0.501","three_par":"0.316","ftr":"0.319","orb_pct":"5.959","drb_pct":"16.083","trb_pct":"11.037","ast_pct":"14.482","stl_pct":"1.858","blk_pct":"1.990","tov_pct":"13.732","usg_pct":"19.697","ortg":"110.003","drtg":"112.403","bpm":"-0.594"}]