[{"game_id":1156,"team_name":"MIL","player_id":"{\"teaguje01\"}","player_name":"{\"Jeff Teague\"}","ts_pct":"0.427","efg_pct":"0.366","three_par":"0.358","ftr":"0.280","orb_pct":"1.034","drb_pct":"8.160","trb_pct":"4.601","ast_pct":"13.649","stl_pct":"1.315","blk_pct":"1.066","tov_pct":"15.933","usg_pct":"19.541","ortg":"77.047","drtg":"116.224","bpm":"-6.931"},{"game_id":1156,"team_name":"MIL","player_id":"{\"holidjr01\"}","player_name":"{\"Jrue Holiday\"}","ts_pct":"0.458","efg_pct":"0.439","three_par":"0.366","ftr":"0.116","orb_pct":"3.822","drb_pct":"11.024","trb_pct":"7.278","ast_pct":"28.433","stl_pct":"1.518","blk_pct":"0.000","tov_pct":"9.885","usg_pct":"21.351","ortg":"106.400","drtg":"108.941","bpm":"-0.038"},{"game_id":1156,"team_name":"MIL","player_id":"{\"antetgi01\"}","player_name":"{\"Giannis Antetokounmpo\"}","ts_pct":"0.589","efg_pct":"0.585","three_par":"0.187","ftr":"0.403","orb_pct":"4.878","drb_pct":"32.465","trb_pct":"18.207","ast_pct":"22.035","stl_pct":"0.474","blk_pct":"2.635","tov_pct":"12.311","usg_pct":"32.946","ortg":"113.341","drtg":"104.976","bpm":"7.709"},{"game_id":1156,"team_name":"MIL","player_id":"{\"middlkh01\"}","player_name":"{\"Khris Middleton\"}","ts_pct":"0.579","efg_pct":"0.541","three_par":"0.402","ftr":"0.319","orb_pct":"3.185","drb_pct":"18.059","trb_pct":"10.549","ast_pct":"16.713","stl_pct":"2.255","blk_pct":"0.954","tov_pct":"14.213","usg_pct":"27.148","ortg":"108.706","drtg":"104.882","bpm":"4.148"},{"game_id":1156,"team_name":"MIL","player_id":"{\"tuckepj01\"}","player_name":"{\"P.J. Tucker\"}","ts_pct":"0.421","efg_pct":"0.413","three_par":"0.674","ftr":"0.033","orb_pct":"8.274","drb_pct":"8.192","trb_pct":"8.207","ast_pct":"3.379","stl_pct":"1.856","blk_pct":"1.314","tov_pct":"8.306","usg_pct":"8.341","ortg":"104.906","drtg":"107.965","bpm":"-1.126"},{"game_id":1156,"team_name":"MIL","player_id":"{\"connapa01\"}","player_name":"{\"Pat Connaughton\"}","ts_pct":"0.506","efg_pct":"0.483","three_par":"0.808","ftr":"0.107","orb_pct":"4.124","drb_pct":"15.298","trb_pct":"9.500","ast_pct":"5.406","stl_pct":"1.201","blk_pct":"1.954","tov_pct":"8.808","usg_pct":"10.344","ortg":"108.000","drtg":"107.118","bpm":"1.211"},{"game_id":1156,"team_name":"MIL","player_id":"benchMIL","player_name":"Bench of MIL","ts_pct":"0.514","efg_pct":"0.507","three_par":"0.444","ftr":"0.119","orb_pct":"5.171","drb_pct":"14.280","trb_pct":"9.783","ast_pct":"3.784","stl_pct":"0.837","blk_pct":"3.843","tov_pct":"7.335","usg_pct":"15.962","ortg":"101.697","drtg":"105.388","bpm":"0.847"},{"game_id":1156,"team_name":"ATL","player_id":"{\"youngtr01\"}","player_name":"{\"Trae Young\"}","ts_pct":"0.532","efg_pct":"0.450","three_par":"0.403","ftr":"0.437","orb_pct":"1.025","drb_pct":"5.616","trb_pct":"3.354","ast_pct":"48.549","stl_pct":"2.014","blk_pct":"0.000","tov_pct":"11.380","usg_pct":"34.405","ortg":"112.835","drtg":"111.282","bpm":"7.539"},{"game_id":1156,"team_name":"ATL","player_id":"{\"capelca01\"}","player_name":"{\"Clint Capela\"}","ts_pct":"0.596","efg_pct":"0.614","three_par":"0.000","ftr":"0.320","orb_pct":"9.906","drb_pct":"27.115","trb_pct":"18.396","ast_pct":"4.700","stl_pct":"1.172","blk_pct":"1.435","tov_pct":"8.778","usg_pct":"13.741","ortg":"120.835","drtg":"107.047","bpm":"1.414"},{"game_id":1156,"team_name":"ATL","player_id":"{\"collijo01\"}","player_name":"{\"John Collins\"}","ts_pct":"0.649","efg_pct":"0.607","three_par":"0.276","ftr":"0.343","orb_pct":"7.019","drb_pct":"22.832","trb_pct":"14.841","ast_pct":"3.621","stl_pct":"0.559","blk_pct":"1.978","tov_pct":"11.521","usg_pct":"16.652","ortg":"122.482","drtg":"108.929","bpm":"1.954"},{"game_id":1156,"team_name":"ATL","player_id":"{\"huertke01\"}","player_name":"{\"Kevin Huerter\"}","ts_pct":"0.539","efg_pct":"0.536","three_par":"0.546","ftr":"0.107","orb_pct":"1.675","drb_pct":"11.998","trb_pct":"6.844","ast_pct":"10.729","stl_pct":"0.800","blk_pct":"1.714","tov_pct":"8.769","usg_pct":"16.727","ortg":"102.294","drtg":"110.824","bpm":"0.674"},{"game_id":1156,"team_name":"ATL","player_id":"{\"bogdabo01\"}","player_name":"{\"Bogdan Bogdanović\"}","ts_pct":"0.424","efg_pct":"0.423","three_par":"0.518","ftr":"0.073","orb_pct":"2.052","drb_pct":"12.320","trb_pct":"7.146","ast_pct":"10.146","stl_pct":"2.264","blk_pct":"0.551","tov_pct":"11.420","usg_pct":"20.533","ortg":"84.071","drtg":"108.682","bpm":"-2.975"},{"game_id":1156,"team_name":"ATL","player_id":"{\"gallida01\"}","player_name":"{\"Danilo Gallinari\"}","ts_pct":"0.623","efg_pct":"0.535","three_par":"0.468","ftr":"0.458","orb_pct":"1.384","drb_pct":"18.434","trb_pct":"9.566","ast_pct":"5.355","stl_pct":"0.560","blk_pct":"0.212","tov_pct":"4.651","usg_pct":"20.093","ortg":"124.600","drtg":"112.094","bpm":"3.442"},{"game_id":1156,"team_name":"ATL","player_id":"benchATL","player_name":"Bench of ATL","ts_pct":"0.405","efg_pct":"0.352","three_par":"0.230","ftr":"0.380","orb_pct":"6.750","drb_pct":"16.660","trb_pct":"11.620","ast_pct":"8.191","stl_pct":"1.724","blk_pct":"3.931","tov_pct":"8.737","usg_pct":"14.686","ortg":"97.022","drtg":"106.584","bpm":"-0.020"}]