[{"game_id":1219,"team_name":"SAS","player_id":"{\"aldrila01\"}","player_name":"{\"LaMarcus Aldridge\"}","fg":"8.576","fga":"16.894","fg_pct":"0.508","three_p":"0.765","three_pa":"1.706","three_p_pct":"0.448","ft":"4.165","fta":"5.035","ft_pct":"0.827","orb":"2.941","drb":"6.765","trb":"9.706","ast":"2.529","stl":"0.659","blk":"1.271","tov":"1.824","pf":"2.588","pts":"22.082"},{"game_id":1219,"team_name":"SAS","player_id":"{\"derozde01\"}","player_name":"{\"DeMar DeRozan\"}","fg":"7.918","fga":"17.024","fg_pct":"0.465","three_p":"0.000","three_pa":"0.271","three_p_pct":"0.000","ft":"5.165","fta":"6.318","ft_pct":"0.818","orb":"0.918","drb":"4.776","trb":"5.694","ast":"4.294","stl":"1.200","blk":"0.353","tov":"1.894","pf":"2.224","pts":"21.000"},{"game_id":1219,"team_name":"SAS","player_id":"{\"forbebr01\"}","player_name":"{\"Bryn Forbes\"}","fg":"4.671","fga":"9.553","fg_pct":"0.489","three_p":"2.588","three_pa":"5.388","three_p_pct":"0.480","ft":"1.106","fta":"1.424","ft_pct":"0.777","orb":"0.588","drb":"3.247","trb":"3.835","ast":"1.271","stl":"0.118","blk":"0.094","tov":"0.741","pf":"1.988","pts":"13.035"},{"game_id":1219,"team_name":"SAS","player_id":"{\"whitede01\"}","player_name":"{\"Derrick White\"}","fg":"4.741","fga":"8.882","fg_pct":"0.534","three_p":"0.894","three_pa":"2.294","three_p_pct":"0.390","ft":"2.259","fta":"3.200","ft_pct":"0.706","orb":"0.212","drb":"2.341","trb":"2.553","ast":"2.447","stl":"0.459","blk":"0.635","tov":"1.541","pf":"2.694","pts":"12.635"},{"game_id":1219,"team_name":"SAS","player_id":"{\"lylestr01\"}","player_name":"{\"Trey Lyles\"}","fg":"1.635","fga":"3.953","fg_pct":"0.414","three_p":"0.412","three_pa":"1.435","three_p_pct":"0.287","ft":"0.553","fta":"0.706","ft_pct":"0.783","orb":"1.306","drb":"2.682","trb":"3.988","ast":"1.188","stl":"0.118","blk":"0.000","tov":"0.447","pf":"1.235","pts":"4.235"},{"game_id":1219,"team_name":"SAS","player_id":"{\"murrade01\"}","player_name":"{\"Dejounte Murray\"}","fg":"4.259","fga":"8.518","fg_pct":"0.500","three_p":"0.600","three_pa":"1.353","three_p_pct":"0.443","ft":"2.318","fta":"2.706","ft_pct":"0.857","orb":"1.165","drb":"4.706","trb":"5.871","ast":"2.765","stl":"1.459","blk":"0.482","tov":"1.353","pf":"1.553","pts":"11.435"},{"game_id":1219,"team_name":"SAS","player_id":"benchSAS","player_name":"Bench of SAS","fg":"2.694","fga":"6.833","fg_pct":"0.394","three_p":"0.639","three_pa":"2.570","three_p_pct":"0.249","ft":"1.074","fta":"1.412","ft_pct":"0.761","orb":"1.250","drb":"3.001","trb":"4.250","ast":"2.286","stl":"0.467","blk":"0.494","tov":"0.713","pf":"1.793","pts":"7.101"},{"game_id":1219,"team_name":"POR","player_id":"{\"lillada01\"}","player_name":"{\"Damian Lillard\"}","fg":"8.518","fga":"19.365","fg_pct":"0.440","three_p":"2.976","three_pa":"9.082","three_p_pct":"0.328","ft":"6.224","fta":"7.176","ft_pct":"0.867","orb":"0.400","drb":"4.353","trb":"4.753","ast":"7.035","stl":"1.329","blk":"0.200","tov":"3.294","pf":"2.847","pts":"26.235"},{"game_id":1219,"team_name":"POR","player_id":"{\"mccolcj01\"}","player_name":"{\"CJ McCollum\"}","fg":"9.247","fga":"21.494","fg_pct":"0.430","three_p":"2.000","three_pa":"5.741","three_p_pct":"0.348","ft":"3.000","fta":"3.612","ft_pct":"0.831","orb":"0.835","drb":"3.012","trb":"3.847","ast":"3.718","stl":"1.071","blk":"0.353","tov":"2.176","pf":"2.365","pts":"23.494"},{"game_id":1219,"team_name":"POR","player_id":"{\"hoodro01\"}","player_name":"{\"Rodney Hood\"}","fg":"4.306","fga":"8.788","fg_pct":"0.490","three_p":"1.647","three_pa":"3.859","three_p_pct":"0.427","ft":"1.835","fta":"2.318","ft_pct":"0.792","orb":"1.012","drb":"2.424","trb":"3.435","ast":"0.729","stl":"0.871","blk":"0.294","tov":"0.694","pf":"2.176","pts":"12.094"},{"game_id":1219,"team_name":"POR","player_id":"{\"tollian01\"}","player_name":"{\"Anthony Tolliver\"}","fg":"0.941","fga":"3.318","fg_pct":"0.284","three_p":"0.765","three_pa":"2.718","three_p_pct":"0.281","ft":"0.212","fta":"0.435","ft_pct":"0.487","orb":"0.082","drb":"1.847","trb":"1.929","ast":"0.765","stl":"0.318","blk":"0.365","tov":"0.741","pf":"1.271","pts":"2.859"},{"game_id":1219,"team_name":"POR","player_id":"{\"bazemke01\"}","player_name":"{\"Kent Bazemore\"}","fg":"3.176","fga":"8.729","fg_pct":"0.364","three_p":"1.400","three_pa":"4.012","three_p_pct":"0.349","ft":"1.024","fta":"1.541","ft_pct":"0.665","orb":"0.271","drb":"3.635","trb":"3.906","ast":"2.071","stl":"1.165","blk":"0.400","tov":"1.235","pf":"2.835","pts":"8.776"},{"game_id":1219,"team_name":"POR","player_id":"{\"whiteha01\"}","player_name":"{\"Hassan Whiteside\"}","fg":"5.753","fga":"7.353","fg_pct":"0.782","three_p":"0.000","three_pa":"0.000","three_p_pct":"NaN","ft":"1.847","fta":"2.918","ft_pct":"0.633","orb":"2.624","drb":"9.047","trb":"11.671","ast":"0.612","stl":"0.435","blk":"1.600","tov":"1.812","pf":"2.965","pts":"13.353"},{"game_id":1219,"team_name":"POR","player_id":"benchPOR","player_name":"Bench of POR","fg":"2.543","fga":"5.464","fg_pct":"0.465","three_p":"0.541","three_pa":"1.733","three_p_pct":"0.312","ft":"1.085","fta":"1.422","ft_pct":"0.763","orb":"0.547","drb":"2.593","trb":"3.140","ast":"1.403","stl":"0.645","blk":"0.160","tov":"1.334","pf":"1.551","pts":"6.710"}]