[{"game_id":1100,"team_name":"PHI","player_id":"{\"scottmi01\"}","player_name":"{\"Mike Scott\"}","ts_pct":"0.480","efg_pct":"0.480","three_par":"0.645","ftr":"0.000","orb_pct":"1.355","drb_pct":"10.361","trb_pct":"5.796","ast_pct":"8.273","stl_pct":"0.798","blk_pct":"4.400","tov_pct":"2.353","usg_pct":"14.015","ortg":"107.306","drtg":"111.318","bpm":"-3.341"},{"game_id":1100,"team_name":"PHI","player_id":"{\"reedpa01\"}","player_name":"{\"Paul Reed\"}","ts_pct":"0.658","efg_pct":"0.652","three_par":"0.000","ftr":"0.047","orb_pct":"19.239","drb_pct":"27.285","trb_pct":"22.996","ast_pct":"10.759","stl_pct":"4.116","blk_pct":"6.424","tov_pct":"12.114","usg_pct":"23.245","ortg":"127.412","drtg":"98.000","bpm":"4.625"},{"game_id":1100,"team_name":"PHI","player_id":"{\"joeis01\"}","player_name":"{\"Isaiah Joe\"}","ts_pct":"0.658","efg_pct":"0.580","three_par":"0.786","ftr":"0.171","orb_pct":"0.000","drb_pct":"8.313","trb_pct":"4.091","ast_pct":"3.035","stl_pct":"1.656","blk_pct":"0.000","tov_pct":"9.208","usg_pct":"22.126","ortg":"112.671","drtg":"113.259","bpm":"1.659"},{"game_id":1100,"team_name":"PHI","player_id":"{\"simmobe01\"}","player_name":"{\"Ben Simmons\"}","ts_pct":"0.562","efg_pct":"0.561","three_par":"0.017","ftr":"0.368","orb_pct":"7.505","drb_pct":"14.956","trb_pct":"11.325","ast_pct":"35.607","stl_pct":"2.093","blk_pct":"0.965","tov_pct":"11.571","usg_pct":"16.345","ortg":"131.906","drtg":"110.012","bpm":"4.094"},{"game_id":1100,"team_name":"PHI","player_id":"{\"embiijo01\"}","player_name":"{\"Joel Embiid\"}","ts_pct":"0.615","efg_pct":"0.526","three_par":"0.160","ftr":"0.526","orb_pct":"7.141","drb_pct":"26.145","trb_pct":"16.481","ast_pct":"11.567","stl_pct":"1.342","blk_pct":"3.114","tov_pct":"17.004","usg_pct":"33.856","ortg":"112.188","drtg":"106.329","bpm":"2.185"},{"game_id":1100,"team_name":"PHI","player_id":"{\"harrito02\"}","player_name":"{\"Tobias Harris\"}","ts_pct":"0.539","efg_pct":"0.496","three_par":"0.207","ftr":"0.194","orb_pct":"3.911","drb_pct":"15.264","trb_pct":"9.296","ast_pct":"13.448","stl_pct":"1.218","blk_pct":"1.720","tov_pct":"5.220","usg_pct":"26.779","ortg":"114.482","drtg":"112.165","bpm":"1.076"},{"game_id":1100,"team_name":"PHI","player_id":"benchPHI","player_name":"Bench of PHI","ts_pct":"0.544","efg_pct":"0.521","three_par":"0.501","ftr":"0.254","orb_pct":"3.505","drb_pct":"11.948","trb_pct":"7.758","ast_pct":"11.956","stl_pct":"2.110","blk_pct":"1.910","tov_pct":"9.006","usg_pct":"16.310","ortg":"109.086","drtg":"110.392","bpm":"-0.780"},{"game_id":1100,"team_name":"WAS","player_id":"{\"gillan01\"}","player_name":"{\"Anthony Gill\"}","ts_pct":"0.689","efg_pct":"0.662","three_par":"0.254","ftr":"0.278","orb_pct":"5.985","drb_pct":"10.265","trb_pct":"8.108","ast_pct":"8.606","stl_pct":"1.285","blk_pct":"0.852","tov_pct":"16.280","usg_pct":"17.691","ortg":"134.682","drtg":"114.118","bpm":"-1.695"},{"game_id":1100,"team_name":"WAS","player_id":"{\"mathega01\"}","player_name":"{\"Garrison Mathews\"}","ts_pct":"0.490","efg_pct":"0.469","three_par":"0.799","ftr":"0.371","orb_pct":"0.000","drb_pct":"6.378","trb_pct":"3.225","ast_pct":"0.529","stl_pct":"0.265","blk_pct":"1.644","tov_pct":"2.742","usg_pct":"14.414","ortg":"99.729","drtg":"116.271","bpm":"-4.884"},{"game_id":1100,"team_name":"WAS","player_id":"{\"winstca01\"}","player_name":"{\"Cassius Winston\"}","ts_pct":"0.168","efg_pct":"0.166","three_par":"0.156","ftr":"0.024","orb_pct":"7.299","drb_pct":"3.886","trb_pct":"5.739","ast_pct":"23.805","stl_pct":"0.000","blk_pct":"0.000","tov_pct":"15.765","usg_pct":"23.062","ortg":"47.788","drtg":"116.000","bpm":"-8.985"},{"game_id":1100,"team_name":"WAS","player_id":"{\"bongais01\"}","player_name":"{\"Isaac Bonga\"}","ts_pct":"0.307","efg_pct":"0.297","three_par":"0.451","ftr":"0.063","orb_pct":"4.906","drb_pct":"5.402","trb_pct":"4.909","ast_pct":"8.699","stl_pct":"1.167","blk_pct":"2.711","tov_pct":"19.728","usg_pct":"16.668","ortg":"55.306","drtg":"109.447","bpm":"-10.561"},{"game_id":1100,"team_name":"WAS","player_id":"{\"bealbr01\"}","player_name":"{\"Bradley Beal\"}","ts_pct":"0.570","efg_pct":"0.528","three_par":"0.263","ftr":"0.272","orb_pct":"3.916","drb_pct":"12.780","trb_pct":"8.827","ast_pct":"17.780","stl_pct":"0.848","blk_pct":"1.589","tov_pct":"10.952","usg_pct":"33.478","ortg":"110.941","drtg":"115.835","bpm":"1.224"},{"game_id":1100,"team_name":"WAS","player_id":"{\"westbru01\"}","player_name":"{\"Russell Westbrook\"}","ts_pct":"0.507","efg_pct":"0.440","three_par":"0.248","ftr":"0.416","orb_pct":"4.789","drb_pct":"23.960","trb_pct":"14.585","ast_pct":"46.527","stl_pct":"1.831","blk_pct":"1.269","tov_pct":"15.125","usg_pct":"27.085","ortg":"113.224","drtg":"110.376","bpm":"4.691"},{"game_id":1100,"team_name":"WAS","player_id":"benchWAS","player_name":"Bench of WAS","ts_pct":"0.585","efg_pct":"0.557","three_par":"0.257","ftr":"0.219","orb_pct":"4.594","drb_pct":"14.576","trb_pct":"9.799","ast_pct":"6.470","stl_pct":"1.145","blk_pct":"2.534","tov_pct":"8.596","usg_pct":"16.467","ortg":"113.833","drtg":"114.224","bpm":"-1.100"}]