[{"game_id":1148,"team_name":"UTA","player_id":"teamUTA","player_name":"Team name: UTA","fg":"39.737","fga":"84.343","fg_pct":"0.471","three_p":"17.611","three_pa":"42.206","three_p_pct":"0.417","ft":"19.714","fta":"24.109","ft_pct":"0.818","orb":"8.726","drb":"34.417","trb":"43.143","ast":"20.503","stl":"5.497","blk":"4.480","tov":"12.337","pf":"21.606","pts":"116.800"},{"game_id":1148,"team_name":"LAC","player_id":"teamLAC","player_name":"Team name: LAC","fg":"39.771","fga":"81.451","fg_pct":"0.488","three_p":"14.589","three_pa":"35.920","three_p_pct":"0.406","ft":"20.783","fta":"24.474","ft_pct":"0.849","orb":"8.554","drb":"33.223","trb":"41.777","ast":"21.589","stl":"6.446","blk":"4.583","tov":"10.274","pf":"21.446","pts":"114.914"}]