[{"game_id":116,"team_name":"SAC","player_id":"{\"foxde01\"}","player_name":"{\"De'Aaron Fox\"}","fg":"7.659","fga":"17.329","fg_pct":"0.442","three_p":"1.271","three_pa":"4.471","three_p_pct":"0.284","ft":"4.824","fta":"6.847","ft_pct":"0.705","orb":"0.741","drb":"2.259","trb":"3.000","ast":"6.647","stl":"2.012","blk":"0.859","tov":"3.000","pf":"2.741","pts":"21.412"},{"game_id":116,"team_name":"SAC","player_id":"{\"barneha02\"}","player_name":"{\"Harrison Barnes\"}","fg":"5.765","fga":"12.541","fg_pct":"0.460","three_p":"1.224","three_pa":"3.753","three_p_pct":"0.326","ft":"3.341","fta":"4.118","ft_pct":"0.811","orb":"1.529","drb":"6.247","trb":"7.776","ast":"1.941","stl":"0.659","blk":"0.341","tov":"0.976","pf":"0.635","pts":"16.094"},{"game_id":116,"team_name":"SAC","player_id":"{\"hieldbu01\"}","player_name":"{\"Buddy Hield\"}","fg":"5.494","fga":"14.000","fg_pct":"0.392","three_p":"4.012","three_pa":"10.306","three_p_pct":"0.389","ft":"1.106","fta":"1.447","ft_pct":"0.764","orb":"0.294","drb":"3.835","trb":"4.129","ast":"2.412","stl":"0.565","blk":"0.388","tov":"2.129","pf":"2.718","pts":"16.106"},{"game_id":116,"team_name":"SAC","player_id":"{\"halibty01\"}","player_name":"{\"Tyrese Haliburton\"}","fg":"3.709","fga":"6.927","fg_pct":"0.535","three_p":"2.055","three_pa":"3.982","three_p_pct":"0.516","ft":"1.291","fta":"1.527","ft_pct":"0.845","orb":"0.582","drb":"1.436","trb":"2.018","ast":"4.309","stl":"1.127","blk":"0.345","tov":"0.855","pf":"1.455","pts":"10.764"},{"game_id":116,"team_name":"SAC","player_id":"{\"holmeri01\"}","player_name":"{\"Richaun Holmes\"}","fg":"4.447","fga":"7.082","fg_pct":"0.628","three_p":"0.000","three_pa":"0.000","three_p_pct":"NaN","ft":"1.765","fta":"2.165","ft_pct":"0.815","orb":"2.635","drb":"5.329","trb":"7.965","ast":"0.906","stl":"1.071","blk":"0.765","tov":"1.141","pf":"3.953","pts":"10.659"},{"game_id":116,"team_name":"SAC","player_id":"{\"baglema01\"}","player_name":"{\"Marvin Bagley III\"}","fg":"4.459","fga":"11.800","fg_pct":"0.378","three_p":"0.541","three_pa":"2.024","three_p_pct":"0.267","ft":"1.718","fta":"2.859","ft_pct":"0.601","orb":"2.847","drb":"5.576","trb":"8.424","ast":"0.976","stl":"0.353","blk":"0.329","tov":"2.129","pf":"3.212","pts":"11.176"},{"game_id":116,"team_name":"SAC","player_id":"benchSAC","player_name":"Bench of SAC","fg":"2.510","fga":"5.650","fg_pct":"0.444","three_p":"0.805","three_pa":"2.285","three_p_pct":"0.352","ft":"1.790","fta":"2.132","ft_pct":"0.840","orb":"0.871","drb":"2.695","trb":"3.567","ast":"1.980","stl":"0.464","blk":"0.323","tov":"1.221","pf":"2.109","pts":"7.615"},{"game_id":116,"team_name":"CHI","player_id":"{\"whiteco01\"}","player_name":"{\"Coby White\"}","fg":"5.965","fga":"15.306","fg_pct":"0.390","three_p":"2.600","three_pa":"7.329","three_p_pct":"0.355","ft":"2.941","fta":"3.565","ft_pct":"0.825","orb":"0.647","drb":"5.165","trb":"5.812","ast":"5.412","stl":"0.188","blk":"0.082","tov":"3.306","pf":"2.388","pts":"17.471"},{"game_id":116,"team_name":"CHI","player_id":"{\"lavinza01\"}","player_name":"{\"Zach LaVine\"}","fg":"8.788","fga":"19.635","fg_pct":"0.448","three_p":"2.518","three_pa":"8.153","three_p_pct":"0.309","ft":"4.776","fta":"5.647","ft_pct":"0.846","orb":"0.376","drb":"4.388","trb":"4.765","ast":"4.918","stl":"1.424","blk":"0.741","tov":"4.047","pf":"3.000","pts":"24.871"},{"game_id":116,"team_name":"CHI","player_id":"{\"templga01\"}","player_name":"{\"Garrett Temple\"}","fg":"2.882","fga":"7.529","fg_pct":"0.383","three_p":"1.682","three_pa":"5.400","three_p_pct":"0.311","ft":"0.518","fta":"0.800","ft_pct":"0.647","orb":"0.482","drb":"1.612","trb":"2.094","ast":"1.694","stl":"0.965","blk":"0.224","tov":"1.165","pf":"2.553","pts":"7.965"},{"game_id":116,"team_name":"CHI","player_id":"{\"cartewe01\"}","player_name":"{\"Wendell Carter Jr.\"}","fg":"4.459","fga":"8.341","fg_pct":"0.535","three_p":"0.341","three_pa":"1.341","three_p_pct":"0.254","ft":"2.776","fta":"4.141","ft_pct":"0.670","orb":"1.588","drb":"5.000","trb":"6.588","ast":"2.518","stl":"0.529","blk":"0.565","tov":"1.612","pf":"4.000","pts":"12.035"},{"game_id":116,"team_name":"CHI","player_id":"{\"porteot01\"}","player_name":"{\"Otto Porter Jr.\"}","fg":"5.365","fga":"11.341","fg_pct":"0.473","three_p":"2.553","three_pa":"5.706","three_p_pct":"0.447","ft":"2.800","fta":"3.247","ft_pct":"0.862","orb":"1.341","drb":"5.671","trb":"7.012","ast":"1.882","stl":"1.212","blk":"0.000","tov":"1.118","pf":"2.082","pts":"16.082"},{"game_id":116,"team_name":"CHI","player_id":"{\"willipa01\"}","player_name":"{\"Patrick Williams\"}","fg":"3.816","fga":"8.013","fg_pct":"0.476","three_p":"0.882","three_pa":"1.842","three_p_pct":"0.479","ft":"1.447","fta":"1.803","ft_pct":"0.803","orb":"0.487","drb":"2.855","trb":"3.342","ast":"0.947","stl":"0.553","blk":"0.947","tov":"1.737","pf":"2.224","pts":"9.961"},{"game_id":116,"team_name":"CHI","player_id":"benchCHI","player_name":"Bench of CHI","fg":"3.338","fga":"6.639","fg_pct":"0.503","three_p":"0.858","three_pa":"2.468","three_p_pct":"0.348","ft":"0.986","fta":"1.413","ft_pct":"0.698","orb":"1.173","drb":"2.677","trb":"3.850","ast":"1.633","stl":"1.142","blk":"0.539","tov":"1.182","pf":"1.859","pts":"8.520"}]