[{"game_id":116,"team_name":"SAC","player_id":"{\"foxde01\"}","player_name":"{\"De'Aaron Fox\"}","ts_pct":"0.530","efg_pct":"0.482","three_par":"0.263","ftr":"0.409","orb_pct":"2.138","drb_pct":"7.722","trb_pct":"4.615","ast_pct":"32.615","stl_pct":"2.731","blk_pct":"2.351","tov_pct":"13.264","usg_pct":"28.736","ortg":"107.424","drtg":"113.647","bpm":"2.045"},{"game_id":116,"team_name":"SAC","player_id":"{\"barneha02\"}","player_name":"{\"Harrison Barnes\"}","ts_pct":"0.550","efg_pct":"0.504","three_par":"0.297","ftr":"0.355","orb_pct":"4.794","drb_pct":"21.020","trb_pct":"12.492","ast_pct":"7.746","stl_pct":"0.892","blk_pct":"0.840","tov_pct":"7.385","usg_pct":"18.804","ortg":"115.965","drtg":"115.459","bpm":"-0.212"},{"game_id":116,"team_name":"SAC","player_id":"{\"hieldbu01\"}","player_name":"{\"Buddy Hield\"}","ts_pct":"0.571","efg_pct":"0.553","three_par":"0.741","ftr":"0.107","orb_pct":"0.866","drb_pct":"14.158","trb_pct":"6.865","ast_pct":"10.909","stl_pct":"0.809","blk_pct":"1.036","tov_pct":"13.715","usg_pct":"21.169","ortg":"100.988","drtg":"116.647","bpm":"-1.715"},{"game_id":116,"team_name":"SAC","player_id":"{\"halibty01\"}","player_name":"{\"Tyrese Haliburton\"}","ts_pct":"0.682","efg_pct":"0.659","three_par":"0.597","ftr":"0.203","orb_pct":"2.420","drb_pct":"6.629","trb_pct":"4.307","ast_pct":"23.536","stl_pct":"2.069","blk_pct":"1.044","tov_pct":"10.655","usg_pct":"13.291","ortg":"139.509","drtg":"114.473","bpm":"5.149"},{"game_id":116,"team_name":"SAC","player_id":"{\"holmeri01\"}","player_name":"{\"Richaun Holmes\"}","ts_pct":"0.614","efg_pct":"0.565","three_par":"0.000","ftr":"0.411","orb_pct":"10.039","drb_pct":"23.387","trb_pct":"16.359","ast_pct":"4.240","stl_pct":"1.813","blk_pct":"2.533","tov_pct":"13.786","usg_pct":"14.160","ortg":"120.224","drtg":"111.659","bpm":"-2.333"},{"game_id":116,"team_name":"SAC","player_id":"{\"baglema01\"}","player_name":"{\"Marvin Bagley III\"}","ts_pct":"0.414","efg_pct":"0.386","three_par":"0.165","ftr":"0.264","orb_pct":"10.734","drb_pct":"24.267","trb_pct":"16.928","ast_pct":"5.942","stl_pct":"0.629","blk_pct":"1.145","tov_pct":"14.575","usg_pct":"24.684","ortg":"85.976","drtg":"116.671","bpm":"-8.646"},{"game_id":116,"team_name":"SAC","player_id":"benchSAC","player_name":"Bench of SAC","ts_pct":"0.540","efg_pct":"0.481","three_par":"0.413","ftr":"0.430","orb_pct":"4.056","drb_pct":"15.887","trb_pct":"9.620","ast_pct":"12.940","stl_pct":"0.892","blk_pct":"1.438","tov_pct":"16.066","usg_pct":"15.608","ortg":"107.935","drtg":"116.845","bpm":"-2.138"},{"game_id":116,"team_name":"CHI","player_id":"{\"whiteco01\"}","player_name":"{\"Coby White\"}","ts_pct":"0.519","efg_pct":"0.473","three_par":"0.492","ftr":"0.239","orb_pct":"1.992","drb_pct":"15.707","trb_pct":"8.913","ast_pct":"23.049","stl_pct":"0.273","blk_pct":"0.239","tov_pct":"16.618","usg_pct":"24.387","ortg":"99.541","drtg":"115.882","bpm":"-3.760"},{"game_id":116,"team_name":"CHI","player_id":"{\"lavinza01\"}","player_name":"{\"Zach LaVine\"}","ts_pct":"0.555","efg_pct":"0.502","three_par":"0.419","ftr":"0.294","orb_pct":"1.161","drb_pct":"13.540","trb_pct":"7.560","ast_pct":"21.715","stl_pct":"1.855","blk_pct":"2.111","tov_pct":"15.822","usg_pct":"31.226","ortg":"103.176","drtg":"114.271","bpm":"-0.400"},{"game_id":116,"team_name":"CHI","player_id":"{\"templga01\"}","player_name":"{\"Garrett Temple\"}","ts_pct":"0.493","efg_pct":"0.487","three_par":"0.675","ftr":"0.084","orb_pct":"2.219","drb_pct":"6.735","trb_pct":"4.425","ast_pct":"9.318","stl_pct":"1.768","blk_pct":"0.794","tov_pct":"13.041","usg_pct":"13.682","ortg":"94.812","drtg":"115.647","bpm":"-3.704"},{"game_id":116,"team_name":"CHI","player_id":"{\"cartewe01\"}","player_name":"{\"Wendell Carter Jr.\"}","ts_pct":"0.590","efg_pct":"0.549","three_par":"0.170","ftr":"0.500","orb_pct":"6.773","drb_pct":"20.046","trb_pct":"13.267","ast_pct":"14.235","stl_pct":"1.040","blk_pct":"2.169","tov_pct":"13.904","usg_pct":"18.540","ortg":"112.776","drtg":"111.729","bpm":"-1.566"},{"game_id":116,"team_name":"CHI","player_id":"{\"porteot01\"}","player_name":"{\"Otto Porter Jr.\"}","ts_pct":"0.642","efg_pct":"0.606","three_par":"0.530","ftr":"0.344","orb_pct":"5.945","drb_pct":"22.841","trb_pct":"14.448","ast_pct":"11.908","stl_pct":"2.098","blk_pct":"0.000","tov_pct":"8.939","usg_pct":"22.445","ortg":"122.447","drtg":"110.188","bpm":"4.078"},{"game_id":116,"team_name":"CHI","player_id":"{\"willipa01\"}","player_name":"{\"Patrick Williams\"}","ts_pct":"0.581","efg_pct":"0.550","three_par":"0.235","ftr":"0.255","orb_pct":"2.224","drb_pct":"11.643","trb_pct":"6.978","ast_pct":"6.038","stl_pct":"0.900","blk_pct":"3.375","tov_pct":"16.383","usg_pct":"17.887","ortg":"98.066","drtg":"113.829","bpm":"-3.200"},{"game_id":116,"team_name":"CHI","player_id":"benchCHI","player_name":"Bench of CHI","ts_pct":"0.601","efg_pct":"0.577","three_par":"0.331","ftr":"0.436","orb_pct":"6.368","drb_pct":"14.876","trb_pct":"10.462","ast_pct":"10.049","stl_pct":"2.455","blk_pct":"3.537","tov_pct":"12.403","usg_pct":"16.697","ortg":"118.980","drtg":"109.693","bpm":"0.958"}]