[{"game_id":1019,"team_name":"SAC","player_id":"teamSAC","player_name":"Team name: SAC","ts_pct":"0.534","efg_pct":"0.511","three_par":"0.352","ftr":"0.272","orb_pct":"3.726","drb_pct":"13.599","trb_pct":"8.688","ast_pct":"13.242","stl_pct":"1.818","blk_pct":"1.989","tov_pct":"13.402","usg_pct":"19.903","ortg":"102.891","drtg":"119.159","bpm":"-3.211"},{"game_id":1019,"team_name":"OKC","player_id":"teamOKC","player_name":"Team name: OKC","ts_pct":"0.525","efg_pct":"0.502","three_par":"0.350","ftr":"0.265","orb_pct":"5.915","drb_pct":"17.471","trb_pct":"10.959","ast_pct":"15.332","stl_pct":"1.802","blk_pct":"1.253","tov_pct":"15.008","usg_pct":"20.701","ortg":"104.426","drtg":"128.252","bpm":"-4.222"}]