[{"game_id":1120,"team_name":"DEN","player_id":"teamDEN","player_name":"Team name: DEN","ts_pct":"0.575","efg_pct":"0.549","three_par":"0.479","ftr":"0.285","orb_pct":"5.122","drb_pct":"18.045","trb_pct":"11.164","ast_pct":"15.557","stl_pct":"1.862","blk_pct":"2.196","tov_pct":"12.521","usg_pct":"20.960","ortg":"118.747","drtg":"133.250","bpm":"-0.987"},{"game_id":1120,"team_name":"POR","player_id":"teamPOR","player_name":"Team name: POR","ts_pct":"0.585","efg_pct":"0.561","three_par":"0.403","ftr":"0.256","orb_pct":"6.554","drb_pct":"18.883","trb_pct":"13.213","ast_pct":"11.880","stl_pct":"0.953","blk_pct":"2.211","tov_pct":"11.642","usg_pct":"20.783","ortg":"120.601","drtg":"130.051","bpm":"-1.358"}]