[{"game_id":1119,"team_name":"BRK","player_id":"{\"hardeja01\"}","player_name":"{\"James Harden\"}","fg":"6.576","fga":"12.306","fg_pct":"0.534","three_p":"2.859","three_pa":"6.412","three_p_pct":"0.446","ft":"6.082","fta":"7.047","ft_pct":"0.863","orb":"0.718","drb":"5.882","trb":"6.600","ast":"9.600","stl":"1.447","blk":"0.882","tov":"2.894","pf":"2.047","pts":"22.094"},{"game_id":1119,"team_name":"BRK","player_id":"{\"irvinky01\"}","player_name":"{\"Kyrie Irving\"}","fg":"8.953","fga":"17.671","fg_pct":"0.507","three_p":"3.388","three_pa":"7.224","three_p_pct":"0.469","ft":"3.847","fta":"3.965","ft_pct":"0.970","orb":"1.400","drb":"4.118","trb":"5.518","ast":"2.859","stl":"1.306","blk":"0.941","tov":"1.506","pf":"3.035","pts":"25.141"},{"game_id":1119,"team_name":"BRK","player_id":"{\"duranke01\"}","player_name":"{\"Kevin Durant\"}","fg":"9.235","fga":"17.153","fg_pct":"0.538","three_p":"1.847","three_pa":"4.718","three_p_pct":"0.391","ft":"7.824","fta":"8.588","ft_pct":"0.911","orb":"0.541","drb":"7.412","trb":"7.953","ast":"5.306","stl":"1.200","blk":"1.706","tov":"2.859","pf":"1.929","pts":"28.141"},{"game_id":1119,"team_name":"BRK","player_id":"{\"harrijo01\"}","player_name":"{\"Joe Harris\"}","fg":"4.729","fga":"10.247","fg_pct":"0.462","three_p":"3.035","three_pa":"6.365","three_p_pct":"0.477","ft":"0.188","fta":"0.188","ft_pct":"1.000","orb":"0.518","drb":"3.224","trb":"3.741","ast":"1.729","stl":"0.529","blk":"0.271","tov":"1.153","pf":"2.918","pts":"12.682"},{"game_id":1119,"team_name":"BRK","player_id":"{\"brownbr01\"}","player_name":"{\"Bruce Brown\"}","fg":"3.612","fga":"6.365","fg_pct":"0.567","three_p":"0.071","three_pa":"0.412","three_p_pct":"0.172","ft":"1.835","fta":"2.129","ft_pct":"0.862","orb":"1.835","drb":"4.906","trb":"6.741","ast":"1.882","stl":"0.459","blk":"0.835","tov":"0.600","pf":"2.788","pts":"9.129"},{"game_id":1119,"team_name":"BRK","player_id":"{\"shamela01\"}","player_name":"{\"Landry Shamet\"}","fg":"2.165","fga":"4.941","fg_pct":"0.438","three_p":"1.435","three_pa":"3.600","three_p_pct":"0.399","ft":"0.294","fta":"0.424","ft_pct":"0.693","orb":"0.424","drb":"1.282","trb":"1.706","ast":"1.047","stl":"0.659","blk":"0.200","tov":"0.435","pf":"2.318","pts":"6.059"},{"game_id":1119,"team_name":"BRK","player_id":"benchBRK","player_name":"Bench of BRK","fg":"1.970","fga":"4.489","fg_pct":"0.439","three_p":"0.519","three_pa":"1.691","three_p_pct":"0.307","ft":"0.680","fta":"0.970","ft_pct":"0.701","orb":"0.629","drb":"1.817","trb":"2.446","ast":"1.776","stl":"0.386","blk":"0.436","tov":"0.542","pf":"1.563","pts":"5.139"},{"game_id":1119,"team_name":"BOS","player_id":"{\"tatumja01\"}","player_name":"{\"Jayson Tatum\"}","fg":"9.659","fga":"22.141","fg_pct":"0.436","three_p":"2.871","three_pa":"7.529","three_p_pct":"0.381","ft":"9.329","fta":"10.259","ft_pct":"0.909","orb":"0.859","drb":"5.612","trb":"6.471","ast":"4.082","stl":"1.400","blk":"1.388","tov":"2.471","pf":"2.706","pts":"31.518"},{"game_id":1119,"team_name":"BOS","player_id":"{\"smartma01\"}","player_name":"{\"Marcus Smart\"}","fg":"4.882","fga":"11.047","fg_pct":"0.442","three_p":"2.588","three_pa":"6.788","three_p_pct":"0.381","ft":"1.776","fta":"2.576","ft_pct":"0.689","orb":"0.541","drb":"3.224","trb":"3.765","ast":"6.282","stl":"1.200","blk":"0.153","tov":"2.706","pf":"2.741","pts":"14.129"},{"game_id":1119,"team_name":"BOS","player_id":"{\"langfro01\"}","player_name":"{\"Romeo Langford\"}","fg":"1.929","fga":"5.071","fg_pct":"0.380","three_p":"0.529","three_pa":"1.859","three_p_pct":"0.285","ft":"1.294","fta":"1.718","ft_pct":"0.753","orb":"0.835","drb":"1.682","trb":"2.518","ast":"0.859","stl":"0.329","blk":"0.141","tov":"0.412","pf":"1.200","pts":"5.682"},{"game_id":1119,"team_name":"BOS","player_id":"{\"fournev01\"}","player_name":"{\"Evan Fournier\"}","fg":"5.459","fga":"12.694","fg_pct":"0.430","three_p":"3.388","three_pa":"6.941","three_p_pct":"0.488","ft":"1.541","fta":"1.847","ft_pct":"0.834","orb":"0.635","drb":"2.706","trb":"3.341","ast":"3.071","stl":"1.176","blk":"0.329","tov":"1.176","pf":"3.329","pts":"15.847"},{"game_id":1119,"team_name":"BOS","player_id":"{\"thomptr01\"}","player_name":"{\"Tristan Thompson\"}","fg":"3.847","fga":"6.788","fg_pct":"0.567","three_p":"0.000","three_pa":"0.000","three_p_pct":"NaN","ft":"1.247","fta":"2.471","ft_pct":"0.505","orb":"4.871","drb":"4.282","trb":"9.153","ast":"1.165","stl":"0.976","blk":"0.600","tov":"1.365","pf":"2.553","pts":"8.941"},{"game_id":1119,"team_name":"BOS","player_id":"{\"pritcpa01\"}","player_name":"{\"Payton Pritchard\"}","fg":"1.812","fga":"5.518","fg_pct":"0.328","three_p":"1.082","three_pa":"3.400","three_p_pct":"0.318","ft":"0.329","fta":"0.400","ft_pct":"0.823","orb":"0.318","drb":"1.976","trb":"2.294","ast":"2.000","stl":"0.682","blk":"0.000","tov":"0.459","pf":"0.847","pts":"5.035"},{"game_id":1119,"team_name":"BOS","player_id":"benchBOS","player_name":"Bench of BOS","fg":"2.102","fga":"4.393","fg_pct":"0.478","three_p":"0.630","three_pa":"1.723","three_p_pct":"0.366","ft":"0.912","fta":"1.063","ft_pct":"0.858","orb":"0.679","drb":"2.604","trb":"3.283","ast":"0.858","stl":"0.151","blk":"0.395","tov":"0.651","pf":"1.682","pts":"5.746"}]