[{"game_id":1169,"team_name":"MIL","player_id":"{\"holidjr01\"}","player_name":"{\"Jrue Holiday\"}","fg":"7.424","fga":"17.965","fg_pct":"0.413","three_p":"2.129","three_pa":"6.341","three_p_pct":"0.336","ft":"2.094","fta":"2.765","ft_pct":"0.757","orb":"1.329","drb":"4.271","trb":"5.600","ast":"9.506","stl":"1.871","blk":"0.871","tov":"2.482","pf":"2.176","pts":"19.071"},{"game_id":1169,"team_name":"MIL","player_id":"{\"antetgi01\"}","player_name":"{\"Giannis Antetokounmpo\"}","fg":"11.941","fga":"19.471","fg_pct":"0.613","three_p":"0.400","three_pa":"2.365","three_p_pct":"0.169","ft":"6.329","fta":"11.165","ft_pct":"0.567","orb":"3.471","drb":"8.388","trb":"11.859","ast":"5.518","stl":"1.306","blk":"1.082","tov":"1.847","pf":"2.894","pts":"30.612"},{"game_id":1169,"team_name":"MIL","player_id":"{\"middlkh01\"}","player_name":"{\"Khris Middleton\"}","fg":"9.941","fga":"21.682","fg_pct":"0.458","three_p":"2.906","three_pa":"8.200","three_p_pct":"0.354","ft":"3.212","fta":"3.588","ft_pct":"0.895","orb":"0.882","drb":"6.376","trb":"7.259","ast":"5.929","stl":"1.282","blk":"0.082","tov":"3.129","pf":"2.506","pts":"26.000"},{"game_id":1169,"team_name":"MIL","player_id":"{\"tuckepj01\"}","player_name":"{\"P.J. Tucker\"}","fg":"1.835","fga":"4.388","fg_pct":"0.418","three_p":"0.882","three_pa":"2.306","three_p_pct":"0.382","ft":"0.047","fta":"0.094","ft_pct":"0.500","orb":"2.012","drb":"2.741","trb":"4.753","ast":"1.282","stl":"1.035","blk":"0.000","tov":"0.435","pf":"3.353","pts":"4.600"},{"game_id":1169,"team_name":"MIL","player_id":"{\"lopezbr01\"}","player_name":"{\"Brook Lopez\"}","fg":"5.259","fga":"9.494","fg_pct":"0.554","three_p":"0.906","three_pa":"3.059","three_p_pct":"0.296","ft":"1.871","fta":"2.247","ft_pct":"0.833","orb":"1.729","drb":"3.000","trb":"4.729","ast":"0.106","stl":"0.812","blk":"1.259","tov":"1.176","pf":"2.188","pts":"13.294"},{"game_id":1169,"team_name":"MIL","player_id":"{\"connapa01\"}","player_name":"{\"Pat Connaughton\"}","fg":"3.518","fga":"6.506","fg_pct":"0.541","three_p":"2.541","three_pa":"5.200","three_p_pct":"0.489","ft":"0.541","fta":"0.541","ft_pct":"1.000","orb":"1.565","drb":"3.588","trb":"5.153","ast":"1.047","stl":"0.424","blk":"0.129","tov":"0.529","pf":"2.424","pts":"10.118"},{"game_id":1169,"team_name":"MIL","player_id":"benchMIL","player_name":"Bench of MIL","fg":"1.993","fga":"5.183","fg_pct":"0.385","three_p":"0.676","three_pa":"1.716","three_p_pct":"0.394","ft":"1.022","fta":"1.300","ft_pct":"0.786","orb":"1.298","drb":"1.685","trb":"2.983","ast":"0.790","stl":"0.705","blk":"0.098","tov":"0.414","pf":"1.031","pts":"5.683"},{"game_id":1169,"team_name":"PHO","player_id":"{\"bookede01\"}","player_name":"{\"Devin Booker\"}","fg":"10.424","fga":"23.776","fg_pct":"0.438","three_p":"1.894","three_pa":"6.259","three_p_pct":"0.303","ft":"5.318","fta":"6.176","ft_pct":"0.861","orb":"0.847","drb":"3.094","trb":"3.941","ast":"3.494","stl":"1.082","blk":"0.388","tov":"3.165","pf":"3.765","pts":"28.059"},{"game_id":1169,"team_name":"PHO","player_id":"{\"crowdja01\"}","player_name":"{\"Jae Crowder\"}","fg":"3.259","fga":"7.824","fg_pct":"0.417","three_p":"2.576","three_pa":"6.000","three_p_pct":"0.429","ft":"1.235","fta":"1.482","ft_pct":"0.833","orb":"0.506","drb":"6.129","trb":"6.635","ast":"2.094","stl":"0.894","blk":"0.729","tov":"0.776","pf":"3.635","pts":"10.329"},{"game_id":1169,"team_name":"PHO","player_id":"{\"bridgmi01\"}","player_name":"{\"Mikal Bridges\"}","fg":"4.059","fga":"7.341","fg_pct":"0.553","three_p":"1.412","three_pa":"3.271","three_p_pct":"0.432","ft":"1.306","fta":"1.306","ft_pct":"1.000","orb":"0.812","drb":"3.541","trb":"4.353","ast":"1.471","stl":"0.529","blk":"0.565","tov":"1.094","pf":"1.765","pts":"10.835"},{"game_id":1169,"team_name":"PHO","player_id":"{\"paulch01\"}","player_name":"{\"Chris Paul\"}","fg":"9.106","fga":"17.694","fg_pct":"0.515","three_p":"2.141","three_pa":"4.459","three_p_pct":"0.480","ft":"2.388","fta":"2.800","ft_pct":"0.853","orb":"0.435","drb":"2.494","trb":"2.929","ast":"8.671","stl":"0.976","blk":"0.153","tov":"2.953","pf":"2.847","pts":"22.741"},{"game_id":1169,"team_name":"PHO","player_id":"{\"aytonde01\"}","player_name":"{\"Deandre Ayton\"}","fg":"6.671","fga":"10.906","fg_pct":"0.612","three_p":"0.000","three_pa":"0.000","three_p_pct":"NaN","ft":"2.259","fta":"2.671","ft_pct":"0.846","orb":"3.271","drb":"10.376","trb":"13.647","ast":"1.765","stl":"1.129","blk":"1.682","tov":"1.459","pf":"3.235","pts":"15.600"},{"game_id":1169,"team_name":"PHO","player_id":"{\"johnsca02\"}","player_name":"{\"Cameron Johnson\"}","fg":"3.518","fga":"5.894","fg_pct":"0.597","three_p":"1.824","three_pa":"3.588","three_p_pct":"0.508","ft":"1.071","fta":"1.071","ft_pct":"1.000","orb":"0.965","drb":"2.529","trb":"3.494","ast":"0.729","stl":"0.647","blk":"0.271","tov":"0.988","pf":"2.141","pts":"9.929"},{"game_id":1169,"team_name":"PHO","player_id":"benchPHO","player_name":"Bench of PHO","fg":"1.776","fga":"4.293","fg_pct":"0.414","three_p":"0.434","three_pa":"1.464","three_p_pct":"0.296","ft":"0.267","fta":"0.434","ft_pct":"0.615","orb":"0.399","drb":"1.719","trb":"2.118","ast":"1.611","stl":"0.262","blk":"0.208","tov":"0.540","pf":"1.147","pts":"4.254"}]