[{"game_id":1137,"team_name":"MIL","player_id":"{\"holidjr01\"}","player_name":"{\"Jrue Holiday\"}","ts_pct":"0.551","efg_pct":"0.531","three_par":"0.285","ftr":"0.184","orb_pct":"5.166","drb_pct":"10.528","trb_pct":"8.028","ast_pct":"31.119","stl_pct":"1.604","blk_pct":"0.593","tov_pct":"12.085","usg_pct":"20.093","ortg":"122.424","drtg":"110.494","bpm":"4.264"},{"game_id":1137,"team_name":"MIL","player_id":"{\"middlkh01\"}","player_name":"{\"Khris Middleton\"}","ts_pct":"0.580","efg_pct":"0.548","three_par":"0.407","ftr":"0.282","orb_pct":"3.920","drb_pct":"16.973","trb_pct":"10.552","ast_pct":"17.095","stl_pct":"0.620","blk_pct":"0.000","tov_pct":"16.233","usg_pct":"26.100","ortg":"104.482","drtg":"111.929","bpm":"-1.133"},{"game_id":1137,"team_name":"MIL","player_id":"{\"antetgi01\"}","player_name":"{\"Giannis Antetokounmpo\"}","ts_pct":"0.570","efg_pct":"0.560","three_par":"0.191","ftr":"0.429","orb_pct":"5.634","drb_pct":"30.152","trb_pct":"18.192","ast_pct":"28.069","stl_pct":"1.341","blk_pct":"2.258","tov_pct":"10.892","usg_pct":"29.646","ortg":"117.188","drtg":"105.024","bpm":"8.632"},{"game_id":1137,"team_name":"MIL","player_id":"{\"lopezbr01\"}","player_name":"{\"Brook Lopez\"}","ts_pct":"0.644","efg_pct":"0.601","three_par":"0.220","ftr":"0.285","orb_pct":"10.166","drb_pct":"12.164","trb_pct":"11.384","ast_pct":"2.748","stl_pct":"0.222","blk_pct":"3.305","tov_pct":"10.146","usg_pct":"20.652","ortg":"125.035","drtg":"110.882","bpm":"1.625"},{"game_id":1137,"team_name":"MIL","player_id":"{\"tuckepj01\"}","player_name":"{\"P.J. Tucker\"}","ts_pct":"0.431","efg_pct":"0.393","three_par":"0.641","ftr":"0.158","orb_pct":"6.927","drb_pct":"8.733","trb_pct":"7.748","ast_pct":"3.814","stl_pct":"0.878","blk_pct":"0.000","tov_pct":"11.058","usg_pct":"7.021","ortg":"102.494","drtg":"113.165","bpm":"-3.534"},{"game_id":1137,"team_name":"MIL","player_id":"{\"forbebr01\"}","player_name":"{\"Bryn Forbes\"}","ts_pct":"0.641","efg_pct":"0.641","three_par":"0.736","ftr":"0.105","orb_pct":"0.780","drb_pct":"9.001","trb_pct":"4.901","ast_pct":"4.229","stl_pct":"0.386","blk_pct":"0.165","tov_pct":"7.661","usg_pct":"20.086","ortg":"118.329","drtg":"114.082","bpm":"1.919"},{"game_id":1137,"team_name":"MIL","player_id":"benchMIL","player_name":"Bench of MIL","ts_pct":"0.441","efg_pct":"0.354","three_par":"0.424","ftr":"0.361","orb_pct":"5.739","drb_pct":"15.148","trb_pct":"10.539","ast_pct":"7.716","stl_pct":"1.294","blk_pct":"0.939","tov_pct":"12.304","usg_pct":"13.373","ortg":"100.266","drtg":"112.162","bpm":"-0.370"},{"game_id":1137,"team_name":"BRK","player_id":"{\"irvinky01\"}","player_name":"{\"Kyrie Irving\"}","ts_pct":"0.621","efg_pct":"0.596","three_par":"0.418","ftr":"0.171","orb_pct":"4.060","drb_pct":"13.124","trb_pct":"8.838","ast_pct":"15.866","stl_pct":"1.258","blk_pct":"1.935","tov_pct":"5.388","usg_pct":"24.939","ortg":"128.753","drtg":"112.365","bpm":"4.294"},{"game_id":1137,"team_name":"BRK","player_id":"{\"duranke01\"}","player_name":"{\"Kevin Durant\"}","ts_pct":"0.687","efg_pct":"0.627","three_par":"0.275","ftr":"0.402","orb_pct":"1.632","drb_pct":"19.064","trb_pct":"10.940","ast_pct":"20.545","stl_pct":"1.349","blk_pct":"4.336","tov_pct":"11.588","usg_pct":"30.851","ortg":"130.141","drtg":"108.235","bpm":"9.048"},{"game_id":1137,"team_name":"BRK","player_id":"{\"brownbr01\"}","player_name":"{\"Bruce Brown\"}","ts_pct":"0.576","efg_pct":"0.483","three_par":"0.127","ftr":"0.507","orb_pct":"9.007","drb_pct":"18.302","trb_pct":"14.167","ast_pct":"14.084","stl_pct":"1.876","blk_pct":"2.682","tov_pct":"7.248","usg_pct":"15.732","ortg":"131.424","drtg":"108.082","bpm":"2.198"},{"game_id":1137,"team_name":"BRK","player_id":"{\"harrijo01\"}","player_name":"{\"Joe Harris\"}","ts_pct":"0.636","efg_pct":"0.625","three_par":"0.647","ftr":"0.042","orb_pct":"1.073","drb_pct":"8.469","trb_pct":"5.115","ast_pct":"8.164","stl_pct":"0.860","blk_pct":"0.549","tov_pct":"8.456","usg_pct":"15.773","ortg":"122.565","drtg":"116.788","bpm":"-0.674"},{"game_id":1137,"team_name":"BRK","player_id":"{\"griffbl01\"}","player_name":"{\"Blake Griffin\"}","ts_pct":"0.596","efg_pct":"0.519","three_par":"0.266","ftr":"0.154","orb_pct":"7.282","drb_pct":"15.413","trb_pct":"11.504","ast_pct":"9.909","stl_pct":"1.474","blk_pct":"1.538","tov_pct":"3.953","usg_pct":"12.521","ortg":"138.176","drtg":"111.188","bpm":"-1.078"},{"game_id":1137,"team_name":"BRK","player_id":"{\"claxtni01\"}","player_name":"{\"Nic Claxton\"}","ts_pct":"0.451","efg_pct":"0.447","three_par":"0.000","ftr":"0.312","orb_pct":"11.451","drb_pct":"16.244","trb_pct":"14.233","ast_pct":"3.806","stl_pct":"1.355","blk_pct":"10.612","tov_pct":"5.442","usg_pct":"13.562","ortg":"108.082","drtg":"106.047","bpm":"-0.579"},{"game_id":1137,"team_name":"BRK","player_id":"benchBRK","player_name":"Bench of BRK","ts_pct":"0.431","efg_pct":"0.415","three_par":"0.560","ftr":"0.080","orb_pct":"1.547","drb_pct":"9.991","trb_pct":"6.171","ast_pct":"12.173","stl_pct":"1.523","blk_pct":"0.421","tov_pct":"6.797","usg_pct":"18.734","ortg":"92.162","drtg":"113.096","bpm":"-6.425"}]