[{"game_id":1014,"team_name":"CHO","player_id":"teamCHO","player_name":"Team name: CHO","fg":"39.994","fga":"87.891","fg_pct":"0.455","three_p":"12.800","three_pa":"35.069","three_p_pct":"0.365","ft":"15.549","fta":"22.354","ft_pct":"0.696","orb":"11.366","drb":"32.549","trb":"43.914","ast":"28.200","stl":"7.423","blk":"5.200","tov":"11.960","pf":"18.977","pts":"108.337"},{"game_id":1014,"team_name":"NOP","player_id":"teamNOP","player_name":"Team name: NOP","fg":"43.526","fga":"92.366","fg_pct":"0.471","three_p":"10.337","three_pa":"30.017","three_p_pct":"0.344","ft":"19.269","fta":"26.840","ft_pct":"0.718","orb":"11.891","drb":"37.869","trb":"49.760","ast":"26.977","stl":"9.406","blk":"4.149","tov":"15.257","pf":"17.943","pts":"116.657"}]