[{"game_id":1150,"team_name":"ATL","player_id":"teamATL","player_name":"Team name: ATL","fg":"38.537","fga":"86.331","fg_pct":"0.446","three_p":"11.977","three_pa":"34.017","three_p_pct":"0.352","ft":"18.583","fta":"22.234","ft_pct":"0.836","orb":"9.091","drb":"33.469","trb":"42.560","ast":"19.760","stl":"5.851","blk":"4.817","tov":"10.920","pf":"22.017","pts":"107.634"},{"game_id":1150,"team_name":"PHI","player_id":"teamPHI","player_name":"Team name: PHI","fg":"43.263","fga":"84.880","fg_pct":"0.510","three_p":"11.320","three_pa":"28.200","three_p_pct":"0.401","ft":"20.714","fta":"30.714","ft_pct":"0.674","orb":"8.537","drb":"35.160","trb":"43.697","ast":"25.577","stl":"8.011","blk":"6.366","tov":"11.949","pf":"22.320","pts":"118.560"}]