[{"game_id":1124,"team_name":"LAC","player_id":"teamLAC","player_name":"Team name: LAC","ts_pct":"0.676","efg_pct":"0.643","three_par":"0.462","ftr":"0.273","orb_pct":"6.131","drb_pct":"17.605","trb_pct":"12.243","ast_pct":"15.263","stl_pct":"1.510","blk_pct":"2.424","tov_pct":"11.787","usg_pct":"21.258","ortg":"135.009","drtg":"126.891","bpm":"-0.590"},{"game_id":1124,"team_name":"DAL","player_id":"teamDAL","player_name":"Team name: DAL","ts_pct":"0.598","efg_pct":"0.561","three_par":"0.431","ftr":"0.299","orb_pct":"6.845","drb_pct":"17.834","trb_pct":"12.151","ast_pct":"15.481","stl_pct":"1.375","blk_pct":"1.423","tov_pct":"11.703","usg_pct":"22.959","ortg":"129.944","drtg":"145.705","bpm":"-2.153"}]