[{"game_id":1245,"team_name":"DAL","player_id":"teamDAL","player_name":"Team name: DAL","ts_pct":"0.553","efg_pct":"0.522","three_par":"0.469","ftr":"0.350","orb_pct":"4.036","drb_pct":"15.461","trb_pct":"9.636","ast_pct":"16.314","stl_pct":"1.037","blk_pct":"1.599","tov_pct":"9.821","usg_pct":"19.521","ortg":"112.153","drtg":"111.721","bpm":"-0.505"},{"game_id":1245,"team_name":"LAL","player_id":"teamLAL","player_name":"Team name: LAL","ts_pct":"0.493","efg_pct":"0.473","three_par":"0.333","ftr":"0.228","orb_pct":"5.117","drb_pct":"15.630","trb_pct":"10.324","ast_pct":"13.995","stl_pct":"1.808","blk_pct":"2.668","tov_pct":"13.033","usg_pct":"19.180","ortg":"102.050","drtg":"107.575","bpm":"-1.147"}]