[{"game_id":1075,"team_name":"CHI","player_id":"teamCHI","player_name":"Team name: CHI","fg":"40.269","fga":"90.629","fg_pct":"0.444","three_p":"13.446","three_pa":"35.646","three_p_pct":"0.377","ft":"10.926","fta":"15.120","ft_pct":"0.723","orb":"11.457","drb":"35.994","trb":"47.451","ast":"26.114","stl":"6.600","blk":"3.949","tov":"12.091","pf":"17.697","pts":"104.909"},{"game_id":1075,"team_name":"MIL","player_id":"teamMIL","player_name":"Team name: MIL","fg":"47.326","fga":"93.726","fg_pct":"0.505","three_p":"13.457","three_pa":"36.000","three_p_pct":"0.374","ft":"18.594","fta":"24.360","ft_pct":"0.763","orb":"10.240","drb":"38.417","trb":"48.657","ast":"26.034","stl":"6.811","blk":"4.949","tov":"12.000","pf":"17.206","pts":"126.703"}]