[{"game_id":1035,"team_name":"LAL","player_id":"{\"carusal01\"}","player_name":"{\"Alex Caruso\"}","fg":"3.788","fga":"8.271","fg_pct":"0.458","three_p":"1.129","three_pa":"2.882","three_p_pct":"0.392","ft":"1.459","fta":"2.482","ft_pct":"0.588","orb":"0.694","drb":"2.424","trb":"3.118","ast":"4.000","stl":"1.188","blk":"0.329","tov":"1.788","pf":"2.624","pts":"10.165"},{"game_id":1035,"team_name":"LAL","player_id":"{\"morrima02\"}","player_name":"{\"Markieff Morris\"}","fg":"1.035","fga":"4.918","fg_pct":"0.210","three_p":"0.141","three_pa":"2.259","three_p_pct":"0.062","ft":"0.329","fta":"0.741","ft_pct":"0.444","orb":"0.471","drb":"2.718","trb":"3.188","ast":"1.247","stl":"0.612","blk":"0.200","tov":"0.812","pf":"1.024","pts":"2.541"},{"game_id":1035,"team_name":"LAL","player_id":"{\"harremo01\"}","player_name":"{\"Montrezl Harrell\"}","fg":"3.941","fga":"5.906","fg_pct":"0.667","three_p":"0.000","three_pa":"0.000","three_p_pct":"NaN","ft":"2.871","fta":"4.365","ft_pct":"0.658","orb":"1.859","drb":"2.329","trb":"4.188","ast":"1.024","stl":"0.518","blk":"0.694","tov":"0.694","pf":"1.588","pts":"10.753"},{"game_id":1035,"team_name":"LAL","player_id":"{\"davisan02\"}","player_name":"{\"Anthony Davis\"}","fg":"8.153","fga":"18.553","fg_pct":"0.439","three_p":"0.882","three_pa":"3.341","three_p_pct":"0.264","ft":"5.718","fta":"7.341","ft_pct":"0.779","orb":"1.471","drb":"6.341","trb":"7.812","ast":"3.212","stl":"1.071","blk":"1.882","tov":"2.482","pf":"1.482","pts":"22.906"},{"game_id":1035,"team_name":"LAL","player_id":"{\"caldwke01\"}","player_name":"{\"Kentavious Caldwell-Pope\"}","fg":"3.447","fga":"8.176","fg_pct":"0.422","three_p":"2.012","three_pa":"5.353","three_p_pct":"0.376","ft":"3.118","fta":"3.494","ft_pct":"0.892","orb":"0.141","drb":"2.329","trb":"2.471","ast":"2.576","stl":"1.400","blk":"0.553","tov":"1.012","pf":"1.729","pts":"12.024"},{"game_id":1035,"team_name":"LAL","player_id":"{\"drumman01\"}","player_name":"{\"Andre Drummond\"}","fg":"4.212","fga":"7.706","fg_pct":"0.547","three_p":"0.000","three_pa":"0.000","three_p_pct":"NaN","ft":"1.635","fta":"2.659","ft_pct":"0.615","orb":"3.024","drb":"5.659","trb":"8.682","ast":"1.176","stl":"0.847","blk":"0.682","tov":"1.824","pf":"4.271","pts":"10.059"},{"game_id":1035,"team_name":"LAL","player_id":"benchLAL","player_name":"Bench of LAL","fg":"2.984","fga":"6.619","fg_pct":"0.451","three_p":"1.483","three_pa":"3.832","three_p_pct":"0.387","ft":"0.740","fta":"1.067","ft_pct":"0.694","orb":"0.474","drb":"2.216","trb":"2.689","ast":"1.752","stl":"0.532","blk":"0.430","tov":"1.068","pf":"1.741","pts":"8.190"},{"game_id":1035,"team_name":"NYK","player_id":"{\"toppiob01\"}","player_name":"{\"Obi Toppin\"}","fg":"2.118","fga":"4.024","fg_pct":"0.526","three_p":"0.647","three_pa":"1.718","three_p_pct":"0.377","ft":"0.318","fta":"0.424","ft_pct":"0.750","orb":"0.565","drb":"2.059","trb":"2.624","ast":"0.306","stl":"0.588","blk":"0.388","tov":"0.212","pf":"0.941","pts":"5.200"},{"game_id":1035,"team_name":"NYK","player_id":"{\"bullore01\"}","player_name":"{\"Reggie Bullock\"}","fg":"4.941","fga":"10.694","fg_pct":"0.462","three_p":"3.400","three_pa":"8.047","three_p_pct":"0.423","ft":"2.153","fta":"2.247","ft_pct":"0.958","orb":"0.400","drb":"3.000","trb":"3.400","ast":"2.282","stl":"0.847","blk":"0.200","tov":"0.729","pf":"2.082","pts":"15.435"},{"game_id":1035,"team_name":"NYK","player_id":"{\"randlju01\"}","player_name":"{\"Julius Randle\"}","fg":"8.494","fga":"18.894","fg_pct":"0.450","three_p":"2.529","three_pa":"6.259","three_p_pct":"0.404","ft":"4.376","fta":"5.247","ft_pct":"0.834","orb":"0.965","drb":"8.188","trb":"9.153","ast":"4.682","stl":"0.459","blk":"0.224","tov":"2.976","pf":"3.224","pts":"23.894"},{"game_id":1035,"team_name":"NYK","player_id":"{\"rosede01\"}","player_name":"{\"Derrick Rose\"}","fg":"7.941","fga":"13.294","fg_pct":"0.597","three_p":"1.588","three_pa":"2.882","three_p_pct":"0.551","ft":"1.741","fta":"1.871","ft_pct":"0.931","orb":"0.188","drb":"3.576","trb":"3.765","ast":"5.082","stl":"0.671","blk":"0.094","tov":"1.588","pf":"1.376","pts":"19.212"},{"game_id":1035,"team_name":"NYK","player_id":"{\"barrerj01\"}","player_name":"{\"RJ Barrett\"}","fg":"6.765","fga":"16.424","fg_pct":"0.412","three_p":"3.412","three_pa":"7.212","three_p_pct":"0.473","ft":"2.165","fta":"2.671","ft_pct":"0.811","orb":"0.365","drb":"6.024","trb":"6.388","ast":"3.353","stl":"0.706","blk":"0.424","tov":"1.576","pf":"2.612","pts":"19.106"},{"game_id":1035,"team_name":"NYK","player_id":"{\"gibsota01\"}","player_name":"{\"Taj Gibson\"}","fg":"2.871","fga":"3.976","fg_pct":"0.722","three_p":"0.000","three_pa":"0.118","three_p_pct":"0.000","ft":"0.824","fta":"0.965","ft_pct":"0.854","orb":"2.424","drb":"3.165","trb":"5.588","ast":"1.012","stl":"0.412","blk":"1.494","tov":"0.376","pf":"2.847","pts":"6.565"},{"game_id":1035,"team_name":"NYK","player_id":"benchNYK","player_name":"Bench of NYK","fg":"1.658","fga":"3.665","fg_pct":"0.452","three_p":"0.150","three_pa":"0.574","three_p_pct":"0.261","ft":"0.482","fta":"0.841","ft_pct":"0.573","orb":"0.841","drb":"2.243","trb":"3.084","ast":"1.333","stl":"0.727","blk":"0.826","tov":"0.765","pf":"1.779","pts":"3.949"}]