[{"game_id":1037,"team_name":"ATL","player_id":"{\"hillso01\"}","player_name":"{\"Solomon Hill\"}","ts_pct":"0.458","efg_pct":"0.310","three_par":"0.466","ftr":"0.433","orb_pct":"1.524","drb_pct":"15.409","trb_pct":"9.160","ast_pct":"7.911","stl_pct":"1.166","blk_pct":"0.169","tov_pct":"12.211","usg_pct":"7.334","ortg":"91.647","drtg":"119.482","bpm":"-2.462"},{"game_id":1037,"team_name":"ATL","player_id":"{\"bogdabo01\"}","player_name":"{\"Bogdan Bogdanović\"}","ts_pct":"0.656","efg_pct":"0.651","three_par":"0.611","ftr":"0.041","orb_pct":"1.234","drb_pct":"10.234","trb_pct":"5.815","ast_pct":"19.074","stl_pct":"2.418","blk_pct":"1.333","tov_pct":"8.060","usg_pct":"23.649","ortg":"128.188","drtg":"113.412","bpm":"6.981"},{"game_id":1037,"team_name":"ATL","player_id":"{\"youngtr01\"}","player_name":"{\"Trae Young\"}","ts_pct":"0.625","efg_pct":"0.516","three_par":"0.335","ftr":"0.534","orb_pct":"1.967","drb_pct":"10.280","trb_pct":"6.135","ast_pct":"42.505","stl_pct":"1.364","blk_pct":"0.282","tov_pct":"14.927","usg_pct":"33.109","ortg":"127.259","drtg":"120.400","bpm":"5.262"},{"game_id":1037,"team_name":"ATL","player_id":"{\"collijo01\"}","player_name":"{\"John Collins\"}","ts_pct":"0.752","efg_pct":"0.730","three_par":"0.327","ftr":"0.311","orb_pct":"6.042","drb_pct":"21.506","trb_pct":"14.005","ast_pct":"5.793","stl_pct":"1.658","blk_pct":"2.233","tov_pct":"14.521","usg_pct":"21.956","ortg":"127.871","drtg":"116.094","bpm":"3.445"},{"game_id":1037,"team_name":"ATL","player_id":"{\"capelca01\"}","player_name":"{\"Clint Capela\"}","ts_pct":"0.566","efg_pct":"0.577","three_par":"0.000","ftr":"0.339","orb_pct":"18.576","drb_pct":"32.674","trb_pct":"25.560","ast_pct":"4.051","stl_pct":"0.845","blk_pct":"4.353","tov_pct":"7.566","usg_pct":"20.028","ortg":"121.329","drtg":"114.000","bpm":"-0.725"},{"game_id":1037,"team_name":"ATL","player_id":"{\"snellto01\"}","player_name":"{\"Tony Snell\"}","ts_pct":"0.583","efg_pct":"0.563","three_par":"0.626","ftr":"0.129","orb_pct":"2.114","drb_pct":"11.428","trb_pct":"6.788","ast_pct":"6.891","stl_pct":"1.433","blk_pct":"0.764","tov_pct":"5.771","usg_pct":"6.996","ortg":"127.294","drtg":"118.541","bpm":"-1.979"},{"game_id":1037,"team_name":"ATL","player_id":"benchATL","player_name":"Bench of ATL","ts_pct":"0.563","efg_pct":"0.527","three_par":"0.324","ftr":"0.224","orb_pct":"3.860","drb_pct":"13.152","trb_pct":"8.769","ast_pct":"15.463","stl_pct":"1.499","blk_pct":"1.393","tov_pct":"12.993","usg_pct":"19.240","ortg":"113.475","drtg":"117.762","bpm":"-1.319"},{"game_id":1037,"team_name":"WAS","player_id":"{\"lopezro01\"}","player_name":"{\"Robin Lopez\"}","ts_pct":"0.589","efg_pct":"0.571","three_par":"0.000","ftr":"0.335","orb_pct":"11.680","drb_pct":"10.546","trb_pct":"11.027","ast_pct":"3.566","stl_pct":"0.000","blk_pct":"4.772","tov_pct":"11.195","usg_pct":"21.024","ortg":"128.082","drtg":"118.788","bpm":"-0.114"},{"game_id":1037,"team_name":"WAS","player_id":"{\"westbru01\"}","player_name":"{\"Russell Westbrook\"}","ts_pct":"0.538","efg_pct":"0.486","three_par":"0.192","ftr":"0.319","orb_pct":"5.047","drb_pct":"32.881","trb_pct":"19.315","ast_pct":"52.048","stl_pct":"1.509","blk_pct":"0.980","tov_pct":"17.229","usg_pct":"26.809","ortg":"118.671","drtg":"112.306","bpm":"7.341"},{"game_id":1037,"team_name":"WAS","player_id":"{\"bertada01\"}","player_name":"{\"Dāvis Bertāns\"}","ts_pct":"0.589","efg_pct":"0.552","three_par":"0.905","ftr":"0.321","orb_pct":"1.194","drb_pct":"8.194","trb_pct":"4.793","ast_pct":"3.824","stl_pct":"0.778","blk_pct":"0.569","tov_pct":"2.273","usg_pct":"13.091","ortg":"121.565","drtg":"121.071","bpm":"-3.033"},{"game_id":1037,"team_name":"WAS","player_id":"{\"hachiru01\"}","player_name":"{\"Rui Hachimura\"}","ts_pct":"0.566","efg_pct":"0.530","three_par":"0.166","ftr":"0.239","orb_pct":"2.475","drb_pct":"11.633","trb_pct":"7.180","ast_pct":"3.569","stl_pct":"1.153","blk_pct":"0.946","tov_pct":"6.259","usg_pct":"19.786","ortg":"112.635","drtg":"114.953","bpm":"-3.111"},{"game_id":1037,"team_name":"WAS","player_id":"{\"netora01\"}","player_name":"{\"Raul Neto\"}","ts_pct":"0.603","efg_pct":"0.533","three_par":"0.340","ftr":"0.343","orb_pct":"1.864","drb_pct":"10.188","trb_pct":"6.025","ast_pct":"12.906","stl_pct":"2.293","blk_pct":"0.616","tov_pct":"8.942","usg_pct":"13.512","ortg":"124.729","drtg":"117.518","bpm":"0.581"},{"game_id":1037,"team_name":"WAS","player_id":"{\"smithis01\"}","player_name":"{\"Ish Smith\"}","ts_pct":"0.499","efg_pct":"0.480","three_par":"0.207","ftr":"0.107","orb_pct":"2.479","drb_pct":"13.616","trb_pct":"8.055","ast_pct":"13.207","stl_pct":"2.146","blk_pct":"1.275","tov_pct":"7.238","usg_pct":"16.626","ortg":"104.435","drtg":"116.741","bpm":"-1.825"},{"game_id":1037,"team_name":"WAS","player_id":"benchWAS","player_name":"Bench of WAS","ts_pct":"0.547","efg_pct":"0.518","three_par":"0.248","ftr":"0.476","orb_pct":"7.562","drb_pct":"16.358","trb_pct":"12.031","ast_pct":"4.988","stl_pct":"1.196","blk_pct":"3.426","tov_pct":"6.143","usg_pct":"14.904","ortg":"115.049","drtg":"114.982","bpm":"-2.542"}]