[{"game_id":1219,"team_name":"SAS","player_id":"teamSAS","player_name":"Team name: SAS","fg":"41.091","fga":"87.989","fg_pct":"0.467","three_p":"7.297","three_pa":"21.566","three_p_pct":"0.338","ft":"18.297","fta":"23.246","ft_pct":"0.787","orb":"11.646","drb":"35.617","trb":"47.263","ast":"22.297","stl":"4.994","blk":"4.417","tov":"9.720","pf":"18.817","pts":"107.777"},{"game_id":1219,"team_name":"POR","player_id":"teamPOR","player_name":"Team name: POR","fg":"39.537","fga":"88.777","fg_pct":"0.445","three_p":"10.794","three_pa":"31.583","three_p_pct":"0.342","ft":"19.046","fta":"24.286","ft_pct":"0.784","orb":"9.954","drb":"34.023","trb":"43.977","ast":"19.886","stl":"6.566","blk":"4.520","tov":"13.343","pf":"22.949","pts":"108.914"}]