[{"game_id":1101,"team_name":"NYK","player_id":"{\"paytoel01\"}","player_name":"{\"Elfrid Payton\"}","ts_pct":"0.212","efg_pct":"0.208","three_par":"0.089","ftr":"0.048","orb_pct":"0.659","drb_pct":"13.562","trb_pct":"7.478","ast_pct":"17.642","stl_pct":"1.289","blk_pct":"0.000","tov_pct":"13.927","usg_pct":"18.616","ortg":"56.447","drtg":"109.294","bpm":"-13.638"},{"game_id":1101,"team_name":"NYK","player_id":"{\"rosede01\"}","player_name":"{\"Derrick Rose\"}","ts_pct":"0.610","efg_pct":"0.581","three_par":"0.206","ftr":"0.126","orb_pct":"2.646","drb_pct":"11.659","trb_pct":"7.138","ast_pct":"26.338","stl_pct":"1.182","blk_pct":"0.771","tov_pct":"13.274","usg_pct":"25.347","ortg":"114.129","drtg":"111.200","bpm":"2.727"},{"game_id":1101,"team_name":"NYK","player_id":"{\"randlju01\"}","player_name":"{\"Julius Randle\"}","ts_pct":"0.482","efg_pct":"0.427","three_par":"0.303","ftr":"0.304","orb_pct":"2.164","drb_pct":"23.836","trb_pct":"13.269","ast_pct":"29.440","stl_pct":"0.634","blk_pct":"0.593","tov_pct":"12.840","usg_pct":"32.607","ortg":"97.459","drtg":"108.518","bpm":"0.006"},{"game_id":1101,"team_name":"NYK","player_id":"{\"bullore01\"}","player_name":"{\"Reggie Bullock\"}","ts_pct":"0.572","efg_pct":"0.551","three_par":"0.716","ftr":"0.090","orb_pct":"1.576","drb_pct":"10.219","trb_pct":"6.112","ast_pct":"6.693","stl_pct":"1.189","blk_pct":"0.635","tov_pct":"4.465","usg_pct":"15.621","ortg":"113.824","drtg":"111.059","bpm":"-0.556"},{"game_id":1101,"team_name":"NYK","player_id":"{\"gibsota01\"}","player_name":"{\"Taj Gibson\"}","ts_pct":"0.712","efg_pct":"0.677","three_par":"0.012","ftr":"0.370","orb_pct":"11.741","drb_pct":"16.584","trb_pct":"14.380","ast_pct":"9.687","stl_pct":"1.087","blk_pct":"5.906","tov_pct":"2.028","usg_pct":"9.328","ortg":"159.659","drtg":"105.329","bpm":"4.007"},{"game_id":1101,"team_name":"NYK","player_id":"{\"burksal01\"}","player_name":"{\"Alec Burks\"}","ts_pct":"0.578","efg_pct":"0.561","three_par":"0.492","ftr":"0.226","orb_pct":"1.775","drb_pct":"20.308","trb_pct":"11.098","ast_pct":"15.826","stl_pct":"0.486","blk_pct":"1.276","tov_pct":"6.709","usg_pct":"24.293","ortg":"113.482","drtg":"108.659","bpm":"4.467"},{"game_id":1101,"team_name":"NYK","player_id":"benchNYK","player_name":"Bench of NYK","ts_pct":"0.611","efg_pct":"0.582","three_par":"0.338","ftr":"0.239","orb_pct":"3.476","drb_pct":"12.893","trb_pct":"8.299","ast_pct":"8.976","stl_pct":"1.255","blk_pct":"3.007","tov_pct":"7.035","usg_pct":"16.472","ortg":"127.030","drtg":"108.369","bpm":"0.214"},{"game_id":1101,"team_name":"ATL","player_id":"{\"okongon01\"}","player_name":"{\"Onyeka Okongwu\"}","ts_pct":"0.585","efg_pct":"0.569","three_par":"0.007","ftr":"0.237","orb_pct":"16.040","drb_pct":"12.948","trb_pct":"14.191","ast_pct":"7.480","stl_pct":"1.118","blk_pct":"3.795","tov_pct":"13.501","usg_pct":"15.791","ortg":"115.553","drtg":"110.282","bpm":"-0.715"},{"game_id":1101,"team_name":"ATL","player_id":"{\"capelca01\"}","player_name":"{\"Clint Capela\"}","ts_pct":"0.620","efg_pct":"0.631","three_par":"0.000","ftr":"0.421","orb_pct":"16.687","drb_pct":"30.261","trb_pct":"23.809","ast_pct":"1.767","stl_pct":"0.981","blk_pct":"4.119","tov_pct":"8.389","usg_pct":"18.649","ortg":"127.894","drtg":"109.012","bpm":"0.462"},{"game_id":1101,"team_name":"ATL","player_id":"{\"youngtr01\"}","player_name":"{\"Trae Young\"}","ts_pct":"0.599","efg_pct":"0.510","three_par":"0.310","ftr":"0.433","orb_pct":"1.811","drb_pct":"11.793","trb_pct":"7.191","ast_pct":"46.753","stl_pct":"1.148","blk_pct":"0.188","tov_pct":"13.048","usg_pct":"34.027","ortg":"125.024","drtg":"113.671","bpm":"5.571"},{"game_id":1101,"team_name":"ATL","player_id":"{\"bogdabo01\"}","player_name":"{\"Bogdan Bogdanović\"}","ts_pct":"0.701","efg_pct":"0.694","three_par":"0.619","ftr":"0.079","orb_pct":"1.407","drb_pct":"8.672","trb_pct":"5.279","ast_pct":"18.531","stl_pct":"2.899","blk_pct":"1.175","tov_pct":"6.775","usg_pct":"22.792","ortg":"136.529","drtg":"110.035","bpm":"9.988"},{"game_id":1101,"team_name":"ATL","player_id":"{\"huntede01\"}","player_name":"{\"De'Andre Hunter\"}","ts_pct":"0.437","efg_pct":"0.394","three_par":"0.391","ftr":"0.248","orb_pct":"1.828","drb_pct":"12.738","trb_pct":"7.504","ast_pct":"6.934","stl_pct":"1.215","blk_pct":"2.421","tov_pct":"7.351","usg_pct":"20.671","ortg":"92.482","drtg":"112.482","bpm":"-5.395"},{"game_id":1101,"team_name":"ATL","player_id":"{\"gallida01\"}","player_name":"{\"Danilo Gallinari\"}","ts_pct":"0.532","efg_pct":"0.504","three_par":"0.453","ftr":"0.166","orb_pct":"1.247","drb_pct":"16.707","trb_pct":"9.519","ast_pct":"9.728","stl_pct":"1.739","blk_pct":"1.479","tov_pct":"4.996","usg_pct":"19.179","ortg":"109.647","drtg":"113.835","bpm":"-0.687"},{"game_id":1101,"team_name":"ATL","player_id":"benchATL","player_name":"Bench of ATL","ts_pct":"0.590","efg_pct":"0.570","three_par":"0.422","ftr":"0.150","orb_pct":"2.183","drb_pct":"13.958","trb_pct":"8.528","ast_pct":"12.246","stl_pct":"1.184","blk_pct":"1.590","tov_pct":"10.154","usg_pct":"17.711","ortg":"116.508","drtg":"112.420","bpm":"-0.669"}]