[{"game_id":1216,"team_name":"HOU","player_id":"{\"houseda01\"}","player_name":"{\"Danuel House Jr.\"}","ts_pct":"0.479","efg_pct":"0.474","three_par":"0.777","ftr":"0.274","orb_pct":"1.327","drb_pct":"14.305","trb_pct":"7.934","ast_pct":"3.180","stl_pct":"0.905","blk_pct":"1.468","tov_pct":"8.315","usg_pct":"12.696","ortg":"87.882","drtg":"110.388","bpm":"-4.405"},{"game_id":1216,"team_name":"HOU","player_id":"{\"hardeja01\"}","player_name":"{\"James Harden\"}","ts_pct":"0.562","efg_pct":"0.465","three_par":"0.553","ftr":"0.509","orb_pct":"2.007","drb_pct":"15.807","trb_pct":"9.080","ast_pct":"31.304","stl_pct":"2.416","blk_pct":"1.580","tov_pct":"15.772","usg_pct":"36.686","ortg":"109.800","drtg":"110.365","bpm":"4.258"},{"game_id":1216,"team_name":"HOU","player_id":"{\"gordoer01\"}","player_name":"{\"Eric Gordon\"}","ts_pct":"0.515","efg_pct":"0.489","three_par":"0.614","ftr":"0.148","orb_pct":"0.653","drb_pct":"5.460","trb_pct":"3.082","ast_pct":"5.008","stl_pct":"0.735","blk_pct":"1.300","tov_pct":"11.725","usg_pct":"21.586","ortg":"96.106","drtg":"117.094","bpm":"-3.489"},{"game_id":1216,"team_name":"HOU","player_id":"{\"westbru01\"}","player_name":"{\"Russell Westbrook\"}","ts_pct":"0.528","efg_pct":"0.481","three_par":"0.306","ftr":"0.344","orb_pct":"4.007","drb_pct":"25.086","trb_pct":"14.502","ast_pct":"49.565","stl_pct":"1.400","blk_pct":"1.282","tov_pct":"15.553","usg_pct":"29.981","ortg":"110.624","drtg":"109.376","bpm":"5.569"},{"game_id":1216,"team_name":"HOU","player_id":"{\"tuckepj01\"}","player_name":"{\"P.J. Tucker\"}","ts_pct":"0.688","efg_pct":"0.663","three_par":"0.605","ftr":"0.207","orb_pct":"5.800","drb_pct":"14.562","trb_pct":"10.391","ast_pct":"6.125","stl_pct":"1.941","blk_pct":"1.824","tov_pct":"10.784","usg_pct":"10.921","ortg":"134.647","drtg":"111.012","bpm":"4.032"},{"game_id":1216,"team_name":"HOU","player_id":"{\"capelca01\"}","player_name":"{\"Clint Capela\"}","ts_pct":"0.576","efg_pct":"0.578","three_par":"0.000","ftr":"0.450","orb_pct":"14.128","drb_pct":"24.176","trb_pct":"19.071","ast_pct":"8.195","stl_pct":"0.599","blk_pct":"3.531","tov_pct":"13.980","usg_pct":"16.413","ortg":"116.882","drtg":"111.153","bpm":"-1.524"},{"game_id":1216,"team_name":"HOU","player_id":"benchHOU","player_name":"Bench of HOU","ts_pct":"0.432","efg_pct":"0.426","three_par":"0.471","ftr":"0.234","orb_pct":"3.732","drb_pct":"14.451","trb_pct":"8.933","ast_pct":"4.561","stl_pct":"1.212","blk_pct":"0.482","tov_pct":"15.675","usg_pct":"16.191","ortg":"85.731","drtg":"113.014","bpm":"-7.366"},{"game_id":1216,"team_name":"OKC","player_id":"{\"naderab01\"}","player_name":"{\"Abdel Nader\"}","ts_pct":"0.347","efg_pct":"0.349","three_par":"0.329","ftr":"0.008","orb_pct":"1.242","drb_pct":"7.396","trb_pct":"4.568","ast_pct":"3.492","stl_pct":"0.698","blk_pct":"2.329","tov_pct":"12.600","usg_pct":"22.326","ortg":"60.694","drtg":"107.341","bpm":"0.573"},{"game_id":1216,"team_name":"OKC","player_id":"{\"gilgesh01\"}","player_name":"{\"Shai Gilgeous-Alexander\"}","ts_pct":"0.602","efg_pct":"0.558","three_par":"0.273","ftr":"0.368","orb_pct":"1.084","drb_pct":"12.105","trb_pct":"7.242","ast_pct":"18.188","stl_pct":"1.440","blk_pct":"2.831","tov_pct":"9.461","usg_pct":"21.953","ortg":"119.729","drtg":"110.165","bpm":"4.675"},{"game_id":1216,"team_name":"OKC","player_id":"{\"gallida01\"}","player_name":"{\"Danilo Gallinari\"}","ts_pct":"0.582","efg_pct":"0.509","three_par":"0.431","ftr":"0.380","orb_pct":"3.081","drb_pct":"14.814","trb_pct":"8.871","ast_pct":"11.121","stl_pct":"1.429","blk_pct":"0.875","tov_pct":"8.754","usg_pct":"27.336","ortg":"114.071","drtg":"111.671","bpm":"2.429"},{"game_id":1216,"team_name":"OKC","player_id":"{\"paulch01\"}","player_name":"{\"Chris Paul\"}","ts_pct":"0.559","efg_pct":"0.503","three_par":"0.414","ftr":"0.430","orb_pct":"3.185","drb_pct":"15.582","trb_pct":"9.732","ast_pct":"21.735","stl_pct":"1.800","blk_pct":"0.381","tov_pct":"14.459","usg_pct":"20.956","ortg":"115.765","drtg":"106.247","bpm":"0.932"},{"game_id":1216,"team_name":"OKC","player_id":"{\"schrode01\"}","player_name":"{\"Dennis Schröder\"}","ts_pct":"0.541","efg_pct":"0.509","three_par":"0.329","ftr":"0.266","orb_pct":"1.933","drb_pct":"13.745","trb_pct":"8.288","ast_pct":"21.918","stl_pct":"2.199","blk_pct":"0.480","tov_pct":"14.040","usg_pct":"21.968","ortg":"103.388","drtg":"103.918","bpm":"0.969"},{"game_id":1216,"team_name":"OKC","player_id":"{\"adamsst01\"}","player_name":"{\"Steven Adams\"}","ts_pct":"0.475","efg_pct":"0.482","three_par":"0.016","ftr":"0.307","orb_pct":"12.441","drb_pct":"19.562","trb_pct":"16.000","ast_pct":"7.441","stl_pct":"1.042","blk_pct":"2.368","tov_pct":"12.073","usg_pct":"15.955","ortg":"98.953","drtg":"103.965","bpm":"-2.501"},{"game_id":1216,"team_name":"OKC","player_id":"benchOKC","player_name":"Bench of OKC","ts_pct":"0.477","efg_pct":"0.445","three_par":"0.329","ftr":"0.093","orb_pct":"4.362","drb_pct":"12.304","trb_pct":"8.595","ast_pct":"4.176","stl_pct":"2.451","blk_pct":"1.914","tov_pct":"17.788","usg_pct":"15.617","ortg":"73.934","drtg":"101.051","bpm":"-4.795"}]