[{"game_id":1077,"team_name":"NOP","player_id":"{\"nunnaja01\"}","player_name":"{\"James Nunnally\"}","ts_pct":"0.499","efg_pct":"0.432","three_par":"0.641","ftr":"0.000","orb_pct":"6.259","drb_pct":"8.936","trb_pct":"7.594","ast_pct":"10.191","stl_pct":"0.000","blk_pct":"0.000","tov_pct":"2.353","usg_pct":"14.448","ortg":"107.200","drtg":"121.271","bpm":"1.945"},{"game_id":1077,"team_name":"NOP","player_id":"{\"alexani01\"}","player_name":"{\"Nickeil Alexander-Walker\"}","ts_pct":"0.509","efg_pct":"0.494","three_par":"0.409","ftr":"0.186","orb_pct":"1.085","drb_pct":"12.342","trb_pct":"6.706","ast_pct":"17.126","stl_pct":"2.276","blk_pct":"2.035","tov_pct":"9.888","usg_pct":"25.064","ortg":"99.388","drtg":"113.271","bpm":"-1.285"},{"game_id":1077,"team_name":"NOP","player_id":"{\"marshna01\"}","player_name":"{\"Naji Marshall\"}","ts_pct":"0.509","efg_pct":"0.475","three_par":"0.356","ftr":"0.204","orb_pct":"3.432","drb_pct":"22.540","trb_pct":"12.496","ast_pct":"14.041","stl_pct":"1.789","blk_pct":"1.398","tov_pct":"11.586","usg_pct":"18.739","ortg":"103.800","drtg":"110.776","bpm":"-1.774"},{"game_id":1077,"team_name":"NOP","player_id":"{\"hernawi01\"}","player_name":"{\"Willy Hernangómez\"}","ts_pct":"0.610","efg_pct":"0.572","three_par":"0.009","ftr":"0.489","orb_pct":"11.613","drb_pct":"28.967","trb_pct":"19.867","ast_pct":"11.718","stl_pct":"1.751","blk_pct":"1.256","tov_pct":"10.025","usg_pct":"17.698","ortg":"126.259","drtg":"109.812","bpm":"0.595"},{"game_id":1077,"team_name":"NOP","player_id":"{\"lewiski01\"}","player_name":"{\"Kira Lewis Jr.\"}","ts_pct":"0.361","efg_pct":"0.299","three_par":"0.297","ftr":"0.239","orb_pct":"1.447","drb_pct":"7.173","trb_pct":"4.180","ast_pct":"13.282","stl_pct":"1.271","blk_pct":"0.249","tov_pct":"7.100","usg_pct":"17.221","ortg":"83.341","drtg":"116.165","bpm":"-9.261"},{"game_id":1077,"team_name":"NOP","player_id":"{\"johnsja01\"}","player_name":"{\"James Johnson\"}","ts_pct":"0.626","efg_pct":"0.607","three_par":"0.314","ftr":"0.276","orb_pct":"3.488","drb_pct":"17.233","trb_pct":"9.936","ast_pct":"11.388","stl_pct":"1.345","blk_pct":"2.112","tov_pct":"14.224","usg_pct":"16.625","ortg":"108.965","drtg":"112.624","bpm":"-1.815"},{"game_id":1077,"team_name":"NOP","player_id":"benchNOP","player_name":"Bench of NOP","ts_pct":"0.499","efg_pct":"0.479","three_par":"0.370","ftr":"0.263","orb_pct":"6.074","drb_pct":"11.493","trb_pct":"8.628","ast_pct":"10.331","stl_pct":"1.980","blk_pct":"2.997","tov_pct":"11.382","usg_pct":"18.303","ortg":"103.589","drtg":"113.357","bpm":"-2.156"},{"game_id":1077,"team_name":"LAL","player_id":"{\"dudleja01\"}","player_name":"{\"Jared Dudley\"}","ts_pct":"0.159","efg_pct":"0.159","three_par":"0.300","ftr":"0.000","orb_pct":"2.749","drb_pct":"15.802","trb_pct":"9.139","ast_pct":"13.200","stl_pct":"0.551","blk_pct":"1.242","tov_pct":"8.227","usg_pct":"3.902","ortg":"104.941","drtg":"117.082","bpm":"-1.354"},{"game_id":1077,"team_name":"LAL","player_id":"{\"davisan02\"}","player_name":"{\"Anthony Davis\"}","ts_pct":"0.506","efg_pct":"0.452","three_par":"0.159","ftr":"0.359","orb_pct":"4.248","drb_pct":"23.846","trb_pct":"13.599","ast_pct":"18.000","stl_pct":"1.669","blk_pct":"3.627","tov_pct":"9.672","usg_pct":"33.544","ortg":"103.129","drtg":"107.471","bpm":"1.429"},{"game_id":1077,"team_name":"LAL","player_id":"{\"schrode01\"}","player_name":"{\"Dennis Schröder\"}","ts_pct":"0.529","efg_pct":"0.494","three_par":"0.349","ftr":"0.203","orb_pct":"1.922","drb_pct":"9.986","trb_pct":"5.673","ast_pct":"35.268","stl_pct":"1.285","blk_pct":"0.452","tov_pct":"12.615","usg_pct":"22.084","ortg":"113.365","drtg":"116.965","bpm":"-0.962"},{"game_id":1077,"team_name":"LAL","player_id":"{\"caldwke01\"}","player_name":"{\"Kentavious Caldwell-Pope\"}","ts_pct":"0.639","efg_pct":"0.576","three_par":"0.581","ftr":"0.345","orb_pct":"1.485","drb_pct":"8.809","trb_pct":"4.902","ast_pct":"12.535","stl_pct":"2.049","blk_pct":"2.114","tov_pct":"10.581","usg_pct":"12.631","ortg":"126.388","drtg":"111.753","bpm":"1.525"},{"game_id":1077,"team_name":"LAL","player_id":"{\"jamesle01\"}","player_name":"{\"LeBron James\"}","ts_pct":"0.646","efg_pct":"0.612","three_par":"0.360","ftr":"0.403","orb_pct":"4.040","drb_pct":"21.007","trb_pct":"13.169","ast_pct":"47.751","stl_pct":"0.958","blk_pct":"1.396","tov_pct":"18.231","usg_pct":"31.746","ortg":"119.976","drtg":"109.894","bpm":"8.720"},{"game_id":1077,"team_name":"LAL","player_id":"{\"gasolma01\"}","player_name":"{\"Marc Gasol\"}","ts_pct":"0.633","efg_pct":"0.520","three_par":"0.367","ftr":"0.063","orb_pct":"4.284","drb_pct":"26.074","trb_pct":"14.393","ast_pct":"18.733","stl_pct":"1.080","blk_pct":"2.072","tov_pct":"6.605","usg_pct":"7.222","ortg":"195.565","drtg":"109.118","bpm":"6.822"},{"game_id":1077,"team_name":"LAL","player_id":"benchLAL","player_name":"Bench of LAL","ts_pct":"0.534","efg_pct":"0.514","three_par":"0.388","ftr":"0.292","orb_pct":"5.727","drb_pct":"14.421","trb_pct":"9.933","ast_pct":"13.692","stl_pct":"1.169","blk_pct":"1.482","tov_pct":"14.597","usg_pct":"18.436","ortg":"102.051","drtg":"113.237","bpm":"-2.029"}]