[{"game_id":1076,"team_name":"MIN","player_id":"teamMIN","player_name":"Team name: MIN","fg":"42.629","fga":"92.503","fg_pct":"0.461","three_p":"13.834","three_pa":"41.749","three_p_pct":"0.331","ft":"19.131","fta":"27.314","ft_pct":"0.700","orb":"12.600","drb":"35.343","trb":"47.943","ast":"28.069","stl":"8.440","blk":"5.674","tov":"14.000","pf":"21.423","pts":"118.223"},{"game_id":1076,"team_name":"DAL","player_id":"teamDAL","player_name":"Team name: DAL","fg":"42.154","fga":"88.640","fg_pct":"0.476","three_p":"14.274","three_pa":"38.509","three_p_pct":"0.371","ft":"17.029","fta":"20.966","ft_pct":"0.812","orb":"10.274","drb":"31.840","trb":"42.114","ast":"24.623","stl":"7.069","blk":"3.794","tov":"10.771","pf":"19.954","pts":"115.611"}]