[{"game_id":1095,"team_name":"MIL","player_id":"{\"nworajo01\"}","player_name":"{\"Jordan Nwora\"}","ts_pct":"0.249","efg_pct":"0.248","three_par":"0.326","ftr":"0.058","orb_pct":"13.292","drb_pct":"12.920","trb_pct":"11.622","ast_pct":"0.329","stl_pct":"2.282","blk_pct":"1.201","tov_pct":"17.020","usg_pct":"23.659","ortg":"51.318","drtg":"110.047","bpm":"-12.094"},{"game_id":1095,"team_name":"MIL","player_id":"{\"merrisa01\"}","player_name":"{\"Sam Merrill\"}","ts_pct":"0.470","efg_pct":"0.468","three_par":"0.400","ftr":"0.047","orb_pct":"0.000","drb_pct":"4.315","trb_pct":"2.106","ast_pct":"6.728","stl_pct":"0.780","blk_pct":"0.000","tov_pct":"9.829","usg_pct":"11.062","ortg":"95.412","drtg":"118.259","bpm":"-2.201"},{"game_id":1095,"team_name":"MIL","player_id":"{\"diakima01\"}","player_name":"{\"Mamadi Diakite\"}","ts_pct":"0.319","efg_pct":"0.286","three_par":"0.194","ftr":"0.210","orb_pct":"4.127","drb_pct":"17.722","trb_pct":"10.900","ast_pct":"16.459","stl_pct":"2.294","blk_pct":"1.548","tov_pct":"6.440","usg_pct":"12.218","ortg":"105.400","drtg":"106.012","bpm":"-0.507"},{"game_id":1095,"team_name":"MIL","player_id":"{\"bryanel01\"}","player_name":"{\"Elijah Bryant\"}","ts_pct":"0.559","efg_pct":"0.500","three_par":"0.385","ftr":"0.231","orb_pct":"6.500","drb_pct":"15.600","trb_pct":"10.600","ast_pct":"15.800","stl_pct":"0.000","blk_pct":"2.800","tov_pct":"21.800","usg_pct":"24.200","ortg":"100.000","drtg":"121.000","bpm":"-7.300"},{"game_id":1095,"team_name":"MIL","player_id":"{\"toupaax01\"}","player_name":"{\"Axel Toupane\"}","ts_pct":"0.374","efg_pct":"0.278","three_par":"0.097","ftr":"0.191","orb_pct":"0.000","drb_pct":"9.493","trb_pct":"4.973","ast_pct":"4.400","stl_pct":"0.915","blk_pct":"3.821","tov_pct":"0.000","usg_pct":"9.294","ortg":"81.706","drtg":"116.624","bpm":"-3.668"},{"game_id":1095,"team_name":"MIL","player_id":"{\"antetgi01\"}","player_name":"{\"Giannis Antetokounmpo\"}","ts_pct":"0.606","efg_pct":"0.563","three_par":"0.170","ftr":"0.457","orb_pct":"5.153","drb_pct":"24.395","trb_pct":"15.389","ast_pct":"27.322","stl_pct":"4.353","blk_pct":"1.594","tov_pct":"8.204","usg_pct":"30.752","ortg":"126.329","drtg":"105.871","bpm":"11.949"},{"game_id":1095,"team_name":"MIL","player_id":"benchMIL","player_name":"Bench of MIL","ts_pct":"0.568","efg_pct":"0.539","three_par":"0.488","ftr":"0.231","orb_pct":"4.678","drb_pct":"14.804","trb_pct":"10.036","ast_pct":"12.395","stl_pct":"1.195","blk_pct":"1.509","tov_pct":"10.273","usg_pct":"19.022","ortg":"115.453","drtg":"114.880","bpm":"0.304"},{"game_id":1095,"team_name":"MIA","player_id":"{\"vincega01\"}","player_name":"{\"Gabe Vincent\"}","ts_pct":"0.387","efg_pct":"0.387","three_par":"0.561","ftr":"0.000","orb_pct":"2.108","drb_pct":"15.008","trb_pct":"8.549","ast_pct":"17.591","stl_pct":"0.653","blk_pct":"0.000","tov_pct":"11.096","usg_pct":"24.666","ortg":"116.894","drtg":"118.612","bpm":"-5.216"},{"game_id":1095,"team_name":"MIA","player_id":"{\"achiupr01\"}","player_name":"{\"Precious Achiuwa\"}","ts_pct":"0.330","efg_pct":"0.282","three_par":"0.071","ftr":"0.098","orb_pct":"2.873","drb_pct":"14.315","trb_pct":"8.773","ast_pct":"18.504","stl_pct":"0.472","blk_pct":"2.905","tov_pct":"2.964","usg_pct":"19.632","ortg":"75.447","drtg":"118.400","bpm":"-6.908"},{"game_id":1095,"team_name":"MIA","player_id":"{\"strusma01\"}","player_name":"{\"Max Strus\"}","ts_pct":"0.599","efg_pct":"0.592","three_par":"0.856","ftr":"0.124","orb_pct":"1.015","drb_pct":"7.704","trb_pct":"4.344","ast_pct":"4.586","stl_pct":"1.093","blk_pct":"6.127","tov_pct":"5.794","usg_pct":"21.736","ortg":"113.118","drtg":"114.071","bpm":"-2.973"},{"game_id":1095,"team_name":"MIA","player_id":"{\"okpalkz01\"}","player_name":"{\"KZ Okpala\"}","ts_pct":"0.201","efg_pct":"0.185","three_par":"0.252","ftr":"0.129","orb_pct":"12.161","drb_pct":"4.776","trb_pct":"8.365","ast_pct":"13.012","stl_pct":"0.794","blk_pct":"1.574","tov_pct":"3.289","usg_pct":"7.948","ortg":"100.141","drtg":"119.776","bpm":"-4.284"},{"game_id":1095,"team_name":"MIA","player_id":"{\"butleji01\"}","player_name":"{\"Jimmy Butler\"}","ts_pct":"0.625","efg_pct":"0.528","three_par":"0.209","ftr":"0.662","orb_pct":"6.520","drb_pct":"16.187","trb_pct":"11.335","ast_pct":"27.455","stl_pct":"2.561","blk_pct":"0.614","tov_pct":"9.946","usg_pct":"26.413","ortg":"132.541","drtg":"111.624","bpm":"6.514"},{"game_id":1095,"team_name":"MIA","player_id":"{\"adebaba01\"}","player_name":"{\"Bam Adebayo\"}","ts_pct":"0.565","efg_pct":"0.541","three_par":"0.000","ftr":"0.429","orb_pct":"7.131","drb_pct":"22.820","trb_pct":"14.624","ast_pct":"27.101","stl_pct":"2.535","blk_pct":"1.546","tov_pct":"13.854","usg_pct":"19.705","ortg":"121.329","drtg":"111.694","bpm":"3.128"},{"game_id":1095,"team_name":"MIA","player_id":"benchMIA","player_name":"Bench of MIA","ts_pct":"0.573","efg_pct":"0.561","three_par":"0.492","ftr":"0.178","orb_pct":"3.740","drb_pct":"15.798","trb_pct":"9.670","ast_pct":"12.608","stl_pct":"1.336","blk_pct":"1.296","tov_pct":"12.041","usg_pct":"19.249","ortg":"113.387","drtg":"115.666","bpm":"-1.015"}]