[{"game_id":1019,"team_name":"SAC","player_id":"{\"ramseja01\"}","player_name":"{\"Jahmi'us Ramsey\"}","ts_pct":"0.451","efg_pct":"0.451","three_par":"0.383","ftr":"0.000","orb_pct":"2.370","drb_pct":"12.099","trb_pct":"7.479","ast_pct":"12.952","stl_pct":"3.264","blk_pct":"1.556","tov_pct":"8.222","usg_pct":"19.535","ortg":"87.086","drtg":"117.346","bpm":"0.384"},{"game_id":1019,"team_name":"SAC","player_id":"{\"guyky01\"}","player_name":"{\"Kyle Guy\"}","ts_pct":"0.361","efg_pct":"0.303","three_par":"0.432","ftr":"0.359","orb_pct":"2.876","drb_pct":"12.533","trb_pct":"7.691","ast_pct":"8.749","stl_pct":"0.000","blk_pct":"0.000","tov_pct":"13.215","usg_pct":"24.934","ortg":"75.176","drtg":"120.035","bpm":"-13.364"},{"game_id":1019,"team_name":"SAC","player_id":"{\"wrighde01\"}","player_name":"{\"Delon Wright\"}","ts_pct":"0.545","efg_pct":"0.530","three_par":"0.296","ftr":"0.150","orb_pct":"5.924","drb_pct":"12.836","trb_pct":"9.281","ast_pct":"23.625","stl_pct":"3.324","blk_pct":"2.509","tov_pct":"12.901","usg_pct":"18.864","ortg":"111.941","drtg":"109.788","bpm":"2.328"},{"game_id":1019,"team_name":"SAC","player_id":"{\"daviste02\"}","player_name":"{\"Terence Davis\"}","ts_pct":"0.561","efg_pct":"0.546","three_par":"0.579","ftr":"0.089","orb_pct":"1.702","drb_pct":"18.294","trb_pct":"10.115","ast_pct":"11.551","stl_pct":"2.013","blk_pct":"1.598","tov_pct":"17.493","usg_pct":"21.380","ortg":"99.694","drtg":"111.729","bpm":"-0.642"},{"game_id":1019,"team_name":"SAC","player_id":"{\"hieldbu01\"}","player_name":"{\"Buddy Hield\"}","ts_pct":"0.567","efg_pct":"0.542","three_par":"0.669","ftr":"0.122","orb_pct":"1.202","drb_pct":"18.796","trb_pct":"9.944","ast_pct":"20.811","stl_pct":"1.791","blk_pct":"1.851","tov_pct":"13.965","usg_pct":"21.375","ortg":"108.612","drtg":"111.929","bpm":"1.479"},{"game_id":1019,"team_name":"SAC","player_id":"{\"metuch01\"}","player_name":"{\"Chimezie Metu\"}","ts_pct":"0.548","efg_pct":"0.529","three_par":"0.206","ftr":"0.380","orb_pct":"4.614","drb_pct":"13.264","trb_pct":"9.126","ast_pct":"4.501","stl_pct":"1.888","blk_pct":"2.324","tov_pct":"10.318","usg_pct":"22.193","ortg":"103.965","drtg":"121.953","bpm":"-5.914"},{"game_id":1019,"team_name":"SAC","player_id":"benchSAC","player_name":"Bench of SAC","ts_pct":"0.488","efg_pct":"0.470","three_par":"0.223","ftr":"0.317","orb_pct":"4.115","drb_pct":"13.943","trb_pct":"8.892","ast_pct":"8.747","stl_pct":"1.131","blk_pct":"1.900","tov_pct":"10.364","usg_pct":"16.402","ortg":"97.022","drtg":"114.321","bpm":"-4.382"},{"game_id":1019,"team_name":"OKC","player_id":"{\"deckga01\"}","player_name":"{\"Gabriel Deck\"}","ts_pct":"0.613","efg_pct":"0.577","three_par":"0.206","ftr":"0.307","orb_pct":"6.263","drb_pct":"16.933","trb_pct":"10.519","ast_pct":"22.319","stl_pct":"3.017","blk_pct":"0.000","tov_pct":"10.021","usg_pct":"16.025","ortg":"123.651","drtg":"118.254","bpm":"2.733"},{"game_id":1019,"team_name":"OKC","player_id":"{\"bazleda01\"}","player_name":"{\"Darius Bazley\"}","ts_pct":"0.495","efg_pct":"0.469","three_par":"0.335","ftr":"0.363","orb_pct":"4.968","drb_pct":"18.781","trb_pct":"10.859","ast_pct":"13.994","stl_pct":"0.974","blk_pct":"0.222","tov_pct":"12.521","usg_pct":"26.876","ortg":"95.753","drtg":"120.918","bpm":"-3.582"},{"game_id":1019,"team_name":"OKC","player_id":"{\"pokusal01\"}","player_name":"{\"Aleksej Pokusevski\"}","ts_pct":"0.351","efg_pct":"0.334","three_par":"0.415","ftr":"0.083","orb_pct":"4.020","drb_pct":"14.460","trb_pct":"9.486","ast_pct":"18.806","stl_pct":"0.919","blk_pct":"2.179","tov_pct":"14.495","usg_pct":"21.633","ortg":"80.835","drtg":"115.882","bpm":"-7.153"},{"game_id":1019,"team_name":"OKC","player_id":"{\"brownmo01\"}","player_name":"{\"Moses Brown\"}","ts_pct":"0.498","efg_pct":"0.497","three_par":"0.000","ftr":"0.298","orb_pct":"18.249","drb_pct":"25.541","trb_pct":"21.798","ast_pct":"1.334","stl_pct":"2.124","blk_pct":"3.429","tov_pct":"12.726","usg_pct":"15.068","ortg":"107.824","drtg":"114.318","bpm":"-4.035"},{"game_id":1019,"team_name":"OKC","player_id":"{\"maledth01\"}","player_name":"{\"Théo Maledon\"}","ts_pct":"0.485","efg_pct":"0.420","three_par":"0.525","ftr":"0.356","orb_pct":"1.358","drb_pct":"9.661","trb_pct":"5.060","ast_pct":"21.724","stl_pct":"1.207","blk_pct":"1.345","tov_pct":"16.339","usg_pct":"21.449","ortg":"94.459","drtg":"121.424","bpm":"-4.206"},{"game_id":1019,"team_name":"OKC","player_id":"{\"mykhasv01\"}","player_name":"{\"Svi Mykhailiuk\"}","ts_pct":"0.483","efg_pct":"0.475","three_par":"0.543","ftr":"0.058","orb_pct":"0.594","drb_pct":"12.735","trb_pct":"5.928","ast_pct":"12.848","stl_pct":"1.284","blk_pct":"0.253","tov_pct":"14.102","usg_pct":"22.427","ortg":"92.847","drtg":"120.718","bpm":"-5.369"},{"game_id":1019,"team_name":"OKC","player_id":"benchOKC","player_name":"Bench of OKC","ts_pct":"0.367","efg_pct":"0.335","three_par":"0.312","ftr":"0.291","orb_pct":"3.779","drb_pct":"17.264","trb_pct":"9.684","ast_pct":"10.419","stl_pct":"2.079","blk_pct":"0.803","tov_pct":"17.718","usg_pct":"16.393","ortg":"71.467","drtg":"119.521","bpm":"-7.873"}]