[{"game_id":1230,"team_name":"BRK","player_id":"teamBRK","player_name":"Team name: BRK","ts_pct":"0.553","efg_pct":"0.505","three_par":"0.446","ftr":"0.402","orb_pct":"5.489","drb_pct":"16.895","trb_pct":"10.913","ast_pct":"14.882","stl_pct":"1.609","blk_pct":"1.343","tov_pct":"17.949","usg_pct":"20.748","ortg":"109.920","drtg":"122.065","bpm":"-1.106"},{"game_id":1230,"team_name":"IND","player_id":"teamIND","player_name":"Team name: IND","ts_pct":"0.496","efg_pct":"0.464","three_par":"0.314","ftr":"0.228","orb_pct":"3.800","drb_pct":"15.789","trb_pct":"9.538","ast_pct":"15.183","stl_pct":"1.699","blk_pct":"1.526","tov_pct":"11.168","usg_pct":"20.729","ortg":"101.114","drtg":"116.471","bpm":"-1.656"}]