[{"game_id":1150,"team_name":"ATL","player_id":"{\"okongon01\"}","player_name":"{\"Onyeka Okongwu\"}","fg":"0.776","fga":"1.729","fg_pct":"0.449","three_p":"0.000","three_pa":"0.000","three_p_pct":"NaN","ft":"0.812","fta":"0.871","ft_pct":"0.932","orb":"1.106","drb":"1.776","trb":"2.882","ast":"0.106","stl":"0.365","blk":"0.918","tov":"0.259","pf":"1.671","pts":"2.365"},{"game_id":1150,"team_name":"ATL","player_id":"{\"hillso01\"}","player_name":"{\"Solomon Hill\"}","fg":"0.624","fga":"2.694","fg_pct":"0.232","three_p":"0.471","three_pa":"2.082","three_p_pct":"0.226","ft":"0.235","fta":"0.376","ft_pct":"0.625","orb":"0.224","drb":"1.471","trb":"1.694","ast":"0.494","stl":"0.318","blk":"0.118","tov":"0.212","pf":"1.471","pts":"1.953"},{"game_id":1150,"team_name":"ATL","player_id":"{\"huertke01\"}","player_name":"{\"Kevin Huerter\"}","fg":"3.471","fga":"7.871","fg_pct":"0.441","three_p":"1.835","three_pa":"4.812","three_p_pct":"0.381","ft":"0.294","fta":"0.424","ft_pct":"0.693","orb":"0.329","drb":"2.529","trb":"2.859","ast":"1.706","stl":"0.494","blk":"0.824","tov":"1.235","pf":"2.976","pts":"9.071"},{"game_id":1150,"team_name":"ATL","player_id":"{\"youngtr01\"}","player_name":"{\"Trae Young\"}","fg":"9.106","fga":"21.671","fg_pct":"0.420","three_p":"2.694","three_pa":"8.400","three_p_pct":"0.321","ft":"8.753","fta":"9.847","ft_pct":"0.889","orb":"0.600","drb":"1.600","trb":"2.200","ast":"10.459","stl":"1.459","blk":"0.000","tov":"2.941","pf":"2.435","pts":"29.659"},{"game_id":1150,"team_name":"ATL","player_id":"{\"capelca01\"}","player_name":"{\"Clint Capela\"}","fg":"4.435","fga":"7.647","fg_pct":"0.580","three_p":"0.000","three_pa":"0.000","three_p_pct":"NaN","ft":"0.835","fta":"1.635","ft_pct":"0.511","orb":"3.329","drb":"8.612","trb":"11.941","ast":"0.824","stl":"0.824","blk":"1.094","tov":"1.059","pf":"3.376","pts":"9.706"},{"game_id":1150,"team_name":"ATL","player_id":"{\"collijo01\"}","player_name":"{\"John Collins\"}","fg":"6.047","fga":"11.000","fg_pct":"0.550","three_p":"1.412","three_pa":"3.118","three_p_pct":"0.453","ft":"2.106","fta":"2.647","ft_pct":"0.796","orb":"2.235","drb":"5.835","trb":"8.071","ast":"0.847","stl":"0.459","blk":"0.871","tov":"1.224","pf":"3.329","pts":"15.612"},{"game_id":1150,"team_name":"ATL","player_id":"benchATL","player_name":"Bench of ATL","fg":"4.300","fga":"10.165","fg_pct":"0.423","three_p":"1.741","three_pa":"4.848","three_p_pct":"0.359","ft":"1.764","fta":"1.944","ft_pct":"0.907","orb":"0.488","drb":"3.446","trb":"3.934","ast":"1.744","stl":"0.678","blk":"0.139","tov":"1.161","pf":"2.152","pts":"12.104"},{"game_id":1150,"team_name":"PHI","player_id":"{\"howardw01\"}","player_name":"{\"Dwight Howard\"}","fg":"1.588","fga":"2.671","fg_pct":"0.595","three_p":"0.000","three_pa":"0.129","three_p_pct":"0.000","ft":"2.200","fta":"3.353","ft_pct":"0.656","orb":"2.459","drb":"4.635","trb":"7.094","ast":"0.671","stl":"0.153","blk":"0.412","tov":"1.176","pf":"2.541","pts":"5.376"},{"game_id":1150,"team_name":"PHI","player_id":"{\"miltosh01\"}","player_name":"{\"Shake Milton\"}","fg":"1.565","fga":"4.376","fg_pct":"0.358","three_p":"0.941","three_pa":"1.741","three_p_pct":"0.540","ft":"1.447","fta":"1.576","ft_pct":"0.918","orb":"0.000","drb":"0.965","trb":"0.965","ast":"0.894","stl":"0.129","blk":"0.059","tov":"0.976","pf":"1.659","pts":"5.518"},{"game_id":1150,"team_name":"PHI","player_id":"{\"harrito02\"}","player_name":"{\"Tobias Harris\"}","fg":"8.176","fga":"16.176","fg_pct":"0.505","three_p":"1.082","three_pa":"3.059","three_p_pct":"0.354","ft":"2.188","fta":"2.741","ft_pct":"0.798","orb":"0.953","drb":"6.812","trb":"7.765","ast":"3.659","stl":"0.871","blk":"0.588","tov":"1.588","pf":"2.259","pts":"19.624"},{"game_id":1150,"team_name":"PHI","player_id":"{\"curryse01\"}","player_name":"{\"Seth Curry\"}","fg":"7.600","fga":"12.718","fg_pct":"0.598","three_p":"3.565","three_pa":"6.965","three_p_pct":"0.512","ft":"1.329","fta":"1.741","ft_pct":"0.763","orb":"0.482","drb":"2.165","trb":"2.647","ast":"2.235","stl":"0.729","blk":"0.141","tov":"0.965","pf":"2.553","pts":"20.094"},{"game_id":1150,"team_name":"PHI","player_id":"{\"embiijo01\"}","player_name":"{\"Joel Embiid\"}","fg":"8.682","fga":"17.118","fg_pct":"0.507","three_p":"1.424","three_pa":"3.494","three_p_pct":"0.408","ft":"9.247","fta":"10.871","ft_pct":"0.851","orb":"1.094","drb":"10.094","trb":"11.188","ast":"3.859","stl":"1.165","blk":"1.624","tov":"3.047","pf":"3.035","pts":"28.035"},{"game_id":1150,"team_name":"PHI","player_id":"{\"maxeyty01\"}","player_name":"{\"Tyrese Maxey\"}","fg":"2.094","fga":"4.659","fg_pct":"0.449","three_p":"0.306","three_pa":"0.906","three_p_pct":"0.338","ft":"0.553","fta":"1.000","ft_pct":"0.553","orb":"0.000","drb":"1.306","trb":"1.306","ast":"1.106","stl":"0.176","blk":"0.329","tov":"0.247","pf":"1.247","pts":"5.047"},{"game_id":1150,"team_name":"PHI","player_id":"benchPHI","player_name":"Bench of PHI","fg":"2.983","fga":"5.693","fg_pct":"0.524","three_p":"0.719","three_pa":"1.965","three_p_pct":"0.366","ft":"1.168","fta":"2.780","ft_pct":"0.420","orb":"0.654","drb":"2.309","trb":"2.963","ast":"2.963","stl":"0.952","blk":"0.608","tov":"1.042","pf":"1.874","pts":"7.853"}]