[{"game_id":1057,"team_name":"HOU","player_id":"{\"brookar01\"}","player_name":"{\"Armoni Brooks\"}","ts_pct":"0.595","efg_pct":"0.587","three_par":"0.790","ftr":"0.075","orb_pct":"2.036","drb_pct":"10.599","trb_pct":"5.992","ast_pct":"8.265","stl_pct":"0.996","blk_pct":"1.585","tov_pct":"10.412","usg_pct":"18.418","ortg":"108.835","drtg":"127.165","bpm":"-2.632"},{"game_id":1057,"team_name":"HOU","player_id":"{\"martike04\"}","player_name":"{\"Kenyon Martin Jr.\"}","ts_pct":"0.666","efg_pct":"0.656","three_par":"0.350","ftr":"0.276","orb_pct":"4.779","drb_pct":"20.409","trb_pct":"12.129","ast_pct":"9.535","stl_pct":"1.218","blk_pct":"2.726","tov_pct":"8.334","usg_pct":"17.925","ortg":"127.847","drtg":"124.071","bpm":"0.942"},{"game_id":1057,"team_name":"HOU","player_id":"{\"reynoca01\"}","player_name":"{\"Cameron Reynolds\"}","ts_pct":"0.467","efg_pct":"0.458","three_par":"0.348","ftr":"0.054","orb_pct":"0.282","drb_pct":"8.552","trb_pct":"4.385","ast_pct":"3.780","stl_pct":"0.389","blk_pct":"0.198","tov_pct":"11.575","usg_pct":"15.593","ortg":"90.824","drtg":"120.988","bpm":"-5.234"},{"game_id":1057,"team_name":"HOU","player_id":"{\"olynyke01\"}","player_name":"{\"Kelly Olynyk\"}","ts_pct":"0.650","efg_pct":"0.567","three_par":"0.354","ftr":"0.638","orb_pct":"5.906","drb_pct":"26.481","trb_pct":"15.893","ast_pct":"30.715","stl_pct":"3.106","blk_pct":"1.595","tov_pct":"16.782","usg_pct":"26.271","ortg":"124.247","drtg":"118.365","bpm":"5.762"},{"game_id":1057,"team_name":"HOU","player_id":"{\"lamban01\"}","player_name":"{\"Anthony Lamb\"}","ts_pct":"0.634","efg_pct":"0.612","three_par":"0.685","ftr":"0.123","orb_pct":"3.758","drb_pct":"13.934","trb_pct":"8.848","ast_pct":"11.880","stl_pct":"0.772","blk_pct":"2.301","tov_pct":"11.734","usg_pct":"13.611","ortg":"116.765","drtg":"126.529","bpm":"-1.481"},{"game_id":1057,"team_name":"HOU","player_id":"{\"thomakh01\"}","player_name":"{\"Khyri Thomas\"}","ts_pct":"0.507","efg_pct":"0.489","three_par":"0.657","ftr":"0.160","orb_pct":"3.265","drb_pct":"4.907","trb_pct":"3.999","ast_pct":"14.284","stl_pct":"3.575","blk_pct":"1.282","tov_pct":"8.059","usg_pct":"19.568","ortg":"111.694","drtg":"121.353","bpm":"-0.433"},{"game_id":1057,"team_name":"HOU","player_id":"benchHOU","player_name":"Bench of HOU","ts_pct":"0.577","efg_pct":"0.554","three_par":"0.408","ftr":"0.307","orb_pct":"3.032","drb_pct":"10.432","trb_pct":"6.607","ast_pct":"19.828","stl_pct":"1.543","blk_pct":"0.477","tov_pct":"12.233","usg_pct":"21.734","ortg":"113.223","drtg":"125.377","bpm":"-2.904"},{"game_id":1057,"team_name":"LAC","player_id":"{\"morrima03\"}","player_name":"{\"Marcus Morris\"}","ts_pct":"0.644","efg_pct":"0.592","three_par":"0.467","ftr":"0.296","orb_pct":"2.627","drb_pct":"12.728","trb_pct":"7.989","ast_pct":"5.455","stl_pct":"0.955","blk_pct":"1.294","tov_pct":"14.487","usg_pct":"20.725","ortg":"110.847","drtg":"110.565","bpm":"-0.162"},{"game_id":1057,"team_name":"LAC","player_id":"{\"kennalu01\"}","player_name":"{\"Luke Kennard\"}","ts_pct":"0.569","efg_pct":"0.569","three_par":"0.682","ftr":"0.015","orb_pct":"1.204","drb_pct":"13.708","trb_pct":"8.271","ast_pct":"22.395","stl_pct":"0.471","blk_pct":"0.189","tov_pct":"4.059","usg_pct":"13.015","ortg":"151.859","drtg":"111.365","bpm":"4.049"},{"game_id":1057,"team_name":"LAC","player_id":"{\"scrubja01\"}","player_name":"{\"Jay Scrubb\"}","ts_pct":"0.553","efg_pct":"0.520","three_par":"0.000","ftr":"1.040","orb_pct":"0.000","drb_pct":"13.052","trb_pct":"7.592","ast_pct":"0.000","stl_pct":"0.000","blk_pct":"0.000","tov_pct":"42.764","usg_pct":"39.348","ortg":"46.280","drtg":"105.280","bpm":"-26.096"},{"game_id":1057,"team_name":"LAC","player_id":"{\"zubaciv01\"}","player_name":"{\"Ivica Zubac\"}","ts_pct":"0.731","efg_pct":"0.683","three_par":"0.000","ftr":"0.537","orb_pct":"11.949","drb_pct":"22.125","trb_pct":"17.546","ast_pct":"9.554","stl_pct":"0.169","blk_pct":"2.888","tov_pct":"16.979","usg_pct":"14.308","ortg":"137.388","drtg":"107.553","bpm":"1.619"},{"game_id":1057,"team_name":"LAC","player_id":"{\"ferreyo01\"}","player_name":"{\"Yogi Ferrell\"}","ts_pct":"0.496","efg_pct":"0.488","three_par":"0.453","ftr":"0.080","orb_pct":"1.140","drb_pct":"3.706","trb_pct":"2.302","ast_pct":"30.484","stl_pct":"1.259","blk_pct":"0.346","tov_pct":"3.655","usg_pct":"17.189","ortg":"135.424","drtg":"113.824","bpm":"4.255"},{"game_id":1057,"team_name":"LAC","player_id":"{\"pattepa01\"}","player_name":"{\"Patrick Patterson\"}","ts_pct":"0.398","efg_pct":"0.402","three_par":"0.692","ftr":"0.018","orb_pct":"4.247","drb_pct":"11.872","trb_pct":"7.934","ast_pct":"1.716","stl_pct":"0.813","blk_pct":"0.621","tov_pct":"2.769","usg_pct":"13.486","ortg":"81.341","drtg":"117.294","bpm":"-4.694"},{"game_id":1057,"team_name":"LAC","player_id":"benchLAC","player_name":"Bench of LAC","ts_pct":"0.569","efg_pct":"0.554","three_par":"0.361","ftr":"0.170","orb_pct":"7.606","drb_pct":"19.831","trb_pct":"13.972","ast_pct":"16.476","stl_pct":"2.479","blk_pct":"2.341","tov_pct":"14.034","usg_pct":"15.959","ortg":"110.710","drtg":"105.623","bpm":"2.437"}]