[{"game_id":1078,"team_name":"OKC","player_id":"teamOKC","player_name":"Team name: OKC","fg":"37.309","fga":"90.423","fg_pct":"0.413","three_p":"9.783","three_pa":"32.251","three_p_pct":"0.303","ft":"16.891","fta":"23.783","ft_pct":"0.710","orb":"11.897","drb":"33.943","trb":"45.840","ast":"20.754","stl":"7.537","blk":"2.954","tov":"15.194","pf":"18.543","pts":"101.291"},{"game_id":1078,"team_name":"LAC","player_id":"teamLAC","player_name":"Team name: LAC","fg":"39.520","fga":"83.000","fg_pct":"0.476","three_p":"13.577","three_pa":"35.640","three_p_pct":"0.381","ft":"16.240","fta":"18.486","ft_pct":"0.879","orb":"8.126","drb":"35.320","trb":"43.446","ast":"24.766","stl":"7.040","blk":"3.811","tov":"15.154","pf":"17.463","pts":"108.857"}]