[{"game_id":120,"team_name":"LAL","player_id":"{\"jamesle01\"}","player_name":"{\"LeBron James\"}","fg":"9.635","fga":"19.059","fg_pct":"0.506","three_p":"2.294","three_pa":"5.871","three_p_pct":"0.391","ft":"3.600","fta":"4.906","ft_pct":"0.734","orb":"1.188","drb":"8.659","trb":"9.847","ast":"7.635","stl":"1.259","blk":"0.376","tov":"3.506","pf":"1.071","pts":"25.165"},{"game_id":120,"team_name":"LAL","player_id":"{\"davisan02\"}","player_name":"{\"Anthony Davis\"}","fg":"8.753","fga":"17.365","fg_pct":"0.504","three_p":"1.624","three_pa":"4.153","three_p_pct":"0.391","ft":"3.671","fta":"4.788","ft_pct":"0.767","orb":"1.965","drb":"7.776","trb":"9.741","ast":"3.494","stl":"1.729","blk":"1.624","tov":"2.541","pf":"1.541","pts":"22.647"},{"game_id":120,"team_name":"LAL","player_id":"{\"kuzmaky01\"}","player_name":"{\"Kyle Kuzma\"}","fg":"3.753","fga":"8.753","fg_pct":"0.429","three_p":"1.576","three_pa":"4.541","three_p_pct":"0.347","ft":"0.459","fta":"0.776","ft_pct":"0.591","orb":"0.588","drb":"2.929","trb":"3.518","ast":"1.188","stl":"0.247","blk":"0.929","tov":"1.706","pf":"2.706","pts":"9.541"},{"game_id":120,"team_name":"LAL","player_id":"{\"schrode01\"}","player_name":"{\"Dennis Schröder\"}","fg":"5.941","fga":"14.188","fg_pct":"0.419","three_p":"1.341","three_pa":"4.094","three_p_pct":"0.328","ft":"1.741","fta":"2.106","ft_pct":"0.827","orb":"0.447","drb":"3.529","trb":"3.976","ast":"4.729","stl":"0.494","blk":"0.129","tov":"2.682","pf":"2.259","pts":"15.118"},{"game_id":120,"team_name":"LAL","player_id":"{\"matthwe02\"}","player_name":"{\"Wesley Matthews\"}","fg":"2.165","fga":"4.188","fg_pct":"0.517","three_p":"1.471","three_pa":"3.494","three_p_pct":"0.421","ft":"0.447","fta":"0.600","ft_pct":"0.745","orb":"0.471","drb":"1.012","trb":"1.482","ast":"1.247","stl":"0.600","blk":"0.494","tov":"0.094","pf":"1.600","pts":"6.247"},{"game_id":120,"team_name":"LAL","player_id":"{\"hortota01\"}","player_name":"{\"Talen Horton-Tucker\"}","fg":"2.706","fga":"6.635","fg_pct":"0.408","three_p":"0.800","three_pa":"2.388","three_p_pct":"0.335","ft":"0.565","fta":"0.565","ft_pct":"1.000","orb":"0.424","drb":"2.000","trb":"2.424","ast":"1.235","stl":"0.953","blk":"0.612","tov":"0.412","pf":"1.671","pts":"6.776"},{"game_id":120,"team_name":"LAL","player_id":"benchLAL","player_name":"Bench of LAL","fg":"1.757","fga":"3.470","fg_pct":"0.506","three_p":"0.471","three_pa":"1.336","three_p_pct":"0.353","ft":"0.639","fta":"0.820","ft_pct":"0.779","orb":"0.822","drb":"1.922","trb":"2.743","ast":"0.974","stl":"0.368","blk":"0.278","tov":"0.726","pf":"1.246","pts":"4.624"},{"game_id":120,"team_name":"SAS","player_id":"{\"derozde01\"}","player_name":"{\"DeMar DeRozan\"}","fg":"6.835","fga":"13.612","fg_pct":"0.502","three_p":"0.788","three_pa":"1.718","three_p_pct":"0.459","ft":"4.341","fta":"5.141","ft_pct":"0.844","orb":"0.647","drb":"4.859","trb":"5.506","ast":"6.282","stl":"0.965","blk":"0.659","tov":"1.718","pf":"2.565","pts":"18.800"},{"game_id":120,"team_name":"SAS","player_id":"{\"murrade01\"}","player_name":"{\"Dejounte Murray\"}","fg":"6.306","fga":"14.341","fg_pct":"0.440","three_p":"0.929","three_pa":"3.318","three_p_pct":"0.280","ft":"1.682","fta":"2.271","ft_pct":"0.741","orb":"0.965","drb":"5.600","trb":"6.565","ast":"5.424","stl":"1.565","blk":"0.047","tov":"2.800","pf":"2.118","pts":"15.224"},{"game_id":120,"team_name":"SAS","player_id":"{\"aldrila01\"}","player_name":"{\"LaMarcus Aldridge\"}","fg":"6.376","fga":"15.376","fg_pct":"0.415","three_p":"0.976","three_pa":"4.235","three_p_pct":"0.230","ft":"1.682","fta":"2.282","ft_pct":"0.737","orb":"1.388","drb":"4.188","trb":"5.576","ast":"2.318","stl":"0.729","blk":"1.247","tov":"1.471","pf":"2.224","pts":"15.412"},{"game_id":120,"team_name":"SAS","player_id":"{\"johnske04\"}","player_name":"{\"Keldon Johnson\"}","fg":"5.824","fga":"11.412","fg_pct":"0.510","three_p":"1.506","three_pa":"3.259","three_p_pct":"0.462","ft":"2.976","fta":"3.341","ft_pct":"0.891","orb":"1.600","drb":"5.976","trb":"7.576","ast":"2.329","stl":"1.153","blk":"0.588","tov":"2.165","pf":"2.800","pts":"16.129"},{"game_id":120,"team_name":"SAS","player_id":"{\"walkelo01\"}","player_name":"{\"Lonnie Walker IV\"}","fg":"4.506","fga":"11.353","fg_pct":"0.397","three_p":"1.647","three_pa":"4.271","three_p_pct":"0.386","ft":"1.024","fta":"1.506","ft_pct":"0.680","orb":"0.624","drb":"2.400","trb":"3.024","ast":"2.094","stl":"0.694","blk":"0.529","tov":"1.071","pf":"2.306","pts":"11.682"},{"game_id":120,"team_name":"SAS","player_id":"{\"millspa02\"}","player_name":"{\"Patty Mills\"}","fg":"4.565","fga":"9.188","fg_pct":"0.497","three_p":"3.200","three_pa":"5.800","three_p_pct":"0.552","ft":"1.671","fta":"1.824","ft_pct":"0.916","orb":"0.388","drb":"1.518","trb":"1.906","ast":"2.565","stl":"0.447","blk":"0.141","tov":"0.659","pf":"1.576","pts":"14.000"},{"game_id":120,"team_name":"SAS","player_id":"benchSAS","player_name":"Bench of SAS","fg":"2.592","fga":"5.635","fg_pct":"0.460","three_p":"0.841","three_pa":"2.069","three_p_pct":"0.406","ft":"0.797","fta":"1.178","ft_pct":"0.677","orb":"1.042","drb":"2.823","trb":"3.865","ast":"1.179","stl":"0.574","blk":"0.426","tov":"0.588","pf":"1.179","pts":"6.821"}]