[{"game_id":1162,"team_name":"ATL","player_id":"teamATL","player_name":"Team name: ATL","ts_pct":"0.506","efg_pct":"0.478","three_par":"0.333","ftr":"0.335","orb_pct":"5.047","drb_pct":"15.306","trb_pct":"10.353","ast_pct":"10.680","stl_pct":"1.678","blk_pct":"2.244","tov_pct":"8.921","usg_pct":"18.912","ortg":"106.528","drtg":"121.140","bpm":"0.546"},{"game_id":1162,"team_name":"MIL","player_id":"teamMIL","player_name":"Team name: MIL","ts_pct":"0.480","efg_pct":"0.449","three_par":"0.427","ftr":"0.189","orb_pct":"5.509","drb_pct":"16.537","trb_pct":"11.031","ast_pct":"11.040","stl_pct":"1.887","blk_pct":"2.953","tov_pct":"10.257","usg_pct":"18.518","ortg":"101.018","drtg":"113.535","bpm":"0.869"}]