[{"game_id":1056,"team_name":"DAL","player_id":"teamDAL","player_name":"Team name: DAL","ts_pct":"0.699","efg_pct":"0.669","three_par":"0.472","ftr":"0.338","orb_pct":"7.499","drb_pct":"18.959","trb_pct":"13.179","ast_pct":"16.030","stl_pct":"1.823","blk_pct":"1.637","tov_pct":"11.336","usg_pct":"24.839","ortg":"145.530","drtg":"144.507","bpm":"-2.491"},{"game_id":1056,"team_name":"TOR","player_id":"teamTOR","player_name":"Team name: TOR","ts_pct":"0.500","efg_pct":"0.470","three_par":"0.359","ftr":"0.257","orb_pct":"4.187","drb_pct":"14.967","trb_pct":"9.091","ast_pct":"13.539","stl_pct":"2.220","blk_pct":"1.539","tov_pct":"11.189","usg_pct":"18.809","ortg":"103.146","drtg":"113.046","bpm":"-2.398"}]