[{"game_id":1248,"team_name":"OKC","player_id":"{\"burtode02\"}","player_name":"{\"Deonte Burton\"}","fg":"0.235","fga":"0.871","fg_pct":"0.270","three_p":"0.141","three_pa":"0.529","three_p_pct":"0.267","ft":"0.071","fta":"0.141","ft_pct":"0.504","orb":"0.094","drb":"0.224","trb":"0.318","ast":"0.000","stl":"0.141","blk":"0.000","tov":"0.282","pf":"0.294","pts":"0.682"},{"game_id":1248,"team_name":"OKC","player_id":"{\"fergute01\"}","player_name":"{\"Terrance Ferguson\"}","fg":"1.412","fga":"3.824","fg_pct":"0.369","three_p":"0.882","three_pa":"2.576","three_p_pct":"0.342","ft":"0.212","fta":"0.212","ft_pct":"1.000","orb":"0.635","drb":"1.941","trb":"2.576","ast":"1.165","stl":"0.565","blk":"0.271","tov":"1.000","pf":"3.141","pts":"3.918"},{"game_id":1248,"team_name":"OKC","player_id":"{\"gilgesh01\"}","player_name":"{\"Shai Gilgeous-Alexander\"}","fg":"6.565","fga":"14.471","fg_pct":"0.454","three_p":"1.424","three_pa":"3.941","three_p_pct":"0.361","ft":"3.976","fta":"5.435","ft_pct":"0.732","orb":"1.129","drb":"4.482","trb":"5.612","ast":"3.424","stl":"0.812","blk":"0.765","tov":"1.612","pf":"2.212","pts":"18.529"},{"game_id":1248,"team_name":"OKC","player_id":"{\"diallha01\"}","player_name":"{\"Hamidou Diallo\"}","fg":"2.600","fga":"5.400","fg_pct":"0.481","three_p":"0.129","three_pa":"0.824","three_p_pct":"0.157","ft":"0.906","fta":"1.694","ft_pct":"0.535","orb":"1.600","drb":"1.929","trb":"3.529","ast":"0.294","stl":"0.753","blk":"0.141","tov":"1.035","pf":"1.741","pts":"6.235"},{"game_id":1248,"team_name":"OKC","player_id":"{\"paulch01\"}","player_name":"{\"Chris Paul\"}","fg":"5.047","fga":"11.647","fg_pct":"0.433","three_p":"1.835","three_pa":"4.882","three_p_pct":"0.376","ft":"3.765","fta":"4.765","ft_pct":"0.790","orb":"0.671","drb":"4.894","trb":"5.565","ast":"4.482","stl":"1.259","blk":"0.129","tov":"3.035","pf":"2.812","pts":"15.694"},{"game_id":1248,"team_name":"OKC","player_id":"{\"gallida01\"}","player_name":"{\"Danilo Gallinari\"}","fg":"6.329","fga":"15.718","fg_pct":"0.403","three_p":"2.447","three_pa":"7.082","three_p_pct":"0.346","ft":"4.306","fta":"4.694","ft_pct":"0.917","orb":"1.012","drb":"4.294","trb":"5.306","ast":"1.929","stl":"0.588","blk":"0.224","tov":"1.471","pf":"1.929","pts":"19.412"},{"game_id":1248,"team_name":"OKC","player_id":"benchOKC","player_name":"Bench of OKC","fg":"2.837","fga":"5.951","fg_pct":"0.477","three_p":"0.730","three_pa":"2.305","three_p_pct":"0.317","ft":"1.022","fta":"1.344","ft_pct":"0.760","orb":"0.686","drb":"3.067","trb":"3.753","ast":"1.473","stl":"0.525","blk":"0.369","tov":"1.274","pf":"1.836","pts":"7.426"},{"game_id":1248,"team_name":"NOP","player_id":"{\"alexani01\"}","player_name":"{\"Nickeil Alexander-Walker\"}","fg":"2.036","fga":"7.655","fg_pct":"0.266","three_p":"0.964","three_pa":"4.036","three_p_pct":"0.239","ft":"0.218","fta":"0.436","ft_pct":"0.500","orb":"0.400","drb":"2.691","trb":"3.091","ast":"4.091","stl":"0.545","blk":"0.000","tov":"0.764","pf":"1.818","pts":"5.255"},{"game_id":1248,"team_name":"NOP","player_id":"{\"holidjr01\"}","player_name":"{\"Jrue Holiday\"}","fg":"7.471","fga":"16.976","fg_pct":"0.440","three_p":"2.365","three_pa":"6.576","three_p_pct":"0.360","ft":"1.835","fta":"2.353","ft_pct":"0.780","orb":"0.541","drb":"3.494","trb":"4.035","ast":"6.412","stl":"1.635","blk":"0.412","tov":"2.824","pf":"1.965","pts":"19.141"},{"game_id":1248,"team_name":"NOP","player_id":"{\"balllo01\"}","player_name":"{\"Lonzo Ball\"}","fg":"4.824","fga":"11.482","fg_pct":"0.420","three_p":"2.224","three_pa":"6.353","three_p_pct":"0.350","ft":"0.812","fta":"1.106","ft_pct":"0.734","orb":"0.859","drb":"4.094","trb":"4.953","ast":"7.941","stl":"1.588","blk":"0.247","tov":"1.824","pf":"2.247","pts":"12.682"},{"game_id":1248,"team_name":"NOP","player_id":"{\"hartjo01\"}","player_name":"{\"Josh Hart\"}","fg":"3.388","fga":"7.647","fg_pct":"0.443","three_p":"1.941","three_pa":"5.047","three_p_pct":"0.385","ft":"1.553","fta":"1.741","ft_pct":"0.892","orb":"1.000","drb":"3.647","trb":"4.647","ast":"1.047","stl":"1.082","blk":"0.494","tov":"1.153","pf":"2.188","pts":"10.271"},{"game_id":1248,"team_name":"NOP","player_id":"{\"okafoja01\"}","player_name":"{\"Jahlil Okafor\"}","fg":"5.612","fga":"8.541","fg_pct":"0.657","three_p":"0.082","three_pa":"0.176","three_p_pct":"0.466","ft":"2.282","fta":"3.082","ft_pct":"0.740","orb":"1.435","drb":"4.082","trb":"5.518","ast":"1.153","stl":"0.635","blk":"0.812","tov":"1.929","pf":"2.659","pts":"13.588"},{"game_id":1248,"team_name":"NOP","player_id":"{\"redicjj01\"}","player_name":"{\"J.J. Redick\"}","fg":"3.176","fga":"8.412","fg_pct":"0.378","three_p":"2.424","three_pa":"6.200","three_p_pct":"0.391","ft":"1.400","fta":"1.588","ft_pct":"0.882","orb":"0.271","drb":"1.329","trb":"1.600","ast":"2.012","stl":"0.094","blk":"0.388","tov":"1.894","pf":"1.682","pts":"10.176"},{"game_id":1248,"team_name":"NOP","player_id":"benchNOP","player_name":"Bench of NOP","fg":"5.057","fga":"9.317","fg_pct":"0.543","three_p":"1.391","three_pa":"3.373","three_p_pct":"0.412","ft":"1.741","fta":"2.587","ft_pct":"0.673","orb":"0.827","drb":"3.003","trb":"3.830","ast":"2.140","stl":"0.716","blk":"0.505","tov":"1.109","pf":"2.626","pts":"13.245"}]