[{"game_id":1064,"team_name":"SAS","player_id":"teamSAS","player_name":"Team name: SAS","ts_pct":"0.579","efg_pct":"0.529","three_par":"0.317","ftr":"0.288","orb_pct":"4.940","drb_pct":"17.461","trb_pct":"11.015","ast_pct":"13.548","stl_pct":"1.600","blk_pct":"1.859","tov_pct":"11.171","usg_pct":"21.599","ortg":"120.263","drtg":"136.514","bpm":"-1.868"},{"game_id":1064,"team_name":"PHO","player_id":"teamPHO","player_name":"Team name: PHO","ts_pct":"0.632","efg_pct":"0.602","three_par":"0.468","ftr":"0.288","orb_pct":"4.109","drb_pct":"17.348","trb_pct":"10.774","ast_pct":"14.917","stl_pct":"1.290","blk_pct":"1.857","tov_pct":"8.923","usg_pct":"19.743","ortg":"129.443","drtg":"130.998","bpm":"-0.092"}]