[{"game_id":112,"team_name":"MIL","player_id":"teamMIL","player_name":"Team name: MIL","fg":"43.766","fga":"90.971","fg_pct":"0.481","three_p":"15.789","three_pa":"38.880","three_p_pct":"0.406","ft":"16.200","fta":"21.429","ft_pct":"0.756","orb":"10.646","drb":"36.623","trb":"47.269","ast":"25.766","stl":"9.457","blk":"4.697","tov":"14.651","pf":"20.634","pts":"119.520"},{"game_id":112,"team_name":"DET","player_id":"teamDET","player_name":"Team name: DET","fg":"39.297","fga":"90.777","fg_pct":"0.433","three_p":"12.840","three_pa":"37.091","three_p_pct":"0.346","ft":"16.646","fta":"21.789","ft_pct":"0.764","orb":"9.840","drb":"31.251","trb":"41.091","ast":"24.269","stl":"7.834","blk":"3.994","tov":"12.326","pf":"20.337","pts":"108.080"}]