[{"game_id":1111,"team_name":"WAS","player_id":"teamWAS","player_name":"Team name: WAS","ts_pct":"0.599","efg_pct":"0.565","three_par":"0.319","ftr":"0.285","orb_pct":"6.393","drb_pct":"16.541","trb_pct":"11.477","ast_pct":"12.998","stl_pct":"1.110","blk_pct":"2.560","tov_pct":"11.464","usg_pct":"21.708","ortg":"119.082","drtg":"131.931","bpm":"-2.090"},{"game_id":1111,"team_name":"PHI","player_id":"teamPHI","player_name":"Team name: PHI","ts_pct":"0.657","efg_pct":"0.629","three_par":"0.478","ftr":"0.302","orb_pct":"5.368","drb_pct":"16.909","trb_pct":"11.263","ast_pct":"16.491","stl_pct":"2.167","blk_pct":"2.621","tov_pct":"10.204","usg_pct":"23.654","ortg":"136.140","drtg":"135.002","bpm":"-1.422"}]