[{"game_id":1134,"team_name":"PHI","player_id":"teamPHI","player_name":"Team name: PHI","fg":"44.114","fga":"88.160","fg_pct":"0.500","three_p":"11.714","three_pa":"30.583","three_p_pct":"0.383","ft":"19.634","fta":"27.149","ft_pct":"0.723","orb":"8.874","drb":"33.309","trb":"42.183","ast":"27.074","stl":"8.960","blk":"6.097","tov":"11.903","pf":"23.131","pts":"119.577"},{"game_id":1134,"team_name":"ATL","player_id":"teamATL","player_name":"Team name: ATL","fg":"40.846","fga":"87.097","fg_pct":"0.469","three_p":"12.829","three_pa":"35.080","three_p_pct":"0.366","ft":"18.269","fta":"21.863","ft_pct":"0.836","orb":"8.377","drb":"37.611","trb":"45.989","ast":"22.137","stl":"6.171","blk":"5.943","tov":"11.263","pf":"19.400","pts":"112.789"}]