[{"game_id":1146,"team_name":"BRK","player_id":"{\"duranke01\"}","player_name":"{\"Kevin Durant\"}","ts_pct":"0.647","efg_pct":"0.589","three_par":"0.276","ftr":"0.369","orb_pct":"1.094","drb_pct":"21.387","trb_pct":"11.522","ast_pct":"20.613","stl_pct":"1.885","blk_pct":"3.875","tov_pct":"11.681","usg_pct":"32.624","ortg":"120.694","drtg":"103.718","bpm":"9.666"},{"game_id":1146,"team_name":"BRK","player_id":"{\"hardeja01\"}","player_name":"{\"James Harden\"}","ts_pct":"0.582","efg_pct":"0.547","three_par":"0.489","ftr":"0.467","orb_pct":"2.428","drb_pct":"32.126","trb_pct":"19.882","ast_pct":"38.838","stl_pct":"2.014","blk_pct":"2.524","tov_pct":"10.904","usg_pct":"19.719","ortg":"123.906","drtg":"105.788","bpm":"12.045"},{"game_id":1146,"team_name":"BRK","player_id":"{\"harrijo01\"}","player_name":"{\"Joe Harris\"}","ts_pct":"0.551","efg_pct":"0.544","three_par":"0.662","ftr":"0.029","orb_pct":"1.019","drb_pct":"8.200","trb_pct":"4.760","ast_pct":"6.687","stl_pct":"0.676","blk_pct":"0.420","tov_pct":"8.394","usg_pct":"15.106","ortg":"104.859","drtg":"111.918","bpm":"-2.592"},{"game_id":1146,"team_name":"BRK","player_id":"{\"greenje02\"}","player_name":"{\"Jeff Green\"}","ts_pct":"0.733","efg_pct":"0.721","three_par":"0.528","ftr":"0.337","orb_pct":"1.862","drb_pct":"10.416","trb_pct":"6.422","ast_pct":"4.852","stl_pct":"0.824","blk_pct":"1.298","tov_pct":"8.929","usg_pct":"17.153","ortg":"134.176","drtg":"113.906","bpm":"3.182"},{"game_id":1146,"team_name":"BRK","player_id":"{\"jamesmi02\"}","player_name":"{\"Mike James\"}","ts_pct":"0.314","efg_pct":"0.314","three_par":"0.373","ftr":"0.019","orb_pct":"0.998","drb_pct":"10.378","trb_pct":"6.025","ast_pct":"18.102","stl_pct":"0.884","blk_pct":"0.000","tov_pct":"7.900","usg_pct":"24.098","ortg":"68.729","drtg":"109.471","bpm":"-12.000"},{"game_id":1146,"team_name":"BRK","player_id":"{\"griffbl01\"}","player_name":"{\"Blake Griffin\"}","ts_pct":"0.580","efg_pct":"0.530","three_par":"0.347","ftr":"0.130","orb_pct":"5.699","drb_pct":"17.693","trb_pct":"11.776","ast_pct":"10.709","stl_pct":"1.558","blk_pct":"2.352","tov_pct":"3.078","usg_pct":"11.819","ortg":"132.094","drtg":"105.812","bpm":"0.805"},{"game_id":1146,"team_name":"BRK","player_id":"benchBRK","player_name":"Bench of BRK","ts_pct":"0.531","efg_pct":"0.505","three_par":"0.300","ftr":"0.191","orb_pct":"6.889","drb_pct":"13.837","trb_pct":"10.468","ast_pct":"9.482","stl_pct":"1.529","blk_pct":"3.949","tov_pct":"10.652","usg_pct":"13.351","ortg":"110.417","drtg":"105.872","bpm":"0.266"},{"game_id":1146,"team_name":"MIL","player_id":"{\"middlkh01\"}","player_name":"{\"Khris Middleton\"}","ts_pct":"0.585","efg_pct":"0.554","three_par":"0.403","ftr":"0.279","orb_pct":"2.906","drb_pct":"17.692","trb_pct":"10.488","ast_pct":"16.760","stl_pct":"0.824","blk_pct":"0.719","tov_pct":"15.658","usg_pct":"26.376","ortg":"105.200","drtg":"104.388","bpm":"1.552"},{"game_id":1146,"team_name":"MIL","player_id":"{\"antetgi01\"}","player_name":"{\"Giannis Antetokounmpo\"}","ts_pct":"0.545","efg_pct":"0.538","three_par":"0.206","ftr":"0.395","orb_pct":"5.152","drb_pct":"30.712","trb_pct":"18.171","ast_pct":"24.613","stl_pct":"0.832","blk_pct":"2.214","tov_pct":"12.273","usg_pct":"33.114","ortg":"106.906","drtg":"100.506","bpm":"6.975"},{"game_id":1146,"team_name":"MIL","player_id":"{\"lopezbr01\"}","player_name":"{\"Brook Lopez\"}","ts_pct":"0.569","efg_pct":"0.539","three_par":"0.393","ftr":"0.197","orb_pct":"7.831","drb_pct":"18.216","trb_pct":"13.166","ast_pct":"2.942","stl_pct":"0.932","blk_pct":"4.272","tov_pct":"10.159","usg_pct":"17.147","ortg":"108.835","drtg":"101.306","bpm":"2.462"},{"game_id":1146,"team_name":"MIL","player_id":"{\"holidjr01\"}","player_name":"{\"Jrue Holiday\"}","ts_pct":"0.499","efg_pct":"0.488","three_par":"0.306","ftr":"0.131","orb_pct":"3.687","drb_pct":"10.485","trb_pct":"7.220","ast_pct":"30.959","stl_pct":"1.289","blk_pct":"0.395","tov_pct":"11.811","usg_pct":"19.347","ortg":"111.518","drtg":"105.365","bpm":"2.256"},{"game_id":1146,"team_name":"MIL","player_id":"{\"tuckepj01\"}","player_name":"{\"P.J. Tucker\"}","ts_pct":"0.455","efg_pct":"0.426","three_par":"0.696","ftr":"0.118","orb_pct":"7.102","drb_pct":"9.048","trb_pct":"7.979","ast_pct":"4.784","stl_pct":"0.948","blk_pct":"0.000","tov_pct":"9.149","usg_pct":"7.869","ortg":"106.824","drtg":"107.047","bpm":"-2.005"},{"game_id":1146,"team_name":"MIL","player_id":"{\"connapa01\"}","player_name":"{\"Pat Connaughton\"}","ts_pct":"0.482","efg_pct":"0.452","three_par":"0.781","ftr":"0.138","orb_pct":"5.959","drb_pct":"14.765","trb_pct":"10.400","ast_pct":"7.701","stl_pct":"1.804","blk_pct":"2.112","tov_pct":"15.404","usg_pct":"11.260","ortg":"104.294","drtg":"101.365","bpm":"2.700"},{"game_id":1146,"team_name":"MIL","player_id":"benchMIL","player_name":"Bench of MIL","ts_pct":"0.342","efg_pct":"0.274","three_par":"0.472","ftr":"0.272","orb_pct":"1.359","drb_pct":"11.459","trb_pct":"6.343","ast_pct":"8.838","stl_pct":"0.465","blk_pct":"4.682","tov_pct":"5.526","usg_pct":"15.144","ortg":"80.529","drtg":"102.297","bpm":"2.889"}]