[{"game_id":1164,"team_name":"MIL","player_id":"{\"middlkh01\"}","player_name":"{\"Khris Middleton\"}","ts_pct":"0.539","efg_pct":"0.500","three_par":"0.427","ftr":"0.221","orb_pct":"3.531","drb_pct":"18.959","trb_pct":"11.095","ast_pct":"22.002","stl_pct":"2.425","blk_pct":"0.587","tov_pct":"12.673","usg_pct":"27.546","ortg":"109.035","drtg":"107.706","bpm":"3.640"},{"game_id":1164,"team_name":"MIL","player_id":"{\"holidjr01\"}","player_name":"{\"Jrue Holiday\"}","ts_pct":"0.477","efg_pct":"0.453","three_par":"0.374","ftr":"0.170","orb_pct":"2.892","drb_pct":"9.673","trb_pct":"6.085","ast_pct":"31.134","stl_pct":"1.467","blk_pct":"1.331","tov_pct":"10.639","usg_pct":"22.711","ortg":"108.529","drtg":"111.918","bpm":"1.634"},{"game_id":1164,"team_name":"MIL","player_id":"{\"tuckepj01\"}","player_name":"{\"P.J. Tucker\"}","ts_pct":"0.440","efg_pct":"0.406","three_par":"0.646","ftr":"0.259","orb_pct":"6.795","drb_pct":"12.006","trb_pct":"9.328","ast_pct":"4.325","stl_pct":"1.918","blk_pct":"0.900","tov_pct":"2.913","usg_pct":"6.921","ortg":"123.365","drtg":"110.400","bpm":"-0.361"},{"game_id":1164,"team_name":"MIL","player_id":"{\"lopezbr01\"}","player_name":"{\"Brook Lopez\"}","ts_pct":"0.633","efg_pct":"0.620","three_par":"0.486","ftr":"0.082","orb_pct":"5.624","drb_pct":"12.642","trb_pct":"8.933","ast_pct":"1.241","stl_pct":"1.893","blk_pct":"5.075","tov_pct":"8.949","usg_pct":"13.546","ortg":"122.165","drtg":"107.847","bpm":"2.644"},{"game_id":1164,"team_name":"MIL","player_id":"{\"portibo01\"}","player_name":"{\"Bobby Portis\"}","ts_pct":"0.469","efg_pct":"0.478","three_par":"0.338","ftr":"0.078","orb_pct":"9.692","drb_pct":"21.861","trb_pct":"15.564","ast_pct":"6.826","stl_pct":"1.825","blk_pct":"2.945","tov_pct":"8.348","usg_pct":"21.088","ortg":"98.329","drtg":"103.094","bpm":"0.668"},{"game_id":1164,"team_name":"MIL","player_id":"{\"teaguje01\"}","player_name":"{\"Jeff Teague\"}","ts_pct":"0.251","efg_pct":"0.206","three_par":"0.222","ftr":"0.184","orb_pct":"0.000","drb_pct":"5.007","trb_pct":"2.491","ast_pct":"11.149","stl_pct":"0.247","blk_pct":"0.153","tov_pct":"6.566","usg_pct":"16.127","ortg":"55.753","drtg":"117.635","bpm":"-10.154"},{"game_id":1164,"team_name":"MIL","player_id":"benchMIL","player_name":"Bench of MIL","ts_pct":"0.413","efg_pct":"0.368","three_par":"0.430","ftr":"0.143","orb_pct":"3.766","drb_pct":"14.336","trb_pct":"9.417","ast_pct":"5.692","stl_pct":"2.176","blk_pct":"4.115","tov_pct":"11.681","usg_pct":"13.140","ortg":"78.320","drtg":"102.941","bpm":"-0.377"},{"game_id":1164,"team_name":"ATL","player_id":"{\"dunnkr01\"}","player_name":"{\"Kris Dunn\"}","ts_pct":"0.269","efg_pct":"0.242","three_par":"0.119","ftr":"0.627","orb_pct":"0.000","drb_pct":"21.616","trb_pct":"11.809","ast_pct":"12.696","stl_pct":"1.793","blk_pct":"3.742","tov_pct":"23.604","usg_pct":"13.814","ortg":"62.235","drtg":"112.071","bpm":"-6.933"},{"game_id":1164,"team_name":"ATL","player_id":"{\"bogdabo01\"}","player_name":"{\"Bogdan Bogdanović\"}","ts_pct":"0.408","efg_pct":"0.395","three_par":"0.546","ftr":"0.077","orb_pct":"1.409","drb_pct":"7.916","trb_pct":"4.615","ast_pct":"14.296","stl_pct":"3.640","blk_pct":"0.569","tov_pct":"10.384","usg_pct":"20.887","ortg":"85.400","drtg":"109.976","bpm":"-1.678"},{"game_id":1164,"team_name":"ATL","player_id":"{\"huertke01\"}","player_name":"{\"Kevin Huerter\"}","ts_pct":"0.471","efg_pct":"0.462","three_par":"0.501","ftr":"0.078","orb_pct":"1.929","drb_pct":"10.286","trb_pct":"6.111","ast_pct":"13.892","stl_pct":"0.642","blk_pct":"2.009","tov_pct":"5.799","usg_pct":"16.728","ortg":"102.353","drtg":"114.635","bpm":"-0.461"},{"game_id":1164,"team_name":"ATL","player_id":"{\"willilo02\"}","player_name":"{\"Lou Williams\"}","ts_pct":"0.546","efg_pct":"0.481","three_par":"0.256","ftr":"0.385","orb_pct":"0.884","drb_pct":"11.727","trb_pct":"6.293","ast_pct":"21.018","stl_pct":"2.441","blk_pct":"0.635","tov_pct":"9.884","usg_pct":"19.896","ortg":"113.165","drtg":"111.459","bpm":"2.382"},{"game_id":1164,"team_name":"ATL","player_id":"{\"collijo01\"}","player_name":"{\"John Collins\"}","ts_pct":"0.585","efg_pct":"0.576","three_par":"0.294","ftr":"0.191","orb_pct":"9.285","drb_pct":"25.124","trb_pct":"17.212","ast_pct":"3.498","stl_pct":"0.479","blk_pct":"1.644","tov_pct":"11.366","usg_pct":"17.238","ortg":"111.271","drtg":"110.894","bpm":"-0.854"},{"game_id":1164,"team_name":"ATL","player_id":"{\"reddica01\"}","player_name":"{\"Cam Reddish\"}","ts_pct":"0.539","efg_pct":"0.481","three_par":"0.440","ftr":"0.288","orb_pct":"2.772","drb_pct":"12.565","trb_pct":"7.939","ast_pct":"6.507","stl_pct":"2.925","blk_pct":"2.106","tov_pct":"7.695","usg_pct":"19.641","ortg":"108.082","drtg":"115.635","bpm":"-0.681"},{"game_id":1164,"team_name":"ATL","player_id":"benchATL","player_name":"Bench of ATL","ts_pct":"0.480","efg_pct":"0.459","three_par":"0.210","ftr":"0.341","orb_pct":"7.014","drb_pct":"18.065","trb_pct":"13.102","ast_pct":"3.332","stl_pct":"1.026","blk_pct":"2.964","tov_pct":"6.160","usg_pct":"16.156","ortg":"105.411","drtg":"112.441","bpm":"-0.057"}]