[{"game_id":1007,"team_name":"TOR","player_id":"{\"trentga02\"}","player_name":"{\"Gary Trent Jr.\"}","ts_pct":"0.466","efg_pct":"0.449","three_par":"0.496","ftr":"0.089","orb_pct":"0.413","drb_pct":"12.992","trb_pct":"6.692","ast_pct":"5.649","stl_pct":"2.440","blk_pct":"0.353","tov_pct":"4.641","usg_pct":"23.971","ortg":"92.941","drtg":"113.953","bpm":"-4.054"},{"game_id":1007,"team_name":"TOR","player_id":"{\"siakapa01\"}","player_name":"{\"Pascal Siakam\"}","ts_pct":"0.534","efg_pct":"0.500","three_par":"0.234","ftr":"0.220","orb_pct":"4.444","drb_pct":"20.427","trb_pct":"11.944","ast_pct":"17.282","stl_pct":"2.127","blk_pct":"0.985","tov_pct":"13.021","usg_pct":"29.862","ortg":"101.494","drtg":"114.729","bpm":"-0.151"},{"game_id":1007,"team_name":"TOR","player_id":"{\"harrija01\"}","player_name":"{\"Jalen Harris\"}","ts_pct":"0.548","efg_pct":"0.548","three_par":"0.435","ftr":"0.000","orb_pct":"6.933","drb_pct":"8.243","trb_pct":"7.328","ast_pct":"12.647","stl_pct":"3.137","blk_pct":"0.000","tov_pct":"15.926","usg_pct":"16.119","ortg":"114.259","drtg":"112.543","bpm":"-2.368"},{"game_id":1007,"team_name":"TOR","player_id":"{\"birchkh01\"}","player_name":"{\"Khem Birch\"}","ts_pct":"0.620","efg_pct":"0.610","three_par":"0.184","ftr":"0.289","orb_pct":"11.260","drb_pct":"19.582","trb_pct":"15.171","ast_pct":"9.149","stl_pct":"1.361","blk_pct":"3.480","tov_pct":"8.598","usg_pct":"14.929","ortg":"129.471","drtg":"114.682","bpm":"1.039"},{"game_id":1007,"team_name":"TOR","player_id":"{\"flynnma01\"}","player_name":"{\"Malachi Flynn\"}","ts_pct":"0.450","efg_pct":"0.356","three_par":"0.406","ftr":"0.275","orb_pct":"0.631","drb_pct":"14.128","trb_pct":"6.828","ast_pct":"17.368","stl_pct":"1.172","blk_pct":"0.000","tov_pct":"16.525","usg_pct":"19.151","ortg":"86.812","drtg":"118.388","bpm":"-7.466"},{"game_id":1007,"team_name":"TOR","player_id":"{\"watanyu01\"}","player_name":"{\"Yuta Watanabe\"}","ts_pct":"0.594","efg_pct":"0.572","three_par":"0.546","ftr":"0.190","orb_pct":"3.407","drb_pct":"13.401","trb_pct":"8.140","ast_pct":"9.287","stl_pct":"1.275","blk_pct":"2.109","tov_pct":"6.685","usg_pct":"12.648","ortg":"120.835","drtg":"115.988","bpm":"-0.348"},{"game_id":1007,"team_name":"TOR","player_id":"benchTOR","player_name":"Bench of TOR","ts_pct":"0.478","efg_pct":"0.393","three_par":"0.277","ftr":"0.388","orb_pct":"5.959","drb_pct":"16.017","trb_pct":"10.710","ast_pct":"8.280","stl_pct":"2.346","blk_pct":"2.268","tov_pct":"13.862","usg_pct":"16.803","ortg":"103.718","drtg":"113.189","bpm":"-6.111"},{"game_id":1007,"team_name":"MEM","player_id":"{\"konchjo01\"}","player_name":"{\"John Konchar\"}","ts_pct":"0.430","efg_pct":"0.425","three_par":"0.356","ftr":"0.035","orb_pct":"4.707","drb_pct":"28.378","trb_pct":"16.318","ast_pct":"16.691","stl_pct":"2.202","blk_pct":"0.424","tov_pct":"9.602","usg_pct":"14.288","ortg":"120.647","drtg":"109.118","bpm":"0.089"},{"game_id":1007,"team_name":"MEM","player_id":"{\"moranja01\"}","player_name":"{\"Ja Morant\"}","ts_pct":"0.532","efg_pct":"0.490","three_par":"0.309","ftr":"0.361","orb_pct":"1.479","drb_pct":"12.453","trb_pct":"6.879","ast_pct":"32.544","stl_pct":"1.455","blk_pct":"1.311","tov_pct":"16.331","usg_pct":"27.568","ortg":"103.541","drtg":"116.918","bpm":"0.156"},{"game_id":1007,"team_name":"MEM","player_id":"{\"brookdi01\"}","player_name":"{\"Dillon Brooks\"}","ts_pct":"0.528","efg_pct":"0.478","three_par":"0.416","ftr":"0.300","orb_pct":"1.229","drb_pct":"7.273","trb_pct":"4.298","ast_pct":"7.820","stl_pct":"1.420","blk_pct":"0.619","tov_pct":"10.286","usg_pct":"25.691","ortg":"100.953","drtg":"118.612","bpm":"-5.404"},{"game_id":1007,"team_name":"MEM","player_id":"{\"valanjo01\"}","player_name":"{\"Jonas Valančiūnas\"}","ts_pct":"0.647","efg_pct":"0.632","three_par":"0.087","ftr":"0.270","orb_pct":"12.772","drb_pct":"27.147","trb_pct":"19.780","ast_pct":"10.501","stl_pct":"1.398","blk_pct":"3.547","tov_pct":"9.754","usg_pct":"18.986","ortg":"129.882","drtg":"110.659","bpm":"2.585"},{"game_id":1007,"team_name":"MEM","player_id":"{\"anderky01\"}","player_name":"{\"Kyle Anderson\"}","ts_pct":"0.589","efg_pct":"0.554","three_par":"0.364","ftr":"0.319","orb_pct":"3.480","drb_pct":"16.041","trb_pct":"9.455","ast_pct":"17.895","stl_pct":"2.171","blk_pct":"1.872","tov_pct":"9.735","usg_pct":"19.527","ortg":"118.918","drtg":"114.129","bpm":"2.654"},{"game_id":1007,"team_name":"MEM","player_id":"{\"jacksja02\"}","player_name":"{\"Jaren Jackson Jr.\"}","ts_pct":"0.571","efg_pct":"0.502","three_par":"0.466","ftr":"0.437","orb_pct":"5.320","drb_pct":"18.313","trb_pct":"11.618","ast_pct":"4.424","stl_pct":"1.713","blk_pct":"4.493","tov_pct":"8.792","usg_pct":"26.439","ortg":"109.918","drtg":"115.847","bpm":"-0.036"},{"game_id":1007,"team_name":"MEM","player_id":"benchMEM","player_name":"Bench of MEM","ts_pct":"0.481","efg_pct":"0.473","three_par":"0.430","ftr":"0.181","orb_pct":"4.417","drb_pct":"13.320","trb_pct":"8.778","ast_pct":"17.810","stl_pct":"1.389","blk_pct":"2.185","tov_pct":"11.557","usg_pct":"16.327","ortg":"107.190","drtg":"116.019","bpm":"-2.332"}]