[{"game_id":1212,"team_name":"NYK","player_id":"{\"gibsota01\"}","player_name":"{\"Taj Gibson\"}","fg":"2.506","fga":"5.212","fg_pct":"0.481","three_p":"0.000","three_pa":"0.282","three_p_pct":"0.000","ft":"1.765","fta":"2.106","ft_pct":"0.838","orb":"1.894","drb":"2.541","trb":"4.435","ast":"0.976","stl":"0.365","blk":"0.259","tov":"0.741","pf":"1.824","pts":"6.776"},{"game_id":1212,"team_name":"NYK","player_id":"{\"barrerj01\"}","player_name":"{\"RJ Barrett\"}","fg":"8.333","fga":"16.889","fg_pct":"0.493","three_p":"2.417","three_pa":"4.417","three_p_pct":"0.547","ft":"2.056","fta":"4.750","ft_pct":"0.433","orb":"1.083","drb":"3.972","trb":"5.056","ast":"2.694","stl":"2.611","blk":"0.000","tov":"4.028","pf":"3.333","pts":"21.139"},{"game_id":1212,"team_name":"NYK","player_id":"{\"randlju01\"}","player_name":"{\"Julius Randle\"}","fg":"7.765","fga":"16.035","fg_pct":"0.484","three_p":"0.953","three_pa":"3.094","three_p_pct":"0.308","ft":"4.765","fta":"6.847","ft_pct":"0.696","orb":"3.059","drb":"6.588","trb":"9.647","ast":"3.565","stl":"0.918","blk":"0.106","tov":"4.082","pf":"3.094","pts":"21.247"},{"game_id":1212,"team_name":"NYK","player_id":"{\"morrima03\"}","player_name":"{\"Marcus Morris\"}","fg":"4.988","fga":"9.835","fg_pct":"0.507","three_p":"2.059","three_pa":"3.965","three_p_pct":"0.519","ft":"3.388","fta":"4.118","ft_pct":"0.823","orb":"1.329","drb":"5.941","trb":"7.271","ast":"1.282","stl":"0.624","blk":"0.541","tov":"1.424","pf":"3.682","pts":"15.424"},{"game_id":1212,"team_name":"NYK","player_id":"{\"portibo01\"}","player_name":"{\"Bobby Portis\"}","fg":"4.129","fga":"10.753","fg_pct":"0.384","three_p":"0.953","three_pa":"3.741","three_p_pct":"0.255","ft":"1.012","fta":"1.141","ft_pct":"0.887","orb":"2.212","drb":"6.153","trb":"8.365","ast":"1.871","stl":"0.965","blk":"0.376","tov":"1.341","pf":"2.776","pts":"10.224"},{"game_id":1212,"team_name":"NYK","player_id":"{\"ntilila01\"}","player_name":"{\"Frank Ntilikina\"}","fg":"1.153","fga":"4.271","fg_pct":"0.270","three_p":"0.247","three_pa":"1.341","three_p_pct":"0.184","ft":"0.235","fta":"0.329","ft_pct":"0.714","orb":"0.376","drb":"1.388","trb":"1.765","ast":"2.729","stl":"0.682","blk":"0.200","tov":"1.071","pf":"1.600","pts":"2.788"},{"game_id":1212,"team_name":"NYK","player_id":"benchNYK","player_name":"Bench of NYK","fg":"3.942","fga":"8.671","fg_pct":"0.455","three_p":"1.295","three_pa":"3.557","three_p_pct":"0.364","ft":"1.610","fta":"2.137","ft_pct":"0.753","orb":"1.080","drb":"4.280","trb":"5.359","ast":"2.714","stl":"1.052","blk":"0.758","tov":"1.563","pf":"2.153","pts":"10.789"},{"game_id":1212,"team_name":"CHI","player_id":"{\"lavinza01\"}","player_name":"{\"Zach LaVine\"}","fg":"7.988","fga":"17.341","fg_pct":"0.461","three_p":"1.918","three_pa":"4.753","three_p_pct":"0.404","ft":"4.788","fta":"6.612","ft_pct":"0.724","orb":"1.282","drb":"3.471","trb":"4.753","ast":"4.600","stl":"1.318","blk":"0.506","tov":"3.565","pf":"2.659","pts":"22.682"},{"game_id":1212,"team_name":"CHI","player_id":"{\"porteot01\"}","player_name":"{\"Otto Porter Jr.\"}","fg":"3.918","fga":"10.176","fg_pct":"0.385","three_p":"1.718","three_pa":"4.659","three_p_pct":"0.369","ft":"2.106","fta":"2.259","ft_pct":"0.932","orb":"0.471","drb":"3.612","trb":"4.082","ast":"1.506","stl":"1.176","blk":"0.306","tov":"0.988","pf":"1.694","pts":"11.659"},{"game_id":1212,"team_name":"CHI","player_id":"{\"markkla01\"}","player_name":"{\"Lauri Markkanen\"}","fg":"5.929","fga":"15.224","fg_pct":"0.389","three_p":"1.388","three_pa":"5.835","three_p_pct":"0.238","ft":"3.306","fta":"4.165","ft_pct":"0.794","orb":"2.400","drb":"7.424","trb":"9.824","ast":"1.671","stl":"0.812","blk":"0.706","tov":"2.588","pf":"1.565","pts":"16.553"},{"game_id":1212,"team_name":"CHI","player_id":"{\"cartewe01\"}","player_name":"{\"Wendell Carter Jr.\"}","fg":"3.776","fga":"8.471","fg_pct":"0.446","three_p":"0.082","three_pa":"0.882","three_p_pct":"0.093","ft":"1.682","fta":"2.294","ft_pct":"0.733","orb":"2.906","drb":"5.106","trb":"8.012","ast":"0.871","stl":"0.847","blk":"0.624","tov":"1.082","pf":"3.624","pts":"9.318"},{"game_id":1212,"team_name":"CHI","player_id":"{\"satorto01\"}","player_name":"{\"Tomáš Satoranský\"}","fg":"2.635","fga":"6.659","fg_pct":"0.396","three_p":"0.800","three_pa":"2.071","three_p_pct":"0.386","ft":"2.400","fta":"2.882","ft_pct":"0.833","orb":"1.094","drb":"1.471","trb":"2.565","ast":"4.200","stl":"1.282","blk":"0.271","tov":"1.365","pf":"1.612","pts":"8.471"},{"game_id":1212,"team_name":"CHI","player_id":"{\"youngth01\"}","player_name":"{\"Thaddeus Young\"}","fg":"4.729","fga":"9.541","fg_pct":"0.496","three_p":"0.988","three_pa":"2.835","three_p_pct":"0.349","ft":"0.424","fta":"0.929","ft_pct":"0.456","orb":"1.376","drb":"3.024","trb":"4.400","ast":"2.929","stl":"1.447","blk":"0.282","tov":"1.553","pf":"1.588","pts":"10.871"},{"game_id":1212,"team_name":"CHI","player_id":"benchCHI","player_name":"Bench of CHI","fg":"4.014","fga":"9.776","fg_pct":"0.411","three_p":"1.224","three_pa":"3.764","three_p_pct":"0.325","ft":"1.467","fta":"1.807","ft_pct":"0.812","orb":"0.630","drb":"3.504","trb":"4.134","ast":"2.935","stl":"0.906","blk":"0.611","tov":"0.950","pf":"1.976","pts":"10.720"}]