[{"game_id":1045,"team_name":"ATL","player_id":"teamATL","player_name":"Team name: ATL","ts_pct":"0.616","efg_pct":"0.565","three_par":"0.374","ftr":"0.348","orb_pct":"5.209","drb_pct":"17.714","trb_pct":"11.859","ast_pct":"15.640","stl_pct":"1.297","blk_pct":"1.784","tov_pct":"14.060","usg_pct":"21.420","ortg":"122.883","drtg":"128.997","bpm":"-1.011"},{"game_id":1045,"team_name":"ORL","player_id":"teamORL","player_name":"Team name: ORL","ts_pct":"0.498","efg_pct":"0.463","three_par":"0.308","ftr":"0.271","orb_pct":"4.477","drb_pct":"14.419","trb_pct":"9.366","ast_pct":"12.054","stl_pct":"1.333","blk_pct":"1.640","tov_pct":"10.484","usg_pct":"18.683","ortg":"99.311","drtg":"112.147","bpm":"-3.227"}]