[{"game_id":1159,"team_name":"LAC","player_id":"{\"georgpa01\"}","player_name":"{\"Paul George\"}","ts_pct":"0.555","efg_pct":"0.489","three_par":"0.414","ftr":"0.385","orb_pct":"2.975","drb_pct":"22.399","trb_pct":"12.826","ast_pct":"23.385","stl_pct":"1.501","blk_pct":"1.542","tov_pct":"12.484","usg_pct":"34.154","ortg":"111.541","drtg":"117.459","bpm":"1.645"},{"game_id":1159,"team_name":"LAC","player_id":"{\"jacksre01\"}","player_name":"{\"Reggie Jackson\"}","ts_pct":"0.680","efg_pct":"0.661","three_par":"0.553","ftr":"0.135","orb_pct":"1.161","drb_pct":"7.772","trb_pct":"4.333","ast_pct":"17.872","stl_pct":"2.088","blk_pct":"0.311","tov_pct":"8.371","usg_pct":"22.113","ortg":"134.576","drtg":"121.224","bpm":"4.442"},{"game_id":1159,"team_name":"LAC","player_id":"{\"zubaciv01\"}","player_name":"{\"Ivica Zubac\"}","ts_pct":"0.598","efg_pct":"0.477","three_par":"0.000","ftr":"1.104","orb_pct":"12.602","drb_pct":"15.733","trb_pct":"14.289","ast_pct":"5.154","stl_pct":"0.245","blk_pct":"6.585","tov_pct":"19.612","usg_pct":"15.144","ortg":"115.600","drtg":"119.165","bpm":"-1.808"},{"game_id":1159,"team_name":"LAC","player_id":"{\"beverpa01\"}","player_name":"{\"Patrick Beverley\"}","ts_pct":"0.578","efg_pct":"0.560","three_par":"0.541","ftr":"0.256","orb_pct":"4.464","drb_pct":"12.888","trb_pct":"8.626","ast_pct":"10.700","stl_pct":"2.388","blk_pct":"5.093","tov_pct":"6.474","usg_pct":"11.065","ortg":"124.035","drtg":"115.812","bpm":"2.054"},{"game_id":1159,"team_name":"LAC","player_id":"{\"mannte01\"}","player_name":"{\"Terance Mann\"}","ts_pct":"0.662","efg_pct":"0.640","three_par":"0.408","ftr":"0.190","orb_pct":"3.929","drb_pct":"10.071","trb_pct":"6.985","ast_pct":"7.084","stl_pct":"1.512","blk_pct":"0.398","tov_pct":"1.194","usg_pct":"14.478","ortg":"139.753","drtg":"121.447","bpm":"1.348"},{"game_id":1159,"team_name":"LAC","player_id":"{\"morrima03\"}","player_name":"{\"Marcus Morris\"}","ts_pct":"0.547","efg_pct":"0.533","three_par":"0.437","ftr":"0.171","orb_pct":"2.866","drb_pct":"16.145","trb_pct":"9.442","ast_pct":"6.949","stl_pct":"0.907","blk_pct":"1.434","tov_pct":"4.166","usg_pct":"17.694","ortg":"115.812","drtg":"120.847","bpm":"-2.388"},{"game_id":1159,"team_name":"LAC","player_id":"benchLAC","player_name":"Bench of LAC","ts_pct":"0.711","efg_pct":"0.680","three_par":"0.604","ftr":"0.132","orb_pct":"3.941","drb_pct":"16.545","trb_pct":"10.241","ast_pct":"8.154","stl_pct":"2.205","blk_pct":"2.685","tov_pct":"6.565","usg_pct":"18.569","ortg":"141.087","drtg":"115.343","bpm":"1.339"},{"game_id":1159,"team_name":"PHO","player_id":"{\"saricda01\"}","player_name":"{\"Dario Šarić\"}","ts_pct":"0.593","efg_pct":"0.448","three_par":"0.310","ftr":"0.593","orb_pct":"5.161","drb_pct":"21.039","trb_pct":"13.731","ast_pct":"16.269","stl_pct":"0.659","blk_pct":"0.400","tov_pct":"9.087","usg_pct":"18.531","ortg":"126.400","drtg":"110.659","bpm":"2.114"},{"game_id":1159,"team_name":"PHO","player_id":"{\"naderab01\"}","player_name":"{\"Abdel Nader\"}","ts_pct":"0.664","efg_pct":"0.622","three_par":"0.385","ftr":"0.352","orb_pct":"5.592","drb_pct":"17.369","trb_pct":"12.059","ast_pct":"5.985","stl_pct":"1.252","blk_pct":"3.413","tov_pct":"18.760","usg_pct":"18.375","ortg":"101.318","drtg":"105.235","bpm":"-1.940"},{"game_id":1159,"team_name":"PHO","player_id":"{\"aytonde01\"}","player_name":"{\"Deandre Ayton\"}","ts_pct":"0.686","efg_pct":"0.676","three_par":"0.000","ftr":"0.280","orb_pct":"8.656","drb_pct":"23.072","trb_pct":"16.412","ast_pct":"3.328","stl_pct":"0.844","blk_pct":"1.692","tov_pct":"5.261","usg_pct":"16.865","ortg":"136.835","drtg":"109.612","bpm":"2.135"},{"game_id":1159,"team_name":"PHO","player_id":"{\"bridgmi01\"}","player_name":"{\"Mikal Bridges\"}","ts_pct":"0.599","efg_pct":"0.578","three_par":"0.561","ftr":"0.152","orb_pct":"4.574","drb_pct":"9.805","trb_pct":"7.387","ast_pct":"7.573","stl_pct":"1.759","blk_pct":"2.224","tov_pct":"4.433","usg_pct":"15.975","ortg":"122.047","drtg":"111.518","bpm":"2.305"},{"game_id":1159,"team_name":"PHO","player_id":"{\"bookede01\"}","player_name":"{\"Devin Booker\"}","ts_pct":"0.567","efg_pct":"0.498","three_par":"0.317","ftr":"0.329","orb_pct":"2.092","drb_pct":"17.698","trb_pct":"10.647","ast_pct":"20.455","stl_pct":"0.847","blk_pct":"0.134","tov_pct":"14.838","usg_pct":"31.194","ortg":"105.835","drtg":"112.447","bpm":"-0.845"},{"game_id":1159,"team_name":"PHO","player_id":"{\"paulch01\"}","player_name":"{\"Chris Paul\"}","ts_pct":"0.574","efg_pct":"0.521","three_par":"0.192","ftr":"0.295","orb_pct":"1.028","drb_pct":"11.232","trb_pct":"6.608","ast_pct":"45.328","stl_pct":"2.233","blk_pct":"0.388","tov_pct":"9.016","usg_pct":"23.278","ortg":"128.788","drtg":"108.176","bpm":"6.461"},{"game_id":1159,"team_name":"PHO","player_id":"benchPHO","player_name":"Bench of PHO","ts_pct":"0.620","efg_pct":"0.579","three_par":"0.597","ftr":"0.216","orb_pct":"3.396","drb_pct":"13.792","trb_pct":"8.985","ast_pct":"11.277","stl_pct":"1.297","blk_pct":"2.131","tov_pct":"10.082","usg_pct":"17.617","ortg":"114.534","drtg":"111.227","bpm":"0.676"}]