[{"game_id":1033,"team_name":"MIL","player_id":"teamMIL","player_name":"Team name: MIL","fg":"46.577","fga":"92.863","fg_pct":"0.502","three_p":"14.120","three_pa":"36.931","three_p_pct":"0.382","ft":"17.109","fta":"22.069","ft_pct":"0.775","orb":"9.949","drb":"36.337","trb":"46.286","ast":"26.000","stl":"7.777","blk":"5.474","tov":"13.034","pf":"20.331","pts":"124.383"},{"game_id":1033,"team_name":"ORL","player_id":"teamORL","player_name":"Team name: ORL","fg":"37.526","fga":"89.211","fg_pct":"0.421","three_p":"9.320","three_pa":"28.606","three_p_pct":"0.326","ft":"19.017","fta":"24.400","ft_pct":"0.779","orb":"10.171","drb":"34.657","trb":"44.829","ast":"19.297","stl":"6.634","blk":"5.274","tov":"11.446","pf":"18.120","pts":"103.389"}]