[{"game_id":1079,"team_name":"POR","player_id":"{\"jonesde02\"}","player_name":"{\"Derrick Jones Jr.\"}","fg":"1.341","fga":"2.624","fg_pct":"0.511","three_p":"0.141","three_pa":"0.824","three_p_pct":"0.171","ft":"0.882","fta":"1.282","ft_pct":"0.688","orb":"0.388","drb":"0.718","trb":"1.106","ast":"0.847","stl":"0.306","blk":"0.400","tov":"0.471","pf":"1.906","pts":"3.706"},{"game_id":1079,"team_name":"POR","player_id":"{\"littlna01\"}","player_name":"{\"Nassir Little\"}","fg":"1.165","fga":"2.624","fg_pct":"0.444","three_p":"0.176","three_pa":"0.824","three_p_pct":"0.214","ft":"0.306","fta":"0.482","ft_pct":"0.635","orb":"0.459","drb":"1.671","trb":"2.129","ast":"0.329","stl":"0.000","blk":"0.047","tov":"0.471","pf":"0.412","pts":"2.812"},{"game_id":1079,"team_name":"POR","player_id":"{\"leaftj01\"}","player_name":"{\"T.J. Leaf\"}","fg":"1.047","fga":"2.365","fg_pct":"0.443","three_p":"0.000","three_pa":"0.282","three_p_pct":"0.000","ft":"0.235","fta":"0.506","ft_pct":"0.464","orb":"0.118","drb":"0.882","trb":"1.000","ast":"0.341","stl":"0.388","blk":"0.165","tov":"0.306","pf":"0.412","pts":"2.329"},{"game_id":1079,"team_name":"POR","player_id":"{\"gilesha01\"}","player_name":"{\"Harry Giles\"}","fg":"1.082","fga":"2.271","fg_pct":"0.476","three_p":"0.153","three_pa":"0.894","three_p_pct":"0.171","ft":"0.176","fta":"0.765","ft_pct":"0.230","orb":"0.271","drb":"1.306","trb":"1.576","ast":"0.659","stl":"0.247","blk":"0.271","tov":"0.224","pf":"0.506","pts":"2.494"},{"game_id":1079,"team_name":"POR","player_id":"{\"ellebcj01\"}","player_name":"{\"CJ Elleby\"}","fg":"0.659","fga":"1.612","fg_pct":"0.409","three_p":"0.153","three_pa":"0.518","three_p_pct":"0.295","ft":"0.400","fta":"0.400","ft_pct":"1.000","orb":"0.282","drb":"0.647","trb":"0.929","ast":"0.612","stl":"0.000","blk":"0.000","tov":"0.141","pf":"0.541","pts":"1.871"},{"game_id":1079,"team_name":"POR","player_id":"{\"powelno01\"}","player_name":"{\"Norman Powell\"}","fg":"5.659","fga":"13.141","fg_pct":"0.431","three_p":"2.188","three_pa":"5.494","three_p_pct":"0.398","ft":"3.129","fta":"3.471","ft_pct":"0.901","orb":"0.718","drb":"3.176","trb":"3.894","ast":"1.988","stl":"0.988","blk":"0.388","tov":"1.059","pf":"2.412","pts":"16.635"},{"game_id":1079,"team_name":"POR","player_id":"benchPOR","player_name":"Bench of POR","fg":"5.595","fga":"11.240","fg_pct":"0.498","three_p":"2.120","three_pa":"4.836","three_p_pct":"0.438","ft":"2.366","fta":"2.858","ft_pct":"0.828","orb":"0.911","drb":"4.199","trb":"5.110","ast":"3.179","stl":"0.731","blk":"0.505","tov":"1.038","pf":"1.925","pts":"15.675"},{"game_id":1079,"team_name":"DEN","player_id":"{\"bolbo01\"}","player_name":"{\"Bol Bol\"}","fg":"0.388","fga":"1.388","fg_pct":"0.280","three_p":"0.000","three_pa":"0.553","three_p_pct":"0.000","ft":"0.329","fta":"0.388","ft_pct":"0.848","orb":"0.000","drb":"0.671","trb":"0.671","ast":"0.082","stl":"0.082","blk":"0.165","tov":"0.365","pf":"0.259","pts":"1.106"},{"game_id":1079,"team_name":"DEN","player_id":"{\"howarma02\"}","player_name":"{\"Markus Howard\"}","fg":"2.847","fga":"5.612","fg_pct":"0.507","three_p":"1.165","three_pa":"3.176","three_p_pct":"0.367","ft":"0.365","fta":"0.471","ft_pct":"0.775","orb":"0.118","drb":"0.824","trb":"0.941","ast":"0.612","stl":"0.129","blk":"0.153","tov":"1.235","pf":"1.059","pts":"7.224"},{"game_id":1079,"team_name":"DEN","player_id":"{\"greenja01\"}","player_name":"{\"JaMychal Green\"}","fg":"2.659","fga":"7.047","fg_pct":"0.377","three_p":"1.024","three_pa":"3.706","three_p_pct":"0.276","ft":"0.882","fta":"1.365","ft_pct":"0.646","orb":"1.482","drb":"2.941","trb":"4.424","ast":"1.941","stl":"0.200","blk":"0.506","tov":"0.871","pf":"2.435","pts":"7.224"},{"game_id":1079,"team_name":"DEN","player_id":"{\"harrish01\"}","player_name":"{\"Shaquille Harrison\"}","fg":"0.906","fga":"3.635","fg_pct":"0.249","three_p":"0.235","three_pa":"1.200","three_p_pct":"0.196","ft":"0.859","fta":"1.106","ft_pct":"0.777","orb":"0.306","drb":"2.965","trb":"3.271","ast":"1.224","stl":"0.659","blk":"0.435","tov":"0.435","pf":"2.071","pts":"2.906"},{"game_id":1079,"team_name":"DEN","player_id":"{\"riverau01\"}","player_name":"{\"Austin Rivers\"}","fg":"3.682","fga":"8.365","fg_pct":"0.440","three_p":"2.647","three_pa":"5.953","three_p_pct":"0.445","ft":"0.847","fta":"1.259","ft_pct":"0.673","orb":"0.282","drb":"2.247","trb":"2.529","ast":"2.694","stl":"1.341","blk":"0.000","tov":"1.388","pf":"2.471","pts":"10.859"},{"game_id":1079,"team_name":"DEN","player_id":"{\"morrimo01\"}","player_name":"{\"Monte Morris\"}","fg":"3.729","fga":"7.388","fg_pct":"0.505","three_p":"1.047","three_pa":"1.788","three_p_pct":"0.586","ft":"1.094","fta":"1.094","ft_pct":"1.000","orb":"0.376","drb":"1.212","trb":"1.588","ast":"2.318","stl":"0.753","blk":"0.259","tov":"0.835","pf":"1.094","pts":"9.600"},{"game_id":1079,"team_name":"DEN","player_id":"benchDEN","player_name":"Bench of DEN","fg":"4.579","fga":"9.105","fg_pct":"0.503","three_p":"0.955","three_pa":"2.935","three_p_pct":"0.325","ft":"2.093","fta":"2.400","ft_pct":"0.872","orb":"1.249","drb":"3.830","trb":"5.079","ast":"2.752","stl":"0.839","blk":"0.436","tov":"1.337","pf":"1.882","pts":"12.207"}]