[{"game_id":1115,"team_name":"BOS","player_id":"{\"ojelese01\"}","player_name":"{\"Semi Ojeleye\"}","fg":"1.035","fga":"2.988","fg_pct":"0.346","three_p":"0.318","three_pa":"2.059","three_p_pct":"0.154","ft":"0.000","fta":"0.000","ft_pct":"NaN","orb":"0.447","drb":"1.329","trb":"1.776","ast":"0.212","stl":"0.318","blk":"0.153","tov":"0.235","pf":"0.306","pts":"2.388"},{"game_id":1115,"team_name":"BOS","player_id":"{\"tatumja01\"}","player_name":"{\"Jayson Tatum\"}","fg":"9.588","fga":"22.082","fg_pct":"0.434","three_p":"2.882","three_pa":"7.824","three_p_pct":"0.368","ft":"7.635","fta":"8.682","ft_pct":"0.879","orb":"0.847","drb":"5.576","trb":"6.424","ast":"3.871","stl":"1.494","blk":"1.306","tov":"2.447","pf":"2.612","pts":"29.694"},{"game_id":1115,"team_name":"BOS","player_id":"{\"smartma01\"}","player_name":"{\"Marcus Smart\"}","fg":"4.847","fga":"10.624","fg_pct":"0.456","three_p":"2.576","three_pa":"6.247","three_p_pct":"0.412","ft":"1.176","fta":"1.941","ft_pct":"0.606","orb":"0.494","drb":"2.941","trb":"3.435","ast":"6.106","stl":"1.094","blk":"0.224","tov":"2.847","pf":"2.588","pts":"13.447"},{"game_id":1115,"team_name":"BOS","player_id":"{\"fournev01\"}","player_name":"{\"Evan Fournier\"}","fg":"5.706","fga":"12.412","fg_pct":"0.460","three_p":"3.576","three_pa":"6.518","three_p_pct":"0.549","ft":"1.035","fta":"1.376","ft_pct":"0.752","orb":"0.753","drb":"3.247","trb":"4.000","ast":"3.353","stl":"1.235","blk":"0.388","tov":"1.318","pf":"3.353","pts":"16.024"},{"game_id":1115,"team_name":"BOS","player_id":"{\"langfro01\"}","player_name":"{\"Romeo Langford\"}","fg":"1.859","fga":"4.671","fg_pct":"0.398","three_p":"0.459","three_pa":"1.600","three_p_pct":"0.287","ft":"0.765","fta":"1.235","ft_pct":"0.619","orb":"0.753","drb":"1.871","trb":"2.624","ast":"0.788","stl":"0.365","blk":"0.165","tov":"0.294","pf":"1.341","pts":"4.941"},{"game_id":1115,"team_name":"BOS","player_id":"{\"pritcpa01\"}","player_name":"{\"Payton Pritchard\"}","fg":"1.259","fga":"4.918","fg_pct":"0.256","three_p":"0.894","three_pa":"3.318","three_p_pct":"0.269","ft":"0.365","fta":"0.447","ft_pct":"0.817","orb":"0.188","drb":"2.071","trb":"2.259","ast":"1.776","stl":"0.600","blk":"0.000","tov":"0.341","pf":"0.953","pts":"3.776"},{"game_id":1115,"team_name":"BOS","player_id":"benchBOS","player_name":"Bench of BOS","fg":"2.110","fga":"4.435","fg_pct":"0.476","three_p":"0.407","three_pa":"1.359","three_p_pct":"0.299","ft":"0.715","fta":"1.043","ft_pct":"0.686","orb":"1.313","drb":"2.487","trb":"3.801","ast":"1.010","stl":"0.315","blk":"0.518","tov":"0.749","pf":"1.392","pts":"5.342"},{"game_id":1115,"team_name":"BRK","player_id":"{\"claxtni01\"}","player_name":"{\"Nic Claxton\"}","fg":"2.553","fga":"4.176","fg_pct":"0.611","three_p":"0.000","three_pa":"0.000","three_p_pct":"NaN","ft":"0.729","fta":"1.612","ft_pct":"0.452","orb":"1.694","drb":"3.718","trb":"5.412","ast":"0.494","stl":"0.435","blk":"1.400","tov":"0.706","pf":"2.294","pts":"5.835"},{"game_id":1115,"team_name":"BRK","player_id":"{\"irvinky01\"}","player_name":"{\"Kyrie Irving\"}","fg":"8.647","fga":"16.859","fg_pct":"0.513","three_p":"2.929","three_pa":"6.518","three_p_pct":"0.449","ft":"2.553","fta":"2.694","ft_pct":"0.948","orb":"1.129","drb":"3.471","trb":"4.600","ast":"3.176","stl":"1.247","blk":"1.071","tov":"1.718","pf":"2.788","pts":"22.776"},{"game_id":1115,"team_name":"BRK","player_id":"{\"hardeja01\"}","player_name":"{\"James Harden\"}","fg":"6.388","fga":"13.024","fg_pct":"0.490","three_p":"2.847","three_pa":"6.659","three_p_pct":"0.428","ft":"6.529","fta":"7.541","ft_pct":"0.866","orb":"0.635","drb":"6.318","trb":"6.953","ast":"8.506","stl":"1.365","blk":"0.647","tov":"2.435","pf":"1.894","pts":"22.153"},{"game_id":1115,"team_name":"BRK","player_id":"{\"duranke01\"}","player_name":"{\"Kevin Durant\"}","fg":"8.459","fga":"16.847","fg_pct":"0.502","three_p":"1.729","three_pa":"5.141","three_p_pct":"0.336","ft":"7.165","fta":"8.059","ft_pct":"0.889","orb":"0.435","drb":"8.235","trb":"8.671","ast":"5.424","stl":"1.212","blk":"1.671","tov":"3.176","pf":"1.682","pts":"25.812"},{"game_id":1115,"team_name":"BRK","player_id":"{\"harrijo01\"}","player_name":"{\"Joe Harris\"}","fg":"4.671","fga":"10.400","fg_pct":"0.449","three_p":"2.847","three_pa":"6.541","three_p_pct":"0.435","ft":"0.259","fta":"0.306","ft_pct":"0.846","orb":"0.576","drb":"3.082","trb":"3.659","ast":"1.435","stl":"0.600","blk":"0.341","tov":"1.353","pf":"2.835","pts":"12.447"},{"game_id":1115,"team_name":"BRK","player_id":"{\"brownbr01\"}","player_name":"{\"Bruce Brown\"}","fg":"3.129","fga":"5.600","fg_pct":"0.559","three_p":"0.082","three_pa":"0.471","three_p_pct":"0.174","ft":"1.694","fta":"2.024","ft_pct":"0.837","orb":"1.871","drb":"4.765","trb":"6.635","ast":"2.024","stl":"0.518","blk":"0.776","tov":"0.671","pf":"2.318","pts":"8.035"},{"game_id":1115,"team_name":"BRK","player_id":"benchBRK","player_name":"Bench of BRK","fg":"2.244","fga":"5.480","fg_pct":"0.409","three_p":"0.935","three_pa":"2.812","three_p_pct":"0.333","ft":"0.753","fta":"0.945","ft_pct":"0.797","orb":"0.400","drb":"1.658","trb":"2.058","ast":"2.295","stl":"0.423","blk":"0.143","tov":"0.602","pf":"1.597","pts":"6.177"}]