[{"game_id":1228,"team_name":"PHI","player_id":"{\"oquinky01\"}","player_name":"{\"Kyle O'Quinn\"}","ts_pct":"0.539","efg_pct":"0.490","three_par":"0.205","ftr":"0.325","orb_pct":"11.149","drb_pct":"24.844","trb_pct":"18.232","ast_pct":"16.169","stl_pct":"1.872","blk_pct":"5.254","tov_pct":"23.491","usg_pct":"27.865","ortg":"106.918","drtg":"98.459","bpm":"3.704"},{"game_id":1228,"team_name":"PHI","player_id":"{\"horfoal01\"}","player_name":"{\"Al Horford\"}","ts_pct":"0.557","efg_pct":"0.506","three_par":"0.454","ftr":"0.288","orb_pct":"5.025","drb_pct":"19.092","trb_pct":"12.079","ast_pct":"20.424","stl_pct":"0.921","blk_pct":"2.582","tov_pct":"10.155","usg_pct":"18.886","ortg":"113.459","drtg":"104.459","bpm":"3.281"},{"game_id":1228,"team_name":"PHI","player_id":"{\"harrito02\"}","player_name":"{\"Tobias Harris\"}","ts_pct":"0.548","efg_pct":"0.526","three_par":"0.457","ftr":"0.213","orb_pct":"2.281","drb_pct":"22.206","trb_pct":"12.704","ast_pct":"15.069","stl_pct":"1.607","blk_pct":"0.955","tov_pct":"13.334","usg_pct":"19.808","ortg":"103.212","drtg":"102.706","bpm":"1.748"},{"game_id":1228,"team_name":"PHI","player_id":"{\"simmobe01\"}","player_name":"{\"Ben Simmons\"}","ts_pct":"0.591","efg_pct":"0.590","three_par":"0.000","ftr":"0.376","orb_pct":"4.440","drb_pct":"16.268","trb_pct":"10.466","ast_pct":"30.724","stl_pct":"2.420","blk_pct":"1.779","tov_pct":"22.454","usg_pct":"18.354","ortg":"106.682","drtg":"101.647","bpm":"2.405"},{"game_id":1228,"team_name":"PHI","player_id":"{\"richajo01\"}","player_name":"{\"Josh Richardson\"}","ts_pct":"0.485","efg_pct":"0.424","three_par":"0.478","ftr":"0.229","orb_pct":"2.219","drb_pct":"8.166","trb_pct":"5.106","ast_pct":"18.289","stl_pct":"2.018","blk_pct":"2.333","tov_pct":"8.449","usg_pct":"18.668","ortg":"105.800","drtg":"105.953","bpm":"-0.106"},{"game_id":1228,"team_name":"PHI","player_id":"{\"netora01\"}","player_name":"{\"Raul Neto\"}","ts_pct":"0.342","efg_pct":"0.328","three_par":"0.189","ftr":"0.101","orb_pct":"4.438","drb_pct":"9.027","trb_pct":"6.876","ast_pct":"19.365","stl_pct":"0.000","blk_pct":"0.601","tov_pct":"14.193","usg_pct":"16.555","ortg":"62.259","drtg":"111.271","bpm":"-7.787"},{"game_id":1228,"team_name":"PHI","player_id":"benchPHI","player_name":"Bench of PHI","ts_pct":"0.390","efg_pct":"0.352","three_par":"0.560","ftr":"0.284","orb_pct":"4.578","drb_pct":"16.036","trb_pct":"10.458","ast_pct":"9.556","stl_pct":"1.671","blk_pct":"2.457","tov_pct":"21.830","usg_pct":"18.517","ortg":"79.897","drtg":"102.232","bpm":"-3.779"},{"game_id":1228,"team_name":"MIN","player_id":"{\"wiggian01\"}","player_name":"{\"Andrew Wiggins\"}","ts_pct":"0.560","efg_pct":"0.532","three_par":"0.325","ftr":"0.214","orb_pct":"4.759","drb_pct":"11.280","trb_pct":"7.800","ast_pct":"11.789","stl_pct":"0.749","blk_pct":"1.278","tov_pct":"8.813","usg_pct":"25.698","ortg":"107.894","drtg":"114.212","bpm":"-1.452"},{"game_id":1228,"team_name":"MIN","player_id":"{\"covinro01\"}","player_name":"{\"Robert Covington\"}","ts_pct":"0.558","efg_pct":"0.530","three_par":"0.597","ftr":"0.244","orb_pct":"5.796","drb_pct":"16.595","trb_pct":"11.046","ast_pct":"8.698","stl_pct":"2.569","blk_pct":"1.652","tov_pct":"9.099","usg_pct":"18.415","ortg":"113.153","drtg":"107.529","bpm":"-0.358"},{"game_id":1228,"team_name":"MIN","player_id":"{\"napiesh01\"}","player_name":"{\"Shabazz Napier\"}","ts_pct":"0.494","efg_pct":"0.419","three_par":"0.543","ftr":"0.480","orb_pct":"3.586","drb_pct":"15.216","trb_pct":"9.414","ast_pct":"31.264","stl_pct":"1.359","blk_pct":"1.186","tov_pct":"11.118","usg_pct":"16.826","ortg":"106.447","drtg":"107.906","bpm":"4.279"},{"game_id":1228,"team_name":"MIN","player_id":"{\"teaguje01\"}","player_name":"{\"Jeff Teague\"}","ts_pct":"0.557","efg_pct":"0.481","three_par":"0.291","ftr":"0.594","orb_pct":"0.818","drb_pct":"7.501","trb_pct":"4.273","ast_pct":"32.124","stl_pct":"1.785","blk_pct":"0.982","tov_pct":"15.411","usg_pct":"18.389","ortg":"117.988","drtg":"114.224","bpm":"-0.912"},{"game_id":1228,"team_name":"MIN","player_id":"{\"laymaja01\"}","player_name":"{\"Jake Layman\"}","ts_pct":"0.364","efg_pct":"0.316","three_par":"0.555","ftr":"0.256","orb_pct":"2.100","drb_pct":"6.668","trb_pct":"4.678","ast_pct":"2.728","stl_pct":"0.322","blk_pct":"0.947","tov_pct":"5.012","usg_pct":"21.921","ortg":"75.682","drtg":"113.835","bpm":"-5.686"},{"game_id":1228,"team_name":"MIN","player_id":"{\"townska01\"}","player_name":"{\"Karl-Anthony Towns\"}","ts_pct":"0.614","efg_pct":"0.577","three_par":"0.292","ftr":"0.443","orb_pct":"8.349","drb_pct":"31.636","trb_pct":"19.744","ast_pct":"23.524","stl_pct":"2.241","blk_pct":"3.836","tov_pct":"14.236","usg_pct":"31.716","ortg":"115.447","drtg":"105.800","bpm":"7.266"},{"game_id":1228,"team_name":"MIN","player_id":"benchMIN","player_name":"Bench of MIN","ts_pct":"0.467","efg_pct":"0.445","three_par":"0.338","ftr":"0.293","orb_pct":"5.489","drb_pct":"12.738","trb_pct":"9.026","ast_pct":"9.247","stl_pct":"1.950","blk_pct":"1.232","tov_pct":"9.428","usg_pct":"13.359","ortg":"101.278","drtg":"108.690","bpm":"-2.381"}]