[{"game_id":1242,"team_name":"BOS","player_id":"teamBOS","player_name":"Team name: BOS","ts_pct":"0.527","efg_pct":"0.486","three_par":"0.391","ftr":"0.376","orb_pct":"4.088","drb_pct":"18.262","trb_pct":"11.127","ast_pct":"15.120","stl_pct":"1.383","blk_pct":"2.378","tov_pct":"10.553","usg_pct":"20.423","ortg":"106.691","drtg":"122.334","bpm":"-0.602"},{"game_id":1242,"team_name":"NYK","player_id":"teamNYK","player_name":"Team name: NYK","ts_pct":"0.501","efg_pct":"0.461","three_par":"0.362","ftr":"0.267","orb_pct":"3.901","drb_pct":"14.043","trb_pct":"8.987","ast_pct":"12.541","stl_pct":"1.329","blk_pct":"2.436","tov_pct":"14.436","usg_pct":"19.806","ortg":"98.055","drtg":"111.917","bpm":"-3.181"}]