[{"game_id":1091,"team_name":"PHI","player_id":"teamPHI","player_name":"Team name: PHI","fg":"42.063","fga":"88.280","fg_pct":"0.476","three_p":"12.297","three_pa":"31.354","three_p_pct":"0.392","ft":"17.811","fta":"22.046","ft_pct":"0.808","orb":"9.669","drb":"33.417","trb":"43.086","ast":"26.463","stl":"8.606","blk":"5.469","tov":"11.143","pf":"19.651","pts":"114.234"},{"game_id":1091,"team_name":"WAS","player_id":"teamWAS","player_name":"Team name: WAS","fg":"47.086","fga":"96.343","fg_pct":"0.489","three_p":"9.560","three_pa":"26.697","three_p_pct":"0.358","ft":"21.817","fta":"26.760","ft_pct":"0.815","orb":"10.451","drb":"37.749","trb":"48.200","ast":"27.766","stl":"6.926","blk":"6.423","tov":"12.200","pf":"22.011","pts":"125.549"}]