[{"game_id":1245,"team_name":"DAL","player_id":"teamDAL","player_name":"Team name: DAL","fg":"40.811","fga":"90.834","fg_pct":"0.449","three_p":"12.680","three_pa":"40.097","three_p_pct":"0.316","ft":"19.886","fta":"26.783","ft_pct":"0.742","orb":"10.731","drb":"37.394","trb":"48.126","ast":"26.326","stl":"5.497","blk":"4.749","tov":"11.211","pf":"19.697","pts":"114.189"},{"game_id":1245,"team_name":"LAL","player_id":"teamLAL","player_name":"Team name: LAL","fg":"41.263","fga":"91.257","fg_pct":"0.452","three_p":"10.594","three_pa":"30.994","three_p_pct":"0.342","ft":"16.429","fta":"21.497","ft_pct":"0.764","orb":"11.954","drb":"36.611","trb":"48.566","ast":"25.800","stl":"8.446","blk":"6.903","tov":"15.491","pf":"20.566","pts":"109.549"}]