[{"game_id":1215,"team_name":"ATL","player_id":"{\"turneev01\"}","player_name":"{\"Evan Turner\"}","ts_pct":"0.411","efg_pct":"0.359","three_par":"0.096","ftr":"0.376","orb_pct":"2.865","drb_pct":"21.731","trb_pct":"12.319","ast_pct":"20.166","stl_pct":"0.753","blk_pct":"0.659","tov_pct":"22.518","usg_pct":"13.208","ortg":"116.235","drtg":"111.188","bpm":"-0.766"},{"game_id":1215,"team_name":"ATL","player_id":"{\"jonesda03\"}","player_name":"{\"Damian Jones\"}","ts_pct":"0.488","efg_pct":"0.501","three_par":"0.000","ftr":"0.305","orb_pct":"3.069","drb_pct":"17.826","trb_pct":"11.055","ast_pct":"2.344","stl_pct":"0.231","blk_pct":"1.362","tov_pct":"10.813","usg_pct":"13.691","ortg":"79.165","drtg":"110.529","bpm":"-6.214"},{"game_id":1215,"team_name":"ATL","player_id":"{\"youngtr01\"}","player_name":"{\"Trae Young\"}","ts_pct":"0.597","efg_pct":"0.542","three_par":"0.394","ftr":"0.348","orb_pct":"3.056","drb_pct":"14.241","trb_pct":"8.711","ast_pct":"47.414","stl_pct":"2.199","blk_pct":"0.104","tov_pct":"12.008","usg_pct":"32.725","ortg":"122.000","drtg":"115.376","bpm":"6.778"},{"game_id":1215,"team_name":"ATL","player_id":"{\"huntede01\"}","player_name":"{\"De'Andre Hunter\"}","ts_pct":"0.690","efg_pct":"0.672","three_par":"0.284","ftr":"0.120","orb_pct":"0.000","drb_pct":"9.892","trb_pct":"5.740","ast_pct":"3.120","stl_pct":"0.000","blk_pct":"1.664","tov_pct":"8.832","usg_pct":"14.320","ortg":"124.200","drtg":"107.360","bpm":"-1.168"},{"game_id":1215,"team_name":"ATL","player_id":"{\"collijo01\"}","player_name":"{\"John Collins\"}","ts_pct":"0.555","efg_pct":"0.535","three_par":"0.217","ftr":"0.267","orb_pct":"10.676","drb_pct":"21.054","trb_pct":"16.304","ast_pct":"8.800","stl_pct":"0.935","blk_pct":"4.207","tov_pct":"10.080","usg_pct":"21.656","ortg":"113.847","drtg":"112.365","bpm":"-1.759"},{"game_id":1215,"team_name":"ATL","player_id":"{\"reddica01\"}","player_name":"{\"Cam Reddish\"}","ts_pct":"0.208","efg_pct":"0.173","three_par":"0.573","ftr":"0.160","orb_pct":"5.692","drb_pct":"18.616","trb_pct":"12.592","ast_pct":"2.448","stl_pct":"2.196","blk_pct":"0.000","tov_pct":"5.200","usg_pct":"16.800","ortg":"55.080","drtg":"101.600","bpm":"-10.884"},{"game_id":1215,"team_name":"ATL","player_id":"benchATL","player_name":"Bench of ATL","ts_pct":"0.536","efg_pct":"0.512","three_par":"0.405","ftr":"0.189","orb_pct":"7.415","drb_pct":"15.179","trb_pct":"11.050","ast_pct":"14.954","stl_pct":"1.309","blk_pct":"1.726","tov_pct":"13.902","usg_pct":"20.263","ortg":"107.068","drtg":"111.404","bpm":"-1.182"},{"game_id":1215,"team_name":"PHI","player_id":"{\"scottmi01\"}","player_name":"{\"Mike Scott\"}","ts_pct":"0.629","efg_pct":"0.614","three_par":"0.626","ftr":"0.084","orb_pct":"3.098","drb_pct":"17.575","trb_pct":"10.800","ast_pct":"5.665","stl_pct":"0.089","blk_pct":"0.000","tov_pct":"10.435","usg_pct":"14.161","ortg":"113.176","drtg":"108.012","bpm":"-0.055"},{"game_id":1215,"team_name":"PHI","player_id":"{\"ennisja01\"}","player_name":"{\"James Ennis III\"}","ts_pct":"0.528","efg_pct":"0.463","three_par":"0.477","ftr":"0.608","orb_pct":"7.402","drb_pct":"15.092","trb_pct":"11.565","ast_pct":"7.591","stl_pct":"0.515","blk_pct":"1.129","tov_pct":"11.484","usg_pct":"16.668","ortg":"106.859","drtg":"106.788","bpm":"-0.860"},{"game_id":1215,"team_name":"PHI","player_id":"{\"oquinky01\"}","player_name":"{\"Kyle O'Quinn\"}","ts_pct":"0.585","efg_pct":"0.532","three_par":"0.168","ftr":"0.366","orb_pct":"10.041","drb_pct":"23.284","trb_pct":"16.929","ast_pct":"19.898","stl_pct":"1.022","blk_pct":"5.928","tov_pct":"26.758","usg_pct":"29.240","ortg":"111.094","drtg":"101.682","bpm":"4.806"},{"game_id":1215,"team_name":"PHI","player_id":"{\"harrito02\"}","player_name":"{\"Tobias Harris\"}","ts_pct":"0.583","efg_pct":"0.564","three_par":"0.439","ftr":"0.204","orb_pct":"2.812","drb_pct":"23.787","trb_pct":"13.894","ast_pct":"14.478","stl_pct":"1.825","blk_pct":"1.088","tov_pct":"14.048","usg_pct":"19.608","ortg":"108.035","drtg":"102.082","bpm":"3.208"},{"game_id":1215,"team_name":"PHI","player_id":"{\"simmobe01\"}","player_name":"{\"Ben Simmons\"}","ts_pct":"0.598","efg_pct":"0.598","three_par":"0.000","ftr":"0.398","orb_pct":"4.768","drb_pct":"16.538","trb_pct":"10.836","ast_pct":"31.040","stl_pct":"2.493","blk_pct":"1.619","tov_pct":"21.606","usg_pct":"18.522","ortg":"108.976","drtg":"101.918","bpm":"3.329"},{"game_id":1215,"team_name":"PHI","player_id":"{\"embiijo01\"}","player_name":"{\"Joel Embiid\"}","ts_pct":"0.523","efg_pct":"0.427","three_par":"0.295","ftr":"0.606","orb_pct":"7.315","drb_pct":"27.439","trb_pct":"17.902","ast_pct":"18.618","stl_pct":"0.958","blk_pct":"6.593","tov_pct":"17.056","usg_pct":"29.498","ortg":"98.682","drtg":"98.753","bpm":"3.980"},{"game_id":1215,"team_name":"PHI","player_id":"benchPHI","player_name":"Bench of PHI","ts_pct":"0.389","efg_pct":"0.363","three_par":"0.495","ftr":"0.138","orb_pct":"2.286","drb_pct":"12.109","trb_pct":"7.208","ast_pct":"16.502","stl_pct":"1.771","blk_pct":"1.969","tov_pct":"14.761","usg_pct":"17.167","ortg":"89.401","drtg":"104.756","bpm":"-2.263"}]