[{"game_id":1151,"team_name":"LAC","player_id":"{\"kennalu01\"}","player_name":"{\"Luke Kennard\"}","fg":"3.082","fga":"5.894","fg_pct":"0.523","three_p":"1.871","three_pa":"4.071","three_p_pct":"0.460","ft":"0.094","fta":"0.094","ft_pct":"1.000","orb":"0.259","drb":"0.847","trb":"1.106","ast":"0.400","stl":"0.259","blk":"0.000","tov":"0.188","pf":"1.282","pts":"8.129"},{"game_id":1151,"team_name":"LAC","player_id":"{\"rondora01\"}","player_name":"{\"Rajon Rondo\"}","fg":"1.224","fga":"4.188","fg_pct":"0.292","three_p":"0.671","three_pa":"2.224","three_p_pct":"0.302","ft":"0.588","fta":"0.894","ft_pct":"0.658","orb":"0.388","drb":"2.459","trb":"2.847","ast":"4.282","stl":"0.282","blk":"0.259","tov":"1.271","pf":"1.588","pts":"3.706"},{"game_id":1151,"team_name":"LAC","player_id":"{\"zubaciv01\"}","player_name":"{\"Ivica Zubac\"}","fg":"1.529","fga":"2.553","fg_pct":"0.599","three_p":"0.000","three_pa":"0.000","three_p_pct":"NaN","ft":"1.729","fta":"2.482","ft_pct":"0.697","orb":"1.800","drb":"2.447","trb":"4.247","ast":"0.553","stl":"0.000","blk":"0.776","tov":"1.094","pf":"2.224","pts":"4.788"},{"game_id":1151,"team_name":"LAC","player_id":"{\"georgpa01\"}","player_name":"{\"Paul George\"}","fg":"8.353","fga":"18.706","fg_pct":"0.447","three_p":"3.188","three_pa":"8.094","three_p_pct":"0.394","ft":"7.329","fta":"8.247","ft_pct":"0.889","orb":"1.341","drb":"8.200","trb":"9.541","ast":"5.118","stl":"0.753","blk":"0.765","tov":"3.824","pf":"3.694","pts":"27.224"},{"game_id":1151,"team_name":"LAC","player_id":"{\"batumni01\"}","player_name":"{\"Nicolas Batum\"}","fg":"3.035","fga":"6.459","fg_pct":"0.470","three_p":"1.776","three_pa":"4.541","three_p_pct":"0.391","ft":"1.376","fta":"1.741","ft_pct":"0.790","orb":"0.953","drb":"4.929","trb":"5.882","ast":"2.376","stl":"2.165","blk":"0.471","tov":"0.447","pf":"1.788","pts":"9.224"},{"game_id":1151,"team_name":"LAC","player_id":"{\"jacksre01\"}","player_name":"{\"Reggie Jackson\"}","fg":"6.000","fga":"11.341","fg_pct":"0.529","three_p":"3.212","three_pa":"6.871","three_p_pct":"0.467","ft":"1.800","fta":"1.965","ft_pct":"0.916","orb":"0.129","drb":"2.212","trb":"2.341","ast":"2.765","stl":"0.612","blk":"0.000","tov":"1.118","pf":"3.259","pts":"17.012"},{"game_id":1151,"team_name":"LAC","player_id":"benchLAC","player_name":"Bench of LAC","fg":"1.958","fga":"4.645","fg_pct":"0.422","three_p":"0.670","three_pa":"1.868","three_p_pct":"0.359","ft":"0.928","fta":"1.103","ft_pct":"0.841","orb":"0.536","drb":"1.726","trb":"2.262","ast":"0.837","stl":"0.457","blk":"0.317","tov":"0.273","pf":"1.394","pts":"5.514"},{"game_id":1151,"team_name":"UTA","player_id":"{\"favorde01\"}","player_name":"{\"Derrick Favors\"}","fg":"1.176","fga":"1.906","fg_pct":"0.617","three_p":"0.000","three_pa":"0.000","three_p_pct":"NaN","ft":"0.247","fta":"0.588","ft_pct":"0.420","orb":"1.788","drb":"1.847","trb":"3.635","ast":"0.235","stl":"0.259","blk":"0.824","tov":"0.671","pf":"2.482","pts":"2.600"},{"game_id":1151,"team_name":"UTA","player_id":"{\"niangge01\"}","player_name":"{\"Georges Niang\"}","fg":"0.894","fga":"3.424","fg_pct":"0.261","three_p":"0.694","three_pa":"2.624","three_p_pct":"0.264","ft":"0.212","fta":"0.212","ft_pct":"1.000","orb":"0.141","drb":"1.600","trb":"1.741","ast":"0.812","stl":"0.000","blk":"0.094","tov":"0.882","pf":"1.953","pts":"2.694"},{"game_id":1151,"team_name":"UTA","player_id":"{\"goberru01\"}","player_name":"{\"Rudy Gobert\"}","fg":"5.247","fga":"7.282","fg_pct":"0.721","three_p":"0.000","three_pa":"0.129","three_p_pct":"0.000","ft":"4.176","fta":"6.165","ft_pct":"0.677","orb":"3.506","drb":"8.600","trb":"12.106","ast":"0.600","stl":"0.518","blk":"1.941","tov":"1.282","pf":"3.976","pts":"14.671"},{"game_id":1151,"team_name":"UTA","player_id":"{\"onealro01\"}","player_name":"{\"Royce O'Neale\"}","fg":"3.529","fga":"7.435","fg_pct":"0.475","three_p":"2.318","three_pa":"5.553","three_p_pct":"0.417","ft":"1.082","fta":"1.353","ft_pct":"0.800","orb":"1.106","drb":"5.894","trb":"7.000","ast":"2.259","stl":"1.212","blk":"0.353","tov":"0.859","pf":"4.129","pts":"10.459"},{"game_id":1151,"team_name":"UTA","player_id":"{\"mitchdo01\"}","player_name":"{\"Donovan Mitchell\"}","fg":"10.200","fga":"23.035","fg_pct":"0.443","three_p":"4.659","three_pa":"11.376","three_p_pct":"0.410","ft":"6.224","fta":"7.365","ft_pct":"0.845","orb":"0.271","drb":"3.694","trb":"3.965","ast":"5.035","stl":"1.047","blk":"0.235","tov":"3.047","pf":"1.976","pts":"31.282"},{"game_id":1151,"team_name":"UTA","player_id":"{\"bogdabo02\"}","player_name":"{\"Bojan Bogdanović\"}","fg":"5.906","fga":"12.694","fg_pct":"0.465","three_p":"3.376","three_pa":"7.176","three_p_pct":"0.470","ft":"3.353","fta":"3.894","ft_pct":"0.861","orb":"0.212","drb":"3.941","trb":"4.153","ast":"1.729","stl":"0.918","blk":"0.000","tov":"1.965","pf":"2.741","pts":"18.541"},{"game_id":1151,"team_name":"UTA","player_id":"benchUTA","player_name":"Bench of UTA","fg":"4.296","fga":"9.798","fg_pct":"0.438","three_p":"2.399","three_pa":"5.675","three_p_pct":"0.423","ft":"1.620","fta":"1.813","ft_pct":"0.894","orb":"0.517","drb":"2.732","trb":"3.250","ast":"3.750","stl":"0.669","blk":"0.176","tov":"1.406","pf":"1.600","pts":"12.610"}]