[{"game_id":1053,"team_name":"DET","player_id":"teamDET","player_name":"Team name: DET","fg":"38.851","fga":"83.554","fg_pct":"0.465","three_p":"10.531","three_pa":"30.223","three_p_pct":"0.348","ft":"14.549","fta":"20.663","ft_pct":"0.704","orb":"8.343","drb":"35.594","trb":"43.937","ast":"23.280","stl":"6.211","blk":"5.486","tov":"15.423","pf":"19.960","pts":"102.783"},{"game_id":1053,"team_name":"DEN","player_id":"teamDEN","player_name":"Team name: DEN","fg":"41.594","fga":"88.566","fg_pct":"0.470","three_p":"12.074","three_pa":"34.577","three_p_pct":"0.349","ft":"18.469","fta":"21.874","ft_pct":"0.844","orb":"10.177","drb":"34.063","trb":"44.240","ast":"25.360","stl":"8.697","blk":"4.286","tov":"13.383","pf":"20.909","pts":"113.731"}]