[{"game_id":1082,"team_name":"BOS","player_id":"{\"ojelese01\"}","player_name":"{\"Semi Ojeleye\"}","ts_pct":"0.424","efg_pct":"0.424","three_par":"0.530","ftr":"0.000","orb_pct":"3.728","drb_pct":"18.569","trb_pct":"11.154","ast_pct":"3.132","stl_pct":"1.338","blk_pct":"0.000","tov_pct":"8.511","usg_pct":"11.219","ortg":"73.024","drtg":"108.765","bpm":"-3.967"},{"game_id":1082,"team_name":"BOS","player_id":"{\"pritcpa01\"}","player_name":"{\"Payton Pritchard\"}","ts_pct":"0.489","efg_pct":"0.483","three_par":"0.691","ftr":"0.055","orb_pct":"1.966","drb_pct":"16.545","trb_pct":"8.807","ast_pct":"13.441","stl_pct":"1.573","blk_pct":"0.000","tov_pct":"5.418","usg_pct":"18.973","ortg":"102.071","drtg":"117.165","bpm":"-3.018"},{"game_id":1082,"team_name":"BOS","player_id":"{\"kornelu01\"}","player_name":"{\"Luke Kornet\"}","ts_pct":"0.526","efg_pct":"0.526","three_par":"0.395","ftr":"0.000","orb_pct":"3.792","drb_pct":"12.856","trb_pct":"7.878","ast_pct":"8.438","stl_pct":"0.561","blk_pct":"6.947","tov_pct":"7.647","usg_pct":"12.922","ortg":"99.271","drtg":"110.741","bpm":"-1.624"},{"game_id":1082,"team_name":"BOS","player_id":"{\"tatumja01\"}","player_name":"{\"Jayson Tatum\"}","ts_pct":"0.590","efg_pct":"0.539","three_par":"0.382","ftr":"0.313","orb_pct":"3.664","drb_pct":"20.849","trb_pct":"11.901","ast_pct":"16.960","stl_pct":"1.687","blk_pct":"2.466","tov_pct":"10.545","usg_pct":"32.578","ortg":"114.482","drtg":"115.329","bpm":"4.021"},{"game_id":1082,"team_name":"BOS","player_id":"{\"fournev01\"}","player_name":"{\"Evan Fournier\"}","ts_pct":"0.657","efg_pct":"0.657","three_par":"0.548","ftr":"0.068","orb_pct":"1.324","drb_pct":"12.134","trb_pct":"6.476","ast_pct":"19.095","stl_pct":"1.707","blk_pct":"1.738","tov_pct":"8.566","usg_pct":"19.796","ortg":"125.847","drtg":"117.753","bpm":"3.679"},{"game_id":1082,"team_name":"BOS","player_id":"{\"smartma01\"}","player_name":"{\"Marcus Smart\"}","ts_pct":"0.441","efg_pct":"0.410","three_par":"0.545","ftr":"0.211","orb_pct":"2.769","drb_pct":"10.251","trb_pct":"6.382","ast_pct":"23.228","stl_pct":"2.045","blk_pct":"1.156","tov_pct":"21.401","usg_pct":"18.826","ortg":"95.729","drtg":"119.694","bpm":"-5.933"},{"game_id":1082,"team_name":"BOS","player_id":"benchBOS","player_name":"Bench of BOS","ts_pct":"0.538","efg_pct":"0.530","three_par":"0.338","ftr":"0.246","orb_pct":"4.946","drb_pct":"14.559","trb_pct":"9.541","ast_pct":"14.585","stl_pct":"1.103","blk_pct":"1.915","tov_pct":"13.389","usg_pct":"17.870","ortg":"106.880","drtg":"116.998","bpm":"-1.938"},{"game_id":1082,"team_name":"WAS","player_id":"{\"westbru01\"}","player_name":"{\"Russell Westbrook\"}","ts_pct":"0.545","efg_pct":"0.484","three_par":"0.282","ftr":"0.407","orb_pct":"4.315","drb_pct":"30.212","trb_pct":"17.291","ast_pct":"53.219","stl_pct":"1.915","blk_pct":"0.641","tov_pct":"14.209","usg_pct":"27.445","ortg":"120.212","drtg":"109.212","bpm":"9.239"},{"game_id":1082,"team_name":"WAS","player_id":"{\"bealbr01\"}","player_name":"{\"Bradley Beal\"}","ts_pct":"0.569","efg_pct":"0.524","three_par":"0.223","ftr":"0.308","orb_pct":"4.318","drb_pct":"7.845","trb_pct":"6.231","ast_pct":"13.507","stl_pct":"1.129","blk_pct":"0.678","tov_pct":"7.591","usg_pct":"33.580","ortg":"115.671","drtg":"117.835","bpm":"1.200"},{"game_id":1082,"team_name":"WAS","player_id":"{\"bertada01\"}","player_name":"{\"Dāvis Bertāns\"}","ts_pct":"0.618","efg_pct":"0.581","three_par":"0.885","ftr":"0.272","orb_pct":"0.624","drb_pct":"8.508","trb_pct":"4.549","ast_pct":"2.362","stl_pct":"0.984","blk_pct":"0.224","tov_pct":"5.433","usg_pct":"15.280","ortg":"119.424","drtg":"117.282","bpm":"-2.249"},{"game_id":1082,"team_name":"WAS","player_id":"{\"smithis01\"}","player_name":"{\"Ish Smith\"}","ts_pct":"0.488","efg_pct":"0.476","three_par":"0.153","ftr":"0.067","orb_pct":"2.938","drb_pct":"16.358","trb_pct":"9.529","ast_pct":"17.387","stl_pct":"1.738","blk_pct":"1.022","tov_pct":"7.529","usg_pct":"16.720","ortg":"104.012","drtg":"113.624","bpm":"-1.616"},{"game_id":1082,"team_name":"WAS","player_id":"{\"gaffoda01\"}","player_name":"{\"Daniel Gafford\"}","ts_pct":"0.663","efg_pct":"0.598","three_par":"0.000","ftr":"0.562","orb_pct":"12.562","drb_pct":"16.322","trb_pct":"14.789","ast_pct":"5.751","stl_pct":"1.284","blk_pct":"7.066","tov_pct":"10.652","usg_pct":"17.293","ortg":"133.835","drtg":"109.729","bpm":"2.474"},{"game_id":1082,"team_name":"WAS","player_id":"{\"netora01\"}","player_name":"{\"Raul Neto\"}","ts_pct":"0.600","efg_pct":"0.527","three_par":"0.320","ftr":"0.349","orb_pct":"2.132","drb_pct":"9.981","trb_pct":"6.011","ast_pct":"12.647","stl_pct":"1.971","blk_pct":"0.560","tov_pct":"7.979","usg_pct":"13.849","ortg":"124.729","drtg":"117.965","bpm":"-0.171"},{"game_id":1082,"team_name":"WAS","player_id":"benchWAS","player_name":"Bench of WAS","ts_pct":"0.469","efg_pct":"0.439","three_par":"0.226","ftr":"0.240","orb_pct":"4.296","drb_pct":"11.780","trb_pct":"7.983","ast_pct":"5.295","stl_pct":"0.872","blk_pct":"1.632","tov_pct":"10.344","usg_pct":"17.388","ortg":"94.830","drtg":"114.470","bpm":"-4.494"}]