[{"game_id":118,"team_name":"MEM","player_id":"teamMEM","player_name":"Team name: MEM","ts_pct":"0.528","efg_pct":"0.487","three_par":"0.397","ftr":"0.228","orb_pct":"4.606","drb_pct":"15.392","trb_pct":"9.961","ast_pct":"15.942","stl_pct":"1.548","blk_pct":"1.703","tov_pct":"11.556","usg_pct":"19.463","ortg":"106.535","drtg":"112.622","bpm":"-0.511"},{"game_id":118,"team_name":"CLE","player_id":"teamCLE","player_name":"Team name: CLE","ts_pct":"0.523","efg_pct":"0.459","three_par":"0.336","ftr":"0.238","orb_pct":"5.276","drb_pct":"15.927","trb_pct":"10.510","ast_pct":"13.586","stl_pct":"2.266","blk_pct":"2.227","tov_pct":"14.706","usg_pct":"20.824","ortg":"100.014","drtg":"110.097","bpm":"-11.503"}]