[{"game_id":1126,"team_name":"POR","player_id":"teamPOR","player_name":"Team name: POR","ts_pct":"0.598","efg_pct":"0.574","three_par":"0.399","ftr":"0.280","orb_pct":"6.529","drb_pct":"17.973","trb_pct":"12.491","ast_pct":"11.649","stl_pct":"0.938","blk_pct":"2.232","tov_pct":"11.496","usg_pct":"20.708","ortg":"123.556","drtg":"131.333","bpm":"-1.480"},{"game_id":1126,"team_name":"DEN","player_id":"teamDEN","player_name":"Team name: DEN","ts_pct":"0.589","efg_pct":"0.549","three_par":"0.477","ftr":"0.283","orb_pct":"5.228","drb_pct":"19.287","trb_pct":"12.313","ast_pct":"15.383","stl_pct":"1.731","blk_pct":"2.100","tov_pct":"11.709","usg_pct":"21.461","ortg":"123.034","drtg":"134.310","bpm":"-0.110"}]