[{"game_id":1118,"team_name":"MEM","player_id":"{\"jonesty01\"}","player_name":"{\"Tyus Jones\"}","fg":"1.329","fga":"3.282","fg_pct":"0.405","three_p":"0.447","three_pa":"0.941","three_p_pct":"0.475","ft":"0.824","fta":"0.824","ft_pct":"1.000","orb":"0.129","drb":"1.153","trb":"1.282","ast":"1.541","stl":"0.376","blk":"0.000","tov":"0.247","pf":"0.506","pts":"3.929"},{"game_id":1118,"team_name":"MEM","player_id":"{\"moranja01\"}","player_name":"{\"Ja Morant\"}","fg":"9.565","fga":"20.471","fg_pct":"0.467","three_p":"1.894","three_pa":"5.694","three_p_pct":"0.333","ft":"4.953","fta":"7.024","ft_pct":"0.705","orb":"1.459","drb":"3.282","trb":"4.741","ast":"6.976","stl":"0.976","blk":"0.000","tov":"3.776","pf":"1.741","pts":"25.976"},{"game_id":1118,"team_name":"MEM","player_id":"{\"brookdi01\"}","player_name":"{\"Dillon Brooks\"}","fg":"9.694","fga":"20.682","fg_pct":"0.469","three_p":"1.329","three_pa":"4.859","three_p_pct":"0.274","ft":"2.588","fta":"3.412","ft_pct":"0.758","orb":"1.118","drb":"2.706","trb":"3.824","ast":"2.635","stl":"1.612","blk":"0.671","tov":"1.071","pf":"4.176","pts":"23.306"},{"game_id":1118,"team_name":"MEM","player_id":"{\"valanjo01\"}","player_name":"{\"Jonas Valančiūnas\"}","fg":"7.447","fga":"11.812","fg_pct":"0.630","three_p":"0.118","three_pa":"0.729","three_p_pct":"0.162","ft":"2.565","fta":"3.388","ft_pct":"0.757","orb":"4.788","drb":"8.788","trb":"13.576","ast":"2.671","stl":"0.153","blk":"1.353","tov":"1.365","pf":"3.529","pts":"17.576"},{"game_id":1118,"team_name":"MEM","player_id":"{\"allengr01\"}","player_name":"{\"Grayson Allen\"}","fg":"2.176","fga":"6.082","fg_pct":"0.358","three_p":"1.553","three_pa":"3.541","three_p_pct":"0.439","ft":"0.494","fta":"0.624","ft_pct":"0.792","orb":"0.529","drb":"1.859","trb":"2.388","ast":"0.906","stl":"0.753","blk":"0.165","tov":"0.635","pf":"1.729","pts":"6.400"},{"game_id":1118,"team_name":"MEM","player_id":"{\"jacksja02\"}","player_name":"{\"Jaren Jackson Jr.\"}","fg":"3.341","fga":"9.165","fg_pct":"0.365","three_p":"1.494","three_pa":"4.847","three_p_pct":"0.308","ft":"3.729","fta":"4.318","ft_pct":"0.864","orb":"1.788","drb":"3.176","trb":"4.965","ast":"1.565","stl":"1.365","blk":"1.459","tov":"1.329","pf":"4.000","pts":"11.906"},{"game_id":1118,"team_name":"MEM","player_id":"benchMEM","player_name":"Bench of MEM","fg":"2.819","fga":"6.624","fg_pct":"0.426","three_p":"0.966","three_pa":"2.925","three_p_pct":"0.330","ft":"1.060","fta":"1.324","ft_pct":"0.801","orb":"0.689","drb":"3.514","trb":"4.204","ast":"2.272","stl":"1.072","blk":"0.748","tov":"0.876","pf":"1.500","pts":"7.664"},{"game_id":1118,"team_name":"UTA","player_id":"{\"onealro01\"}","player_name":"{\"Royce O'Neale\"}","fg":"2.988","fga":"6.718","fg_pct":"0.445","three_p":"2.235","three_pa":"4.859","three_p_pct":"0.460","ft":"0.259","fta":"0.376","ft_pct":"0.689","orb":"1.365","drb":"4.424","trb":"5.788","ast":"2.224","stl":"0.576","blk":"0.224","tov":"1.024","pf":"2.835","pts":"8.471"},{"game_id":1118,"team_name":"UTA","player_id":"{\"mitchdo01\"}","player_name":"{\"Donovan Mitchell\"}","fg":"9.859","fga":"22.729","fg_pct":"0.434","three_p":"3.224","three_pa":"9.506","three_p_pct":"0.339","ft":"6.776","fta":"7.976","ft_pct":"0.850","orb":"0.412","drb":"3.129","trb":"3.541","ast":"3.353","stl":"0.835","blk":"0.224","tov":"2.106","pf":"1.965","pts":"29.718"},{"game_id":1118,"team_name":"UTA","player_id":"{\"bogdabo02\"}","player_name":"{\"Bojan Bogdanović\"}","fg":"7.188","fga":"14.729","fg_pct":"0.488","three_p":"2.424","three_pa":"6.035","three_p_pct":"0.402","ft":"4.953","fta":"5.506","ft_pct":"0.900","orb":"0.706","drb":"3.988","trb":"4.694","ast":"1.506","stl":"1.035","blk":"0.000","tov":"3.035","pf":"1.576","pts":"21.753"},{"game_id":1118,"team_name":"UTA","player_id":"{\"goberru01\"}","player_name":"{\"Rudy Gobert\"}","fg":"5.847","fga":"7.882","fg_pct":"0.742","three_p":"0.000","three_pa":"0.118","three_p_pct":"0.000","ft":"2.659","fta":"5.071","ft_pct":"0.524","orb":"3.965","drb":"10.753","trb":"14.718","ast":"1.153","stl":"0.329","blk":"2.435","tov":"1.765","pf":"3.141","pts":"14.353"},{"game_id":1118,"team_name":"UTA","player_id":"{\"conlemi01\"}","player_name":"{\"Mike Conley\"}","fg":"5.882","fga":"13.894","fg_pct":"0.423","three_p":"3.165","three_pa":"6.835","three_p_pct":"0.463","ft":"3.224","fta":"3.565","ft_pct":"0.904","orb":"0.588","drb":"4.071","trb":"4.659","ast":"9.353","stl":"0.929","blk":"0.400","tov":"2.106","pf":"2.482","pts":"18.153"},{"game_id":1118,"team_name":"UTA","player_id":"{\"inglejo01\"}","player_name":"{\"Joe Ingles\"}","fg":"3.176","fga":"7.447","fg_pct":"0.426","three_p":"2.071","three_pa":"5.671","three_p_pct":"0.365","ft":"1.106","fta":"1.200","ft_pct":"0.922","orb":"0.000","drb":"2.835","trb":"2.835","ast":"4.329","stl":"0.424","blk":"0.000","tov":"1.647","pf":"1.235","pts":"9.529"},{"game_id":1118,"team_name":"UTA","player_id":"benchUTA","player_name":"Bench of UTA","fg":"4.545","fga":"9.277","fg_pct":"0.490","three_p":"1.680","three_pa":"4.749","three_p_pct":"0.354","ft":"2.099","fta":"2.381","ft_pct":"0.882","orb":"0.915","drb":"2.943","trb":"3.859","ast":"1.343","stl":"0.489","blk":"0.601","tov":"0.953","pf":"1.888","pts":"12.869"}]