[{"game_id":1123,"team_name":"UTA","player_id":"teamUTA","player_name":"Team name: UTA","ts_pct":"0.606","efg_pct":"0.567","three_par":"0.482","ftr":"0.303","orb_pct":"6.371","drb_pct":"16.187","trb_pct":"11.491","ast_pct":"9.783","stl_pct":"1.447","blk_pct":"1.448","tov_pct":"11.011","usg_pct":"20.690","ortg":"127.601","drtg":"122.449","bpm":"0.449"},{"game_id":1123,"team_name":"MEM","player_id":"teamMEM","player_name":"Team name: MEM","ts_pct":"0.528","efg_pct":"0.493","three_par":"0.364","ftr":"0.226","orb_pct":"4.658","drb_pct":"14.481","trb_pct":"9.540","ast_pct":"12.484","stl_pct":"1.528","blk_pct":"2.486","tov_pct":"9.395","usg_pct":"18.307","ortg":"112.951","drtg":"118.013","bpm":"-0.825"}]