[{"game_id":106,"team_name":"IND","player_id":"{\"brogdma01\"}","player_name":"{\"Malcolm Brogdon\"}","ts_pct":"0.620","efg_pct":"0.588","three_par":"0.416","ftr":"0.203","orb_pct":"0.973","drb_pct":"12.442","trb_pct":"6.676","ast_pct":"31.478","stl_pct":"2.208","blk_pct":"0.245","tov_pct":"8.509","usg_pct":"22.855","ortg":"125.212","drtg":"110.118","bpm":"5.964"},{"game_id":106,"team_name":"IND","player_id":"{\"sabondo01\"}","player_name":"{\"Domantas Sabonis\"}","ts_pct":"0.640","efg_pct":"0.616","three_par":"0.149","ftr":"0.349","orb_pct":"7.353","drb_pct":"26.169","trb_pct":"17.151","ast_pct":"25.984","stl_pct":"1.136","blk_pct":"1.120","tov_pct":"17.876","usg_pct":"23.255","ortg":"120.024","drtg":"107.235","bpm":"3.834"},{"game_id":106,"team_name":"IND","player_id":"{\"oladivi01\"}","player_name":"{\"Victor Oladipo\"}","ts_pct":"0.603","efg_pct":"0.537","three_par":"0.520","ftr":"0.355","orb_pct":"0.395","drb_pct":"15.826","trb_pct":"8.382","ast_pct":"19.402","stl_pct":"2.367","blk_pct":"0.607","tov_pct":"12.132","usg_pct":"26.560","ortg":"110.165","drtg":"108.647","bpm":"2.441"},{"game_id":106,"team_name":"IND","player_id":"{\"holidju01\"}","player_name":"{\"Justin Holiday\"}","ts_pct":"0.628","efg_pct":"0.620","three_par":"0.654","ftr":"0.146","orb_pct":"2.201","drb_pct":"10.304","trb_pct":"6.326","ast_pct":"6.553","stl_pct":"2.524","blk_pct":"1.714","tov_pct":"10.505","usg_pct":"12.308","ortg":"117.929","drtg":"108.871","bpm":"0.081"},{"game_id":106,"team_name":"IND","player_id":"{\"turnemy01\"}","player_name":"{\"Myles Turner\"}","ts_pct":"0.628","efg_pct":"0.600","three_par":"0.446","ftr":"0.277","orb_pct":"3.946","drb_pct":"18.473","trb_pct":"11.365","ast_pct":"2.036","stl_pct":"2.295","blk_pct":"9.940","tov_pct":"10.741","usg_pct":"19.796","ortg":"110.106","drtg":"100.988","bpm":"2.041"},{"game_id":106,"team_name":"IND","player_id":"{\"holidaa01\"}","player_name":"{\"Aaron Holiday\"}","ts_pct":"0.462","efg_pct":"0.475","three_par":"0.587","ftr":"0.078","orb_pct":"1.734","drb_pct":"7.100","trb_pct":"4.484","ast_pct":"11.329","stl_pct":"2.295","blk_pct":"0.893","tov_pct":"8.875","usg_pct":"14.686","ortg":"90.965","drtg":"110.388","bpm":"-4.993"},{"game_id":106,"team_name":"IND","player_id":"benchIND","player_name":"Bench of IND","ts_pct":"0.515","efg_pct":"0.512","three_par":"0.341","ftr":"0.096","orb_pct":"3.561","drb_pct":"13.260","trb_pct":"8.535","ast_pct":"20.783","stl_pct":"1.654","blk_pct":"0.000","tov_pct":"17.576","usg_pct":"16.647","ortg":"106.014","drtg":"111.802","bpm":"-4.037"},{"game_id":106,"team_name":"HOU","player_id":"{\"hardeja01\"}","player_name":"{\"James Harden\"}","ts_pct":"0.650","efg_pct":"0.552","three_par":"0.528","ftr":"0.674","orb_pct":"3.006","drb_pct":"11.771","trb_pct":"7.221","ast_pct":"44.461","stl_pct":"1.744","blk_pct":"1.819","tov_pct":"16.208","usg_pct":"32.548","ortg":"121.729","drtg":"117.965","bpm":"8.168"},{"game_id":106,"team_name":"HOU","player_id":"{\"nwabada01\"}","player_name":"{\"David Nwaba\"}","ts_pct":"0.512","efg_pct":"0.449","three_par":"0.435","ftr":"0.495","orb_pct":"1.316","drb_pct":"12.042","trb_pct":"7.039","ast_pct":"4.068","stl_pct":"2.925","blk_pct":"2.053","tov_pct":"2.998","usg_pct":"17.821","ortg":"103.965","drtg":"105.988","bpm":"-0.935"},{"game_id":106,"team_name":"HOU","player_id":"{\"walljo01\"}","player_name":"{\"John Wall\"}","ts_pct":"0.532","efg_pct":"0.463","three_par":"0.382","ftr":"0.312","orb_pct":"1.893","drb_pct":"12.251","trb_pct":"6.961","ast_pct":"37.074","stl_pct":"1.562","blk_pct":"1.601","tov_pct":"20.855","usg_pct":"29.172","ortg":"100.424","drtg":"115.259","bpm":"-1.575"},{"game_id":106,"team_name":"HOU","player_id":"{\"gordoer01\"}","player_name":"{\"Eric Gordon\"}","ts_pct":"0.584","efg_pct":"0.529","three_par":"0.672","ftr":"0.282","orb_pct":"1.461","drb_pct":"8.978","trb_pct":"4.886","ast_pct":"13.611","stl_pct":"1.548","blk_pct":"1.520","tov_pct":"11.254","usg_pct":"23.119","ortg":"108.318","drtg":"115.741","bpm":"1.101"},{"game_id":106,"team_name":"HOU","player_id":"{\"tuckepj01\"}","player_name":"{\"P.J. Tucker\"}","ts_pct":"0.430","efg_pct":"0.433","three_par":"0.640","ftr":"0.021","orb_pct":"4.224","drb_pct":"14.704","trb_pct":"9.288","ast_pct":"5.365","stl_pct":"1.299","blk_pct":"1.194","tov_pct":"22.009","usg_pct":"7.825","ortg":"106.165","drtg":"116.612","bpm":"-3.649"},{"game_id":106,"team_name":"HOU","player_id":"{\"tateja01\"}","player_name":"{\"Jae'Sean Tate\"}","ts_pct":"0.548","efg_pct":"0.520","three_par":"0.276","ftr":"0.500","orb_pct":"6.378","drb_pct":"15.965","trb_pct":"11.096","ast_pct":"5.860","stl_pct":"1.700","blk_pct":"0.618","tov_pct":"17.527","usg_pct":"12.895","ortg":"105.618","drtg":"114.291","bpm":"-4.869"},{"game_id":106,"team_name":"HOU","player_id":"benchHOU","player_name":"Bench of HOU","ts_pct":"0.593","efg_pct":"0.551","three_par":"0.474","ftr":"0.300","orb_pct":"4.594","drb_pct":"24.318","trb_pct":"14.830","ast_pct":"10.491","stl_pct":"1.518","blk_pct":"8.570","tov_pct":"11.686","usg_pct":"25.523","ortg":"110.295","drtg":"106.393","bpm":"0.775"}]