[{"game_id":1263,"team_name":"LAC","player_id":"teamLAC","player_name":"Team name: LAC","ts_pct":"0.604","efg_pct":"0.559","three_par":"0.425","ftr":"0.343","orb_pct":"5.731","drb_pct":"18.536","trb_pct":"12.695","ast_pct":"14.407","stl_pct":"1.401","blk_pct":"1.961","tov_pct":"13.354","usg_pct":"21.761","ortg":"116.757","drtg":"129.671","bpm":"-3.156"},{"game_id":1263,"team_name":"UTA","player_id":"teamUTA","player_name":"Team name: UTA","ts_pct":"0.523","efg_pct":"0.499","three_par":"0.379","ftr":"0.332","orb_pct":"3.693","drb_pct":"18.504","trb_pct":"11.601","ast_pct":"14.639","stl_pct":"1.582","blk_pct":"2.250","tov_pct":"18.909","usg_pct":"20.310","ortg":"100.325","drtg":"109.730","bpm":"-1.354"}]