[{"game_id":1113,"team_name":"ATL","player_id":"teamATL","player_name":"Team name: ATL","fg":"43.440","fga":"88.137","fg_pct":"0.493","three_p":"12.720","three_pa":"32.789","three_p_pct":"0.388","ft":"16.086","fta":"19.726","ft_pct":"0.815","orb":"8.269","drb":"38.069","trb":"46.337","ast":"24.663","stl":"6.074","blk":"6.400","tov":"10.943","pf":"18.349","pts":"115.686"},{"game_id":1113,"team_name":"NYK","player_id":"teamNYK","player_name":"Team name: NYK","fg":"36.686","fga":"86.966","fg_pct":"0.422","three_p":"12.006","three_pa":"31.851","three_p_pct":"0.377","ft":"16.771","fta":"20.320","ft_pct":"0.825","orb":"8.874","drb":"37.126","trb":"46.000","ast":"20.051","stl":"5.743","blk":"4.863","tov":"10.657","pf":"19.777","pts":"102.149"}]