[{"game_id":1125,"team_name":"NYK","player_id":"{\"bullore01\"}","player_name":"{\"Reggie Bullock\"}","ts_pct":"0.509","efg_pct":"0.493","three_par":"0.740","ftr":"0.113","orb_pct":"2.431","drb_pct":"10.295","trb_pct":"6.441","ast_pct":"6.127","stl_pct":"1.014","blk_pct":"0.452","tov_pct":"7.914","usg_pct":"13.460","ortg":"104.494","drtg":"112.576","bpm":"-1.478"},{"game_id":1125,"team_name":"NYK","player_id":"{\"barrerj01\"}","player_name":"{\"RJ Barrett\"}","ts_pct":"0.492","efg_pct":"0.458","three_par":"0.398","ftr":"0.215","orb_pct":"1.816","drb_pct":"19.494","trb_pct":"10.447","ast_pct":"15.734","stl_pct":"1.276","blk_pct":"0.909","tov_pct":"5.518","usg_pct":"22.392","ortg":"103.894","drtg":"109.565","bpm":"0.874"},{"game_id":1125,"team_name":"NYK","player_id":"{\"randlju01\"}","player_name":"{\"Julius Randle\"}","ts_pct":"0.455","efg_pct":"0.378","three_par":"0.323","ftr":"0.362","orb_pct":"3.807","drb_pct":"26.366","trb_pct":"14.809","ast_pct":"26.548","stl_pct":"0.976","blk_pct":"0.296","tov_pct":"14.409","usg_pct":"31.691","ortg":"92.271","drtg":"109.376","bpm":"-1.154"},{"game_id":1125,"team_name":"NYK","player_id":"{\"gibsota01\"}","player_name":"{\"Taj Gibson\"}","ts_pct":"0.691","efg_pct":"0.667","three_par":"0.000","ftr":"0.247","orb_pct":"10.644","drb_pct":"15.961","trb_pct":"13.195","ast_pct":"7.620","stl_pct":"1.871","blk_pct":"4.779","tov_pct":"3.656","usg_pct":"9.088","ortg":"149.800","drtg":"105.800","bpm":"3.359"},{"game_id":1125,"team_name":"NYK","player_id":"{\"rosede01\"}","player_name":"{\"Derrick Rose\"}","ts_pct":"0.592","efg_pct":"0.560","three_par":"0.197","ftr":"0.132","orb_pct":"2.789","drb_pct":"10.976","trb_pct":"6.706","ast_pct":"30.669","stl_pct":"0.806","blk_pct":"0.452","tov_pct":"10.502","usg_pct":"25.755","ortg":"115.341","drtg":"113.800","bpm":"4.162"},{"game_id":1125,"team_name":"NYK","player_id":"{\"burksal01\"}","player_name":"{\"Alec Burks\"}","ts_pct":"0.546","efg_pct":"0.514","three_par":"0.496","ftr":"0.247","orb_pct":"2.638","drb_pct":"19.092","trb_pct":"10.802","ast_pct":"14.586","stl_pct":"0.636","blk_pct":"0.539","tov_pct":"7.139","usg_pct":"24.500","ortg":"107.600","drtg":"110.882","bpm":"2.591"},{"game_id":1125,"team_name":"NYK","player_id":"benchNYK","player_name":"Bench of NYK","ts_pct":"0.585","efg_pct":"0.518","three_par":"0.294","ftr":"0.490","orb_pct":"4.141","drb_pct":"13.185","trb_pct":"8.591","ast_pct":"6.322","stl_pct":"1.219","blk_pct":"2.521","tov_pct":"8.908","usg_pct":"15.158","ortg":"119.603","drtg":"110.064","bpm":"-1.235"},{"game_id":1125,"team_name":"ATL","player_id":"{\"willilo02\"}","player_name":"{\"Lou Williams\"}","ts_pct":"0.470","efg_pct":"0.425","three_par":"0.177","ftr":"0.159","orb_pct":"0.000","drb_pct":"5.686","trb_pct":"3.179","ast_pct":"28.734","stl_pct":"1.772","blk_pct":"0.000","tov_pct":"15.641","usg_pct":"26.515","ortg":"91.106","drtg":"110.188","bpm":"-1.609"},{"game_id":1125,"team_name":"ATL","player_id":"{\"hillso01\"}","player_name":"{\"Solomon Hill\"}","ts_pct":"0.382","efg_pct":"0.292","three_par":"0.674","ftr":"0.106","orb_pct":"3.467","drb_pct":"13.914","trb_pct":"9.474","ast_pct":"8.638","stl_pct":"1.073","blk_pct":"0.000","tov_pct":"3.968","usg_pct":"8.204","ortg":"97.647","drtg":"109.776","bpm":"-2.113"},{"game_id":1125,"team_name":"ATL","player_id":"{\"okongon01\"}","player_name":"{\"Onyeka Okongwu\"}","ts_pct":"0.411","efg_pct":"0.277","three_par":"0.000","ftr":"0.307","orb_pct":"13.511","drb_pct":"17.491","trb_pct":"15.598","ast_pct":"4.349","stl_pct":"0.712","blk_pct":"4.701","tov_pct":"26.013","usg_pct":"14.182","ortg":"87.471","drtg":"104.541","bpm":"-5.127"},{"game_id":1125,"team_name":"ATL","player_id":"{\"youngtr01\"}","player_name":"{\"Trae Young\"}","ts_pct":"0.583","efg_pct":"0.516","three_par":"0.355","ftr":"0.317","orb_pct":"0.935","drb_pct":"8.508","trb_pct":"5.009","ast_pct":"52.520","stl_pct":"0.953","blk_pct":"0.118","tov_pct":"11.618","usg_pct":"33.672","ortg":"122.012","drtg":"111.494","bpm":"6.595"},{"game_id":1125,"team_name":"ATL","player_id":"{\"capelca01\"}","player_name":"{\"Clint Capela\"}","ts_pct":"0.618","efg_pct":"0.626","three_par":"0.000","ftr":"0.361","orb_pct":"12.274","drb_pct":"32.165","trb_pct":"22.696","ast_pct":"3.612","stl_pct":"0.755","blk_pct":"4.524","tov_pct":"12.064","usg_pct":"15.175","ortg":"121.800","drtg":"103.188","bpm":"1.805"},{"game_id":1125,"team_name":"ATL","player_id":"{\"collijo01\"}","player_name":"{\"John Collins\"}","ts_pct":"0.638","efg_pct":"0.600","three_par":"0.452","ftr":"0.316","orb_pct":"2.334","drb_pct":"19.724","trb_pct":"11.640","ast_pct":"2.994","stl_pct":"0.906","blk_pct":"2.696","tov_pct":"10.131","usg_pct":"18.739","ortg":"120.118","drtg":"105.718","bpm":"2.318"},{"game_id":1125,"team_name":"ATL","player_id":"benchATL","player_name":"Bench of ATL","ts_pct":"0.559","efg_pct":"0.539","three_par":"0.528","ftr":"0.170","orb_pct":"2.007","drb_pct":"13.222","trb_pct":"8.015","ast_pct":"11.537","stl_pct":"1.397","blk_pct":"2.076","tov_pct":"7.219","usg_pct":"19.049","ortg":"112.219","drtg":"108.419","bpm":"1.743"}]