[{"game_id":1080,"team_name":"SAC","player_id":"{\"jonesda03\"}","player_name":"{\"Damian Jones\"}","ts_pct":"0.649","efg_pct":"0.638","three_par":"0.051","ftr":"0.556","orb_pct":"7.035","drb_pct":"21.014","trb_pct":"14.166","ast_pct":"12.236","stl_pct":"1.153","blk_pct":"6.382","tov_pct":"9.554","usg_pct":"12.887","ortg":"132.624","drtg":"105.553","bpm":"0.752"},{"game_id":1080,"team_name":"SAC","player_id":"{\"metuch01\"}","player_name":"{\"Chimezie Metu\"}","ts_pct":"0.580","efg_pct":"0.555","three_par":"0.323","ftr":"0.330","orb_pct":"3.206","drb_pct":"17.438","trb_pct":"10.240","ast_pct":"6.706","stl_pct":"1.538","blk_pct":"2.069","tov_pct":"12.012","usg_pct":"20.911","ortg":"106.976","drtg":"113.553","bpm":"-4.101"},{"game_id":1080,"team_name":"SAC","player_id":"{\"daviste02\"}","player_name":"{\"Terence Davis\"}","ts_pct":"0.567","efg_pct":"0.538","three_par":"0.590","ftr":"0.188","orb_pct":"2.944","drb_pct":"17.985","trb_pct":"10.321","ast_pct":"14.758","stl_pct":"2.805","blk_pct":"1.214","tov_pct":"9.607","usg_pct":"24.545","ortg":"108.035","drtg":"105.353","bpm":"0.368"},{"game_id":1080,"team_name":"SAC","player_id":"{\"hieldbu01\"}","player_name":"{\"Buddy Hield\"}","ts_pct":"0.559","efg_pct":"0.547","three_par":"0.731","ftr":"0.057","orb_pct":"1.805","drb_pct":"14.194","trb_pct":"7.895","ast_pct":"25.274","stl_pct":"1.501","blk_pct":"1.615","tov_pct":"15.200","usg_pct":"21.391","ortg":"107.565","drtg":"109.059","bpm":"0.491"},{"game_id":1080,"team_name":"SAC","player_id":"{\"wrighde01\"}","player_name":"{\"Delon Wright\"}","ts_pct":"0.562","efg_pct":"0.557","three_par":"0.391","ftr":"0.050","orb_pct":"4.627","drb_pct":"12.776","trb_pct":"8.926","ast_pct":"25.711","stl_pct":"3.147","blk_pct":"1.276","tov_pct":"15.728","usg_pct":"18.749","ortg":"109.659","drtg":"106.153","bpm":"1.327"},{"game_id":1080,"team_name":"SAC","player_id":"{\"kinglo02\"}","player_name":"{\"Louis King\"}","ts_pct":"0.385","efg_pct":"0.369","three_par":"0.463","ftr":"0.165","orb_pct":"3.073","drb_pct":"22.316","trb_pct":"12.448","ast_pct":"10.404","stl_pct":"1.346","blk_pct":"0.841","tov_pct":"5.795","usg_pct":"17.081","ortg":"82.800","drtg":"109.847","bpm":"-8.239"},{"game_id":1080,"team_name":"SAC","player_id":"benchSAC","player_name":"Bench of SAC","ts_pct":"0.302","efg_pct":"0.256","three_par":"0.389","ftr":"0.293","orb_pct":"1.513","drb_pct":"14.691","trb_pct":"8.297","ast_pct":"9.203","stl_pct":"1.344","blk_pct":"3.638","tov_pct":"12.209","usg_pct":"19.225","ortg":"69.116","drtg":"112.944","bpm":"-8.415"},{"game_id":1080,"team_name":"UTA","player_id":"{\"forretr01\"}","player_name":"{\"Trent Forrest\"}","ts_pct":"0.626","efg_pct":"0.546","three_par":"0.449","ftr":"0.397","orb_pct":"7.407","drb_pct":"12.456","trb_pct":"10.415","ast_pct":"17.018","stl_pct":"1.200","blk_pct":"1.413","tov_pct":"14.535","usg_pct":"17.132","ortg":"128.647","drtg":"112.753","bpm":"0.422"},{"game_id":1080,"team_name":"UTA","player_id":"{\"clarkjo01\"}","player_name":"{\"Jordan Clarkson\"}","ts_pct":"0.566","efg_pct":"0.544","three_par":"0.477","ftr":"0.180","orb_pct":"1.378","drb_pct":"14.495","trb_pct":"8.287","ast_pct":"19.746","stl_pct":"1.334","blk_pct":"0.424","tov_pct":"6.619","usg_pct":"32.661","ortg":"118.682","drtg":"112.647","bpm":"3.426"},{"game_id":1080,"team_name":"UTA","player_id":"{\"inglejo01\"}","player_name":"{\"Joe Ingles\"}","ts_pct":"0.525","efg_pct":"0.503","three_par":"0.711","ftr":"0.140","orb_pct":"0.738","drb_pct":"10.364","trb_pct":"5.986","ast_pct":"28.471","stl_pct":"1.047","blk_pct":"0.000","tov_pct":"19.011","usg_pct":"18.584","ortg":"110.447","drtg":"114.553","bpm":"-0.927"},{"game_id":1080,"team_name":"UTA","player_id":"{\"bogdabo02\"}","player_name":"{\"Bojan Bogdanović\"}","ts_pct":"0.643","efg_pct":"0.596","three_par":"0.379","ftr":"0.307","orb_pct":"2.146","drb_pct":"11.625","trb_pct":"7.005","ast_pct":"9.655","stl_pct":"1.469","blk_pct":"0.118","tov_pct":"13.191","usg_pct":"30.060","ortg":"116.400","drtg":"113.224","bpm":"1.956"},{"game_id":1080,"team_name":"UTA","player_id":"{\"onealro01\"}","player_name":"{\"Royce O'Neale\"}","ts_pct":"0.670","efg_pct":"0.666","three_par":"0.665","ftr":"0.034","orb_pct":"5.304","drb_pct":"15.227","trb_pct":"10.732","ast_pct":"10.933","stl_pct":"1.780","blk_pct":"0.571","tov_pct":"21.519","usg_pct":"10.741","ortg":"116.835","drtg":"111.129","bpm":"0.776"},{"game_id":1080,"team_name":"UTA","player_id":"{\"goberru01\"}","player_name":"{\"Rudy Gobert\"}","ts_pct":"0.686","efg_pct":"0.651","three_par":"0.000","ftr":"0.557","orb_pct":"13.625","drb_pct":"37.881","trb_pct":"26.109","ast_pct":"5.631","stl_pct":"1.321","blk_pct":"5.059","tov_pct":"16.956","usg_pct":"18.100","ortg":"127.941","drtg":"103.071","bpm":"3.753"},{"game_id":1080,"team_name":"UTA","player_id":"benchUTA","player_name":"Bench of UTA","ts_pct":"0.424","efg_pct":"0.388","three_par":"0.384","ftr":"0.179","orb_pct":"4.866","drb_pct":"13.205","trb_pct":"9.259","ast_pct":"5.557","stl_pct":"1.196","blk_pct":"2.288","tov_pct":"8.755","usg_pct":"16.597","ortg":"99.175","drtg":"107.439","bpm":"0.518"}]