[{"game_id":1242,"team_name":"BOS","player_id":"teamBOS","player_name":"Team name: BOS","fg":"37.411","fga":"90.794","fg_pct":"0.412","three_p":"11.954","three_pa":"35.851","three_p_pct":"0.333","ft":"20.514","fta":"26.457","ft_pct":"0.775","orb":"9.691","drb":"37.589","trb":"47.280","ast":"21.920","stl":"6.960","blk":"4.789","tov":"11.851","pf":"22.691","pts":"107.291"},{"game_id":1242,"team_name":"NYK","player_id":"teamNYK","player_name":"Team name: NYK","fg":"36.343","fga":"84.777","fg_pct":"0.429","three_p":"10.171","three_pa":"29.914","three_p_pct":"0.340","ft":"16.503","fta":"24.097","ft_pct":"0.685","orb":"10.566","drb":"36.663","trb":"47.229","ast":"19.863","stl":"6.543","blk":"5.994","tov":"15.583","pf":"20.806","pts":"99.360"}]