[{"game_id":1087,"team_name":"MIL","player_id":"teamMIL","player_name":"Team name: MIL","fg":"46.046","fga":"93.303","fg_pct":"0.494","three_p":"13.091","three_pa":"35.920","three_p_pct":"0.364","ft":"19.051","fta":"25.297","ft_pct":"0.753","orb":"10.366","drb":"38.080","trb":"48.446","ast":"24.469","stl":"7.223","blk":"4.943","tov":"11.731","pf":"16.766","pts":"124.234"},{"game_id":1087,"team_name":"MIA","player_id":"teamMIA","player_name":"Team name: MIA","fg":"44.091","fga":"85.514","fg_pct":"0.516","three_p":"15.103","three_pa":"35.863","three_p_pct":"0.421","ft":"15.246","fta":"19.223","ft_pct":"0.793","orb":"8.503","drb":"31.886","trb":"40.389","ast":"28.063","stl":"8.309","blk":"3.360","tov":"12.331","pf":"19.166","pts":"118.531"}]