[{"game_id":1075,"team_name":"CHI","player_id":"{\"whiteco01\"}","player_name":"{\"Coby White\"}","fg":"5.882","fga":"14.318","fg_pct":"0.411","three_p":"3.518","three_pa":"8.647","three_p_pct":"0.407","ft":"0.624","fta":"0.788","ft_pct":"0.792","orb":"0.600","drb":"3.753","trb":"4.353","ast":"5.753","stl":"0.506","blk":"0.212","tov":"2.176","pf":"3.000","pts":"15.906"},{"game_id":1075,"team_name":"CHI","player_id":"{\"willipa01\"}","player_name":"{\"Patrick Williams\"}","fg":"3.906","fga":"7.424","fg_pct":"0.526","three_p":"1.024","three_pa":"1.976","three_p_pct":"0.518","ft":"1.376","fta":"2.329","ft_pct":"0.591","orb":"1.129","drb":"3.035","trb":"4.165","ast":"1.306","stl":"1.047","blk":"0.553","tov":"1.094","pf":"1.212","pts":"10.212"},{"game_id":1075,"team_name":"CHI","player_id":"{\"templga01\"}","player_name":"{\"Garrett Temple\"}","fg":"2.176","fga":"6.271","fg_pct":"0.347","three_p":"0.835","three_pa":"3.094","three_p_pct":"0.270","ft":"0.741","fta":"1.035","ft_pct":"0.716","orb":"0.647","drb":"2.576","trb":"3.224","ast":"2.165","stl":"0.753","blk":"1.094","tov":"0.729","pf":"2.400","pts":"5.929"},{"game_id":1075,"team_name":"CHI","player_id":"{\"youngth01\"}","player_name":"{\"Thaddeus Young\"}","fg":"4.859","fga":"10.765","fg_pct":"0.451","three_p":"0.235","three_pa":"0.894","three_p_pct":"0.263","ft":"1.212","fta":"2.024","ft_pct":"0.599","orb":"3.165","drb":"3.918","trb":"7.082","ast":"4.600","stl":"0.894","blk":"0.529","tov":"1.953","pf":"1.318","pts":"11.165"},{"game_id":1075,"team_name":"CHI","player_id":"{\"markkla01\"}","player_name":"{\"Lauri Markkanen\"}","fg":"3.776","fga":"7.624","fg_pct":"0.495","three_p":"2.506","three_pa":"5.424","three_p_pct":"0.462","ft":"0.647","fta":"0.882","ft_pct":"0.734","orb":"0.600","drb":"4.200","trb":"4.800","ast":"0.765","stl":"0.859","blk":"0.329","tov":"0.835","pf":"1.482","pts":"10.706"},{"game_id":1075,"team_name":"CHI","player_id":"{\"greenja02\"}","player_name":"{\"Javonte Green\"}","fg":"1.153","fga":"2.235","fg_pct":"0.516","three_p":"0.388","three_pa":"0.776","three_p_pct":"0.500","ft":"0.976","fta":"0.976","ft_pct":"1.000","orb":"0.541","drb":"0.694","trb":"1.235","ast":"0.341","stl":"0.435","blk":"0.153","tov":"0.306","pf":"0.871","pts":"3.671"},{"game_id":1075,"team_name":"CHI","player_id":"benchCHI","player_name":"Bench of CHI","fg":"0.775","fga":"2.069","fg_pct":"0.375","three_p":"0.334","three_pa":"1.005","three_p_pct":"0.332","ft":"0.203","fta":"0.358","ft_pct":"0.567","orb":"0.176","drb":"0.766","trb":"0.942","ast":"0.877","stl":"0.230","blk":"0.031","tov":"0.248","pf":"0.504","pts":"2.086"},{"game_id":1075,"team_name":"MIL","player_id":"{\"diakima01\"}","player_name":"{\"Mamadi Diakite\"}","fg":"0.788","fga":"1.906","fg_pct":"0.413","three_p":"0.071","three_pa":"0.482","three_p_pct":"0.147","ft":"0.565","fta":"0.565","ft_pct":"1.000","orb":"0.318","drb":"1.412","trb":"1.729","ast":"0.459","stl":"0.447","blk":"0.212","tov":"0.282","pf":"0.788","pts":"2.212"},{"game_id":1075,"team_name":"MIL","player_id":"{\"nworajo01\"}","player_name":"{\"Jordan Nwora\"}","fg":"1.353","fga":"3.118","fg_pct":"0.434","three_p":"0.706","three_pa":"1.647","three_p_pct":"0.429","ft":"0.306","fta":"0.306","ft_pct":"1.000","orb":"0.212","drb":"0.918","trb":"1.129","ast":"0.153","stl":"0.412","blk":"0.118","tov":"0.565","pf":"0.541","pts":"3.718"},{"game_id":1075,"team_name":"MIL","player_id":"{\"teaguje01\"}","player_name":"{\"Jeff Teague\"}","fg":"1.906","fga":"3.882","fg_pct":"0.491","three_p":"0.412","three_pa":"0.929","three_p_pct":"0.443","ft":"0.812","fta":"0.965","ft_pct":"0.841","orb":"0.247","drb":"0.682","trb":"0.929","ast":"1.788","stl":"0.412","blk":"0.129","tov":"1.518","pf":"0.365","pts":"5.035"},{"game_id":1075,"team_name":"MIL","player_id":"{\"jacksju01\"}","player_name":"{\"Justin Jackson\"}","fg":"2.847","fga":"7.659","fg_pct":"0.372","three_p":"1.235","three_pa":"3.976","three_p_pct":"0.311","ft":"1.482","fta":"1.565","ft_pct":"0.947","orb":"0.400","drb":"1.271","trb":"1.671","ast":"1.541","stl":"0.635","blk":"0.071","tov":"0.882","pf":"0.753","pts":"8.412"},{"game_id":1075,"team_name":"MIL","player_id":"{\"bryanel01\"}","player_name":"{\"Elijah Bryant\"}","fg":"2.000","fga":"4.000","fg_pct":"0.500","three_p":"0.400","three_pa":"1.200","three_p_pct":"0.333","ft":"0.900","fta":"1.200","ft_pct":"0.750","orb":"0.600","drb":"1.700","trb":"2.300","ast":"1.200","stl":"0.400","blk":"0.250","tov":"0.700","pf":"1.000","pts":"6.000"},{"game_id":1075,"team_name":"MIL","player_id":"{\"merrisa01\"}","player_name":"{\"Sam Merrill\"}","fg":"1.047","fga":"1.741","fg_pct":"0.601","three_p":"0.776","three_pa":"1.212","three_p_pct":"0.640","ft":"0.165","fta":"0.165","ft_pct":"1.000","orb":"0.000","drb":"0.518","trb":"0.518","ast":"0.353","stl":"0.000","blk":"0.000","tov":"0.176","pf":"0.600","pts":"3.035"},{"game_id":1075,"team_name":"MIL","player_id":"benchMIL","player_name":"Bench of MIL","fg":"0.885","fga":"2.962","fg_pct":"0.299","three_p":"0.587","three_pa":"2.113","three_p_pct":"0.278","ft":"0.487","fta":"0.650","ft_pct":"0.749","orb":"0.538","drb":"2.843","trb":"3.381","ast":"0.851","stl":"0.491","blk":"0.165","tov":"0.389","pf":"0.887","pts":"2.845"}]