[{"game_id":1228,"team_name":"PHI","player_id":"{\"oquinky01\"}","player_name":"{\"Kyle O'Quinn\"}","fg":"1.329","fga":"2.765","fg_pct":"0.481","three_p":"0.129","three_pa":"0.518","three_p_pct":"0.249","ft":"0.494","fta":"0.776","ft_pct":"0.637","orb":"0.706","drb":"1.682","trb":"2.388","ast":"0.671","stl":"0.259","blk":"0.624","tov":"0.635","pf":"1.012","pts":"3.282"},{"game_id":1228,"team_name":"PHI","player_id":"{\"horfoal01\"}","player_name":"{\"Al Horford\"}","fg":"5.341","fga":"12.447","fg_pct":"0.429","three_p":"1.941","three_pa":"5.376","three_p_pct":"0.361","ft":"2.459","fta":"3.047","ft_pct":"0.807","orb":"1.553","drb":"6.082","trb":"7.635","ast":"4.047","stl":"0.659","blk":"0.976","tov":"1.306","pf":"3.259","pts":"15.082"},{"game_id":1228,"team_name":"PHI","player_id":"{\"harrito02\"}","player_name":"{\"Tobias Harris\"}","fg":"6.129","fga":"14.094","fg_pct":"0.435","three_p":"1.976","three_pa":"6.494","three_p_pct":"0.304","ft":"2.082","fta":"2.694","ft_pct":"0.773","orb":"0.788","drb":"8.012","trb":"8.800","ast":"3.506","stl":"1.271","blk":"0.329","tov":"2.294","pf":"3.082","pts":"16.318"},{"game_id":1228,"team_name":"PHI","player_id":"{\"simmobe01\"}","player_name":"{\"Ben Simmons\"}","fg":"6.024","fga":"10.494","fg_pct":"0.574","three_p":"0.000","three_pa":"0.000","three_p_pct":"NaN","ft":"1.835","fta":"3.588","ft_pct":"0.511","orb":"1.388","drb":"5.318","trb":"6.706","ast":"6.353","stl":"1.824","blk":"0.741","tov":"3.294","pf":"4.176","pts":"13.882"},{"game_id":1228,"team_name":"PHI","player_id":"{\"richajo01\"}","player_name":"{\"Josh Richardson\"}","fg":"4.365","fga":"12.235","fg_pct":"0.357","three_p":"1.294","three_pa":"5.647","three_p_pct":"0.229","ft":"2.788","fta":"2.835","ft_pct":"0.983","orb":"0.729","drb":"2.659","trb":"3.388","ast":"4.188","stl":"1.247","blk":"0.953","tov":"1.412","pf":"2.800","pts":"12.812"},{"game_id":1228,"team_name":"PHI","player_id":"{\"netora01\"}","player_name":"{\"Raul Neto\"}","fg":"1.071","fga":"2.847","fg_pct":"0.376","three_p":"0.094","three_pa":"0.541","three_p_pct":"0.174","ft":"0.471","fta":"0.612","ft_pct":"0.770","orb":"0.282","drb":"0.859","trb":"1.141","ast":"1.459","stl":"0.000","blk":"0.153","tov":"0.741","pf":"0.753","pts":"2.706"},{"game_id":1228,"team_name":"PHI","player_id":"benchPHI","player_name":"Bench of PHI","fg":"2.055","fga":"5.605","fg_pct":"0.367","three_p":"0.859","three_pa":"2.836","three_p_pct":"0.303","ft":"1.561","fta":"2.095","ft_pct":"0.745","orb":"0.713","drb":"2.791","trb":"3.504","ast":"1.134","stl":"0.734","blk":"0.644","tov":"1.542","pf":"2.217","pts":"6.530"},{"game_id":1228,"team_name":"MIN","player_id":"{\"wiggian01\"}","player_name":"{\"Andrew Wiggins\"}","fg":"8.235","fga":"17.600","fg_pct":"0.468","three_p":"1.847","three_pa":"5.518","three_p_pct":"0.335","ft":"2.565","fta":"3.376","ft_pct":"0.760","orb":"1.553","drb":"3.412","trb":"4.965","ast":"2.494","stl":"0.541","blk":"0.447","tov":"1.788","pf":"2.259","pts":"20.882"},{"game_id":1228,"team_name":"MIN","player_id":"{\"covinro01\"}","player_name":"{\"Robert Covington\"}","fg":"5.024","fga":"11.600","fg_pct":"0.433","three_p":"2.388","three_pa":"7.024","three_p_pct":"0.340","ft":"1.906","fta":"2.671","ft_pct":"0.714","orb":"1.824","drb":"4.541","trb":"6.365","ast":"1.941","stl":"1.659","blk":"0.800","tov":"1.424","pf":"3.976","pts":"14.341"},{"game_id":1228,"team_name":"MIN","player_id":"{\"napiesh01\"}","player_name":"{\"Shabazz Napier\"}","fg":"2.000","fga":"5.400","fg_pct":"0.370","three_p":"1.247","three_pa":"3.824","three_p_pct":"0.326","ft":"2.341","fta":"2.694","ft_pct":"0.869","orb":"0.671","drb":"2.212","trb":"2.882","ast":"4.235","stl":"0.565","blk":"0.282","tov":"1.094","pf":"0.612","pts":"7.588"},{"game_id":1228,"team_name":"MIN","player_id":"{\"teaguje01\"}","player_name":"{\"Jeff Teague\"}","fg":"4.153","fga":"9.435","fg_pct":"0.440","three_p":"0.647","three_pa":"2.765","three_p_pct":"0.234","ft":"4.024","fta":"4.718","ft_pct":"0.853","orb":"0.235","drb":"2.165","trb":"2.400","ast":"7.259","stl":"1.071","blk":"0.376","tov":"2.000","pf":"2.141","pts":"12.976"},{"game_id":1228,"team_name":"MIN","player_id":"{\"laymaja01\"}","player_name":"{\"Jake Layman\"}","fg":"1.953","fga":"5.506","fg_pct":"0.355","three_p":"0.918","three_pa":"2.882","three_p_pct":"0.319","ft":"0.365","fta":"0.718","ft_pct":"0.508","orb":"0.259","drb":"1.071","trb":"1.329","ast":"0.529","stl":"0.200","blk":"0.271","tov":"0.765","pf":"1.506","pts":"5.188"},{"game_id":1228,"team_name":"MIN","player_id":"{\"townska01\"}","player_name":"{\"Karl-Anthony Towns\"}","fg":"9.071","fga":"17.918","fg_pct":"0.506","three_p":"2.365","three_pa":"5.588","three_p_pct":"0.423","ft":"5.918","fta":"7.976","ft_pct":"0.742","orb":"2.435","drb":"9.353","trb":"11.788","ast":"4.094","stl":"1.541","blk":"1.518","tov":"3.482","pf":"3.141","pts":"26.424"},{"game_id":1228,"team_name":"MIN","player_id":"benchMIN","player_name":"Bench of MIN","fg":"2.031","fga":"4.671","fg_pct":"0.435","three_p":"0.276","three_pa":"1.488","three_p_pct":"0.185","ft":"0.905","fta":"1.260","ft_pct":"0.718","orb":"0.869","drb":"1.933","trb":"2.802","ast":"1.225","stl":"0.777","blk":"0.218","tov":"0.668","pf":"1.495","pts":"5.244"}]