[{"game_id":1055,"team_name":"PHI","player_id":"teamPHI","player_name":"Team name: PHI","ts_pct":"0.683","efg_pct":"0.642","three_par":"0.491","ftr":"0.303","orb_pct":"5.858","drb_pct":"17.546","trb_pct":"11.873","ast_pct":"16.125","stl_pct":"2.586","blk_pct":"2.792","tov_pct":"12.278","usg_pct":"24.386","ortg":"136.759","drtg":"133.978","bpm":"-0.545"},{"game_id":1055,"team_name":"ORL","player_id":"teamORL","player_name":"Team name: ORL","ts_pct":"0.493","efg_pct":"0.461","three_par":"0.317","ftr":"0.264","orb_pct":"4.374","drb_pct":"13.878","trb_pct":"9.097","ast_pct":"12.650","stl_pct":"1.237","blk_pct":"1.729","tov_pct":"11.143","usg_pct":"18.643","ortg":"97.631","drtg":"111.500","bpm":"-3.379"}]