[{"game_id":1119,"team_name":"BRK","player_id":"{\"hardeja01\"}","player_name":"{\"James Harden\"}","ts_pct":"0.655","efg_pct":"0.615","three_par":"0.583","ftr":"0.526","orb_pct":"2.692","drb_pct":"20.180","trb_pct":"11.991","ast_pct":"47.554","stl_pct":"2.179","blk_pct":"2.446","tov_pct":"14.220","usg_pct":"24.245","ortg":"140.012","drtg":"112.494","bpm":"12.888"},{"game_id":1119,"team_name":"BRK","player_id":"{\"irvinky01\"}","player_name":"{\"Kyrie Irving\"}","ts_pct":"0.642","efg_pct":"0.602","three_par":"0.393","ftr":"0.202","orb_pct":"4.773","drb_pct":"13.255","trb_pct":"9.274","ast_pct":"14.404","stl_pct":"1.811","blk_pct":"2.709","tov_pct":"7.405","usg_pct":"26.916","ortg":"127.976","drtg":"116.412","bpm":"4.813"},{"game_id":1119,"team_name":"BRK","player_id":"{\"duranke01\"}","player_name":"{\"Kevin Durant\"}","ts_pct":"0.687","efg_pct":"0.613","three_par":"0.268","ftr":"0.517","orb_pct":"1.935","drb_pct":"22.087","trb_pct":"12.933","ast_pct":"24.520","stl_pct":"1.593","blk_pct":"4.495","tov_pct":"12.391","usg_pct":"30.552","ortg":"132.506","drtg":"111.941","bpm":"8.880"},{"game_id":1119,"team_name":"BRK","player_id":"{\"harrijo01\"}","player_name":"{\"Joe Harris\"}","ts_pct":"0.606","efg_pct":"0.602","three_par":"0.632","ftr":"0.016","orb_pct":"1.698","drb_pct":"10.059","trb_pct":"6.265","ast_pct":"7.146","stl_pct":"0.831","blk_pct":"0.744","tov_pct":"10.041","usg_pct":"15.108","ortg":"116.682","drtg":"123.024","bpm":"-1.892"},{"game_id":1119,"team_name":"BRK","player_id":"{\"brownbr01\"}","player_name":"{\"Bruce Brown\"}","ts_pct":"0.590","efg_pct":"0.494","three_par":"0.091","ftr":"0.598","orb_pct":"9.642","drb_pct":"20.381","trb_pct":"15.785","ast_pct":"10.819","stl_pct":"0.871","blk_pct":"3.238","tov_pct":"7.493","usg_pct":"14.812","ortg":"132.200","drtg":"114.624","bpm":"-0.246"},{"game_id":1119,"team_name":"BRK","player_id":"{\"shamela01\"}","player_name":"{\"Landry Shamet\"}","ts_pct":"0.426","efg_pct":"0.416","three_par":"0.765","ftr":"0.076","orb_pct":"2.773","drb_pct":"6.720","trb_pct":"4.991","ast_pct":"5.075","stl_pct":"1.960","blk_pct":"0.921","tov_pct":"11.116","usg_pct":"11.356","ortg":"89.565","drtg":"118.800","bpm":"-4.481"},{"game_id":1119,"team_name":"BRK","player_id":"benchBRK","player_name":"Bench of BRK","ts_pct":"0.465","efg_pct":"0.439","three_par":"0.306","ftr":"0.201","orb_pct":"4.051","drb_pct":"11.364","trb_pct":"8.124","ast_pct":"15.205","stl_pct":"1.075","blk_pct":"2.981","tov_pct":"8.214","usg_pct":"15.440","ortg":"107.026","drtg":"117.639","bpm":"-3.739"},{"game_id":1119,"team_name":"BOS","player_id":"{\"tatumja01\"}","player_name":"{\"Jayson Tatum\"}","ts_pct":"0.564","efg_pct":"0.481","three_par":"0.335","ftr":"0.438","orb_pct":"2.858","drb_pct":"18.854","trb_pct":"10.512","ast_pct":"19.426","stl_pct":"2.124","blk_pct":"3.692","tov_pct":"9.759","usg_pct":"34.300","ortg":"115.341","drtg":"119.694","bpm":"4.164"},{"game_id":1119,"team_name":"BOS","player_id":"{\"smartma01\"}","player_name":"{\"Marcus Smart\"}","ts_pct":"0.559","efg_pct":"0.542","three_par":"0.615","ftr":"0.213","orb_pct":"1.851","drb_pct":"11.419","trb_pct":"6.419","ast_pct":"26.533","stl_pct":"1.764","blk_pct":"0.432","tov_pct":"18.188","usg_pct":"18.456","ortg":"112.094","drtg":"126.471","bpm":"-0.807"},{"game_id":1119,"team_name":"BOS","player_id":"{\"langfro01\"}","player_name":"{\"Romeo Langford\"}","ts_pct":"0.450","efg_pct":"0.441","three_par":"0.355","ftr":"0.442","orb_pct":"4.031","drb_pct":"9.020","trb_pct":"6.409","ast_pct":"10.502","stl_pct":"0.725","blk_pct":"0.584","tov_pct":"3.828","usg_pct":"12.089","ortg":"106.541","drtg":"124.882","bpm":"-3.884"},{"game_id":1119,"team_name":"BOS","player_id":"{\"fournev01\"}","player_name":"{\"Evan Fournier\"}","ts_pct":"0.599","efg_pct":"0.577","three_par":"0.547","ftr":"0.152","orb_pct":"1.922","drb_pct":"8.405","trb_pct":"5.091","ast_pct":"14.160","stl_pct":"1.782","blk_pct":"0.852","tov_pct":"8.547","usg_pct":"19.535","ortg":"118.706","drtg":"124.941","bpm":"1.222"},{"game_id":1119,"team_name":"BOS","player_id":"{\"thomptr01\"}","player_name":"{\"Tristan Thompson\"}","ts_pct":"0.531","efg_pct":"0.561","three_par":"0.000","ftr":"0.447","orb_pct":"19.216","drb_pct":"19.169","trb_pct":"19.081","ast_pct":"6.661","stl_pct":"1.898","blk_pct":"2.234","tov_pct":"15.442","usg_pct":"14.366","ortg":"117.412","drtg":"122.824","bpm":"-1.466"},{"game_id":1119,"team_name":"BOS","player_id":"{\"pritcpa01\"}","player_name":"{\"Payton Pritchard\"}","ts_pct":"0.280","efg_pct":"0.257","three_par":"0.594","ftr":"0.063","orb_pct":"1.453","drb_pct":"13.813","trb_pct":"7.224","ast_pct":"17.389","stl_pct":"1.548","blk_pct":"0.000","tov_pct":"4.896","usg_pct":"14.434","ortg":"68.906","drtg":"123.576","bpm":"-4.054"},{"game_id":1119,"team_name":"BOS","player_id":"benchBOS","player_name":"Bench of BOS","ts_pct":"0.504","efg_pct":"0.475","three_par":"0.318","ftr":"0.186","orb_pct":"6.157","drb_pct":"19.892","trb_pct":"12.672","ast_pct":"7.061","stl_pct":"0.384","blk_pct":"2.621","tov_pct":"10.448","usg_pct":"14.088","ortg":"115.170","drtg":"121.999","bpm":"-2.962"}]