[{"game_id":1033,"team_name":"MIL","player_id":"teamMIL","player_name":"Team name: MIL","ts_pct":"0.613","efg_pct":"0.564","three_par":"0.489","ftr":"0.294","orb_pct":"5.363","drb_pct":"15.608","trb_pct":"10.516","ast_pct":"14.174","stl_pct":"2.247","blk_pct":"1.889","tov_pct":"12.881","usg_pct":"20.593","ortg":"120.110","drtg":"124.663","bpm":"-0.017"},{"game_id":1033,"team_name":"ORL","player_id":"teamORL","player_name":"Team name: ORL","ts_pct":"0.485","efg_pct":"0.447","three_par":"0.306","ftr":"0.277","orb_pct":"4.610","drb_pct":"14.509","trb_pct":"9.384","ast_pct":"12.049","stl_pct":"1.314","blk_pct":"1.774","tov_pct":"9.615","usg_pct":"18.666","ortg":"99.802","drtg":"114.293","bpm":"-3.596"}]