[{"game_id":1117,"team_name":"WAS","player_id":"{\"bealbr01\"}","player_name":"{\"Bradley Beal\"}","ts_pct":"0.552","efg_pct":"0.516","three_par":"0.270","ftr":"0.249","orb_pct":"3.141","drb_pct":"14.872","trb_pct":"8.912","ast_pct":"18.679","stl_pct":"0.929","blk_pct":"1.641","tov_pct":"9.102","usg_pct":"33.788","ortg":"108.400","drtg":"118.518","bpm":"3.264"},{"game_id":1117,"team_name":"WAS","player_id":"{\"westbru01\"}","player_name":"{\"Russell Westbrook\"}","ts_pct":"0.509","efg_pct":"0.427","three_par":"0.268","ftr":"0.489","orb_pct":"5.745","drb_pct":"23.882","trb_pct":"14.265","ast_pct":"47.361","stl_pct":"1.269","blk_pct":"0.924","tov_pct":"15.622","usg_pct":"27.046","ortg":"111.635","drtg":"115.165","bpm":"5.212"},{"game_id":1117,"team_name":"WAS","player_id":"{\"hachiru01\"}","player_name":"{\"Rui Hachimura\"}","ts_pct":"0.671","efg_pct":"0.674","three_par":"0.225","ftr":"0.180","orb_pct":"2.944","drb_pct":"15.412","trb_pct":"8.919","ast_pct":"3.389","stl_pct":"0.507","blk_pct":"0.698","tov_pct":"9.796","usg_pct":"16.204","ortg":"121.141","drtg":"119.329","bpm":"-2.276"},{"game_id":1117,"team_name":"WAS","player_id":"{\"gaffoda01\"}","player_name":"{\"Daniel Gafford\"}","ts_pct":"0.781","efg_pct":"0.738","three_par":"0.000","ftr":"0.673","orb_pct":"13.273","drb_pct":"17.798","trb_pct":"16.328","ast_pct":"5.554","stl_pct":"1.391","blk_pct":"6.812","tov_pct":"10.239","usg_pct":"18.048","ortg":"150.188","drtg":"111.118","bpm":"4.176"},{"game_id":1117,"team_name":"WAS","player_id":"{\"bertada01\"}","player_name":"{\"Dāvis Bertāns\"}","ts_pct":"0.486","efg_pct":"0.443","three_par":"0.877","ftr":"0.189","orb_pct":"0.000","drb_pct":"7.411","trb_pct":"3.718","ast_pct":"0.974","stl_pct":"0.889","blk_pct":"0.362","tov_pct":"5.788","usg_pct":"13.738","ortg":"91.235","drtg":"119.882","bpm":"-3.566"},{"game_id":1117,"team_name":"WAS","player_id":"{\"gillan01\"}","player_name":"{\"Anthony Gill\"}","ts_pct":"0.484","efg_pct":"0.462","three_par":"0.227","ftr":"0.218","orb_pct":"5.193","drb_pct":"10.601","trb_pct":"7.552","ast_pct":"6.224","stl_pct":"0.873","blk_pct":"0.640","tov_pct":"16.782","usg_pct":"15.149","ortg":"99.541","drtg":"118.482","bpm":"-5.881"},{"game_id":1117,"team_name":"WAS","player_id":"benchWAS","player_name":"Bench of WAS","ts_pct":"0.465","efg_pct":"0.456","three_par":"0.215","ftr":"0.138","orb_pct":"5.597","drb_pct":"12.421","trb_pct":"8.842","ast_pct":"8.539","stl_pct":"1.226","blk_pct":"2.243","tov_pct":"10.250","usg_pct":"17.683","ortg":"92.250","drtg":"116.424","bpm":"-4.627"},{"game_id":1117,"team_name":"PHI","player_id":"{\"miltosh01\"}","player_name":"{\"Shake Milton\"}","ts_pct":"0.484","efg_pct":"0.410","three_par":"0.398","ftr":"0.370","orb_pct":"1.146","drb_pct":"9.574","trb_pct":"5.261","ast_pct":"20.618","stl_pct":"1.974","blk_pct":"2.144","tov_pct":"19.572","usg_pct":"25.000","ortg":"94.271","drtg":"109.318","bpm":"-5.905"},{"game_id":1117,"team_name":"PHI","player_id":"{\"harrito02\"}","player_name":"{\"Tobias Harris\"}","ts_pct":"0.591","efg_pct":"0.553","three_par":"0.205","ftr":"0.170","orb_pct":"2.794","drb_pct":"21.772","trb_pct":"13.134","ast_pct":"13.366","stl_pct":"1.267","blk_pct":"1.206","tov_pct":"6.052","usg_pct":"27.084","ortg":"119.365","drtg":"107.012","bpm":"2.559"},{"game_id":1117,"team_name":"PHI","player_id":"{\"greenda02\"}","player_name":"{\"Danny Green\"}","ts_pct":"0.704","efg_pct":"0.695","three_par":"0.809","ftr":"0.089","orb_pct":"3.524","drb_pct":"10.507","trb_pct":"7.208","ast_pct":"8.879","stl_pct":"1.666","blk_pct":"2.572","tov_pct":"9.769","usg_pct":"13.519","ortg":"131.294","drtg":"108.212","bpm":"4.098"},{"game_id":1117,"team_name":"PHI","player_id":"{\"curryse01\"}","player_name":"{\"Seth Curry\"}","ts_pct":"0.716","efg_pct":"0.715","three_par":"0.604","ftr":"0.054","orb_pct":"0.414","drb_pct":"10.011","trb_pct":"5.199","ast_pct":"14.702","stl_pct":"1.384","blk_pct":"0.000","tov_pct":"5.895","usg_pct":"16.256","ortg":"138.353","drtg":"111.259","bpm":"3.344"},{"game_id":1117,"team_name":"PHI","player_id":"{\"simmobe01\"}","player_name":"{\"Ben Simmons\"}","ts_pct":"0.577","efg_pct":"0.584","three_par":"0.014","ftr":"0.310","orb_pct":"7.944","drb_pct":"15.374","trb_pct":"11.848","ast_pct":"37.045","stl_pct":"2.008","blk_pct":"0.985","tov_pct":"12.528","usg_pct":"18.124","ortg":"131.341","drtg":"107.988","bpm":"5.276"},{"game_id":1117,"team_name":"PHI","player_id":"{\"hillge01\"}","player_name":"{\"George Hill\"}","ts_pct":"0.713","efg_pct":"0.669","three_par":"0.343","ftr":"0.228","orb_pct":"1.044","drb_pct":"6.036","trb_pct":"3.725","ast_pct":"13.291","stl_pct":"1.784","blk_pct":"0.658","tov_pct":"17.002","usg_pct":"14.594","ortg":"122.529","drtg":"111.647","bpm":"-1.415"},{"game_id":1117,"team_name":"PHI","player_id":"benchPHI","player_name":"Bench of PHI","ts_pct":"0.526","efg_pct":"0.501","three_par":"0.375","ftr":"0.349","orb_pct":"4.478","drb_pct":"15.181","trb_pct":"10.145","ast_pct":"11.665","stl_pct":"1.936","blk_pct":"3.958","tov_pct":"8.246","usg_pct":"19.447","ortg":"109.454","drtg":"105.615","bpm":"0.229"}]