[{"game_id":1237,"team_name":"GSW","player_id":"{\"pascher01\"}","player_name":"{\"Eric Paschall\"}","ts_pct":"0.681","efg_pct":"0.652","three_par":"0.079","ftr":"0.182","orb_pct":"4.908","drb_pct":"8.614","trb_pct":"6.294","ast_pct":"14.281","stl_pct":"0.886","blk_pct":"0.000","tov_pct":"15.528","usg_pct":"14.964","ortg":"122.167","drtg":"123.250","bpm":"-1.961"},{"game_id":1237,"team_name":"GSW","player_id":"{\"robingl02\"}","player_name":"{\"Glenn Robinson III\"}","ts_pct":"0.345","efg_pct":"0.288","three_par":"0.284","ftr":"0.243","orb_pct":"6.593","drb_pct":"13.302","trb_pct":"9.704","ast_pct":"5.102","stl_pct":"1.821","blk_pct":"0.692","tov_pct":"4.216","usg_pct":"14.485","ortg":"83.024","drtg":"117.000","bpm":"-5.308"},{"game_id":1237,"team_name":"GSW","player_id":"{\"russeda01\"}","player_name":"{\"D'Angelo Russell\"}","ts_pct":"0.467","efg_pct":"0.440","three_par":"0.400","ftr":"0.154","orb_pct":"1.872","drb_pct":"10.738","trb_pct":"6.001","ast_pct":"26.813","stl_pct":"1.195","blk_pct":"0.354","tov_pct":"10.919","usg_pct":"28.655","ortg":"97.235","drtg":"117.541","bpm":"-2.400"},{"game_id":1237,"team_name":"GSW","player_id":"{\"greendr01\"}","player_name":"{\"Draymond Green\"}","ts_pct":"0.578","efg_pct":"0.523","three_par":"0.299","ftr":"0.333","orb_pct":"3.947","drb_pct":"28.656","trb_pct":"15.619","ast_pct":"29.616","stl_pct":"2.388","blk_pct":"1.515","tov_pct":"22.358","usg_pct":"16.795","ortg":"113.776","drtg":"112.494","bpm":"2.554"},{"game_id":1237,"team_name":"GSW","player_id":"{\"spellom01\"}","player_name":"{\"Omari Spellman\"}","ts_pct":"0.519","efg_pct":"0.493","three_par":"0.371","ftr":"0.211","orb_pct":"13.834","drb_pct":"23.502","trb_pct":"17.955","ast_pct":"11.036","stl_pct":"1.902","blk_pct":"3.032","tov_pct":"11.851","usg_pct":"18.453","ortg":"110.188","drtg":"113.141","bpm":"-0.221"},{"game_id":1237,"team_name":"GSW","player_id":"{\"curryst01\"}","player_name":"{\"Stephen Curry\"}","ts_pct":"0.589","efg_pct":"0.508","three_par":"0.549","ftr":"0.364","orb_pct":"3.774","drb_pct":"14.115","trb_pct":"8.395","ast_pct":"32.321","stl_pct":"1.773","blk_pct":"0.271","tov_pct":"11.315","usg_pct":"30.044","ortg":"119.624","drtg":"118.365","bpm":"5.732"},{"game_id":1237,"team_name":"GSW","player_id":"benchGSW","player_name":"Bench of GSW","ts_pct":"0.392","efg_pct":"0.327","three_par":"0.242","ftr":"0.195","orb_pct":"2.466","drb_pct":"14.718","trb_pct":"8.003","ast_pct":"9.559","stl_pct":"2.021","blk_pct":"0.481","tov_pct":"8.196","usg_pct":"15.220","ortg":"116.202","drtg":"117.968","bpm":"-4.993"},{"game_id":1237,"team_name":"PHO","player_id":"{\"bookede01\"}","player_name":"{\"Devin Booker\"}","ts_pct":"0.631","efg_pct":"0.579","three_par":"0.293","ftr":"0.303","orb_pct":"1.789","drb_pct":"8.607","trb_pct":"5.416","ast_pct":"34.115","stl_pct":"0.689","blk_pct":"1.027","tov_pct":"12.991","usg_pct":"33.089","ortg":"118.482","drtg":"112.847","bpm":"4.521"},{"game_id":1237,"team_name":"PHO","player_id":"{\"rubiori01\"}","player_name":"{\"Ricky Rubio\"}","ts_pct":"0.503","efg_pct":"0.428","three_par":"0.218","ftr":"0.703","orb_pct":"2.504","drb_pct":"16.796","trb_pct":"9.736","ast_pct":"44.439","stl_pct":"3.016","blk_pct":"0.402","tov_pct":"20.795","usg_pct":"22.991","ortg":"102.235","drtg":"98.953","bpm":"2.055"},{"game_id":1237,"team_name":"PHO","player_id":"{\"oubreke01\"}","player_name":"{\"Kelly Oubre Jr.\"}","ts_pct":"0.615","efg_pct":"0.557","three_par":"0.327","ftr":"0.350","orb_pct":"5.055","drb_pct":"13.693","trb_pct":"9.356","ast_pct":"9.468","stl_pct":"3.229","blk_pct":"2.831","tov_pct":"9.767","usg_pct":"25.976","ortg":"113.424","drtg":"100.871","bpm":"4.299"},{"game_id":1237,"team_name":"PHO","player_id":"{\"saricda01\"}","player_name":"{\"Dario Šarić\"}","ts_pct":"0.578","efg_pct":"0.560","three_par":"0.507","ftr":"0.355","orb_pct":"3.759","drb_pct":"18.014","trb_pct":"10.895","ast_pct":"11.644","stl_pct":"0.722","blk_pct":"0.673","tov_pct":"11.060","usg_pct":"17.527","ortg":"109.671","drtg":"109.565","bpm":"-0.689"},{"game_id":1237,"team_name":"PHO","player_id":"{\"baynear01\"}","player_name":"{\"Aron Baynes\"}","ts_pct":"0.601","efg_pct":"0.645","three_par":"0.526","ftr":"0.352","orb_pct":"5.756","drb_pct":"17.104","trb_pct":"11.367","ast_pct":"8.506","stl_pct":"0.451","blk_pct":"1.885","tov_pct":"13.719","usg_pct":"14.148","ortg":"96.329","drtg":"105.659","bpm":"-1.862"},{"game_id":1237,"team_name":"PHO","player_id":"{\"okoboel01\"}","player_name":"{\"Elie Okobo\"}","ts_pct":"0.776","efg_pct":"0.760","three_par":"0.595","ftr":"0.146","orb_pct":"2.614","drb_pct":"10.447","trb_pct":"6.793","ast_pct":"14.445","stl_pct":"1.721","blk_pct":"0.527","tov_pct":"14.398","usg_pct":"18.881","ortg":"138.247","drtg":"118.835","bpm":"3.588"},{"game_id":1237,"team_name":"PHO","player_id":"benchPHO","player_name":"Bench of PHO","ts_pct":"0.575","efg_pct":"0.503","three_par":"0.480","ftr":"0.275","orb_pct":"3.948","drb_pct":"15.619","trb_pct":"9.756","ast_pct":"9.938","stl_pct":"1.305","blk_pct":"0.535","tov_pct":"13.217","usg_pct":"17.023","ortg":"111.555","drtg":"108.737","bpm":"-2.032"}]