[{"game_id":1058,"team_name":"MEM","player_id":"{\"winslju01\"}","player_name":"{\"Justise Winslow\"}","ts_pct":"0.308","efg_pct":"0.268","three_par":"0.144","ftr":"0.361","orb_pct":"2.621","drb_pct":"22.987","trb_pct":"13.282","ast_pct":"18.635","stl_pct":"1.094","blk_pct":"2.544","tov_pct":"10.007","usg_pct":"17.269","ortg":"102.282","drtg":"110.271","bpm":"-3.469"},{"game_id":1058,"team_name":"MEM","player_id":"{\"tilliki02\"}","player_name":"{\"Killian Tillie\"}","ts_pct":"0.650","efg_pct":"0.490","three_par":"0.418","ftr":"0.047","orb_pct":"1.585","drb_pct":"6.672","trb_pct":"4.472","ast_pct":"6.572","stl_pct":"0.595","blk_pct":"3.434","tov_pct":"0.000","usg_pct":"11.373","ortg":"141.400","drtg":"115.847","bpm":"2.199"},{"game_id":1058,"team_name":"MEM","player_id":"{\"tillmxa01\"}","player_name":"{\"Xavier Tillman Sr.\"}","ts_pct":"0.484","efg_pct":"0.488","three_par":"0.176","ftr":"0.054","orb_pct":"5.213","drb_pct":"13.492","trb_pct":"9.512","ast_pct":"8.518","stl_pct":"1.089","blk_pct":"1.681","tov_pct":"28.101","usg_pct":"15.236","ortg":"94.447","drtg":"115.906","bpm":"-7.079"},{"game_id":1058,"team_name":"MEM","player_id":"{\"fraziti01\"}","player_name":"{\"Tim Frazier\"}","ts_pct":"0.185","efg_pct":"0.176","three_par":"0.411","ftr":"0.047","orb_pct":"0.552","drb_pct":"12.461","trb_pct":"6.612","ast_pct":"26.358","stl_pct":"1.139","blk_pct":"3.741","tov_pct":"24.527","usg_pct":"15.219","ortg":"63.918","drtg":"110.271","bpm":"-11.448"},{"game_id":1058,"team_name":"MEM","player_id":"{\"jonesty01\"}","player_name":"{\"Tyus Jones\"}","ts_pct":"0.601","efg_pct":"0.629","three_par":"0.446","ftr":"0.264","orb_pct":"0.294","drb_pct":"10.865","trb_pct":"6.098","ast_pct":"25.707","stl_pct":"1.479","blk_pct":"0.346","tov_pct":"12.569","usg_pct":"13.215","ortg":"128.012","drtg":"114.894","bpm":"0.292"},{"game_id":1058,"team_name":"MEM","player_id":"{\"konchjo01\"}","player_name":"{\"John Konchar\"}","ts_pct":"0.399","efg_pct":"0.395","three_par":"0.464","ftr":"0.028","orb_pct":"7.013","drb_pct":"25.838","trb_pct":"16.678","ast_pct":"19.272","stl_pct":"0.621","blk_pct":"2.511","tov_pct":"3.536","usg_pct":"14.891","ortg":"115.800","drtg":"109.694","bpm":"0.719"},{"game_id":1058,"team_name":"MEM","player_id":"benchMEM","player_name":"Bench of MEM","ts_pct":"0.486","efg_pct":"0.450","three_par":"0.590","ftr":"0.175","orb_pct":"2.169","drb_pct":"14.939","trb_pct":"8.609","ast_pct":"9.880","stl_pct":"1.062","blk_pct":"1.451","tov_pct":"13.878","usg_pct":"18.604","ortg":"92.830","drtg":"113.327","bpm":"-4.691"},{"game_id":1058,"team_name":"SAC","player_id":"{\"harklma01\"}","player_name":"{\"Maurice Harkless\"}","ts_pct":"0.440","efg_pct":"0.397","three_par":"0.472","ftr":"0.313","orb_pct":"1.319","drb_pct":"13.004","trb_pct":"6.982","ast_pct":"8.719","stl_pct":"2.299","blk_pct":"2.573","tov_pct":"11.548","usg_pct":"14.469","ortg":"92.012","drtg":"108.271","bpm":"-5.031"},{"game_id":1058,"team_name":"SAC","player_id":"{\"woodaro01\"}","player_name":"{\"Robert Woodard II\"}","ts_pct":"0.459","efg_pct":"0.416","three_par":"0.184","ftr":"0.635","orb_pct":"2.546","drb_pct":"27.653","trb_pct":"15.688","ast_pct":"0.000","stl_pct":"0.000","blk_pct":"11.935","tov_pct":"0.000","usg_pct":"18.446","ortg":"93.706","drtg":"115.376","bpm":"-1.147"},{"game_id":1058,"team_name":"SAC","player_id":"{\"jonesda03\"}","player_name":"{\"Damian Jones\"}","ts_pct":"0.613","efg_pct":"0.604","three_par":"0.057","ftr":"0.516","orb_pct":"8.394","drb_pct":"19.491","trb_pct":"14.111","ast_pct":"11.502","stl_pct":"1.315","blk_pct":"7.013","tov_pct":"11.715","usg_pct":"13.275","ortg":"123.635","drtg":"106.388","bpm":"-0.415"},{"game_id":1058,"team_name":"SAC","player_id":"{\"kinglo02\"}","player_name":"{\"Louis King\"}","ts_pct":"0.307","efg_pct":"0.300","three_par":"0.471","ftr":"0.133","orb_pct":"1.606","drb_pct":"25.141","trb_pct":"13.365","ast_pct":"8.531","stl_pct":"0.793","blk_pct":"0.000","tov_pct":"5.588","usg_pct":"15.292","ortg":"67.400","drtg":"111.224","bpm":"-12.787"},{"game_id":1058,"team_name":"SAC","player_id":"{\"ramseja01\"}","player_name":"{\"Jahmi'us Ramsey\"}","ts_pct":"0.333","efg_pct":"0.284","three_par":"0.351","ftr":"0.141","orb_pct":"1.807","drb_pct":"6.925","trb_pct":"4.493","ast_pct":"9.731","stl_pct":"3.849","blk_pct":"1.059","tov_pct":"6.268","usg_pct":"19.684","ortg":"65.812","drtg":"112.318","bpm":"-5.487"},{"game_id":1058,"team_name":"SAC","player_id":"{\"hieldbu01\"}","player_name":"{\"Buddy Hield\"}","ts_pct":"0.551","efg_pct":"0.536","three_par":"0.694","ftr":"0.074","orb_pct":"1.498","drb_pct":"16.285","trb_pct":"8.816","ast_pct":"24.732","stl_pct":"1.779","blk_pct":"1.869","tov_pct":"14.547","usg_pct":"22.387","ortg":"107.141","drtg":"108.894","bpm":"0.866"},{"game_id":1058,"team_name":"SAC","player_id":"benchSAC","player_name":"Bench of SAC","ts_pct":"0.575","efg_pct":"0.561","three_par":"0.378","ftr":"0.185","orb_pct":"3.501","drb_pct":"12.343","trb_pct":"7.952","ast_pct":"14.091","stl_pct":"2.285","blk_pct":"1.847","tov_pct":"11.081","usg_pct":"20.329","ortg":"108.371","drtg":"110.596","bpm":"-0.341"}]