[{"game_id":1241,"team_name":"BRK","player_id":"teamBRK","player_name":"Team name: BRK","ts_pct":"0.544","efg_pct":"0.497","three_par":"0.428","ftr":"0.398","orb_pct":"5.576","drb_pct":"17.761","trb_pct":"11.416","ast_pct":"15.835","stl_pct":"2.022","blk_pct":"1.363","tov_pct":"18.057","usg_pct":"20.578","ortg":"110.750","drtg":"124.633","bpm":"-0.484"},{"game_id":1241,"team_name":"HOU","player_id":"teamHOU","player_name":"Team name: HOU","ts_pct":"0.541","efg_pct":"0.520","three_par":"0.507","ftr":"0.259","orb_pct":"5.525","drb_pct":"14.255","trb_pct":"9.815","ast_pct":"10.895","stl_pct":"1.297","blk_pct":"1.568","tov_pct":"10.677","usg_pct":"18.079","ortg":"112.662","drtg":"115.176","bpm":"-0.724"}]