[{"game_id":1093,"team_name":"NYK","player_id":"teamNYK","player_name":"Team name: NYK","ts_pct":"0.574","efg_pct":"0.541","three_par":"0.333","ftr":"0.205","orb_pct":"3.508","drb_pct":"18.313","trb_pct":"11.238","ast_pct":"14.580","stl_pct":"2.548","blk_pct":"2.405","tov_pct":"8.945","usg_pct":"19.820","ortg":"120.014","drtg":"118.566","bpm":"-0.422"},{"game_id":1093,"team_name":"ATL","player_id":"teamATL","player_name":"Team name: ATL","ts_pct":"0.639","efg_pct":"0.593","three_par":"0.372","ftr":"0.319","orb_pct":"5.416","drb_pct":"17.482","trb_pct":"11.972","ast_pct":"16.221","stl_pct":"1.505","blk_pct":"2.310","tov_pct":"12.712","usg_pct":"22.112","ortg":"129.789","drtg":"127.989","bpm":"-0.453"}]