[{"game_id":1074,"team_name":"DET","player_id":"{\"beysa01\"}","player_name":"{\"Saddiq Bey\"}","fg":"5.588","fga":"13.600","fg_pct":"0.411","three_p":"3.424","three_pa":"8.212","three_p_pct":"0.417","ft":"2.047","fta":"2.812","ft_pct":"0.728","orb":"0.624","drb":"5.741","trb":"6.365","ast":"1.612","stl":"0.718","blk":"0.447","tov":"1.176","pf":"1.412","pts":"16.647"},{"game_id":1074,"team_name":"DET","player_id":"{\"cookty01\"}","player_name":"{\"Tyler Cook\"}","fg":"3.318","fga":"4.424","fg_pct":"0.750","three_p":"0.106","three_pa":"0.153","three_p_pct":"0.693","ft":"0.918","fta":"1.859","ft_pct":"0.494","orb":"0.941","drb":"2.553","trb":"3.494","ast":"0.506","stl":"0.388","blk":"0.294","tov":"0.718","pf":"1.200","pts":"7.659"},{"game_id":1074,"team_name":"DET","player_id":"{\"hayeski01\"}","player_name":"{\"Killian Hayes\"}","fg":"3.341","fga":"9.165","fg_pct":"0.365","three_p":"1.035","three_pa":"3.553","three_p_pct":"0.291","ft":"0.482","fta":"0.682","ft_pct":"0.707","orb":"0.176","drb":"3.765","trb":"3.941","ast":"7.000","stl":"0.929","blk":"0.494","tov":"4.035","pf":"2.282","pts":"8.200"},{"game_id":1074,"team_name":"DET","player_id":"{\"josepco01\"}","player_name":"{\"Cory Joseph\"}","fg":"5.271","fga":"10.165","fg_pct":"0.519","three_p":"0.847","three_pa":"2.412","three_p_pct":"0.351","ft":"1.447","fta":"1.753","ft_pct":"0.825","orb":"0.412","drb":"2.624","trb":"3.035","ast":"5.776","stl":"1.082","blk":"0.482","tov":"1.706","pf":"2.424","pts":"12.835"},{"game_id":1074,"team_name":"DET","player_id":"{\"diallha01\"}","player_name":"{\"Hamidou Diallo\"}","fg":"5.259","fga":"11.071","fg_pct":"0.475","three_p":"0.988","three_pa":"2.835","three_p_pct":"0.349","ft":"2.282","fta":"3.882","ft_pct":"0.588","orb":"1.024","drb":"6.000","trb":"7.024","ast":"1.129","stl":"0.482","blk":"0.753","tov":"1.176","pf":"2.647","pts":"13.788"},{"game_id":1074,"team_name":"DET","player_id":"{\"leesa01\"}","player_name":"{\"Saben Lee\"}","fg":"2.612","fga":"5.188","fg_pct":"0.503","three_p":"0.082","three_pa":"0.565","three_p_pct":"0.145","ft":"1.518","fta":"1.929","ft_pct":"0.787","orb":"0.494","drb":"1.435","trb":"1.929","ast":"4.353","stl":"0.824","blk":"0.247","tov":"1.471","pf":"1.624","pts":"6.824"},{"game_id":1074,"team_name":"DET","player_id":"benchDET","player_name":"Bench of DET","fg":"3.435","fga":"7.786","fg_pct":"0.441","three_p":"0.463","three_pa":"2.400","three_p_pct":"0.193","ft":"2.162","fta":"2.995","ft_pct":"0.722","orb":"1.086","drb":"2.550","trb":"3.636","ast":"1.887","stl":"0.482","blk":"0.619","tov":"2.156","pf":"2.457","pts":"9.494"},{"game_id":1074,"team_name":"MIA","player_id":"{\"achiupr01\"}","player_name":"{\"Precious Achiuwa\"}","fg":"0.776","fga":"2.000","fg_pct":"0.388","three_p":"0.000","three_pa":"0.153","three_p_pct":"0.000","ft":"0.212","fta":"0.306","ft_pct":"0.693","orb":"0.365","drb":"1.188","trb":"1.553","ast":"0.412","stl":"0.129","blk":"0.129","tov":"0.247","pf":"0.647","pts":"1.765"},{"game_id":1074,"team_name":"MIA","player_id":"{\"bjeline01\"}","player_name":"{\"Nemanja Bjelica\"}","fg":"1.188","fga":"3.424","fg_pct":"0.347","three_p":"0.682","three_pa":"2.153","three_p_pct":"0.317","ft":"0.529","fta":"0.835","ft_pct":"0.634","orb":"0.400","drb":"1.706","trb":"2.106","ast":"1.588","stl":"0.612","blk":"0.212","tov":"0.200","pf":"1.529","pts":"3.588"},{"game_id":1074,"team_name":"MIA","player_id":"{\"vincega01\"}","player_name":"{\"Gabe Vincent\"}","fg":"0.976","fga":"2.553","fg_pct":"0.382","three_p":"0.776","three_pa":"1.682","three_p_pct":"0.461","ft":"0.000","fta":"0.000","ft_pct":"NaN","orb":"0.165","drb":"0.435","trb":"0.600","ast":"0.447","stl":"0.165","blk":"0.000","tov":"0.306","pf":"0.929","pts":"2.729"},{"game_id":1074,"team_name":"MIA","player_id":"{\"strusma01\"}","player_name":"{\"Max Strus\"}","fg":"1.906","fga":"4.388","fg_pct":"0.434","three_p":"1.071","three_pa":"3.494","three_p_pct":"0.307","ft":"0.259","fta":"0.365","ft_pct":"0.710","orb":"0.224","drb":"0.953","trb":"1.176","ast":"0.671","stl":"0.471","blk":"0.153","tov":"0.365","pf":"1.176","pts":"5.141"},{"game_id":1074,"team_name":"MIA","player_id":"{\"herroty01\"}","player_name":"{\"Tyler Herro\"}","fg":"5.506","fga":"11.400","fg_pct":"0.483","three_p":"2.671","three_pa":"5.435","three_p_pct":"0.491","ft":"0.741","fta":"0.976","ft_pct":"0.759","orb":"0.412","drb":"4.776","trb":"5.188","ast":"2.671","stl":"0.259","blk":"0.059","tov":"1.459","pf":"1.188","pts":"14.424"},{"game_id":1074,"team_name":"MIA","player_id":"{\"okpalkz01\"}","player_name":"{\"KZ Okpala\"}","fg":"0.282","fga":"1.659","fg_pct":"0.170","three_p":"0.082","three_pa":"0.929","three_p_pct":"0.088","ft":"0.071","fta":"0.259","ft_pct":"0.274","orb":"0.494","drb":"0.600","trb":"1.094","ast":"0.529","stl":"0.129","blk":"0.129","tov":"0.059","pf":"0.929","pts":"0.718"},{"game_id":1074,"team_name":"MIA","player_id":"benchMIA","player_name":"Bench of MIA","fg":"4.400","fga":"10.176","fg_pct":"0.432","three_p":"3.682","three_pa":"8.647","three_p_pct":"0.426","ft":"1.247","fta":"1.541","ft_pct":"0.809","orb":"0.235","drb":"2.541","trb":"2.776","ast":"1.741","stl":"0.824","blk":"0.494","tov":"1.106","pf":"2.494","pts":"13.729"}]