[{"game_id":1089,"team_name":"LAC","player_id":"teamLAC","player_name":"Team name: LAC","fg":"40.257","fga":"84.909","fg_pct":"0.474","three_p":"13.240","three_pa":"36.680","three_p_pct":"0.361","ft":"15.520","fta":"17.737","ft_pct":"0.875","orb":"8.697","drb":"33.800","trb":"42.497","ast":"24.000","stl":"7.097","blk":"3.771","tov":"13.709","pf":"16.909","pts":"109.274"},{"game_id":1089,"team_name":"DAL","player_id":"teamDAL","player_name":"Team name: DAL","fg":"42.537","fga":"88.931","fg_pct":"0.478","three_p":"14.583","three_pa":"39.051","three_p_pct":"0.373","ft":"16.674","fta":"20.686","ft_pct":"0.806","orb":"10.526","drb":"31.577","trb":"42.103","ast":"25.737","stl":"6.874","blk":"4.069","tov":"11.400","pf":"19.834","pts":"116.331"}]