[{"game_id":1096,"team_name":"DEN","player_id":"teamDEN","player_name":"Team name: DEN","fg":"42.160","fga":"89.583","fg_pct":"0.471","three_p":"12.046","three_pa":"35.023","three_p_pct":"0.344","ft":"15.063","fta":"18.006","ft_pct":"0.837","orb":"10.486","drb":"33.760","trb":"44.246","ast":"24.949","stl":"7.480","blk":"3.823","tov":"11.571","pf":"20.657","pts":"111.429"},{"game_id":1096,"team_name":"POR","player_id":"teamPOR","player_name":"Team name: POR","fg":"44.137","fga":"89.749","fg_pct":"0.492","three_p":"15.931","three_pa":"37.166","three_p_pct":"0.429","ft":"18.794","fta":"23.040","ft_pct":"0.816","orb":"9.006","drb":"35.423","trb":"44.429","ast":"24.663","stl":"5.611","blk":"4.509","tov":"8.943","pf":"17.080","pts":"123.000"}]