[{"game_id":1213,"team_name":"DET","player_id":"{\"makerth01\"}","player_name":"{\"Thon Maker\"}","ts_pct":"0.375","efg_pct":"0.272","three_par":"0.428","ftr":"0.897","orb_pct":"4.246","drb_pct":"11.487","trb_pct":"7.825","ast_pct":"5.295","stl_pct":"0.291","blk_pct":"5.491","tov_pct":"17.976","usg_pct":"13.749","ortg":"82.659","drtg":"114.847","bpm":"-7.493"},{"game_id":1213,"team_name":"DET","player_id":"{\"drumman01\"}","player_name":"{\"Andre Drummond\"}","ts_pct":"0.550","efg_pct":"0.536","three_par":"0.014","ftr":"0.543","orb_pct":"15.096","drb_pct":"36.595","trb_pct":"25.373","ast_pct":"10.402","stl_pct":"2.884","blk_pct":"4.554","tov_pct":"14.498","usg_pct":"25.073","ortg":"106.953","drtg":"105.141","bpm":"0.954"},{"game_id":1213,"team_name":"DET","player_id":"{\"kennalu01\"}","player_name":"{\"Luke Kennard\"}","ts_pct":"0.627","efg_pct":"0.592","three_par":"0.472","ftr":"0.259","orb_pct":"0.729","drb_pct":"12.113","trb_pct":"6.093","ast_pct":"11.661","stl_pct":"0.699","blk_pct":"0.341","tov_pct":"6.231","usg_pct":"20.460","ortg":"122.165","drtg":"117.576","bpm":"2.488"},{"game_id":1213,"team_name":"DET","player_id":"{\"morrima02\"}","player_name":"{\"Markieff Morris\"}","ts_pct":"0.490","efg_pct":"0.463","three_par":"0.459","ftr":"0.404","orb_pct":"5.795","drb_pct":"18.228","trb_pct":"12.126","ast_pct":"10.954","stl_pct":"1.078","blk_pct":"2.240","tov_pct":"10.979","usg_pct":"19.664","ortg":"97.988","drtg":"111.553","bpm":"-5.301"},{"game_id":1213,"team_name":"DET","player_id":"{\"brownbr01\"}","player_name":"{\"Bruce Brown\"}","ts_pct":"0.450","efg_pct":"0.395","three_par":"0.267","ftr":"0.293","orb_pct":"2.579","drb_pct":"12.980","trb_pct":"7.172","ast_pct":"6.492","stl_pct":"1.379","blk_pct":"0.713","tov_pct":"17.258","usg_pct":"13.762","ortg":"86.588","drtg":"115.529","bpm":"-8.492"},{"game_id":1213,"team_name":"DET","player_id":"{\"rosede01\"}","player_name":"{\"Derrick Rose\"}","ts_pct":"0.585","efg_pct":"0.551","three_par":"0.058","ftr":"0.199","orb_pct":"3.644","drb_pct":"7.825","trb_pct":"5.764","ast_pct":"28.188","stl_pct":"1.638","blk_pct":"1.252","tov_pct":"11.788","usg_pct":"32.840","ortg":"111.424","drtg":"117.247","bpm":"1.715"},{"game_id":1213,"team_name":"DET","player_id":"benchDET","player_name":"Bench of DET","ts_pct":"0.447","efg_pct":"0.419","three_par":"0.398","ftr":"0.276","orb_pct":"3.419","drb_pct":"13.060","trb_pct":"8.259","ast_pct":"11.568","stl_pct":"1.114","blk_pct":"2.372","tov_pct":"12.764","usg_pct":"16.583","ortg":"96.776","drtg":"111.957","bpm":"-2.445"},{"game_id":1213,"team_name":"IND","player_id":"{\"turnemy01\"}","player_name":"{\"Myles Turner\"}","ts_pct":"0.587","efg_pct":"0.552","three_par":"0.415","ftr":"0.382","orb_pct":"3.435","drb_pct":"22.094","trb_pct":"12.445","ast_pct":"4.899","stl_pct":"0.804","blk_pct":"6.145","tov_pct":"9.360","usg_pct":"16.796","ortg":"109.788","drtg":"106.718","bpm":"1.355"},{"game_id":1213,"team_name":"IND","player_id":"{\"sabondo01\"}","player_name":"{\"Domantas Sabonis\"}","ts_pct":"0.561","efg_pct":"0.502","three_par":"0.064","ftr":"0.459","orb_pct":"8.566","drb_pct":"27.333","trb_pct":"17.565","ast_pct":"20.621","stl_pct":"1.591","blk_pct":"0.482","tov_pct":"14.562","usg_pct":"21.927","ortg":"112.094","drtg":"106.718","bpm":"2.307"},{"game_id":1213,"team_name":"IND","player_id":"{\"warretj01\"}","player_name":"{\"T.J. Warren\"}","ts_pct":"0.531","efg_pct":"0.517","three_par":"0.198","ftr":"0.150","orb_pct":"1.934","drb_pct":"8.642","trb_pct":"5.099","ast_pct":"4.745","stl_pct":"1.031","blk_pct":"1.478","tov_pct":"11.400","usg_pct":"18.652","ortg":"94.682","drtg":"119.459","bpm":"-6.587"},{"game_id":1213,"team_name":"IND","player_id":"{\"brogdma01\"}","player_name":"{\"Malcolm Brogdon\"}","ts_pct":"0.576","efg_pct":"0.542","three_par":"0.467","ftr":"0.247","orb_pct":"2.060","drb_pct":"11.918","trb_pct":"7.091","ast_pct":"29.847","stl_pct":"1.025","blk_pct":"1.099","tov_pct":"10.181","usg_pct":"21.521","ortg":"113.694","drtg":"112.212","bpm":"4.493"},{"game_id":1213,"team_name":"IND","player_id":"{\"sumneed01\"}","player_name":"{\"Edmond Sumner\"}","ts_pct":"0.371","efg_pct":"0.342","three_par":"0.089","ftr":"0.372","orb_pct":"1.421","drb_pct":"16.636","trb_pct":"10.816","ast_pct":"9.688","stl_pct":"2.791","blk_pct":"0.000","tov_pct":"4.781","usg_pct":"9.846","ortg":"107.976","drtg":"106.153","bpm":"2.346"},{"game_id":1213,"team_name":"IND","player_id":"{\"holidju01\"}","player_name":"{\"Justin Holiday\"}","ts_pct":"0.491","efg_pct":"0.475","three_par":"0.594","ftr":"0.095","orb_pct":"2.638","drb_pct":"9.375","trb_pct":"5.951","ast_pct":"8.568","stl_pct":"2.728","blk_pct":"1.029","tov_pct":"8.614","usg_pct":"17.708","ortg":"100.565","drtg":"114.929","bpm":"-1.395"},{"game_id":1213,"team_name":"IND","player_id":"benchIND","player_name":"Bench of IND","ts_pct":"0.389","efg_pct":"0.361","three_par":"0.259","ftr":"0.123","orb_pct":"4.185","drb_pct":"13.116","trb_pct":"8.631","ast_pct":"11.110","stl_pct":"0.843","blk_pct":"2.276","tov_pct":"9.401","usg_pct":"18.339","ortg":"80.794","drtg":"112.542","bpm":"-4.429"}]