[{"game_id":1167,"team_name":"PHO","player_id":"{\"payneca01\"}","player_name":"{\"Cameron Payne\"}","fg":"3.624","fga":"8.788","fg_pct":"0.412","three_p":"1.071","three_pa":"3.129","three_p_pct":"0.342","ft":"0.424","fta":"0.518","ft_pct":"0.819","orb":"0.153","drb":"1.871","trb":"2.024","ast":"3.659","stl":"0.541","blk":"0.388","tov":"1.012","pf":"1.624","pts":"8.741"},{"game_id":1167,"team_name":"PHO","player_id":"{\"craigto01\"}","player_name":"{\"Torrey Craig\"}","fg":"1.282","fga":"2.800","fg_pct":"0.458","three_p":"0.482","three_pa":"1.082","three_p_pct":"0.445","ft":"0.388","fta":"0.518","ft_pct":"0.749","orb":"1.306","drb":"1.741","trb":"3.047","ast":"0.365","stl":"0.141","blk":"0.294","tov":"0.447","pf":"2.000","pts":"3.435"},{"game_id":1167,"team_name":"PHO","player_id":"{\"bookede01\"}","player_name":"{\"Devin Booker\"}","fg":"8.682","fga":"22.212","fg_pct":"0.391","three_p":"1.659","three_pa":"6.482","three_p_pct":"0.256","ft":"6.824","fta":"7.388","ft_pct":"0.924","orb":"0.388","drb":"5.235","trb":"5.624","ast":"4.388","stl":"1.376","blk":"0.141","tov":"3.741","pf":"3.282","pts":"25.847"},{"game_id":1167,"team_name":"PHO","player_id":"{\"aytonde01\"}","player_name":"{\"Deandre Ayton\"}","fg":"7.788","fga":"11.341","fg_pct":"0.687","three_p":"0.000","three_pa":"0.000","three_p_pct":"NaN","ft":"1.529","fta":"2.059","ft_pct":"0.743","orb":"3.753","drb":"10.424","trb":"14.176","ast":"1.000","stl":"0.671","blk":"1.259","tov":"1.282","pf":"2.494","pts":"17.106"},{"game_id":1167,"team_name":"PHO","player_id":"{\"paulch01\"}","player_name":"{\"Chris Paul\"}","fg":"9.506","fga":"18.553","fg_pct":"0.512","three_p":"2.235","three_pa":"4.776","three_p_pct":"0.468","ft":"4.506","fta":"4.765","ft_pct":"0.946","orb":"0.424","drb":"3.400","trb":"3.824","ast":"9.224","stl":"1.506","blk":"0.071","tov":"1.706","pf":"1.965","pts":"25.753"},{"game_id":1167,"team_name":"PHO","player_id":"{\"bridgmi01\"}","player_name":"{\"Mikal Bridges\"}","fg":"4.047","fga":"8.412","fg_pct":"0.481","three_p":"1.059","three_pa":"3.200","three_p_pct":"0.331","ft":"1.000","fta":"1.118","ft_pct":"0.894","orb":"0.953","drb":"3.082","trb":"4.035","ast":"1.812","stl":"0.482","blk":"0.529","tov":"0.506","pf":"2.082","pts":"10.153"},{"game_id":1167,"team_name":"PHO","player_id":"benchPHO","player_name":"Bench of PHO","fg":"2.228","fga":"5.031","fg_pct":"0.443","three_p":"1.176","three_pa":"2.903","three_p_pct":"0.405","ft":"0.730","fta":"0.924","ft_pct":"0.790","orb":"0.506","drb":"3.203","trb":"3.709","ast":"1.254","stl":"0.488","blk":"0.368","tov":"0.728","pf":"1.792","pts":"6.361"},{"game_id":1167,"team_name":"MIL","player_id":"{\"forbebr01\"}","player_name":"{\"Bryn Forbes\"}","fg":"1.659","fga":"4.553","fg_pct":"0.364","three_p":"1.235","three_pa":"3.529","three_p_pct":"0.350","ft":"0.000","fta":"0.000","ft_pct":"NaN","orb":"0.106","drb":"1.059","trb":"1.165","ast":"0.282","stl":"0.000","blk":"0.047","tov":"0.318","pf":"0.812","pts":"4.553"},{"game_id":1167,"team_name":"MIL","player_id":"{\"portibo01\"}","player_name":"{\"Bobby Portis\"}","fg":"3.847","fga":"8.753","fg_pct":"0.440","three_p":"0.682","three_pa":"2.635","three_p_pct":"0.259","ft":"1.329","fta":"1.871","ft_pct":"0.710","orb":"1.741","drb":"3.729","trb":"5.471","ast":"1.082","stl":"0.753","blk":"0.282","tov":"0.459","pf":"1.612","pts":"9.706"},{"game_id":1167,"team_name":"MIL","player_id":"{\"middlkh01\"}","player_name":"{\"Khris Middleton\"}","fg":"9.553","fga":"21.353","fg_pct":"0.447","three_p":"2.988","three_pa":"8.953","three_p_pct":"0.334","ft":"3.812","fta":"4.129","ft_pct":"0.923","orb":"1.565","drb":"6.412","trb":"7.976","ast":"6.000","stl":"1.871","blk":"0.176","tov":"3.635","pf":"2.412","pts":"25.906"},{"game_id":1167,"team_name":"MIL","player_id":"{\"antetgi01\"}","player_name":"{\"Giannis Antetokounmpo\"}","fg":"11.235","fga":"19.024","fg_pct":"0.591","three_p":"0.718","three_pa":"2.788","three_p_pct":"0.258","ft":"4.847","fta":"8.906","ft_pct":"0.544","orb":"2.235","drb":"10.082","trb":"12.318","ast":"4.482","stl":"1.082","blk":"0.929","tov":"3.035","pf":"3.094","pts":"28.035"},{"game_id":1167,"team_name":"MIL","player_id":"{\"holidjr01\"}","player_name":"{\"Jrue Holiday\"}","fg":"7.400","fga":"18.129","fg_pct":"0.408","three_p":"2.224","three_pa":"7.400","three_p_pct":"0.301","ft":"2.259","fta":"3.259","ft_pct":"0.693","orb":"1.165","drb":"4.588","trb":"5.753","ast":"9.376","stl":"1.447","blk":"0.671","tov":"2.941","pf":"2.435","pts":"19.282"},{"game_id":1167,"team_name":"MIL","player_id":"{\"tuckepj01\"}","player_name":"{\"P.J. Tucker\"}","fg":"1.965","fga":"5.588","fg_pct":"0.352","three_p":"1.035","three_pa":"3.318","three_p_pct":"0.312","ft":"0.094","fta":"0.188","ft_pct":"0.500","orb":"2.176","drb":"3.988","trb":"6.165","ast":"1.435","stl":"1.176","blk":"0.200","tov":"0.318","pf":"2.753","pts":"5.059"},{"game_id":1167,"team_name":"MIL","player_id":"benchMIL","player_name":"Bench of MIL","fg":"2.717","fga":"5.085","fg_pct":"0.534","three_p":"0.949","three_pa":"2.247","three_p_pct":"0.422","ft":"0.643","fta":"0.791","ft_pct":"0.813","orb":"1.031","drb":"1.699","trb":"2.730","ast":"0.497","stl":"0.453","blk":"0.612","tov":"0.468","pf":"1.437","pts":"7.027"}]