[{"game_id":113,"team_name":"NOP","player_id":"{\"redicjj01\"}","player_name":"{\"J.J. Redick\"}","fg":"2.682","fga":"8.176","fg_pct":"0.328","three_p":"1.847","three_pa":"6.071","three_p_pct":"0.304","ft":"1.459","fta":"1.576","ft_pct":"0.926","orb":"0.153","drb":"1.553","trb":"1.706","ast":"1.271","stl":"0.282","blk":"0.047","tov":"0.812","pf":"2.024","pts":"8.671"},{"game_id":113,"team_name":"NOP","player_id":"{\"balllo01\"}","player_name":"{\"Lonzo Ball\"}","fg":"4.812","fga":"11.541","fg_pct":"0.417","three_p":"2.318","three_pa":"6.518","three_p_pct":"0.356","ft":"0.635","fta":"1.035","ft_pct":"0.614","orb":"0.788","drb":"4.106","trb":"4.894","ast":"5.129","stl":"0.976","blk":"0.941","tov":"2.859","pf":"3.000","pts":"12.576"},{"game_id":113,"team_name":"NOP","player_id":"{\"ingrabr01\"}","player_name":"{\"Brandon Ingram\"}","fg":"8.176","fga":"18.635","fg_pct":"0.439","three_p":"2.329","three_pa":"5.953","three_p_pct":"0.391","ft":"5.459","fta":"6.576","ft_pct":"0.830","orb":"0.565","drb":"5.400","trb":"5.965","ast":"5.365","stl":"0.694","blk":"0.765","tov":"2.341","pf":"1.365","pts":"24.141"},{"game_id":113,"team_name":"NOP","player_id":"{\"adamsst01\"}","player_name":"{\"Steven Adams\"}","fg":"4.447","fga":"7.176","fg_pct":"0.620","three_p":"0.000","three_pa":"0.000","three_p_pct":"NaN","ft":"1.271","fta":"2.494","ft_pct":"0.510","orb":"4.353","drb":"5.094","trb":"9.447","ast":"1.235","stl":"1.588","blk":"0.682","tov":"2.000","pf":"1.776","pts":"10.165"},{"game_id":113,"team_name":"NOP","player_id":"{\"willizi01\"}","player_name":"{\"Zion Williamson\"}","fg":"8.012","fga":"14.965","fg_pct":"0.535","three_p":"0.000","three_pa":"0.247","three_p_pct":"0.000","ft":"4.929","fta":"7.906","ft_pct":"0.623","orb":"3.259","drb":"4.388","trb":"7.647","ast":"1.341","stl":"0.976","blk":"0.482","tov":"2.435","pf":"2.188","pts":"20.953"},{"game_id":113,"team_name":"NOP","player_id":"{\"hartjo01\"}","player_name":"{\"Josh Hart\"}","fg":"2.588","fga":"6.788","fg_pct":"0.381","three_p":"1.259","three_pa":"4.400","three_p_pct":"0.286","ft":"1.894","fta":"2.741","ft_pct":"0.691","orb":"0.965","drb":"7.812","trb":"8.776","ast":"1.612","stl":"0.718","blk":"0.212","tov":"0.835","pf":"1.624","pts":"8.329"},{"game_id":113,"team_name":"NOP","player_id":"benchNOP","player_name":"Bench of NOP","fg":"3.030","fga":"6.866","fg_pct":"0.441","three_p":"0.958","three_pa":"2.805","three_p_pct":"0.342","ft":"1.458","fta":"1.794","ft_pct":"0.813","orb":"0.788","drb":"2.402","trb":"3.190","ast":"2.445","stl":"0.719","blk":"0.494","tov":"1.597","pf":"1.868","pts":"8.476"},{"game_id":113,"team_name":"OKC","player_id":"{\"gilgesh01\"}","player_name":"{\"Shai Gilgeous-Alexander\"}","fg":"6.035","fga":"14.224","fg_pct":"0.424","three_p":"1.882","three_pa":"5.776","three_p_pct":"0.326","ft":"2.847","fta":"3.647","ft_pct":"0.781","orb":"0.412","drb":"3.906","trb":"4.318","ast":"5.800","stl":"0.529","blk":"0.412","tov":"3.000","pf":"2.576","pts":"16.800"},{"game_id":113,"team_name":"OKC","player_id":"{\"bazleda01\"}","player_name":"{\"Darius Bazley\"}","fg":"3.835","fga":"8.553","fg_pct":"0.448","three_p":"1.447","three_pa":"3.976","three_p_pct":"0.364","ft":"1.965","fta":"2.141","ft_pct":"0.918","orb":"0.600","drb":"7.471","trb":"8.071","ast":"1.447","stl":"0.400","blk":"1.176","tov":"1.729","pf":"0.612","pts":"11.082"},{"game_id":113,"team_name":"OKC","player_id":"{\"dortlu01\"}","player_name":"{\"Luguentz Dort\"}","fg":"4.906","fga":"10.965","fg_pct":"0.447","three_p":"2.459","three_pa":"6.118","three_p_pct":"0.402","ft":"1.965","fta":"2.788","ft_pct":"0.705","orb":"0.753","drb":"2.282","trb":"3.035","ast":"1.035","stl":"0.800","blk":"0.388","tov":"1.612","pf":"3.153","pts":"14.235"},{"game_id":113,"team_name":"OKC","player_id":"{\"hillge01\"}","player_name":"{\"George Hill\"}","fg":"4.282","fga":"8.906","fg_pct":"0.481","three_p":"1.659","three_pa":"4.271","three_p_pct":"0.388","ft":"0.976","fta":"1.294","ft_pct":"0.754","orb":"0.741","drb":"1.471","trb":"2.212","ast":"3.141","stl":"0.647","blk":"0.153","tov":"1.071","pf":"0.882","pts":"11.200"},{"game_id":113,"team_name":"OKC","player_id":"{\"horfoal01\"}","player_name":"{\"Al Horford\"}","fg":"3.494","fga":"7.788","fg_pct":"0.449","three_p":"1.118","three_pa":"3.741","three_p_pct":"0.299","ft":"0.435","fta":"0.694","ft_pct":"0.627","orb":"1.165","drb":"5.788","trb":"6.953","ast":"2.718","stl":"0.200","blk":"0.635","tov":"0.682","pf":"1.894","pts":"8.541"},{"game_id":113,"team_name":"OKC","player_id":"{\"muscami01\"}","player_name":"{\"Mike Muscala\"}","fg":"2.553","fga":"5.800","fg_pct":"0.440","three_p":"1.635","three_pa":"4.306","three_p_pct":"0.380","ft":"0.882","fta":"0.882","ft_pct":"1.000","orb":"0.153","drb":"2.847","trb":"3.000","ast":"0.694","stl":"0.188","blk":"0.306","tov":"0.506","pf":"1.247","pts":"7.624"},{"game_id":113,"team_name":"OKC","player_id":"benchOKC","player_name":"Bench of OKC","fg":"2.236","fga":"4.976","fg_pct":"0.449","three_p":"0.542","three_pa":"1.942","three_p_pct":"0.279","ft":"0.893","fta":"1.633","ft_pct":"0.547","orb":"0.880","drb":"2.115","trb":"2.996","ast":"1.227","stl":"0.503","blk":"0.303","tov":"1.271","pf":"1.617","pts":"5.907"}]