[{"game_id":1231,"team_name":"TOR","player_id":"{\"bouchch01\"}","player_name":"{\"Chris Boucher\"}","fg":"1.247","fga":"2.494","fg_pct":"0.500","three_p":"0.294","three_pa":"1.176","three_p_pct":"0.250","ft":"0.588","fta":"0.706","ft_pct":"0.833","orb":"0.388","drb":"2.059","trb":"2.447","ast":"0.212","stl":"0.106","blk":"0.741","tov":"0.518","pf":"0.859","pts":"3.376"},{"game_id":1231,"team_name":"TOR","player_id":"{\"lowryky01\"}","player_name":"{\"Kyle Lowry\"}","fg":"6.376","fga":"14.788","fg_pct":"0.431","three_p":"3.106","three_pa":"8.459","three_p_pct":"0.367","ft":"4.000","fta":"4.753","ft_pct":"0.842","orb":"0.576","drb":"4.188","trb":"4.765","ast":"7.035","stl":"1.341","blk":"0.529","tov":"2.718","pf":"3.741","pts":"19.859"},{"game_id":1231,"team_name":"TOR","player_id":"{\"anunoog01\"}","player_name":"{\"OG Anunoby\"}","fg":"3.682","fga":"7.282","fg_pct":"0.506","three_p":"1.141","three_pa":"3.129","three_p_pct":"0.365","ft":"0.447","fta":"0.565","ft_pct":"0.791","orb":"1.071","drb":"3.812","trb":"4.882","ast":"1.082","stl":"1.200","blk":"1.424","tov":"1.082","pf":"2.306","pts":"8.953"},{"game_id":1231,"team_name":"TOR","player_id":"{\"ibakase01\"}","player_name":"{\"Serge Ibaka\"}","fg":"5.071","fga":"9.082","fg_pct":"0.558","three_p":"0.565","three_pa":"1.729","three_p_pct":"0.327","ft":"2.141","fta":"2.765","ft_pct":"0.774","orb":"1.494","drb":"4.941","trb":"6.435","ast":"0.635","stl":"0.471","blk":"1.541","tov":"2.118","pf":"3.318","pts":"12.847"},{"game_id":1231,"team_name":"TOR","player_id":"{\"vanvlfr01\"}","player_name":"{\"Fred VanVleet\"}","fg":"4.929","fga":"12.482","fg_pct":"0.395","three_p":"2.776","three_pa":"6.894","three_p_pct":"0.403","ft":"3.306","fta":"3.518","ft_pct":"0.940","orb":"0.424","drb":"3.365","trb":"3.788","ast":"4.306","stl":"1.306","blk":"0.129","tov":"2.071","pf":"1.882","pts":"15.941"},{"game_id":1231,"team_name":"TOR","player_id":"{\"siakapa01\"}","player_name":"{\"Pascal Siakam\"}","fg":"8.718","fga":"17.824","fg_pct":"0.489","three_p":"1.588","three_pa":"4.518","three_p_pct":"0.351","ft":"4.529","fta":"5.047","ft_pct":"0.897","orb":"2.118","drb":"6.671","trb":"8.788","ast":"3.412","stl":"0.388","blk":"0.400","tov":"2.859","pf":"3.212","pts":"23.553"},{"game_id":1231,"team_name":"TOR","player_id":"benchTOR","player_name":"Bench of TOR","fg":"1.310","fga":"3.530","fg_pct":"0.371","three_p":"0.739","three_pa":"2.026","three_p_pct":"0.365","ft":"0.885","fta":"0.985","ft_pct":"0.898","orb":"0.453","drb":"2.779","trb":"3.232","ast":"1.055","stl":"0.494","blk":"0.097","tov":"0.830","pf":"1.674","pts":"4.245"},{"game_id":1231,"team_name":"DET","player_id":"{\"mykhasv01\"}","player_name":"{\"Svi Mykhailiuk\"}","fg":"1.082","fga":"3.812","fg_pct":"0.284","three_p":"0.565","three_pa":"2.024","three_p_pct":"0.279","ft":"0.353","fta":"0.471","ft_pct":"0.749","orb":"0.247","drb":"1.000","trb":"1.247","ast":"1.094","stl":"0.424","blk":"0.118","tov":"0.306","pf":"0.353","pts":"3.082"},{"game_id":1231,"team_name":"DET","player_id":"{\"drumman01\"}","player_name":"{\"Andre Drummond\"}","fg":"7.400","fga":"13.659","fg_pct":"0.542","three_p":"0.000","three_pa":"0.353","three_p_pct":"0.000","ft":"3.435","fta":"6.271","ft_pct":"0.548","orb":"4.471","drb":"10.659","trb":"15.129","ast":"1.824","stl":"1.776","blk":"1.776","tov":"3.353","pf":"4.318","pts":"18.235"},{"game_id":1231,"team_name":"DET","player_id":"{\"morrima02\"}","player_name":"{\"Markieff Morris\"}","fg":"2.529","fga":"6.176","fg_pct":"0.409","three_p":"1.094","three_pa":"2.635","three_p_pct":"0.415","ft":"1.353","fta":"1.894","ft_pct":"0.714","orb":"0.824","drb":"2.765","trb":"3.588","ast":"1.318","stl":"0.482","blk":"0.376","tov":"1.788","pf":"2.753","pts":"7.506"},{"game_id":1231,"team_name":"DET","player_id":"{\"kennalu01\"}","player_name":"{\"Luke Kennard\"}","fg":"5.671","fga":"11.729","fg_pct":"0.484","three_p":"2.882","three_pa":"5.718","three_p_pct":"0.504","ft":"2.741","fta":"3.047","ft_pct":"0.900","orb":"0.129","drb":"3.106","trb":"3.235","ast":"2.282","stl":"0.424","blk":"0.106","tov":"0.859","pf":"1.765","pts":"16.965"},{"game_id":1231,"team_name":"DET","player_id":"{\"gallola01\"}","player_name":"{\"Langston Galloway\"}","fg":"2.353","fga":"7.341","fg_pct":"0.321","three_p":"1.471","three_pa":"4.388","three_p_pct":"0.335","ft":"1.224","fta":"1.506","ft_pct":"0.813","orb":"0.376","drb":"2.694","trb":"3.071","ast":"1.176","stl":"0.659","blk":"0.600","tov":"0.635","pf":"1.588","pts":"7.400"},{"game_id":1231,"team_name":"DET","player_id":"{\"fraziti01\"}","player_name":"{\"Tim Frazier\"}","fg":"0.753","fga":"2.588","fg_pct":"0.291","three_p":"0.435","three_pa":"1.271","three_p_pct":"0.342","ft":"0.918","fta":"1.059","ft_pct":"0.867","orb":"0.153","drb":"0.694","trb":"0.847","ast":"2.235","stl":"0.282","blk":"0.000","tov":"0.706","pf":"1.506","pts":"2.859"},{"game_id":1231,"team_name":"DET","player_id":"benchDET","player_name":"Bench of DET","fg":"3.608","fga":"7.285","fg_pct":"0.495","three_p":"0.581","three_pa":"1.740","three_p_pct":"0.334","ft":"1.410","fta":"1.727","ft_pct":"0.816","orb":"0.696","drb":"2.440","trb":"3.136","ast":"1.448","stl":"0.409","blk":"0.453","tov":"1.450","pf":"1.768","pts":"9.207"}]