[{"game_id":1241,"team_name":"BRK","player_id":"teamBRK","player_name":"Team name: BRK","fg":"40.560","fga":"94.000","fg_pct":"0.431","three_p":"13.063","three_pa":"37.137","three_p_pct":"0.352","ft":"21.057","fta":"28.286","ft_pct":"0.744","orb":"12.617","drb":"34.623","trb":"47.240","ast":"21.537","stl":"7.549","blk":"3.971","tov":"16.280","pf":"22.497","pts":"115.240"},{"game_id":1241,"team_name":"HOU","player_id":"teamHOU","player_name":"Team name: HOU","fg":"40.223","fga":"88.857","fg_pct":"0.453","three_p":"15.726","three_pa":"45.280","three_p_pct":"0.347","ft":"22.617","fta":"28.429","ft_pct":"0.796","orb":"11.263","drb":"32.800","trb":"44.063","ast":"22.360","stl":"7.657","blk":"4.297","tov":"14.709","pf":"22.731","pts":"118.789"}]