[{"game_id":1110,"team_name":"POR","player_id":"{\"holliro01\"}","player_name":"{\"Rondae Hollis-Jefferson\"}","ts_pct":"0.378","efg_pct":"0.449","three_par":"0.000","ftr":"0.431","orb_pct":"4.698","drb_pct":"32.496","trb_pct":"22.627","ast_pct":"7.818","stl_pct":"0.512","blk_pct":"1.658","tov_pct":"0.965","usg_pct":"8.320","ortg":"88.729","drtg":"110.659","bpm":"0.642"},{"game_id":1110,"team_name":"POR","player_id":"{\"littlna01\"}","player_name":"{\"Nassir Little\"}","ts_pct":"0.531","efg_pct":"0.523","three_par":"0.288","ftr":"0.106","orb_pct":"1.691","drb_pct":"15.356","trb_pct":"8.064","ast_pct":"4.886","stl_pct":"0.000","blk_pct":"0.000","tov_pct":"22.687","usg_pct":"18.307","ortg":"99.188","drtg":"121.424","bpm":"-5.411"},{"game_id":1110,"team_name":"POR","player_id":"{\"jonesde02\"}","player_name":"{\"Derrick Jones Jr.\"}","ts_pct":"0.387","efg_pct":"0.382","three_par":"0.233","ftr":"0.276","orb_pct":"1.704","drb_pct":"2.474","trb_pct":"2.078","ast_pct":"6.384","stl_pct":"0.542","blk_pct":"4.029","tov_pct":"6.000","usg_pct":"11.752","ortg":"80.659","drtg":"122.059","bpm":"-7.772"},{"game_id":1110,"team_name":"POR","player_id":"{\"ellebcj01\"}","player_name":"{\"CJ Elleby\"}","ts_pct":"0.265","efg_pct":"0.216","three_par":"0.208","ftr":"0.212","orb_pct":"5.581","drb_pct":"16.565","trb_pct":"11.002","ast_pct":"10.805","stl_pct":"0.000","blk_pct":"0.000","tov_pct":"1.882","usg_pct":"16.324","ortg":"68.318","drtg":"120.753","bpm":"-6.560"},{"game_id":1110,"team_name":"POR","player_id":"{\"covinro01\"}","player_name":"{\"Robert Covington\"}","ts_pct":"0.518","efg_pct":"0.511","three_par":"0.700","ftr":"0.066","orb_pct":"3.801","drb_pct":"15.395","trb_pct":"9.661","ast_pct":"5.469","stl_pct":"1.799","blk_pct":"3.025","tov_pct":"12.578","usg_pct":"9.309","ortg":"107.588","drtg":"116.176","bpm":"-1.254"},{"game_id":1110,"team_name":"POR","player_id":"{\"mccolcj01\"}","player_name":"{\"CJ McCollum\"}","ts_pct":"0.610","efg_pct":"0.592","three_par":"0.412","ftr":"0.163","orb_pct":"2.467","drb_pct":"10.916","trb_pct":"6.649","ast_pct":"16.424","stl_pct":"0.732","blk_pct":"0.592","tov_pct":"8.614","usg_pct":"25.325","ortg":"119.894","drtg":"122.024","bpm":"1.452"},{"game_id":1110,"team_name":"POR","player_id":"benchPOR","player_name":"Bench of POR","ts_pct":"0.556","efg_pct":"0.529","three_par":"0.325","ftr":"0.236","orb_pct":"6.644","drb_pct":"15.905","trb_pct":"11.491","ast_pct":"9.457","stl_pct":"0.903","blk_pct":"1.663","tov_pct":"11.599","usg_pct":"19.122","ortg":"112.535","drtg":"118.327","bpm":"-1.178"},{"game_id":1110,"team_name":"DEN","player_id":"{\"cancavl01\"}","player_name":"{\"Vlatko Čančar\"}","ts_pct":"0.465","efg_pct":"0.461","three_par":"0.420","ftr":"0.111","orb_pct":"4.831","drb_pct":"10.508","trb_pct":"7.709","ast_pct":"3.438","stl_pct":"0.427","blk_pct":"0.000","tov_pct":"3.172","usg_pct":"12.031","ortg":"96.965","drtg":"118.282","bpm":"-2.020"},{"game_id":1110,"team_name":"DEN","player_id":"{\"mcgeeja01\"}","player_name":"{\"JaVale McGee\"}","ts_pct":"0.452","efg_pct":"0.424","three_par":"0.081","ftr":"0.156","orb_pct":"12.553","drb_pct":"28.572","trb_pct":"19.966","ast_pct":"7.216","stl_pct":"0.609","blk_pct":"8.644","tov_pct":"13.774","usg_pct":"21.565","ortg":"92.706","drtg":"109.224","bpm":"-6.734"},{"game_id":1110,"team_name":"DEN","player_id":"{\"nnajize01\"}","player_name":"{\"Zeke Nnaji\"}","ts_pct":"0.339","efg_pct":"0.339","three_par":"0.594","ftr":"0.000","orb_pct":"1.002","drb_pct":"13.529","trb_pct":"7.162","ast_pct":"7.293","stl_pct":"4.216","blk_pct":"0.000","tov_pct":"0.000","usg_pct":"18.055","ortg":"88.729","drtg":"108.447","bpm":"-11.913"},{"game_id":1110,"team_name":"DEN","player_id":"{\"campafa01\"}","player_name":"{\"Facundo Campazzo\"}","ts_pct":"0.535","efg_pct":"0.461","three_par":"0.617","ftr":"0.310","orb_pct":"3.034","drb_pct":"13.605","trb_pct":"8.033","ast_pct":"24.649","stl_pct":"3.601","blk_pct":"1.707","tov_pct":"16.641","usg_pct":"14.979","ortg":"117.271","drtg":"115.482","bpm":"1.759"},{"game_id":1110,"team_name":"DEN","player_id":"{\"howarma02\"}","player_name":"{\"Markus Howard\"}","ts_pct":"0.649","efg_pct":"0.631","three_par":"0.586","ftr":"0.095","orb_pct":"0.586","drb_pct":"6.347","trb_pct":"3.555","ast_pct":"4.644","stl_pct":"1.469","blk_pct":"1.472","tov_pct":"15.642","usg_pct":"20.031","ortg":"122.388","drtg":"120.235","bpm":"-4.420"},{"game_id":1110,"team_name":"DEN","player_id":"{\"jokicni01\"}","player_name":"{\"Nikola Jokić\"}","ts_pct":"0.685","efg_pct":"0.621","three_par":"0.184","ftr":"0.397","orb_pct":"11.798","drb_pct":"25.727","trb_pct":"18.778","ast_pct":"32.971","stl_pct":"0.859","blk_pct":"0.852","tov_pct":"9.866","usg_pct":"35.658","ortg":"136.306","drtg":"118.118","bpm":"12.301"},{"game_id":1110,"team_name":"DEN","player_id":"benchDEN","player_name":"Bench of DEN","ts_pct":"0.526","efg_pct":"0.508","three_par":"0.420","ftr":"0.216","orb_pct":"3.927","drb_pct":"12.260","trb_pct":"8.031","ast_pct":"13.185","stl_pct":"1.576","blk_pct":"1.677","tov_pct":"11.376","usg_pct":"18.013","ortg":"111.011","drtg":"119.323","bpm":"-1.265"}]