[{"game_id":1066,"team_name":"NYK","player_id":"{\"randlju01\"}","player_name":"{\"Julius Randle\"}","ts_pct":"0.530","efg_pct":"0.478","three_par":"0.316","ftr":"0.286","orb_pct":"2.173","drb_pct":"22.621","trb_pct":"12.733","ast_pct":"29.813","stl_pct":"0.625","blk_pct":"0.405","tov_pct":"11.929","usg_pct":"32.368","ortg":"105.576","drtg":"109.929","bpm":"2.121"},{"game_id":1066,"team_name":"NYK","player_id":"{\"bullore01\"}","player_name":"{\"Reggie Bullock\"}","ts_pct":"0.581","efg_pct":"0.552","three_par":"0.732","ftr":"0.144","orb_pct":"1.139","drb_pct":"10.245","trb_pct":"5.921","ast_pct":"7.445","stl_pct":"1.331","blk_pct":"0.247","tov_pct":"6.020","usg_pct":"15.114","ortg":"113.776","drtg":"112.047","bpm":"-0.521"},{"game_id":1066,"team_name":"NYK","player_id":"{\"barrerj01\"}","player_name":"{\"RJ Barrett\"}","ts_pct":"0.491","efg_pct":"0.459","three_par":"0.386","ftr":"0.174","orb_pct":"1.595","drb_pct":"15.371","trb_pct":"8.587","ast_pct":"14.633","stl_pct":"0.945","blk_pct":"1.219","tov_pct":"8.374","usg_pct":"22.687","ortg":"98.565","drtg":"111.141","bpm":"-1.825"},{"game_id":1066,"team_name":"NYK","player_id":"{\"noelne01\"}","player_name":"{\"Nerlens Noel\"}","ts_pct":"0.660","efg_pct":"0.609","three_par":"0.012","ftr":"0.459","orb_pct":"8.982","drb_pct":"13.773","trb_pct":"11.561","ast_pct":"2.527","stl_pct":"2.251","blk_pct":"7.258","tov_pct":"11.071","usg_pct":"8.299","ortg":"136.306","drtg":"103.753","bpm":"0.240"},{"game_id":1066,"team_name":"NYK","player_id":"{\"burksal01\"}","player_name":"{\"Alec Burks\"}","ts_pct":"0.473","efg_pct":"0.447","three_par":"0.489","ftr":"0.185","orb_pct":"0.627","drb_pct":"23.654","trb_pct":"12.275","ast_pct":"16.028","stl_pct":"0.244","blk_pct":"1.608","tov_pct":"5.033","usg_pct":"22.651","ortg":"100.776","drtg":"108.200","bpm":"-0.466"},{"game_id":1066,"team_name":"NYK","player_id":"{\"rosede01\"}","player_name":"{\"Derrick Rose\"}","ts_pct":"0.671","efg_pct":"0.638","three_par":"0.223","ftr":"0.175","orb_pct":"1.740","drb_pct":"11.378","trb_pct":"6.618","ast_pct":"29.782","stl_pct":"1.378","blk_pct":"0.551","tov_pct":"11.140","usg_pct":"26.052","ortg":"126.106","drtg":"112.871","bpm":"5.761"},{"game_id":1066,"team_name":"NYK","player_id":"benchNYK","player_name":"Bench of NYK","ts_pct":"0.560","efg_pct":"0.541","three_par":"0.313","ftr":"0.194","orb_pct":"4.261","drb_pct":"11.913","trb_pct":"8.200","ast_pct":"11.529","stl_pct":"1.323","blk_pct":"2.675","tov_pct":"6.801","usg_pct":"14.742","ortg":"124.411","drtg":"109.706","bpm":"-0.491"},{"game_id":1066,"team_name":"BOS","player_id":"{\"langfro01\"}","player_name":"{\"Romeo Langford\"}","ts_pct":"0.382","efg_pct":"0.379","three_par":"0.388","ftr":"0.082","orb_pct":"1.508","drb_pct":"5.731","trb_pct":"3.546","ast_pct":"15.293","stl_pct":"0.628","blk_pct":"1.499","tov_pct":"7.441","usg_pct":"9.746","ortg":"96.106","drtg":"118.082","bpm":"-2.719"},{"game_id":1066,"team_name":"BOS","player_id":"{\"parkeja01\"}","player_name":"{\"Jabari Parker\"}","ts_pct":"0.439","efg_pct":"0.417","three_par":"0.158","ftr":"0.167","orb_pct":"6.013","drb_pct":"21.634","trb_pct":"13.914","ast_pct":"8.634","stl_pct":"0.272","blk_pct":"3.088","tov_pct":"12.647","usg_pct":"15.848","ortg":"85.294","drtg":"110.894","bpm":"-4.141"},{"game_id":1066,"team_name":"BOS","player_id":"{\"edwarca01\"}","player_name":"{\"Carsen Edwards\"}","ts_pct":"0.416","efg_pct":"0.382","three_par":"0.631","ftr":"0.157","orb_pct":"1.433","drb_pct":"6.828","trb_pct":"3.606","ast_pct":"11.628","stl_pct":"0.522","blk_pct":"0.000","tov_pct":"13.327","usg_pct":"18.112","ortg":"82.294","drtg":"122.471","bpm":"-7.708"},{"game_id":1066,"team_name":"BOS","player_id":"{\"kornelu01\"}","player_name":"{\"Luke Kornet\"}","ts_pct":"0.562","efg_pct":"0.557","three_par":"0.353","ftr":"0.016","orb_pct":"5.068","drb_pct":"12.121","trb_pct":"8.212","ast_pct":"9.479","stl_pct":"0.611","blk_pct":"5.893","tov_pct":"6.471","usg_pct":"13.298","ortg":"107.918","drtg":"113.812","bpm":"-1.101"},{"game_id":1066,"team_name":"BOS","player_id":"{\"willigr01\"}","player_name":"{\"Grant Williams\"}","ts_pct":"0.527","efg_pct":"0.511","three_par":"0.423","ftr":"0.250","orb_pct":"3.002","drb_pct":"14.738","trb_pct":"8.954","ast_pct":"10.300","stl_pct":"0.535","blk_pct":"3.002","tov_pct":"8.991","usg_pct":"17.036","ortg":"108.776","drtg":"118.071","bpm":"-4.747"},{"game_id":1066,"team_name":"BOS","player_id":"{\"watertr01\"}","player_name":"{\"Tremont Waters\"}","ts_pct":"0.444","efg_pct":"0.435","three_par":"0.298","ftr":"0.097","orb_pct":"0.974","drb_pct":"4.174","trb_pct":"2.680","ast_pct":"25.469","stl_pct":"1.676","blk_pct":"0.522","tov_pct":"22.104","usg_pct":"18.419","ortg":"80.141","drtg":"118.024","bpm":"-7.268"},{"game_id":1066,"team_name":"BOS","player_id":"benchBOS","player_name":"Bench of BOS","ts_pct":"0.573","efg_pct":"0.567","three_par":"0.423","ftr":"0.134","orb_pct":"4.571","drb_pct":"21.210","trb_pct":"12.909","ast_pct":"5.561","stl_pct":"1.261","blk_pct":"3.552","tov_pct":"9.633","usg_pct":"14.476","ortg":"110.255","drtg":"110.924","bpm":"-1.299"}]