[{"game_id":1082,"team_name":"BOS","player_id":"teamBOS","player_name":"Team name: BOS","ts_pct":"0.594","efg_pct":"0.580","three_par":"0.439","ftr":"0.214","orb_pct":"4.560","drb_pct":"17.606","trb_pct":"10.799","ast_pct":"14.775","stl_pct":"1.196","blk_pct":"2.837","tov_pct":"12.938","usg_pct":"20.229","ortg":"118.567","drtg":"127.928","bpm":"-1.845"},{"game_id":1082,"team_name":"WAS","player_id":"teamWAS","player_name":"Team name: WAS","ts_pct":"0.567","efg_pct":"0.527","three_par":"0.301","ftr":"0.339","orb_pct":"5.254","drb_pct":"16.033","trb_pct":"10.606","ast_pct":"12.264","stl_pct":"1.398","blk_pct":"2.304","tov_pct":"9.875","usg_pct":"19.930","ortg":"117.722","drtg":"125.093","bpm":"-1.750"}]