[{"game_id":1043,"team_name":"CHO","player_id":"teamCHO","player_name":"Team name: CHO","fg":"40.811","fga":"89.097","fg_pct":"0.458","three_p":"12.806","three_pa":"35.686","three_p_pct":"0.359","ft":"15.720","fta":"22.234","ft_pct":"0.707","orb":"11.823","drb":"33.829","trb":"45.651","ast":"27.697","stl":"7.646","blk":"5.937","tov":"13.554","pf":"19.017","pts":"110.149"},{"game_id":1043,"team_name":"LAC","player_id":"teamLAC","player_name":"Team name: LAC","fg":"38.966","fga":"83.326","fg_pct":"0.468","three_p":"12.789","three_pa":"33.977","three_p_pct":"0.376","ft":"17.646","fta":"20.434","ft_pct":"0.864","orb":"8.880","drb":"35.771","trb":"44.651","ast":"23.920","stl":"6.360","blk":"3.383","tov":"14.566","pf":"17.669","pts":"108.366"}]