[{"game_id":1163,"team_name":"LAC","player_id":"{\"morrima03\"}","player_name":"{\"Marcus Morris\"}","ts_pct":"0.523","efg_pct":"0.508","three_par":"0.393","ftr":"0.156","orb_pct":"1.724","drb_pct":"13.309","trb_pct":"7.554","ast_pct":"8.600","stl_pct":"0.838","blk_pct":"1.887","tov_pct":"4.033","usg_pct":"17.869","ortg":"109.918","drtg":"115.353","bpm":"-1.818"},{"game_id":1163,"team_name":"LAC","player_id":"{\"georgpa01\"}","player_name":"{\"Paul George\"}","ts_pct":"0.584","efg_pct":"0.519","three_par":"0.395","ftr":"0.439","orb_pct":"2.074","drb_pct":"26.071","trb_pct":"14.382","ast_pct":"25.458","stl_pct":"1.795","blk_pct":"1.218","tov_pct":"12.822","usg_pct":"34.612","ortg":"112.918","drtg":"108.965","bpm":"4.959"},{"game_id":1163,"team_name":"LAC","player_id":"{\"jacksre01\"}","player_name":"{\"Reggie Jackson\"}","ts_pct":"0.643","efg_pct":"0.626","three_par":"0.497","ftr":"0.149","orb_pct":"0.935","drb_pct":"9.746","trb_pct":"5.328","ast_pct":"15.175","stl_pct":"1.806","blk_pct":"0.595","tov_pct":"8.678","usg_pct":"23.684","ortg":"125.988","drtg":"114.459","bpm":"4.029"},{"game_id":1163,"team_name":"LAC","player_id":"{\"beverpa01\"}","player_name":"{\"Patrick Beverley\"}","ts_pct":"0.581","efg_pct":"0.570","three_par":"0.544","ftr":"0.191","orb_pct":"4.593","drb_pct":"12.427","trb_pct":"8.613","ast_pct":"9.520","stl_pct":"2.113","blk_pct":"3.504","tov_pct":"4.905","usg_pct":"9.829","ortg":"128.294","drtg":"111.529","bpm":"1.936"},{"game_id":1163,"team_name":"LAC","player_id":"{\"mannte01\"}","player_name":"{\"Terance Mann\"}","ts_pct":"0.601","efg_pct":"0.580","three_par":"0.384","ftr":"0.224","orb_pct":"3.659","drb_pct":"8.712","trb_pct":"6.214","ast_pct":"5.912","stl_pct":"1.659","blk_pct":"0.336","tov_pct":"2.011","usg_pct":"14.865","ortg":"126.671","drtg":"115.329","bpm":"0.439"},{"game_id":1163,"team_name":"LAC","player_id":"{\"scrubja01\"}","player_name":"{\"Jay Scrubb\"}","ts_pct":"0.162","efg_pct":"0.153","three_par":"0.050","ftr":"0.164","orb_pct":"0.464","drb_pct":"17.502","trb_pct":"15.186","ast_pct":"0.365","stl_pct":"0.449","blk_pct":"0.000","tov_pct":"7.702","usg_pct":"9.315","ortg":"22.765","drtg":"92.914","bpm":"-0.784"},{"game_id":1163,"team_name":"LAC","player_id":"benchLAC","player_name":"Bench of LAC","ts_pct":"0.373","efg_pct":"0.349","three_par":"0.294","ftr":"0.077","orb_pct":"3.570","drb_pct":"19.371","trb_pct":"12.913","ast_pct":"7.313","stl_pct":"0.977","blk_pct":"1.491","tov_pct":"3.048","usg_pct":"16.768","ortg":"79.616","drtg":"112.525","bpm":"3.492"},{"game_id":1163,"team_name":"PHO","player_id":"{\"saricda01\"}","player_name":"{\"Dario Šarić\"}","ts_pct":"0.671","efg_pct":"0.579","three_par":"0.411","ftr":"0.382","orb_pct":"6.408","drb_pct":"25.427","trb_pct":"16.188","ast_pct":"14.072","stl_pct":"0.324","blk_pct":"0.000","tov_pct":"3.674","usg_pct":"16.502","ortg":"143.529","drtg":"109.165","bpm":"3.320"},{"game_id":1163,"team_name":"PHO","player_id":"{\"naderab01\"}","player_name":"{\"Abdel Nader\"}","ts_pct":"0.575","efg_pct":"0.544","three_par":"0.342","ftr":"0.274","orb_pct":"4.552","drb_pct":"20.891","trb_pct":"13.071","ast_pct":"4.921","stl_pct":"0.974","blk_pct":"2.625","tov_pct":"15.042","usg_pct":"18.173","ortg":"89.259","drtg":"104.247","bpm":"-3.151"},{"game_id":1163,"team_name":"PHO","player_id":"{\"bookede01\"}","player_name":"{\"Devin Booker\"}","ts_pct":"0.548","efg_pct":"0.471","three_par":"0.296","ftr":"0.383","orb_pct":"1.504","drb_pct":"15.060","trb_pct":"8.718","ast_pct":"15.948","stl_pct":"1.300","blk_pct":"0.089","tov_pct":"14.481","usg_pct":"32.111","ortg":"102.294","drtg":"112.047","bpm":"-1.005"},{"game_id":1163,"team_name":"PHO","player_id":"{\"aytonde01\"}","player_name":"{\"Deandre Ayton\"}","ts_pct":"0.655","efg_pct":"0.641","three_par":"0.000","ftr":"0.129","orb_pct":"10.491","drb_pct":"24.324","trb_pct":"17.660","ast_pct":"5.128","stl_pct":"0.967","blk_pct":"2.918","tov_pct":"9.209","usg_pct":"17.320","ortg":"127.718","drtg":"107.776","bpm":"3.209"},{"game_id":1163,"team_name":"PHO","player_id":"{\"paulch01\"}","player_name":"{\"Chris Paul\"}","ts_pct":"0.549","efg_pct":"0.484","three_par":"0.218","ftr":"0.287","orb_pct":"0.786","drb_pct":"10.181","trb_pct":"5.811","ast_pct":"44.119","stl_pct":"1.885","blk_pct":"0.311","tov_pct":"8.394","usg_pct":"26.166","ortg":"122.612","drtg":"107.729","bpm":"5.341"},{"game_id":1163,"team_name":"PHO","player_id":"{\"crowdja01\"}","player_name":"{\"Jae Crowder\"}","ts_pct":"0.559","efg_pct":"0.518","three_par":"0.780","ftr":"0.154","orb_pct":"1.308","drb_pct":"17.492","trb_pct":"9.645","ast_pct":"8.538","stl_pct":"0.393","blk_pct":"1.656","tov_pct":"10.100","usg_pct":"11.785","ortg":"107.612","drtg":"112.376","bpm":"-0.482"},{"game_id":1163,"team_name":"PHO","player_id":"benchPHO","player_name":"Bench of PHO","ts_pct":"0.437","efg_pct":"0.423","three_par":"0.323","ftr":"0.146","orb_pct":"4.072","drb_pct":"15.035","trb_pct":"9.543","ast_pct":"14.629","stl_pct":"0.541","blk_pct":"1.311","tov_pct":"9.472","usg_pct":"16.351","ortg":"99.507","drtg":"112.293","bpm":"-2.948"}]