[{"game_id":1065,"team_name":"MIL","player_id":"teamMIL","player_name":"Team name: MIL","fg":"47.469","fga":"94.691","fg_pct":"0.501","three_p":"13.194","three_pa":"36.057","three_p_pct":"0.366","ft":"18.229","fta":"23.617","ft_pct":"0.772","orb":"10.834","drb":"37.840","trb":"48.674","ast":"25.777","stl":"7.651","blk":"5.069","tov":"12.360","pf":"18.029","pts":"126.360"},{"game_id":1065,"team_name":"MIA","player_id":"teamMIA","player_name":"Team name: MIA","fg":"42.983","fga":"83.811","fg_pct":"0.513","three_p":"13.731","three_pa":"34.446","three_p_pct":"0.399","ft":"17.794","fta":"21.463","ft_pct":"0.829","orb":"8.406","drb":"31.737","trb":"40.143","ast":"26.674","stl":"8.554","blk":"3.114","tov":"12.051","pf":"18.811","pts":"117.491"}]