[{"game_id":1012,"team_name":"BOS","player_id":"{\"edwarca01\"}","player_name":"{\"Carsen Edwards\"}","fg":"0.706","fga":"1.906","fg_pct":"0.370","three_p":"0.388","three_pa":"1.353","three_p_pct":"0.287","ft":"0.282","fta":"0.282","ft_pct":"1.000","orb":"0.106","drb":"0.282","trb":"0.388","ast":"0.212","stl":"0.000","blk":"0.000","tov":"0.306","pf":"0.353","pts":"2.082"},{"game_id":1012,"team_name":"BOS","player_id":"{\"willigr01\"}","player_name":"{\"Grant Williams\"}","fg":"1.600","fga":"3.741","fg_pct":"0.428","three_p":"0.835","three_pa":"2.494","three_p_pct":"0.335","ft":"0.800","fta":"0.871","ft_pct":"0.918","orb":"0.318","drb":"1.424","trb":"1.741","ast":"0.788","stl":"0.200","blk":"0.447","tov":"0.965","pf":"2.071","pts":"4.835"},{"game_id":1012,"team_name":"BOS","player_id":"{\"pritcpa01\"}","player_name":"{\"Payton Pritchard\"}","fg":"3.529","fga":"7.282","fg_pct":"0.485","three_p":"2.294","three_pa":"5.212","three_p_pct":"0.440","ft":"1.412","fta":"1.506","ft_pct":"0.938","orb":"0.247","drb":"2.165","trb":"2.412","ast":"1.353","stl":"0.424","blk":"0.071","tov":"0.741","pf":"1.188","pts":"10.765"},{"game_id":1012,"team_name":"BOS","player_id":"{\"kornelu01\"}","player_name":"{\"Luke Kornet\"}","fg":"1.753","fga":"3.012","fg_pct":"0.582","three_p":"0.329","three_pa":"1.341","three_p_pct":"0.245","ft":"0.082","fta":"0.082","ft_pct":"1.000","orb":"0.482","drb":"1.624","trb":"2.106","ast":"1.035","stl":"0.000","blk":"1.047","tov":"0.412","pf":"0.788","pts":"3.918"},{"game_id":1012,"team_name":"BOS","player_id":"{\"walkeke02\"}","player_name":"{\"Kemba Walker\"}","fg":"8.188","fga":"16.824","fg_pct":"0.487","three_p":"3.953","three_pa":"9.388","three_p_pct":"0.421","ft":"3.847","fta":"4.624","ft_pct":"0.832","orb":"0.718","drb":"4.165","trb":"4.882","ast":"4.800","stl":"1.035","blk":"0.341","tov":"1.753","pf":"1.553","pts":"24.176"},{"game_id":1012,"team_name":"BOS","player_id":"{\"tatumja01\"}","player_name":"{\"Jayson Tatum\"}","fg":"9.776","fga":"21.753","fg_pct":"0.449","three_p":"3.047","three_pa":"7.976","three_p_pct":"0.382","ft":"6.494","fta":"7.435","ft_pct":"0.873","orb":"1.329","drb":"6.494","trb":"7.824","ast":"4.635","stl":"0.953","blk":"0.529","tov":"3.118","pf":"1.776","pts":"29.094"},{"game_id":1012,"team_name":"BOS","player_id":"benchBOS","player_name":"Bench of BOS","fg":"3.613","fga":"7.713","fg_pct":"0.468","three_p":"1.158","three_pa":"3.046","three_p_pct":"0.380","ft":"1.018","fta":"1.515","ft_pct":"0.672","orb":"1.745","drb":"4.036","trb":"5.781","ast":"2.954","stl":"0.954","blk":"0.777","tov":"1.488","pf":"2.655","pts":"9.403"},{"game_id":1012,"team_name":"MIA","player_id":"{\"butleji01\"}","player_name":"{\"Jimmy Butler\"}","fg":"6.906","fga":"14.165","fg_pct":"0.488","three_p":"0.000","three_pa":"1.412","three_p_pct":"0.000","ft":"8.494","fta":"9.588","ft_pct":"0.886","orb":"1.859","drb":"4.659","trb":"6.518","ast":"6.800","stl":"2.506","blk":"0.282","tov":"1.918","pf":"1.141","pts":"22.306"},{"game_id":1012,"team_name":"MIA","player_id":"{\"arizatr01\"}","player_name":"{\"Trevor Ariza\"}","fg":"3.694","fga":"8.612","fg_pct":"0.429","three_p":"1.882","three_pa":"5.541","three_p_pct":"0.340","ft":"1.294","fta":"1.753","ft_pct":"0.738","orb":"1.259","drb":"4.376","trb":"5.635","ast":"1.953","stl":"1.306","blk":"0.647","tov":"0.953","pf":"2.106","pts":"10.565"},{"game_id":1012,"team_name":"MIA","player_id":"{\"robindu01\"}","player_name":"{\"Duncan Robinson\"}","fg":"4.353","fga":"10.071","fg_pct":"0.432","three_p":"3.341","three_pa":"8.471","three_p_pct":"0.394","ft":"0.624","fta":"0.965","ft_pct":"0.647","orb":"0.141","drb":"3.553","trb":"3.694","ast":"1.600","stl":"0.541","blk":"0.129","tov":"0.682","pf":"3.000","pts":"12.671"},{"game_id":1012,"team_name":"MIA","player_id":"{\"adebaba01\"}","player_name":"{\"Bam Adebayo\"}","fg":"6.835","fga":"12.012","fg_pct":"0.569","three_p":"0.000","three_pa":"0.000","three_p_pct":"NaN","ft":"3.800","fta":"5.200","ft_pct":"0.731","orb":"1.988","drb":"5.588","trb":"7.576","ast":"6.271","stl":"2.129","blk":"0.624","tov":"2.247","pf":"2.271","pts":"17.471"},{"game_id":1012,"team_name":"MIA","player_id":"{\"dragigo01\"}","player_name":"{\"Goran Dragić\"}","fg":"5.518","fga":"12.553","fg_pct":"0.440","three_p":"1.953","three_pa":"4.941","three_p_pct":"0.395","ft":"2.106","fta":"2.471","ft_pct":"0.852","orb":"0.988","drb":"2.906","trb":"3.894","ast":"4.294","stl":"0.835","blk":"0.188","tov":"1.576","pf":"2.471","pts":"15.094"},{"game_id":1012,"team_name":"MIA","player_id":"{\"nunnke01\"}","player_name":"{\"Kendrick Nunn\"}","fg":"6.918","fga":"13.635","fg_pct":"0.507","three_p":"2.800","three_pa":"7.212","three_p_pct":"0.388","ft":"1.129","fta":"1.129","ft_pct":"1.000","orb":"0.118","drb":"2.612","trb":"2.729","ast":"2.741","stl":"0.753","blk":"0.094","tov":"1.506","pf":"1.882","pts":"17.765"},{"game_id":1012,"team_name":"MIA","player_id":"benchMIA","player_name":"Bench of MIA","fg":"3.525","fga":"6.573","fg_pct":"0.536","three_p":"1.242","three_pa":"2.546","three_p_pct":"0.488","ft":"0.708","fta":"0.999","ft_pct":"0.709","orb":"0.771","drb":"3.160","trb":"3.932","ast":"2.351","stl":"0.664","blk":"0.313","tov":"0.955","pf":"1.549","pts":"9.001"}]