[{"game_id":1147,"team_name":"PHI","player_id":"teamPHI","player_name":"Team name: PHI","fg":"44.583","fga":"86.897","fg_pct":"0.513","three_p":"11.669","three_pa":"28.851","three_p_pct":"0.404","ft":"20.131","fta":"29.166","ft_pct":"0.690","orb":"8.783","drb":"34.674","trb":"43.457","ast":"27.023","stl":"8.154","blk":"6.320","tov":"11.474","pf":"22.846","pts":"120.966"},{"game_id":1147,"team_name":"ATL","player_id":"teamATL","player_name":"Team name: ATL","fg":"39.251","fga":"86.766","fg_pct":"0.452","three_p":"12.011","three_pa":"34.126","three_p_pct":"0.352","ft":"18.137","fta":"21.720","ft_pct":"0.835","orb":"9.097","drb":"34.800","trb":"43.897","ast":"21.434","stl":"5.606","blk":"5.177","tov":"11.063","pf":"20.760","pts":"108.651"}]