[{"game_id":1089,"team_name":"LAC","player_id":"{\"leonaka01\"}","player_name":"{\"Kawhi Leonard\"}","ts_pct":"0.665","efg_pct":"0.589","three_par":"0.361","ftr":"0.485","orb_pct":"1.594","drb_pct":"18.596","trb_pct":"11.069","ast_pct":"31.019","stl_pct":"1.027","blk_pct":"0.780","tov_pct":"15.199","usg_pct":"26.056","ortg":"128.671","drtg":"107.871","bpm":"6.060"},{"game_id":1089,"team_name":"LAC","player_id":"{\"georgpa01\"}","player_name":"{\"Paul George\"}","ts_pct":"0.533","efg_pct":"0.492","three_par":"0.492","ftr":"0.264","orb_pct":"1.809","drb_pct":"22.349","trb_pct":"12.954","ast_pct":"19.904","stl_pct":"1.232","blk_pct":"0.956","tov_pct":"15.788","usg_pct":"31.109","ortg":"98.094","drtg":"106.859","bpm":"-1.427"},{"game_id":1089,"team_name":"LAC","player_id":"{\"morrima03\"}","player_name":"{\"Marcus Morris\"}","ts_pct":"0.658","efg_pct":"0.613","three_par":"0.452","ftr":"0.259","orb_pct":"4.220","drb_pct":"15.078","trb_pct":"9.829","ast_pct":"4.812","stl_pct":"0.764","blk_pct":"1.145","tov_pct":"12.759","usg_pct":"21.020","ortg":"114.718","drtg":"112.153","bpm":"0.752"},{"game_id":1089,"team_name":"LAC","player_id":"{\"batumni01\"}","player_name":"{\"Nicolas Batum\"}","ts_pct":"0.589","efg_pct":"0.591","three_par":"0.648","ftr":"0.147","orb_pct":"1.695","drb_pct":"16.600","trb_pct":"9.782","ast_pct":"9.031","stl_pct":"1.593","blk_pct":"2.758","tov_pct":"7.652","usg_pct":"11.745","ortg":"118.541","drtg":"108.176","bpm":"2.719"},{"game_id":1089,"team_name":"LAC","player_id":"{\"rondora01\"}","player_name":"{\"Rajon Rondo\"}","ts_pct":"0.757","efg_pct":"0.733","three_par":"0.520","ftr":"0.251","orb_pct":"4.528","drb_pct":"14.613","trb_pct":"9.796","ast_pct":"42.448","stl_pct":"2.447","blk_pct":"0.272","tov_pct":"33.080","usg_pct":"19.346","ortg":"117.094","drtg":"109.459","bpm":"4.134"},{"game_id":1089,"team_name":"LAC","player_id":"{\"jacksre01\"}","player_name":"{\"Reggie Jackson\"}","ts_pct":"0.591","efg_pct":"0.574","three_par":"0.669","ftr":"0.075","orb_pct":"0.678","drb_pct":"9.039","trb_pct":"5.242","ast_pct":"13.026","stl_pct":"1.273","blk_pct":"0.480","tov_pct":"9.776","usg_pct":"22.295","ortg":"111.988","drtg":"111.929","bpm":"1.353"},{"game_id":1089,"team_name":"LAC","player_id":"benchLAC","player_name":"Bench of LAC","ts_pct":"0.566","efg_pct":"0.544","three_par":"0.335","ftr":"0.234","orb_pct":"7.146","drb_pct":"17.376","trb_pct":"12.390","ast_pct":"13.611","stl_pct":"0.549","blk_pct":"2.309","tov_pct":"9.031","usg_pct":"16.294","ortg":"117.635","drtg":"108.271","bpm":"-5.758"},{"game_id":1089,"team_name":"DAL","player_id":"{\"mellini01\"}","player_name":"{\"Nicolò Melli\"}","ts_pct":"0.424","efg_pct":"0.436","three_par":"0.577","ftr":"0.298","orb_pct":"6.824","drb_pct":"18.767","trb_pct":"12.831","ast_pct":"7.814","stl_pct":"0.489","blk_pct":"0.000","tov_pct":"3.348","usg_pct":"16.539","ortg":"95.541","drtg":"120.918","bpm":"-4.133"},{"game_id":1089,"team_name":"DAL","player_id":"{\"poweldw01\"}","player_name":"{\"Dwight Powell\"}","ts_pct":"0.833","efg_pct":"0.768","three_par":"0.000","ftr":"0.842","orb_pct":"9.907","drb_pct":"17.373","trb_pct":"13.669","ast_pct":"15.747","stl_pct":"1.214","blk_pct":"4.965","tov_pct":"19.549","usg_pct":"11.439","ortg":"154.529","drtg":"114.976","bpm":"2.799"},{"game_id":1089,"team_name":"DAL","player_id":"{\"caulewi01\"}","player_name":"{\"Willie Cauley-Stein\"}","ts_pct":"0.488","efg_pct":"0.447","three_par":"0.056","ftr":"0.181","orb_pct":"9.938","drb_pct":"24.801","trb_pct":"16.953","ast_pct":"5.300","stl_pct":"1.248","blk_pct":"4.552","tov_pct":"34.436","usg_pct":"11.129","ortg":"95.235","drtg":"113.541","bpm":"-5.315"},{"game_id":1089,"team_name":"DAL","player_id":"{\"doncilu01\"}","player_name":"{\"Luka Dončić\"}","ts_pct":"0.541","efg_pct":"0.488","three_par":"0.426","ftr":"0.347","orb_pct":"3.245","drb_pct":"29.079","trb_pct":"15.602","ast_pct":"39.200","stl_pct":"1.576","blk_pct":"0.781","tov_pct":"14.972","usg_pct":"36.884","ortg":"109.118","drtg":"114.659","bpm":"2.042"},{"game_id":1089,"team_name":"DAL","player_id":"{\"finnedo01\"}","player_name":"{\"Dorian Finney-Smith\"}","ts_pct":"0.643","efg_pct":"0.647","three_par":"0.610","ftr":"0.082","orb_pct":"3.373","drb_pct":"13.272","trb_pct":"8.227","ast_pct":"9.711","stl_pct":"0.866","blk_pct":"0.929","tov_pct":"14.246","usg_pct":"14.220","ortg":"119.329","drtg":"119.835","bpm":"-2.573"},{"game_id":1089,"team_name":"DAL","player_id":"{\"klebima01\"}","player_name":"{\"Maxi Kleber\"}","ts_pct":"0.555","efg_pct":"0.552","three_par":"0.710","ftr":"0.026","orb_pct":"6.904","drb_pct":"16.898","trb_pct":"11.945","ast_pct":"8.833","stl_pct":"0.324","blk_pct":"2.096","tov_pct":"7.082","usg_pct":"11.466","ortg":"121.871","drtg":"119.012","bpm":"-0.748"},{"game_id":1089,"team_name":"DAL","player_id":"benchDAL","player_name":"Bench of DAL","ts_pct":"0.627","efg_pct":"0.588","three_par":"0.406","ftr":"0.213","orb_pct":"2.691","drb_pct":"12.407","trb_pct":"7.323","ast_pct":"15.237","stl_pct":"1.579","blk_pct":"0.858","tov_pct":"5.522","usg_pct":"22.755","ortg":"127.086","drtg":"118.623","bpm":"2.152"}]