[{"game_id":1124,"team_name":"LAC","player_id":"{\"morrima03\"}","player_name":"{\"Marcus Morris\"}","ts_pct":"0.638","efg_pct":"0.610","three_par":"0.492","ftr":"0.238","orb_pct":"4.064","drb_pct":"11.741","trb_pct":"8.373","ast_pct":"4.225","stl_pct":"0.459","blk_pct":"1.379","tov_pct":"9.954","usg_pct":"17.659","ortg":"118.706","drtg":"116.141","bpm":"-1.707"},{"game_id":1124,"team_name":"LAC","player_id":"{\"leonaka01\"}","player_name":"{\"Kawhi Leonard\"}","ts_pct":"0.723","efg_pct":"0.659","three_par":"0.311","ftr":"0.491","orb_pct":"4.812","drb_pct":"16.654","trb_pct":"11.162","ast_pct":"22.586","stl_pct":"2.215","blk_pct":"1.607","tov_pct":"12.151","usg_pct":"27.031","ortg":"139.035","drtg":"109.906","bpm":"10.721"},{"game_id":1124,"team_name":"LAC","player_id":"{\"georgpa01\"}","player_name":"{\"Paul George\"}","ts_pct":"0.575","efg_pct":"0.529","three_par":"0.437","ftr":"0.261","orb_pct":"1.887","drb_pct":"22.220","trb_pct":"12.888","ast_pct":"19.320","stl_pct":"0.884","blk_pct":"0.432","tov_pct":"12.347","usg_pct":"28.776","ortg":"112.153","drtg":"112.753","bpm":"0.224"},{"game_id":1124,"team_name":"LAC","player_id":"{\"batumni01\"}","player_name":"{\"Nicolas Batum\"}","ts_pct":"0.660","efg_pct":"0.646","three_par":"0.657","ftr":"0.220","orb_pct":"2.845","drb_pct":"18.079","trb_pct":"11.127","ast_pct":"7.849","stl_pct":"1.998","blk_pct":"1.902","tov_pct":"5.718","usg_pct":"13.164","ortg":"134.129","drtg":"111.200","bpm":"4.726"},{"game_id":1124,"team_name":"LAC","player_id":"{\"jacksre01\"}","player_name":"{\"Reggie Jackson\"}","ts_pct":"0.560","efg_pct":"0.542","three_par":"0.711","ftr":"0.081","orb_pct":"1.387","drb_pct":"8.934","trb_pct":"5.654","ast_pct":"11.641","stl_pct":"0.841","blk_pct":"0.979","tov_pct":"7.588","usg_pct":"20.994","ortg":"113.718","drtg":"116.624","bpm":"0.145"},{"game_id":1124,"team_name":"LAC","player_id":"{\"rondora01\"}","player_name":"{\"Rajon Rondo\"}","ts_pct":"0.699","efg_pct":"0.691","three_par":"0.479","ftr":"0.259","orb_pct":"2.827","drb_pct":"16.305","trb_pct":"9.887","ast_pct":"39.369","stl_pct":"1.974","blk_pct":"1.200","tov_pct":"28.794","usg_pct":"17.814","ortg":"120.753","drtg":"112.035","bpm":"2.952"},{"game_id":1124,"team_name":"LAC","player_id":"benchLAC","player_name":"Bench of LAC","ts_pct":"0.530","efg_pct":"0.498","three_par":"0.240","ftr":"0.235","orb_pct":"9.833","drb_pct":"13.937","trb_pct":"11.984","ast_pct":"7.656","stl_pct":"0.332","blk_pct":"1.943","tov_pct":"7.956","usg_pct":"15.346","ortg":"113.930","drtg":"112.364","bpm":"-8.075"},{"game_id":1124,"team_name":"DAL","player_id":"{\"richajo01\"}","player_name":"{\"Josh Richardson\"}","ts_pct":"0.523","efg_pct":"0.484","three_par":"0.325","ftr":"0.215","orb_pct":"4.739","drb_pct":"8.054","trb_pct":"6.831","ast_pct":"8.581","stl_pct":"2.089","blk_pct":"0.419","tov_pct":"7.140","usg_pct":"19.489","ortg":"108.012","drtg":"122.388","bpm":"-2.833"},{"game_id":1124,"team_name":"DAL","player_id":"{\"caulewi01\"}","player_name":"{\"Willie Cauley-Stein\"}","ts_pct":"0.439","efg_pct":"0.399","three_par":"0.024","ftr":"0.313","orb_pct":"7.869","drb_pct":"19.335","trb_pct":"13.307","ast_pct":"7.955","stl_pct":"1.073","blk_pct":"4.415","tov_pct":"34.228","usg_pct":"11.191","ortg":"92.035","drtg":"120.082","bpm":"-4.916"},{"game_id":1124,"team_name":"DAL","player_id":"{\"hardati02\"}","player_name":"{\"Tim Hardaway Jr.\"}","ts_pct":"0.611","efg_pct":"0.575","three_par":"0.570","ftr":"0.246","orb_pct":"1.862","drb_pct":"8.928","trb_pct":"4.793","ast_pct":"11.534","stl_pct":"0.752","blk_pct":"0.413","tov_pct":"5.575","usg_pct":"20.948","ortg":"120.024","drtg":"125.988","bpm":"0.978"},{"game_id":1124,"team_name":"DAL","player_id":"{\"doncilu01\"}","player_name":"{\"Luka Dončić\"}","ts_pct":"0.539","efg_pct":"0.518","three_par":"0.412","ftr":"0.310","orb_pct":"2.620","drb_pct":"26.669","trb_pct":"13.885","ast_pct":"42.620","stl_pct":"1.536","blk_pct":"1.420","tov_pct":"13.656","usg_pct":"39.705","ortg":"107.812","drtg":"119.153","bpm":"5.239"},{"game_id":1124,"team_name":"DAL","player_id":"{\"finnedo01\"}","player_name":"{\"Dorian Finney-Smith\"}","ts_pct":"0.558","efg_pct":"0.562","three_par":"0.556","ftr":"0.024","orb_pct":"4.887","drb_pct":"13.647","trb_pct":"9.224","ast_pct":"7.462","stl_pct":"0.534","blk_pct":"0.722","tov_pct":"11.613","usg_pct":"13.186","ortg":"112.400","drtg":"124.624","bpm":"-3.515"},{"game_id":1124,"team_name":"DAL","player_id":"{\"porzikr01\"}","player_name":"{\"Kristaps Porziņģis\"}","ts_pct":"0.603","efg_pct":"0.561","three_par":"0.320","ftr":"0.266","orb_pct":"3.284","drb_pct":"15.104","trb_pct":"9.115","ast_pct":"6.081","stl_pct":"1.328","blk_pct":"2.115","tov_pct":"1.892","usg_pct":"21.411","ortg":"127.953","drtg":"120.694","bpm":"1.996"},{"game_id":1124,"team_name":"DAL","player_id":"benchDAL","player_name":"Bench of DAL","ts_pct":"0.593","efg_pct":"0.532","three_par":"0.282","ftr":"0.356","orb_pct":"7.370","drb_pct":"18.808","trb_pct":"12.823","ast_pct":"12.693","stl_pct":"0.882","blk_pct":"1.045","tov_pct":"8.060","usg_pct":"16.955","ortg":"133.223","drtg":"121.140","bpm":"3.801"}]