[{"game_id":1017,"team_name":"DET","player_id":"teamDET","player_name":"Team name: DET","fg":"39.537","fga":"84.526","fg_pct":"0.468","three_p":"10.520","three_pa":"31.143","three_p_pct":"0.338","ft":"14.600","fta":"20.646","ft_pct":"0.707","orb":"9.086","drb":"35.326","trb":"44.411","ast":"23.623","stl":"5.606","blk":"5.463","tov":"13.937","pf":"20.794","pts":"104.194"},{"game_id":1017,"team_name":"CHI","player_id":"teamCHI","player_name":"Team name: CHI","fg":"40.320","fga":"87.309","fg_pct":"0.462","three_p":"12.537","three_pa":"34.269","three_p_pct":"0.366","ft":"12.074","fta":"16.223","ft_pct":"0.744","orb":"10.783","drb":"35.909","trb":"46.691","ast":"27.480","stl":"7.120","blk":"3.589","tov":"14.560","pf":"18.571","pts":"105.251"}]