[{"game_id":1111,"team_name":"WAS","player_id":"{\"mathega01\"}","player_name":"{\"Garrison Mathews\"}","ts_pct":"0.393","efg_pct":"0.379","three_par":"0.832","ftr":"0.256","orb_pct":"0.000","drb_pct":"7.518","trb_pct":"3.539","ast_pct":"0.424","stl_pct":"0.235","blk_pct":"1.494","tov_pct":"2.351","usg_pct":"13.441","ortg":"79.847","drtg":"117.988","bpm":"-7.287"},{"game_id":1111,"team_name":"WAS","player_id":"{\"bealbr01\"}","player_name":"{\"Bradley Beal\"}","ts_pct":"0.573","efg_pct":"0.534","three_par":"0.261","ftr":"0.268","orb_pct":"3.305","drb_pct":"13.905","trb_pct":"8.828","ast_pct":"18.795","stl_pct":"0.951","blk_pct":"1.432","tov_pct":"10.129","usg_pct":"33.749","ortg":"111.529","drtg":"117.082","bpm":"3.468"},{"game_id":1111,"team_name":"WAS","player_id":"{\"bongais01\"}","player_name":"{\"Isaac Bonga\"}","ts_pct":"0.271","efg_pct":"0.262","three_par":"0.432","ftr":"0.055","orb_pct":"4.485","drb_pct":"3.741","trb_pct":"3.884","ast_pct":"6.642","stl_pct":"1.005","blk_pct":"5.332","tov_pct":"17.801","usg_pct":"19.040","ortg":"47.518","drtg":"108.729","bpm":"-11.880"},{"game_id":1111,"team_name":"WAS","player_id":"{\"westbru01\"}","player_name":"{\"Russell Westbrook\"}","ts_pct":"0.478","efg_pct":"0.396","three_par":"0.261","ftr":"0.508","orb_pct":"5.294","drb_pct":"22.546","trb_pct":"13.975","ast_pct":"46.733","stl_pct":"1.492","blk_pct":"1.042","tov_pct":"16.435","usg_pct":"26.905","ortg":"107.565","drtg":"112.094","bpm":"3.609"},{"game_id":1111,"team_name":"WAS","player_id":"{\"bertada01\"}","player_name":"{\"Dāvis Bertāns\"}","ts_pct":"0.489","efg_pct":"0.457","three_par":"0.890","ftr":"0.159","orb_pct":"0.000","drb_pct":"8.951","trb_pct":"4.522","ast_pct":"1.108","stl_pct":"0.754","blk_pct":"0.395","tov_pct":"4.464","usg_pct":"14.160","ortg":"92.800","drtg":"117.859","bpm":"-2.916"},{"game_id":1111,"team_name":"WAS","player_id":"{\"hachiru01\"}","player_name":"{\"Rui Hachimura\"}","ts_pct":"0.685","efg_pct":"0.677","three_par":"0.193","ftr":"0.161","orb_pct":"2.942","drb_pct":"14.652","trb_pct":"8.902","ast_pct":"4.141","stl_pct":"0.268","blk_pct":"0.878","tov_pct":"9.569","usg_pct":"16.928","ortg":"124.106","drtg":"117.741","bpm":"-2.032"},{"game_id":1111,"team_name":"WAS","player_id":"benchWAS","player_name":"Bench of WAS","ts_pct":"0.591","efg_pct":"0.568","three_par":"0.118","ftr":"0.285","orb_pct":"7.299","drb_pct":"14.442","trb_pct":"11.001","ast_pct":"8.554","stl_pct":"1.356","blk_pct":"2.951","tov_pct":"10.733","usg_pct":"17.496","ortg":"116.504","drtg":"113.682","bpm":"-0.815"},{"game_id":1111,"team_name":"PHI","player_id":"{\"korkmfu01\"}","player_name":"{\"Furkan Korkmaz\"}","ts_pct":"0.398","efg_pct":"0.381","three_par":"0.587","ftr":"0.169","orb_pct":"2.718","drb_pct":"8.249","trb_pct":"5.781","ast_pct":"15.098","stl_pct":"1.560","blk_pct":"0.494","tov_pct":"6.282","usg_pct":"21.338","ortg":"89.659","drtg":"110.247","bpm":"-6.374"},{"game_id":1111,"team_name":"PHI","player_id":"{\"scottmi01\"}","player_name":"{\"Mike Scott\"}","ts_pct":"0.413","efg_pct":"0.413","three_par":"0.549","ftr":"0.000","orb_pct":"1.234","drb_pct":"8.476","trb_pct":"4.745","ast_pct":"6.981","stl_pct":"0.201","blk_pct":"3.998","tov_pct":"2.118","usg_pct":"13.073","ortg":"91.894","drtg":"112.553","bpm":"-5.468"},{"game_id":1111,"team_name":"PHI","player_id":"{\"reedpa01\"}","player_name":"{\"Paul Reed\"}","ts_pct":"0.736","efg_pct":"0.731","three_par":"0.000","ftr":"0.043","orb_pct":"21.178","drb_pct":"26.433","trb_pct":"23.781","ast_pct":"9.767","stl_pct":"3.661","blk_pct":"7.609","tov_pct":"6.533","usg_pct":"22.646","ortg":"144.482","drtg":"96.059","bpm":"7.444"},{"game_id":1111,"team_name":"PHI","player_id":"{\"joeis01\"}","player_name":"{\"Isaiah Joe\"}","ts_pct":"0.570","efg_pct":"0.519","three_par":"0.833","ftr":"0.071","orb_pct":"0.000","drb_pct":"7.293","trb_pct":"3.584","ast_pct":"7.125","stl_pct":"1.456","blk_pct":"0.000","tov_pct":"7.182","usg_pct":"22.349","ortg":"102.859","drtg":"111.318","bpm":"-2.119"},{"game_id":1111,"team_name":"PHI","player_id":"{\"harrito02\"}","player_name":"{\"Tobias Harris\"}","ts_pct":"0.564","efg_pct":"0.527","three_par":"0.207","ftr":"0.167","orb_pct":"3.312","drb_pct":"18.936","trb_pct":"11.360","ast_pct":"12.674","stl_pct":"1.415","blk_pct":"1.542","tov_pct":"5.613","usg_pct":"27.096","ortg":"116.000","drtg":"108.706","bpm":"1.685"},{"game_id":1111,"team_name":"PHI","player_id":"{\"simmobe01\"}","player_name":"{\"Ben Simmons\"}","ts_pct":"0.581","efg_pct":"0.575","three_par":"0.016","ftr":"0.311","orb_pct":"7.886","drb_pct":"16.196","trb_pct":"12.286","ast_pct":"36.492","stl_pct":"2.080","blk_pct":"1.231","tov_pct":"11.533","usg_pct":"17.784","ortg":"133.071","drtg":"108.365","bpm":"5.567"},{"game_id":1111,"team_name":"PHI","player_id":"benchPHI","player_name":"Bench of PHI","ts_pct":"0.598","efg_pct":"0.565","three_par":"0.420","ftr":"0.309","orb_pct":"4.020","drb_pct":"14.798","trb_pct":"9.467","ast_pct":"12.625","stl_pct":"2.140","blk_pct":"2.884","tov_pct":"11.054","usg_pct":"19.152","ortg":"117.291","drtg":"107.052","bpm":"1.376"}]