[{"game_id":1087,"team_name":"MIL","player_id":"{\"antetgi01\"}","player_name":"{\"Giannis Antetokounmpo\"}","fg":"10.118","fga":"17.071","fg_pct":"0.593","three_p":"1.000","three_pa":"3.471","three_p_pct":"0.288","ft":"5.306","fta":"7.765","ft_pct":"0.683","orb":"1.153","drb":"8.376","trb":"9.529","ast":"5.118","stl":"1.094","blk":"0.706","tov":"1.894","pf":"2.871","pts":"26.541"},{"game_id":1087,"team_name":"MIL","player_id":"{\"middlkh01\"}","player_name":"{\"Khris Middleton\"}","fg":"7.871","fga":"16.588","fg_pct":"0.474","three_p":"2.035","three_pa":"6.306","three_p_pct":"0.323","ft":"3.706","fta":"3.929","ft_pct":"0.943","orb":"0.565","drb":"5.612","trb":"6.176","ast":"5.518","stl":"0.788","blk":"0.000","tov":"2.188","pf":"2.435","pts":"21.482"},{"game_id":1087,"team_name":"MIL","player_id":"{\"holidjr01\"}","player_name":"{\"Jrue Holiday\"}","fg":"7.871","fga":"15.941","fg_pct":"0.494","three_p":"2.118","three_pa":"5.529","three_p_pct":"0.383","ft":"2.635","fta":"3.412","ft_pct":"0.772","orb":"1.212","drb":"3.082","trb":"4.294","ast":"7.871","stl":"0.929","blk":"1.212","tov":"2.047","pf":"1.365","pts":"20.494"},{"game_id":1087,"team_name":"MIL","player_id":"{\"divindo01\"}","player_name":"{\"Donte DiVincenzo\"}","fg":"4.082","fga":"8.976","fg_pct":"0.455","three_p":"2.482","three_pa":"6.306","three_p_pct":"0.394","ft":"1.153","fta":"1.753","ft_pct":"0.658","orb":"0.988","drb":"5.882","trb":"6.871","ast":"3.153","stl":"0.871","blk":"0.376","tov":"1.106","pf":"2.082","pts":"11.800"},{"game_id":1087,"team_name":"MIL","player_id":"{\"lopezbr01\"}","player_name":"{\"Brook Lopez\"}","fg":"6.388","fga":"10.694","fg_pct":"0.597","three_p":"0.447","three_pa":"2.082","three_p_pct":"0.215","ft":"2.624","fta":"3.271","ft_pct":"0.802","orb":"2.176","drb":"3.388","trb":"5.565","ast":"0.424","stl":"0.282","blk":"1.647","tov":"1.118","pf":"2.141","pts":"15.847"},{"game_id":1087,"team_name":"MIL","player_id":"{\"tuckepj01\"}","player_name":"{\"P.J. Tucker\"}","fg":"0.671","fga":"2.153","fg_pct":"0.312","three_p":"0.471","three_pa":"1.635","three_p_pct":"0.288","ft":"0.447","fta":"0.647","ft_pct":"0.691","orb":"0.659","drb":"1.729","trb":"2.388","ast":"1.176","stl":"0.494","blk":"0.000","tov":"0.412","pf":"1.906","pts":"2.259"},{"game_id":1087,"team_name":"MIL","player_id":"benchMIL","player_name":"Bench of MIL","fg":"3.704","fga":"7.557","fg_pct":"0.490","three_p":"1.584","three_pa":"3.691","three_p_pct":"0.429","ft":"0.916","fta":"1.210","ft_pct":"0.757","orb":"1.130","drb":"3.699","trb":"4.828","ast":"0.889","stl":"0.723","blk":"0.270","tov":"0.744","pf":"1.343","pts":"9.908"},{"game_id":1087,"team_name":"MIA","player_id":"{\"butleji01\"}","player_name":"{\"Jimmy Butler\"}","fg":"6.635","fga":"12.659","fg_pct":"0.524","three_p":"0.882","three_pa":"1.976","three_p_pct":"0.446","ft":"7.306","fta":"8.247","ft_pct":"0.886","orb":"1.553","drb":"4.306","trb":"5.859","ast":"6.035","stl":"1.894","blk":"0.153","tov":"1.765","pf":"0.918","pts":"21.459"},{"game_id":1087,"team_name":"MIA","player_id":"{\"adebaba01\"}","player_name":"{\"Bam Adebayo\"}","fg":"6.471","fga":"11.035","fg_pct":"0.586","three_p":"0.000","three_pa":"0.000","three_p_pct":"NaN","ft":"3.071","fta":"3.965","ft_pct":"0.775","orb":"1.871","drb":"6.141","trb":"8.012","ast":"6.271","stl":"1.588","blk":"0.706","tov":"2.224","pf":"2.388","pts":"16.012"},{"game_id":1087,"team_name":"MIA","player_id":"{\"arizatr01\"}","player_name":"{\"Trevor Ariza\"}","fg":"4.094","fga":"9.518","fg_pct":"0.430","three_p":"1.929","three_pa":"5.635","three_p_pct":"0.342","ft":"1.153","fta":"1.376","ft_pct":"0.838","orb":"1.200","drb":"4.224","trb":"5.424","ast":"1.953","stl":"1.729","blk":"0.588","tov":"0.824","pf":"2.224","pts":"11.271"},{"game_id":1087,"team_name":"MIA","player_id":"{\"robindu01\"}","player_name":"{\"Duncan Robinson\"}","fg":"4.329","fga":"9.541","fg_pct":"0.454","three_p":"3.541","three_pa":"8.035","three_p_pct":"0.441","ft":"1.118","fta":"1.376","ft_pct":"0.813","orb":"0.212","drb":"2.541","trb":"2.753","ast":"1.706","stl":"1.047","blk":"0.600","tov":"1.000","pf":"2.459","pts":"13.318"},{"game_id":1087,"team_name":"MIA","player_id":"{\"dragigo01\"}","player_name":"{\"Goran Dragić\"}","fg":"5.635","fga":"13.282","fg_pct":"0.424","three_p":"2.800","three_pa":"6.176","three_p_pct":"0.453","ft":"1.682","fta":"1.882","ft_pct":"0.894","orb":"0.612","drb":"2.141","trb":"2.753","ast":"3.929","stl":"0.506","blk":"0.082","tov":"2.165","pf":"2.518","pts":"15.753"},{"game_id":1087,"team_name":"MIA","player_id":"{\"nunnke01\"}","player_name":"{\"Kendrick Nunn\"}","fg":"7.424","fga":"12.953","fg_pct":"0.573","three_p":"2.141","three_pa":"5.529","three_p_pct":"0.387","ft":"1.129","fta":"1.129","ft_pct":"1.000","orb":"0.529","drb":"2.812","trb":"3.341","ast":"1.918","stl":"0.576","blk":"0.341","tov":"1.082","pf":"2.047","pts":"18.118"},{"game_id":1087,"team_name":"MIA","player_id":"benchMIA","player_name":"Bench of MIA","fg":"3.319","fga":"6.259","fg_pct":"0.530","three_p":"1.089","three_pa":"2.488","three_p_pct":"0.438","ft":"0.632","fta":"1.000","ft_pct":"0.632","orb":"0.733","drb":"3.619","trb":"4.352","ast":"2.532","stl":"0.348","blk":"0.239","tov":"1.306","pf":"1.957","pts":"8.357"}]