[{"game_id":1110,"team_name":"POR","player_id":"{\"holliro01\"}","player_name":"{\"Rondae Hollis-Jefferson\"}","fg":"0.729","fga":"1.035","fg_pct":"0.704","three_p":"0.000","three_pa":"0.000","three_p_pct":"NaN","ft":"0.106","fta":"0.612","ft_pct":"0.173","orb":"0.553","drb":"1.365","trb":"1.918","ast":"0.729","stl":"0.059","blk":"0.235","tov":"0.047","pf":"0.624","pts":"1.565"},{"game_id":1110,"team_name":"POR","player_id":"{\"littlna01\"}","player_name":"{\"Nassir Little\"}","fg":"1.271","fga":"2.294","fg_pct":"0.554","three_p":"0.259","three_pa":"0.788","three_p_pct":"0.329","ft":"0.235","fta":"0.365","ft_pct":"0.644","orb":"0.224","drb":"1.094","trb":"1.318","ast":"0.282","stl":"0.000","blk":"0.000","tov":"0.529","pf":"0.341","pts":"3.035"},{"game_id":1110,"team_name":"POR","player_id":"{\"jonesde02\"}","player_name":"{\"Derrick Jones Jr.\"}","fg":"1.235","fga":"2.565","fg_pct":"0.481","three_p":"0.071","three_pa":"0.788","three_p_pct":"0.090","ft":"0.718","fta":"0.906","ft_pct":"0.792","orb":"0.294","drb":"0.494","trb":"0.788","ast":"0.765","stl":"0.235","blk":"0.306","tov":"0.353","pf":"1.706","pts":"3.259"},{"game_id":1110,"team_name":"POR","player_id":"{\"ellebcj01\"}","player_name":"{\"CJ Elleby\"}","fg":"0.565","fga":"1.541","fg_pct":"0.367","three_p":"0.071","three_pa":"0.624","three_p_pct":"0.114","ft":"0.306","fta":"0.306","ft_pct":"1.000","orb":"0.212","drb":"0.647","trb":"0.859","ast":"0.471","stl":"0.000","blk":"0.000","tov":"0.094","pf":"0.541","pts":"1.506"},{"game_id":1110,"team_name":"POR","player_id":"{\"covinro01\"}","player_name":"{\"Robert Covington\"}","fg":"2.259","fga":"6.059","fg_pct":"0.373","three_p":"1.353","three_pa":"4.047","three_p_pct":"0.334","ft":"0.329","fta":"0.541","ft_pct":"0.608","orb":"1.165","drb":"4.859","trb":"6.024","ast":"1.624","stl":"1.212","blk":"1.141","tov":"0.953","pf":"2.882","pts":"6.200"},{"game_id":1110,"team_name":"POR","player_id":"{\"mccolcj01\"}","player_name":"{\"CJ McCollum\"}","fg":"8.800","fga":"18.082","fg_pct":"0.487","three_p":"3.376","three_pa":"7.541","three_p_pct":"0.448","ft":"2.118","fta":"2.847","ft_pct":"0.744","orb":"0.894","drb":"3.647","trb":"4.541","ast":"3.918","stl":"0.529","blk":"0.247","tov":"1.706","pf":"2.353","pts":"23.094"},{"game_id":1110,"team_name":"POR","player_id":"benchPOR","player_name":"Bench of POR","fg":"3.801","fga":"7.807","fg_pct":"0.487","three_p":"1.313","three_pa":"3.094","three_p_pct":"0.424","ft":"1.946","fta":"2.260","ft_pct":"0.861","orb":"0.946","drb":"2.916","trb":"3.861","ast":"1.902","stl":"0.418","blk":"0.391","tov":"0.892","pf":"1.628","pts":"10.862"},{"game_id":1110,"team_name":"DEN","player_id":"{\"cancavl01\"}","player_name":"{\"Vlatko Čančar\"}","fg":"1.824","fga":"3.506","fg_pct":"0.520","three_p":"0.424","three_pa":"1.282","three_p_pct":"0.331","ft":"0.341","fta":"0.553","ft_pct":"0.617","orb":"0.518","drb":"1.188","trb":"1.706","ast":"0.424","stl":"0.259","blk":"0.000","tov":"0.224","pf":"0.447","pts":"4.412"},{"game_id":1110,"team_name":"DEN","player_id":"{\"mcgeeja01\"}","player_name":"{\"JaVale McGee\"}","fg":"2.847","fga":"6.165","fg_pct":"0.462","three_p":"0.000","three_pa":"0.447","three_p_pct":"0.000","ft":"0.576","fta":"0.824","ft_pct":"0.699","orb":"1.976","drb":"3.835","trb":"5.812","ast":"0.624","stl":"0.153","blk":"1.282","tov":"0.882","pf":"3.212","pts":"6.271"},{"game_id":1110,"team_name":"DEN","player_id":"{\"nnajize01\"}","player_name":"{\"Zeke Nnaji\"}","fg":"0.776","fga":"2.365","fg_pct":"0.328","three_p":"0.541","three_pa":"1.447","three_p_pct":"0.374","ft":"0.000","fta":"0.000","ft_pct":"NaN","orb":"0.141","drb":"1.071","trb":"1.212","ast":"0.494","stl":"0.529","blk":"0.000","tov":"0.000","pf":"0.612","pts":"2.094"},{"game_id":1110,"team_name":"DEN","player_id":"{\"campafa01\"}","player_name":"{\"Facundo Campazzo\"}","fg":"2.812","fga":"7.788","fg_pct":"0.361","three_p":"1.518","three_pa":"4.671","three_p_pct":"0.325","ft":"2.129","fta":"2.329","ft_pct":"0.914","orb":"0.871","drb":"3.541","trb":"4.412","ast":"6.129","stl":"2.235","blk":"0.541","tov":"1.906","pf":"1.718","pts":"9.271"},{"game_id":1110,"team_name":"DEN","player_id":"{\"howarma02\"}","player_name":"{\"Markus Howard\"}","fg":"3.541","fga":"6.647","fg_pct":"0.533","three_p":"1.624","three_pa":"3.671","three_p_pct":"0.442","ft":"0.576","fta":"0.635","ft_pct":"0.907","orb":"0.071","drb":"1.294","trb":"1.365","ast":"0.800","stl":"0.200","blk":"0.247","tov":"0.941","pf":"1.435","pts":"9.282"},{"game_id":1110,"team_name":"DEN","player_id":"{\"jokicni01\"}","player_name":"{\"Nikola Jokić\"}","fg":"11.165","fga":"19.329","fg_pct":"0.578","three_p":"1.400","three_pa":"3.906","three_p_pct":"0.358","ft":"6.482","fta":"6.941","ft_pct":"0.934","orb":"3.365","drb":"7.271","trb":"10.635","ast":"5.341","stl":"0.447","blk":"0.247","tov":"2.412","pf":"2.859","pts":"30.212"},{"game_id":1110,"team_name":"DEN","player_id":"benchDEN","player_name":"Bench of DEN","fg":"3.808","fga":"8.198","fg_pct":"0.465","three_p":"1.387","three_pa":"3.499","three_p_pct":"0.396","ft":"1.155","fta":"1.554","ft_pct":"0.743","orb":"0.819","drb":"2.555","trb":"3.374","ast":"2.164","stl":"0.704","blk":"0.320","tov":"0.989","pf":"2.009","pts":"10.159"}]