[{"game_id":1045,"team_name":"ATL","player_id":"{\"goodwbr01\"}","player_name":"{\"Brandon Goodwin\"}","fg":"2.012","fga":"6.141","fg_pct":"0.328","three_p":"0.388","three_pa":"2.671","three_p_pct":"0.145","ft":"0.788","fta":"1.247","ft_pct":"0.632","orb":"0.165","drb":"1.976","trb":"2.141","ast":"3.047","stl":"0.118","blk":"0.000","tov":"1.294","pf":"1.200","pts":"5.200"},{"game_id":1045,"team_name":"ATL","player_id":"{\"knighna01\"}","player_name":"{\"Nathan Knight\"}","fg":"0.835","fga":"3.212","fg_pct":"0.260","three_p":"0.000","three_pa":"1.153","three_p_pct":"0.000","ft":"1.647","fta":"1.765","ft_pct":"0.933","orb":"0.765","drb":"1.459","trb":"2.224","ast":"0.259","stl":"0.329","blk":"0.224","tov":"0.271","pf":"0.647","pts":"3.318"},{"game_id":1045,"team_name":"ATL","player_id":"{\"mayssk01\"}","player_name":"{\"Skylar Mays\"}","fg":"1.424","fga":"2.729","fg_pct":"0.522","three_p":"0.282","three_pa":"0.976","three_p_pct":"0.289","ft":"0.494","fta":"0.494","ft_pct":"1.000","orb":"0.129","drb":"0.882","trb":"1.012","ast":"0.365","stl":"0.682","blk":"0.000","tov":"0.212","pf":"0.400","pts":"3.624"},{"game_id":1045,"team_name":"ATL","player_id":"{\"fernabr01\"}","player_name":"{\"Bruno Fernando\"}","fg":"0.353","fga":"0.882","fg_pct":"0.400","three_p":"0.000","three_pa":"0.000","three_p_pct":"NaN","ft":"0.388","fta":"0.529","ft_pct":"0.733","orb":"0.271","drb":"0.318","trb":"0.588","ast":"0.000","stl":"0.000","blk":"0.000","tov":"0.624","pf":"0.306","pts":"1.094"},{"game_id":1045,"team_name":"ATL","player_id":"{\"huertke01\"}","player_name":"{\"Kevin Huerter\"}","fg":"3.800","fga":"9.588","fg_pct":"0.396","three_p":"1.518","three_pa":"5.082","three_p_pct":"0.299","ft":"0.435","fta":"0.706","ft_pct":"0.616","orb":"0.235","drb":"2.918","trb":"3.153","ast":"3.435","stl":"0.988","blk":"0.400","tov":"1.141","pf":"2.388","pts":"9.553"},{"game_id":1045,"team_name":"ATL","player_id":"{\"bogdabo01\"}","player_name":"{\"Bogdan Bogdanović\"}","fg":"8.212","fga":"16.235","fg_pct":"0.506","three_p":"5.024","three_pa":"10.153","three_p_pct":"0.495","ft":"0.541","fta":"0.612","ft_pct":"0.884","orb":"0.365","drb":"3.012","trb":"3.376","ast":"4.059","stl":"1.906","blk":"0.482","tov":"1.412","pf":"2.718","pts":"21.988"},{"game_id":1045,"team_name":"ATL","player_id":"benchATL","player_name":"Bench of ATL","fg":"4.819","fga":"9.344","fg_pct":"0.516","three_p":"0.894","three_pa":"2.658","three_p_pct":"0.336","ft":"2.946","fta":"3.510","ft_pct":"0.839","orb":"1.183","drb":"4.398","trb":"5.581","ast":"2.682","stl":"0.604","blk":"0.592","tov":"1.540","pf":"1.824","pts":"13.479"},{"game_id":1045,"team_name":"ORL","player_id":"{\"hamptrj01\"}","player_name":"{\"R.J. Hampton\"}","fg":"5.235","fga":"11.459","fg_pct":"0.457","three_p":"0.871","three_pa":"2.541","three_p_pct":"0.343","ft":"2.741","fta":"3.976","ft_pct":"0.689","orb":"0.753","drb":"4.824","trb":"5.576","ast":"4.071","stl":"0.365","blk":"0.306","tov":"1.459","pf":"1.706","pts":"14.082"},{"game_id":1045,"team_name":"ORL","player_id":"{\"cartewe01\"}","player_name":"{\"Wendell Carter Jr.\"}","fg":"3.788","fga":"8.812","fg_pct":"0.430","three_p":"0.400","three_pa":"1.471","three_p_pct":"0.272","ft":"1.600","fta":"2.153","ft_pct":"0.743","orb":"1.882","drb":"6.635","trb":"8.518","ast":"1.518","stl":"0.376","blk":"0.341","tov":"1.118","pf":"2.176","pts":"9.576"},{"game_id":1045,"team_name":"ORL","player_id":"{\"brazdig01\"}","player_name":"{\"Ignas Brazdeikis\"}","fg":"2.412","fga":"5.976","fg_pct":"0.404","three_p":"0.647","three_pa":"1.424","three_p_pct":"0.454","ft":"0.988","fta":"1.365","ft_pct":"0.724","orb":"0.953","drb":"2.341","trb":"3.294","ast":"1.271","stl":"0.365","blk":"0.000","tov":"0.988","pf":"2.188","pts":"6.459"},{"game_id":1045,"team_name":"ORL","player_id":"{\"thornsi01\"}","player_name":"{\"Sindarius Thornwell\"}","fg":"0.635","fga":"2.647","fg_pct":"0.240","three_p":"0.353","three_pa":"1.306","three_p_pct":"0.270","ft":"0.000","fta":"0.000","ft_pct":"NaN","orb":"0.118","drb":"0.741","trb":"0.859","ast":"0.988","stl":"1.024","blk":"0.247","tov":"0.576","pf":"0.965","pts":"1.624"},{"game_id":1045,"team_name":"ORL","player_id":"{\"randlch01\"}","player_name":"{\"Chasson Randle\"}","fg":"2.753","fga":"7.294","fg_pct":"0.377","three_p":"1.000","three_pa":"3.588","three_p_pct":"0.279","ft":"1.459","fta":"1.882","ft_pct":"0.775","orb":"0.341","drb":"2.282","trb":"2.624","ast":"1.671","stl":"0.635","blk":"0.294","tov":"1.082","pf":"1.329","pts":"7.965"},{"game_id":1045,"team_name":"ORL","player_id":"{\"anthoco01\"}","player_name":"{\"Cole Anthony\"}","fg":"5.271","fga":"12.729","fg_pct":"0.414","three_p":"1.565","three_pa":"4.082","three_p_pct":"0.383","ft":"2.600","fta":"2.965","ft_pct":"0.877","orb":"0.553","drb":"4.141","trb":"4.694","ast":"3.129","stl":"0.412","blk":"0.235","tov":"3.082","pf":"1.918","pts":"14.706"},{"game_id":1045,"team_name":"ORL","player_id":"benchORL","player_name":"Bench of ORL","fg":"3.634","fga":"8.541","fg_pct":"0.425","three_p":"0.867","three_pa":"2.704","three_p_pct":"0.321","ft":"1.925","fta":"2.502","ft_pct":"0.769","orb":"1.107","drb":"2.963","trb":"4.070","ast":"1.407","stl":"0.625","blk":"0.483","tov":"0.851","pf":"1.853","pts":"10.060"}]