[{"game_id":1044,"team_name":"IND","player_id":"teamIND","player_name":"Team name: IND","fg":"46.000","fga":"91.080","fg_pct":"0.505","three_p":"11.811","three_pa":"30.211","three_p_pct":"0.391","ft":"17.520","fta":"20.989","ft_pct":"0.835","orb":"7.623","drb":"37.200","trb":"44.823","ast":"30.126","stl":"7.800","blk":"7.371","tov":"14.400","pf":"19.029","pts":"121.331"},{"game_id":1044,"team_name":"MIL","player_id":"teamMIL","player_name":"Team name: MIL","fg":"45.971","fga":"93.754","fg_pct":"0.490","three_p":"13.097","three_pa":"36.251","three_p_pct":"0.361","ft":"17.560","fta":"22.566","ft_pct":"0.778","orb":"10.423","drb":"37.354","trb":"47.777","ast":"24.263","stl":"7.891","blk":"5.017","tov":"12.389","pf":"19.114","pts":"122.600"}]