[{"game_id":1238,"team_name":"NOP","player_id":"teamNOP","player_name":"Team name: NOP","fg":"45.531","fga":"97.583","fg_pct":"0.467","three_p":"13.920","three_pa":"39.131","three_p_pct":"0.356","ft":"13.269","fta":"17.411","ft_pct":"0.762","orb":"10.617","drb":"36.383","trb":"47.000","ast":"28.383","stl":"6.960","blk":"4.846","tov":"15.886","pf":"22.120","pts":"118.251"},{"game_id":1238,"team_name":"DEN","player_id":"teamDEN","player_name":"Team name: DEN","fg":"38.429","fga":"92.931","fg_pct":"0.414","three_p":"10.029","three_pa":"29.817","three_p_pct":"0.336","ft":"21.920","fta":"27.086","ft_pct":"0.809","orb":"15.040","drb":"36.389","trb":"51.429","ast":"21.886","stl":"6.783","blk":"5.469","tov":"10.811","pf":"22.714","pts":"108.806"}]