[{"game_id":1010,"team_name":"POR","player_id":"teamPOR","player_name":"Team name: POR","ts_pct":"0.644","efg_pct":"0.606","three_par":"0.403","ftr":"0.281","orb_pct":"6.610","drb_pct":"21.199","trb_pct":"14.265","ast_pct":"14.640","stl_pct":"1.480","blk_pct":"2.346","tov_pct":"9.202","usg_pct":"21.919","ortg":"132.653","drtg":"129.297","bpm":"1.577"},{"game_id":1010,"team_name":"SAS","player_id":"teamSAS","player_name":"Team name: SAS","ts_pct":"0.578","efg_pct":"0.539","three_par":"0.316","ftr":"0.375","orb_pct":"4.214","drb_pct":"16.514","trb_pct":"10.211","ast_pct":"13.785","stl_pct":"1.700","blk_pct":"1.704","tov_pct":"9.600","usg_pct":"20.221","ortg":"113.637","drtg":"128.713","bpm":"-1.963"}]