[{"game_id":1072,"team_name":"BRK","player_id":"{\"luwawti01\"}","player_name":"{\"Timothé Luwawu-Cabarrot\"}","fg":"1.447","fga":"4.235","fg_pct":"0.342","three_p":"0.788","three_pa":"2.894","three_p_pct":"0.272","ft":"0.600","fta":"0.647","ft_pct":"0.927","orb":"0.400","drb":"0.824","trb":"1.224","ast":"0.835","stl":"0.176","blk":"0.000","tov":"0.424","pf":"1.000","pts":"4.282"},{"game_id":1072,"team_name":"BRK","player_id":"{\"johnsal02\"}","player_name":"{\"Alize Johnson\"}","fg":"1.306","fga":"2.682","fg_pct":"0.487","three_p":"0.071","three_pa":"0.259","three_p_pct":"0.274","ft":"1.224","fta":"1.224","ft_pct":"1.000","orb":"1.329","drb":"3.647","trb":"4.976","ast":"0.776","stl":"0.176","blk":"0.365","tov":"0.447","pf":"1.094","pts":"3.906"},{"game_id":1072,"team_name":"BRK","player_id":"{\"perryre01\"}","player_name":"{\"Reggie Perry\"}","fg":"0.506","fga":"1.365","fg_pct":"0.371","three_p":"0.000","three_pa":"0.376","three_p_pct":"0.000","ft":"0.165","fta":"0.165","ft_pct":"1.000","orb":"0.776","drb":"0.600","trb":"1.376","ast":"0.059","stl":"0.165","blk":"0.047","tov":"0.282","pf":"0.976","pts":"1.176"},{"game_id":1072,"team_name":"BRK","player_id":"{\"duranke01\"}","player_name":"{\"Kevin Durant\"}","fg":"8.482","fga":"17.447","fg_pct":"0.486","three_p":"2.000","three_pa":"5.412","three_p_pct":"0.370","ft":"5.553","fta":"6.176","ft_pct":"0.899","orb":"0.424","drb":"7.459","trb":"7.882","ast":"5.941","stl":"0.929","blk":"1.506","tov":"3.024","pf":"1.894","pts":"24.518"},{"game_id":1072,"team_name":"BRK","player_id":"{\"irvinky01\"}","player_name":"{\"Kyrie Irving\"}","fg":"9.576","fga":"19.400","fg_pct":"0.494","three_p":"3.576","three_pa":"7.941","three_p_pct":"0.450","ft":"3.329","fta":"3.565","ft_pct":"0.934","orb":"0.494","drb":"3.165","trb":"3.659","ast":"4.541","stl":"1.600","blk":"0.847","tov":"2.035","pf":"2.329","pts":"26.059"},{"game_id":1072,"team_name":"BRK","player_id":"{\"jamesmi02\"}","player_name":"{\"Mike James\"}","fg":"2.506","fga":"6.847","fg_pct":"0.366","three_p":"0.871","three_pa":"2.318","three_p_pct":"0.376","ft":"1.953","fta":"2.165","ft_pct":"0.902","orb":"0.118","drb":"2.612","trb":"2.729","ast":"4.153","stl":"0.365","blk":"0.129","tov":"1.624","pf":"0.835","pts":"7.835"},{"game_id":1072,"team_name":"BRK","player_id":"benchBRK","player_name":"Bench of BRK","fg":"3.423","fga":"6.425","fg_pct":"0.533","three_p":"1.141","three_pa":"2.874","three_p_pct":"0.397","ft":"1.039","fta":"1.525","ft_pct":"0.681","orb":"0.914","drb":"3.554","trb":"4.469","ast":"1.594","stl":"0.497","blk":"0.495","tov":"0.577","pf":"1.896","pts":"9.025"},{"game_id":1072,"team_name":"CLE","player_id":"{\"wadede01\"}","player_name":"{\"Dean Wade\"}","fg":"3.047","fga":"7.012","fg_pct":"0.435","three_p":"1.812","three_pa":"4.894","three_p_pct":"0.370","ft":"1.459","fta":"1.929","ft_pct":"0.756","orb":"0.941","drb":"4.424","trb":"5.365","ast":"1.247","stl":"1.235","blk":"0.165","tov":"0.988","pf":"2.224","pts":"9.365"},{"game_id":1072,"team_name":"CLE","player_id":"{\"okorois01\"}","player_name":"{\"Isaac Okoro\"}","fg":"5.765","fga":"14.082","fg_pct":"0.409","three_p":"1.353","three_pa":"4.953","three_p_pct":"0.273","ft":"3.047","fta":"3.965","ft_pct":"0.768","orb":"1.212","drb":"3.553","trb":"4.765","ast":"3.353","stl":"0.494","blk":"0.141","tov":"0.953","pf":"3.129","pts":"15.929"},{"game_id":1072,"team_name":"CLE","player_id":"{\"thomabr01\"}","player_name":"{\"Brodric Thomas\"}","fg":"2.047","fga":"5.094","fg_pct":"0.402","three_p":"0.635","three_pa":"2.447","three_p_pct":"0.260","ft":"0.871","fta":"1.412","ft_pct":"0.617","orb":"0.282","drb":"3.094","trb":"3.376","ast":"1.812","stl":"0.541","blk":"0.482","tov":"0.800","pf":"2.035","pts":"5.600"},{"game_id":1072,"team_name":"CLE","player_id":"{\"osmande01\"}","player_name":"{\"Cedi Osman\"}","fg":"5.494","fga":"12.106","fg_pct":"0.454","three_p":"2.118","three_pa":"6.165","three_p_pct":"0.344","ft":"2.200","fta":"2.247","ft_pct":"0.979","orb":"0.729","drb":"3.059","trb":"3.788","ast":"4.859","stl":"0.765","blk":"0.071","tov":"2.671","pf":"2.941","pts":"15.306"},{"game_id":1072,"team_name":"CLE","player_id":"{\"allenja01\"}","player_name":"{\"Jarrett Allen\"}","fg":"4.176","fga":"8.106","fg_pct":"0.515","three_p":"0.129","three_pa":"0.541","three_p_pct":"0.238","ft":"2.306","fta":"3.718","ft_pct":"0.620","orb":"3.659","drb":"7.047","trb":"10.706","ast":"2.259","stl":"0.435","blk":"0.824","tov":"2.106","pf":"1.235","pts":"10.788"},{"game_id":1072,"team_name":"CLE","player_id":"{\"dotsoda01\"}","player_name":"{\"Damyean Dotson\"}","fg":"2.506","fga":"6.329","fg_pct":"0.396","three_p":"1.082","three_pa":"4.012","three_p_pct":"0.270","ft":"0.188","fta":"0.376","ft_pct":"0.500","orb":"0.000","drb":"2.141","trb":"2.141","ast":"1.318","stl":"0.235","blk":"0.000","tov":"0.941","pf":"0.718","pts":"6.282"},{"game_id":1072,"team_name":"CLE","player_id":"benchCLE","player_name":"Bench of CLE","fg":"3.738","fga":"9.576","fg_pct":"0.390","three_p":"0.971","three_pa":"2.962","three_p_pct":"0.328","ft":"3.027","fta":"3.893","ft_pct":"0.778","orb":"0.809","drb":"1.878","trb":"2.687","ast":"2.472","stl":"0.474","blk":"0.349","tov":"1.841","pf":"1.242","pts":"11.476"}]