[{"game_id":1243,"team_name":"IND","player_id":"teamIND","player_name":"Team name: IND","fg":"38.589","fga":"88.634","fg_pct":"0.435","three_p":"9.617","three_pa":"26.891","three_p_pct":"0.358","ft":"15.400","fta":"19.634","ft_pct":"0.784","orb":"9.171","drb":"30.497","trb":"39.669","ast":"23.023","stl":"8.606","blk":"3.806","tov":"11.377","pf":"22.474","pts":"102.194"},{"game_id":1243,"team_name":"CLE","player_id":"teamCLE","player_name":"Team name: CLE","fg":"40.183","fga":"87.897","fg_pct":"0.457","three_p":"9.286","three_pa":"29.189","three_p_pct":"0.318","ft":"15.417","fta":"20.440","ft_pct":"0.754","orb":"11.760","drb":"33.606","trb":"45.366","ast":"20.577","stl":"6.480","blk":"2.977","tov":"14.051","pf":"17.829","pts":"105.069"}]