[{"game_id":1145,"team_name":"LAC","player_id":"{\"georgpa01\"}","player_name":"{\"Paul George\"}","ts_pct":"0.582","efg_pct":"0.501","three_par":"0.422","ftr":"0.418","orb_pct":"2.468","drb_pct":"21.566","trb_pct":"12.141","ast_pct":"20.262","stl_pct":"0.873","blk_pct":"1.272","tov_pct":"13.872","usg_pct":"28.342","ortg":"114.235","drtg":"116.729","bpm":"1.646"},{"game_id":1145,"team_name":"LAC","player_id":"{\"morrima03\"}","player_name":"{\"Marcus Morris\"}","ts_pct":"0.508","efg_pct":"0.490","three_par":"0.509","ftr":"0.093","orb_pct":"4.093","drb_pct":"12.141","trb_pct":"8.151","ast_pct":"7.136","stl_pct":"1.056","blk_pct":"1.493","tov_pct":"2.561","usg_pct":"15.512","ortg":"111.776","drtg":"118.812","bpm":"-1.625"},{"game_id":1145,"team_name":"LAC","player_id":"{\"leonaka01\"}","player_name":"{\"Kawhi Leonard\"}","ts_pct":"0.676","efg_pct":"0.629","three_par":"0.265","ftr":"0.303","orb_pct":"6.279","drb_pct":"16.866","trb_pct":"11.702","ast_pct":"21.079","stl_pct":"2.665","blk_pct":"1.868","tov_pct":"8.721","usg_pct":"28.687","ortg":"135.282","drtg":"112.753","bpm":"10.168"},{"game_id":1145,"team_name":"LAC","player_id":"{\"batumni01\"}","player_name":"{\"Nicolas Batum\"}","ts_pct":"0.683","efg_pct":"0.653","three_par":"0.655","ftr":"0.308","orb_pct":"3.462","drb_pct":"16.629","trb_pct":"10.129","ast_pct":"9.836","stl_pct":"2.433","blk_pct":"1.281","tov_pct":"6.725","usg_pct":"11.478","ortg":"141.000","drtg":"114.106","bpm":"5.412"},{"game_id":1145,"team_name":"LAC","player_id":"{\"jacksre01\"}","player_name":"{\"Reggie Jackson\"}","ts_pct":"0.703","efg_pct":"0.678","three_par":"0.673","ftr":"0.149","orb_pct":"0.914","drb_pct":"8.386","trb_pct":"4.759","ast_pct":"15.676","stl_pct":"0.819","blk_pct":"0.264","tov_pct":"7.669","usg_pct":"21.409","ortg":"136.318","drtg":"121.118","bpm":"4.073"},{"game_id":1145,"team_name":"LAC","player_id":"{\"beverpa01\"}","player_name":"{\"Patrick Beverley\"}","ts_pct":"0.386","efg_pct":"0.323","three_par":"0.337","ftr":"0.316","orb_pct":"1.581","drb_pct":"10.246","trb_pct":"6.305","ast_pct":"7.706","stl_pct":"0.987","blk_pct":"4.007","tov_pct":"1.009","usg_pct":"15.732","ortg":"90.600","drtg":"117.506","bpm":"-3.874"},{"game_id":1145,"team_name":"LAC","player_id":"benchLAC","player_name":"Bench of LAC","ts_pct":"0.499","efg_pct":"0.458","three_par":"0.242","ftr":"0.261","orb_pct":"6.578","drb_pct":"12.647","trb_pct":"9.668","ast_pct":"8.024","stl_pct":"0.550","blk_pct":"2.182","tov_pct":"8.890","usg_pct":"13.809","ortg":"106.018","drtg":"115.883","bpm":"-2.123"},{"game_id":1145,"team_name":"UTA","player_id":"{\"mitchdo01\"}","player_name":"{\"Donovan Mitchell\"}","ts_pct":"0.626","efg_pct":"0.581","three_par":"0.440","ftr":"0.286","orb_pct":"0.891","drb_pct":"11.184","trb_pct":"6.293","ast_pct":"29.856","stl_pct":"1.616","blk_pct":"0.882","tov_pct":"10.369","usg_pct":"39.288","ortg":"121.200","drtg":"119.247","bpm":"7.919"},{"game_id":1145,"team_name":"UTA","player_id":"{\"bogdabo02\"}","player_name":"{\"Bojan Bogdanović\"}","ts_pct":"0.613","efg_pct":"0.555","three_par":"0.474","ftr":"0.347","orb_pct":"1.222","drb_pct":"13.407","trb_pct":"7.580","ast_pct":"7.282","stl_pct":"1.273","blk_pct":"0.000","tov_pct":"12.953","usg_pct":"20.362","ortg":"113.953","drtg":"119.576","bpm":"-0.636"},{"game_id":1145,"team_name":"UTA","player_id":"{\"onealro01\"}","player_name":"{\"Royce O'Neale\"}","ts_pct":"0.700","efg_pct":"0.665","three_par":"0.773","ftr":"0.262","orb_pct":"4.093","drb_pct":"16.873","trb_pct":"10.673","ast_pct":"8.042","stl_pct":"1.941","blk_pct":"0.976","tov_pct":"8.828","usg_pct":"10.282","ortg":"140.706","drtg":"116.353","bpm":"3.586"},{"game_id":1145,"team_name":"UTA","player_id":"{\"goberru01\"}","player_name":"{\"Rudy Gobert\"}","ts_pct":"0.706","efg_pct":"0.683","three_par":"0.029","ftr":"0.899","orb_pct":"13.729","drb_pct":"34.059","trb_pct":"24.552","ast_pct":"2.966","stl_pct":"0.745","blk_pct":"6.489","tov_pct":"13.015","usg_pct":"16.604","ortg":"135.424","drtg":"110.906","bpm":"3.461"},{"game_id":1145,"team_name":"UTA","player_id":"{\"clarkjo01\"}","player_name":"{\"Jordan Clarkson\"}","ts_pct":"0.574","efg_pct":"0.537","three_par":"0.597","ftr":"0.152","orb_pct":"2.874","drb_pct":"8.784","trb_pct":"5.887","ast_pct":"10.959","stl_pct":"1.344","blk_pct":"0.631","tov_pct":"10.155","usg_pct":"31.741","ortg":"110.447","drtg":"120.235","bpm":"1.112"},{"game_id":1145,"team_name":"UTA","player_id":"{\"inglejo01\"}","player_name":"{\"Joe Ingles\"}","ts_pct":"0.554","efg_pct":"0.553","three_par":"0.739","ftr":"0.154","orb_pct":"0.000","drb_pct":"12.900","trb_pct":"6.676","ast_pct":"17.942","stl_pct":"0.993","blk_pct":"0.000","tov_pct":"12.167","usg_pct":"14.236","ortg":"118.471","drtg":"120.847","bpm":"-0.045"},{"game_id":1145,"team_name":"UTA","player_id":"benchUTA","player_name":"Bench of UTA","ts_pct":"0.373","efg_pct":"0.333","three_par":"0.346","ftr":"0.158","orb_pct":"6.132","drb_pct":"12.012","trb_pct":"9.202","ast_pct":"0.566","stl_pct":"0.995","blk_pct":"2.093","tov_pct":"12.446","usg_pct":"14.461","ortg":"83.295","drtg":"114.092","bpm":"-5.676"}]