[{"game_id":1231,"team_name":"TOR","player_id":"teamTOR","player_name":"Team name: TOR","ts_pct":"0.491","efg_pct":"0.417","three_par":"0.401","ftr":"0.311","orb_pct":"4.031","drb_pct":"14.441","trb_pct":"9.596","ast_pct":"11.947","stl_pct":"1.322","blk_pct":"1.972","tov_pct":"13.132","usg_pct":"17.123","ortg":"97.890","drtg":"98.736","bpm":"0.696"},{"game_id":1231,"team_name":"DET","player_id":"teamDET","player_name":"Team name: DET","ts_pct":"0.517","efg_pct":"0.480","three_par":"0.373","ftr":"0.314","orb_pct":"4.182","drb_pct":"15.444","trb_pct":"9.565","ast_pct":"15.813","stl_pct":"1.751","blk_pct":"1.481","tov_pct":"12.969","usg_pct":"21.394","ortg":"106.010","drtg":"123.165","bpm":"-2.796"}]