[{"game_id":1027,"team_name":"BOS","player_id":"teamBOS","player_name":"Team name: BOS","ts_pct":"0.630","efg_pct":"0.605","three_par":"0.496","ftr":"0.241","orb_pct":"5.219","drb_pct":"17.991","trb_pct":"11.365","ast_pct":"15.217","stl_pct":"1.218","blk_pct":"2.932","tov_pct":"14.985","usg_pct":"20.781","ortg":"124.757","drtg":"135.693","bpm":"-1.941"},{"game_id":1027,"team_name":"MIA","player_id":"teamMIA","player_name":"Team name: MIA","ts_pct":"0.569","efg_pct":"0.539","three_par":"0.422","ftr":"0.244","orb_pct":"3.990","drb_pct":"16.741","trb_pct":"10.299","ast_pct":"15.378","stl_pct":"1.699","blk_pct":"1.235","tov_pct":"9.286","usg_pct":"19.808","ortg":"117.221","drtg":"120.444","bpm":"-0.171"}]