[{"game_id":1143,"team_name":"DEN","player_id":"{\"greenja01\"}","player_name":"{\"JaMychal Green\"}","ts_pct":"0.562","efg_pct":"0.506","three_par":"0.491","ftr":"0.238","orb_pct":"9.646","drb_pct":"22.534","trb_pct":"15.308","ast_pct":"6.780","stl_pct":"0.522","blk_pct":"0.726","tov_pct":"5.047","usg_pct":"11.868","ortg":"133.259","drtg":"125.494","bpm":"-1.218"},{"game_id":1143,"team_name":"DEN","player_id":"{\"bartowi01\"}","player_name":"{\"Will Barton\"}","ts_pct":"0.471","efg_pct":"0.437","three_par":"0.435","ftr":"0.191","orb_pct":"1.421","drb_pct":"11.300","trb_pct":"5.659","ast_pct":"29.807","stl_pct":"0.701","blk_pct":"0.974","tov_pct":"11.449","usg_pct":"18.289","ortg":"125.835","drtg":"120.812","bpm":"2.791"},{"game_id":1143,"team_name":"DEN","player_id":"{\"portemi01\"}","player_name":"{\"Michael Porter Jr.\"}","ts_pct":"0.587","efg_pct":"0.567","three_par":"0.602","ftr":"0.141","orb_pct":"3.914","drb_pct":"19.224","trb_pct":"10.899","ast_pct":"6.675","stl_pct":"1.262","blk_pct":"0.294","tov_pct":"12.882","usg_pct":"21.292","ortg":"108.412","drtg":"124.506","bpm":"-2.104"},{"game_id":1143,"team_name":"DEN","player_id":"{\"morrimo01\"}","player_name":"{\"Monte Morris\"}","ts_pct":"0.482","efg_pct":"0.460","three_par":"0.359","ftr":"0.222","orb_pct":"3.240","drb_pct":"7.158","trb_pct":"5.146","ast_pct":"28.762","stl_pct":"1.951","blk_pct":"0.733","tov_pct":"3.947","usg_pct":"19.836","ortg":"119.471","drtg":"124.682","bpm":"2.079"},{"game_id":1143,"team_name":"DEN","player_id":"{\"gordoaa01\"}","player_name":"{\"Aaron Gordon\"}","ts_pct":"0.473","efg_pct":"0.454","three_par":"0.252","ftr":"0.224","orb_pct":"7.591","drb_pct":"11.559","trb_pct":"9.425","ast_pct":"6.701","stl_pct":"0.849","blk_pct":"0.880","tov_pct":"10.516","usg_pct":"18.178","ortg":"100.424","drtg":"126.376","bpm":"-5.718"},{"game_id":1143,"team_name":"DEN","player_id":"{\"jokicni01\"}","player_name":"{\"Nikola Jokić\"}","ts_pct":"0.578","efg_pct":"0.542","three_par":"0.219","ftr":"0.243","orb_pct":"11.334","drb_pct":"27.321","trb_pct":"18.504","ast_pct":"30.671","stl_pct":"1.133","blk_pct":"2.309","tov_pct":"9.565","usg_pct":"35.949","ortg":"119.212","drtg":"122.012","bpm":"8.674"},{"game_id":1143,"team_name":"DEN","player_id":"benchDEN","player_name":"Bench of DEN","ts_pct":"0.460","efg_pct":"0.409","three_par":"0.411","ftr":"0.207","orb_pct":"2.921","drb_pct":"18.143","trb_pct":"10.616","ast_pct":"11.459","stl_pct":"1.606","blk_pct":"4.417","tov_pct":"15.933","usg_pct":"14.745","ortg":"93.900","drtg":"118.853","bpm":"-1.334"},{"game_id":1143,"team_name":"PHO","player_id":"{\"craigto01\"}","player_name":"{\"Torrey Craig\"}","ts_pct":"0.496","efg_pct":"0.486","three_par":"0.399","ftr":"0.133","orb_pct":"9.174","drb_pct":"20.154","trb_pct":"14.867","ast_pct":"7.693","stl_pct":"0.075","blk_pct":"4.665","tov_pct":"7.012","usg_pct":"19.920","ortg":"99.776","drtg":"105.988","bpm":"-1.122"},{"game_id":1143,"team_name":"PHO","player_id":"{\"bookede01\"}","player_name":"{\"Devin Booker\"}","ts_pct":"0.629","efg_pct":"0.570","three_par":"0.341","ftr":"0.351","orb_pct":"1.400","drb_pct":"15.181","trb_pct":"9.111","ast_pct":"19.909","stl_pct":"0.905","blk_pct":"0.224","tov_pct":"14.522","usg_pct":"29.714","ortg":"113.965","drtg":"107.200","bpm":"2.369"},{"game_id":1143,"team_name":"PHO","player_id":"{\"paulch01\"}","player_name":"{\"Chris Paul\"}","ts_pct":"0.566","efg_pct":"0.522","three_par":"0.185","ftr":"0.267","orb_pct":"1.471","drb_pct":"13.354","trb_pct":"8.006","ast_pct":"45.719","stl_pct":"1.804","blk_pct":"0.625","tov_pct":"10.020","usg_pct":"21.249","ortg":"130.024","drtg":"105.776","bpm":"5.578"},{"game_id":1143,"team_name":"PHO","player_id":"{\"crowdja01\"}","player_name":"{\"Jae Crowder\"}","ts_pct":"0.693","efg_pct":"0.666","three_par":"0.796","ftr":"0.118","orb_pct":"1.109","drb_pct":"13.814","trb_pct":"8.091","ast_pct":"8.394","stl_pct":"1.336","blk_pct":"2.128","tov_pct":"5.860","usg_pct":"14.874","ortg":"130.212","drtg":"105.976","bpm":"3.494"},{"game_id":1143,"team_name":"PHO","player_id":"{\"bridgmi01\"}","player_name":"{\"Mikal Bridges\"}","ts_pct":"0.612","efg_pct":"0.594","three_par":"0.598","ftr":"0.168","orb_pct":"2.864","drb_pct":"9.755","trb_pct":"6.574","ast_pct":"8.238","stl_pct":"2.559","blk_pct":"2.164","tov_pct":"5.240","usg_pct":"17.029","ortg":"121.906","drtg":"105.200","bpm":"4.169"},{"game_id":1143,"team_name":"PHO","player_id":"{\"aytonde01\"}","player_name":"{\"Deandre Ayton\"}","ts_pct":"0.713","efg_pct":"0.691","three_par":"0.000","ftr":"0.460","orb_pct":"9.335","drb_pct":"23.195","trb_pct":"16.952","ast_pct":"2.927","stl_pct":"0.525","blk_pct":"1.024","tov_pct":"7.175","usg_pct":"15.093","ortg":"140.753","drtg":"106.341","bpm":"1.146"},{"game_id":1143,"team_name":"PHO","player_id":"benchPHO","player_name":"Bench of PHO","ts_pct":"0.630","efg_pct":"0.553","three_par":"0.514","ftr":"0.394","orb_pct":"2.905","drb_pct":"14.043","trb_pct":"9.128","ast_pct":"14.326","stl_pct":"2.437","blk_pct":"1.416","tov_pct":"12.889","usg_pct":"20.003","ortg":"114.737","drtg":"104.945","bpm":"2.213"}]