[{"game_id":121,"team_name":"POR","player_id":"teamPOR","player_name":"Team name: POR","ts_pct":"0.502","efg_pct":"0.474","three_par":"0.408","ftr":"0.269","orb_pct":"4.282","drb_pct":"16.053","trb_pct":"10.004","ast_pct":"12.525","stl_pct":"1.478","blk_pct":"1.665","tov_pct":"12.232","usg_pct":"19.537","ortg":"104.132","drtg":"120.802","bpm":"-1.889"},{"game_id":121,"team_name":"MIN","player_id":"teamMIN","player_name":"Team name: MIN","ts_pct":"0.556","efg_pct":"0.532","three_par":"0.388","ftr":"0.285","orb_pct":"5.238","drb_pct":"17.130","trb_pct":"10.624","ast_pct":"15.507","stl_pct":"2.019","blk_pct":"1.946","tov_pct":"13.755","usg_pct":"21.511","ortg":"116.779","drtg":"132.951","bpm":"-0.883"}]