[{"game_id":1219,"team_name":"SAS","player_id":"{\"aldrila01\"}","player_name":"{\"LaMarcus Aldridge\"}","ts_pct":"0.577","efg_pct":"0.531","three_par":"0.100","ftr":"0.296","orb_pct":"9.141","drb_pct":"21.136","trb_pct":"14.908","ast_pct":"11.214","stl_pct":"1.067","blk_pct":"2.808","tov_pct":"8.745","usg_pct":"26.685","ortg":"117.659","drtg":"110.353","bpm":"3.636"},{"game_id":1219,"team_name":"SAS","player_id":"{\"derozde01\"}","player_name":"{\"DeMar DeRozan\"}","ts_pct":"0.534","efg_pct":"0.462","three_par":"0.022","ftr":"0.428","orb_pct":"2.875","drb_pct":"14.421","trb_pct":"8.512","ast_pct":"19.000","stl_pct":"1.699","blk_pct":"0.793","tov_pct":"9.127","usg_pct":"27.278","ortg":"111.929","drtg":"112.294","bpm":"1.222"},{"game_id":1219,"team_name":"SAS","player_id":"{\"forbebr01\"}","player_name":"{\"Bryn Forbes\"}","ts_pct":"0.625","efg_pct":"0.607","three_par":"0.574","ftr":"0.160","orb_pct":"1.593","drb_pct":"10.705","trb_pct":"6.393","ast_pct":"5.622","stl_pct":"0.224","blk_pct":"0.282","tov_pct":"6.202","usg_pct":"15.261","ortg":"123.435","drtg":"116.776","bpm":"-0.787"},{"game_id":1219,"team_name":"SAS","player_id":"{\"whitede01\"}","player_name":"{\"Derrick White\"}","ts_pct":"0.608","efg_pct":"0.561","three_par":"0.284","ftr":"0.389","orb_pct":"0.925","drb_pct":"9.618","trb_pct":"5.208","ast_pct":"15.161","stl_pct":"0.846","blk_pct":"1.852","tov_pct":"12.119","usg_pct":"20.855","ortg":"117.024","drtg":"114.294","bpm":"-0.499"},{"game_id":1219,"team_name":"SAS","player_id":"{\"lylestr01\"}","player_name":"{\"Trey Lyles\"}","ts_pct":"0.341","efg_pct":"0.319","three_par":"0.251","ftr":"0.150","orb_pct":"12.946","drb_pct":"15.066","trb_pct":"14.773","ast_pct":"15.922","stl_pct":"0.379","blk_pct":"0.000","tov_pct":"5.852","usg_pct":"20.532","ortg":"103.659","drtg":"115.624","bpm":"-7.247"},{"game_id":1219,"team_name":"SAS","player_id":"{\"murrade01\"}","player_name":"{\"Dejounte Murray\"}","ts_pct":"0.570","efg_pct":"0.520","three_par":"0.146","ftr":"0.312","orb_pct":"5.765","drb_pct":"24.704","trb_pct":"14.655","ast_pct":"19.908","stl_pct":"3.338","blk_pct":"1.621","tov_pct":"12.145","usg_pct":"22.059","ortg":"112.541","drtg":"105.894","bpm":"5.576"},{"game_id":1219,"team_name":"SAS","player_id":"benchSAS","player_name":"Bench of SAS","ts_pct":"0.467","efg_pct":"0.440","three_par":"0.366","ftr":"0.242","orb_pct":"5.834","drb_pct":"14.557","trb_pct":"10.186","ast_pct":"14.629","stl_pct":"1.067","blk_pct":"1.833","tov_pct":"7.243","usg_pct":"16.923","ortg":"107.407","drtg":"112.872","bpm":"-1.984"},{"game_id":1219,"team_name":"POR","player_id":"{\"lillada01\"}","player_name":"{\"Damian Lillard\"}","ts_pct":"0.578","efg_pct":"0.508","three_par":"0.472","ftr":"0.393","orb_pct":"1.081","drb_pct":"11.968","trb_pct":"6.462","ast_pct":"30.288","stl_pct":"1.707","blk_pct":"0.536","tov_pct":"12.707","usg_pct":"28.955","ortg":"113.859","drtg":"114.424","bpm":"4.306"},{"game_id":1219,"team_name":"POR","player_id":"{\"mccolcj01\"}","player_name":"{\"CJ McCollum\"}","ts_pct":"0.495","efg_pct":"0.466","three_par":"0.274","ftr":"0.163","orb_pct":"2.196","drb_pct":"7.569","trb_pct":"5.084","ast_pct":"15.994","stl_pct":"1.296","blk_pct":"0.694","tov_pct":"8.994","usg_pct":"28.068","ortg":"101.188","drtg":"116.259","bpm":"-0.893"},{"game_id":1219,"team_name":"POR","player_id":"{\"hoodro01\"}","player_name":"{\"Rodney Hood\"}","ts_pct":"0.584","efg_pct":"0.552","three_par":"0.444","ftr":"0.302","orb_pct":"3.612","drb_pct":"8.255","trb_pct":"6.184","ast_pct":"3.688","stl_pct":"1.387","blk_pct":"0.972","tov_pct":"5.235","usg_pct":"15.796","ortg":"116.976","drtg":"115.659","bpm":"0.959"},{"game_id":1219,"team_name":"POR","player_id":"{\"tollian01\"}","player_name":"{\"Anthony Tolliver\"}","ts_pct":"0.274","efg_pct":"0.283","three_par":"0.730","ftr":"0.100","orb_pct":"0.634","drb_pct":"12.278","trb_pct":"6.520","ast_pct":"5.469","stl_pct":"0.786","blk_pct":"1.479","tov_pct":"29.712","usg_pct":"12.869","ortg":"53.682","drtg":"116.635","bpm":"-9.829"},{"game_id":1219,"team_name":"POR","player_id":"{\"bazemke01\"}","player_name":"{\"Kent Bazemore\"}","ts_pct":"0.449","efg_pct":"0.418","three_par":"0.449","ftr":"0.178","orb_pct":"1.522","drb_pct":"15.522","trb_pct":"8.715","ast_pct":"12.642","stl_pct":"2.418","blk_pct":"1.816","tov_pct":"11.919","usg_pct":"18.955","ortg":"90.341","drtg":"110.929","bpm":"-3.033"},{"game_id":1219,"team_name":"POR","player_id":"{\"whiteha01\"}","player_name":"{\"Hassan Whiteside\"}","ts_pct":"0.748","efg_pct":"0.740","three_par":"0.000","ftr":"0.396","orb_pct":"12.938","drb_pct":"44.413","trb_pct":"28.960","ast_pct":"4.129","stl_pct":"1.201","blk_pct":"7.329","tov_pct":"17.256","usg_pct":"21.134","ortg":"127.565","drtg":"96.271","bpm":"7.786"},{"game_id":1219,"team_name":"POR","player_id":"benchPOR","player_name":"Bench of POR","ts_pct":"0.390","efg_pct":"0.343","three_par":"0.304","ftr":"0.301","orb_pct":"4.460","drb_pct":"11.820","trb_pct":"8.286","ast_pct":"9.489","stl_pct":"1.963","blk_pct":"1.470","tov_pct":"14.760","usg_pct":"22.219","ortg":"76.141","drtg":"113.364","bpm":"-7.227"}]