[{"game_id":1122,"team_name":"PHI","player_id":"{\"miltosh01\"}","player_name":"{\"Shake Milton\"}","ts_pct":"0.464","efg_pct":"0.381","three_par":"0.352","ftr":"0.364","orb_pct":"1.012","drb_pct":"8.129","trb_pct":"4.448","ast_pct":"16.929","stl_pct":"1.778","blk_pct":"1.891","tov_pct":"17.008","usg_pct":"27.168","ortg":"91.824","drtg":"111.400","bpm":"-7.053"},{"game_id":1122,"team_name":"PHI","player_id":"{\"scottmi01\"}","player_name":"{\"Mike Scott\"}","ts_pct":"0.466","efg_pct":"0.466","three_par":"0.640","ftr":"0.000","orb_pct":"1.787","drb_pct":"9.529","trb_pct":"5.793","ast_pct":"7.814","stl_pct":"0.569","blk_pct":"3.881","tov_pct":"1.647","usg_pct":"13.906","ortg":"104.059","drtg":"111.494","bpm":"-1.102"},{"game_id":1122,"team_name":"PHI","player_id":"{\"simmobe01\"}","player_name":"{\"Ben Simmons\"}","ts_pct":"0.600","efg_pct":"0.627","three_par":"0.013","ftr":"0.577","orb_pct":"8.652","drb_pct":"18.491","trb_pct":"13.620","ast_pct":"35.107","stl_pct":"1.927","blk_pct":"0.894","tov_pct":"12.075","usg_pct":"18.322","ortg":"133.847","drtg":"108.129","bpm":"5.669"},{"game_id":1122,"team_name":"PHI","player_id":"{\"harrito02\"}","player_name":"{\"Tobias Harris\"}","ts_pct":"0.556","efg_pct":"0.515","three_par":"0.214","ftr":"0.172","orb_pct":"2.345","drb_pct":"23.713","trb_pct":"13.647","ast_pct":"14.506","stl_pct":"1.013","blk_pct":"1.387","tov_pct":"5.792","usg_pct":"27.636","ortg":"114.341","drtg":"107.988","bpm":"1.613"},{"game_id":1122,"team_name":"PHI","player_id":"{\"curryse01\"}","player_name":"{\"Seth Curry\"}","ts_pct":"0.659","efg_pct":"0.659","three_par":"0.567","ftr":"0.047","orb_pct":"0.376","drb_pct":"9.167","trb_pct":"4.736","ast_pct":"14.513","stl_pct":"1.114","blk_pct":"0.000","tov_pct":"5.768","usg_pct":"16.376","ortg":"129.965","drtg":"113.047","bpm":"1.267"},{"game_id":1122,"team_name":"PHI","player_id":"{\"greenda02\"}","player_name":"{\"Danny Green\"}","ts_pct":"0.684","efg_pct":"0.676","three_par":"0.802","ftr":"0.079","orb_pct":"4.427","drb_pct":"8.625","trb_pct":"6.676","ast_pct":"7.981","stl_pct":"1.389","blk_pct":"3.438","tov_pct":"11.227","usg_pct":"13.621","ortg":"126.824","drtg":"110.035","bpm":"3.516"},{"game_id":1122,"team_name":"PHI","player_id":"benchPHI","player_name":"Bench of PHI","ts_pct":"0.537","efg_pct":"0.515","three_par":"0.371","ftr":"0.363","orb_pct":"6.010","drb_pct":"13.843","trb_pct":"10.004","ast_pct":"11.625","stl_pct":"2.266","blk_pct":"2.988","tov_pct":"9.568","usg_pct":"18.745","ortg":"108.270","drtg":"107.010","bpm":"-0.737"},{"game_id":1122,"team_name":"WAS","player_id":"{\"hachiru01\"}","player_name":"{\"Rui Hachimura\"}","ts_pct":"0.697","efg_pct":"0.703","three_par":"0.268","ftr":"0.186","orb_pct":"2.885","drb_pct":"17.001","trb_pct":"9.814","ast_pct":"3.975","stl_pct":"0.618","blk_pct":"0.842","tov_pct":"9.646","usg_pct":"15.682","ortg":"125.729","drtg":"117.788","bpm":"-0.955"},{"game_id":1122,"team_name":"WAS","player_id":"{\"bealbr01\"}","player_name":"{\"Bradley Beal\"}","ts_pct":"0.546","efg_pct":"0.505","three_par":"0.265","ftr":"0.263","orb_pct":"2.514","drb_pct":"14.224","trb_pct":"8.316","ast_pct":"18.301","stl_pct":"0.907","blk_pct":"1.995","tov_pct":"10.655","usg_pct":"33.579","ortg":"105.541","drtg":"117.329","bpm":"2.289"},{"game_id":1122,"team_name":"WAS","player_id":"{\"westbru01\"}","player_name":"{\"Russell Westbrook\"}","ts_pct":"0.484","efg_pct":"0.383","three_par":"0.258","ftr":"0.551","orb_pct":"6.931","drb_pct":"24.414","trb_pct":"15.269","ast_pct":"46.515","stl_pct":"1.385","blk_pct":"0.692","tov_pct":"15.238","usg_pct":"27.021","ortg":"110.000","drtg":"113.965","bpm":"4.208"},{"game_id":1122,"team_name":"WAS","player_id":"{\"mathega01\"}","player_name":"{\"Garrison Mathews\"}","ts_pct":"0.380","efg_pct":"0.303","three_par":"0.850","ftr":"0.327","orb_pct":"0.000","drb_pct":"6.404","trb_pct":"3.008","ast_pct":"0.000","stl_pct":"0.206","blk_pct":"1.345","tov_pct":"1.959","usg_pct":"14.624","ortg":"78.729","drtg":"120.176","bpm":"-7.696"},{"game_id":1122,"team_name":"WAS","player_id":"{\"netora01\"}","player_name":"{\"Raul Neto\"}","ts_pct":"0.475","efg_pct":"0.435","three_par":"0.403","ftr":"0.242","orb_pct":"2.574","drb_pct":"9.529","trb_pct":"5.842","ast_pct":"4.887","stl_pct":"1.099","blk_pct":"0.162","tov_pct":"10.173","usg_pct":"15.046","ortg":"96.365","drtg":"120.400","bpm":"-5.229"},{"game_id":1122,"team_name":"WAS","player_id":"{\"gaffoda01\"}","player_name":"{\"Daniel Gafford\"}","ts_pct":"0.793","efg_pct":"0.783","three_par":"0.000","ftr":"0.842","orb_pct":"12.746","drb_pct":"16.589","trb_pct":"15.379","ast_pct":"4.609","stl_pct":"1.384","blk_pct":"8.485","tov_pct":"8.962","usg_pct":"17.325","ortg":"153.365","drtg":"109.812","bpm":"4.898"},{"game_id":1122,"team_name":"WAS","player_id":"benchWAS","player_name":"Bench of WAS","ts_pct":"0.425","efg_pct":"0.416","three_par":"0.188","ftr":"0.143","orb_pct":"4.992","drb_pct":"11.906","trb_pct":"8.219","ast_pct":"9.407","stl_pct":"1.099","blk_pct":"2.542","tov_pct":"9.553","usg_pct":"18.589","ortg":"89.667","drtg":"114.848","bpm":"-7.594"}]