[{"game_id":1089,"team_name":"LAC","player_id":"{\"leonaka01\"}","player_name":"{\"Kawhi Leonard\"}","fg":"6.553","fga":"13.318","fg_pct":"0.492","three_p":"1.953","three_pa":"4.635","three_p_pct":"0.421","ft":"4.988","fta":"5.376","ft_pct":"0.928","orb":"0.412","drb":"5.400","trb":"5.812","ast":"6.118","stl":"0.635","blk":"0.200","tov":"2.459","pf":"1.141","pts":"20.047"},{"game_id":1089,"team_name":"LAC","player_id":"{\"georgpa01\"}","player_name":"{\"Paul George\"}","fg":"7.224","fga":"17.824","fg_pct":"0.405","three_p":"2.741","three_pa":"8.635","three_p_pct":"0.317","ft":"3.682","fta":"4.682","ft_pct":"0.786","orb":"0.506","drb":"7.435","trb":"7.941","ast":"4.118","stl":"0.847","blk":"0.318","tov":"3.612","pf":"2.647","pts":"20.871"},{"game_id":1089,"team_name":"LAC","player_id":"{\"morrima03\"}","player_name":"{\"Marcus Morris\"}","fg":"4.482","fga":"9.024","fg_pct":"0.497","three_p":"1.976","three_pa":"4.153","three_p_pct":"0.476","ft":"1.859","fta":"2.188","ft_pct":"0.850","orb":"0.612","drb":"3.118","trb":"3.729","ast":"0.871","stl":"0.459","blk":"0.353","tov":"1.529","pf":"1.553","pts":"12.800"},{"game_id":1089,"team_name":"LAC","player_id":"{\"batumni01\"}","player_name":"{\"Nicolas Batum\"}","fg":"2.459","fga":"4.824","fg_pct":"0.510","three_p":"1.212","three_pa":"3.235","three_p_pct":"0.375","ft":"0.388","fta":"0.635","ft_pct":"0.611","orb":"0.306","drb":"3.412","trb":"3.718","ast":"1.518","stl":"0.718","blk":"0.647","tov":"0.424","pf":"0.941","pts":"6.518"},{"game_id":1089,"team_name":"LAC","player_id":"{\"rondora01\"}","player_name":"{\"Rajon Rondo\"}","fg":"3.165","fga":"6.188","fg_pct":"0.511","three_p":"1.365","three_pa":"2.753","three_p_pct":"0.496","ft":"0.847","fta":"0.847","ft_pct":"1.000","orb":"0.765","drb":"3.000","trb":"3.765","ast":"6.682","stl":"1.035","blk":"0.082","tov":"2.788","pf":"0.918","pts":"8.541"},{"game_id":1089,"team_name":"LAC","player_id":"{\"jacksre01\"}","player_name":"{\"Reggie Jackson\"}","fg":"4.365","fga":"9.918","fg_pct":"0.440","three_p":"2.553","three_pa":"6.306","three_p_pct":"0.405","ft":"0.624","fta":"0.624","ft_pct":"1.000","orb":"0.188","drb":"2.412","trb":"2.600","ast":"2.247","stl":"0.682","blk":"0.141","tov":"1.047","pf":"1.035","pts":"11.906"},{"game_id":1089,"team_name":"LAC","player_id":"benchLAC","player_name":"Bench of LAC","fg":"3.146","fga":"5.662","fg_pct":"0.556","three_p":"0.560","three_pa":"1.808","three_p_pct":"0.310","ft":"1.216","fta":"1.426","ft_pct":"0.853","orb":"1.115","drb":"3.122","trb":"4.237","ast":"1.519","stl":"0.234","blk":"0.598","tov":"0.690","pf":"1.862","pts":"8.068"},{"game_id":1089,"team_name":"DAL","player_id":"{\"mellini01\"}","player_name":"{\"Nicolò Melli\"}","fg":"1.659","fga":"4.482","fg_pct":"0.370","three_p":"0.988","three_pa":"2.835","three_p_pct":"0.349","ft":"0.918","fta":"1.153","ft_pct":"0.796","orb":"1.000","drb":"2.047","trb":"3.047","ast":"1.059","stl":"0.153","blk":"0.000","tov":"0.259","pf":"0.729","pts":"5.224"},{"game_id":1089,"team_name":"DAL","player_id":"{\"poweldw01\"}","player_name":"{\"Dwight Powell\"}","fg":"2.988","fga":"3.894","fg_pct":"0.767","three_p":"0.000","three_pa":"0.000","three_p_pct":"NaN","ft":"2.506","fta":"2.941","ft_pct":"0.852","orb":"2.129","drb":"4.071","trb":"6.200","ast":"2.929","stl":"0.647","blk":"1.365","tov":"1.118","pf":"3.129","pts":"8.482"},{"game_id":1089,"team_name":"DAL","player_id":"{\"caulewi01\"}","player_name":"{\"Willie Cauley-Stein\"}","fg":"1.847","fga":"2.753","fg_pct":"0.671","three_p":"0.000","three_pa":"0.141","three_p_pct":"0.000","ft":"0.518","fta":"0.788","ft_pct":"0.657","orb":"1.282","drb":"3.482","trb":"4.765","ast":"0.553","stl":"0.494","blk":"0.835","tov":"0.835","pf":"3.035","pts":"4.212"},{"game_id":1089,"team_name":"DAL","player_id":"{\"doncilu01\"}","player_name":"{\"Luka Dončić\"}","fg":"7.565","fga":"17.671","fg_pct":"0.428","three_p":"2.318","three_pa":"7.765","three_p_pct":"0.299","ft":"4.482","fta":"5.765","ft_pct":"0.777","orb":"0.835","drb":"6.988","trb":"7.824","ast":"7.235","stl":"0.800","blk":"0.235","tov":"3.635","pf":"2.047","pts":"21.929"},{"game_id":1089,"team_name":"DAL","player_id":"{\"finnedo01\"}","player_name":"{\"Dorian Finney-Smith\"}","fg":"4.082","fga":"7.671","fg_pct":"0.532","three_p":"1.918","three_pa":"4.741","three_p_pct":"0.405","ft":"0.365","fta":"0.729","ft_pct":"0.501","orb":"0.953","drb":"3.318","trb":"4.271","ast":"2.106","stl":"0.482","blk":"0.282","tov":"1.506","pf":"1.965","pts":"10.447"},{"game_id":1089,"team_name":"DAL","player_id":"{\"klebima01\"}","player_name":"{\"Maxi Kleber\"}","fg":"2.176","fga":"5.341","fg_pct":"0.407","three_p":"1.518","three_pa":"4.176","three_p_pct":"0.364","ft":"0.235","fta":"0.235","ft_pct":"1.000","orb":"1.212","drb":"3.224","trb":"4.435","ast":"1.529","stl":"0.129","blk":"0.471","tov":"0.294","pf":"1.071","pts":"6.106"},{"game_id":1089,"team_name":"DAL","player_id":"benchDAL","player_name":"Bench of DAL","fg":"5.971","fga":"12.048","fg_pct":"0.496","three_p":"2.266","three_pa":"5.022","three_p_pct":"0.451","ft":"2.077","fta":"2.253","ft_pct":"0.922","orb":"0.739","drb":"2.916","trb":"3.655","ast":"2.541","stl":"0.815","blk":"0.258","tov":"0.779","pf":"1.843","pts":"16.285"}]