[{"game_id":1023,"team_name":"GSW","player_id":"{\"greendr01\"}","player_name":"{\"Draymond Green\"}","ts_pct":"0.610","efg_pct":"0.590","three_par":"0.327","ftr":"0.264","orb_pct":"1.960","drb_pct":"26.632","trb_pct":"14.961","ast_pct":"38.132","stl_pct":"2.227","blk_pct":"2.781","tov_pct":"38.116","usg_pct":"12.706","ortg":"120.282","drtg":"99.753","bpm":"3.742"},{"game_id":1023,"team_name":"GSW","player_id":"{\"curryst01\"}","player_name":"{\"Stephen Curry\"}","ts_pct":"0.667","efg_pct":"0.626","three_par":"0.657","ftr":"0.288","orb_pct":"0.933","drb_pct":"14.521","trb_pct":"8.288","ast_pct":"26.078","stl_pct":"1.922","blk_pct":"0.184","tov_pct":"11.056","usg_pct":"40.012","ortg":"118.024","drtg":"105.082","bpm":"9.585"},{"game_id":1023,"team_name":"GSW","player_id":"{\"wiggian01\"}","player_name":"{\"Andrew Wiggins\"}","ts_pct":"0.571","efg_pct":"0.535","three_par":"0.340","ftr":"0.201","orb_pct":"4.354","drb_pct":"9.153","trb_pct":"7.188","ast_pct":"14.734","stl_pct":"1.126","blk_pct":"3.398","tov_pct":"7.446","usg_pct":"24.892","ortg":"112.788","drtg":"106.400","bpm":"0.161"},{"game_id":1023,"team_name":"GSW","player_id":"{\"bazemke01\"}","player_name":"{\"Kent Bazemore\"}","ts_pct":"0.633","efg_pct":"0.620","three_par":"0.525","ftr":"0.103","orb_pct":"0.878","drb_pct":"19.964","trb_pct":"11.219","ast_pct":"7.393","stl_pct":"1.969","blk_pct":"1.874","tov_pct":"18.879","usg_pct":"14.481","ortg":"96.212","drtg":"100.024","bpm":"-2.647"},{"game_id":1023,"team_name":"GSW","player_id":"{\"looneke01\"}","player_name":"{\"Kevon Looney\"}","ts_pct":"0.597","efg_pct":"0.601","three_par":"0.047","ftr":"0.279","orb_pct":"7.074","drb_pct":"18.925","trb_pct":"13.951","ast_pct":"8.989","stl_pct":"0.444","blk_pct":"1.558","tov_pct":"5.639","usg_pct":"7.748","ortg":"139.765","drtg":"106.412","bpm":"-2.540"},{"game_id":1023,"team_name":"GSW","player_id":"{\"toscaju01\"}","player_name":"{\"Juan Toscano-Anderson\"}","ts_pct":"0.633","efg_pct":"0.663","three_par":"0.536","ftr":"0.241","orb_pct":"2.118","drb_pct":"19.140","trb_pct":"11.516","ast_pct":"19.891","stl_pct":"1.773","blk_pct":"2.612","tov_pct":"26.340","usg_pct":"11.627","ortg":"116.682","drtg":"103.424","bpm":"0.216"},{"game_id":1023,"team_name":"GSW","player_id":"benchGSW","player_name":"Bench of GSW","ts_pct":"0.599","efg_pct":"0.580","three_par":"0.713","ftr":"0.124","orb_pct":"2.425","drb_pct":"7.019","trb_pct":"4.832","ast_pct":"9.601","stl_pct":"0.680","blk_pct":"0.712","tov_pct":"9.144","usg_pct":"22.834","ortg":"107.510","drtg":"109.667","bpm":"-1.496"},{"game_id":1023,"team_name":"UTA","player_id":"{\"thomama02\"}","player_name":"{\"Matt Thomas\"}","ts_pct":"0.594","efg_pct":"0.460","three_par":"0.348","ftr":"0.000","orb_pct":"5.053","drb_pct":"8.844","trb_pct":"7.355","ast_pct":"8.651","stl_pct":"0.000","blk_pct":"0.000","tov_pct":"4.749","usg_pct":"23.712","ortg":"114.506","drtg":"112.282","bpm":"-0.294"},{"game_id":1023,"team_name":"UTA","player_id":"{\"clarkjo01\"}","player_name":"{\"Jordan Clarkson\"}","ts_pct":"0.511","efg_pct":"0.481","three_par":"0.472","ftr":"0.205","orb_pct":"1.374","drb_pct":"14.073","trb_pct":"8.325","ast_pct":"23.458","stl_pct":"1.567","blk_pct":"0.733","tov_pct":"7.422","usg_pct":"30.967","ortg":"108.894","drtg":"110.259","bpm":"-0.466"},{"game_id":1023,"team_name":"UTA","player_id":"{\"bogdabo02\"}","player_name":"{\"Bojan Bogdanović\"}","ts_pct":"0.681","efg_pct":"0.628","three_par":"0.436","ftr":"0.338","orb_pct":"1.954","drb_pct":"10.858","trb_pct":"6.608","ast_pct":"9.515","stl_pct":"1.556","blk_pct":"0.206","tov_pct":"14.707","usg_pct":"30.272","ortg":"116.576","drtg":"111.247","bpm":"2.127"},{"game_id":1023,"team_name":"UTA","player_id":"{\"onealro01\"}","player_name":"{\"Royce O'Neale\"}","ts_pct":"0.700","efg_pct":"0.694","three_par":"0.653","ftr":"0.044","orb_pct":"2.758","drb_pct":"17.993","trb_pct":"11.102","ast_pct":"11.287","stl_pct":"2.208","blk_pct":"0.247","tov_pct":"17.976","usg_pct":"9.758","ortg":"127.282","drtg":"107.965","bpm":"2.736"},{"game_id":1023,"team_name":"UTA","player_id":"{\"goberru01\"}","player_name":"{\"Rudy Gobert\"}","ts_pct":"0.704","efg_pct":"0.673","three_par":"0.000","ftr":"0.455","orb_pct":"11.741","drb_pct":"32.180","trb_pct":"22.679","ast_pct":"4.486","stl_pct":"1.249","blk_pct":"6.940","tov_pct":"17.185","usg_pct":"18.094","ortg":"127.094","drtg":"101.624","bpm":"2.436"},{"game_id":1023,"team_name":"UTA","player_id":"{\"inglejo01\"}","player_name":"{\"Joe Ingles\"}","ts_pct":"0.587","efg_pct":"0.567","three_par":"0.713","ftr":"0.162","orb_pct":"1.478","drb_pct":"11.069","trb_pct":"6.865","ast_pct":"30.825","stl_pct":"0.894","blk_pct":"0.416","tov_pct":"17.679","usg_pct":"19.516","ortg":"119.282","drtg":"112.659","bpm":"0.967"},{"game_id":1023,"team_name":"UTA","player_id":"benchUTA","player_name":"Bench of UTA","ts_pct":"0.623","efg_pct":"0.600","three_par":"0.474","ftr":"0.208","orb_pct":"6.733","drb_pct":"15.640","trb_pct":"11.616","ast_pct":"10.968","stl_pct":"1.289","blk_pct":"1.837","tov_pct":"9.998","usg_pct":"13.599","ortg":"129.963","drtg":"109.269","bpm":"0.608"}]