[{"game_id":1079,"team_name":"POR","player_id":"{\"jonesde02\"}","player_name":"{\"Derrick Jones Jr.\"}","ts_pct":"0.363","efg_pct":"0.360","three_par":"0.264","ftr":"0.470","orb_pct":"2.287","drb_pct":"3.921","trb_pct":"3.111","ast_pct":"5.191","stl_pct":"0.716","blk_pct":"5.093","tov_pct":"7.929","usg_pct":"9.518","ortg":"71.624","drtg":"118.224","bpm":"-6.511"},{"game_id":1079,"team_name":"POR","player_id":"{\"littlna01\"}","player_name":"{\"Nassir Little\"}","ts_pct":"0.363","efg_pct":"0.351","three_par":"0.224","ftr":"0.139","orb_pct":"2.825","drb_pct":"19.452","trb_pct":"10.387","ast_pct":"2.559","stl_pct":"0.000","blk_pct":"0.179","tov_pct":"21.241","usg_pct":"14.531","ortg":"76.718","drtg":"117.553","bpm":"-9.199"},{"game_id":1079,"team_name":"POR","player_id":"{\"leaftj01\"}","player_name":"{\"T.J. Leaf\"}","ts_pct":"0.466","efg_pct":"0.484","three_par":"0.035","ftr":"0.332","orb_pct":"1.447","drb_pct":"12.822","trb_pct":"7.253","ast_pct":"6.118","stl_pct":"2.162","blk_pct":"3.494","tov_pct":"13.018","usg_pct":"22.329","ortg":"87.765","drtg":"109.271","bpm":"-7.594"},{"game_id":1079,"team_name":"POR","player_id":"{\"gilesha01\"}","player_name":"{\"Harry Giles\"}","ts_pct":"0.442","efg_pct":"0.419","three_par":"0.326","ftr":"0.226","orb_pct":"7.259","drb_pct":"26.735","trb_pct":"16.596","ast_pct":"19.131","stl_pct":"2.141","blk_pct":"4.019","tov_pct":"5.018","usg_pct":"22.859","ortg":"101.200","drtg":"107.435","bpm":"2.798"},{"game_id":1079,"team_name":"POR","player_id":"{\"ellebcj01\"}","player_name":"{\"CJ Elleby\"}","ts_pct":"0.356","efg_pct":"0.289","three_par":"0.182","ftr":"0.282","orb_pct":"7.534","drb_pct":"17.687","trb_pct":"12.294","ast_pct":"14.214","stl_pct":"0.000","blk_pct":"0.000","tov_pct":"2.824","usg_pct":"19.056","ortg":"89.165","drtg":"117.259","bpm":"-3.708"},{"game_id":1079,"team_name":"POR","player_id":"{\"powelno01\"}","player_name":"{\"Norman Powell\"}","ts_pct":"0.539","efg_pct":"0.496","three_par":"0.406","ftr":"0.242","orb_pct":"2.108","drb_pct":"9.494","trb_pct":"5.868","ast_pct":"7.500","stl_pct":"1.286","blk_pct":"0.945","tov_pct":"6.713","usg_pct":"19.379","ortg":"108.329","drtg":"116.306","bpm":"-1.967"},{"game_id":1079,"team_name":"POR","player_id":"benchPOR","player_name":"Bench of POR","ts_pct":"0.597","efg_pct":"0.567","three_par":"0.456","ftr":"0.228","orb_pct":"4.142","drb_pct":"16.967","trb_pct":"10.690","ast_pct":"14.842","stl_pct":"1.209","blk_pct":"1.732","tov_pct":"7.242","usg_pct":"20.071","ortg":"122.765","drtg":"113.406","bpm":"2.510"},{"game_id":1079,"team_name":"DEN","player_id":"{\"bolbo01\"}","player_name":"{\"Bol Bol\"}","ts_pct":"0.209","efg_pct":"0.194","three_par":"0.253","ftr":"0.194","orb_pct":"0.000","drb_pct":"17.152","trb_pct":"8.336","ast_pct":"5.452","stl_pct":"1.894","blk_pct":"4.600","tov_pct":"25.485","usg_pct":"21.047","ortg":"39.412","drtg":"106.647","bpm":"-8.482"},{"game_id":1079,"team_name":"DEN","player_id":"{\"howarma02\"}","player_name":"{\"Markus Howard\"}","ts_pct":"0.431","efg_pct":"0.407","three_par":"0.509","ftr":"0.131","orb_pct":"0.976","drb_pct":"8.922","trb_pct":"5.121","ast_pct":"7.979","stl_pct":"2.032","blk_pct":"0.474","tov_pct":"33.431","usg_pct":"28.533","ortg":"83.012","drtg":"109.729","bpm":"-9.711"},{"game_id":1079,"team_name":"DEN","player_id":"{\"greenja01\"}","player_name":"{\"JaMychal Green\"}","ts_pct":"0.479","efg_pct":"0.465","three_par":"0.543","ftr":"0.196","orb_pct":"7.420","drb_pct":"14.765","trb_pct":"11.095","ast_pct":"11.900","stl_pct":"0.358","blk_pct":"2.322","tov_pct":"10.781","usg_pct":"16.429","ortg":"103.259","drtg":"113.200","bpm":"-3.389"},{"game_id":1079,"team_name":"DEN","player_id":"{\"harrish01\"}","player_name":"{\"Shaquille Harrison\"}","ts_pct":"0.294","efg_pct":"0.228","three_par":"0.271","ftr":"0.410","orb_pct":"2.240","drb_pct":"17.494","trb_pct":"9.831","ast_pct":"8.867","stl_pct":"1.921","blk_pct":"3.233","tov_pct":"9.885","usg_pct":"11.382","ortg":"93.200","drtg":"108.235","bpm":"-4.629"},{"game_id":1079,"team_name":"DEN","player_id":"{\"riverau01\"}","player_name":"{\"Austin Rivers\"}","ts_pct":"0.560","efg_pct":"0.553","three_par":"0.703","ftr":"0.158","orb_pct":"1.218","drb_pct":"9.209","trb_pct":"4.848","ast_pct":"13.393","stl_pct":"2.198","blk_pct":"0.000","tov_pct":"13.159","usg_pct":"15.631","ortg":"108.341","drtg":"112.894","bpm":"-0.672"},{"game_id":1079,"team_name":"DEN","player_id":"{\"morrimo01\"}","player_name":"{\"Monte Morris\"}","ts_pct":"0.582","efg_pct":"0.552","three_par":"0.253","ftr":"0.153","orb_pct":"1.868","drb_pct":"7.202","trb_pct":"4.567","ast_pct":"19.248","stl_pct":"2.278","blk_pct":"1.180","tov_pct":"9.199","usg_pct":"20.551","ortg":"117.671","drtg":"111.871","bpm":"1.006"},{"game_id":1079,"team_name":"DEN","player_id":"benchDEN","player_name":"Bench of DEN","ts_pct":"0.525","efg_pct":"0.494","three_par":"0.360","ftr":"0.225","orb_pct":"6.239","drb_pct":"19.057","trb_pct":"12.659","ast_pct":"16.022","stl_pct":"1.611","blk_pct":"2.204","tov_pct":"10.585","usg_pct":"21.254","ortg":"108.165","drtg":"109.571","bpm":"0.408"}]