[{"game_id":1027,"team_name":"BOS","player_id":"{\"tatumja01\"}","player_name":"{\"Jayson Tatum\"}","ts_pct":"0.576","efg_pct":"0.515","three_par":"0.382","ftr":"0.342","orb_pct":"3.307","drb_pct":"18.678","trb_pct":"10.945","ast_pct":"21.407","stl_pct":"1.292","blk_pct":"1.993","tov_pct":"12.392","usg_pct":"30.622","ortg":"113.906","drtg":"117.376","bpm":"3.061"},{"game_id":1027,"team_name":"BOS","player_id":"{\"walkeke02\"}","player_name":"{\"Kemba Walker\"}","ts_pct":"0.640","efg_pct":"0.590","three_par":"0.524","ftr":"0.342","orb_pct":"2.140","drb_pct":"12.368","trb_pct":"7.289","ast_pct":"23.565","stl_pct":"1.728","blk_pct":"0.748","tov_pct":"10.673","usg_pct":"26.634","ortg":"125.494","drtg":"115.412","bpm":"6.175"},{"game_id":1027,"team_name":"BOS","player_id":"{\"fournev01\"}","player_name":"{\"Evan Fournier\"}","ts_pct":"0.616","efg_pct":"0.605","three_par":"0.548","ftr":"0.054","orb_pct":"1.614","drb_pct":"13.336","trb_pct":"7.258","ast_pct":"16.795","stl_pct":"2.062","blk_pct":"1.438","tov_pct":"10.642","usg_pct":"16.653","ortg":"120.224","drtg":"117.976","bpm":"2.011"},{"game_id":1027,"team_name":"BOS","player_id":"{\"smartma01\"}","player_name":"{\"Marcus Smart\"}","ts_pct":"0.434","efg_pct":"0.396","three_par":"0.546","ftr":"0.252","orb_pct":"3.073","drb_pct":"11.513","trb_pct":"7.146","ast_pct":"23.921","stl_pct":"2.176","blk_pct":"0.804","tov_pct":"20.106","usg_pct":"19.066","ortg":"97.847","drtg":"117.600","bpm":"-5.065"},{"game_id":1027,"team_name":"BOS","player_id":"{\"thomptr01\"}","player_name":"{\"Tristan Thompson\"}","ts_pct":"0.447","efg_pct":"0.499","three_par":"0.000","ftr":"0.598","orb_pct":"15.202","drb_pct":"22.201","trb_pct":"18.466","ast_pct":"9.809","stl_pct":"0.671","blk_pct":"4.488","tov_pct":"19.449","usg_pct":"12.928","ortg":"106.200","drtg":"118.482","bpm":"-3.838"},{"game_id":1027,"team_name":"BOS","player_id":"{\"ojelese01\"}","player_name":"{\"Semi Ojeleye\"}","ts_pct":"0.491","efg_pct":"0.491","three_par":"0.631","ftr":"0.000","orb_pct":"4.212","drb_pct":"15.989","trb_pct":"10.456","ast_pct":"3.475","stl_pct":"1.700","blk_pct":"0.000","tov_pct":"11.618","usg_pct":"12.911","ortg":"76.541","drtg":"106.047","bpm":"-3.606"},{"game_id":1027,"team_name":"BOS","player_id":"benchBOS","player_name":"Bench of BOS","ts_pct":"0.534","efg_pct":"0.496","three_par":"0.622","ftr":"0.194","orb_pct":"2.873","drb_pct":"14.159","trb_pct":"8.161","ast_pct":"8.399","stl_pct":"0.574","blk_pct":"1.082","tov_pct":"9.278","usg_pct":"17.209","ortg":"106.469","drtg":"120.211","bpm":"-3.756"},{"game_id":1027,"team_name":"MIA","player_id":"{\"herroty01\"}","player_name":"{\"Tyler Herro\"}","ts_pct":"0.598","efg_pct":"0.590","three_par":"0.424","ftr":"0.077","orb_pct":"1.206","drb_pct":"17.693","trb_pct":"9.381","ast_pct":"17.044","stl_pct":"1.040","blk_pct":"0.442","tov_pct":"7.011","usg_pct":"23.594","ortg":"116.859","drtg":"119.788","bpm":"1.652"},{"game_id":1027,"team_name":"MIA","player_id":"{\"adebaba01\"}","player_name":"{\"Bam Adebayo\"}","ts_pct":"0.669","efg_pct":"0.631","three_par":"0.000","ftr":"0.717","orb_pct":"6.222","drb_pct":"19.853","trb_pct":"12.974","ast_pct":"26.594","stl_pct":"3.224","blk_pct":"1.646","tov_pct":"13.958","usg_pct":"21.515","ortg":"132.671","drtg":"114.235","bpm":"5.439"},{"game_id":1027,"team_name":"MIA","player_id":"{\"robindu01\"}","player_name":"{\"Duncan Robinson\"}","ts_pct":"0.631","efg_pct":"0.622","three_par":"0.847","ftr":"0.095","orb_pct":"0.414","drb_pct":"13.259","trb_pct":"6.846","ast_pct":"7.516","stl_pct":"0.886","blk_pct":"0.447","tov_pct":"7.648","usg_pct":"18.181","ortg":"114.659","drtg":"121.682","bpm":"-1.500"},{"game_id":1027,"team_name":"MIA","player_id":"{\"nunnke01\"}","player_name":"{\"Kendrick Nunn\"}","ts_pct":"0.611","efg_pct":"0.592","three_par":"0.529","ftr":"0.076","orb_pct":"0.349","drb_pct":"9.098","trb_pct":"4.767","ast_pct":"11.468","stl_pct":"0.878","blk_pct":"0.272","tov_pct":"8.184","usg_pct":"20.839","ortg":"114.894","drtg":"121.459","bpm":"-3.156"},{"game_id":1027,"team_name":"MIA","player_id":"{\"arizatr01\"}","player_name":"{\"Trevor Ariza\"}","ts_pct":"0.567","efg_pct":"0.538","three_par":"0.619","ftr":"0.197","orb_pct":"4.262","drb_pct":"17.989","trb_pct":"11.035","ast_pct":"8.026","stl_pct":"2.628","blk_pct":"2.600","tov_pct":"6.876","usg_pct":"17.076","ortg":"111.635","drtg":"115.541","bpm":"0.625"},{"game_id":1027,"team_name":"MIA","player_id":"{\"dragigo01\"}","player_name":"{\"Goran Dragić\"}","ts_pct":"0.535","efg_pct":"0.506","three_par":"0.404","ftr":"0.160","orb_pct":"4.381","drb_pct":"11.056","trb_pct":"7.639","ast_pct":"21.864","stl_pct":"1.224","blk_pct":"0.569","tov_pct":"11.149","usg_pct":"22.971","ortg":"113.671","drtg":"120.647","bpm":"-2.476"},{"game_id":1027,"team_name":"MIA","player_id":"benchMIA","player_name":"Bench of MIA","ts_pct":"0.602","efg_pct":"0.562","three_par":"0.266","ftr":"0.360","orb_pct":"6.471","drb_pct":"21.726","trb_pct":"14.070","ast_pct":"20.703","stl_pct":"2.308","blk_pct":"1.605","tov_pct":"14.554","usg_pct":"18.807","ortg":"127.194","drtg":"115.267","bpm":"2.663"}]