[{"game_id":1076,"team_name":"MIN","player_id":"{\"edwaran01\"}","player_name":"{\"Anthony Edwards\"}","ts_pct":"0.620","efg_pct":"0.584","three_par":"0.456","ftr":"0.332","orb_pct":"2.951","drb_pct":"15.588","trb_pct":"9.154","ast_pct":"20.524","stl_pct":"1.400","blk_pct":"2.053","tov_pct":"11.798","usg_pct":"26.018","ortg":"118.565","drtg":"112.447","bpm":"2.835"},{"game_id":1076,"team_name":"MIN","player_id":"{\"russeda01\"}","player_name":"{\"D'Angelo Russell\"}","ts_pct":"0.512","efg_pct":"0.480","three_par":"0.519","ftr":"0.329","orb_pct":"2.236","drb_pct":"9.053","trb_pct":"5.522","ast_pct":"36.355","stl_pct":"1.641","blk_pct":"2.036","tov_pct":"12.505","usg_pct":"26.042","ortg":"109.012","drtg":"113.894","bpm":"0.767"},{"game_id":1076,"team_name":"MIN","player_id":"{\"mcdanja02\"}","player_name":"{\"Jaden McDaniels\"}","ts_pct":"0.508","efg_pct":"0.471","three_par":"0.688","ftr":"0.251","orb_pct":"2.560","drb_pct":"11.736","trb_pct":"6.862","ast_pct":"6.315","stl_pct":"1.168","blk_pct":"3.008","tov_pct":"13.831","usg_pct":"8.358","ortg":"103.671","drtg":"115.635","bpm":"-4.808"},{"game_id":1076,"team_name":"MIN","player_id":"{\"townska01\"}","player_name":"{\"Karl-Anthony Towns\"}","ts_pct":"0.592","efg_pct":"0.533","three_par":"0.390","ftr":"0.397","orb_pct":"9.361","drb_pct":"22.406","trb_pct":"15.727","ast_pct":"20.718","stl_pct":"1.322","blk_pct":"0.718","tov_pct":"13.438","usg_pct":"31.728","ortg":"115.753","drtg":"112.071","bpm":"3.134"},{"game_id":1076,"team_name":"MIN","player_id":"{\"vandeja01\"}","player_name":"{\"Jarred Vanderbilt\"}","ts_pct":"0.679","efg_pct":"0.692","three_par":"0.000","ftr":"0.169","orb_pct":"12.405","drb_pct":"22.476","trb_pct":"17.455","ast_pct":"5.167","stl_pct":"2.538","blk_pct":"2.326","tov_pct":"7.061","usg_pct":"11.374","ortg":"146.094","drtg":"108.294","bpm":"-0.092"},{"game_id":1076,"team_name":"MIN","player_id":"{\"okogijo01\"}","player_name":"{\"Josh Okogie\"}","ts_pct":"0.475","efg_pct":"0.386","three_par":"0.258","ftr":"0.778","orb_pct":"7.965","drb_pct":"9.761","trb_pct":"8.504","ast_pct":"5.679","stl_pct":"1.047","blk_pct":"3.244","tov_pct":"9.768","usg_pct":"10.447","ortg":"104.671","drtg":"114.459","bpm":"-3.533"},{"game_id":1076,"team_name":"MIN","player_id":"benchMIN","player_name":"Bench of MIN","ts_pct":"0.540","efg_pct":"0.524","three_par":"0.488","ftr":"0.255","orb_pct":"4.792","drb_pct":"16.183","trb_pct":"10.280","ast_pct":"15.061","stl_pct":"1.662","blk_pct":"2.048","tov_pct":"11.762","usg_pct":"17.733","ortg":"113.458","drtg":"112.014","bpm":"-2.001"},{"game_id":1076,"team_name":"DAL","player_id":"{\"caulewi01\"}","player_name":"{\"Willie Cauley-Stein\"}","ts_pct":"0.550","efg_pct":"0.502","three_par":"0.065","ftr":"0.201","orb_pct":"9.359","drb_pct":"25.702","trb_pct":"17.126","ast_pct":"5.928","stl_pct":"1.413","blk_pct":"3.372","tov_pct":"32.080","usg_pct":"11.311","ortg":"103.341","drtg":"109.471","bpm":"-3.114"},{"game_id":1076,"team_name":"DAL","player_id":"{\"marjabo01\"}","player_name":"{\"Boban Marjanović\"}","ts_pct":"0.610","efg_pct":"0.537","three_par":"0.113","ftr":"0.383","orb_pct":"17.372","drb_pct":"35.359","trb_pct":"25.653","ast_pct":"2.598","stl_pct":"0.445","blk_pct":"1.713","tov_pct":"6.293","usg_pct":"23.098","ortg":"129.965","drtg":"109.835","bpm":"0.591"},{"game_id":1076,"team_name":"DAL","player_id":"{\"hintona01\"}","player_name":"{\"Nate Hinton\"}","ts_pct":"0.337","efg_pct":"0.332","three_par":"0.369","ftr":"0.115","orb_pct":"3.821","drb_pct":"13.092","trb_pct":"9.046","ast_pct":"9.609","stl_pct":"2.353","blk_pct":"0.800","tov_pct":"2.353","usg_pct":"20.241","ortg":"71.506","drtg":"108.247","bpm":"-5.465"},{"game_id":1076,"team_name":"DAL","player_id":"{\"beyty01\"}","player_name":"{\"Tyler Bey\"}","ts_pct":"0.252","efg_pct":"0.247","three_par":"0.144","ftr":"0.019","orb_pct":"15.806","drb_pct":"10.832","trb_pct":"13.152","ast_pct":"10.965","stl_pct":"0.000","blk_pct":"0.000","tov_pct":"7.341","usg_pct":"13.799","ortg":"92.776","drtg":"116.424","bpm":"-5.766"},{"game_id":1076,"team_name":"DAL","player_id":"{\"finnedo01\"}","player_name":"{\"Dorian Finney-Smith\"}","ts_pct":"0.631","efg_pct":"0.636","three_par":"0.630","ftr":"0.112","orb_pct":"3.062","drb_pct":"13.772","trb_pct":"8.381","ast_pct":"10.255","stl_pct":"1.131","blk_pct":"1.046","tov_pct":"11.967","usg_pct":"13.384","ortg":"124.965","drtg":"114.788","bpm":"-1.880"},{"game_id":1076,"team_name":"DAL","player_id":"{\"poweldw01\"}","player_name":"{\"Dwight Powell\"}","ts_pct":"0.840","efg_pct":"0.786","three_par":"0.012","ftr":"0.876","orb_pct":"9.260","drb_pct":"16.478","trb_pct":"12.939","ast_pct":"12.013","stl_pct":"1.486","blk_pct":"4.633","tov_pct":"19.016","usg_pct":"12.192","ortg":"151.047","drtg":"110.624","bpm":"2.295"},{"game_id":1076,"team_name":"DAL","player_id":"benchDAL","player_name":"Bench of DAL","ts_pct":"0.564","efg_pct":"0.533","three_par":"0.403","ftr":"0.271","orb_pct":"3.629","drb_pct":"14.599","trb_pct":"8.874","ast_pct":"15.977","stl_pct":"1.601","blk_pct":"0.641","tov_pct":"6.235","usg_pct":"22.542","ortg":"117.794","drtg":"114.080","bpm":"0.425"}]