[{"game_id":1018,"team_name":"LAL","player_id":"{\"davisan02\"}","player_name":"{\"Anthony Davis\"}","ts_pct":"0.460","efg_pct":"0.422","three_par":"0.172","ftr":"0.288","orb_pct":"4.273","drb_pct":"21.309","trb_pct":"12.689","ast_pct":"15.006","stl_pct":"1.086","blk_pct":"4.234","tov_pct":"10.266","usg_pct":"34.765","ortg":"91.106","drtg":"110.424","bpm":"-1.993"},{"game_id":1018,"team_name":"LAL","player_id":"{\"caldwke01\"}","player_name":"{\"Kentavious Caldwell-Pope\"}","ts_pct":"0.570","efg_pct":"0.500","three_par":"0.576","ftr":"0.379","orb_pct":"0.398","drb_pct":"8.832","trb_pct":"4.545","ast_pct":"10.932","stl_pct":"1.741","blk_pct":"1.753","tov_pct":"7.169","usg_pct":"14.027","ortg":"118.188","drtg":"113.165","bpm":"0.591"},{"game_id":1018,"team_name":"LAL","player_id":"{\"matthwe02\"}","player_name":"{\"Wesley Matthews\"}","ts_pct":"0.441","efg_pct":"0.404","three_par":"0.789","ftr":"0.206","orb_pct":"1.395","drb_pct":"6.548","trb_pct":"3.558","ast_pct":"6.631","stl_pct":"1.427","blk_pct":"1.001","tov_pct":"7.420","usg_pct":"14.255","ortg":"82.482","drtg":"113.847","bpm":"-4.480"},{"game_id":1018,"team_name":"LAL","player_id":"{\"carusal01\"}","player_name":"{\"Alex Caruso\"}","ts_pct":"0.564","efg_pct":"0.528","three_par":"0.439","ftr":"0.331","orb_pct":"3.253","drb_pct":"10.705","trb_pct":"6.839","ast_pct":"19.472","stl_pct":"1.714","blk_pct":"1.496","tov_pct":"17.776","usg_pct":"16.844","ortg":"105.118","drtg":"113.059","bpm":"-1.582"},{"game_id":1018,"team_name":"LAL","player_id":"{\"mckinal01\"}","player_name":"{\"Alfonzo McKinnie\"}","ts_pct":"0.422","efg_pct":"0.423","three_par":"0.259","ftr":"0.220","orb_pct":"12.472","drb_pct":"6.438","trb_pct":"10.328","ast_pct":"1.685","stl_pct":"0.781","blk_pct":"0.000","tov_pct":"4.419","usg_pct":"19.242","ortg":"86.353","drtg":"117.235","bpm":"-5.254"},{"game_id":1018,"team_name":"LAL","player_id":"{\"mclembe01\"}","player_name":"{\"Ben McLemore\"}","ts_pct":"0.446","efg_pct":"0.419","three_par":"0.894","ftr":"0.221","orb_pct":"0.247","drb_pct":"11.665","trb_pct":"5.542","ast_pct":"3.438","stl_pct":"0.480","blk_pct":"2.067","tov_pct":"7.038","usg_pct":"19.800","ortg":"79.800","drtg":"115.659","bpm":"-4.841"},{"game_id":1018,"team_name":"LAL","player_id":"benchLAL","player_name":"Bench of LAL","ts_pct":"0.656","efg_pct":"0.639","three_par":"0.179","ftr":"0.367","orb_pct":"7.584","drb_pct":"20.268","trb_pct":"13.491","ast_pct":"16.352","stl_pct":"1.839","blk_pct":"2.570","tov_pct":"16.637","usg_pct":"19.133","ortg":"126.916","drtg":"109.661","bpm":"1.754"},{"game_id":1018,"team_name":"PHO","player_id":"{\"craigto01\"}","player_name":"{\"Torrey Craig\"}","ts_pct":"0.455","efg_pct":"0.452","three_par":"0.533","ftr":"0.071","orb_pct":"7.719","drb_pct":"18.473","trb_pct":"13.120","ast_pct":"5.653","stl_pct":"0.618","blk_pct":"4.455","tov_pct":"10.718","usg_pct":"15.449","ortg":"100.306","drtg":"118.518","bpm":"-4.335"},{"game_id":1018,"team_name":"PHO","player_id":"{\"carteje01\"}","player_name":"{\"Jevon Carter\"}","ts_pct":"0.654","efg_pct":"0.653","three_par":"0.764","ftr":"0.047","orb_pct":"0.752","drb_pct":"5.684","trb_pct":"3.124","ast_pct":"9.875","stl_pct":"1.733","blk_pct":"0.560","tov_pct":"12.786","usg_pct":"14.665","ortg":"108.941","drtg":"121.659","bpm":"-2.714"},{"game_id":1018,"team_name":"PHO","player_id":"{\"bridgmi01\"}","player_name":"{\"Mikal Bridges\"}","ts_pct":"0.738","efg_pct":"0.716","three_par":"0.534","ftr":"0.224","orb_pct":"3.521","drb_pct":"7.746","trb_pct":"5.581","ast_pct":"6.464","stl_pct":"2.495","blk_pct":"3.273","tov_pct":"5.074","usg_pct":"15.608","ortg":"145.012","drtg":"118.129","bpm":"6.124"},{"game_id":1018,"team_name":"PHO","player_id":"{\"bookede01\"}","player_name":"{\"Devin Booker\"}","ts_pct":"0.588","efg_pct":"0.516","three_par":"0.219","ftr":"0.356","orb_pct":"2.500","drb_pct":"11.346","trb_pct":"6.706","ast_pct":"20.029","stl_pct":"0.571","blk_pct":"0.155","tov_pct":"9.141","usg_pct":"32.527","ortg":"117.094","drtg":"123.918","bpm":"-0.587"},{"game_id":1018,"team_name":"PHO","player_id":"{\"paulch01\"}","player_name":"{\"Chris Paul\"}","ts_pct":"0.634","efg_pct":"0.591","three_par":"0.300","ftr":"0.237","orb_pct":"0.772","drb_pct":"14.689","trb_pct":"7.633","ast_pct":"47.984","stl_pct":"1.916","blk_pct":"1.753","tov_pct":"13.729","usg_pct":"25.001","ortg":"131.153","drtg":"118.941","bpm":"6.788"},{"game_id":1018,"team_name":"PHO","player_id":"{\"aytonde01\"}","player_name":"{\"Deandre Ayton\"}","ts_pct":"0.635","efg_pct":"0.595","three_par":"0.000","ftr":"0.390","orb_pct":"12.978","drb_pct":"26.608","trb_pct":"19.892","ast_pct":"8.494","stl_pct":"1.800","blk_pct":"4.062","tov_pct":"4.008","usg_pct":"14.736","ortg":"142.576","drtg":"115.071","bpm":"2.860"},{"game_id":1018,"team_name":"PHO","player_id":"benchPHO","player_name":"Bench of PHO","ts_pct":"0.537","efg_pct":"0.520","three_par":"0.572","ftr":"0.312","orb_pct":"4.649","drb_pct":"17.684","trb_pct":"10.894","ast_pct":"13.922","stl_pct":"1.381","blk_pct":"1.768","tov_pct":"9.719","usg_pct":"18.967","ortg":"109.226","drtg":"116.766","bpm":"-0.537"}]