[{"game_id":1226,"team_name":"CLE","player_id":"{\"thomptr01\"}","player_name":"{\"Tristan Thompson\"}","fg":"5.988","fga":"10.435","fg_pct":"0.574","three_p":"0.141","three_pa":"0.282","three_p_pct":"0.500","ft":"1.624","fta":"2.588","ft_pct":"0.628","orb":"3.200","drb":"5.647","trb":"8.847","ast":"1.635","stl":"0.000","blk":"0.553","tov":"0.800","pf":"1.471","pts":"13.741"},{"game_id":1226,"team_name":"CLE","player_id":"{\"loveke01\"}","player_name":"{\"Kevin Love\"}","fg":"4.812","fga":"11.212","fg_pct":"0.429","three_p":"1.976","three_pa":"5.965","three_p_pct":"0.331","ft":"3.106","fta":"3.447","ft_pct":"0.901","orb":"0.635","drb":"11.612","trb":"12.247","ast":"3.188","stl":"0.624","blk":"0.082","tov":"2.400","pf":"2.200","pts":"14.706"},{"game_id":1226,"team_name":"CLE","player_id":"{\"osmande01\"}","player_name":"{\"Cedi Osman\"}","fg":"4.200","fga":"9.765","fg_pct":"0.430","three_p":"1.541","three_pa":"4.682","three_p_pct":"0.329","ft":"1.247","fta":"1.729","ft_pct":"0.721","orb":"0.741","drb":"2.259","trb":"3.000","ast":"1.600","stl":"1.082","blk":"0.000","tov":"0.929","pf":"2.188","pts":"11.188"},{"game_id":1226,"team_name":"CLE","player_id":"{\"nancela02\"}","player_name":"{\"Larry Nance Jr.\"}","fg":"4.506","fga":"8.894","fg_pct":"0.507","three_p":"0.906","three_pa":"3.000","three_p_pct":"0.302","ft":"0.824","fta":"1.294","ft_pct":"0.637","orb":"2.929","drb":"7.835","trb":"10.765","ast":"2.906","stl":"1.412","blk":"0.812","tov":"1.424","pf":"2.694","pts":"10.741"},{"game_id":1226,"team_name":"CLE","player_id":"{\"sextoco01\"}","player_name":"{\"Collin Sexton\"}","fg":"7.412","fga":"16.353","fg_pct":"0.453","three_p":"2.106","three_pa":"5.765","three_p_pct":"0.365","ft":"2.200","fta":"2.859","ft_pct":"0.769","orb":"0.729","drb":"1.541","trb":"2.271","ast":"3.588","stl":"0.435","blk":"0.000","tov":"2.647","pf":"1.729","pts":"19.129"},{"game_id":1226,"team_name":"CLE","player_id":"{\"clarkjo01\"}","player_name":"{\"Jordan Clarkson\"}","fg":"5.329","fga":"12.306","fg_pct":"0.433","three_p":"1.294","three_pa":"4.376","three_p_pct":"0.296","ft":"1.929","fta":"2.224","ft_pct":"0.867","orb":"0.647","drb":"1.188","trb":"1.835","ast":"2.200","stl":"0.859","blk":"0.000","tov":"1.376","pf":"0.624","pts":"13.882"},{"game_id":1226,"team_name":"CLE","player_id":"benchCLE","player_name":"Bench of CLE","fg":"2.393","fga":"7.624","fg_pct":"0.314","three_p":"0.728","three_pa":"3.327","three_p_pct":"0.219","ft":"0.467","fta":"0.525","ft_pct":"0.890","orb":"0.547","drb":"0.968","trb":"1.515","ast":"2.816","stl":"0.527","blk":"0.357","tov":"1.737","pf":"2.132","pts":"5.982"},{"game_id":1226,"team_name":"CHI","player_id":"{\"lavinza01\"}","player_name":"{\"Zach LaVine\"}","fg":"8.153","fga":"17.718","fg_pct":"0.460","three_p":"2.012","three_pa":"5.212","three_p_pct":"0.386","ft":"4.424","fta":"6.129","ft_pct":"0.722","orb":"1.294","drb":"3.612","trb":"4.906","ast":"4.482","stl":"1.294","blk":"0.565","tov":"3.612","pf":"2.635","pts":"22.741"},{"game_id":1226,"team_name":"CHI","player_id":"{\"porteot01\"}","player_name":"{\"Otto Porter Jr.\"}","fg":"3.753","fga":"10.176","fg_pct":"0.369","three_p":"1.624","three_pa":"4.847","three_p_pct":"0.335","ft":"1.871","fta":"2.012","ft_pct":"0.930","orb":"0.718","drb":"3.153","trb":"3.871","ast":"1.212","stl":"0.871","blk":"0.188","tov":"0.753","pf":"1.788","pts":"11.000"},{"game_id":1226,"team_name":"CHI","player_id":"{\"markkla01\"}","player_name":"{\"Lauri Markkanen\"}","fg":"5.871","fga":"14.859","fg_pct":"0.395","three_p":"1.529","three_pa":"5.800","three_p_pct":"0.264","ft":"3.741","fta":"4.506","ft_pct":"0.830","orb":"2.024","drb":"7.459","trb":"9.482","ast":"1.788","stl":"0.894","blk":"0.624","tov":"2.235","pf":"1.659","pts":"17.012"},{"game_id":1226,"team_name":"CHI","player_id":"{\"satorto01\"}","player_name":"{\"Tomáš Satoranský\"}","fg":"2.376","fga":"6.482","fg_pct":"0.367","three_p":"0.718","three_pa":"2.271","three_p_pct":"0.316","ft":"1.718","fta":"2.059","ft_pct":"0.834","orb":"1.094","drb":"1.588","trb":"2.682","ast":"4.376","stl":"1.176","blk":"0.247","tov":"1.235","pf":"1.671","pts":"7.188"},{"game_id":1226,"team_name":"CHI","player_id":"{\"cartewe01\"}","player_name":"{\"Wendell Carter Jr.\"}","fg":"4.424","fga":"8.729","fg_pct":"0.507","three_p":"0.071","three_pa":"0.941","three_p_pct":"0.075","ft":"2.388","fta":"3.094","ft_pct":"0.772","orb":"3.059","drb":"5.576","trb":"8.635","ast":"1.059","stl":"0.894","blk":"1.012","tov":"1.082","pf":"3.882","pts":"11.306"},{"game_id":1226,"team_name":"CHI","player_id":"{\"youngth01\"}","player_name":"{\"Thaddeus Young\"}","fg":"4.718","fga":"9.659","fg_pct":"0.488","three_p":"1.118","three_pa":"2.953","three_p_pct":"0.379","ft":"0.482","fta":"1.071","ft_pct":"0.450","orb":"1.282","drb":"2.882","trb":"4.165","ast":"2.412","stl":"1.188","blk":"0.400","tov":"1.682","pf":"1.765","pts":"11.035"},{"game_id":1226,"team_name":"CHI","player_id":"benchCHI","player_name":"Bench of CHI","fg":"3.482","fga":"8.634","fg_pct":"0.403","three_p":"1.032","three_pa":"3.311","three_p_pct":"0.312","ft":"1.247","fta":"1.576","ft_pct":"0.791","orb":"0.535","drb":"3.153","trb":"3.688","ast":"2.751","stl":"0.815","blk":"0.473","tov":"0.787","pf":"1.810","pts":"9.243"}]