[{"game_id":1074,"team_name":"DET","player_id":"{\"beysa01\"}","player_name":"{\"Saddiq Bey\"}","ts_pct":"0.583","efg_pct":"0.555","three_par":"0.611","ftr":"0.217","orb_pct":"1.972","drb_pct":"18.678","trb_pct":"10.405","ast_pct":"7.209","stl_pct":"1.026","blk_pct":"1.320","tov_pct":"6.439","usg_pct":"20.387","ortg":"111.224","drtg":"113.235","bpm":"-0.253"},{"game_id":1074,"team_name":"DET","player_id":"{\"cookty01\"}","player_name":"{\"Tyler Cook\"}","ts_pct":"0.626","efg_pct":"0.588","three_par":"0.076","ftr":"0.258","orb_pct":"3.466","drb_pct":"19.385","trb_pct":"11.515","ast_pct":"4.336","stl_pct":"0.844","blk_pct":"1.019","tov_pct":"7.575","usg_pct":"13.662","ortg":"113.294","drtg":"113.800","bpm":"-2.472"},{"game_id":1074,"team_name":"DET","player_id":"{\"hayeski01\"}","player_name":"{\"Killian Hayes\"}","ts_pct":"0.372","efg_pct":"0.360","three_par":"0.386","ftr":"0.084","orb_pct":"0.865","drb_pct":"12.325","trb_pct":"6.593","ast_pct":"34.647","stl_pct":"1.600","blk_pct":"1.252","tov_pct":"31.367","usg_pct":"19.351","ortg":"77.906","drtg":"114.000","bpm":"-7.185"},{"game_id":1074,"team_name":"DET","player_id":"{\"josepco01\"}","player_name":"{\"Cory Joseph\"}","ts_pct":"0.563","efg_pct":"0.535","three_par":"0.247","ftr":"0.176","orb_pct":"1.456","drb_pct":"10.440","trb_pct":"5.912","ast_pct":"29.474","stl_pct":"1.778","blk_pct":"1.426","tov_pct":"15.047","usg_pct":"19.565","ortg":"112.329","drtg":"114.059","bpm":"-0.276"},{"game_id":1074,"team_name":"DET","player_id":"{\"diallha01\"}","player_name":"{\"Hamidou Diallo\"}","ts_pct":"0.484","efg_pct":"0.446","three_par":"0.229","ftr":"0.449","orb_pct":"4.814","drb_pct":"22.826","trb_pct":"14.049","ast_pct":"7.262","stl_pct":"0.916","blk_pct":"2.124","tov_pct":"10.627","usg_pct":"22.694","ortg":"95.800","drtg":"110.659","bpm":"-3.929"},{"game_id":1074,"team_name":"DET","player_id":"{\"leesa01\"}","player_name":"{\"Saben Lee\"}","ts_pct":"0.407","efg_pct":"0.391","three_par":"0.089","ftr":"0.224","orb_pct":"3.302","drb_pct":"7.640","trb_pct":"5.544","ast_pct":"32.955","stl_pct":"2.338","blk_pct":"1.207","tov_pct":"23.536","usg_pct":"15.908","ortg":"92.647","drtg":"112.518","bpm":"-3.266"},{"game_id":1074,"team_name":"DET","player_id":"benchDET","player_name":"Bench of DET","ts_pct":"0.577","efg_pct":"0.549","three_par":"0.231","ftr":"0.444","orb_pct":"5.033","drb_pct":"13.548","trb_pct":"9.550","ast_pct":"11.490","stl_pct":"1.095","blk_pct":"1.884","tov_pct":"22.076","usg_pct":"23.544","ortg":"93.049","drtg":"114.611","bpm":"-5.920"},{"game_id":1074,"team_name":"MIA","player_id":"{\"achiupr01\"}","player_name":"{\"Precious Achiuwa\"}","ts_pct":"0.294","efg_pct":"0.234","three_par":"0.076","ftr":"0.039","orb_pct":"1.981","drb_pct":"13.636","trb_pct":"7.914","ast_pct":"20.265","stl_pct":"0.404","blk_pct":"2.808","tov_pct":"1.762","usg_pct":"18.368","ortg":"71.471","drtg":"119.659","bpm":"-6.665"},{"game_id":1074,"team_name":"MIA","player_id":"{\"bjeline01\"}","player_name":"{\"Nemanja Bjelica\"}","ts_pct":"0.253","efg_pct":"0.208","three_par":"0.476","ftr":"0.345","orb_pct":"2.214","drb_pct":"16.515","trb_pct":"9.135","ast_pct":"15.378","stl_pct":"1.924","blk_pct":"2.404","tov_pct":"6.382","usg_pct":"11.685","ortg":"70.859","drtg":"114.224","bpm":"-4.749"},{"game_id":1074,"team_name":"MIA","player_id":"{\"vincega01\"}","player_name":"{\"Gabe Vincent\"}","ts_pct":"0.334","efg_pct":"0.334","three_par":"0.534","ftr":"0.000","orb_pct":"2.426","drb_pct":"13.875","trb_pct":"7.954","ast_pct":"13.714","stl_pct":"0.280","blk_pct":"0.000","tov_pct":"8.887","usg_pct":"24.956","ortg":"110.882","drtg":"119.400","bpm":"-6.528"},{"game_id":1074,"team_name":"MIA","player_id":"{\"strusma01\"}","player_name":"{\"Max Strus\"}","ts_pct":"0.602","efg_pct":"0.600","three_par":"0.889","ftr":"0.094","orb_pct":"1.134","drb_pct":"6.360","trb_pct":"3.598","ast_pct":"5.713","stl_pct":"1.295","blk_pct":"6.638","tov_pct":"6.653","usg_pct":"21.051","ortg":"112.824","drtg":"114.459","bpm":"-2.516"},{"game_id":1074,"team_name":"MIA","player_id":"{\"herroty01\"}","player_name":"{\"Tyler Herro\"}","ts_pct":"0.576","efg_pct":"0.559","three_par":"0.479","ftr":"0.093","orb_pct":"1.879","drb_pct":"25.096","trb_pct":"12.928","ast_pct":"15.942","stl_pct":"0.459","blk_pct":"0.276","tov_pct":"10.725","usg_pct":"25.580","ortg":"111.224","drtg":"120.706","bpm":"-1.536"},{"game_id":1074,"team_name":"MIA","player_id":"{\"okpalkz01\"}","player_name":"{\"KZ Okpala\"}","ts_pct":"0.096","efg_pct":"0.093","three_par":"0.273","ftr":"0.055","orb_pct":"12.633","drb_pct":"4.048","trb_pct":"8.132","ast_pct":"14.200","stl_pct":"0.432","blk_pct":"0.789","tov_pct":"1.206","usg_pct":"6.067","ortg":"99.129","drtg":"122.976","bpm":"-5.292"},{"game_id":1074,"team_name":"MIA","player_id":"benchMIA","player_name":"Bench of MIA","ts_pct":"0.607","efg_pct":"0.598","three_par":"0.873","ftr":"0.141","orb_pct":"1.007","drb_pct":"10.086","trb_pct":"5.668","ast_pct":"8.465","stl_pct":"1.413","blk_pct":"1.649","tov_pct":"10.896","usg_pct":"18.495","ortg":"112.106","drtg":"119.341","bpm":"-0.835"}]