[{"game_id":1231,"team_name":"TOR","player_id":"teamTOR","player_name":"Team name: TOR","fg":"37.874","fga":"85.446","fg_pct":"0.443","three_p":"12.966","three_pa":"36.577","three_p_pct":"0.354","ft":"22.703","fta":"26.057","ft_pct":"0.871","orb":"9.446","drb":"37.394","trb":"46.840","ast":"22.857","stl":"7.560","blk":"5.223","tov":"15.480","pf":"23.029","pts":"111.417"},{"game_id":1231,"team_name":"DET","player_id":"teamDET","player_name":"Team name: DET","fg":"38.097","fga":"87.371","fg_pct":"0.436","three_p":"10.983","three_pa":"29.897","three_p_pct":"0.367","ft":"16.314","fta":"21.589","ft_pct":"0.756","orb":"9.857","drb":"33.023","trb":"42.880","ast":"22.040","stl":"6.920","blk":"4.394","tov":"14.171","pf":"22.829","pts":"103.491"}]