[{"game_id":1004,"team_name":"SAC","player_id":"teamSAC","player_name":"Team name: SAC","fg":"42.086","fga":"87.331","fg_pct":"0.482","three_p":"11.983","three_pa":"32.297","three_p_pct":"0.371","ft":"15.577","fta":"19.200","ft_pct":"0.811","orb":"8.749","drb":"30.914","trb":"39.663","ast":"24.949","stl":"9.200","blk":"4.874","tov":"12.989","pf":"18.017","pts":"111.731"},{"game_id":1004,"team_name":"SAS","player_id":"teamSAS","player_name":"Team name: SAS","fg":"41.194","fga":"89.411","fg_pct":"0.461","three_p":"8.817","three_pa":"25.914","three_p_pct":"0.340","ft":"20.177","fta":"25.091","ft_pct":"0.804","orb":"9.080","drb":"33.469","trb":"42.549","ast":"24.594","stl":"7.189","blk":"4.383","tov":"10.731","pf":"19.720","pts":"111.383"}]