[{"game_id":1006,"team_name":"PHI","player_id":"{\"joeis01\"}","player_name":"{\"Isaiah Joe\"}","ts_pct":"0.470","efg_pct":"0.312","three_par":"0.543","ftr":"0.212","orb_pct":"0.000","drb_pct":"15.795","trb_pct":"8.016","ast_pct":"3.546","stl_pct":"1.516","blk_pct":"0.000","tov_pct":"12.887","usg_pct":"21.209","ortg":"82.365","drtg":"108.824","bpm":"-6.194"},{"game_id":1006,"team_name":"PHI","player_id":"{\"maxeyty01\"}","player_name":"{\"Tyrese Maxey\"}","ts_pct":"0.502","efg_pct":"0.478","three_par":"0.304","ftr":"0.118","orb_pct":"0.902","drb_pct":"7.621","trb_pct":"4.413","ast_pct":"22.574","stl_pct":"0.446","blk_pct":"0.633","tov_pct":"8.186","usg_pct":"25.407","ortg":"101.859","drtg":"116.106","bpm":"-6.442"},{"game_id":1006,"team_name":"PHI","player_id":"{\"greenda02\"}","player_name":"{\"Danny Green\"}","ts_pct":"0.496","efg_pct":"0.485","three_par":"0.835","ftr":"0.033","orb_pct":"2.762","drb_pct":"15.516","trb_pct":"9.469","ast_pct":"8.455","stl_pct":"3.099","blk_pct":"2.142","tov_pct":"8.696","usg_pct":"14.326","ortg":"106.482","drtg":"107.965","bpm":"0.264"},{"game_id":1006,"team_name":"PHI","player_id":"{\"harrito02\"}","player_name":"{\"Tobias Harris\"}","ts_pct":"0.577","efg_pct":"0.549","three_par":"0.209","ftr":"0.127","orb_pct":"3.584","drb_pct":"13.612","trb_pct":"8.727","ast_pct":"16.331","stl_pct":"1.381","blk_pct":"1.501","tov_pct":"9.195","usg_pct":"21.296","ortg":"119.188","drtg":"110.235","bpm":"1.102"},{"game_id":1006,"team_name":"PHI","player_id":"{\"miltosh01\"}","player_name":"{\"Shake Milton\"}","ts_pct":"0.544","efg_pct":"0.502","three_par":"0.368","ftr":"0.275","orb_pct":"1.638","drb_pct":"12.196","trb_pct":"7.191","ast_pct":"24.468","stl_pct":"1.271","blk_pct":"1.774","tov_pct":"13.135","usg_pct":"26.491","ortg":"110.329","drtg":"110.624","bpm":"-0.587"},{"game_id":1006,"team_name":"PHI","player_id":"{\"reedpa01\"}","player_name":"{\"Paul Reed\"}","ts_pct":"0.462","efg_pct":"0.461","three_par":"0.000","ftr":"0.071","orb_pct":"12.644","drb_pct":"25.268","trb_pct":"18.796","ast_pct":"3.828","stl_pct":"4.182","blk_pct":"13.744","tov_pct":"17.941","usg_pct":"16.456","ortg":"77.294","drtg":"89.612","bpm":"2.002"},{"game_id":1006,"team_name":"PHI","player_id":"benchPHI","player_name":"Bench of PHI","ts_pct":"0.514","efg_pct":"0.480","three_par":"0.309","ftr":"0.443","orb_pct":"7.277","drb_pct":"17.083","trb_pct":"12.101","ast_pct":"11.020","stl_pct":"1.909","blk_pct":"2.930","tov_pct":"12.234","usg_pct":"20.537","ortg":"103.656","drtg":"108.074","bpm":"-0.549"},{"game_id":1006,"team_name":"DET","player_id":"{\"okafoja01\"}","player_name":"{\"Jahlil Okafor\"}","ts_pct":"0.696","efg_pct":"0.729","three_par":"0.080","ftr":"0.369","orb_pct":"2.621","drb_pct":"14.629","trb_pct":"9.111","ast_pct":"8.985","stl_pct":"1.002","blk_pct":"0.976","tov_pct":"23.339","usg_pct":"16.329","ortg":"114.365","drtg":"110.247","bpm":"-2.052"},{"game_id":1006,"team_name":"DET","player_id":"{\"plumlma01\"}","player_name":"{\"Mason Plumlee\"}","ts_pct":"0.698","efg_pct":"0.690","three_par":"0.000","ftr":"0.520","orb_pct":"10.048","drb_pct":"32.686","trb_pct":"21.868","ast_pct":"24.609","stl_pct":"0.680","blk_pct":"2.942","tov_pct":"17.552","usg_pct":"16.446","ortg":"130.588","drtg":"112.224","bpm":"4.824"},{"game_id":1006,"team_name":"DET","player_id":"{\"beysa01\"}","player_name":"{\"Saddiq Bey\"}","ts_pct":"0.591","efg_pct":"0.550","three_par":"0.676","ftr":"0.286","orb_pct":"3.844","drb_pct":"18.602","trb_pct":"11.598","ast_pct":"9.047","stl_pct":"1.306","blk_pct":"1.125","tov_pct":"5.459","usg_pct":"18.420","ortg":"118.871","drtg":"110.729","bpm":"1.525"},{"game_id":1006,"team_name":"DET","player_id":"{\"ellinwa01\"}","player_name":"{\"Wayne Ellington\"}","ts_pct":"0.571","efg_pct":"0.550","three_par":"0.893","ftr":"0.073","orb_pct":"1.635","drb_pct":"9.214","trb_pct":"5.489","ast_pct":"11.561","stl_pct":"0.888","blk_pct":"0.296","tov_pct":"9.544","usg_pct":"15.431","ortg":"106.859","drtg":"117.741","bpm":"-1.032"},{"game_id":1006,"team_name":"DET","player_id":"{\"grantje01\"}","player_name":"{\"Jerami Grant\"}","ts_pct":"0.545","efg_pct":"0.488","three_par":"0.281","ftr":"0.388","orb_pct":"1.851","drb_pct":"10.818","trb_pct":"6.454","ast_pct":"17.619","stl_pct":"0.567","blk_pct":"2.104","tov_pct":"8.725","usg_pct":"31.842","ortg":"108.059","drtg":"116.188","bpm":"0.772"},{"game_id":1006,"team_name":"DET","player_id":"{\"sirvyde01\"}","player_name":"{\"Deividas Sirvydis\"}","ts_pct":"0.415","efg_pct":"0.403","three_par":"0.584","ftr":"0.106","orb_pct":"0.000","drb_pct":"20.367","trb_pct":"9.944","ast_pct":"1.588","stl_pct":"0.000","blk_pct":"0.000","tov_pct":"10.192","usg_pct":"23.500","ortg":"71.012","drtg":"110.494","bpm":"-6.601"},{"game_id":1006,"team_name":"DET","player_id":"benchDET","player_name":"Bench of DET","ts_pct":"0.509","efg_pct":"0.476","three_par":"0.276","ftr":"0.179","orb_pct":"4.059","drb_pct":"13.028","trb_pct":"8.718","ast_pct":"18.769","stl_pct":"1.685","blk_pct":"2.008","tov_pct":"16.054","usg_pct":"18.423","ortg":"103.287","drtg":"110.895","bpm":"-3.135"}]