[{"game_id":1091,"team_name":"PHI","player_id":"{\"miltosh01\"}","player_name":"{\"Shake Milton\"}","fg":"4.294","fga":"9.129","fg_pct":"0.470","three_p":"1.129","three_pa":"3.235","three_p_pct":"0.349","ft":"1.788","fta":"2.306","ft_pct":"0.775","orb":"0.365","drb":"2.412","trb":"2.776","ast":"3.847","stl":"0.600","blk":"0.494","tov":"0.894","pf":"1.718","pts":"11.506"},{"game_id":1091,"team_name":"PHI","player_id":"{\"maxeyty01\"}","player_name":"{\"Tyrese Maxey\"}","fg":"4.612","fga":"9.176","fg_pct":"0.503","three_p":"0.965","three_pa":"2.071","three_p_pct":"0.466","ft":"2.224","fta":"2.447","ft_pct":"0.909","orb":"0.212","drb":"2.871","trb":"3.082","ast":"4.094","stl":"0.894","blk":"0.494","tov":"0.835","pf":"2.035","pts":"12.412"},{"game_id":1091,"team_name":"PHI","player_id":"{\"korkmfu01\"}","player_name":"{\"Furkan Korkmaz\"}","fg":"2.459","fga":"7.071","fg_pct":"0.348","three_p":"1.612","three_pa":"4.776","three_p_pct":"0.338","ft":"0.412","fta":"0.518","ft_pct":"0.795","orb":"0.588","drb":"1.412","trb":"2.000","ast":"2.435","stl":"0.529","blk":"0.106","tov":"0.682","pf":"1.141","pts":"6.941"},{"game_id":1091,"team_name":"PHI","player_id":"{\"simmobe01\"}","player_name":"{\"Ben Simmons\"}","fg":"5.165","fga":"8.459","fg_pct":"0.611","three_p":"0.000","three_pa":"0.000","three_p_pct":"NaN","ft":"1.506","fta":"2.271","ft_pct":"0.663","orb":"1.318","drb":"3.706","trb":"5.024","ast":"6.400","stl":"1.424","blk":"0.318","tov":"1.447","pf":"2.529","pts":"11.835"},{"game_id":1091,"team_name":"PHI","player_id":"{\"harrito02\"}","player_name":"{\"Tobias Harris\"}","fg":"6.776","fga":"14.659","fg_pct":"0.462","three_p":"0.988","three_pa":"3.129","three_p_pct":"0.316","ft":"2.635","fta":"2.894","ft_pct":"0.911","orb":"1.235","drb":"3.859","trb":"5.094","ast":"2.894","stl":"0.565","blk":"0.635","tov":"0.894","pf":"1.412","pts":"17.176"},{"game_id":1091,"team_name":"PHI","player_id":"{\"curryse01\"}","player_name":"{\"Seth Curry\"}","fg":"5.141","fga":"8.882","fg_pct":"0.579","three_p":"3.165","three_pa":"5.424","three_p_pct":"0.584","ft":"0.871","fta":"1.000","ft_pct":"0.871","orb":"0.059","drb":"3.800","trb":"3.859","ast":"2.518","stl":"0.753","blk":"0.000","tov":"0.882","pf":"1.859","pts":"14.318"},{"game_id":1091,"team_name":"PHI","player_id":"benchPHI","player_name":"Bench of PHI","fg":"3.578","fga":"7.528","fg_pct":"0.475","three_p":"1.081","three_pa":"2.855","three_p_pct":"0.379","ft":"2.114","fta":"2.551","ft_pct":"0.829","orb":"1.151","drb":"3.638","trb":"4.789","ast":"1.553","stl":"1.085","blk":"0.738","tov":"1.431","pf":"1.920","pts":"10.351"},{"game_id":1091,"team_name":"WAS","player_id":"{\"westbru01\"}","player_name":"{\"Russell Westbrook\"}","fg":"7.776","fga":"18.659","fg_pct":"0.417","three_p":"1.400","three_pa":"5.071","three_p_pct":"0.276","ft":"6.306","fta":"8.000","ft_pct":"0.788","orb":"1.941","drb":"10.824","trb":"12.765","ast":"14.424","stl":"1.753","blk":"0.553","tov":"3.706","pf":"3.529","pts":"23.259"},{"game_id":1091,"team_name":"WAS","player_id":"{\"bealbr01\"}","player_name":"{\"Bradley Beal\"}","fg":"11.071","fga":"23.506","fg_pct":"0.471","three_p":"2.235","three_pa":"6.071","three_p_pct":"0.368","ft":"5.165","fta":"6.400","ft_pct":"0.807","orb":"1.141","drb":"4.059","trb":"5.200","ast":"3.929","stl":"0.694","blk":"0.753","tov":"2.706","pf":"1.941","pts":"29.541"},{"game_id":1091,"team_name":"WAS","player_id":"{\"hachiru01\"}","player_name":"{\"Rui Hachimura\"}","fg":"6.482","fga":"11.635","fg_pct":"0.557","three_p":"0.941","three_pa":"2.129","three_p_pct":"0.442","ft":"1.294","fta":"1.529","ft_pct":"0.846","orb":"0.729","drb":"3.553","trb":"4.282","ast":"1.012","stl":"0.271","blk":"0.294","tov":"0.835","pf":"2.047","pts":"15.200"},{"game_id":1091,"team_name":"WAS","player_id":"{\"bertada01\"}","player_name":"{\"Dāvis Bertāns\"}","fg":"3.518","fga":"9.318","fg_pct":"0.378","three_p":"2.624","three_pa":"8.106","three_p_pct":"0.324","ft":"1.835","fta":"2.188","ft_pct":"0.839","orb":"0.047","drb":"1.941","trb":"1.988","ast":"0.482","stl":"0.565","blk":"0.000","tov":"0.706","pf":"2.188","pts":"11.494"},{"game_id":1091,"team_name":"WAS","player_id":"{\"smithis01\"}","player_name":"{\"Ish Smith\"}","fg":"4.529","fga":"8.529","fg_pct":"0.531","three_p":"0.459","three_pa":"1.071","three_p_pct":"0.429","ft":"0.800","fta":"1.224","ft_pct":"0.654","orb":"0.647","drb":"4.459","trb":"5.106","ast":"3.835","stl":"0.965","blk":"0.365","tov":"1.129","pf":"1.718","pts":"10.318"},{"game_id":1091,"team_name":"WAS","player_id":"{\"netora01\"}","player_name":"{\"Raul Neto\"}","fg":"3.612","fga":"7.165","fg_pct":"0.504","three_p":"1.024","three_pa":"2.459","three_p_pct":"0.416","ft":"2.165","fta":"2.212","ft_pct":"0.979","orb":"0.435","drb":"2.224","trb":"2.659","ast":"2.259","stl":"1.141","blk":"0.188","tov":"1.035","pf":"2.659","pts":"10.412"},{"game_id":1091,"team_name":"WAS","player_id":"benchWAS","player_name":"Bench of WAS","fg":"3.671","fga":"5.900","fg_pct":"0.622","three_p":"0.000","three_pa":"0.000","three_p_pct":"NaN","ft":"1.389","fta":"1.688","ft_pct":"0.823","orb":"1.792","drb":"3.103","trb":"4.894","ast":"0.534","stl":"0.421","blk":"1.243","tov":"0.807","pf":"1.893","pts":"8.731"}]