[{"game_id":1133,"team_name":"PHO","player_id":"teamPHO","player_name":"Team name: PHO","fg":"40.749","fga":"85.206","fg_pct":"0.478","three_p":"12.680","three_pa":"33.320","three_p_pct":"0.381","ft":"16.983","fta":"19.709","ft_pct":"0.862","orb":"7.989","drb":"34.537","trb":"42.526","ast":"26.063","stl":"6.914","blk":"4.646","tov":"10.886","pf":"19.297","pts":"111.160"},{"game_id":1133,"team_name":"DEN","player_id":"teamDEN","player_name":"Team name: DEN","fg":"43.069","fga":"91.211","fg_pct":"0.472","three_p":"14.223","three_pa":"36.543","three_p_pct":"0.389","ft":"18.091","fta":"21.926","ft_pct":"0.825","orb":"11.366","drb":"32.851","trb":"44.217","ast":"26.137","stl":"6.754","blk":"3.800","tov":"10.766","pf":"20.171","pts":"118.451"}]