[{"game_id":1035,"team_name":"LAL","player_id":"{\"carusal01\"}","player_name":"{\"Alex Caruso\"}","ts_pct":"0.568","efg_pct":"0.538","three_par":"0.417","ftr":"0.404","orb_pct":"3.206","drb_pct":"10.627","trb_pct":"6.733","ast_pct":"22.939","stl_pct":"2.122","blk_pct":"1.299","tov_pct":"17.253","usg_pct":"17.828","ortg":"108.012","drtg":"112.635","bpm":"-0.387"},{"game_id":1035,"team_name":"LAL","player_id":"{\"morrima02\"}","player_name":"{\"Markieff Morris\"}","ts_pct":"0.224","efg_pct":"0.195","three_par":"0.412","ftr":"0.202","orb_pct":"3.549","drb_pct":"22.440","trb_pct":"12.693","ast_pct":"12.224","stl_pct":"1.671","blk_pct":"1.528","tov_pct":"20.789","usg_pct":"17.251","ortg":"63.306","drtg":"110.953","bpm":"-8.755"},{"game_id":1035,"team_name":"LAL","player_id":"{\"harremo01\"}","player_name":"{\"Montrezl Harrell\"}","ts_pct":"0.695","efg_pct":"0.688","three_par":"0.000","ftr":"0.779","orb_pct":"13.609","drb_pct":"18.868","trb_pct":"15.921","ast_pct":"10.220","stl_pct":"1.392","blk_pct":"4.474","tov_pct":"9.406","usg_pct":"23.027","ortg":"132.694","drtg":"111.282","bpm":"5.202"},{"game_id":1035,"team_name":"LAL","player_id":"{\"davisan02\"}","player_name":"{\"Anthony Davis\"}","ts_pct":"0.480","efg_pct":"0.434","three_par":"0.176","ftr":"0.335","orb_pct":"4.447","drb_pct":"23.762","trb_pct":"13.647","ast_pct":"16.553","stl_pct":"1.515","blk_pct":"4.884","tov_pct":"10.345","usg_pct":"35.340","ortg":"96.059","drtg":"109.000","bpm":"-0.161"},{"game_id":1035,"team_name":"LAL","player_id":"{\"caldwke01\"}","player_name":"{\"Kentavious Caldwell-Pope\"}","ts_pct":"0.594","efg_pct":"0.519","three_par":"0.633","ftr":"0.419","orb_pct":"0.367","drb_pct":"8.759","trb_pct":"4.347","ast_pct":"10.840","stl_pct":"2.088","blk_pct":"1.458","tov_pct":"8.809","usg_pct":"14.015","ortg":"119.847","drtg":"113.506","bpm":"1.119"},{"game_id":1035,"team_name":"LAL","player_id":"{\"drumman01\"}","player_name":"{\"Andre Drummond\"}","ts_pct":"0.541","efg_pct":"0.526","three_par":"0.000","ftr":"0.351","orb_pct":"15.051","drb_pct":"28.635","trb_pct":"21.540","ast_pct":"8.453","stl_pct":"1.747","blk_pct":"2.487","tov_pct":"19.787","usg_pct":"20.171","ortg":"103.376","drtg":"109.282","bpm":"-3.633"},{"game_id":1035,"team_name":"LAL","player_id":"benchLAL","player_name":"Bench of LAL","ts_pct":"0.585","efg_pct":"0.552","three_par":"0.557","ftr":"0.142","orb_pct":"2.138","drb_pct":"12.903","trb_pct":"7.045","ast_pct":"13.435","stl_pct":"1.207","blk_pct":"1.556","tov_pct":"12.759","usg_pct":"16.423","ortg":"112.647","drtg":"114.099","bpm":"-0.914"},{"game_id":1035,"team_name":"NYK","player_id":"{\"toppiob01\"}","player_name":"{\"Obi Toppin\"}","ts_pct":"0.646","efg_pct":"0.626","three_par":"0.411","ftr":"0.106","orb_pct":"5.294","drb_pct":"17.801","trb_pct":"11.914","ast_pct":"2.953","stl_pct":"2.304","blk_pct":"2.520","tov_pct":"2.732","usg_pct":"17.099","ortg":"127.988","drtg":"108.294","bpm":"3.184"},{"game_id":1035,"team_name":"NYK","player_id":"{\"bullore01\"}","player_name":"{\"Reggie Bullock\"}","ts_pct":"0.671","efg_pct":"0.629","three_par":"0.754","ftr":"0.214","orb_pct":"1.259","drb_pct":"9.588","trb_pct":"5.539","ast_pct":"9.479","stl_pct":"1.249","blk_pct":"0.448","tov_pct":"5.495","usg_pct":"16.374","ortg":"131.965","drtg":"115.318","bpm":"2.652"},{"game_id":1035,"team_name":"NYK","player_id":"{\"randlju01\"}","player_name":"{\"Julius Randle\"}","ts_pct":"0.551","efg_pct":"0.506","three_par":"0.331","ftr":"0.293","orb_pct":"3.094","drb_pct":"24.824","trb_pct":"14.312","ast_pct":"22.276","stl_pct":"0.640","blk_pct":"0.588","tov_pct":"12.575","usg_pct":"31.255","ortg":"107.400","drtg":"112.718","bpm":"1.276"},{"game_id":1035,"team_name":"NYK","player_id":"{\"rosede01\"}","player_name":"{\"Derrick Rose\"}","ts_pct":"0.679","efg_pct":"0.656","three_par":"0.224","ftr":"0.156","orb_pct":"0.736","drb_pct":"12.959","trb_pct":"7.002","ast_pct":"29.232","stl_pct":"1.133","blk_pct":"0.320","tov_pct":"9.478","usg_pct":"24.393","ortg":"130.906","drtg":"115.235","bpm":"5.384"},{"game_id":1035,"team_name":"NYK","player_id":"{\"barrerj01\"}","player_name":"{\"RJ Barrett\"}","ts_pct":"0.544","efg_pct":"0.518","three_par":"0.429","ftr":"0.182","orb_pct":"1.286","drb_pct":"16.666","trb_pct":"9.173","ast_pct":"12.106","stl_pct":"0.852","blk_pct":"1.029","tov_pct":"7.468","usg_pct":"22.486","ortg":"107.682","drtg":"114.188","bpm":"-0.589"},{"game_id":1035,"team_name":"NYK","player_id":"{\"gibsota01\"}","player_name":"{\"Taj Gibson\"}","ts_pct":"0.732","efg_pct":"0.708","three_par":"0.024","ftr":"0.265","orb_pct":"13.132","drb_pct":"15.407","trb_pct":"14.259","ast_pct":"7.160","stl_pct":"1.462","blk_pct":"6.129","tov_pct":"5.793","usg_pct":"10.471","ortg":"158.259","drtg":"110.047","bpm":"3.236"},{"game_id":1035,"team_name":"NYK","player_id":"benchNYK","player_name":"Bench of NYK","ts_pct":"0.412","efg_pct":"0.412","three_par":"0.153","ftr":"0.291","orb_pct":"5.671","drb_pct":"12.079","trb_pct":"8.851","ast_pct":"10.970","stl_pct":"1.630","blk_pct":"2.915","tov_pct":"11.383","usg_pct":"13.954","ortg":"92.764","drtg":"110.983","bpm":"-5.182"}]