[{"game_id":1153,"team_name":"PHO","player_id":"{\"bookede01\"}","player_name":"{\"Devin Booker\"}","ts_pct":"0.619","efg_pct":"0.556","three_par":"0.336","ftr":"0.367","orb_pct":"2.185","drb_pct":"16.552","trb_pct":"10.247","ast_pct":"18.924","stl_pct":"0.980","blk_pct":"0.201","tov_pct":"13.899","usg_pct":"30.011","ortg":"113.800","drtg":"108.294","bpm":"2.138"},{"game_id":1153,"team_name":"PHO","player_id":"{\"aytonde01\"}","player_name":"{\"Deandre Ayton\"}","ts_pct":"0.690","efg_pct":"0.670","three_par":"0.000","ftr":"0.411","orb_pct":"8.245","drb_pct":"22.559","trb_pct":"16.151","ast_pct":"2.622","stl_pct":"0.678","blk_pct":"1.004","tov_pct":"7.046","usg_pct":"15.136","ortg":"136.106","drtg":"106.224","bpm":"0.638"},{"game_id":1153,"team_name":"PHO","player_id":"{\"bridgmi01\"}","player_name":"{\"Mikal Bridges\"}","ts_pct":"0.587","efg_pct":"0.563","three_par":"0.545","ftr":"0.182","orb_pct":"3.648","drb_pct":"9.564","trb_pct":"6.868","ast_pct":"7.004","stl_pct":"2.491","blk_pct":"2.268","tov_pct":"6.901","usg_pct":"16.732","ortg":"116.271","drtg":"105.859","bpm":"2.649"},{"game_id":1153,"team_name":"PHO","player_id":"{\"crowdja01\"}","player_name":"{\"Jae Crowder\"}","ts_pct":"0.719","efg_pct":"0.682","three_par":"0.781","ftr":"0.215","orb_pct":"0.964","drb_pct":"15.740","trb_pct":"9.165","ast_pct":"7.621","stl_pct":"1.064","blk_pct":"3.135","tov_pct":"10.340","usg_pct":"14.446","ortg":"126.847","drtg":"106.647","bpm":"3.706"},{"game_id":1153,"team_name":"PHO","player_id":"{\"payneca01\"}","player_name":"{\"Cameron Payne\"}","ts_pct":"0.522","efg_pct":"0.477","three_par":"0.392","ftr":"0.133","orb_pct":"1.612","drb_pct":"13.912","trb_pct":"8.409","ast_pct":"19.927","stl_pct":"2.158","blk_pct":"2.480","tov_pct":"13.973","usg_pct":"24.399","ortg":"98.106","drtg":"105.071","bpm":"-0.955"},{"game_id":1153,"team_name":"PHO","player_id":"{\"johnsca02\"}","player_name":"{\"Cameron Johnson\"}","ts_pct":"0.735","efg_pct":"0.663","three_par":"0.840","ftr":"0.581","orb_pct":"3.854","drb_pct":"10.735","trb_pct":"7.539","ast_pct":"6.100","stl_pct":"2.962","blk_pct":"0.593","tov_pct":"12.625","usg_pct":"14.995","ortg":"124.882","drtg":"105.800","bpm":"4.241"},{"game_id":1153,"team_name":"PHO","player_id":"benchPHO","player_name":"Bench of PHO","ts_pct":"0.541","efg_pct":"0.493","three_par":"0.373","ftr":"0.235","orb_pct":"5.482","drb_pct":"18.480","trb_pct":"12.529","ast_pct":"15.406","stl_pct":"0.721","blk_pct":"2.093","tov_pct":"9.640","usg_pct":"20.165","ortg":"115.646","drtg":"107.327","bpm":"1.407"},{"game_id":1153,"team_name":"LAC","player_id":"{\"kennalu01\"}","player_name":"{\"Luke Kennard\"}","ts_pct":"0.630","efg_pct":"0.630","three_par":"0.841","ftr":"0.000","orb_pct":"1.261","drb_pct":"5.601","trb_pct":"3.516","ast_pct":"3.733","stl_pct":"0.584","blk_pct":"0.000","tov_pct":"1.178","usg_pct":"13.151","ortg":"127.647","drtg":"124.800","bpm":"-2.052"},{"game_id":1153,"team_name":"LAC","player_id":"{\"jacksre01\"}","player_name":"{\"Reggie Jackson\"}","ts_pct":"0.712","efg_pct":"0.684","three_par":"0.593","ftr":"0.162","orb_pct":"1.462","drb_pct":"6.708","trb_pct":"4.087","ast_pct":"18.494","stl_pct":"1.505","blk_pct":"0.000","tov_pct":"6.439","usg_pct":"20.347","ortg":"144.518","drtg":"122.765","bpm":"4.732"},{"game_id":1153,"team_name":"LAC","player_id":"{\"georgpa01\"}","player_name":"{\"Paul George\"}","ts_pct":"0.588","efg_pct":"0.506","three_par":"0.405","ftr":"0.441","orb_pct":"4.048","drb_pct":"23.633","trb_pct":"13.916","ast_pct":"20.296","stl_pct":"1.364","blk_pct":"2.487","tov_pct":"14.678","usg_pct":"31.111","ortg":"115.024","drtg":"117.235","bpm":"1.454"},{"game_id":1153,"team_name":"LAC","player_id":"{\"batumni01\"}","player_name":"{\"Nicolas Batum\"}","ts_pct":"0.686","efg_pct":"0.662","three_par":"0.730","ftr":"0.216","orb_pct":"4.171","drb_pct":"16.466","trb_pct":"10.346","ast_pct":"9.562","stl_pct":"3.302","blk_pct":"2.754","tov_pct":"6.225","usg_pct":"10.988","ortg":"143.024","drtg":"114.247","bpm":"6.008"},{"game_id":1153,"team_name":"LAC","player_id":"{\"mannte01\"}","player_name":"{\"Terance Mann\"}","ts_pct":"0.479","efg_pct":"0.454","three_par":"0.308","ftr":"0.290","orb_pct":"3.668","drb_pct":"9.854","trb_pct":"6.825","ast_pct":"5.189","stl_pct":"1.394","blk_pct":"0.706","tov_pct":"1.706","usg_pct":"14.556","ortg":"104.024","drtg":"121.424","bpm":"-0.520"},{"game_id":1153,"team_name":"LAC","player_id":"{\"rondora01\"}","player_name":"{\"Rajon Rondo\"}","ts_pct":"0.333","efg_pct":"0.307","three_par":"0.624","ftr":"0.169","orb_pct":"3.022","drb_pct":"18.956","trb_pct":"11.240","ast_pct":"24.585","stl_pct":"0.482","blk_pct":"0.979","tov_pct":"19.068","usg_pct":"15.738","ortg":"91.635","drtg":"121.365","bpm":"-8.704"},{"game_id":1153,"team_name":"LAC","player_id":"benchLAC","player_name":"Bench of LAC","ts_pct":"0.583","efg_pct":"0.523","three_par":"0.281","ftr":"0.379","orb_pct":"6.869","drb_pct":"19.821","trb_pct":"13.485","ast_pct":"8.620","stl_pct":"2.077","blk_pct":"5.275","tov_pct":"11.776","usg_pct":"17.804","ortg":"116.112","drtg":"113.639","bpm":"0.963"}]