[{"game_id":1244,"team_name":"CHI","player_id":"{\"lavinza01\"}","player_name":"{\"Zach LaVine\"}","fg":"7.706","fga":"16.918","fg_pct":"0.455","three_p":"2.318","three_pa":"5.624","three_p_pct":"0.412","ft":"3.671","fta":"5.071","ft_pct":"0.724","orb":"1.141","drb":"3.118","trb":"4.259","ast":"4.165","stl":"1.306","blk":"0.506","tov":"3.235","pf":"2.682","pts":"21.400"},{"game_id":1244,"team_name":"CHI","player_id":"{\"cartewe01\"}","player_name":"{\"Wendell Carter Jr.\"}","fg":"4.471","fga":"8.647","fg_pct":"0.517","three_p":"0.059","three_pa":"0.953","three_p_pct":"0.062","ft":"2.765","fta":"3.518","ft_pct":"0.786","orb":"2.882","drb":"5.718","trb":"8.600","ast":"0.812","stl":"0.671","blk":"1.176","tov":"1.424","pf":"3.882","pts":"11.765"},{"game_id":1244,"team_name":"CHI","player_id":"{\"porteot01\"}","player_name":"{\"Otto Porter Jr.\"}","fg":"3.788","fga":"9.812","fg_pct":"0.386","three_p":"1.494","three_pa":"4.447","three_p_pct":"0.336","ft":"2.212","fta":"2.494","ft_pct":"0.887","orb":"0.835","drb":"2.965","trb":"3.800","ast":"1.365","stl":"0.647","blk":"0.165","tov":"0.624","pf":"1.871","pts":"11.282"},{"game_id":1244,"team_name":"CHI","player_id":"{\"youngth01\"}","player_name":"{\"Thaddeus Young\"}","fg":"4.882","fga":"10.294","fg_pct":"0.474","three_p":"1.318","three_pa":"3.647","three_p_pct":"0.361","ft":"0.424","fta":"0.859","ft_pct":"0.494","orb":"1.235","drb":"3.000","trb":"4.235","ast":"2.129","stl":"1.176","blk":"0.353","tov":"1.447","pf":"1.965","pts":"11.506"},{"game_id":1244,"team_name":"CHI","player_id":"{\"satorto01\"}","player_name":"{\"Tomáš Satoranský\"}","fg":"2.294","fga":"6.306","fg_pct":"0.364","three_p":"0.906","three_pa":"2.294","three_p_pct":"0.395","ft":"1.812","fta":"2.106","ft_pct":"0.860","orb":"0.976","drb":"1.612","trb":"2.588","ast":"4.729","stl":"1.012","blk":"0.224","tov":"1.235","pf":"1.918","pts":"7.306"},{"game_id":1244,"team_name":"CHI","player_id":"{\"markkla01\"}","player_name":"{\"Lauri Markkanen\"}","fg":"5.682","fga":"14.706","fg_pct":"0.386","three_p":"1.576","three_pa":"5.965","three_p_pct":"0.264","ft":"4.176","fta":"5.047","ft_pct":"0.827","orb":"1.906","drb":"7.424","trb":"9.329","ast":"2.000","stl":"0.812","blk":"0.694","tov":"1.906","pf":"1.612","pts":"17.118"},{"game_id":1244,"team_name":"CHI","player_id":"benchCHI","player_name":"Bench of CHI","fg":"3.221","fga":"8.204","fg_pct":"0.393","three_p":"0.953","three_pa":"3.316","three_p_pct":"0.287","ft":"1.103","fta":"1.376","ft_pct":"0.802","orb":"0.552","drb":"2.567","trb":"3.119","ast":"2.524","stl":"0.884","blk":"0.417","tov":"0.633","pf":"1.806","pts":"8.498"},{"game_id":1244,"team_name":"DET","player_id":"{\"drumman01\"}","player_name":"{\"Andre Drummond\"}","fg":"7.859","fga":"14.282","fg_pct":"0.550","three_p":"0.000","three_pa":"0.318","three_p_pct":"0.000","ft":"2.894","fta":"5.412","ft_pct":"0.535","orb":"4.894","drb":"11.212","trb":"16.106","ast":"2.024","stl":"1.365","blk":"1.624","tov":"3.624","pf":"4.247","pts":"18.612"},{"game_id":1244,"team_name":"DET","player_id":"{\"kennalu01\"}","player_name":"{\"Luke Kennard\"}","fg":"4.953","fga":"10.859","fg_pct":"0.456","three_p":"2.494","three_pa":"5.318","three_p_pct":"0.469","ft":"2.435","fta":"2.706","ft_pct":"0.900","orb":"0.118","drb":"2.800","trb":"2.918","ast":"3.071","stl":"0.376","blk":"0.094","tov":"0.824","pf":"1.635","pts":"14.835"},{"game_id":1244,"team_name":"DET","player_id":"{\"morrima02\"}","player_name":"{\"Markieff Morris\"}","fg":"3.141","fga":"7.153","fg_pct":"0.439","three_p":"1.212","three_pa":"2.965","three_p_pct":"0.409","ft":"1.200","fta":"1.682","ft_pct":"0.713","orb":"0.600","drb":"2.941","trb":"3.541","ast":"1.353","stl":"0.435","blk":"0.329","tov":"1.929","pf":"2.612","pts":"8.694"},{"game_id":1244,"team_name":"DET","player_id":"{\"snellto01\"}","player_name":"{\"Tony Snell\"}","fg":"1.682","fga":"4.353","fg_pct":"0.386","three_p":"1.282","three_pa":"2.953","three_p_pct":"0.434","ft":"0.000","fta":"0.000","ft_pct":"NaN","orb":"0.353","drb":"0.835","trb":"1.188","ast":"1.671","stl":"0.259","blk":"0.212","tov":"0.247","pf":"1.259","pts":"4.647"},{"game_id":1244,"team_name":"DET","player_id":"{\"rosede01\"}","player_name":"{\"Derrick Rose\"}","fg":"7.765","fga":"14.482","fg_pct":"0.536","three_p":"0.129","three_pa":"0.894","three_p_pct":"0.144","ft":"2.588","fta":"2.776","ft_pct":"0.932","orb":"0.529","drb":"1.176","trb":"1.706","ast":"4.812","stl":"0.565","blk":"0.259","tov":"2.788","pf":"1.153","pts":"18.247"},{"game_id":1244,"team_name":"DET","player_id":"{\"gallola01\"}","player_name":"{\"Langston Galloway\"}","fg":"2.459","fga":"7.247","fg_pct":"0.339","three_p":"1.706","three_pa":"4.424","three_p_pct":"0.386","ft":"2.259","fta":"2.518","ft_pct":"0.897","orb":"0.247","drb":"2.482","trb":"2.729","ast":"1.200","stl":"0.706","blk":"0.529","tov":"0.718","pf":"1.353","pts":"8.882"},{"game_id":1244,"team_name":"DET","player_id":"benchDET","player_name":"Bench of DET","fg":"2.166","fga":"5.066","fg_pct":"0.428","three_p":"0.578","three_pa":"1.672","three_p_pct":"0.346","ft":"1.326","fta":"1.799","ft_pct":"0.737","orb":"0.672","drb":"2.647","trb":"3.319","ast":"1.076","stl":"0.424","blk":"0.326","tov":"1.366","pf":"1.923","pts":"6.237"}]