[{"game_id":1098,"team_name":"PHO","player_id":"teamPHO","player_name":"Team name: PHO","fg":"44.291","fga":"88.629","fg_pct":"0.500","three_p":"13.057","three_pa":"32.474","three_p_pct":"0.402","ft":"17.383","fta":"19.629","ft_pct":"0.886","orb":"9.057","drb":"32.777","trb":"41.834","ast":"27.103","stl":"7.183","blk":"4.674","tov":"10.074","pf":"18.777","pts":"119.023"},{"game_id":1098,"team_name":"LAL","player_id":"teamLAL","player_name":"Team name: LAL","fg":"38.880","fga":"86.114","fg_pct":"0.451","three_p":"10.314","three_pa":"29.337","three_p_pct":"0.352","ft":"18.314","fta":"25.914","ft_pct":"0.707","orb":"10.646","drb":"32.297","trb":"42.943","ast":"24.503","stl":"8.697","blk":"4.851","tov":"13.074","pf":"18.549","pts":"106.389"}]