[{"game_id":1232,"team_name":"OKC","player_id":"teamOKC","player_name":"Team name: OKC","ts_pct":"0.557","efg_pct":"0.523","three_par":"0.429","ftr":"0.246","orb_pct":"4.837","drb_pct":"15.569","trb_pct":"10.487","ast_pct":"12.205","stl_pct":"1.313","blk_pct":"2.077","tov_pct":"15.307","usg_pct":"21.226","ortg":"103.227","drtg":"114.715","bpm":"-6.162"},{"game_id":1232,"team_name":"POR","player_id":"teamPOR","player_name":"Team name: POR","ts_pct":"0.486","efg_pct":"0.447","three_par":"0.356","ftr":"0.280","orb_pct":"4.964","drb_pct":"15.251","trb_pct":"10.101","ast_pct":"10.656","stl_pct":"1.162","blk_pct":"1.850","tov_pct":"15.319","usg_pct":"19.467","ortg":"96.266","drtg":"114.589","bpm":"-2.307"}]