[{"game_id":1223,"team_name":"MIA","player_id":"{\"adebaba01\"}","player_name":"{\"Bam Adebayo\"}","fg":"4.859","fga":"8.471","fg_pct":"0.574","three_p":"0.176","three_pa":"0.659","three_p_pct":"0.267","ft":"3.435","fta":"5.035","ft_pct":"0.682","orb":"2.212","drb":"7.588","trb":"9.800","ast":"3.176","stl":"1.247","blk":"1.071","tov":"2.247","pf":"2.141","pts":"13.329"},{"game_id":1223,"team_name":"MIA","player_id":"{\"butleji01\"}","player_name":"{\"Jimmy Butler\"}","fg":"6.800","fga":"15.118","fg_pct":"0.450","three_p":"1.118","three_pa":"4.259","three_p_pct":"0.263","ft":"5.529","fta":"6.212","ft_pct":"0.890","orb":"1.706","drb":"4.612","trb":"6.318","ast":"5.412","stl":"1.306","blk":"0.518","tov":"1.988","pf":"1.588","pts":"20.247"},{"game_id":1223,"team_name":"MIA","player_id":"{\"winslju01\"}","player_name":"{\"Justise Winslow\"}","fg":"6.071","fga":"14.541","fg_pct":"0.418","three_p":"1.424","three_pa":"3.776","three_p_pct":"0.377","ft":"1.729","fta":"2.953","ft_pct":"0.586","orb":"1.282","drb":"5.247","trb":"6.529","ast":"4.988","stl":"1.376","blk":"0.682","tov":"2.706","pf":"3.306","pts":"15.294"},{"game_id":1223,"team_name":"MIA","player_id":"{\"dragigo01\"}","player_name":"{\"Goran Dragić\"}","fg":"4.459","fga":"11.612","fg_pct":"0.384","three_p":"1.471","three_pa":"4.729","three_p_pct":"0.311","ft":"3.318","fta":"4.635","ft_pct":"0.716","orb":"0.718","drb":"3.176","trb":"3.894","ast":"5.929","stl":"1.282","blk":"0.259","tov":"2.235","pf":"1.788","pts":"13.706"},{"game_id":1223,"team_name":"MIA","player_id":"{\"nunnke01\"}","player_name":"{\"Kendrick Nunn\"}","fg":"8.972","fga":"17.306","fg_pct":"0.518","three_p":"2.778","three_pa":"6.528","three_p_pct":"0.426","ft":"1.639","fta":"1.639","ft_pct":"1.000","orb":"0.000","drb":"3.389","trb":"3.389","ast":"3.306","stl":"2.000","blk":"0.333","tov":"2.083","pf":"3.889","pts":"22.361"},{"game_id":1223,"team_name":"MIA","player_id":"{\"herroty01\"}","player_name":"{\"Tyler Herro\"}","fg":"4.917","fga":"12.861","fg_pct":"0.382","three_p":"1.333","three_pa":"5.111","three_p_pct":"0.261","ft":"0.667","fta":"0.667","ft_pct":"1.000","orb":"0.000","drb":"5.917","trb":"5.917","ast":"1.750","stl":"0.972","blk":"0.000","tov":"3.111","pf":"2.694","pts":"11.833"},{"game_id":1223,"team_name":"MIA","player_id":"benchMIA","player_name":"Bench of MIA","fg":"2.507","fga":"4.987","fg_pct":"0.503","three_p":"1.212","three_pa":"2.920","three_p_pct":"0.415","ft":"0.788","fta":"0.957","ft_pct":"0.823","orb":"0.794","drb":"2.771","trb":"3.565","ast":"0.968","stl":"0.353","blk":"0.756","tov":"0.950","pf":"2.403","pts":"7.014"},{"game_id":1223,"team_name":"ATL","player_id":"{\"jonesda03\"}","player_name":"{\"Damian Jones\"}","fg":"1.200","fga":"1.576","fg_pct":"0.761","three_p":"0.000","three_pa":"0.000","three_p_pct":"NaN","ft":"0.635","fta":"1.012","ft_pct":"0.627","orb":"0.447","drb":"0.682","trb":"1.129","ast":"0.212","stl":"0.153","blk":"0.200","tov":"0.271","pf":"1.953","pts":"3.035"},{"game_id":1223,"team_name":"ATL","player_id":"{\"collijo01\"}","player_name":"{\"John Collins\"}","fg":"7.035","fga":"13.424","fg_pct":"0.524","three_p":"0.859","three_pa":"2.871","three_p_pct":"0.299","ft":"2.565","fta":"3.706","ft_pct":"0.692","orb":"3.282","drb":"7.224","trb":"10.506","ast":"1.965","stl":"0.659","blk":"1.694","tov":"1.871","pf":"3.294","pts":"17.494"},{"game_id":1223,"team_name":"ATL","player_id":"{\"huntede01\"}","player_name":"{\"De'Andre Hunter\"}","fg":"3.972","fga":"7.000","fg_pct":"0.567","three_p":"1.333","three_pa":"2.694","three_p_pct":"0.495","ft":"2.056","fta":"3.139","ft_pct":"0.655","orb":"0.000","drb":"4.861","trb":"4.861","ast":"0.694","stl":"0.361","blk":"0.333","tov":"2.056","pf":"1.694","pts":"11.333"},{"game_id":1223,"team_name":"ATL","player_id":"{\"bembrde01\"}","player_name":"{\"DeAndre' Bembry\"}","fg":"4.200","fga":"8.141","fg_pct":"0.516","three_p":"0.271","three_pa":"1.612","three_p_pct":"0.168","ft":"1.788","fta":"2.541","ft_pct":"0.704","orb":"0.988","drb":"4.047","trb":"5.035","ast":"2.141","stl":"1.435","blk":"0.059","tov":"1.365","pf":"2.482","pts":"10.459"},{"game_id":1223,"team_name":"ATL","player_id":"{\"reddica01\"}","player_name":"{\"Cam Reddish\"}","fg":"1.722","fga":"7.361","fg_pct":"0.234","three_p":"0.000","three_pa":"2.889","three_p_pct":"0.000","ft":"0.306","fta":"0.611","ft_pct":"0.501","orb":"0.639","drb":"3.944","trb":"4.583","ast":"0.306","stl":"1.361","blk":"0.000","tov":"1.056","pf":"1.000","pts":"3.750"},{"game_id":1223,"team_name":"ATL","player_id":"{\"parkeja01\"}","player_name":"{\"Jabari Parker\"}","fg":"4.882","fga":"10.376","fg_pct":"0.471","three_p":"0.941","three_pa":"2.824","three_p_pct":"0.333","ft":"1.929","fta":"2.694","ft_pct":"0.716","orb":"1.282","drb":"3.824","trb":"5.106","ast":"1.212","stl":"0.471","blk":"0.518","tov":"1.671","pf":"2.118","pts":"12.635"},{"game_id":1223,"team_name":"ATL","player_id":"benchATL","player_name":"Bench of ATL","fg":"3.747","fga":"8.310","fg_pct":"0.451","three_p":"1.274","three_pa":"3.702","three_p_pct":"0.344","ft":"1.439","fta":"2.028","ft_pct":"0.710","orb":"0.900","drb":"2.611","trb":"3.511","ast":"3.027","stl":"0.568","blk":"0.461","tov":"1.324","pf":"1.884","pts":"10.206"}]