[{"game_id":1147,"team_name":"PHI","player_id":"teamPHI","player_name":"Team name: PHI","ts_pct":"0.666","efg_pct":"0.633","three_par":"0.411","ftr":"0.431","orb_pct":"5.632","drb_pct":"17.166","trb_pct":"11.601","ast_pct":"14.963","stl_pct":"1.772","blk_pct":"2.418","tov_pct":"12.625","usg_pct":"23.398","ortg":"133.834","drtg":"135.250","bpm":"-0.631"},{"game_id":1147,"team_name":"ATL","player_id":"teamATL","player_name":"Team name: ATL","ts_pct":"0.517","efg_pct":"0.479","three_par":"0.378","ftr":"0.257","orb_pct":"5.441","drb_pct":"16.849","trb_pct":"11.614","ast_pct":"12.641","stl_pct":"1.099","blk_pct":"2.461","tov_pct":"10.558","usg_pct":"20.554","ortg":"102.986","drtg":"119.873","bpm":"-0.084"}]