[{"game_id":1051,"team_name":"WAS","player_id":"{\"westbru01\"}","player_name":"{\"Russell Westbrook\"}","ts_pct":"0.543","efg_pct":"0.493","three_par":"0.215","ftr":"0.305","orb_pct":"4.775","drb_pct":"30.358","trb_pct":"17.768","ast_pct":"53.872","stl_pct":"1.748","blk_pct":"0.879","tov_pct":"16.233","usg_pct":"28.455","ortg":"118.376","drtg":"112.353","bpm":"8.644"},{"game_id":1051,"team_name":"WAS","player_id":"{\"hachiru01\"}","player_name":"{\"Rui Hachimura\"}","ts_pct":"0.558","efg_pct":"0.526","three_par":"0.170","ftr":"0.210","orb_pct":"2.838","drb_pct":"12.555","trb_pct":"7.701","ast_pct":"5.096","stl_pct":"0.904","blk_pct":"0.834","tov_pct":"4.718","usg_pct":"19.362","ortg":"113.941","drtg":"116.435","bpm":"-2.922"},{"game_id":1051,"team_name":"WAS","player_id":"{\"bertada01\"}","player_name":"{\"Dāvis Bertāns\"}","ts_pct":"0.597","efg_pct":"0.564","three_par":"0.896","ftr":"0.284","orb_pct":"1.028","drb_pct":"8.974","trb_pct":"4.933","ast_pct":"3.274","stl_pct":"1.118","blk_pct":"0.482","tov_pct":"4.140","usg_pct":"13.858","ortg":"118.212","drtg":"120.047","bpm":"-2.571"},{"game_id":1051,"team_name":"WAS","player_id":"{\"smithis01\"}","player_name":"{\"Ish Smith\"}","ts_pct":"0.472","efg_pct":"0.456","three_par":"0.183","ftr":"0.092","orb_pct":"1.629","drb_pct":"15.182","trb_pct":"8.185","ast_pct":"14.364","stl_pct":"2.054","blk_pct":"0.713","tov_pct":"5.968","usg_pct":"15.949","ortg":"101.800","drtg":"116.859","bpm":"-2.471"},{"game_id":1051,"team_name":"WAS","player_id":"{\"hutchch01\"}","player_name":"{\"Chandler Hutchison\"}","ts_pct":"0.459","efg_pct":"0.431","three_par":"0.218","ftr":"0.378","orb_pct":"2.344","drb_pct":"23.256","trb_pct":"12.438","ast_pct":"5.181","stl_pct":"1.656","blk_pct":"1.844","tov_pct":"5.347","usg_pct":"15.332","ortg":"93.976","drtg":"113.318","bpm":"-3.654"},{"game_id":1051,"team_name":"WAS","player_id":"{\"gillan01\"}","player_name":"{\"Anthony Gill\"}","ts_pct":"0.538","efg_pct":"0.552","three_par":"0.344","ftr":"0.104","orb_pct":"7.248","drb_pct":"10.918","trb_pct":"9.408","ast_pct":"5.268","stl_pct":"1.496","blk_pct":"0.518","tov_pct":"4.475","usg_pct":"17.084","ortg":"105.824","drtg":"115.118","bpm":"-3.621"},{"game_id":1051,"team_name":"WAS","player_id":"benchWAS","player_name":"Bench of WAS","ts_pct":"0.528","efg_pct":"0.493","three_par":"0.204","ftr":"0.366","orb_pct":"7.824","drb_pct":"11.555","trb_pct":"9.672","ast_pct":"5.881","stl_pct":"0.806","blk_pct":"2.984","tov_pct":"9.143","usg_pct":"18.456","ortg":"110.971","drtg":"116.505","bpm":"-3.381"},{"game_id":1051,"team_name":"CLE","player_id":"{\"varejan01\"}","player_name":"{\"Anderson Varejão\"}","ts_pct":"0.272","efg_pct":"0.264","three_par":"0.028","ftr":"0.422","orb_pct":"13.246","drb_pct":"28.022","trb_pct":"19.921","ast_pct":"12.480","stl_pct":"0.744","blk_pct":"2.946","tov_pct":"6.484","usg_pct":"23.342","ortg":"65.224","drtg":"111.388","bpm":"-8.484"},{"game_id":1051,"team_name":"CLE","player_id":"{\"okorois01\"}","player_name":"{\"Isaac Okoro\"}","ts_pct":"0.518","efg_pct":"0.463","three_par":"0.310","ftr":"0.382","orb_pct":"3.100","drb_pct":"10.120","trb_pct":"6.520","ast_pct":"13.294","stl_pct":"0.749","blk_pct":"0.336","tov_pct":"5.739","usg_pct":"19.407","ortg":"109.600","drtg":"123.341","bpm":"-4.512"},{"game_id":1051,"team_name":"CLE","player_id":"{\"wadede01\"}","player_name":"{\"Dean Wade\"}","ts_pct":"0.510","efg_pct":"0.473","three_par":"0.625","ftr":"0.329","orb_pct":"3.856","drb_pct":"12.856","trb_pct":"8.084","ast_pct":"7.473","stl_pct":"2.194","blk_pct":"0.574","tov_pct":"15.756","usg_pct":"12.595","ortg":"101.565","drtg":"119.341","bpm":"-2.951"},{"game_id":1051,"team_name":"CLE","player_id":"{\"allenja01\"}","player_name":"{\"Jarrett Allen\"}","ts_pct":"0.544","efg_pct":"0.508","three_par":"0.068","ftr":"0.500","orb_pct":"12.112","drb_pct":"22.594","trb_pct":"17.127","ast_pct":"11.175","stl_pct":"0.868","blk_pct":"1.864","tov_pct":"20.186","usg_pct":"15.476","ortg":"104.612","drtg":"119.294","bpm":"-4.193"},{"game_id":1051,"team_name":"CLE","player_id":"{\"sextoco01\"}","player_name":"{\"Collin Sexton\"}","ts_pct":"0.544","efg_pct":"0.472","three_par":"0.226","ftr":"0.502","orb_pct":"4.819","drb_pct":"7.227","trb_pct":"6.136","ast_pct":"34.711","stl_pct":"1.000","blk_pct":"0.721","tov_pct":"12.038","usg_pct":"33.555","ortg":"109.376","drtg":"123.353","bpm":"0.713"},{"game_id":1051,"team_name":"CLE","player_id":"{\"osmande01\"}","player_name":"{\"Cedi Osman\"}","ts_pct":"0.559","efg_pct":"0.480","three_par":"0.488","ftr":"0.184","orb_pct":"2.707","drb_pct":"10.722","trb_pct":"6.545","ast_pct":"24.727","stl_pct":"1.299","blk_pct":"0.333","tov_pct":"15.011","usg_pct":"21.754","ortg":"110.588","drtg":"125.812","bpm":"-2.368"},{"game_id":1051,"team_name":"CLE","player_id":"benchCLE","player_name":"Bench of CLE","ts_pct":"0.488","efg_pct":"0.481","three_par":"0.447","ftr":"0.249","orb_pct":"3.032","drb_pct":"12.482","trb_pct":"7.559","ast_pct":"17.090","stl_pct":"1.473","blk_pct":"1.926","tov_pct":"11.849","usg_pct":"22.427","ortg":"93.884","drtg":"119.968","bpm":"-4.826"}]