[{"game_id":1230,"team_name":"BRK","player_id":"teamBRK","player_name":"Team name: BRK","fg":"40.457","fga":"93.709","fg_pct":"0.432","three_p":"13.320","three_pa":"37.880","three_p_pct":"0.352","ft":"21.406","fta":"28.080","ft_pct":"0.762","orb":"12.240","drb":"34.463","trb":"46.703","ast":"21.709","stl":"7.709","blk":"3.829","tov":"15.800","pf":"22.246","pts":"115.640"},{"game_id":1230,"team_name":"IND","player_id":"teamIND","player_name":"Team name: IND","fg":"37.691","fga":"87.897","fg_pct":"0.429","three_p":"9.469","three_pa":"26.737","three_p_pct":"0.354","ft":"14.863","fta":"19.549","ft_pct":"0.760","orb":"8.983","drb":"30.897","trb":"39.880","ast":"22.834","stl":"8.286","blk":"3.989","tov":"11.663","pf":"21.709","pts":"99.714"}]