[{"game_id":1030,"team_name":"CHI","player_id":"{\"whiteco01\"}","player_name":"{\"Coby White\"}","fg":"6.918","fga":"15.188","fg_pct":"0.455","three_p":"3.882","three_pa":"8.847","three_p_pct":"0.439","ft":"1.647","fta":"1.953","ft_pct":"0.843","orb":"0.400","drb":"3.424","trb":"3.824","ast":"5.106","stl":"0.506","blk":"0.318","tov":"2.635","pf":"2.788","pts":"19.365"},{"game_id":1030,"team_name":"CHI","player_id":"{\"lavinza01\"}","player_name":"{\"Zach LaVine\"}","fg":"9.412","fga":"19.506","fg_pct":"0.483","three_p":"3.565","three_pa":"8.953","three_p_pct":"0.398","ft":"3.953","fta":"4.659","ft_pct":"0.848","orb":"0.718","drb":"4.200","trb":"4.918","ast":"5.718","stl":"0.612","blk":"0.671","tov":"2.529","pf":"2.294","pts":"26.341"},{"game_id":1030,"team_name":"CHI","player_id":"{\"vucevni01\"}","player_name":"{\"Nikola Vučević\"}","fg":"9.729","fga":"20.600","fg_pct":"0.472","three_p":"2.329","three_pa":"6.459","three_p_pct":"0.361","ft":"1.259","fta":"1.447","ft_pct":"0.870","orb":"2.941","drb":"11.000","trb":"13.941","ast":"4.212","stl":"0.906","blk":"0.800","tov":"2.082","pf":"2.224","pts":"23.047"},{"game_id":1030,"team_name":"CHI","player_id":"{\"templga01\"}","player_name":"{\"Garrett Temple\"}","fg":"2.435","fga":"6.212","fg_pct":"0.392","three_p":"1.059","three_pa":"3.176","three_p_pct":"0.333","ft":"0.494","fta":"0.894","ft_pct":"0.553","orb":"0.506","drb":"2.271","trb":"2.776","ast":"2.553","stl":"0.471","blk":"0.729","tov":"1.118","pf":"2.224","pts":"6.424"},{"game_id":1030,"team_name":"CHI","player_id":"{\"youngth01\"}","player_name":"{\"Thaddeus Young\"}","fg":"4.553","fga":"9.306","fg_pct":"0.489","three_p":"0.353","three_pa":"0.765","three_p_pct":"0.461","ft":"1.529","fta":"2.318","ft_pct":"0.660","orb":"1.753","drb":"3.047","trb":"4.800","ast":"4.753","stl":"1.047","blk":"0.365","tov":"1.988","pf":"1.894","pts":"10.988"},{"game_id":1030,"team_name":"CHI","player_id":"{\"greenja02\"}","player_name":"{\"Javonte Green\"}","fg":"0.800","fga":"1.553","fg_pct":"0.515","three_p":"0.141","three_pa":"0.271","three_p_pct":"0.520","ft":"0.647","fta":"0.647","ft_pct":"1.000","orb":"0.118","drb":"0.588","trb":"0.706","ast":"0.318","stl":"0.400","blk":"0.000","tov":"0.235","pf":"0.576","pts":"2.388"},{"game_id":1030,"team_name":"CHI","player_id":"benchCHI","player_name":"Bench of CHI","fg":"3.353","fga":"7.040","fg_pct":"0.476","three_p":"0.777","three_pa":"2.478","three_p_pct":"0.314","ft":"1.208","fta":"1.769","ft_pct":"0.683","orb":"1.163","drb":"3.792","trb":"4.955","ast":"1.872","stl":"0.840","blk":"0.364","tov":"1.040","pf":"1.728","pts":"8.690"},{"game_id":1030,"team_name":"BRK","player_id":"{\"harrijo01\"}","player_name":"{\"Joe Harris\"}","fg":"4.000","fga":"9.047","fg_pct":"0.442","three_p":"2.541","three_pa":"5.565","three_p_pct":"0.457","ft":"0.541","fta":"0.635","ft_pct":"0.852","orb":"0.541","drb":"3.259","trb":"3.800","ast":"1.988","stl":"0.506","blk":"0.294","tov":"1.435","pf":"2.106","pts":"11.082"},{"game_id":1030,"team_name":"BRK","player_id":"{\"duranke01\"}","player_name":"{\"Kevin Durant\"}","fg":"10.024","fga":"18.388","fg_pct":"0.545","three_p":"2.965","three_pa":"5.906","three_p_pct":"0.502","ft":"6.200","fta":"6.871","ft_pct":"0.902","orb":"0.376","drb":"7.106","trb":"7.482","ast":"5.106","stl":"1.153","blk":"1.106","tov":"3.024","pf":"2.306","pts":"29.212"},{"game_id":1030,"team_name":"BRK","player_id":"{\"brownbr01\"}","player_name":"{\"Bruce Brown\"}","fg":"3.200","fga":"4.988","fg_pct":"0.642","three_p":"0.329","three_pa":"0.788","three_p_pct":"0.418","ft":"0.788","fta":"1.318","ft_pct":"0.598","orb":"1.788","drb":"3.906","trb":"5.694","ast":"0.988","stl":"0.706","blk":"0.435","tov":"0.565","pf":"2.129","pts":"7.518"},{"game_id":1030,"team_name":"BRK","player_id":"{\"jamesmi02\"}","player_name":"{\"Mike James\"}","fg":"1.953","fga":"5.071","fg_pct":"0.385","three_p":"0.506","three_pa":"1.694","three_p_pct":"0.299","ft":"1.282","fta":"1.576","ft_pct":"0.813","orb":"0.247","drb":"1.294","trb":"1.541","ast":"3.094","stl":"0.376","blk":"0.000","tov":"1.765","pf":"0.435","pts":"5.694"},{"game_id":1030,"team_name":"BRK","player_id":"{\"shamela01\"}","player_name":"{\"Landry Shamet\"}","fg":"2.424","fga":"7.612","fg_pct":"0.318","three_p":"1.482","three_pa":"5.576","three_p_pct":"0.266","ft":"1.188","fta":"1.447","ft_pct":"0.821","orb":"0.000","drb":"2.106","trb":"2.106","ast":"2.306","stl":"0.576","blk":"0.435","tov":"0.776","pf":"1.412","pts":"7.518"},{"game_id":1030,"team_name":"BRK","player_id":"{\"greenje02\"}","player_name":"{\"Jeff Green\"}","fg":"4.118","fga":"8.341","fg_pct":"0.494","three_p":"1.906","three_pa":"4.118","three_p_pct":"0.463","ft":"2.847","fta":"3.753","ft_pct":"0.759","orb":"0.647","drb":"4.224","trb":"4.871","ast":"1.906","stl":"0.471","blk":"0.306","tov":"0.753","pf":"2.612","pts":"12.988"},{"game_id":1030,"team_name":"BRK","player_id":"benchBRK","player_name":"Bench of BRK","fg":"5.276","fga":"10.397","fg_pct":"0.507","three_p":"1.759","three_pa":"4.067","three_p_pct":"0.433","ft":"1.962","fta":"2.410","ft_pct":"0.814","orb":"1.020","drb":"4.126","trb":"5.146","ast":"2.906","stl":"1.306","blk":"0.683","tov":"1.440","pf":"2.883","pts":"14.271"}]