[{"game_id":1050,"team_name":"MIN","player_id":"teamMIN","player_name":"Team name: MIN","ts_pct":"0.573","efg_pct":"0.535","three_par":"0.416","ftr":"0.263","orb_pct":"5.277","drb_pct":"16.245","trb_pct":"10.671","ast_pct":"15.630","stl_pct":"1.769","blk_pct":"2.531","tov_pct":"10.992","usg_pct":"19.282","ortg":"119.076","drtg":"112.315","bpm":"-0.417"},{"game_id":1050,"team_name":"DEN","player_id":"teamDEN","player_name":"Team name: DEN","ts_pct":"0.536","efg_pct":"0.498","three_par":"0.422","ftr":"0.279","orb_pct":"4.666","drb_pct":"16.703","trb_pct":"10.611","ast_pct":"14.272","stl_pct":"1.796","blk_pct":"2.378","tov_pct":"14.829","usg_pct":"21.242","ortg":"111.300","drtg":"118.908","bpm":"-1.771"}]