[{"game_id":1245,"team_name":"DAL","player_id":"{\"doncilu01\"}","player_name":"{\"Luka Dončić\"}","ts_pct":"0.551","efg_pct":"0.486","three_par":"0.482","ftr":"0.454","orb_pct":"5.009","drb_pct":"26.421","trb_pct":"15.728","ast_pct":"37.256","stl_pct":"2.419","blk_pct":"0.245","tov_pct":"16.304","usg_pct":"32.314","ortg":"108.918","drtg":"106.647","bpm":"5.155"},{"game_id":1245,"team_name":"DAL","player_id":"{\"porzikr01\"}","player_name":"{\"Kristaps Porziņģis\"}","ts_pct":"0.550","efg_pct":"0.537","three_par":"0.398","ftr":"0.365","orb_pct":"4.185","drb_pct":"19.113","trb_pct":"11.587","ast_pct":"12.992","stl_pct":"0.866","blk_pct":"9.009","tov_pct":"7.736","usg_pct":"28.407","ortg":"109.365","drtg":"101.153","bpm":"6.619"},{"game_id":1245,"team_name":"DAL","player_id":"{\"finnedo01\"}","player_name":"{\"Dorian Finney-Smith\"}","ts_pct":"0.546","efg_pct":"0.506","three_par":"0.470","ftr":"0.379","orb_pct":"9.966","drb_pct":"14.024","trb_pct":"11.944","ast_pct":"8.095","stl_pct":"1.068","blk_pct":"0.341","tov_pct":"8.153","usg_pct":"17.116","ortg":"114.647","drtg":"112.341","bpm":"-2.076"},{"game_id":1245,"team_name":"DAL","player_id":"{\"klebima01\"}","player_name":"{\"Maxi Kleber\"}","ts_pct":"0.499","efg_pct":"0.515","three_par":"0.651","ftr":"0.407","orb_pct":"5.791","drb_pct":"22.834","trb_pct":"14.342","ast_pct":"8.240","stl_pct":"0.521","blk_pct":"4.564","tov_pct":"21.796","usg_pct":"13.281","ortg":"95.271","drtg":"107.188","bpm":"-1.667"},{"game_id":1245,"team_name":"DAL","player_id":"{\"hardati02\"}","player_name":"{\"Tim Hardaway Jr.\"}","ts_pct":"0.530","efg_pct":"0.477","three_par":"0.631","ftr":"0.256","orb_pct":"0.466","drb_pct":"8.195","trb_pct":"4.239","ast_pct":"10.284","stl_pct":"0.568","blk_pct":"0.226","tov_pct":"4.551","usg_pct":"20.609","ortg":"108.306","drtg":"118.600","bpm":"-3.191"},{"game_id":1245,"team_name":"DAL","player_id":"{\"poweldw01\"}","player_name":"{\"Dwight Powell\"}","ts_pct":"0.677","efg_pct":"0.612","three_par":"0.203","ftr":"1.076","orb_pct":"12.438","drb_pct":"17.439","trb_pct":"14.851","ast_pct":"9.592","stl_pct":"0.908","blk_pct":"2.636","tov_pct":"10.382","usg_pct":"16.651","ortg":"140.941","drtg":"108.706","bpm":"1.227"},{"game_id":1245,"team_name":"DAL","player_id":"benchDAL","player_name":"Bench of DAL","ts_pct":"0.592","efg_pct":"0.522","three_par":"0.383","ftr":"0.290","orb_pct":"5.098","drb_pct":"12.093","trb_pct":"8.524","ast_pct":"18.707","stl_pct":"1.276","blk_pct":"0.444","tov_pct":"12.569","usg_pct":"16.989","ortg":"120.255","drtg":"110.294","bpm":"0.422"},{"game_id":1245,"team_name":"LAL","player_id":"{\"danietr01\"}","player_name":"{\"Troy Daniels\"}","ts_pct":"0.427","efg_pct":"0.419","three_par":"0.745","ftr":"0.034","orb_pct":"0.358","drb_pct":"7.229","trb_pct":"3.724","ast_pct":"3.132","stl_pct":"1.786","blk_pct":"0.000","tov_pct":"5.436","usg_pct":"17.201","ortg":"83.082","drtg":"113.024","bpm":"-6.175"},{"game_id":1245,"team_name":"LAL","player_id":"{\"davisan02\"}","player_name":"{\"Anthony Davis\"}","ts_pct":"0.605","efg_pct":"0.519","three_par":"0.159","ftr":"0.512","orb_pct":"12.511","drb_pct":"29.684","trb_pct":"20.789","ast_pct":"17.221","stl_pct":"1.948","blk_pct":"7.661","tov_pct":"11.881","usg_pct":"32.520","ortg":"116.776","drtg":"96.482","bpm":"9.992"},{"game_id":1245,"team_name":"LAL","player_id":"{\"jamesle01\"}","player_name":"{\"LeBron James\"}","ts_pct":"0.572","efg_pct":"0.528","three_par":"0.269","ftr":"0.326","orb_pct":"3.015","drb_pct":"16.434","trb_pct":"9.795","ast_pct":"54.768","stl_pct":"1.073","blk_pct":"1.245","tov_pct":"16.572","usg_pct":"33.538","ortg":"112.729","drtg":"105.400","bpm":"7.793"},{"game_id":1245,"team_name":"LAL","player_id":"{\"cookqu01\"}","player_name":"{\"Quinn Cook\"}","ts_pct":"0.443","efg_pct":"0.438","three_par":"0.527","ftr":"0.020","orb_pct":"0.678","drb_pct":"8.476","trb_pct":"4.685","ast_pct":"16.107","stl_pct":"0.433","blk_pct":"0.235","tov_pct":"7.201","usg_pct":"17.547","ortg":"93.318","drtg":"112.294","bpm":"-5.591"},{"game_id":1245,"team_name":"LAL","player_id":"{\"bradlav01\"}","player_name":"{\"Avery Bradley\"}","ts_pct":"0.534","efg_pct":"0.515","three_par":"0.427","ftr":"0.141","orb_pct":"0.867","drb_pct":"9.533","trb_pct":"5.129","ast_pct":"9.520","stl_pct":"1.926","blk_pct":"0.531","tov_pct":"13.854","usg_pct":"19.194","ortg":"95.047","drtg":"109.365","bpm":"-3.765"},{"game_id":1245,"team_name":"LAL","player_id":"{\"greenda02\"}","player_name":"{\"Danny Green\"}","ts_pct":"0.485","efg_pct":"0.484","three_par":"0.630","ftr":"0.041","orb_pct":"3.215","drb_pct":"10.294","trb_pct":"6.914","ast_pct":"6.666","stl_pct":"2.478","blk_pct":"1.395","tov_pct":"19.313","usg_pct":"14.201","ortg":"104.271","drtg":"103.812","bpm":"1.585"},{"game_id":1245,"team_name":"LAL","player_id":"benchLAL","player_name":"Bench of LAL","ts_pct":"0.496","efg_pct":"0.488","three_par":"0.232","ftr":"0.246","orb_pct":"5.862","drb_pct":"16.147","trb_pct":"11.133","ast_pct":"12.637","stl_pct":"1.674","blk_pct":"2.979","tov_pct":"17.231","usg_pct":"20.471","ortg":"97.102","drtg":"103.517","bpm":"-2.323"}]