[{"game_id":1165,"team_name":"ATL","player_id":"{\"bogdabo01\"}","player_name":"{\"Bogdan Bogdanović\"}","ts_pct":"0.439","efg_pct":"0.426","three_par":"0.583","ftr":"0.074","orb_pct":"1.429","drb_pct":"8.192","trb_pct":"4.738","ast_pct":"15.271","stl_pct":"3.232","blk_pct":"0.512","tov_pct":"8.667","usg_pct":"21.533","ortg":"93.318","drtg":"112.624","bpm":"-0.372"},{"game_id":1165,"team_name":"ATL","player_id":"{\"youngtr01\"}","player_name":"{\"Trae Young\"}","ts_pct":"0.548","efg_pct":"0.484","three_par":"0.437","ftr":"0.374","orb_pct":"0.913","drb_pct":"6.288","trb_pct":"3.694","ast_pct":"39.987","stl_pct":"2.045","blk_pct":"0.000","tov_pct":"15.438","usg_pct":"36.949","ortg":"106.706","drtg":"116.671","bpm":"5.124"},{"game_id":1165,"team_name":"ATL","player_id":"{\"collijo01\"}","player_name":"{\"John Collins\"}","ts_pct":"0.590","efg_pct":"0.578","three_par":"0.307","ftr":"0.187","orb_pct":"9.120","drb_pct":"24.101","trb_pct":"16.596","ast_pct":"5.026","stl_pct":"0.429","blk_pct":"1.267","tov_pct":"9.719","usg_pct":"17.867","ortg":"115.353","drtg":"113.459","bpm":"-0.321"},{"game_id":1165,"team_name":"ATL","player_id":"{\"huertke01\"}","player_name":"{\"Kevin Huerter\"}","ts_pct":"0.432","efg_pct":"0.424","three_par":"0.512","ftr":"0.065","orb_pct":"2.164","drb_pct":"9.854","trb_pct":"6.006","ast_pct":"15.766","stl_pct":"0.964","blk_pct":"1.914","tov_pct":"6.211","usg_pct":"16.614","ortg":"100.094","drtg":"116.082","bpm":"-1.294"},{"game_id":1165,"team_name":"ATL","player_id":"{\"capelca01\"}","player_name":"{\"Clint Capela\"}","ts_pct":"0.562","efg_pct":"0.594","three_par":"0.000","ftr":"0.487","orb_pct":"13.331","drb_pct":"24.096","trb_pct":"18.753","ast_pct":"5.411","stl_pct":"1.151","blk_pct":"2.441","tov_pct":"10.742","usg_pct":"13.556","ortg":"120.635","drtg":"111.447","bpm":"0.564"},{"game_id":1165,"team_name":"ATL","player_id":"{\"reddica01\"}","player_name":"{\"Cam Reddish\"}","ts_pct":"0.548","efg_pct":"0.493","three_par":"0.392","ftr":"0.267","orb_pct":"2.460","drb_pct":"13.860","trb_pct":"8.211","ast_pct":"7.404","stl_pct":"3.299","blk_pct":"2.358","tov_pct":"10.511","usg_pct":"19.158","ortg":"106.518","drtg":"115.459","bpm":"-0.307"},{"game_id":1165,"team_name":"ATL","player_id":"benchATL","player_name":"Bench of ATL","ts_pct":"0.457","efg_pct":"0.430","three_par":"0.211","ftr":"0.375","orb_pct":"4.645","drb_pct":"15.350","trb_pct":"10.582","ast_pct":"6.707","stl_pct":"1.308","blk_pct":"2.824","tov_pct":"8.773","usg_pct":"17.605","ortg":"99.250","drtg":"114.793","bpm":"-0.920"},{"game_id":1165,"team_name":"MIL","player_id":"{\"holidjr01\"}","player_name":"{\"Jrue Holiday\"}","ts_pct":"0.483","efg_pct":"0.456","three_par":"0.385","ftr":"0.193","orb_pct":"3.333","drb_pct":"9.688","trb_pct":"6.353","ast_pct":"33.220","stl_pct":"1.488","blk_pct":"1.213","tov_pct":"10.386","usg_pct":"23.314","ortg":"111.624","drtg":"112.553","bpm":"2.375"},{"game_id":1165,"team_name":"MIL","player_id":"{\"middlkh01\"}","player_name":"{\"Khris Middleton\"}","ts_pct":"0.550","efg_pct":"0.509","three_par":"0.410","ftr":"0.233","orb_pct":"4.255","drb_pct":"19.847","trb_pct":"11.996","ast_pct":"22.974","stl_pct":"2.432","blk_pct":"0.816","tov_pct":"11.109","usg_pct":"26.371","ortg":"114.882","drtg":"107.671","bpm":"4.549"},{"game_id":1165,"team_name":"MIL","player_id":"{\"lopezbr01\"}","player_name":"{\"Brook Lopez\"}","ts_pct":"0.665","efg_pct":"0.653","three_par":"0.433","ftr":"0.134","orb_pct":"6.399","drb_pct":"11.729","trb_pct":"8.868","ast_pct":"0.552","stl_pct":"2.106","blk_pct":"5.828","tov_pct":"8.951","usg_pct":"15.186","ortg":"127.035","drtg":"107.788","bpm":"3.869"},{"game_id":1165,"team_name":"MIL","player_id":"{\"tuckepj01\"}","player_name":"{\"P.J. Tucker\"}","ts_pct":"0.450","efg_pct":"0.418","three_par":"0.644","ftr":"0.235","orb_pct":"6.558","drb_pct":"14.355","trb_pct":"10.473","ast_pct":"4.264","stl_pct":"1.908","blk_pct":"0.796","tov_pct":"5.552","usg_pct":"7.071","ortg":"120.729","drtg":"110.224","bpm":"-0.874"},{"game_id":1165,"team_name":"MIL","player_id":"{\"portibo01\"}","player_name":"{\"Bobby Portis\"}","ts_pct":"0.459","efg_pct":"0.465","three_par":"0.312","ftr":"0.115","orb_pct":"9.660","drb_pct":"20.125","trb_pct":"14.695","ast_pct":"7.796","stl_pct":"2.280","blk_pct":"2.619","tov_pct":"6.947","usg_pct":"22.082","ortg":"100.047","drtg":"105.400","bpm":"0.320"},{"game_id":1165,"team_name":"MIL","player_id":"{\"connapa01\"}","player_name":"{\"Pat Connaughton\"}","ts_pct":"0.660","efg_pct":"0.614","three_par":"0.745","ftr":"0.160","orb_pct":"5.647","drb_pct":"10.106","trb_pct":"7.801","ast_pct":"4.389","stl_pct":"1.308","blk_pct":"1.799","tov_pct":"8.794","usg_pct":"10.475","ortg":"121.800","drtg":"112.035","bpm":"-0.338"},{"game_id":1165,"team_name":"MIL","player_id":"benchMIL","player_name":"Bench of MIL","ts_pct":"0.289","efg_pct":"0.250","three_par":"0.295","ftr":"0.159","orb_pct":"1.110","drb_pct":"9.530","trb_pct":"5.707","ast_pct":"10.386","stl_pct":"1.794","blk_pct":"2.736","tov_pct":"9.487","usg_pct":"14.456","ortg":"60.808","drtg":"108.206","bpm":"-5.692"}]