[{"game_id":109,"team_name":"ATL","player_id":"teamATL","player_name":"Team name: ATL","fg":"41.714","fga":"90.731","fg_pct":"0.460","three_p":"14.806","three_pa":"38.800","three_p_pct":"0.382","ft":"21.126","fta":"26.674","ft_pct":"0.792","orb":"12.149","drb":"36.269","trb":"48.417","ast":"25.423","stl":"5.754","blk":"3.697","tov":"14.651","pf":"22.251","pts":"119.360"},{"game_id":109,"team_name":"CHO","player_id":"teamCHO","player_name":"Team name: CHO","fg":"39.726","fga":"88.486","fg_pct":"0.449","three_p":"13.697","three_pa":"36.097","three_p_pct":"0.379","ft":"16.554","fta":"22.377","ft_pct":"0.740","orb":"10.834","drb":"32.257","trb":"43.091","ast":"28.960","stl":"8.629","blk":"4.560","tov":"14.577","pf":"19.840","pts":"109.703"}]