[{"game_id":1130,"team_name":"PHI","player_id":"{\"howardw01\"}","player_name":"{\"Dwight Howard\"}","ts_pct":"0.566","efg_pct":"0.533","three_par":"0.013","ftr":"1.793","orb_pct":"19.551","drb_pct":"30.912","trb_pct":"25.420","ast_pct":"11.719","stl_pct":"0.793","blk_pct":"4.701","tov_pct":"17.233","usg_pct":"17.471","ortg":"120.329","drtg":"104.729","bpm":"-2.081"},{"game_id":1130,"team_name":"PHI","player_id":"{\"embiijo01\"}","player_name":"{\"Joel Embiid\"}","ts_pct":"0.666","efg_pct":"0.580","three_par":"0.218","ftr":"0.523","orb_pct":"3.506","drb_pct":"30.346","trb_pct":"17.260","ast_pct":"15.266","stl_pct":"2.151","blk_pct":"2.046","tov_pct":"14.448","usg_pct":"32.178","ortg":"121.812","drtg":"102.471","bpm":"7.458"},{"game_id":1130,"team_name":"PHI","player_id":"{\"simmobe01\"}","player_name":"{\"Ben Simmons\"}","ts_pct":"0.600","efg_pct":"0.621","three_par":"0.012","ftr":"0.607","orb_pct":"8.735","drb_pct":"19.692","trb_pct":"14.198","ast_pct":"36.295","stl_pct":"1.712","blk_pct":"1.446","tov_pct":"13.292","usg_pct":"18.791","ortg":"132.224","drtg":"108.788","bpm":"5.736"},{"game_id":1130,"team_name":"PHI","player_id":"{\"curryse01\"}","player_name":"{\"Seth Curry\"}","ts_pct":"0.663","efg_pct":"0.652","three_par":"0.534","ftr":"0.092","orb_pct":"0.339","drb_pct":"7.546","trb_pct":"3.864","ast_pct":"13.860","stl_pct":"0.928","blk_pct":"0.000","tov_pct":"6.166","usg_pct":"18.587","ortg":"129.153","drtg":"114.388","bpm":"1.285"},{"game_id":1130,"team_name":"PHI","player_id":"{\"harrito02\"}","player_name":"{\"Tobias Harris\"}","ts_pct":"0.568","efg_pct":"0.525","three_par":"0.226","ftr":"0.225","orb_pct":"2.076","drb_pct":"25.633","trb_pct":"14.400","ast_pct":"16.221","stl_pct":"1.496","blk_pct":"1.575","tov_pct":"5.202","usg_pct":"27.647","ortg":"117.365","drtg":"106.706","bpm":"3.565"},{"game_id":1130,"team_name":"PHI","player_id":"{\"greenda02\"}","player_name":"{\"Danny Green\"}","ts_pct":"0.635","efg_pct":"0.628","three_par":"0.781","ftr":"0.070","orb_pct":"4.606","drb_pct":"8.109","trb_pct":"6.404","ast_pct":"8.176","stl_pct":"1.635","blk_pct":"3.101","tov_pct":"9.429","usg_pct":"13.132","ortg":"122.435","drtg":"110.259","bpm":"2.799"},{"game_id":1130,"team_name":"PHI","player_id":"benchPHI","player_name":"Bench of PHI","ts_pct":"0.551","efg_pct":"0.482","three_par":"0.430","ftr":"0.273","orb_pct":"1.193","drb_pct":"7.784","trb_pct":"4.638","ast_pct":"11.648","stl_pct":"2.392","blk_pct":"2.684","tov_pct":"10.281","usg_pct":"18.547","ortg":"106.632","drtg":"109.333","bpm":"-1.390"},{"game_id":1130,"team_name":"ATL","player_id":"{\"youngtr01\"}","player_name":"{\"Trae Young\"}","ts_pct":"0.573","efg_pct":"0.500","three_par":"0.367","ftr":"0.347","orb_pct":"1.220","drb_pct":"8.216","trb_pct":"4.947","ast_pct":"51.039","stl_pct":"1.169","blk_pct":"0.094","tov_pct":"11.571","usg_pct":"35.100","ortg":"119.659","drtg":"109.612","bpm":"7.512"},{"game_id":1130,"team_name":"ATL","player_id":"{\"bogdabo01\"}","player_name":"{\"Bogdan Bogdanović\"}","ts_pct":"0.608","efg_pct":"0.603","three_par":"0.610","ftr":"0.048","orb_pct":"2.446","drb_pct":"13.005","trb_pct":"8.045","ast_pct":"19.079","stl_pct":"2.480","blk_pct":"1.455","tov_pct":"6.014","usg_pct":"19.782","ortg":"125.565","drtg":"104.882","bpm":"7.525"},{"game_id":1130,"team_name":"ATL","player_id":"{\"snellto01\"}","player_name":"{\"Tony Snell\"}","ts_pct":"0.509","efg_pct":"0.509","three_par":"0.520","ftr":"0.000","orb_pct":"2.284","drb_pct":"12.044","trb_pct":"7.300","ast_pct":"5.732","stl_pct":"1.727","blk_pct":"1.122","tov_pct":"10.316","usg_pct":"8.585","ortg":"108.412","drtg":"112.141","bpm":"-3.216"},{"game_id":1130,"team_name":"ATL","player_id":"{\"collijo01\"}","player_name":"{\"John Collins\"}","ts_pct":"0.623","efg_pct":"0.588","three_par":"0.451","ftr":"0.310","orb_pct":"2.499","drb_pct":"19.375","trb_pct":"11.444","ast_pct":"2.705","stl_pct":"0.706","blk_pct":"2.756","tov_pct":"7.756","usg_pct":"17.959","ortg":"122.753","drtg":"104.494","bpm":"2.456"},{"game_id":1130,"team_name":"ATL","player_id":"{\"capelca01\"}","player_name":"{\"Clint Capela\"}","ts_pct":"0.651","efg_pct":"0.654","three_par":"0.000","ftr":"0.333","orb_pct":"12.960","drb_pct":"31.720","trb_pct":"22.711","ast_pct":"2.999","stl_pct":"0.825","blk_pct":"4.561","tov_pct":"10.222","usg_pct":"14.414","ortg":"131.082","drtg":"100.812","bpm":"3.034"},{"game_id":1130,"team_name":"ATL","player_id":"{\"huertke01\"}","player_name":"{\"Kevin Huerter\"}","ts_pct":"0.594","efg_pct":"0.595","three_par":"0.626","ftr":"0.124","orb_pct":"3.020","drb_pct":"12.799","trb_pct":"8.174","ast_pct":"11.371","stl_pct":"0.792","blk_pct":"3.279","tov_pct":"11.089","usg_pct":"17.502","ortg":"114.388","drtg":"107.918","bpm":"1.914"},{"game_id":1130,"team_name":"ATL","player_id":"benchATL","player_name":"Bench of ATL","ts_pct":"0.439","efg_pct":"0.370","three_par":"0.378","ftr":"0.178","orb_pct":"6.220","drb_pct":"13.300","trb_pct":"10.134","ast_pct":"11.561","stl_pct":"1.088","blk_pct":"2.459","tov_pct":"11.079","usg_pct":"16.075","ortg":"95.384","drtg":"106.615","bpm":"-1.852"}]