[{"game_id":1234,"team_name":"SAC","player_id":"teamSAC","player_name":"Team name: SAC","fg":"39.891","fga":"91.354","fg_pct":"0.437","three_p":"11.589","three_pa":"32.331","three_p_pct":"0.358","ft":"15.069","fta":"20.080","ft_pct":"0.750","orb":"11.766","drb":"30.754","trb":"42.520","ast":"21.006","stl":"7.103","blk":"3.371","tov":"13.857","pf":"19.126","pts":"106.440"},{"game_id":1234,"team_name":"CHO","player_id":"teamCHO","player_name":"Team name: CHO","fg":"39.389","fga":"86.097","fg_pct":"0.457","three_p":"13.297","three_pa":"35.577","three_p_pct":"0.374","ft":"16.851","fta":"21.674","ft_pct":"0.777","orb":"8.634","drb":"32.240","trb":"40.874","ast":"24.006","stl":"6.469","blk":"3.949","tov":"13.017","pf":"18.594","pts":"108.926"}]