[{"game_id":1048,"team_name":"CHI","player_id":"{\"whiteco01\"}","player_name":"{\"Coby White\"}","ts_pct":"0.572","efg_pct":"0.555","three_par":"0.596","ftr":"0.111","orb_pct":"1.098","drb_pct":"10.811","trb_pct":"6.041","ast_pct":"24.024","stl_pct":"0.792","blk_pct":"0.722","tov_pct":"11.991","usg_pct":"25.262","ortg":"109.824","drtg":"113.529","bpm":"0.871"},{"game_id":1048,"team_name":"CHI","player_id":"{\"lavinza01\"}","player_name":"{\"Zach LaVine\"}","ts_pct":"0.624","efg_pct":"0.590","three_par":"0.475","ftr":"0.246","orb_pct":"2.140","drb_pct":"12.220","trb_pct":"7.213","ast_pct":"22.788","stl_pct":"0.969","blk_pct":"1.329","tov_pct":"10.756","usg_pct":"31.286","ortg":"119.294","drtg":"113.847","bpm":"5.772"},{"game_id":1048,"team_name":"CHI","player_id":"{\"vucevni01\"}","player_name":"{\"Nikola Vučević\"}","ts_pct":"0.517","efg_pct":"0.505","three_par":"0.321","ftr":"0.068","orb_pct":"8.839","drb_pct":"33.674","trb_pct":"21.592","ast_pct":"22.178","stl_pct":"1.133","blk_pct":"1.699","tov_pct":"9.287","usg_pct":"29.419","ortg":"106.600","drtg":"105.765","bpm":"3.309"},{"game_id":1048,"team_name":"CHI","player_id":"{\"youngth01\"}","player_name":"{\"Thaddeus Young\"}","ts_pct":"0.473","efg_pct":"0.437","three_par":"0.095","ftr":"0.256","orb_pct":"8.124","drb_pct":"16.136","trb_pct":"11.959","ast_pct":"27.460","stl_pct":"2.120","blk_pct":"2.120","tov_pct":"16.349","usg_pct":"22.648","ortg":"100.318","drtg":"108.094","bpm":"-0.413"},{"game_id":1048,"team_name":"CHI","player_id":"{\"templga01\"}","player_name":"{\"Garrett Temple\"}","ts_pct":"0.439","efg_pct":"0.383","three_par":"0.474","ftr":"0.293","orb_pct":"2.035","drb_pct":"9.738","trb_pct":"5.967","ast_pct":"11.856","stl_pct":"1.091","blk_pct":"2.478","tov_pct":"11.574","usg_pct":"11.916","ortg":"98.224","drtg":"111.553","bpm":"-3.665"},{"game_id":1048,"team_name":"CHI","player_id":"{\"markkla01\"}","player_name":"{\"Lauri Markkanen\"}","ts_pct":"0.574","efg_pct":"0.559","three_par":"0.653","ftr":"0.289","orb_pct":"3.279","drb_pct":"22.296","trb_pct":"12.939","ast_pct":"2.969","stl_pct":"1.668","blk_pct":"0.988","tov_pct":"8.044","usg_pct":"17.668","ortg":"112.800","drtg":"108.776","bpm":"-1.592"},{"game_id":1048,"team_name":"CHI","player_id":"benchCHI","player_name":"Bench of CHI","ts_pct":"0.549","efg_pct":"0.487","three_par":"0.289","ftr":"0.327","orb_pct":"2.797","drb_pct":"12.464","trb_pct":"7.505","ast_pct":"13.948","stl_pct":"1.206","blk_pct":"1.311","tov_pct":"14.064","usg_pct":"14.521","ortg":"107.703","drtg":"111.863","bpm":"-4.015"},{"game_id":1048,"team_name":"TOR","player_id":"{\"watanyu01\"}","player_name":"{\"Yuta Watanabe\"}","ts_pct":"0.565","efg_pct":"0.542","three_par":"0.543","ftr":"0.140","orb_pct":"2.507","drb_pct":"15.489","trb_pct":"8.384","ast_pct":"9.609","stl_pct":"1.334","blk_pct":"1.571","tov_pct":"4.292","usg_pct":"13.486","ortg":"117.588","drtg":"116.906","bpm":"-0.469"},{"game_id":1048,"team_name":"TOR","player_id":"{\"johnsst04\"}","player_name":"{\"Stanley Johnson\"}","ts_pct":"0.328","efg_pct":"0.304","three_par":"0.678","ftr":"0.248","orb_pct":"0.673","drb_pct":"9.246","trb_pct":"4.676","ast_pct":"14.926","stl_pct":"3.078","blk_pct":"0.933","tov_pct":"19.868","usg_pct":"14.885","ortg":"71.200","drtg":"114.706","bpm":"-5.775"},{"game_id":1048,"team_name":"TOR","player_id":"{\"flynnma01\"}","player_name":"{\"Malachi Flynn\"}","ts_pct":"0.480","efg_pct":"0.413","three_par":"0.492","ftr":"0.210","orb_pct":"0.833","drb_pct":"15.932","trb_pct":"7.688","ast_pct":"18.751","stl_pct":"1.488","blk_pct":"0.551","tov_pct":"13.006","usg_pct":"18.316","ortg":"95.306","drtg":"117.647","bpm":"-4.221"},{"game_id":1048,"team_name":"TOR","player_id":"{\"bembrde01\"}","player_name":"{\"DeAndre' Bembry\"}","ts_pct":"0.524","efg_pct":"0.462","three_par":"0.213","ftr":"0.338","orb_pct":"4.012","drb_pct":"18.626","trb_pct":"10.631","ast_pct":"14.065","stl_pct":"4.878","blk_pct":"1.344","tov_pct":"26.005","usg_pct":"17.041","ortg":"95.776","drtg":"108.682","bpm":"-2.327"},{"game_id":1048,"team_name":"TOR","player_id":"{\"gillefr01\"}","player_name":"{\"Freddie Gillespie\"}","ts_pct":"0.603","efg_pct":"0.559","three_par":"0.000","ftr":"0.594","orb_pct":"13.627","drb_pct":"19.799","trb_pct":"16.411","ast_pct":"2.849","stl_pct":"1.689","blk_pct":"5.714","tov_pct":"10.151","usg_pct":"14.294","ortg":"128.541","drtg":"113.141","bpm":"-1.851"},{"game_id":1048,"team_name":"TOR","player_id":"{\"birchkh01\"}","player_name":"{\"Khem Birch\"}","ts_pct":"0.619","efg_pct":"0.595","three_par":"0.134","ftr":"0.305","orb_pct":"10.200","drb_pct":"17.353","trb_pct":"13.569","ast_pct":"12.033","stl_pct":"1.260","blk_pct":"3.536","tov_pct":"9.264","usg_pct":"15.920","ortg":"127.694","drtg":"116.706","bpm":"1.064"},{"game_id":1048,"team_name":"TOR","player_id":"benchTOR","player_name":"Bench of TOR","ts_pct":"0.532","efg_pct":"0.518","three_par":"0.352","ftr":"0.122","orb_pct":"6.689","drb_pct":"14.169","trb_pct":"10.308","ast_pct":"11.058","stl_pct":"2.223","blk_pct":"0.796","tov_pct":"17.203","usg_pct":"17.414","ortg":"106.141","drtg":"112.894","bpm":"-3.609"}]