[{"game_id":1038,"team_name":"BRK","player_id":"{\"luwawti01\"}","player_name":"{\"Timothé Luwawu-Cabarrot\"}","ts_pct":"0.546","efg_pct":"0.508","three_par":"0.677","ftr":"0.212","orb_pct":"3.207","drb_pct":"7.954","trb_pct":"5.771","ast_pct":"4.812","stl_pct":"0.961","blk_pct":"0.000","tov_pct":"6.822","usg_pct":"23.607","ortg":"105.988","drtg":"118.588","bpm":"-1.742"},{"game_id":1038,"team_name":"BRK","player_id":"{\"shamela01\"}","player_name":"{\"Landry Shamet\"}","ts_pct":"0.364","efg_pct":"0.325","three_par":"0.698","ftr":"0.240","orb_pct":"0.000","drb_pct":"6.619","trb_pct":"3.347","ast_pct":"10.469","stl_pct":"1.213","blk_pct":"1.233","tov_pct":"6.896","usg_pct":"13.264","ortg":"83.024","drtg":"119.835","bpm":"-6.078"},{"game_id":1038,"team_name":"BRK","player_id":"{\"brownbr01\"}","player_name":"{\"Bruce Brown\"}","ts_pct":"0.585","efg_pct":"0.572","three_par":"0.106","ftr":"0.264","orb_pct":"10.318","drb_pct":"18.865","trb_pct":"14.905","ast_pct":"7.434","stl_pct":"1.355","blk_pct":"1.966","tov_pct":"13.751","usg_pct":"13.080","ortg":"130.188","drtg":"115.106","bpm":"0.692"},{"game_id":1038,"team_name":"BRK","player_id":"{\"duranke01\"}","player_name":"{\"Kevin Durant\"}","ts_pct":"0.724","efg_pct":"0.695","three_par":"0.337","ftr":"0.422","orb_pct":"0.847","drb_pct":"20.453","trb_pct":"11.521","ast_pct":"26.748","stl_pct":"1.653","blk_pct":"5.067","tov_pct":"12.362","usg_pct":"30.875","ortg":"129.882","drtg":"110.988","bpm":"12.762"},{"game_id":1038,"team_name":"BRK","player_id":"{\"jamesmi02\"}","player_name":"{\"Mike James\"}","ts_pct":"0.468","efg_pct":"0.346","three_par":"0.387","ftr":"0.674","orb_pct":"1.002","drb_pct":"12.411","trb_pct":"7.296","ast_pct":"30.760","stl_pct":"2.059","blk_pct":"0.520","tov_pct":"25.355","usg_pct":"23.525","ortg":"99.671","drtg":"116.282","bpm":"-3.764"},{"game_id":1038,"team_name":"BRK","player_id":"{\"hardeja01\"}","player_name":"{\"James Harden\"}","ts_pct":"0.476","efg_pct":"0.386","three_par":"0.449","ftr":"0.452","orb_pct":"2.061","drb_pct":"24.871","trb_pct":"13.698","ast_pct":"50.166","stl_pct":"1.452","blk_pct":"0.908","tov_pct":"11.695","usg_pct":"30.338","ortg":"116.824","drtg":"112.600","bpm":"6.199"},{"game_id":1038,"team_name":"BRK","player_id":"benchBRK","player_name":"Bench of BRK","ts_pct":"0.554","efg_pct":"0.524","three_par":"0.386","ftr":"0.326","orb_pct":"10.149","drb_pct":"19.727","trb_pct":"15.191","ast_pct":"9.902","stl_pct":"1.664","blk_pct":"1.837","tov_pct":"8.924","usg_pct":"15.875","ortg":"119.215","drtg":"114.055","bpm":"-0.006"},{"game_id":1038,"team_name":"SAS","player_id":"{\"bateske01\"}","player_name":"{\"Keita Bates-Diop\"}","ts_pct":"0.320","efg_pct":"0.282","three_par":"0.118","ftr":"0.397","orb_pct":"0.815","drb_pct":"19.554","trb_pct":"10.494","ast_pct":"2.341","stl_pct":"2.271","blk_pct":"6.652","tov_pct":"22.880","usg_pct":"12.042","ortg":"59.071","drtg":"108.835","bpm":"-2.272"},{"game_id":1038,"team_name":"SAS","player_id":"{\"jonestr01\"}","player_name":"{\"Tre Jones\"}","ts_pct":"0.432","efg_pct":"0.351","three_par":"0.134","ftr":"0.306","orb_pct":"2.596","drb_pct":"3.471","trb_pct":"3.067","ast_pct":"13.086","stl_pct":"1.952","blk_pct":"0.000","tov_pct":"5.979","usg_pct":"12.928","ortg":"120.824","drtg":"117.835","bpm":"-3.511"},{"game_id":1038,"team_name":"SAS","player_id":"{\"samanlu01\"}","player_name":"{\"Luka Šamanić\"}","ts_pct":"0.444","efg_pct":"0.418","three_par":"0.175","ftr":"0.219","orb_pct":"3.968","drb_pct":"18.442","trb_pct":"10.855","ast_pct":"6.496","stl_pct":"0.729","blk_pct":"1.533","tov_pct":"18.645","usg_pct":"18.647","ortg":"93.259","drtg":"114.176","bpm":"-2.919"},{"game_id":1038,"team_name":"SAS","player_id":"{\"murrade01\"}","player_name":"{\"Dejounte Murray\"}","ts_pct":"0.528","efg_pct":"0.495","three_par":"0.198","ftr":"0.195","orb_pct":"5.215","drb_pct":"16.119","trb_pct":"10.624","ast_pct":"28.566","stl_pct":"1.215","blk_pct":"0.000","tov_pct":"12.629","usg_pct":"25.182","ortg":"109.588","drtg":"121.094","bpm":"-0.916"},{"game_id":1038,"team_name":"SAS","player_id":"{\"derozde01\"}","player_name":"{\"DeMar DeRozan\"}","ts_pct":"0.560","efg_pct":"0.471","three_par":"0.027","ftr":"0.488","orb_pct":"0.698","drb_pct":"10.246","trb_pct":"5.527","ast_pct":"26.131","stl_pct":"1.814","blk_pct":"0.620","tov_pct":"8.431","usg_pct":"28.152","ortg":"114.576","drtg":"121.071","bpm":"0.067"},{"game_id":1038,"team_name":"SAS","player_id":"{\"poeltja01\"}","player_name":"{\"Jakob Poeltl\"}","ts_pct":"0.603","efg_pct":"0.581","three_par":"0.000","ftr":"0.272","orb_pct":"7.973","drb_pct":"18.369","trb_pct":"13.502","ast_pct":"13.595","stl_pct":"1.984","blk_pct":"5.149","tov_pct":"9.501","usg_pct":"13.720","ortg":"126.894","drtg":"114.047","bpm":"2.382"},{"game_id":1038,"team_name":"SAS","player_id":"benchSAS","player_name":"Bench of SAS","ts_pct":"0.527","efg_pct":"0.493","three_par":"0.397","ftr":"0.211","orb_pct":"3.619","drb_pct":"14.870","trb_pct":"9.211","ast_pct":"7.690","stl_pct":"1.337","blk_pct":"1.104","tov_pct":"8.012","usg_pct":"18.023","ortg":"105.340","drtg":"119.602","bpm":"-2.511"}]