[{"game_id":1152,"team_name":"BRK","player_id":"{\"shamela01\"}","player_name":"{\"Landry Shamet\"}","fg":"1.706","fga":"3.847","fg_pct":"0.443","three_p":"0.953","three_pa":"2.341","three_p_pct":"0.407","ft":"0.588","fta":"0.741","ft_pct":"0.794","orb":"0.129","drb":"1.588","trb":"1.718","ast":"0.765","stl":"0.447","blk":"0.000","tov":"0.576","pf":"1.424","pts":"4.953"},{"game_id":1152,"team_name":"BRK","player_id":"{\"hardeja01\"}","player_name":"{\"James Harden\"}","fg":"5.212","fga":"10.271","fg_pct":"0.507","three_p":"2.471","three_pa":"6.118","three_p_pct":"0.404","ft":"4.824","fta":"5.729","ft_pct":"0.842","orb":"0.635","drb":"5.141","trb":"5.776","ast":"8.294","stl":"1.671","blk":"0.729","tov":"2.682","pf":"2.518","pts":"17.718"},{"game_id":1152,"team_name":"BRK","player_id":"{\"duranke01\"}","player_name":"{\"Kevin Durant\"}","fg":"12.200","fga":"23.329","fg_pct":"0.523","three_p":"2.741","three_pa":"6.812","three_p_pct":"0.402","ft":"6.400","fta":"7.659","ft_pct":"0.836","orb":"0.212","drb":"9.612","trb":"9.824","ast":"4.918","stl":"1.576","blk":"1.459","tov":"3.812","pf":"2.435","pts":"33.541"},{"game_id":1152,"team_name":"BRK","player_id":"{\"brownbr01\"}","player_name":"{\"Bruce Brown\"}","fg":"3.247","fga":"6.765","fg_pct":"0.480","three_p":"0.259","three_pa":"1.094","three_p_pct":"0.237","ft":"0.929","fta":"1.059","ft_pct":"0.877","orb":"1.565","drb":"3.059","trb":"4.624","ast":"2.176","stl":"0.553","blk":"0.259","tov":"0.800","pf":"2.235","pts":"7.682"},{"game_id":1152,"team_name":"BRK","player_id":"{\"harrijo01\"}","player_name":"{\"Joe Harris\"}","fg":"3.788","fga":"10.047","fg_pct":"0.377","three_p":"2.353","three_pa":"6.435","three_p_pct":"0.366","ft":"0.165","fta":"0.165","ft_pct":"1.000","orb":"0.224","drb":"2.929","trb":"3.153","ast":"1.424","stl":"0.294","blk":"0.106","tov":"0.647","pf":"2.965","pts":"10.094"},{"game_id":1152,"team_name":"BRK","player_id":"{\"griffbl01\"}","player_name":"{\"Blake Griffin\"}","fg":"3.765","fga":"7.165","fg_pct":"0.525","three_p":"1.306","three_pa":"3.494","three_p_pct":"0.374","ft":"0.847","fta":"1.176","ft_pct":"0.720","orb":"1.118","drb":"4.765","trb":"5.882","ast":"1.259","stl":"0.906","blk":"0.682","tov":"0.282","pf":"2.953","pts":"9.682"},{"game_id":1152,"team_name":"BRK","player_id":"benchBRK","player_name":"Bench of BRK","fg":"2.650","fga":"4.754","fg_pct":"0.557","three_p":"1.248","three_pa":"2.104","three_p_pct":"0.593","ft":"0.831","fta":"0.980","ft_pct":"0.848","orb":"0.757","drb":"2.049","trb":"2.806","ast":"0.968","stl":"0.450","blk":"0.682","tov":"0.573","pf":"1.886","pts":"7.378"},{"game_id":1152,"team_name":"MIL","player_id":"{\"middlkh01\"}","player_name":"{\"Khris Middleton\"}","fg":"8.282","fga":"18.494","fg_pct":"0.448","three_p":"2.941","three_pa":"7.424","three_p_pct":"0.396","ft":"4.906","fta":"5.635","ft_pct":"0.871","orb":"0.882","drb":"7.118","trb":"8.000","ast":"4.165","stl":"1.365","blk":"0.400","tov":"3.353","pf":"2.365","pts":"24.412"},{"game_id":1152,"team_name":"MIL","player_id":"{\"forbebr01\"}","player_name":"{\"Bryn Forbes\"}","fg":"2.729","fga":"6.412","fg_pct":"0.426","three_p":"1.847","three_pa":"4.906","three_p_pct":"0.376","ft":"0.647","fta":"0.847","ft_pct":"0.764","orb":"0.106","drb":"1.376","trb":"1.482","ast":"0.435","stl":"0.071","blk":"0.259","tov":"0.506","pf":"0.906","pts":"7.953"},{"game_id":1152,"team_name":"MIL","player_id":"{\"antetgi01\"}","player_name":"{\"Giannis Antetokounmpo\"}","fg":"11.882","fga":"21.976","fg_pct":"0.541","three_p":"0.776","three_pa":"3.965","three_p_pct":"0.196","ft":"4.129","fta":"7.906","ft_pct":"0.522","orb":"2.012","drb":"11.482","trb":"13.494","ast":"4.624","stl":"0.529","blk":"0.929","tov":"3.776","pf":"3.012","pts":"28.671"},{"game_id":1152,"team_name":"MIL","player_id":"{\"holidjr01\"}","player_name":"{\"Jrue Holiday\"}","fg":"6.294","fga":"15.282","fg_pct":"0.412","three_p":"1.447","three_pa":"5.682","three_p_pct":"0.255","ft":"1.541","fta":"1.976","ft_pct":"0.780","orb":"1.482","drb":"3.929","trb":"5.412","ast":"7.141","stl":"1.459","blk":"0.000","tov":"2.071","pf":"2.071","pts":"15.576"},{"game_id":1152,"team_name":"MIL","player_id":"{\"lopezbr01\"}","player_name":"{\"Brook Lopez\"}","fg":"4.694","fga":"9.259","fg_pct":"0.507","three_p":"1.059","three_pa":"3.376","three_p_pct":"0.314","ft":"1.106","fta":"1.212","ft_pct":"0.913","orb":"2.082","drb":"5.094","trb":"7.176","ast":"0.435","stl":"0.553","blk":"1.635","tov":"1.247","pf":"2.188","pts":"11.553"},{"game_id":1152,"team_name":"MIL","player_id":"{\"tuckepj01\"}","player_name":"{\"P.J. Tucker\"}","fg":"1.459","fga":"4.388","fg_pct":"0.332","three_p":"0.765","three_pa":"3.129","three_p_pct":"0.244","ft":"0.188","fta":"0.188","ft_pct":"1.000","orb":"1.976","drb":"2.212","trb":"4.188","ast":"0.824","stl":"0.824","blk":"0.153","tov":"0.494","pf":"3.776","pts":"3.871"},{"game_id":1152,"team_name":"MIL","player_id":"benchMIL","player_name":"Bench of MIL","fg":"0.869","fga":"2.587","fg_pct":"0.336","three_p":"0.471","three_pa":"1.853","three_p_pct":"0.254","ft":"0.618","fta":"0.686","ft_pct":"0.901","orb":"0.455","drb":"1.596","trb":"2.051","ast":"0.641","stl":"0.476","blk":"0.387","tov":"0.359","pf":"0.735","pts":"2.827"}]