[{"game_id":1025,"team_name":"POR","player_id":"teamPOR","player_name":"Team name: POR","ts_pct":"0.661","efg_pct":"0.627","three_par":"0.400","ftr":"0.316","orb_pct":"7.162","drb_pct":"22.424","trb_pct":"15.119","ast_pct":"15.503","stl_pct":"1.392","blk_pct":"2.491","tov_pct":"9.166","usg_pct":"22.654","ortg":"138.836","drtg":"131.354","bpm":"1.711"},{"game_id":1025,"team_name":"HOU","player_id":"teamHOU","player_name":"Team name: HOU","ts_pct":"0.436","efg_pct":"0.417","three_par":"0.439","ftr":"0.186","orb_pct":"3.312","drb_pct":"12.942","trb_pct":"7.699","ast_pct":"12.773","stl_pct":"1.302","blk_pct":"1.638","tov_pct":"10.131","usg_pct":"16.200","ortg":"86.277","drtg":"101.318","bpm":"-1.664"}]