[{"game_id":1073,"team_name":"PHI","player_id":"teamPHI","player_name":"Team name: PHI","ts_pct":"0.667","efg_pct":"0.625","three_par":"0.482","ftr":"0.294","orb_pct":"5.662","drb_pct":"17.412","trb_pct":"11.692","ast_pct":"17.009","stl_pct":"2.445","blk_pct":"2.730","tov_pct":"10.480","usg_pct":"24.288","ortg":"138.687","drtg":"135.065","bpm":"-0.205"},{"game_id":1073,"team_name":"ORL","player_id":"teamORL","player_name":"Team name: ORL","ts_pct":"0.499","efg_pct":"0.467","three_par":"0.328","ftr":"0.284","orb_pct":"4.525","drb_pct":"14.170","trb_pct":"9.337","ast_pct":"13.114","stl_pct":"1.187","blk_pct":"1.765","tov_pct":"11.146","usg_pct":"19.153","ortg":"100.160","drtg":"115.228","bpm":"-3.590"}]