[{"game_id":1243,"team_name":"IND","player_id":"{\"leaftj01\"}","player_name":"{\"T.J. Leaf\"}","fg":"2.294","fga":"5.200","fg_pct":"0.441","three_p":"0.212","three_pa":"0.741","three_p_pct":"0.286","ft":"0.941","fta":"1.047","ft_pct":"0.899","orb":"1.424","drb":"1.871","trb":"3.294","ast":"0.624","stl":"0.282","blk":"0.435","tov":"0.412","pf":"0.824","pts":"5.741"},{"game_id":1243,"team_name":"IND","player_id":"{\"holidaa01\"}","player_name":"{\"Aaron Holiday\"}","fg":"1.612","fga":"5.365","fg_pct":"0.300","three_p":"0.812","three_pa":"2.071","three_p_pct":"0.392","ft":"0.353","fta":"0.612","ft_pct":"0.577","orb":"0.071","drb":"0.753","trb":"0.824","ast":"2.012","stl":"0.447","blk":"0.047","tov":"1.047","pf":"2.094","pts":"4.388"},{"game_id":1243,"team_name":"IND","player_id":"{\"sabondo01\"}","player_name":"{\"Domantas Sabonis\"}","fg":"6.765","fga":"12.529","fg_pct":"0.540","three_p":"0.541","three_pa":"1.400","three_p_pct":"0.386","ft":"3.071","fta":"3.882","ft_pct":"0.791","orb":"2.412","drb":"6.506","trb":"8.918","ast":"2.965","stl":"0.765","blk":"0.247","tov":"2.200","pf":"3.471","pts":"17.141"},{"game_id":1243,"team_name":"IND","player_id":"{\"lambje01\"}","player_name":"{\"Jeremy Lamb\"}","fg":"6.647","fga":"13.024","fg_pct":"0.510","three_p":"1.800","three_pa":"4.494","three_p_pct":"0.401","ft":"3.153","fta":"3.894","ft_pct":"0.810","orb":"1.153","drb":"3.835","trb":"4.988","ast":"2.424","stl":"1.576","blk":"0.235","tov":"1.035","pf":"1.894","pts":"18.247"},{"game_id":1243,"team_name":"IND","player_id":"{\"brogdma01\"}","player_name":"{\"Malcolm Brogdon\"}","fg":"6.247","fga":"14.518","fg_pct":"0.430","three_p":"1.976","three_pa":"5.400","three_p_pct":"0.366","ft":"3.353","fta":"3.682","ft_pct":"0.911","orb":"0.765","drb":"4.694","trb":"5.459","ast":"7.659","stl":"1.271","blk":"0.247","tov":"1.800","pf":"2.506","pts":"17.824"},{"game_id":1243,"team_name":"IND","player_id":"{\"warretj01\"}","player_name":"{\"T.J. Warren\"}","fg":"6.176","fga":"14.094","fg_pct":"0.438","three_p":"0.588","three_pa":"2.471","three_p_pct":"0.238","ft":"1.506","fta":"1.918","ft_pct":"0.785","orb":"0.718","drb":"2.400","trb":"3.118","ast":"0.800","stl":"1.729","blk":"0.471","tov":"1.259","pf":"2.718","pts":"14.447"},{"game_id":1243,"team_name":"IND","player_id":"benchIND","player_name":"Bench of IND","fg":"2.336","fga":"5.514","fg_pct":"0.424","three_p":"0.801","three_pa":"2.095","three_p_pct":"0.382","ft":"0.782","fta":"0.974","ft_pct":"0.803","orb":"0.588","drb":"2.259","trb":"2.847","ast":"1.196","stl":"0.483","blk":"0.481","tov":"0.537","pf":"1.492","pts":"6.255"},{"game_id":1243,"team_name":"CLE","player_id":"{\"knighbr03\"}","player_name":"{\"Brandon Knight\"}","fg":"3.212","fga":"8.847","fg_pct":"0.363","three_p":"1.212","three_pa":"3.588","three_p_pct":"0.338","ft":"0.941","fta":"1.224","ft_pct":"0.769","orb":"0.494","drb":"1.765","trb":"2.259","ast":"1.859","stl":"0.753","blk":"0.141","tov":"1.494","pf":"2.224","pts":"8.576"},{"game_id":1243,"team_name":"CLE","player_id":"{\"osmande01\"}","player_name":"{\"Cedi Osman\"}","fg":"4.165","fga":"8.988","fg_pct":"0.463","three_p":"1.941","three_pa":"4.694","three_p_pct":"0.414","ft":"1.071","fta":"1.494","ft_pct":"0.717","orb":"0.647","drb":"2.400","trb":"3.047","ast":"1.776","stl":"1.094","blk":"0.153","tov":"1.094","pf":"2.424","pts":"11.341"},{"game_id":1243,"team_name":"CLE","player_id":"{\"sextoco01\"}","player_name":"{\"Collin Sexton\"}","fg":"7.224","fga":"15.612","fg_pct":"0.463","three_p":"1.906","three_pa":"5.447","three_p_pct":"0.350","ft":"2.353","fta":"3.059","ft_pct":"0.769","orb":"0.753","drb":"1.494","trb":"2.247","ast":"3.365","stl":"0.376","blk":"0.000","tov":"2.871","pf":"2.106","pts":"18.706"},{"game_id":1243,"team_name":"CLE","player_id":"{\"loveke01\"}","player_name":"{\"Kevin Love\"}","fg":"4.941","fga":"10.812","fg_pct":"0.457","three_p":"1.824","three_pa":"5.353","three_p_pct":"0.341","ft":"3.059","fta":"3.518","ft_pct":"0.870","orb":"0.706","drb":"12.776","trb":"13.482","ast":"3.624","stl":"0.718","blk":"0.071","tov":"2.612","pf":"2.082","pts":"14.765"},{"game_id":1243,"team_name":"CLE","player_id":"{\"thomptr01\"}","player_name":"{\"Tristan Thompson\"}","fg":"6.988","fga":"11.965","fg_pct":"0.584","three_p":"0.129","three_pa":"0.259","three_p_pct":"0.498","ft":"1.600","fta":"2.765","ft_pct":"0.579","orb":"3.588","drb":"5.635","trb":"9.224","ast":"1.718","stl":"0.000","blk":"1.271","tov":"0.800","pf":"1.694","pts":"15.706"},{"game_id":1243,"team_name":"CLE","player_id":"{\"clarkjo01\"}","player_name":"{\"Jordan Clarkson\"}","fg":"5.129","fga":"11.176","fg_pct":"0.459","three_p":"1.271","three_pa":"3.894","three_p_pct":"0.326","ft":"2.894","fta":"3.271","ft_pct":"0.885","orb":"0.447","drb":"0.918","trb":"1.365","ast":"2.435","stl":"0.718","blk":"0.000","tov":"1.153","pf":"0.776","pts":"14.424"},{"game_id":1243,"team_name":"CLE","player_id":"benchCLE","player_name":"Bench of CLE","fg":"3.354","fga":"8.587","fg_pct":"0.391","three_p":"0.908","three_pa":"3.282","three_p_pct":"0.277","ft":"1.015","fta":"1.223","ft_pct":"0.830","orb":"1.320","drb":"3.364","trb":"4.684","ast":"2.566","stl":"0.639","blk":"0.563","tov":"1.869","pf":"2.420","pts":"8.631"}]