[{"game_id":1091,"team_name":"PHI","player_id":"teamPHI","player_name":"Team name: PHI","ts_pct":"0.642","efg_pct":"0.605","three_par":"0.462","ftr":"0.267","orb_pct":"5.421","drb_pct":"17.213","trb_pct":"11.353","ast_pct":"16.780","stl_pct":"2.162","blk_pct":"2.441","tov_pct":"10.448","usg_pct":"23.497","ortg":"132.753","drtg":"134.025","bpm":"-1.266"},{"game_id":1091,"team_name":"WAS","player_id":"teamWAS","player_name":"Team name: WAS","ts_pct":"0.617","efg_pct":"0.579","three_par":"0.321","ftr":"0.310","orb_pct":"6.295","drb_pct":"16.282","trb_pct":"11.369","ast_pct":"13.208","stl_pct":"1.247","blk_pct":"2.844","tov_pct":"11.150","usg_pct":"21.346","ortg":"124.157","drtg":"131.027","bpm":"-1.392"}]