[{"game_id":1048,"team_name":"CHI","player_id":"teamCHI","player_name":"Team name: CHI","fg":"40.389","fga":"88.640","fg_pct":"0.456","three_p":"13.046","three_pa":"34.434","three_p_pct":"0.379","ft":"11.857","fta":"15.937","ft_pct":"0.744","orb":"10.257","drb":"35.943","trb":"46.200","ast":"26.451","stl":"6.629","blk":"3.789","tov":"12.589","pf":"19.131","pts":"105.680"},{"game_id":1048,"team_name":"TOR","player_id":"teamTOR","player_name":"Team name: TOR","fg":"39.691","fga":"90.211","fg_pct":"0.440","three_p":"12.720","three_pa":"35.949","three_p_pct":"0.354","ft":"15.389","fta":"20.114","ft_pct":"0.765","orb":"10.611","drb":"30.840","trb":"41.451","ast":"24.200","stl":"9.217","blk":"4.274","tov":"11.800","pf":"20.463","pts":"107.491"}]