[{"game_id":1249,"team_name":"DET","player_id":"teamDET","player_name":"Team name: DET","ts_pct":"0.514","efg_pct":"0.482","three_par":"0.385","ftr":"0.313","orb_pct":"3.857","drb_pct":"15.096","trb_pct":"9.241","ast_pct":"16.053","stl_pct":"1.674","blk_pct":"1.664","tov_pct":"14.123","usg_pct":"20.976","ortg":"103.551","drtg":"123.258","bpm":"-2.463"},{"game_id":1249,"team_name":"BRK","player_id":"teamBRK","player_name":"Team name: BRK","ts_pct":"0.534","efg_pct":"0.491","three_par":"0.401","ftr":"0.413","orb_pct":"5.480","drb_pct":"16.868","trb_pct":"11.063","ast_pct":"15.280","stl_pct":"1.980","blk_pct":"1.515","tov_pct":"19.291","usg_pct":"20.137","ortg":"108.103","drtg":"123.869","bpm":"-0.978"}]