[{"game_id":1240,"team_name":"ORL","player_id":"teamORL","player_name":"Team name: ORL","ts_pct":"0.497","efg_pct":"0.444","three_par":"0.388","ftr":"0.238","orb_pct":"4.474","drb_pct":"17.539","trb_pct":"10.501","ast_pct":"15.189","stl_pct":"1.722","blk_pct":"1.738","tov_pct":"12.422","usg_pct":"20.736","ortg":"100.881","drtg":"109.399","bpm":"-0.609"},{"game_id":1240,"team_name":"MIL","player_id":"teamMIL","player_name":"Team name: MIL","ts_pct":"0.541","efg_pct":"0.509","three_par":"0.529","ftr":"0.277","orb_pct":"3.577","drb_pct":"17.307","trb_pct":"10.575","ast_pct":"14.894","stl_pct":"1.357","blk_pct":"2.764","tov_pct":"12.160","usg_pct":"19.958","ortg":"110.767","drtg":"115.613","bpm":"0.432"}]