[{"game_id":1038,"team_name":"BRK","player_id":"teamBRK","player_name":"Team name: BRK","ts_pct":"0.551","efg_pct":"0.498","three_par":"0.397","ftr":"0.386","orb_pct":"5.401","drb_pct":"15.811","trb_pct":"10.944","ast_pct":"14.701","stl_pct":"1.430","blk_pct":"1.551","tov_pct":"11.457","usg_pct":"18.802","ortg":"113.248","drtg":"112.461","bpm":"0.575"},{"game_id":1038,"team_name":"SAS","player_id":"teamSAS","player_name":"Team name: SAS","ts_pct":"0.585","efg_pct":"0.540","three_par":"0.323","ftr":"0.360","orb_pct":"4.480","drb_pct":"17.089","trb_pct":"10.792","ast_pct":"12.858","stl_pct":"1.607","blk_pct":"1.824","tov_pct":"11.937","usg_pct":"21.232","ortg":"119.770","drtg":"136.665","bpm":"-2.116"}]