[{"game_id":1015,"team_name":"CLE","player_id":"{\"martije02\"}","player_name":"{\"Jeremiah Martin\"}","ts_pct":"0.352","efg_pct":"0.342","three_par":"0.252","ftr":"0.221","orb_pct":"0.000","drb_pct":"12.231","trb_pct":"5.327","ast_pct":"11.429","stl_pct":"3.314","blk_pct":"0.946","tov_pct":"12.825","usg_pct":"29.600","ortg":"68.188","drtg":"121.588","bpm":"-13.453"},{"game_id":1015,"team_name":"CLE","player_id":"{\"sextoco01\"}","player_name":"{\"Collin Sexton\"}","ts_pct":"0.568","efg_pct":"0.521","three_par":"0.238","ftr":"0.365","orb_pct":"6.062","drb_pct":"8.541","trb_pct":"7.366","ast_pct":"23.901","stl_pct":"1.251","blk_pct":"0.985","tov_pct":"11.729","usg_pct":"31.679","ortg":"111.447","drtg":"125.647","bpm":"-0.226"},{"game_id":1015,"team_name":"CLE","player_id":"{\"okorois01\"}","player_name":"{\"Isaac Okoro\"}","ts_pct":"0.532","efg_pct":"0.474","three_par":"0.325","ftr":"0.496","orb_pct":"4.513","drb_pct":"7.781","trb_pct":"5.928","ast_pct":"9.424","stl_pct":"0.947","blk_pct":"0.000","tov_pct":"5.813","usg_pct":"17.131","ortg":"114.871","drtg":"128.200","bpm":"-4.592"},{"game_id":1015,"team_name":"CLE","player_id":"{\"wadede01\"}","player_name":"{\"Dean Wade\"}","ts_pct":"0.550","efg_pct":"0.544","three_par":"0.733","ftr":"0.166","orb_pct":"4.798","drb_pct":"13.494","trb_pct":"8.971","ast_pct":"8.666","stl_pct":"1.068","blk_pct":"0.842","tov_pct":"8.838","usg_pct":"12.424","ortg":"111.141","drtg":"126.047","bpm":"-2.525"},{"game_id":1015,"team_name":"CLE","player_id":"{\"loveke01\"}","player_name":"{\"Kevin Love\"}","ts_pct":"0.483","efg_pct":"0.453","three_par":"0.532","ftr":"0.117","orb_pct":"2.139","drb_pct":"32.431","trb_pct":"16.451","ast_pct":"16.759","stl_pct":"0.884","blk_pct":"0.000","tov_pct":"21.680","usg_pct":"19.879","ortg":"95.106","drtg":"123.612","bpm":"-1.364"},{"game_id":1015,"team_name":"CLE","player_id":"{\"allenja01\"}","player_name":"{\"Jarrett Allen\"}","ts_pct":"0.619","efg_pct":"0.571","three_par":"0.025","ftr":"0.512","orb_pct":"13.167","drb_pct":"26.848","trb_pct":"19.598","ast_pct":"10.320","stl_pct":"1.408","blk_pct":"2.351","tov_pct":"19.196","usg_pct":"16.354","ortg":"115.988","drtg":"121.471","bpm":"-1.388"},{"game_id":1015,"team_name":"CLE","player_id":"benchCLE","player_name":"Bench of CLE","ts_pct":"0.411","efg_pct":"0.413","three_par":"0.442","ftr":"0.264","orb_pct":"4.471","drb_pct":"15.023","trb_pct":"9.390","ast_pct":"12.110","stl_pct":"0.663","blk_pct":"2.005","tov_pct":"12.899","usg_pct":"15.952","ortg":"80.582","drtg":"122.695","bpm":"-7.221"},{"game_id":1015,"team_name":"DAL","player_id":"{\"beyty01\"}","player_name":"{\"Tyler Bey\"}","ts_pct":"0.412","efg_pct":"0.406","three_par":"0.213","ftr":"0.026","orb_pct":"15.445","drb_pct":"15.869","trb_pct":"15.675","ast_pct":"9.442","stl_pct":"0.000","blk_pct":"0.000","tov_pct":"9.653","usg_pct":"20.019","ortg":"99.271","drtg":"110.953","bpm":"-6.920"},{"game_id":1015,"team_name":"DAL","player_id":"{\"marjabo01\"}","player_name":"{\"Boban Marjanović\"}","ts_pct":"0.562","efg_pct":"0.454","three_par":"0.043","ftr":"0.571","orb_pct":"20.808","drb_pct":"33.418","trb_pct":"26.228","ast_pct":"5.828","stl_pct":"0.593","blk_pct":"2.726","tov_pct":"2.259","usg_pct":"19.140","ortg":"134.965","drtg":"106.776","bpm":"-0.578"},{"game_id":1015,"team_name":"DAL","player_id":"{\"hintona01\"}","player_name":"{\"Nate Hinton\"}","ts_pct":"0.415","efg_pct":"0.365","three_par":"0.163","ftr":"0.194","orb_pct":"5.459","drb_pct":"18.167","trb_pct":"12.422","ast_pct":"7.601","stl_pct":"1.831","blk_pct":"1.040","tov_pct":"5.739","usg_pct":"11.308","ortg":"84.235","drtg":"103.906","bpm":"1.729"},{"game_id":1015,"team_name":"DAL","player_id":"{\"hardati02\"}","player_name":"{\"Tim Hardaway Jr.\"}","ts_pct":"0.607","efg_pct":"0.572","three_par":"0.563","ftr":"0.246","orb_pct":"1.271","drb_pct":"11.860","trb_pct":"6.669","ast_pct":"10.954","stl_pct":"0.635","blk_pct":"0.616","tov_pct":"5.562","usg_pct":"27.054","ortg":"120.824","drtg":"113.812","bpm":"1.502"},{"game_id":1015,"team_name":"DAL","player_id":"{\"poweldw01\"}","player_name":"{\"Dwight Powell\"}","ts_pct":"0.800","efg_pct":"0.773","three_par":"0.024","ftr":"0.971","orb_pct":"10.361","drb_pct":"19.661","trb_pct":"14.994","ast_pct":"9.813","stl_pct":"1.980","blk_pct":"4.062","tov_pct":"13.822","usg_pct":"14.356","ortg":"154.918","drtg":"106.494","bpm":"3.856"},{"game_id":1015,"team_name":"DAL","player_id":"{\"richajo01\"}","player_name":"{\"Josh Richardson\"}","ts_pct":"0.537","efg_pct":"0.509","three_par":"0.365","ftr":"0.119","orb_pct":"2.848","drb_pct":"8.780","trb_pct":"5.533","ast_pct":"10.459","stl_pct":"2.989","blk_pct":"1.460","tov_pct":"9.696","usg_pct":"20.912","ortg":"108.388","drtg":"112.918","bpm":"-0.711"},{"game_id":1015,"team_name":"DAL","player_id":"benchDAL","player_name":"Bench of DAL","ts_pct":"0.531","efg_pct":"0.516","three_par":"0.428","ftr":"0.270","orb_pct":"4.769","drb_pct":"15.234","trb_pct":"9.909","ast_pct":"14.344","stl_pct":"1.603","blk_pct":"1.176","tov_pct":"10.431","usg_pct":"19.136","ortg":"108.557","drtg":"112.017","bpm":"-1.537"}]