[{"game_id":1129,"team_name":"BRK","player_id":"teamBRK","player_name":"Team name: BRK","fg":"42.937","fga":"83.126","fg_pct":"0.517","three_p":"14.314","three_pa":"32.594","three_p_pct":"0.439","ft":"21.611","fta":"25.446","ft_pct":"0.849","orb":"8.411","drb":"33.891","trb":"42.303","ast":"26.966","stl":"6.851","blk":"7.171","tov":"10.520","pf":"21.726","pts":"121.800"},{"game_id":1129,"team_name":"MIL","player_id":"teamMIL","player_name":"Team name: MIL","fg":"45.309","fga":"93.731","fg_pct":"0.483","three_p":"12.891","three_pa":"38.497","three_p_pct":"0.335","ft":"18.657","fta":"24.611","ft_pct":"0.758","orb":"12.606","drb":"40.554","trb":"53.160","ast":"25.640","stl":"7.571","blk":"3.714","tov":"12.634","pf":"16.737","pts":"122.166"}]