[{"game_id":115,"team_name":"GSW","player_id":"teamGSW","player_name":"Team name: GSW","ts_pct":"0.638","efg_pct":"0.576","three_par":"0.493","ftr":"0.465","orb_pct":"3.531","drb_pct":"18.196","trb_pct":"10.979","ast_pct":"17.472","stl_pct":"1.364","blk_pct":"2.486","tov_pct":"13.557","usg_pct":"21.632","ortg":"127.283","drtg":"132.830","bpm":"-1.419"},{"game_id":115,"team_name":"LAC","player_id":"teamLAC","player_name":"Team name: LAC","ts_pct":"0.624","efg_pct":"0.597","three_par":"0.445","ftr":"0.299","orb_pct":"4.614","drb_pct":"18.329","trb_pct":"11.507","ast_pct":"16.530","stl_pct":"1.382","blk_pct":"2.354","tov_pct":"12.739","usg_pct":"21.313","ortg":"124.999","drtg":"139.323","bpm":"-1.630"}]