[{"game_id":103,"team_name":"DEN","player_id":"{\"jokicni01\"}","player_name":"{\"Nikola Jokić\"}","ts_pct":"0.684","efg_pct":"0.644","three_par":"0.207","ftr":"0.333","orb_pct":"9.695","drb_pct":"25.531","trb_pct":"17.713","ast_pct":"49.362","stl_pct":"2.129","blk_pct":"0.827","tov_pct":"20.391","usg_pct":"25.348","ortg":"129.141","drtg":"113.471","bpm":"10.898"},{"game_id":103,"team_name":"DEN","player_id":"{\"bartowi01\"}","player_name":"{\"Will Barton\"}","ts_pct":"0.452","efg_pct":"0.440","three_par":"0.384","ftr":"0.129","orb_pct":"3.139","drb_pct":"18.555","trb_pct":"10.838","ast_pct":"14.568","stl_pct":"1.178","blk_pct":"3.152","tov_pct":"6.380","usg_pct":"19.762","ortg":"101.176","drtg":"114.671","bpm":"-1.720"},{"game_id":103,"team_name":"DEN","player_id":"{\"harriga01\"}","player_name":"{\"Gary Harris\"}","ts_pct":"0.372","efg_pct":"0.351","three_par":"0.469","ftr":"0.113","orb_pct":"0.447","drb_pct":"7.799","trb_pct":"3.979","ast_pct":"5.860","stl_pct":"1.419","blk_pct":"0.720","tov_pct":"11.789","usg_pct":"14.978","ortg":"74.200","drtg":"119.482","bpm":"-9.324"},{"game_id":103,"team_name":"DEN","player_id":"{\"murraja01\"}","player_name":"{\"Jamal Murray\"}","ts_pct":"0.613","efg_pct":"0.560","three_par":"0.399","ftr":"0.377","orb_pct":"3.912","drb_pct":"10.864","trb_pct":"7.439","ast_pct":"20.575","stl_pct":"1.431","blk_pct":"0.871","tov_pct":"12.181","usg_pct":"26.293","ortg":"117.788","drtg":"117.659","bpm":"3.224"},{"game_id":103,"team_name":"DEN","player_id":"{\"campafa01\"}","player_name":"{\"Facundo Campazzo\"}","ts_pct":"0.522","efg_pct":"0.384","three_par":"0.482","ftr":"0.751","orb_pct":"0.000","drb_pct":"8.819","trb_pct":"4.722","ast_pct":"10.322","stl_pct":"2.768","blk_pct":"0.867","tov_pct":"28.411","usg_pct":"15.076","ortg":"97.873","drtg":"115.746","bpm":"-6.117"},{"game_id":103,"team_name":"DEN","player_id":"{\"morrimo01\"}","player_name":"{\"Monte Morris\"}","ts_pct":"0.612","efg_pct":"0.572","three_par":"0.360","ftr":"0.392","orb_pct":"1.429","drb_pct":"8.714","trb_pct":"5.136","ast_pct":"18.061","stl_pct":"0.695","blk_pct":"0.778","tov_pct":"4.194","usg_pct":"16.488","ortg":"132.459","drtg":"120.765","bpm":"0.931"},{"game_id":103,"team_name":"DEN","player_id":"benchDEN","player_name":"Bench of DEN","ts_pct":"0.576","efg_pct":"0.550","three_par":"0.353","ftr":"0.277","orb_pct":"10.430","drb_pct":"15.943","trb_pct":"14.203","ast_pct":"7.111","stl_pct":"0.633","blk_pct":"1.004","tov_pct":"12.586","usg_pct":"18.525","ortg":"105.745","drtg":"117.405","bpm":"-5.686"},{"game_id":103,"team_name":"MIN","player_id":"{\"beaslma01\"}","player_name":"{\"Malik Beasley\"}","ts_pct":"0.571","efg_pct":"0.536","three_par":"0.392","ftr":"0.187","orb_pct":"1.922","drb_pct":"17.100","trb_pct":"8.634","ast_pct":"7.456","stl_pct":"0.922","blk_pct":"0.826","tov_pct":"6.576","usg_pct":"24.049","ortg":"111.282","drtg":"120.918","bpm":"-0.568"},{"game_id":103,"team_name":"MIN","player_id":"{\"russeda01\"}","player_name":"{\"D'Angelo Russell\"}","ts_pct":"0.498","efg_pct":"0.485","three_par":"0.464","ftr":"0.153","orb_pct":"2.049","drb_pct":"12.200","trb_pct":"6.766","ast_pct":"23.905","stl_pct":"2.342","blk_pct":"1.191","tov_pct":"19.758","usg_pct":"29.167","ortg":"90.247","drtg":"118.318","bpm":"-4.295"},{"game_id":103,"team_name":"MIN","player_id":"{\"hernaju01\"}","player_name":"{\"Juancho Hernangómez\"}","ts_pct":"0.366","efg_pct":"0.360","three_par":"0.511","ftr":"0.137","orb_pct":"4.382","drb_pct":"25.260","trb_pct":"13.894","ast_pct":"2.496","stl_pct":"1.129","blk_pct":"0.765","tov_pct":"5.755","usg_pct":"14.901","ortg":"83.741","drtg":"119.588","bpm":"-8.199"},{"game_id":103,"team_name":"MIN","player_id":"{\"edwaran01\"}","player_name":"{\"Anthony Edwards\"}","ts_pct":"0.556","efg_pct":"0.543","three_par":"0.529","ftr":"0.105","orb_pct":"1.911","drb_pct":"5.873","trb_pct":"3.730","ast_pct":"13.138","stl_pct":"1.308","blk_pct":"1.222","tov_pct":"13.176","usg_pct":"23.256","ortg":"104.635","drtg":"123.365","bpm":"-2.498"},{"game_id":103,"team_name":"MIN","player_id":"{\"vandeja01\"}","player_name":"{\"Jarred Vanderbilt\"}","ts_pct":"0.456","efg_pct":"0.398","three_par":"0.106","ftr":"0.467","orb_pct":"9.988","drb_pct":"16.326","trb_pct":"12.616","ast_pct":"10.589","stl_pct":"3.780","blk_pct":"2.522","tov_pct":"20.001","usg_pct":"13.101","ortg":"81.400","drtg":"114.176","bpm":"0.021"},{"game_id":103,"team_name":"MIN","player_id":"{\"culveja01\"}","player_name":"{\"Jarrett Culver\"}","ts_pct":"0.516","efg_pct":"0.513","three_par":"0.307","ftr":"0.240","orb_pct":"9.066","drb_pct":"16.394","trb_pct":"12.341","ast_pct":"4.158","stl_pct":"1.761","blk_pct":"0.780","tov_pct":"13.427","usg_pct":"19.165","ortg":"100.447","drtg":"118.624","bpm":"-4.844"},{"game_id":103,"team_name":"MIN","player_id":"benchMIN","player_name":"Bench of MIN","ts_pct":"0.481","efg_pct":"0.444","three_par":"0.263","ftr":"0.284","orb_pct":"7.053","drb_pct":"14.697","trb_pct":"10.661","ast_pct":"17.128","stl_pct":"1.826","blk_pct":"1.900","tov_pct":"10.417","usg_pct":"16.256","ortg":"115.566","drtg":"118.543","bpm":"-1.488"}]