[{"game_id":101,"team_name":"BRK","player_id":"teamBRK","player_name":"Team name: BRK","fg":"39.469","fga":"88.931","fg_pct":"0.444","three_p":"14.817","three_pa":"39.971","three_p_pct":"0.371","ft":"20.971","fta":"26.234","ft_pct":"0.799","orb":"9.469","drb":"37.011","trb":"46.480","ast":"24.069","stl":"6.640","blk":"6.251","tov":"15.817","pf":"20.183","pts":"114.726"},{"game_id":101,"team_name":"UTA","player_id":"teamUTA","player_name":"Team name: UTA","fg":"39.526","fga":"84.920","fg_pct":"0.465","three_p":"14.691","three_pa":"37.411","three_p_pct":"0.393","ft":"15.640","fta":"21.309","ft_pct":"0.734","orb":"9.931","drb":"36.783","trb":"46.714","ast":"21.371","stl":"5.503","blk":"4.211","tov":"13.989","pf":"18.057","pts":"109.383"}]