[{"game_id":1252,"team_name":"WAS","player_id":"{\"robinju01\"}","player_name":"{\"Justin Robinson\"}","fg":"0.000","fga":"0.000","fg_pct":"NaN","three_p":"0.000","three_pa":"0.000","three_p_pct":"NaN","ft":"0.000","fta":"0.000","ft_pct":"NaN","orb":"0.000","drb":"0.000","trb":"0.000","ast":"0.000","stl":"0.000","blk":"0.000","tov":"0.000","pf":"0.000","pts":"0.000"},{"game_id":1252,"team_name":"WAS","player_id":"{\"smithis01\"}","player_name":"{\"Ish Smith\"}","fg":"3.553","fga":"9.200","fg_pct":"0.386","three_p":"0.541","three_pa":"2.506","three_p_pct":"0.216","ft":"0.553","fta":"1.176","ft_pct":"0.470","orb":"0.482","drb":"2.153","trb":"2.635","ast":"3.694","stl":"0.518","blk":"0.188","tov":"0.906","pf":"2.176","pts":"8.200"},{"game_id":1252,"team_name":"WAS","player_id":"{\"wagnemo01\"}","player_name":"{\"Moritz Wagner\"}","fg":"3.529","fga":"6.906","fg_pct":"0.511","three_p":"0.788","three_pa":"2.424","three_p_pct":"0.325","ft":"1.635","fta":"2.024","ft_pct":"0.808","orb":"0.871","drb":"3.106","trb":"3.976","ast":"0.541","stl":"0.294","blk":"0.871","tov":"2.706","pf":"2.906","pts":"9.482"},{"game_id":1252,"team_name":"WAS","player_id":"{\"bealbr01\"}","player_name":"{\"Bradley Beal\"}","fg":"8.447","fga":"20.094","fg_pct":"0.420","three_p":"2.729","three_pa":"8.012","three_p_pct":"0.341","ft":"4.294","fta":"5.294","ft_pct":"0.811","orb":"0.800","drb":"3.929","trb":"4.729","ast":"6.306","stl":"1.376","blk":"0.412","tov":"2.400","pf":"2.165","pts":"23.918"},{"game_id":1252,"team_name":"WAS","player_id":"{\"bertada01\"}","player_name":"{\"Dāvis Bertāns\"}","fg":"3.506","fga":"6.741","fg_pct":"0.520","three_p":"2.624","three_pa":"5.247","three_p_pct":"0.500","ft":"1.047","fta":"1.341","ft_pct":"0.781","orb":"0.000","drb":"2.365","trb":"2.365","ast":"1.141","stl":"0.247","blk":"0.200","tov":"0.482","pf":"2.376","pts":"10.682"},{"game_id":1252,"team_name":"WAS","player_id":"{\"hachiru01\"}","player_name":"{\"Rui Hachimura\"}","fg":"8.065","fga":"15.935","fg_pct":"0.506","three_p":"0.848","three_pa":"2.717","three_p_pct":"0.312","ft":"1.283","fta":"1.283","ft_pct":"1.000","orb":"2.457","drb":"4.413","trb":"6.870","ast":"1.261","stl":"0.500","blk":"0.261","tov":"1.043","pf":"1.239","pts":"18.261"},{"game_id":1252,"team_name":"WAS","player_id":"benchWAS","player_name":"Bench of WAS","fg":"3.473","fga":"7.410","fg_pct":"0.469","three_p":"0.858","three_pa":"2.648","three_p_pct":"0.324","ft":"1.157","fta":"1.596","ft_pct":"0.725","orb":"1.103","drb":"3.237","trb":"4.340","ast":"2.160","stl":"0.536","blk":"0.510","tov":"1.081","pf":"1.676","pts":"8.960"},{"game_id":1252,"team_name":"MIN","player_id":"{\"okogijo01\"}","player_name":"{\"Josh Okogie\"}","fg":"2.353","fga":"5.259","fg_pct":"0.447","three_p":"0.447","three_pa":"1.600","three_p_pct":"0.279","ft":"1.859","fta":"2.635","ft_pct":"0.706","orb":"0.859","drb":"2.376","trb":"3.235","ast":"1.824","stl":"1.812","blk":"0.400","tov":"0.988","pf":"2.153","pts":"7.012"},{"game_id":1252,"team_name":"MIN","player_id":"{\"teaguje01\"}","player_name":"{\"Jeff Teague\"}","fg":"4.565","fga":"10.071","fg_pct":"0.453","three_p":"0.882","three_pa":"3.047","three_p_pct":"0.289","ft":"3.753","fta":"4.518","ft_pct":"0.831","orb":"0.188","drb":"2.071","trb":"2.259","ast":"7.035","stl":"0.918","blk":"0.329","tov":"2.129","pf":"2.412","pts":"13.765"},{"game_id":1252,"team_name":"MIN","player_id":"{\"laymaja01\"}","player_name":"{\"Jake Layman\"}","fg":"1.941","fga":"5.294","fg_pct":"0.367","three_p":"0.753","three_pa":"2.647","three_p_pct":"0.284","ft":"0.188","fta":"0.424","ft_pct":"0.443","orb":"0.388","drb":"1.094","trb":"1.482","ast":"0.400","stl":"0.294","blk":"0.400","tov":"0.529","pf":"1.588","pts":"4.824"},{"game_id":1252,"team_name":"MIN","player_id":"{\"wiggian01\"}","player_name":"{\"Andrew Wiggins\"}","fg":"7.882","fga":"17.376","fg_pct":"0.454","three_p":"1.718","three_pa":"5.635","three_p_pct":"0.305","ft":"3.000","fta":"3.729","ft_pct":"0.805","orb":"1.506","drb":"3.435","trb":"4.941","ast":"2.271","stl":"0.624","blk":"0.471","tov":"1.659","pf":"2.071","pts":"20.482"},{"game_id":1252,"team_name":"MIN","player_id":"{\"culveja01\"}","player_name":"{\"Jarrett Culver\"}","fg":"1.261","fga":"4.848","fg_pct":"0.260","three_p":"0.283","three_pa":"2.326","three_p_pct":"0.122","ft":"0.283","fta":"1.391","ft_pct":"0.203","orb":"0.457","drb":"0.478","trb":"0.935","ast":"0.783","stl":"0.739","blk":"0.000","tov":"0.978","pf":"1.043","pts":"3.087"},{"game_id":1252,"team_name":"MIN","player_id":"{\"dienggo01\"}","player_name":"{\"Gorgui Dieng\"}","fg":"5.035","fga":"9.741","fg_pct":"0.517","three_p":"0.565","three_pa":"1.424","three_p_pct":"0.397","ft":"1.635","fta":"2.047","ft_pct":"0.799","orb":"1.541","drb":"3.859","trb":"5.400","ast":"1.871","stl":"1.024","blk":"0.482","tov":"1.835","pf":"1.941","pts":"12.271"},{"game_id":1252,"team_name":"MIN","player_id":"benchMIN","player_name":"Bench of MIN","fg":"2.584","fga":"6.236","fg_pct":"0.414","three_p":"0.884","three_pa":"3.113","three_p_pct":"0.284","ft":"1.570","fta":"1.908","ft_pct":"0.823","orb":"0.975","drb":"2.654","trb":"3.629","ast":"1.833","stl":"0.836","blk":"0.389","tov":"1.086","pf":"1.772","pts":"7.622"}]