[{"game_id":1030,"team_name":"CHI","player_id":"teamCHI","player_name":"Team name: CHI","fg":"40.754","fga":"87.509","fg_pct":"0.466","three_p":"12.446","three_pa":"33.789","three_p_pct":"0.368","ft":"11.686","fta":"15.829","ft_pct":"0.738","orb":"10.337","drb":"36.297","trb":"46.634","ast":"27.446","stl":"7.069","blk":"3.491","tov":"13.411","pf":"18.629","pts":"105.640"},{"game_id":1030,"team_name":"BRK","player_id":"teamBRK","player_name":"Team name: BRK","fg":"41.126","fga":"86.823","fg_pct":"0.474","three_p":"14.811","three_pa":"37.549","three_p_pct":"0.394","ft":"19.383","fta":"23.349","ft_pct":"0.830","orb":"8.520","drb":"36.383","trb":"44.903","ast":"24.171","stl":"6.874","blk":"4.594","tov":"12.623","pf":"18.994","pts":"116.446"}]