[{"game_id":105,"team_name":"POR","player_id":"{\"simonan01\"}","player_name":"{\"Anfernee Simons\"}","fg":"1.706","fga":"5.412","fg_pct":"0.315","three_p":"1.400","three_pa":"3.776","three_p_pct":"0.371","ft":"0.753","fta":"0.953","ft_pct":"0.790","orb":"0.094","drb":"2.000","trb":"2.094","ast":"1.071","stl":"0.612","blk":"0.212","tov":"0.329","pf":"1.635","pts":"5.565"},{"game_id":105,"team_name":"POR","player_id":"{\"gilesha01\"}","player_name":"{\"Harry Giles\"}","fg":"2.376","fga":"4.859","fg_pct":"0.489","three_p":"0.129","three_pa":"0.424","three_p_pct":"0.304","ft":"0.529","fta":"0.871","ft_pct":"0.607","orb":"0.941","drb":"3.071","trb":"4.012","ast":"1.153","stl":"0.082","blk":"0.800","tov":"1.259","pf":"2.118","pts":"5.412"},{"game_id":105,"team_name":"POR","player_id":"{\"lillada01\"}","player_name":"{\"Damian Lillard\"}","fg":"7.776","fga":"18.388","fg_pct":"0.423","three_p":"3.753","three_pa":"9.918","three_p_pct":"0.378","ft":"6.824","fta":"7.271","ft_pct":"0.939","orb":"0.282","drb":"3.765","trb":"4.047","ast":"5.576","stl":"0.612","blk":"0.259","tov":"3.541","pf":"1.600","pts":"26.129"},{"game_id":105,"team_name":"POR","player_id":"{\"covinro01\"}","player_name":"{\"Robert Covington\"}","fg":"2.235","fga":"5.941","fg_pct":"0.376","three_p":"1.412","three_pa":"4.106","three_p_pct":"0.344","ft":"0.729","fta":"0.824","ft_pct":"0.885","orb":"0.341","drb":"4.647","trb":"4.988","ast":"1.412","stl":"1.824","blk":"0.435","tov":"1.153","pf":"2.776","pts":"6.612"},{"game_id":105,"team_name":"POR","player_id":"{\"mccolcj01\"}","player_name":"{\"CJ McCollum\"}","fg":"9.812","fga":"21.435","fg_pct":"0.458","three_p":"4.035","three_pa":"9.671","three_p_pct":"0.417","ft":"3.482","fta":"4.353","ft_pct":"0.800","orb":"0.729","drb":"3.906","trb":"4.635","ast":"5.235","stl":"1.659","blk":"0.341","tov":"1.247","pf":"1.871","pts":"27.141"},{"game_id":105,"team_name":"POR","player_id":"{\"jonesde02\"}","player_name":"{\"Derrick Jones Jr.\"}","fg":"1.494","fga":"4.494","fg_pct":"0.332","three_p":"0.553","three_pa":"1.882","three_p_pct":"0.294","ft":"0.988","fta":"1.741","ft_pct":"0.567","orb":"1.024","drb":"1.941","trb":"2.965","ast":"0.647","stl":"0.941","blk":"0.459","tov":"0.565","pf":"2.612","pts":"4.529"},{"game_id":105,"team_name":"POR","player_id":"benchPOR","player_name":"Bench of POR","fg":"4.162","fga":"8.982","fg_pct":"0.463","three_p":"1.060","three_pa":"2.605","three_p_pct":"0.407","ft":"2.153","fta":"2.782","ft_pct":"0.774","orb":"1.454","drb":"4.062","trb":"5.516","ast":"1.526","stl":"0.772","blk":"0.326","tov":"1.262","pf":"2.671","pts":"11.537"},{"game_id":105,"team_name":"CHI","player_id":"{\"gaffoda01\"}","player_name":"{\"Daniel Gafford\"}","fg":"2.353","fga":"3.106","fg_pct":"0.758","three_p":"0.000","three_pa":"0.000","three_p_pct":"NaN","ft":"2.071","fta":"2.953","ft_pct":"0.701","orb":"1.376","drb":"1.388","trb":"2.765","ast":"0.824","stl":"0.541","blk":"1.035","tov":"0.612","pf":"2.353","pts":"6.776"},{"game_id":105,"team_name":"CHI","player_id":"{\"lavinza01\"}","player_name":"{\"Zach LaVine\"}","fg":"9.424","fga":"20.035","fg_pct":"0.470","three_p":"2.612","three_pa":"8.059","three_p_pct":"0.324","ft":"4.976","fta":"6.071","ft_pct":"0.820","orb":"0.482","drb":"4.341","trb":"4.824","ast":"4.118","stl":"1.729","blk":"0.529","tov":"4.282","pf":"3.247","pts":"26.435"},{"game_id":105,"team_name":"CHI","player_id":"{\"whiteco01\"}","player_name":"{\"Coby White\"}","fg":"5.812","fga":"14.976","fg_pct":"0.388","three_p":"2.718","three_pa":"7.518","three_p_pct":"0.362","ft":"2.918","fta":"3.447","ft_pct":"0.847","orb":"0.376","drb":"4.518","trb":"4.894","ast":"5.529","stl":"0.271","blk":"0.094","tov":"3.471","pf":"2.424","pts":"17.259"},{"game_id":105,"team_name":"CHI","player_id":"{\"templga01\"}","player_name":"{\"Garrett Temple\"}","fg":"2.647","fga":"7.541","fg_pct":"0.351","three_p":"1.282","three_pa":"5.071","three_p_pct":"0.253","ft":"0.647","fta":"0.965","ft_pct":"0.670","orb":"0.529","drb":"1.835","trb":"2.365","ast":"1.965","stl":"0.624","blk":"0.082","tov":"0.976","pf":"2.929","pts":"7.224"},{"game_id":105,"team_name":"CHI","player_id":"{\"porteot01\"}","player_name":"{\"Otto Porter Jr.\"}","fg":"5.047","fga":"10.800","fg_pct":"0.467","three_p":"2.176","three_pa":"5.259","three_p_pct":"0.414","ft":"2.953","fta":"3.294","ft_pct":"0.896","orb":"1.306","drb":"4.541","trb":"5.847","ast":"1.988","stl":"1.376","blk":"0.047","tov":"1.306","pf":"2.188","pts":"15.224"},{"game_id":105,"team_name":"CHI","player_id":"{\"cartewe01\"}","player_name":"{\"Wendell Carter Jr.\"}","fg":"4.412","fga":"8.000","fg_pct":"0.551","three_p":"0.376","three_pa":"1.200","three_p_pct":"0.313","ft":"2.471","fta":"3.824","ft_pct":"0.646","orb":"1.529","drb":"5.624","trb":"7.153","ast":"2.012","stl":"0.424","blk":"0.459","tov":"1.835","pf":"3.871","pts":"11.671"},{"game_id":105,"team_name":"CHI","player_id":"benchCHI","player_name":"Bench of CHI","fg":"3.939","fga":"8.533","fg_pct":"0.462","three_p":"1.113","three_pa":"3.112","three_p_pct":"0.358","ft":"0.896","fta":"1.270","ft_pct":"0.706","orb":"0.848","drb":"2.763","trb":"3.611","ast":"1.586","stl":"1.247","blk":"0.647","tov":"1.498","pf":"1.954","pts":"9.886"}]