[{"game_id":1078,"team_name":"OKC","player_id":"teamOKC","player_name":"Team name: OKC","ts_pct":"0.522","efg_pct":"0.492","three_par":"0.321","ftr":"0.314","orb_pct":"4.985","drb_pct":"16.831","trb_pct":"10.303","ast_pct":"15.055","stl_pct":"1.603","blk_pct":"1.215","tov_pct":"13.781","usg_pct":"20.036","ortg":"105.187","drtg":"125.059","bpm":"-3.884"},{"game_id":1078,"team_name":"LAC","player_id":"teamLAC","player_name":"Team name: LAC","ts_pct":"0.690","efg_pct":"0.656","three_par":"0.470","ftr":"0.286","orb_pct":"6.083","drb_pct":"18.884","trb_pct":"12.908","ast_pct":"18.670","stl_pct":"1.790","blk_pct":"1.855","tov_pct":"14.924","usg_pct":"21.815","ortg":"134.649","drtg":"126.386","bpm":"1.673"}]