[{"game_id":1073,"team_name":"PHI","player_id":"{\"clarkga01\"}","player_name":"{\"Gary Clark\"}","fg":"0.729","fga":"1.953","fg_pct":"0.373","three_p":"0.576","three_pa":"1.388","three_p_pct":"0.415","ft":"0.000","fta":"0.082","ft_pct":"0.000","orb":"0.306","drb":"1.482","trb":"1.788","ast":"0.565","stl":"0.294","blk":"0.176","tov":"0.153","pf":"0.447","pts":"2.035"},{"game_id":1073,"team_name":"PHI","player_id":"{\"maxeyty01\"}","player_name":"{\"Tyrese Maxey\"}","fg":"3.529","fga":"7.600","fg_pct":"0.464","three_p":"0.576","three_pa":"1.871","three_p_pct":"0.308","ft":"1.847","fta":"2.141","ft_pct":"0.863","orb":"0.235","drb":"2.094","trb":"2.329","ast":"3.541","stl":"0.812","blk":"0.424","tov":"0.812","pf":"1.624","pts":"9.482"},{"game_id":1073,"team_name":"PHI","player_id":"{\"joeis01\"}","player_name":"{\"Isaiah Joe\"}","fg":"1.459","fga":"2.812","fg_pct":"0.519","three_p":"1.176","three_pa":"2.329","three_p_pct":"0.505","ft":"0.318","fta":"0.565","ft_pct":"0.563","orb":"0.000","drb":"0.412","trb":"0.412","ast":"0.082","stl":"0.212","blk":"0.000","tov":"0.376","pf":"0.529","pts":"4.412"},{"game_id":1073,"team_name":"PHI","player_id":"{\"miltosh01\"}","player_name":"{\"Shake Milton\"}","fg":"3.929","fga":"8.365","fg_pct":"0.470","three_p":"0.812","three_pa":"2.647","three_p_pct":"0.307","ft":"2.024","fta":"2.600","ft_pct":"0.778","orb":"0.412","drb":"2.071","trb":"2.482","ast":"2.894","stl":"0.506","blk":"0.259","tov":"1.047","pf":"1.471","pts":"10.694"},{"game_id":1073,"team_name":"PHI","player_id":"{\"scottmi01\"}","player_name":"{\"Mike Scott\"}","fg":"1.271","fga":"3.859","fg_pct":"0.329","three_p":"0.906","three_pa":"2.388","three_p_pct":"0.379","ft":"0.000","fta":"0.000","ft_pct":"NaN","orb":"0.282","drb":"1.365","trb":"1.647","ast":"0.953","stl":"0.247","blk":"0.824","tov":"0.129","pf":"0.800","pts":"3.447"},{"game_id":1073,"team_name":"PHI","player_id":"{\"reedpa01\"}","player_name":"{\"Paul Reed\"}","fg":"1.471","fga":"2.282","fg_pct":"0.645","three_p":"0.000","three_pa":"0.000","three_p_pct":"NaN","ft":"0.000","fta":"0.000","ft_pct":"NaN","orb":"0.929","drb":"1.024","trb":"1.953","ast":"0.388","stl":"0.459","blk":"0.459","tov":"0.247","pf":"1.129","pts":"2.941"},{"game_id":1073,"team_name":"PHI","player_id":"benchPHI","player_name":"Bench of PHI","fg":"1.709","fga":"4.112","fg_pct":"0.416","three_p":"0.540","three_pa":"1.740","three_p_pct":"0.310","ft":"0.979","fta":"1.369","ft_pct":"0.715","orb":"0.848","drb":"1.854","trb":"2.702","ast":"1.194","stl":"0.461","blk":"0.212","tov":"0.644","pf":"1.127","pts":"4.937"},{"game_id":1073,"team_name":"ORL","player_id":"{\"anthoco01\"}","player_name":"{\"Cole Anthony\"}","fg":"5.012","fga":"12.118","fg_pct":"0.414","three_p":"1.506","three_pa":"3.682","three_p_pct":"0.409","ft":"2.188","fta":"2.788","ft_pct":"0.785","orb":"0.529","drb":"4.459","trb":"4.988","ast":"3.153","stl":"0.612","blk":"0.106","tov":"3.282","pf":"1.906","pts":"13.718"},{"game_id":1073,"team_name":"ORL","player_id":"{\"wagnemo01\"}","player_name":"{\"Moritz Wagner\"}","fg":"3.471","fga":"8.765","fg_pct":"0.396","three_p":"1.565","three_pa":"4.200","three_p_pct":"0.373","ft":"2.200","fta":"2.471","ft_pct":"0.890","orb":"1.235","drb":"3.941","trb":"5.176","ast":"1.082","stl":"0.294","blk":"0.718","tov":"1.294","pf":"3.224","pts":"10.706"},{"game_id":1073,"team_name":"ORL","player_id":"{\"brazdig01\"}","player_name":"{\"Ignas Brazdeikis\"}","fg":"3.906","fga":"8.635","fg_pct":"0.452","three_p":"1.129","three_pa":"2.918","three_p_pct":"0.387","ft":"0.729","fta":"1.035","ft_pct":"0.704","orb":"1.176","drb":"2.906","trb":"4.082","ast":"1.471","stl":"0.294","blk":"0.447","tov":"1.094","pf":"2.082","pts":"9.671"},{"game_id":1073,"team_name":"ORL","player_id":"{\"bacondw01\"}","player_name":"{\"Dwayne Bacon\"}","fg":"4.624","fga":"12.212","fg_pct":"0.379","three_p":"0.376","three_pa":"2.588","three_p_pct":"0.145","ft":"2.718","fta":"3.529","ft_pct":"0.770","orb":"0.824","drb":"2.624","trb":"3.447","ast":"1.871","stl":"0.871","blk":"0.094","tov":"0.682","pf":"1.153","pts":"12.341"},{"game_id":1073,"team_name":"ORL","player_id":"{\"halldo01\"}","player_name":"{\"Donta Hall\"}","fg":"2.129","fga":"2.812","fg_pct":"0.757","three_p":"0.000","three_pa":"0.000","three_p_pct":"NaN","ft":"1.541","fta":"2.294","ft_pct":"0.672","orb":"1.729","drb":"2.518","trb":"4.247","ast":"0.412","stl":"0.282","blk":"0.424","tov":"0.506","pf":"1.329","pts":"5.800"},{"game_id":1073,"team_name":"ORL","player_id":"{\"randlch01\"}","player_name":"{\"Chasson Randle\"}","fg":"2.988","fga":"8.035","fg_pct":"0.372","three_p":"1.153","three_pa":"4.247","three_p_pct":"0.271","ft":"1.718","fta":"2.129","ft_pct":"0.807","orb":"0.424","drb":"2.541","trb":"2.965","ast":"1.341","stl":"0.765","blk":"0.388","tov":"0.882","pf":"1.424","pts":"8.847"},{"game_id":1073,"team_name":"ORL","player_id":"benchORL","player_name":"Bench of ORL","fg":"2.863","fga":"7.213","fg_pct":"0.397","three_p":"0.795","three_pa":"3.003","three_p_pct":"0.265","ft":"1.110","fta":"1.497","ft_pct":"0.741","orb":"1.094","drb":"3.361","trb":"4.455","ast":"1.686","stl":"0.744","blk":"1.006","tov":"0.908","pf":"1.611","pts":"7.631"}]