[{"game_id":1103,"team_name":"MIA","player_id":"teamMIA","player_name":"Team name: MIA","ts_pct":"0.589","efg_pct":"0.571","three_par":"0.447","ftr":"0.264","orb_pct":"4.764","drb_pct":"15.584","trb_pct":"10.121","ast_pct":"16.759","stl_pct":"1.418","blk_pct":"1.927","tov_pct":"12.329","usg_pct":"21.075","ortg":"122.977","drtg":"127.955","bpm":"-0.616"},{"game_id":1103,"team_name":"MIL","player_id":"teamMIL","player_name":"Team name: MIL","ts_pct":"0.566","efg_pct":"0.531","three_par":"0.500","ftr":"0.302","orb_pct":"6.429","drb_pct":"15.889","trb_pct":"11.213","ast_pct":"13.995","stl_pct":"1.549","blk_pct":"1.577","tov_pct":"11.091","usg_pct":"19.893","ortg":"124.637","drtg":"124.987","bpm":"0.064"}]