[{"game_id":123,"team_name":"BOS","player_id":"teamBOS","player_name":"Team name: BOS","ts_pct":"0.569","efg_pct":"0.549","three_par":"0.352","ftr":"0.303","orb_pct":"6.321","drb_pct":"16.627","trb_pct":"11.299","ast_pct":"12.572","stl_pct":"1.719","blk_pct":"2.759","tov_pct":"14.421","usg_pct":"19.546","ortg":"111.004","drtg":"120.117","bpm":"-1.281"},{"game_id":123,"team_name":"WAS","player_id":"teamWAS","player_name":"Team name: WAS","ts_pct":"0.607","efg_pct":"0.574","three_par":"0.450","ftr":"0.341","orb_pct":"4.440","drb_pct":"17.457","trb_pct":"10.525","ast_pct":"15.370","stl_pct":"1.377","blk_pct":"1.337","tov_pct":"12.814","usg_pct":"19.401","ortg":"120.288","drtg":"128.410","bpm":"-2.318"}]