[{"game_id":104,"team_name":"LAC","player_id":"teamLAC","player_name":"Team name: LAC","fg":"38.366","fga":"85.046","fg_pct":"0.451","three_p":"13.789","three_pa":"34.337","three_p_pct":"0.402","ft":"16.789","fta":"20.440","ft_pct":"0.821","orb":"9.349","drb":"31.057","trb":"40.406","ast":"23.691","stl":"7.411","blk":"4.800","tov":"11.783","pf":"22.646","pts":"107.309"},{"game_id":104,"team_name":"SAS","player_id":"teamSAS","player_name":"Team name: SAS","fg":"42.097","fga":"91.446","fg_pct":"0.460","three_p":"10.640","three_pa":"27.491","three_p_pct":"0.387","ft":"18.120","fta":"23.217","ft_pct":"0.780","orb":"9.560","drb":"37.823","trb":"47.383","ast":"26.114","stl":"7.566","blk":"6.103","tov":"13.411","pf":"19.811","pts":"112.954"}]