[{"game_id":1119,"team_name":"BRK","player_id":"teamBRK","player_name":"Team name: BRK","ts_pct":"0.595","efg_pct":"0.556","three_par":"0.374","ftr":"0.285","orb_pct":"5.898","drb_pct":"15.180","trb_pct":"11.095","ast_pct":"14.172","stl_pct":"1.527","blk_pct":"3.043","tov_pct":"10.210","usg_pct":"19.685","ortg":"124.447","drtg":"126.994","bpm":"-0.992"},{"game_id":1119,"team_name":"BOS","player_id":"teamBOS","player_name":"Team name: BOS","ts_pct":"0.552","efg_pct":"0.522","three_par":"0.456","ftr":"0.300","orb_pct":"5.203","drb_pct":"19.399","trb_pct":"12.578","ast_pct":"14.040","stl_pct":"1.530","blk_pct":"2.317","tov_pct":"11.161","usg_pct":"22.096","ortg":"120.087","drtg":"144.275","bpm":"-3.273"}]