[{"game_id":1152,"team_name":"BRK","player_id":"teamBRK","player_name":"Team name: BRK","ts_pct":"0.552","efg_pct":"0.522","three_par":"0.432","ftr":"0.196","orb_pct":"5.253","drb_pct":"17.434","trb_pct":"11.697","ast_pct":"13.544","stl_pct":"1.869","blk_pct":"2.439","tov_pct":"11.024","usg_pct":"21.330","ortg":"113.560","drtg":"129.703","bpm":"-0.918"},{"game_id":1152,"team_name":"MIL","player_id":"teamMIL","player_name":"Team name: MIL","ts_pct":"0.484","efg_pct":"0.447","three_par":"0.482","ftr":"0.207","orb_pct":"5.241","drb_pct":"17.308","trb_pct":"11.248","ast_pct":"11.785","stl_pct":"2.263","blk_pct":"3.333","tov_pct":"11.594","usg_pct":"19.528","ortg":"103.156","drtg":"117.568","bpm":"2.288"}]