[{"game_id":1046,"team_name":"MIA","player_id":"{\"dedmode01\"}","player_name":"{\"Dewayne Dedmon\"}","ts_pct":"0.749","efg_pct":"0.765","three_par":"0.038","ftr":"0.311","orb_pct":"12.228","drb_pct":"34.399","trb_pct":"23.425","ast_pct":"13.764","stl_pct":"1.951","blk_pct":"1.461","tov_pct":"9.002","usg_pct":"17.095","ortg":"153.965","drtg":"115.271","bpm":"3.369"},{"game_id":1046,"team_name":"MIA","player_id":"{\"adebaba01\"}","player_name":"{\"Bam Adebayo\"}","ts_pct":"0.669","efg_pct":"0.638","three_par":"0.000","ftr":"0.648","orb_pct":"6.587","drb_pct":"19.293","trb_pct":"12.934","ast_pct":"25.525","stl_pct":"2.852","blk_pct":"2.133","tov_pct":"15.229","usg_pct":"22.121","ortg":"130.294","drtg":"115.776","bpm":"4.013"},{"game_id":1046,"team_name":"MIA","player_id":"{\"arizatr01\"}","player_name":"{\"Trevor Ariza\"}","ts_pct":"0.536","efg_pct":"0.491","three_par":"0.565","ftr":"0.228","orb_pct":"4.487","drb_pct":"18.918","trb_pct":"11.725","ast_pct":"8.114","stl_pct":"2.759","blk_pct":"2.305","tov_pct":"6.141","usg_pct":"16.495","ortg":"110.741","drtg":"116.529","bpm":"0.104"},{"game_id":1046,"team_name":"MIA","player_id":"{\"butleji01\"}","player_name":"{\"Jimmy Butler\"}","ts_pct":"0.636","efg_pct":"0.527","three_par":"0.129","ftr":"0.716","orb_pct":"6.426","drb_pct":"16.228","trb_pct":"11.275","ast_pct":"29.525","stl_pct":"2.866","blk_pct":"0.594","tov_pct":"8.572","usg_pct":"26.585","ortg":"136.541","drtg":"115.176","bpm":"6.524"},{"game_id":1046,"team_name":"MIA","player_id":"{\"herroty01\"}","player_name":"{\"Tyler Herro\"}","ts_pct":"0.627","efg_pct":"0.619","three_par":"0.427","ftr":"0.058","orb_pct":"1.044","drb_pct":"21.222","trb_pct":"11.269","ast_pct":"16.709","stl_pct":"0.969","blk_pct":"0.387","tov_pct":"8.326","usg_pct":"24.038","ortg":"118.906","drtg":"120.565","bpm":"1.919"},{"game_id":1046,"team_name":"MIA","player_id":"{\"robindu01\"}","player_name":"{\"Duncan Robinson\"}","ts_pct":"0.674","efg_pct":"0.662","three_par":"0.859","ftr":"0.178","orb_pct":"0.376","drb_pct":"12.509","trb_pct":"6.488","ast_pct":"8.196","stl_pct":"0.799","blk_pct":"0.831","tov_pct":"8.999","usg_pct":"18.540","ortg":"120.694","drtg":"122.471","bpm":"-0.316"},{"game_id":1046,"team_name":"MIA","player_id":"benchMIA","player_name":"Bench of MIA","ts_pct":"0.465","efg_pct":"0.432","three_par":"0.416","ftr":"0.122","orb_pct":"2.786","drb_pct":"16.517","trb_pct":"9.817","ast_pct":"11.289","stl_pct":"0.829","blk_pct":"1.033","tov_pct":"8.730","usg_pct":"17.804","ortg":"100.537","drtg":"117.644","bpm":"-4.783"},{"game_id":1046,"team_name":"PHI","player_id":"{\"joeis01\"}","player_name":"{\"Isaiah Joe\"}","ts_pct":"0.513","efg_pct":"0.386","three_par":"0.629","ftr":"0.165","orb_pct":"0.000","drb_pct":"12.921","trb_pct":"6.544","ast_pct":"2.901","stl_pct":"1.729","blk_pct":"0.000","tov_pct":"9.334","usg_pct":"18.935","ortg":"90.188","drtg":"110.541","bpm":"-4.096"},{"game_id":1046,"team_name":"PHI","player_id":"{\"scottmi01\"}","player_name":"{\"Mike Scott\"}","ts_pct":"0.363","efg_pct":"0.360","three_par":"0.589","ftr":"0.024","orb_pct":"0.642","drb_pct":"10.162","trb_pct":"5.333","ast_pct":"7.275","stl_pct":"1.413","blk_pct":"2.154","tov_pct":"3.859","usg_pct":"13.473","ortg":"79.165","drtg":"113.141","bpm":"-6.440"},{"game_id":1046,"team_name":"PHI","player_id":"{\"reedpa01\"}","player_name":"{\"Paul Reed\"}","ts_pct":"0.569","efg_pct":"0.568","three_par":"0.000","ftr":"0.059","orb_pct":"11.201","drb_pct":"22.649","trb_pct":"16.779","ast_pct":"3.342","stl_pct":"3.835","blk_pct":"8.224","tov_pct":"16.029","usg_pct":"17.238","ortg":"99.718","drtg":"96.435","bpm":"1.732"},{"game_id":1046,"team_name":"PHI","player_id":"{\"harrito02\"}","player_name":"{\"Tobias Harris\"}","ts_pct":"0.557","efg_pct":"0.524","three_par":"0.214","ftr":"0.155","orb_pct":"3.344","drb_pct":"14.727","trb_pct":"9.086","ast_pct":"16.767","stl_pct":"1.000","blk_pct":"0.951","tov_pct":"7.707","usg_pct":"24.076","ortg":"115.506","drtg":"110.376","bpm":"0.554"},{"game_id":1046,"team_name":"PHI","player_id":"{\"simmobe01\"}","player_name":"{\"Ben Simmons\"}","ts_pct":"0.614","efg_pct":"0.626","three_par":"0.004","ftr":"0.320","orb_pct":"4.962","drb_pct":"16.033","trb_pct":"10.713","ast_pct":"30.062","stl_pct":"3.205","blk_pct":"1.394","tov_pct":"13.658","usg_pct":"17.528","ortg":"128.400","drtg":"103.871","bpm":"4.359"},{"game_id":1046,"team_name":"PHI","player_id":"{\"embiijo01\"}","player_name":"{\"Joel Embiid\"}","ts_pct":"0.664","efg_pct":"0.587","three_par":"0.182","ftr":"0.509","orb_pct":"10.958","drb_pct":"23.836","trb_pct":"17.558","ast_pct":"12.292","stl_pct":"1.204","blk_pct":"3.641","tov_pct":"11.784","usg_pct":"36.198","ortg":"126.718","drtg":"105.353","bpm":"6.985"},{"game_id":1046,"team_name":"PHI","player_id":"benchPHI","player_name":"Bench of PHI","ts_pct":"0.528","efg_pct":"0.492","three_par":"0.469","ftr":"0.272","orb_pct":"3.904","drb_pct":"12.843","trb_pct":"8.595","ast_pct":"15.440","stl_pct":"1.772","blk_pct":"1.566","tov_pct":"9.472","usg_pct":"18.870","ortg":"109.724","drtg":"108.990","bpm":"-0.603"}]