[{"game_id":1221,"team_name":"SAC","player_id":"{\"foxde01\"}","player_name":"{\"De'Aaron Fox\"}","ts_pct":"0.539","efg_pct":"0.494","three_par":"0.195","ftr":"0.321","orb_pct":"0.907","drb_pct":"11.700","trb_pct":"5.669","ast_pct":"41.584","stl_pct":"1.720","blk_pct":"1.067","tov_pct":"17.453","usg_pct":"26.222","ortg":"107.859","drtg":"120.706","bpm":"0.260"},{"game_id":1221,"team_name":"SAC","player_id":"{\"bjeline01\"}","player_name":"{\"Nemanja Bjelica\"}","ts_pct":"0.659","efg_pct":"0.637","three_par":"0.497","ftr":"0.175","orb_pct":"4.233","drb_pct":"13.739","trb_pct":"8.282","ast_pct":"8.835","stl_pct":"1.306","blk_pct":"0.409","tov_pct":"9.467","usg_pct":"15.334","ortg":"126.141","drtg":"121.376","bpm":"1.021"},{"game_id":1221,"team_name":"SAC","player_id":"{\"hieldbu01\"}","player_name":"{\"Buddy Hield\"}","ts_pct":"0.550","efg_pct":"0.537","three_par":"0.582","ftr":"0.070","orb_pct":"3.246","drb_pct":"13.853","trb_pct":"7.888","ast_pct":"11.073","stl_pct":"0.899","blk_pct":"0.759","tov_pct":"10.341","usg_pct":"24.009","ortg":"106.812","drtg":"122.318","bpm":"0.596"},{"game_id":1221,"team_name":"SAC","player_id":"{\"barneha02\"}","player_name":"{\"Harrison Barnes\"}","ts_pct":"0.576","efg_pct":"0.553","three_par":"0.326","ftr":"0.367","orb_pct":"1.885","drb_pct":"17.826","trb_pct":"8.987","ast_pct":"7.973","stl_pct":"0.888","blk_pct":"0.233","tov_pct":"7.147","usg_pct":"16.336","ortg":"118.471","drtg":"122.129","bpm":"-0.941"},{"game_id":1221,"team_name":"SAC","player_id":"{\"holmeri01\"}","player_name":"{\"Richaun Holmes\"}","ts_pct":"0.555","efg_pct":"0.479","three_par":"0.000","ftr":"0.559","orb_pct":"8.622","drb_pct":"23.324","trb_pct":"15.542","ast_pct":"8.002","stl_pct":"1.192","blk_pct":"4.394","tov_pct":"16.145","usg_pct":"18.385","ortg":"105.576","drtg":"113.847","bpm":"-2.768"},{"game_id":1221,"team_name":"SAC","player_id":"{\"arizatr01\"}","player_name":"{\"Trevor Ariza\"}","ts_pct":"0.413","efg_pct":"0.391","three_par":"0.670","ftr":"0.123","orb_pct":"1.552","drb_pct":"13.789","trb_pct":"7.264","ast_pct":"8.645","stl_pct":"1.105","blk_pct":"0.861","tov_pct":"9.392","usg_pct":"13.945","ortg":"88.918","drtg":"117.529","bpm":"-2.765"},{"game_id":1221,"team_name":"SAC","player_id":"benchSAC","player_name":"Bench of SAC","ts_pct":"0.560","efg_pct":"0.523","three_par":"0.418","ftr":"0.225","orb_pct":"3.837","drb_pct":"16.626","trb_pct":"9.682","ast_pct":"12.926","stl_pct":"1.570","blk_pct":"1.145","tov_pct":"12.190","usg_pct":"18.314","ortg":"109.074","drtg":"115.710","bpm":"-1.623"},{"game_id":1221,"team_name":"DEN","player_id":"{\"murraja01\"}","player_name":"{\"Jamal Murray\"}","ts_pct":"0.515","efg_pct":"0.439","three_par":"0.322","ftr":"0.352","orb_pct":"4.438","drb_pct":"11.955","trb_pct":"7.948","ast_pct":"23.053","stl_pct":"0.881","blk_pct":"0.580","tov_pct":"6.369","usg_pct":"26.007","ortg":"115.165","drtg":"112.259","bpm":"2.738"},{"game_id":1221,"team_name":"DEN","player_id":"{\"harriga01\"}","player_name":"{\"Gary Harris\"}","ts_pct":"0.520","efg_pct":"0.466","three_par":"0.327","ftr":"0.275","orb_pct":"1.205","drb_pct":"10.125","trb_pct":"5.638","ast_pct":"7.002","stl_pct":"2.065","blk_pct":"0.878","tov_pct":"11.404","usg_pct":"16.302","ortg":"102.882","drtg":"109.988","bpm":"-3.218"},{"game_id":1221,"team_name":"DEN","player_id":"{\"bartowi01\"}","player_name":"{\"Will Barton\"}","ts_pct":"0.467","efg_pct":"0.395","three_par":"0.437","ftr":"0.366","orb_pct":"4.448","drb_pct":"12.659","trb_pct":"8.259","ast_pct":"10.078","stl_pct":"1.213","blk_pct":"3.801","tov_pct":"4.036","usg_pct":"18.794","ortg":"106.871","drtg":"108.953","bpm":"0.860"},{"game_id":1221,"team_name":"DEN","player_id":"{\"jokicni01\"}","player_name":"{\"Nikola Jokić\"}","ts_pct":"0.599","efg_pct":"0.558","three_par":"0.196","ftr":"0.334","orb_pct":"10.968","drb_pct":"27.847","trb_pct":"19.033","ast_pct":"36.487","stl_pct":"0.879","blk_pct":"2.302","tov_pct":"14.532","usg_pct":"28.489","ortg":"118.259","drtg":"105.212","bpm":"9.111"},{"game_id":1221,"team_name":"DEN","player_id":"{\"millspa01\"}","player_name":"{\"Paul Millsap\"}","ts_pct":"0.549","efg_pct":"0.484","three_par":"0.268","ftr":"0.392","orb_pct":"3.433","drb_pct":"17.008","trb_pct":"10.129","ast_pct":"7.581","stl_pct":"2.242","blk_pct":"4.252","tov_pct":"7.194","usg_pct":"18.853","ortg":"111.941","drtg":"104.753","bpm":"1.956"},{"game_id":1221,"team_name":"DEN","player_id":"{\"grantje01\"}","player_name":"{\"Jerami Grant\"}","ts_pct":"0.692","efg_pct":"0.677","three_par":"0.489","ftr":"0.326","orb_pct":"4.319","drb_pct":"11.526","trb_pct":"7.836","ast_pct":"3.748","stl_pct":"0.527","blk_pct":"2.761","tov_pct":"9.836","usg_pct":"13.972","ortg":"125.012","drtg":"111.882","bpm":"0.933"},{"game_id":1221,"team_name":"DEN","player_id":"benchDEN","player_name":"Bench of DEN","ts_pct":"0.462","efg_pct":"0.401","three_par":"0.339","ftr":"0.520","orb_pct":"6.070","drb_pct":"12.485","trb_pct":"9.432","ast_pct":"11.003","stl_pct":"1.172","blk_pct":"2.167","tov_pct":"8.302","usg_pct":"16.267","ortg":"100.224","drtg":"109.907","bpm":"-3.924"}]