[{"game_id":125,"team_name":"NYK","player_id":"{\"barrerj01\"}","player_name":"{\"RJ Barrett\"}","ts_pct":"0.480","efg_pct":"0.429","three_par":"0.290","ftr":"0.318","orb_pct":"2.376","drb_pct":"16.827","trb_pct":"9.909","ast_pct":"12.795","stl_pct":"1.995","blk_pct":"0.598","tov_pct":"9.039","usg_pct":"23.281","ortg":"99.482","drtg":"107.518","bpm":"-2.676"},{"game_id":125,"team_name":"NYK","player_id":"{\"riverau01\"}","player_name":"{\"Austin Rivers\"}","ts_pct":"0.575","efg_pct":"0.563","three_par":"0.616","ftr":"0.158","orb_pct":"0.535","drb_pct":"9.568","trb_pct":"4.840","ast_pct":"16.279","stl_pct":"1.667","blk_pct":"0.000","tov_pct":"13.872","usg_pct":"19.091","ortg":"100.965","drtg":"114.035","bpm":"-1.501"},{"game_id":125,"team_name":"NYK","player_id":"{\"randlju01\"}","player_name":"{\"Julius Randle\"}","ts_pct":"0.576","efg_pct":"0.523","three_par":"0.237","ftr":"0.392","orb_pct":"5.825","drb_pct":"26.412","trb_pct":"16.775","ast_pct":"29.131","stl_pct":"0.913","blk_pct":"0.822","tov_pct":"19.034","usg_pct":"28.795","ortg":"107.306","drtg":"106.812","bpm":"1.680"},{"game_id":125,"team_name":"NYK","player_id":"{\"paytoel01\"}","player_name":"{\"Elfrid Payton\"}","ts_pct":"0.490","efg_pct":"0.480","three_par":"0.145","ftr":"0.163","orb_pct":"4.422","drb_pct":"10.011","trb_pct":"7.244","ast_pct":"30.015","stl_pct":"1.156","blk_pct":"0.988","tov_pct":"15.105","usg_pct":"24.493","ortg":"97.918","drtg":"110.800","bpm":"-2.132"},{"game_id":125,"team_name":"NYK","player_id":"{\"robinmi01\"}","player_name":"{\"Mitchell Robinson\"}","ts_pct":"0.631","efg_pct":"0.638","three_par":"0.000","ftr":"0.259","orb_pct":"13.736","drb_pct":"15.894","trb_pct":"14.842","ast_pct":"1.929","stl_pct":"2.506","blk_pct":"5.760","tov_pct":"11.002","usg_pct":"11.999","ortg":"127.576","drtg":"102.612","bpm":"1.685"},{"game_id":125,"team_name":"NYK","player_id":"{\"bullore01\"}","player_name":"{\"Reggie Bullock\"}","ts_pct":"0.509","efg_pct":"0.502","three_par":"0.517","ftr":"0.149","orb_pct":"2.014","drb_pct":"13.392","trb_pct":"8.055","ast_pct":"8.572","stl_pct":"0.874","blk_pct":"0.958","tov_pct":"15.501","usg_pct":"14.092","ortg":"99.894","drtg":"109.635","bpm":"-3.365"},{"game_id":125,"team_name":"NYK","player_id":"benchNYK","player_name":"Bench of NYK","ts_pct":"0.616","efg_pct":"0.583","three_par":"0.417","ftr":"0.292","orb_pct":"3.267","drb_pct":"12.822","trb_pct":"8.278","ast_pct":"10.340","stl_pct":"2.353","blk_pct":"3.548","tov_pct":"16.870","usg_pct":"14.594","ortg":"112.777","drtg":"105.561","bpm":"0.747"},{"game_id":125,"team_name":"OKC","player_id":"{\"willike04\"}","player_name":"{\"Kenrich Williams\"}","ts_pct":"0.388","efg_pct":"0.194","three_par":"0.347","ftr":"0.107","orb_pct":"5.872","drb_pct":"12.519","trb_pct":"9.184","ast_pct":"12.689","stl_pct":"1.996","blk_pct":"2.160","tov_pct":"22.074","usg_pct":"12.726","ortg":"75.071","drtg":"112.412","bpm":"-7.485"},{"game_id":125,"team_name":"OKC","player_id":"{\"robyis01\"}","player_name":"{\"Isaiah Roby\"}","ts_pct":"0.467","efg_pct":"0.491","three_par":"0.282","ftr":"0.161","orb_pct":"6.300","drb_pct":"12.594","trb_pct":"9.631","ast_pct":"2.520","stl_pct":"0.243","blk_pct":"1.377","tov_pct":"29.589","usg_pct":"15.190","ortg":"61.371","drtg":"115.643","bpm":"-9.406"},{"game_id":125,"team_name":"OKC","player_id":"{\"gilgesh01\"}","player_name":"{\"Shai Gilgeous-Alexander\"}","ts_pct":"0.538","efg_pct":"0.505","three_par":"0.422","ftr":"0.272","orb_pct":"0.924","drb_pct":"11.482","trb_pct":"6.186","ast_pct":"32.388","stl_pct":"1.689","blk_pct":"0.869","tov_pct":"15.821","usg_pct":"25.062","ortg":"100.894","drtg":"110.565","bpm":"0.134"},{"game_id":125,"team_name":"OKC","player_id":"{\"dortlu01\"}","player_name":"{\"Luguentz Dort\"}","ts_pct":"0.644","efg_pct":"0.612","three_par":"0.534","ftr":"0.313","orb_pct":"2.422","drb_pct":"7.487","trb_pct":"4.953","ast_pct":"7.642","stl_pct":"1.224","blk_pct":"1.087","tov_pct":"8.984","usg_pct":"20.159","ortg":"117.447","drtg":"112.082","bpm":"-1.386"},{"game_id":125,"team_name":"OKC","player_id":"{\"diallha01\"}","player_name":"{\"Hamidou Diallo\"}","ts_pct":"0.513","efg_pct":"0.513","three_par":"0.132","ftr":"0.518","orb_pct":"5.940","drb_pct":"16.618","trb_pct":"11.279","ast_pct":"11.282","stl_pct":"1.536","blk_pct":"3.079","tov_pct":"12.295","usg_pct":"22.479","ortg":"93.435","drtg":"109.647","bpm":"-2.245"},{"game_id":125,"team_name":"OKC","player_id":"{\"horfoal01\"}","player_name":"{\"Al Horford\"}","ts_pct":"0.474","efg_pct":"0.455","three_par":"0.487","ftr":"0.112","orb_pct":"4.042","drb_pct":"22.273","trb_pct":"13.046","ast_pct":"15.252","stl_pct":"0.272","blk_pct":"2.748","tov_pct":"6.100","usg_pct":"14.866","ortg":"102.482","drtg":"112.000","bpm":"-1.520"},{"game_id":125,"team_name":"OKC","player_id":"benchOKC","player_name":"Bench of OKC","ts_pct":"0.520","efg_pct":"0.504","three_par":"0.640","ftr":"0.185","orb_pct":"1.792","drb_pct":"16.053","trb_pct":"8.897","ast_pct":"15.298","stl_pct":"1.518","blk_pct":"2.104","tov_pct":"18.108","usg_pct":"18.359","ortg":"92.002","drtg":"109.594","bpm":"-2.160"}]