[{"game_id":1037,"team_name":"ATL","player_id":"{\"hillso01\"}","player_name":"{\"Solomon Hill\"}","fg":"1.012","fga":"2.812","fg_pct":"0.360","three_p":"0.459","three_pa":"1.529","three_p_pct":"0.300","ft":"0.859","fta":"1.153","ft_pct":"0.745","orb":"0.494","drb":"3.424","trb":"3.918","ast":"1.188","stl":"0.435","blk":"0.094","tov":"0.624","pf":"1.294","pts":"3.341"},{"game_id":1037,"team_name":"ATL","player_id":"{\"bogdabo01\"}","player_name":"{\"Bogdan Bogdanović\"}","fg":"8.141","fga":"16.459","fg_pct":"0.495","three_p":"5.035","three_pa":"10.024","three_p_pct":"0.502","ft":"0.612","fta":"0.694","ft_pct":"0.882","orb":"0.400","drb":"3.259","trb":"3.659","ast":"4.165","stl":"1.635","blk":"0.365","tov":"1.541","pf":"2.518","pts":"21.929"},{"game_id":1037,"team_name":"ATL","player_id":"{\"youngtr01\"}","player_name":"{\"Trae Young\"}","fg":"8.129","fga":"17.318","fg_pct":"0.469","three_p":"1.565","three_pa":"5.776","three_p_pct":"0.271","ft":"9.082","fta":"9.318","ft_pct":"0.975","orb":"0.588","drb":"3.176","trb":"3.765","ast":"9.471","stl":"0.859","blk":"0.141","tov":"3.953","pf":"1.047","pts":"26.906"},{"game_id":1037,"team_name":"ATL","player_id":"{\"collijo01\"}","player_name":"{\"John Collins\"}","fg":"6.859","fga":"10.647","fg_pct":"0.644","three_p":"1.471","three_pa":"3.141","three_p_pct":"0.468","ft":"2.682","fta":"3.271","ft_pct":"0.820","orb":"1.424","drb":"5.247","trb":"6.671","ast":"0.800","stl":"0.976","blk":"0.918","tov":"1.847","pf":"2.659","pts":"17.871"},{"game_id":1037,"team_name":"ATL","player_id":"{\"capelca01\"}","player_name":"{\"Clint Capela\"}","fg":"5.729","fga":"10.294","fg_pct":"0.557","three_p":"0.000","three_pa":"0.000","three_p_pct":"NaN","ft":"1.376","fta":"2.953","ft_pct":"0.466","orb":"4.365","drb":"8.894","trb":"13.259","ast":"0.729","stl":"0.506","blk":"1.600","tov":"0.918","pf":"2.612","pts":"12.835"},{"game_id":1037,"team_name":"ATL","player_id":"{\"snellto01\"}","player_name":"{\"Tony Snell\"}","fg":"1.282","fga":"2.929","fg_pct":"0.438","three_p":"0.918","three_pa":"1.776","three_p_pct":"0.517","ft":"0.459","fta":"0.459","ft_pct":"1.000","orb":"0.294","drb":"2.082","trb":"2.376","ast":"1.129","stl":"0.553","blk":"0.235","tov":"0.200","pf":"1.788","pts":"3.941"},{"game_id":1037,"team_name":"ATL","player_id":"benchATL","player_name":"Bench of ATL","fg":"3.547","fga":"7.797","fg_pct":"0.455","three_p":"1.183","three_pa":"3.106","three_p_pct":"0.381","ft":"1.372","fta":"1.633","ft_pct":"0.840","orb":"0.534","drb":"2.641","trb":"3.175","ast":"2.458","stl":"0.760","blk":"0.356","tov":"0.994","pf":"1.770","pts":"9.650"},{"game_id":1037,"team_name":"WAS","player_id":"{\"lopezro01\"}","player_name":"{\"Robin Lopez\"}","fg":"4.294","fga":"7.000","fg_pct":"0.613","three_p":"0.000","three_pa":"0.000","three_p_pct":"NaN","ft":"1.988","fta":"2.353","ft_pct":"0.845","orb":"2.035","drb":"1.494","trb":"3.529","ast":"0.294","stl":"0.000","blk":"1.059","tov":"0.929","pf":"1.188","pts":"10.576"},{"game_id":1037,"team_name":"WAS","player_id":"{\"westbru01\"}","player_name":"{\"Russell Westbrook\"}","fg":"8.941","fga":"19.776","fg_pct":"0.452","three_p":"1.365","three_pa":"4.200","three_p_pct":"0.325","ft":"4.682","fta":"5.835","ft_pct":"0.802","orb":"1.847","drb":"12.859","trb":"14.706","ast":"16.153","stl":"1.294","blk":"0.565","tov":"4.341","pf":"3.624","pts":"23.929"},{"game_id":1037,"team_name":"WAS","player_id":"{\"bertada01\"}","player_name":"{\"Dāvis Bertāns\"}","fg":"3.153","fga":"8.282","fg_pct":"0.381","three_p":"2.671","three_pa":"7.318","three_p_pct":"0.365","ft":"1.788","fta":"2.294","ft_pct":"0.779","orb":"0.247","drb":"2.365","trb":"2.612","ast":"1.071","stl":"0.376","blk":"0.212","tov":"0.271","pf":"2.482","pts":"10.765"},{"game_id":1037,"team_name":"WAS","player_id":"{\"hachiru01\"}","player_name":"{\"Rui Hachimura\"}","fg":"6.306","fga":"12.447","fg_pct":"0.507","three_p":"0.659","three_pa":"2.071","three_p_pct":"0.318","ft":"1.941","fta":"2.365","ft_pct":"0.821","orb":"0.671","drb":"3.400","trb":"4.071","ast":"0.953","stl":"0.718","blk":"0.424","tov":"1.000","pf":"1.753","pts":"15.212"},{"game_id":1037,"team_name":"WAS","player_id":"{\"netora01\"}","player_name":"{\"Raul Neto\"}","fg":"3.600","fga":"7.153","fg_pct":"0.503","three_p":"1.200","three_pa":"2.376","three_p_pct":"0.505","ft":"2.247","fta":"2.329","ft_pct":"0.965","orb":"0.447","drb":"2.459","trb":"2.906","ast":"2.953","stl":"1.294","blk":"0.259","tov":"0.918","pf":"2.118","pts":"10.647"},{"game_id":1037,"team_name":"WAS","player_id":"{\"smithis01\"}","player_name":"{\"Ish Smith\"}","fg":"3.553","fga":"7.635","fg_pct":"0.465","three_p":"0.718","three_pa":"1.565","three_p_pct":"0.459","ft":"0.529","fta":"0.682","ft_pct":"0.776","orb":"0.447","drb":"2.729","trb":"3.176","ast":"2.318","stl":"1.000","blk":"0.329","tov":"0.682","pf":"1.906","pts":"8.353"},{"game_id":1037,"team_name":"WAS","player_id":"benchWAS","player_name":"Bench of WAS","fg":"2.175","fga":"3.925","fg_pct":"0.554","three_p":"0.316","three_pa":"0.723","three_p_pct":"0.437","ft":"1.316","fta":"1.722","ft_pct":"0.764","orb":"1.169","drb":"2.230","trb":"3.400","ast":"0.568","stl":"0.480","blk":"0.770","tov":"0.354","pf":"1.628","pts":"5.982"}]