[{"game_id":1051,"team_name":"WAS","player_id":"teamWAS","player_name":"Team name: WAS","ts_pct":"0.588","efg_pct":"0.553","three_par":"0.297","ftr":"0.337","orb_pct":"5.556","drb_pct":"15.447","trb_pct":"10.459","ast_pct":"12.464","stl_pct":"1.391","blk_pct":"2.159","tov_pct":"9.287","usg_pct":"20.992","ortg":"123.424","drtg":"129.597","bpm":"-2.311"},{"game_id":1051,"team_name":"CLE","player_id":"teamCLE","player_name":"Team name: CLE","ts_pct":"0.480","efg_pct":"0.451","three_par":"0.402","ftr":"0.294","orb_pct":"4.955","drb_pct":"15.556","trb_pct":"9.974","ast_pct":"15.599","stl_pct":"1.171","blk_pct":"1.208","tov_pct":"12.810","usg_pct":"20.414","ortg":"95.333","drtg":"120.140","bpm":"-4.483"}]