[{"game_id":1134,"team_name":"PHI","player_id":"{\"korkmfu01\"}","player_name":"{\"Furkan Korkmaz\"}","fg":"2.459","fga":"5.576","fg_pct":"0.441","three_p":"1.094","three_pa":"3.259","three_p_pct":"0.336","ft":"0.482","fta":"0.718","ft_pct":"0.671","orb":"0.435","drb":"1.482","trb":"1.918","ast":"0.753","stl":"0.424","blk":"0.000","tov":"0.600","pf":"0.765","pts":"6.494"},{"game_id":1134,"team_name":"PHI","player_id":"{\"maxeyty01\"}","player_name":"{\"Tyrese Maxey\"}","fg":"4.165","fga":"9.153","fg_pct":"0.455","three_p":"0.506","three_pa":"1.541","three_p_pct":"0.328","ft":"1.576","fta":"2.306","ft_pct":"0.683","orb":"0.047","drb":"2.588","trb":"2.635","ast":"2.282","stl":"0.600","blk":"0.741","tov":"0.576","pf":"2.318","pts":"10.412"},{"game_id":1134,"team_name":"PHI","player_id":"{\"harrito02\"}","player_name":"{\"Tobias Harris\"}","fg":"8.624","fga":"17.435","fg_pct":"0.495","three_p":"1.294","three_pa":"3.988","three_p_pct":"0.324","ft":"3.694","fta":"4.247","ft_pct":"0.870","orb":"0.800","drb":"8.165","trb":"8.965","ast":"3.518","stl":"1.329","blk":"0.506","tov":"1.435","pf":"1.659","pts":"22.235"},{"game_id":1134,"team_name":"PHI","player_id":"{\"embiijo01\"}","player_name":"{\"Joel Embiid\"}","fg":"8.247","fga":"13.976","fg_pct":"0.590","three_p":"1.235","three_pa":"2.706","three_p_pct":"0.456","ft":"7.329","fta":"8.024","ft_pct":"0.913","orb":"0.859","drb":"6.812","trb":"7.671","ast":"2.435","stl":"1.012","blk":"0.953","tov":"2.753","pf":"2.353","pts":"25.059"},{"game_id":1134,"team_name":"PHI","player_id":"{\"simmobe01\"}","player_name":"{\"Ben Simmons\"}","fg":"6.188","fga":"9.282","fg_pct":"0.667","three_p":"0.000","three_pa":"0.094","three_p_pct":"0.000","ft":"2.318","fta":"5.565","ft_pct":"0.417","orb":"2.271","drb":"5.553","trb":"7.824","ast":"8.835","stl":"1.600","blk":"0.718","tov":"2.553","pf":"3.224","pts":"14.694"},{"game_id":1134,"team_name":"PHI","player_id":"{\"curryse01\"}","player_name":"{\"Seth Curry\"}","fg":"6.129","fga":"11.129","fg_pct":"0.551","three_p":"2.706","three_pa":"6.024","three_p_pct":"0.449","ft":"1.459","fta":"1.518","ft_pct":"0.961","orb":"0.094","drb":"2.129","trb":"2.224","ast":"2.765","stl":"0.494","blk":"0.000","tov":"0.694","pf":"2.282","pts":"16.424"},{"game_id":1134,"team_name":"PHI","player_id":"benchPHI","player_name":"Bench of PHI","fg":"1.997","fga":"4.674","fg_pct":"0.427","three_p":"0.968","three_pa":"2.599","three_p_pct":"0.372","ft":"0.914","fta":"1.251","ft_pct":"0.731","orb":"0.733","drb":"1.569","trb":"2.302","ast":"1.441","stl":"0.788","blk":"0.698","tov":"0.754","pf":"1.868","pts":"5.877"},{"game_id":1134,"team_name":"ATL","player_id":"{\"hillso01\"}","player_name":"{\"Solomon Hill\"}","fg":"0.694","fga":"2.682","fg_pct":"0.259","three_p":"0.694","three_pa":"2.447","three_p_pct":"0.284","ft":"0.235","fta":"0.306","ft_pct":"0.768","orb":"0.329","drb":"1.906","trb":"2.235","ast":"0.859","stl":"0.529","blk":"0.153","tov":"0.153","pf":"1.388","pts":"2.318"},{"game_id":1134,"team_name":"ATL","player_id":"{\"okongon01\"}","player_name":"{\"Onyeka Okongwu\"}","fg":"1.529","fga":"2.341","fg_pct":"0.653","three_p":"0.000","three_pa":"0.000","three_p_pct":"NaN","ft":"0.576","fta":"0.976","ft_pct":"0.590","orb":"1.753","drb":"2.047","trb":"3.800","ast":"0.494","stl":"0.471","blk":"0.788","tov":"0.718","pf":"1.976","pts":"3.635"},{"game_id":1134,"team_name":"ATL","player_id":"{\"bogdabo01\"}","player_name":"{\"Bogdan Bogdanović\"}","fg":"6.659","fga":"14.518","fg_pct":"0.459","three_p":"3.671","three_pa":"9.141","three_p_pct":"0.402","ft":"0.835","fta":"0.835","ft_pct":"1.000","orb":"0.694","drb":"4.671","trb":"5.365","ast":"4.059","stl":"1.541","blk":"0.424","tov":"1.129","pf":"3.024","pts":"17.824"},{"game_id":1134,"team_name":"ATL","player_id":"{\"youngtr01\"}","player_name":"{\"Trae Young\"}","fg":"9.365","fga":"20.941","fg_pct":"0.447","three_p":"2.553","three_pa":"8.176","three_p_pct":"0.312","ft":"7.035","fta":"7.518","ft_pct":"0.936","orb":"0.329","drb":"2.553","trb":"2.882","ast":"9.482","stl":"0.882","blk":"0.000","tov":"3.200","pf":"1.447","pts":"28.318"},{"game_id":1134,"team_name":"ATL","player_id":"{\"huertke01\"}","player_name":"{\"Kevin Huerter\"}","fg":"3.871","fga":"8.094","fg_pct":"0.478","three_p":"2.071","three_pa":"4.929","three_p_pct":"0.420","ft":"0.388","fta":"0.682","ft_pct":"0.569","orb":"0.565","drb":"3.471","trb":"4.035","ast":"2.259","stl":"0.529","blk":"0.859","tov":"1.188","pf":"2.235","pts":"10.200"},{"game_id":1134,"team_name":"ATL","player_id":"{\"collijo01\"}","player_name":"{\"John Collins\"}","fg":"5.188","fga":"8.871","fg_pct":"0.585","three_p":"1.812","three_pa":"3.588","three_p_pct":"0.505","ft":"2.941","fta":"3.200","ft_pct":"0.919","orb":"0.694","drb":"5.000","trb":"5.694","ast":"0.776","stl":"0.553","blk":"0.694","tov":"0.953","pf":"2.929","pts":"15.129"},{"game_id":1134,"team_name":"ATL","player_id":"benchATL","player_name":"Bench of ATL","fg":"2.395","fga":"5.107","fg_pct":"0.469","three_p":"0.477","three_pa":"1.434","three_p_pct":"0.333","ft":"0.982","fta":"1.275","ft_pct":"0.770","orb":"0.851","drb":"3.352","trb":"4.203","ast":"0.877","stl":"0.425","blk":"0.516","tov":"0.644","pf":"1.271","pts":"6.248"}]