[{"game_id":1032,"team_name":"MEM","player_id":"teamMEM","player_name":"Team name: MEM","ts_pct":"0.573","efg_pct":"0.516","three_par":"0.414","ftr":"0.317","orb_pct":"5.012","drb_pct":"17.366","trb_pct":"11.185","ast_pct":"17.046","stl_pct":"1.562","blk_pct":"2.696","tov_pct":"12.275","usg_pct":"20.838","ortg":"119.012","drtg":"124.378","bpm":"-1.609"},{"game_id":1032,"team_name":"DAL","player_id":"teamDAL","player_name":"Team name: DAL","ts_pct":"0.679","efg_pct":"0.653","three_par":"0.431","ftr":"0.334","orb_pct":"6.962","drb_pct":"17.959","trb_pct":"12.431","ast_pct":"14.699","stl_pct":"1.760","blk_pct":"1.740","tov_pct":"11.760","usg_pct":"23.013","ortg":"136.669","drtg":"127.914","bpm":"-1.023"}]