[{"game_id":118,"team_name":"MEM","player_id":"teamMEM","player_name":"Team name: MEM","fg":"40.914","fga":"92.217","fg_pct":"0.444","three_p":"10.880","three_pa":"31.834","three_p_pct":"0.342","ft":"15.714","fta":"20.446","ft_pct":"0.769","orb":"10.737","drb":"36.457","trb":"47.194","ast":"26.337","stl":"7.897","blk":"4.651","tov":"14.566","pf":"18.286","pts":"108.423"},{"game_id":118,"team_name":"CLE","player_id":"teamCLE","player_name":"Team name: CLE","fg":"39.526","fga":"87.971","fg_pct":"0.449","three_p":"9.234","three_pa":"27.726","three_p_pct":"0.333","ft":"15.640","fta":"22.714","ft_pct":"0.689","orb":"11.389","drb":"33.394","trb":"44.783","ast":"25.069","stl":"10.091","blk":"4.794","tov":"15.463","pf":"19.806","pts":"103.926"}]