[{"game_id":1052,"team_name":"PHO","player_id":"teamPHO","player_name":"Team name: PHO","ts_pct":"0.642","efg_pct":"0.612","three_par":"0.470","ftr":"0.291","orb_pct":"3.978","drb_pct":"17.371","trb_pct":"10.764","ast_pct":"15.013","stl_pct":"1.383","blk_pct":"1.930","tov_pct":"9.222","usg_pct":"20.327","ortg":"131.466","drtg":"134.339","bpm":"-0.536"},{"game_id":1052,"team_name":"POR","player_id":"teamPOR","player_name":"Team name: POR","ts_pct":"0.629","efg_pct":"0.603","three_par":"0.400","ftr":"0.292","orb_pct":"6.667","drb_pct":"22.500","trb_pct":"14.838","ast_pct":"14.709","stl_pct":"1.281","blk_pct":"2.302","tov_pct":"10.759","usg_pct":"22.546","ortg":"133.358","drtg":"135.196","bpm":"0.119"}]