[{"game_id":1056,"team_name":"DAL","player_id":"{\"porzikr01\"}","player_name":"{\"Kristaps Porziņģis\"}","fg":"6.812","fga":"14.635","fg_pct":"0.465","three_p":"1.812","three_pa":"4.976","three_p_pct":"0.364","ft":"3.365","fta":"3.612","ft_pct":"0.932","orb":"1.659","drb":"6.259","trb":"7.918","ast":"1.565","stl":"0.729","blk":"0.494","tov":"0.682","pf":"2.624","pts":"18.800"},{"game_id":1056,"team_name":"DAL","player_id":"{\"doncilu01\"}","player_name":"{\"Luka Dončić\"}","fg":"8.494","fga":"18.824","fg_pct":"0.451","three_p":"2.765","three_pa":"8.176","three_p_pct":"0.338","ft":"4.541","fta":"6.141","ft_pct":"0.739","orb":"1.000","drb":"6.776","trb":"7.776","ast":"7.047","stl":"0.753","blk":"0.118","tov":"4.259","pf":"2.000","pts":"24.294"},{"game_id":1056,"team_name":"DAL","player_id":"{\"finnedo01\"}","player_name":"{\"Dorian Finney-Smith\"}","fg":"3.424","fga":"7.341","fg_pct":"0.466","three_p":"1.471","three_pa":"4.612","three_p_pct":"0.319","ft":"0.412","fta":"0.706","ft_pct":"0.584","orb":"1.224","drb":"3.706","trb":"4.929","ast":"2.388","stl":"0.835","blk":"0.400","tov":"1.424","pf":"2.000","pts":"8.729"},{"game_id":1056,"team_name":"DAL","player_id":"{\"poweldw01\"}","player_name":"{\"Dwight Powell\"}","fg":"3.424","fga":"4.141","fg_pct":"0.827","three_p":"0.000","three_pa":"0.059","three_p_pct":"0.000","ft":"2.153","fta":"2.647","ft_pct":"0.813","orb":"2.212","drb":"4.071","trb":"6.282","ast":"2.024","stl":"0.894","blk":"1.235","tov":"1.141","pf":"3.153","pts":"9.000"},{"game_id":1056,"team_name":"DAL","player_id":"{\"hardati02\"}","player_name":"{\"Tim Hardaway Jr.\"}","fg":"8.482","fga":"15.612","fg_pct":"0.543","three_p":"4.353","three_pa":"9.376","three_p_pct":"0.464","ft":"2.847","fta":"3.200","ft_pct":"0.890","orb":"0.365","drb":"3.235","trb":"3.600","ast":"2.212","stl":"0.424","blk":"0.094","tov":"0.824","pf":"2.035","pts":"24.165"},{"game_id":1056,"team_name":"DAL","player_id":"{\"brunsja01\"}","player_name":"{\"Jalen Brunson\"}","fg":"4.624","fga":"8.941","fg_pct":"0.517","three_p":"1.341","three_pa":"2.859","three_p_pct":"0.469","ft":"1.306","fta":"1.612","ft_pct":"0.810","orb":"0.082","drb":"2.412","trb":"2.494","ast":"4.118","stl":"0.588","blk":"0.000","tov":"0.635","pf":"1.635","pts":"11.894"},{"game_id":1056,"team_name":"DAL","player_id":"benchDAL","player_name":"Bench of DAL","fg":"2.590","fga":"5.885","fg_pct":"0.440","three_p":"0.650","three_pa":"1.991","three_p_pct":"0.326","ft":"0.950","fta":"1.138","ft_pct":"0.835","orb":"0.808","drb":"1.998","trb":"2.806","ast":"1.003","stl":"0.764","blk":"0.434","tov":"0.590","pf":"1.508","pts":"6.781"},{"game_id":1056,"team_name":"TOR","player_id":"{\"bembrde01\"}","player_name":"{\"DeAndre' Bembry\"}","fg":"2.871","fga":"5.518","fg_pct":"0.520","three_p":"0.518","three_pa":"1.565","three_p_pct":"0.331","ft":"0.835","fta":"1.400","ft_pct":"0.596","orb":"0.824","drb":"2.353","trb":"3.176","ast":"2.306","stl":"2.153","blk":"0.365","tov":"1.882","pf":"2.318","pts":"7.094"},{"game_id":1056,"team_name":"TOR","player_id":"{\"flynnma01\"}","player_name":"{\"Malachi Flynn\"}","fg":"3.518","fga":"9.835","fg_pct":"0.358","three_p":"1.576","three_pa":"5.329","three_p_pct":"0.296","ft":"1.471","fta":"1.882","ft_pct":"0.782","orb":"0.176","drb":"3.494","trb":"3.671","ast":"3.765","stl":"0.871","blk":"0.141","tov":"1.306","pf":"2.388","pts":"10.082"},{"game_id":1056,"team_name":"TOR","player_id":"{\"harrija01\"}","player_name":"{\"Jalen Harris\"}","fg":"3.047","fga":"6.271","fg_pct":"0.486","three_p":"1.400","three_pa":"2.929","three_p_pct":"0.478","ft":"0.659","fta":"0.800","ft_pct":"0.824","orb":"0.200","drb":"1.506","trb":"1.706","ast":"1.459","stl":"0.788","blk":"0.000","tov":"1.471","pf":"1.494","pts":"8.153"},{"game_id":1056,"team_name":"TOR","player_id":"{\"gillefr01\"}","player_name":"{\"Freddie Gillespie\"}","fg":"2.224","fga":"4.518","fg_pct":"0.492","three_p":"0.000","three_pa":"0.000","three_p_pct":"NaN","ft":"1.188","fta":"1.824","ft_pct":"0.651","orb":"2.529","drb":"3.024","trb":"5.553","ast":"0.247","stl":"1.000","blk":"0.929","tov":"0.635","pf":"2.259","pts":"5.635"},{"game_id":1056,"team_name":"TOR","player_id":"{\"birchkh01\"}","player_name":"{\"Khem Birch\"}","fg":"5.541","fga":"10.047","fg_pct":"0.552","three_p":"0.494","three_pa":"1.412","three_p_pct":"0.350","ft":"1.682","fta":"2.612","ft_pct":"0.644","orb":"3.082","drb":"4.341","trb":"7.424","ast":"2.341","stl":"0.965","blk":"0.965","tov":"1.024","pf":"2.494","pts":"13.259"},{"game_id":1056,"team_name":"TOR","player_id":"{\"johnsst04\"}","player_name":"{\"Stanley Johnson\"}","fg":"2.835","fga":"6.929","fg_pct":"0.409","three_p":"1.353","three_pa":"4.129","three_p_pct":"0.328","ft":"1.365","fta":"1.929","ft_pct":"0.708","orb":"0.259","drb":"2.553","trb":"2.812","ast":"2.388","stl":"1.388","blk":"0.200","tov":"0.965","pf":"2.706","pts":"8.388"},{"game_id":1056,"team_name":"TOR","player_id":"benchTOR","player_name":"Bench of TOR","fg":"2.400","fga":"4.953","fg_pct":"0.485","three_p":"0.224","three_pa":"1.506","three_p_pct":"0.149","ft":"0.341","fta":"0.588","ft_pct":"0.580","orb":"1.588","drb":"2.447","trb":"4.035","ast":"0.906","stl":"0.518","blk":"0.306","tov":"0.918","pf":"2.435","pts":"5.365"}]