[{"game_id":1218,"team_name":"NOP","player_id":"teamNOP","player_name":"Team name: NOP","ts_pct":"0.539","efg_pct":"0.517","three_par":"0.386","ftr":"0.191","orb_pct":"4.504","drb_pct":"15.124","trb_pct":"9.929","ast_pct":"14.477","stl_pct":"1.043","blk_pct":"1.419","tov_pct":"13.263","usg_pct":"19.140","ortg":"106.889","drtg":"114.868","bpm":"-2.017"},{"game_id":1218,"team_name":"GSW","player_id":"teamGSW","player_name":"Team name: GSW","ts_pct":"0.553","efg_pct":"0.491","three_par":"0.353","ftr":"0.307","orb_pct":"6.067","drb_pct":"16.909","trb_pct":"11.186","ast_pct":"15.634","stl_pct":"1.542","blk_pct":"1.560","tov_pct":"13.608","usg_pct":"20.622","ortg":"117.916","drtg":"136.535","bpm":"-2.879"}]