[{"game_id":1263,"team_name":"LAC","player_id":"{\"leonaka01\"}","player_name":"{\"Kawhi Leonard\"}","ts_pct":"0.599","efg_pct":"0.535","three_par":"0.265","ftr":"0.371","orb_pct":"5.660","drb_pct":"22.178","trb_pct":"14.115","ast_pct":"31.988","stl_pct":"3.201","blk_pct":"3.566","tov_pct":"10.764","usg_pct":"36.232","ortg":"120.259","drtg":"102.082","bpm":"11.487"},{"game_id":1263,"team_name":"LAC","player_id":"{\"beverpa01\"}","player_name":"{\"Patrick Beverley\"}","ts_pct":"0.473","efg_pct":"0.469","three_par":"0.564","ftr":"0.166","orb_pct":"3.996","drb_pct":"18.986","trb_pct":"11.428","ast_pct":"13.679","stl_pct":"2.286","blk_pct":"1.008","tov_pct":"16.896","usg_pct":"15.104","ortg":"97.259","drtg":"109.765","bpm":"-2.051"},{"game_id":1263,"team_name":"LAC","player_id":"{\"willilo02\"}","player_name":"{\"Lou Williams\"}","ts_pct":"0.519","efg_pct":"0.445","three_par":"0.263","ftr":"0.472","orb_pct":"1.644","drb_pct":"10.149","trb_pct":"5.834","ast_pct":"28.229","stl_pct":"0.738","blk_pct":"0.000","tov_pct":"12.365","usg_pct":"32.180","ortg":"104.365","drtg":"116.576","bpm":"-2.248"},{"game_id":1263,"team_name":"LAC","player_id":"{\"harremo01\"}","player_name":"{\"Montrezl Harrell\"}","ts_pct":"0.719","efg_pct":"0.717","three_par":"0.007","ftr":"0.471","orb_pct":"7.898","drb_pct":"14.440","trb_pct":"11.241","ast_pct":"11.706","stl_pct":"0.975","blk_pct":"2.332","tov_pct":"14.826","usg_pct":"24.816","ortg":"127.376","drtg":"112.918","bpm":"3.320"},{"game_id":1263,"team_name":"LAC","player_id":"{\"shamela01\"}","player_name":"{\"Landry Shamet\"}","ts_pct":"0.550","efg_pct":"0.463","three_par":"0.742","ftr":"0.279","orb_pct":"0.000","drb_pct":"5.359","trb_pct":"2.652","ast_pct":"8.773","stl_pct":"1.019","blk_pct":"0.265","tov_pct":"11.278","usg_pct":"12.764","ortg":"106.624","drtg":"116.882","bpm":"-3.782"},{"game_id":1263,"team_name":"LAC","player_id":"{\"greenja01\"}","player_name":"{\"JaMychal Green\"}","ts_pct":"0.647","efg_pct":"0.641","three_par":"0.711","ftr":"0.280","orb_pct":"3.192","drb_pct":"21.629","trb_pct":"12.080","ast_pct":"2.313","stl_pct":"0.880","blk_pct":"0.438","tov_pct":"8.388","usg_pct":"14.584","ortg":"113.706","drtg":"113.647","bpm":"2.252"},{"game_id":1263,"team_name":"LAC","player_id":"benchLAC","player_name":"Bench of LAC","ts_pct":"0.417","efg_pct":"0.407","three_par":"0.243","ftr":"0.238","orb_pct":"7.955","drb_pct":"21.297","trb_pct":"14.812","ast_pct":"8.460","stl_pct":"1.251","blk_pct":"2.986","tov_pct":"15.550","usg_pct":"13.390","ortg":"87.480","drtg":"108.312","bpm":"-2.890"},{"game_id":1263,"team_name":"UTA","player_id":"{\"niangge01\"}","player_name":"{\"Georges Niang\"}","ts_pct":"0.414","efg_pct":"0.398","three_par":"0.475","ftr":"0.094","orb_pct":"0.000","drb_pct":"18.258","trb_pct":"9.295","ast_pct":"6.689","stl_pct":"0.198","blk_pct":"1.326","tov_pct":"10.182","usg_pct":"15.722","ortg":"71.612","drtg":"102.176","bpm":"-2.612"},{"game_id":1263,"team_name":"UTA","player_id":"{\"conlemi01\"}","player_name":"{\"Mike Conley\"}","ts_pct":"0.500","efg_pct":"0.434","three_par":"0.476","ftr":"0.378","orb_pct":"1.149","drb_pct":"8.664","trb_pct":"5.093","ast_pct":"25.267","stl_pct":"1.926","blk_pct":"0.673","tov_pct":"14.758","usg_pct":"27.302","ortg":"99.635","drtg":"104.200","bpm":"-0.486"},{"game_id":1263,"team_name":"UTA","player_id":"{\"bogdabo02\"}","player_name":"{\"Bojan Bogdanović\"}","ts_pct":"0.615","efg_pct":"0.564","three_par":"0.410","ftr":"0.279","orb_pct":"1.034","drb_pct":"16.120","trb_pct":"8.892","ast_pct":"10.487","stl_pct":"1.866","blk_pct":"0.729","tov_pct":"12.755","usg_pct":"25.679","ortg":"106.894","drtg":"100.753","bpm":"2.952"},{"game_id":1263,"team_name":"UTA","player_id":"{\"onealro01\"}","player_name":"{\"Royce O'Neale\"}","ts_pct":"0.608","efg_pct":"0.603","three_par":"0.379","ftr":"0.031","orb_pct":"0.469","drb_pct":"16.058","trb_pct":"8.846","ast_pct":"13.478","stl_pct":"1.215","blk_pct":"1.406","tov_pct":"29.238","usg_pct":"11.952","ortg":"107.306","drtg":"100.212","bpm":"1.779"},{"game_id":1263,"team_name":"UTA","player_id":"{\"goberru01\"}","player_name":"{\"Rudy Gobert\"}","ts_pct":"0.677","efg_pct":"0.644","three_par":"0.000","ftr":"0.973","orb_pct":"9.306","drb_pct":"28.151","trb_pct":"19.489","ast_pct":"6.186","stl_pct":"1.558","blk_pct":"6.114","tov_pct":"26.886","usg_pct":"14.673","ortg":"106.953","drtg":"94.306","bpm":"0.762"},{"game_id":1263,"team_name":"UTA","player_id":"{\"mitchdo01\"}","player_name":"{\"Donovan Mitchell\"}","ts_pct":"0.562","efg_pct":"0.512","three_par":"0.249","ftr":"0.289","orb_pct":"2.652","drb_pct":"11.480","trb_pct":"7.387","ast_pct":"17.615","stl_pct":"2.725","blk_pct":"0.419","tov_pct":"8.233","usg_pct":"29.527","ortg":"109.776","drtg":"98.800","bpm":"3.547"},{"game_id":1263,"team_name":"UTA","player_id":"benchUTA","player_name":"Bench of UTA","ts_pct":"0.518","efg_pct":"0.512","three_par":"0.437","ftr":"0.220","orb_pct":"4.141","drb_pct":"15.325","trb_pct":"10.441","ast_pct":"11.651","stl_pct":"1.796","blk_pct":"0.882","tov_pct":"13.740","usg_pct":"17.485","ortg":"101.001","drtg":"101.189","bpm":"-0.221"}]