[{"game_id":1123,"team_name":"UTA","player_id":"{\"forretr01\"}","player_name":"{\"Trent Forrest\"}","ts_pct":"0.519","efg_pct":"0.449","three_par":"0.377","ftr":"0.333","orb_pct":"9.067","drb_pct":"12.754","trb_pct":"11.293","ast_pct":"13.841","stl_pct":"2.075","blk_pct":"1.204","tov_pct":"22.333","usg_pct":"17.431","ortg":"111.012","drtg":"109.224","bpm":"-1.819"},{"game_id":1123,"team_name":"UTA","player_id":"{\"onealro01\"}","player_name":"{\"Royce O'Neale\"}","ts_pct":"0.639","efg_pct":"0.637","three_par":"0.743","ftr":"0.047","orb_pct":"4.715","drb_pct":"16.116","trb_pct":"10.619","ast_pct":"8.347","stl_pct":"1.396","blk_pct":"0.552","tov_pct":"10.973","usg_pct":"10.785","ortg":"125.365","drtg":"114.329","bpm":"1.242"},{"game_id":1123,"team_name":"UTA","player_id":"{\"goberru01\"}","player_name":"{\"Rudy Gobert\"}","ts_pct":"0.714","efg_pct":"0.738","three_par":"0.013","ftr":"0.734","orb_pct":"14.166","drb_pct":"34.232","trb_pct":"24.614","ast_pct":"5.044","stl_pct":"0.465","blk_pct":"6.232","tov_pct":"13.212","usg_pct":"16.805","ortg":"135.529","drtg":"107.224","bpm":"4.129"},{"game_id":1123,"team_name":"UTA","player_id":"{\"bogdabo02\"}","player_name":"{\"Bojan Bogdanović\"}","ts_pct":"0.622","efg_pct":"0.566","three_par":"0.422","ftr":"0.357","orb_pct":"2.140","drb_pct":"11.812","trb_pct":"7.192","ast_pct":"8.145","stl_pct":"1.245","blk_pct":"0.000","tov_pct":"13.772","usg_pct":"24.927","ortg":"114.000","drtg":"116.235","bpm":"-0.111"},{"game_id":1123,"team_name":"UTA","player_id":"{\"clarkjo01\"}","player_name":"{\"Jordan Clarkson\"}","ts_pct":"0.581","efg_pct":"0.524","three_par":"0.540","ftr":"0.270","orb_pct":"3.213","drb_pct":"13.340","trb_pct":"8.360","ast_pct":"12.027","stl_pct":"1.051","blk_pct":"1.205","tov_pct":"10.082","usg_pct":"34.096","ortg":"113.671","drtg":"115.882","bpm":"1.779"},{"game_id":1123,"team_name":"UTA","player_id":"{\"mitchdo01\"}","player_name":"{\"Donovan Mitchell\"}","ts_pct":"0.562","efg_pct":"0.488","three_par":"0.416","ftr":"0.391","orb_pct":"1.924","drb_pct":"8.784","trb_pct":"5.578","ast_pct":"22.889","stl_pct":"1.407","blk_pct":"1.014","tov_pct":"9.206","usg_pct":"40.254","ortg":"112.741","drtg":"115.012","bpm":"3.232"},{"game_id":1123,"team_name":"UTA","player_id":"benchUTA","player_name":"Bench of UTA","ts_pct":"0.470","efg_pct":"0.442","three_par":"0.477","ftr":"0.173","orb_pct":"3.913","drb_pct":"12.366","trb_pct":"8.372","ast_pct":"7.623","stl_pct":"1.469","blk_pct":"0.816","tov_pct":"10.010","usg_pct":"16.134","ortg":"105.058","drtg":"110.785","bpm":"-0.824"},{"game_id":1123,"team_name":"MEM","player_id":"{\"brookdi01\"}","player_name":"{\"Dillon Brooks\"}","ts_pct":"0.543","efg_pct":"0.507","three_par":"0.203","ftr":"0.225","orb_pct":"2.689","drb_pct":"9.212","trb_pct":"5.835","ast_pct":"12.071","stl_pct":"2.154","blk_pct":"1.747","tov_pct":"5.759","usg_pct":"28.373","ortg":"112.471","drtg":"118.788","bpm":"0.671"},{"game_id":1123,"team_name":"MEM","player_id":"{\"moranja01\"}","player_name":"{\"Ja Morant\"}","ts_pct":"0.528","efg_pct":"0.494","three_par":"0.295","ftr":"0.337","orb_pct":"3.742","drb_pct":"9.840","trb_pct":"6.755","ast_pct":"29.434","stl_pct":"1.191","blk_pct":"0.000","tov_pct":"13.455","usg_pct":"29.832","ortg":"108.576","drtg":"121.953","bpm":"-0.019"},{"game_id":1123,"team_name":"MEM","player_id":"{\"jacksja02\"}","player_name":"{\"Jaren Jackson Jr.\"}","ts_pct":"0.546","efg_pct":"0.469","three_par":"0.534","ftr":"0.530","orb_pct":"7.846","drb_pct":"13.695","trb_pct":"10.685","ast_pct":"7.993","stl_pct":"2.200","blk_pct":"5.081","tov_pct":"8.813","usg_pct":"22.193","ortg":"114.071","drtg":"114.729","bpm":"-0.202"},{"game_id":1123,"team_name":"MEM","player_id":"{\"valanjo01\"}","player_name":"{\"Jonas Valančiūnas\"}","ts_pct":"0.645","efg_pct":"0.620","three_par":"0.084","ftr":"0.296","orb_pct":"13.728","drb_pct":"27.371","trb_pct":"20.704","ast_pct":"11.027","stl_pct":"0.391","blk_pct":"3.013","tov_pct":"10.267","usg_pct":"18.293","ortg":"133.894","drtg":"115.341","bpm":"2.598"},{"game_id":1123,"team_name":"MEM","player_id":"{\"winslju01\"}","player_name":"{\"Justise Winslow\"}","ts_pct":"0.360","efg_pct":"0.324","three_par":"0.160","ftr":"0.371","orb_pct":"3.113","drb_pct":"24.095","trb_pct":"14.119","ast_pct":"19.325","stl_pct":"0.652","blk_pct":"2.255","tov_pct":"9.920","usg_pct":"18.747","ortg":"107.694","drtg":"109.318","bpm":"-2.314"},{"game_id":1123,"team_name":"MEM","player_id":"{\"clarkbr01\"}","player_name":"{\"Brandon Clarke\"}","ts_pct":"0.449","efg_pct":"0.408","three_par":"0.176","ftr":"0.292","orb_pct":"14.066","drb_pct":"16.313","trb_pct":"14.854","ast_pct":"5.426","stl_pct":"2.428","blk_pct":"3.264","tov_pct":"1.969","usg_pct":"14.314","ortg":"104.682","drtg":"110.918","bpm":"0.399"},{"game_id":1123,"team_name":"MEM","player_id":"benchMEM","player_name":"Bench of MEM","ts_pct":"0.493","efg_pct":"0.457","three_par":"0.426","ftr":"0.149","orb_pct":"3.865","drb_pct":"15.747","trb_pct":"9.718","ast_pct":"11.129","stl_pct":"1.397","blk_pct":"2.763","tov_pct":"8.969","usg_pct":"14.449","ortg":"108.863","drtg":"116.230","bpm":"-1.560"}]