[{"game_id":1022,"team_name":"MEM","player_id":"teamMEM","player_name":"Team name: MEM","fg":"40.320","fga":"90.829","fg_pct":"0.444","three_p":"11.189","three_pa":"34.120","three_p_pct":"0.328","ft":"18.497","fta":"24.103","ft_pct":"0.767","orb":"11.669","drb":"36.954","trb":"48.623","ast":"25.160","stl":"7.320","blk":"6.297","tov":"13.320","pf":"18.651","pts":"110.326"},{"game_id":1022,"team_name":"NOP","player_id":"teamNOP","player_name":"Team name: NOP","fg":"43.171","fga":"92.949","fg_pct":"0.464","three_p":"10.423","three_pa":"30.703","three_p_pct":"0.339","ft":"18.406","fta":"26.429","ft_pct":"0.696","orb":"12.766","drb":"38.051","trb":"50.817","ast":"26.777","stl":"9.920","blk":"4.914","tov":"15.497","pf":"17.971","pts":"115.171"}]