[{"game_id":1042,"team_name":"LAL","player_id":"{\"hortota01\"}","player_name":"{\"Talen Horton-Tucker\"}","ts_pct":"0.606","efg_pct":"0.584","three_par":"0.202","ftr":"0.293","orb_pct":"2.273","drb_pct":"8.936","trb_pct":"5.095","ast_pct":"30.525","stl_pct":"2.034","blk_pct":"0.000","tov_pct":"25.612","usg_pct":"21.778","ortg":"100.776","drtg":"112.541","bpm":"-2.693"},{"game_id":1042,"team_name":"LAL","player_id":"{\"cacokde01\"}","player_name":"{\"Devontae Cacok\"}","ts_pct":"0.367","efg_pct":"0.302","three_par":"0.000","ftr":"0.600","orb_pct":"16.811","drb_pct":"22.787","trb_pct":"19.871","ast_pct":"0.000","stl_pct":"1.059","blk_pct":"5.464","tov_pct":"14.082","usg_pct":"16.419","ortg":"65.259","drtg":"110.012","bpm":"-5.401"},{"game_id":1042,"team_name":"LAL","player_id":"{\"kuzmaky01\"}","player_name":"{\"Kyle Kuzma\"}","ts_pct":"0.610","efg_pct":"0.597","three_par":"0.546","ftr":"0.056","orb_pct":"3.360","drb_pct":"12.394","trb_pct":"7.624","ast_pct":"10.536","stl_pct":"1.066","blk_pct":"2.620","tov_pct":"13.786","usg_pct":"18.013","ortg":"109.753","drtg":"111.776","bpm":"1.442"},{"game_id":1042,"team_name":"LAL","player_id":"{\"caldwke01\"}","player_name":"{\"Kentavious Caldwell-Pope\"}","ts_pct":"0.552","efg_pct":"0.474","three_par":"0.627","ftr":"0.412","orb_pct":"1.132","drb_pct":"10.115","trb_pct":"5.367","ast_pct":"13.806","stl_pct":"1.975","blk_pct":"1.996","tov_pct":"10.515","usg_pct":"13.960","ortg":"114.871","drtg":"110.812","bpm":"1.004"},{"game_id":1042,"team_name":"LAL","player_id":"{\"harremo01\"}","player_name":"{\"Montrezl Harrell\"}","ts_pct":"0.697","efg_pct":"0.684","three_par":"0.000","ftr":"0.742","orb_pct":"11.661","drb_pct":"19.507","trb_pct":"15.178","ast_pct":"8.560","stl_pct":"1.205","blk_pct":"4.031","tov_pct":"7.506","usg_pct":"24.753","ortg":"135.176","drtg":"109.976","bpm":"6.872"},{"game_id":1042,"team_name":"LAL","player_id":"{\"mclembe01\"}","player_name":"{\"Ben McLemore\"}","ts_pct":"0.494","efg_pct":"0.494","three_par":"0.854","ftr":"0.041","orb_pct":"0.165","drb_pct":"11.224","trb_pct":"5.244","ast_pct":"2.720","stl_pct":"0.384","blk_pct":"1.691","tov_pct":"7.860","usg_pct":"19.358","ortg":"85.541","drtg":"114.612","bpm":"-3.760"},{"game_id":1042,"team_name":"LAL","player_id":"benchLAL","player_name":"Bench of LAL","ts_pct":"0.401","efg_pct":"0.389","three_par":"0.378","ftr":"0.204","orb_pct":"7.774","drb_pct":"15.752","trb_pct":"11.684","ast_pct":"7.170","stl_pct":"1.153","blk_pct":"1.277","tov_pct":"11.880","usg_pct":"16.805","ortg":"83.055","drtg":"112.259","bpm":"-5.445"},{"game_id":1042,"team_name":"HOU","player_id":"{\"thomakh01\"}","player_name":"{\"Khyri Thomas\"}","ts_pct":"0.567","efg_pct":"0.521","three_par":"0.687","ftr":"0.177","orb_pct":"3.078","drb_pct":"4.296","trb_pct":"3.592","ast_pct":"9.872","stl_pct":"3.794","blk_pct":"1.404","tov_pct":"7.839","usg_pct":"19.844","ortg":"115.776","drtg":"120.435","bpm":"0.988"},{"game_id":1042,"team_name":"HOU","player_id":"{\"martike04\"}","player_name":"{\"Kenyon Martin Jr.\"}","ts_pct":"0.630","efg_pct":"0.609","three_par":"0.322","ftr":"0.213","orb_pct":"5.591","drb_pct":"17.779","trb_pct":"11.172","ast_pct":"9.241","stl_pct":"1.391","blk_pct":"2.448","tov_pct":"7.064","usg_pct":"17.811","ortg":"125.918","drtg":"124.212","bpm":"0.167"},{"game_id":1042,"team_name":"HOU","player_id":"{\"brookar01\"}","player_name":"{\"Armoni Brooks\"}","ts_pct":"0.581","efg_pct":"0.574","three_par":"0.829","ftr":"0.056","orb_pct":"0.793","drb_pct":"10.776","trb_pct":"5.406","ast_pct":"8.509","stl_pct":"0.878","blk_pct":"1.752","tov_pct":"11.065","usg_pct":"17.151","ortg":"105.741","drtg":"127.118","bpm":"-3.088"},{"game_id":1042,"team_name":"HOU","player_id":"{\"lamban01\"}","player_name":"{\"Anthony Lamb\"}","ts_pct":"0.599","efg_pct":"0.574","three_par":"0.744","ftr":"0.136","orb_pct":"4.120","drb_pct":"11.441","trb_pct":"7.775","ast_pct":"12.861","stl_pct":"0.642","blk_pct":"2.695","tov_pct":"9.300","usg_pct":"14.025","ortg":"113.929","drtg":"127.188","bpm":"-1.000"},{"game_id":1042,"team_name":"HOU","player_id":"{\"olynyke01\"}","player_name":"{\"Kelly Olynyk\"}","ts_pct":"0.630","efg_pct":"0.548","three_par":"0.334","ftr":"0.566","orb_pct":"6.133","drb_pct":"26.781","trb_pct":"16.056","ast_pct":"26.200","stl_pct":"2.860","blk_pct":"1.762","tov_pct":"15.693","usg_pct":"24.318","ortg":"122.400","drtg":"118.376","bpm":"4.147"},{"game_id":1042,"team_name":"HOU","player_id":"{\"augusdj01\"}","player_name":"{\"D.J. Augustin\"}","ts_pct":"0.536","efg_pct":"0.474","three_par":"0.462","ftr":"0.470","orb_pct":"1.239","drb_pct":"5.951","trb_pct":"3.558","ast_pct":"23.367","stl_pct":"0.372","blk_pct":"0.000","tov_pct":"17.706","usg_pct":"21.253","ortg":"108.718","drtg":"129.612","bpm":"-7.046"},{"game_id":1042,"team_name":"HOU","player_id":"benchHOU","player_name":"Bench of HOU","ts_pct":"0.558","efg_pct":"0.541","three_par":"0.304","ftr":"0.153","orb_pct":"5.638","drb_pct":"12.807","trb_pct":"9.077","ast_pct":"21.161","stl_pct":"2.358","blk_pct":"0.000","tov_pct":"7.601","usg_pct":"22.064","ortg":"116.629","drtg":"126.665","bpm":"-1.471"}]