[{"game_id":1065,"team_name":"MIL","player_id":"teamMIL","player_name":"Team name: MIL","ts_pct":"0.585","efg_pct":"0.547","three_par":"0.460","ftr":"0.285","orb_pct":"5.320","drb_pct":"14.874","trb_pct":"10.205","ast_pct":"12.876","stl_pct":"2.058","blk_pct":"1.647","tov_pct":"11.561","usg_pct":"20.103","ortg":"116.034","drtg":"124.283","bpm":"-0.699"},{"game_id":1065,"team_name":"MIA","player_id":"teamMIA","player_name":"Team name: MIA","ts_pct":"0.572","efg_pct":"0.550","three_par":"0.415","ftr":"0.262","orb_pct":"5.354","drb_pct":"16.477","trb_pct":"10.919","ast_pct":"15.110","stl_pct":"1.552","blk_pct":"1.355","tov_pct":"12.001","usg_pct":"20.602","ortg":"120.558","drtg":"123.358","bpm":"-0.972"}]