[{"game_id":1128,"team_name":"DAL","player_id":"teamDAL","player_name":"Team name: DAL","ts_pct":"0.589","efg_pct":"0.546","three_par":"0.423","ftr":"0.295","orb_pct":"5.893","drb_pct":"17.954","trb_pct":"11.708","ast_pct":"15.459","stl_pct":"1.467","blk_pct":"1.446","tov_pct":"11.672","usg_pct":"22.127","ortg":"126.418","drtg":"142.816","bpm":"-1.969"},{"game_id":1128,"team_name":"LAC","player_id":"teamLAC","player_name":"Team name: LAC","ts_pct":"0.644","efg_pct":"0.616","three_par":"0.438","ftr":"0.284","orb_pct":"5.219","drb_pct":"16.813","trb_pct":"11.354","ast_pct":"14.967","stl_pct":"1.457","blk_pct":"2.450","tov_pct":"10.552","usg_pct":"19.941","ortg":"129.285","drtg":"124.191","bpm":"-0.725"}]