[{"game_id":110,"team_name":"MIA","player_id":"teamMIA","player_name":"Team name: MIA","ts_pct":"0.556","efg_pct":"0.520","three_par":"0.446","ftr":"0.253","orb_pct":"3.310","drb_pct":"16.112","trb_pct":"10.056","ast_pct":"11.083","stl_pct":"1.724","blk_pct":"1.303","tov_pct":"16.493","usg_pct":"20.633","ortg":"101.590","drtg":"117.783","bpm":"-1.394"},{"game_id":110,"team_name":"BOS","player_id":"teamBOS","player_name":"Team name: BOS","ts_pct":"0.568","efg_pct":"0.545","three_par":"0.359","ftr":"0.308","orb_pct":"6.147","drb_pct":"16.628","trb_pct":"11.245","ast_pct":"13.173","stl_pct":"1.712","blk_pct":"2.725","tov_pct":"14.805","usg_pct":"19.368","ortg":"109.799","drtg":"119.167","bpm":"-1.162"}]