[{"game_id":1160,"team_name":"ATL","player_id":"teamATL","player_name":"Team name: ATL","ts_pct":"0.509","efg_pct":"0.478","three_par":"0.349","ftr":"0.343","orb_pct":"5.593","drb_pct":"15.477","trb_pct":"10.750","ast_pct":"10.772","stl_pct":"1.642","blk_pct":"2.382","tov_pct":"8.824","usg_pct":"19.316","ortg":"108.022","drtg":"120.973","bpm":"0.730"},{"game_id":1160,"team_name":"MIL","player_id":"teamMIL","player_name":"Team name: MIL","ts_pct":"0.485","efg_pct":"0.452","three_par":"0.450","ftr":"0.190","orb_pct":"5.257","drb_pct":"17.190","trb_pct":"11.232","ast_pct":"11.184","stl_pct":"2.146","blk_pct":"3.014","tov_pct":"10.531","usg_pct":"18.854","ortg":"101.009","drtg":"115.554","bpm":"1.189"}]