[{"game_id":1044,"team_name":"IND","player_id":"{\"stanlca01\"}","player_name":"{\"Cassius Stanley\"}","fg":"1.035","fga":"2.682","fg_pct":"0.386","three_p":"0.282","three_pa":"0.871","three_p_pct":"0.324","ft":"0.353","fta":"0.494","ft_pct":"0.715","orb":"0.353","drb":"0.859","trb":"1.212","ast":"0.106","stl":"0.141","blk":"0.000","tov":"0.000","pf":"0.482","pts":"2.706"},{"game_id":1044,"team_name":"IND","player_id":"{\"mccontj01\"}","player_name":"{\"T.J. McConnell\"}","fg":"4.553","fga":"7.976","fg_pct":"0.571","three_p":"0.153","three_pa":"0.871","three_p_pct":"0.176","ft":"0.765","fta":"0.871","ft_pct":"0.878","orb":"1.306","drb":"2.776","trb":"4.082","ast":"4.976","stl":"1.976","blk":"0.200","tov":"2.224","pf":"1.882","pts":"10.024"},{"game_id":1044,"team_name":"IND","player_id":"{\"holidju01\"}","player_name":"{\"Justin Holiday\"}","fg":"3.376","fga":"6.929","fg_pct":"0.487","three_p":"2.212","three_pa":"4.800","three_p_pct":"0.461","ft":"1.259","fta":"1.506","ft_pct":"0.836","orb":"0.224","drb":"2.976","trb":"3.200","ast":"1.588","stl":"0.129","blk":"1.494","tov":"0.329","pf":"1.518","pts":"10.224"},{"game_id":1044,"team_name":"IND","player_id":"{\"brissos01\"}","player_name":"{\"Oshae Brissett\"}","fg":"3.141","fga":"7.035","fg_pct":"0.446","three_p":"1.153","three_pa":"3.400","three_p_pct":"0.339","ft":"2.494","fta":"3.024","ft_pct":"0.825","orb":"1.353","drb":"4.518","trb":"5.871","ast":"0.729","stl":"1.282","blk":"1.271","tov":"0.812","pf":"1.529","pts":"9.929"},{"game_id":1044,"team_name":"IND","player_id":"{\"mcderdo01\"}","player_name":"{\"Doug McDermott\"}","fg":"6.071","fga":"10.906","fg_pct":"0.557","three_p":"1.859","three_pa":"4.447","three_p_pct":"0.418","ft":"1.176","fta":"1.506","ft_pct":"0.781","orb":"0.459","drb":"1.976","trb":"2.435","ast":"0.965","stl":"0.294","blk":"0.094","tov":"0.929","pf":"1.682","pts":"15.176"},{"game_id":1044,"team_name":"IND","player_id":"{\"martike03\"}","player_name":"{\"Kelan Martin\"}","fg":"3.388","fga":"6.600","fg_pct":"0.513","three_p":"1.165","three_pa":"2.400","three_p_pct":"0.485","ft":"0.129","fta":"0.188","ft_pct":"0.686","orb":"0.624","drb":"3.247","trb":"3.871","ast":"0.718","stl":"0.200","blk":"0.459","tov":"0.894","pf":"1.741","pts":"8.071"},{"game_id":1044,"team_name":"IND","player_id":"benchIND","player_name":"Bench of IND","fg":"4.694","fga":"8.648","fg_pct":"0.543","three_p":"0.685","three_pa":"2.142","three_p_pct":"0.320","ft":"1.793","fta":"2.370","ft_pct":"0.757","orb":"1.435","drb":"6.158","trb":"7.593","ast":"4.102","stl":"0.636","blk":"1.248","tov":"1.639","pf":"2.936","pts":"11.866"},{"game_id":1044,"team_name":"MIL","player_id":"{\"teaguje01\"}","player_name":"{\"Jeff Teague\"}","fg":"1.753","fga":"3.600","fg_pct":"0.487","three_p":"0.118","three_pa":"0.800","three_p_pct":"0.147","ft":"0.929","fta":"1.106","ft_pct":"0.840","orb":"0.318","drb":"0.753","trb":"1.071","ast":"1.894","stl":"0.459","blk":"0.141","tov":"1.412","pf":"0.424","pts":"4.553"},{"game_id":1044,"team_name":"MIL","player_id":"{\"antetgi01\"}","player_name":"{\"Giannis Antetokounmpo\"}","fg":"10.200","fga":"17.671","fg_pct":"0.577","three_p":"1.047","three_pa":"3.988","three_p_pct":"0.263","ft":"5.047","fta":"6.824","ft_pct":"0.740","orb":"0.965","drb":"8.129","trb":"9.094","ast":"5.188","stl":"1.365","blk":"0.882","tov":"2.353","pf":"3.482","pts":"26.494"},{"game_id":1044,"team_name":"MIL","player_id":"{\"holidjr01\"}","player_name":"{\"Jrue Holiday\"}","fg":"7.776","fga":"15.847","fg_pct":"0.491","three_p":"2.282","three_pa":"5.729","three_p_pct":"0.398","ft":"2.376","fta":"3.318","ft_pct":"0.716","orb":"1.471","drb":"3.118","trb":"4.588","ast":"6.424","stl":"1.094","blk":"0.859","tov":"2.529","pf":"1.894","pts":"20.212"},{"game_id":1044,"team_name":"MIL","player_id":"{\"middlkh01\"}","player_name":"{\"Khris Middleton\"}","fg":"7.388","fga":"17.082","fg_pct":"0.433","three_p":"2.247","three_pa":"6.412","three_p_pct":"0.350","ft":"3.871","fta":"4.165","ft_pct":"0.929","orb":"0.682","drb":"5.506","trb":"6.188","ast":"4.776","stl":"0.729","blk":"0.000","tov":"1.847","pf":"2.000","pts":"20.894"},{"game_id":1044,"team_name":"MIL","player_id":"{\"divindo01\"}","player_name":"{\"Donte DiVincenzo\"}","fg":"4.447","fga":"9.176","fg_pct":"0.485","three_p":"2.282","three_pa":"5.847","three_p_pct":"0.390","ft":"0.741","fta":"1.106","ft_pct":"0.670","orb":"1.188","drb":"4.729","trb":"5.918","ast":"2.918","stl":"0.847","blk":"0.412","tov":"1.188","pf":"2.282","pts":"11.918"},{"game_id":1044,"team_name":"MIL","player_id":"{\"lopezbr01\"}","player_name":"{\"Brook Lopez\"}","fg":"5.471","fga":"10.059","fg_pct":"0.544","three_p":"0.588","three_pa":"2.694","three_p_pct":"0.218","ft":"3.071","fta":"3.741","ft_pct":"0.821","orb":"1.953","drb":"2.741","trb":"4.694","ast":"0.682","stl":"0.471","blk":"1.894","tov":"0.788","pf":"2.576","pts":"14.600"},{"game_id":1044,"team_name":"MIL","player_id":"benchMIL","player_name":"Bench of MIL","fg":"2.684","fga":"5.946","fg_pct":"0.451","three_p":"1.235","three_pa":"3.004","three_p_pct":"0.411","ft":"0.472","fta":"0.694","ft_pct":"0.680","orb":"1.193","drb":"3.590","trb":"4.784","ast":"0.987","stl":"0.712","blk":"0.219","tov":"0.674","pf":"1.700","pts":"7.074"}]