[{"game_id":1056,"team_name":"DAL","player_id":"{\"porzikr01\"}","player_name":"{\"Kristaps Porziņģis\"}","ts_pct":"0.574","efg_pct":"0.525","three_par":"0.330","ftr":"0.262","orb_pct":"5.106","drb_pct":"22.095","trb_pct":"13.396","ast_pct":"7.098","stl_pct":"1.208","blk_pct":"1.112","tov_pct":"2.951","usg_pct":"24.444","ortg":"121.471","drtg":"113.306","bpm":"1.587"},{"game_id":1056,"team_name":"DAL","player_id":"{\"doncilu01\"}","player_name":"{\"Luka Dončić\"}","ts_pct":"0.558","efg_pct":"0.512","three_par":"0.413","ftr":"0.349","orb_pct":"4.067","drb_pct":"25.535","trb_pct":"14.575","ast_pct":"36.821","stl_pct":"1.285","blk_pct":"0.447","tov_pct":"16.088","usg_pct":"38.307","ortg":"108.882","drtg":"112.365","bpm":"2.161"},{"game_id":1056,"team_name":"DAL","player_id":"{\"finnedo01\"}","player_name":"{\"Dorian Finney-Smith\"}","ts_pct":"0.577","efg_pct":"0.575","three_par":"0.619","ftr":"0.086","orb_pct":"4.000","drb_pct":"13.573","trb_pct":"8.980","ast_pct":"10.188","stl_pct":"1.436","blk_pct":"1.294","tov_pct":"13.982","usg_pct":"13.241","ortg":"116.365","drtg":"114.388","bpm":"-3.219"},{"game_id":1056,"team_name":"DAL","player_id":"{\"poweldw01\"}","player_name":"{\"Dwight Powell\"}","ts_pct":"0.861","efg_pct":"0.848","three_par":"0.015","ftr":"0.703","orb_pct":"10.689","drb_pct":"16.991","trb_pct":"14.128","ast_pct":"12.527","stl_pct":"1.691","blk_pct":"4.574","tov_pct":"19.788","usg_pct":"12.236","ortg":"154.212","drtg":"109.459","bpm":"3.022"},{"game_id":1056,"team_name":"DAL","player_id":"{\"hardati02\"}","player_name":"{\"Tim Hardaway Jr.\"}","ts_pct":"0.715","efg_pct":"0.683","three_par":"0.601","ftr":"0.220","orb_pct":"1.411","drb_pct":"13.169","trb_pct":"7.044","ast_pct":"12.189","stl_pct":"0.704","blk_pct":"0.320","tov_pct":"4.315","usg_pct":"26.364","ortg":"139.929","drtg":"116.294","bpm":"6.511"},{"game_id":1056,"team_name":"DAL","player_id":"{\"brunsja01\"}","player_name":"{\"Jalen Brunson\"}","ts_pct":"0.648","efg_pct":"0.606","three_par":"0.321","ftr":"0.265","orb_pct":"0.362","drb_pct":"12.066","trb_pct":"6.016","ast_pct":"27.261","stl_pct":"1.335","blk_pct":"0.000","tov_pct":"6.079","usg_pct":"20.085","ortg":"134.071","drtg":"115.365","bpm":"2.924"},{"game_id":1056,"team_name":"DAL","player_id":"benchDAL","player_name":"Bench of DAL","ts_pct":"0.481","efg_pct":"0.457","three_par":"0.353","ftr":"0.231","orb_pct":"5.215","drb_pct":"13.909","trb_pct":"9.511","ast_pct":"7.087","stl_pct":"1.635","blk_pct":"1.916","tov_pct":"8.499","usg_pct":"17.502","ortg":"99.435","drtg":"113.413","bpm":"-4.330"},{"game_id":1056,"team_name":"TOR","player_id":"{\"bembrde01\"}","player_name":"{\"DeAndre' Bembry\"}","ts_pct":"0.541","efg_pct":"0.499","three_par":"0.222","ftr":"0.273","orb_pct":"3.460","drb_pct":"16.764","trb_pct":"9.418","ast_pct":"15.642","stl_pct":"5.120","blk_pct":"1.605","tov_pct":"22.373","usg_pct":"16.619","ortg":"100.976","drtg":"109.424","bpm":"-0.864"},{"game_id":1056,"team_name":"TOR","player_id":"{\"flynnma01\"}","player_name":"{\"Malachi Flynn\"}","ts_pct":"0.448","efg_pct":"0.413","three_par":"0.517","ftr":"0.227","orb_pct":"0.722","drb_pct":"16.319","trb_pct":"7.675","ast_pct":"20.248","stl_pct":"1.494","blk_pct":"0.508","tov_pct":"10.991","usg_pct":"19.305","ortg":"93.141","drtg":"117.894","bpm":"-4.851"},{"game_id":1056,"team_name":"TOR","player_id":"{\"harrija01\"}","player_name":"{\"Jalen Harris\"}","ts_pct":"0.627","efg_pct":"0.615","three_par":"0.480","ftr":"0.074","orb_pct":"2.082","drb_pct":"10.447","trb_pct":"5.709","ast_pct":"14.851","stl_pct":"3.075","blk_pct":"0.000","tov_pct":"14.329","usg_pct":"19.900","ortg":"115.659","drtg":"115.671","bpm":"-0.884"},{"game_id":1056,"team_name":"TOR","player_id":"{\"gillefr01\"}","player_name":"{\"Freddie Gillespie\"}","ts_pct":"0.548","efg_pct":"0.513","three_par":"0.000","ftr":"0.555","orb_pct":"12.762","drb_pct":"19.794","trb_pct":"15.865","ast_pct":"2.089","stl_pct":"2.253","blk_pct":"5.156","tov_pct":"10.440","usg_pct":"13.427","ortg":"119.341","drtg":"112.400","bpm":"-2.764"},{"game_id":1056,"team_name":"TOR","player_id":"{\"birchkh01\"}","player_name":"{\"Khem Birch\"}","ts_pct":"0.595","efg_pct":"0.571","three_par":"0.133","ftr":"0.291","orb_pct":"9.632","drb_pct":"16.962","trb_pct":"12.999","ast_pct":"12.309","stl_pct":"1.572","blk_pct":"2.867","tov_pct":"8.321","usg_pct":"17.291","ortg":"123.365","drtg":"116.659","bpm":"0.834"},{"game_id":1056,"team_name":"TOR","player_id":"{\"johnsst04\"}","player_name":"{\"Stanley Johnson\"}","ts_pct":"0.362","efg_pct":"0.338","three_par":"0.668","ftr":"0.272","orb_pct":"0.675","drb_pct":"11.544","trb_pct":"5.394","ast_pct":"15.766","stl_pct":"3.026","blk_pct":"0.654","tov_pct":"16.412","usg_pct":"16.019","ortg":"79.941","drtg":"115.776","bpm":"-3.499"},{"game_id":1056,"team_name":"TOR","player_id":"benchTOR","player_name":"Bench of TOR","ts_pct":"0.498","efg_pct":"0.489","three_par":"0.265","ftr":"0.171","orb_pct":"8.921","drb_pct":"16.986","trb_pct":"13.225","ast_pct":"7.346","stl_pct":"1.440","blk_pct":"1.434","tov_pct":"13.295","usg_pct":"15.811","ortg":"100.835","drtg":"113.565","bpm":"-5.146"}]