[{"game_id":1145,"team_name":"LAC","player_id":"teamLAC","player_name":"Team name: LAC","ts_pct":"0.598","efg_pct":"0.553","three_par":"0.416","ftr":"0.260","orb_pct":"5.053","drb_pct":"15.675","trb_pct":"10.458","ast_pct":"13.076","stl_pct":"1.052","blk_pct":"2.562","tov_pct":"8.861","usg_pct":"18.623","ortg":"124.551","drtg":"126.143","bpm":"1.276"},{"game_id":1145,"team_name":"UTA","player_id":"teamUTA","player_name":"Team name: UTA","ts_pct":"0.582","efg_pct":"0.547","three_par":"0.472","ftr":"0.278","orb_pct":"5.910","drb_pct":"15.770","trb_pct":"11.052","ast_pct":"11.990","stl_pct":"1.267","blk_pct":"1.400","tov_pct":"12.613","usg_pct":"20.541","ortg":"125.036","drtg":"128.339","bpm":"-1.623"}]