[{"game_id":1224,"team_name":"DEN","player_id":"teamDEN","player_name":"Team name: DEN","ts_pct":"0.477","efg_pct":"0.425","three_par":"0.320","ftr":"0.365","orb_pct":"5.346","drb_pct":"13.046","trb_pct":"9.143","ast_pct":"12.961","stl_pct":"1.286","blk_pct":"2.012","tov_pct":"7.949","usg_pct":"18.359","ortg":"101.998","drtg":"104.247","bpm":"-0.291"},{"game_id":1224,"team_name":"DAL","player_id":"teamDAL","player_name":"Team name: DAL","ts_pct":"0.545","efg_pct":"0.512","three_par":"0.486","ftr":"0.338","orb_pct":"4.135","drb_pct":"15.875","trb_pct":"9.940","ast_pct":"15.628","stl_pct":"1.005","blk_pct":"1.569","tov_pct":"10.375","usg_pct":"19.674","ortg":"109.995","drtg":"111.290","bpm":"-0.702"}]