[{"game_id":1060,"team_name":"IND","player_id":"{\"stanlca01\"}","player_name":"{\"Cassius Stanley\"}","ts_pct":"0.434","efg_pct":"0.409","three_par":"0.329","ftr":"0.159","orb_pct":"4.218","drb_pct":"7.887","trb_pct":"6.116","ast_pct":"1.892","stl_pct":"0.544","blk_pct":"0.000","tov_pct":"0.000","usg_pct":"24.766","ortg":"88.741","drtg":"116.318","bpm":"-10.333"},{"game_id":1060,"team_name":"IND","player_id":"{\"leverca01\"}","player_name":"{\"Caris LeVert\"}","ts_pct":"0.557","efg_pct":"0.510","three_par":"0.264","ftr":"0.238","orb_pct":"0.945","drb_pct":"13.705","trb_pct":"7.567","ast_pct":"26.541","stl_pct":"1.498","blk_pct":"2.093","tov_pct":"10.008","usg_pct":"30.564","ortg":"110.235","drtg":"112.435","bpm":"0.405"},{"game_id":1060,"team_name":"IND","player_id":"{\"holidju01\"}","player_name":"{\"Justin Holiday\"}","ts_pct":"0.721","efg_pct":"0.692","three_par":"0.707","ftr":"0.206","orb_pct":"0.787","drb_pct":"11.731","trb_pct":"6.695","ast_pct":"8.319","stl_pct":"0.188","blk_pct":"4.376","tov_pct":"3.286","usg_pct":"12.862","ortg":"139.388","drtg":"116.624","bpm":"2.828"},{"game_id":1060,"team_name":"IND","player_id":"{\"mccontj01\"}","player_name":"{\"T.J. McConnell\"}","ts_pct":"0.613","efg_pct":"0.592","three_par":"0.110","ftr":"0.142","orb_pct":"5.127","drb_pct":"11.769","trb_pct":"8.338","ast_pct":"25.695","stl_pct":"3.772","blk_pct":"0.438","tov_pct":"19.232","usg_pct":"18.786","ortg":"114.576","drtg":"111.329","bpm":"-0.540"},{"game_id":1060,"team_name":"IND","player_id":"{\"bitadgo01\"}","player_name":"{\"Goga Bitadze\"}","ts_pct":"0.431","efg_pct":"0.342","three_par":"0.612","ftr":"0.478","orb_pct":"7.391","drb_pct":"16.922","trb_pct":"12.004","ast_pct":"9.465","stl_pct":"0.591","blk_pct":"8.884","tov_pct":"3.106","usg_pct":"15.645","ortg":"101.059","drtg":"109.082","bpm":"-3.076"},{"game_id":1060,"team_name":"IND","player_id":"{\"brissos01\"}","player_name":"{\"Oshae Brissett\"}","ts_pct":"0.624","efg_pct":"0.574","three_par":"0.477","ftr":"0.423","orb_pct":"5.656","drb_pct":"13.682","trb_pct":"10.065","ast_pct":"2.808","stl_pct":"2.428","blk_pct":"2.692","tov_pct":"8.267","usg_pct":"14.636","ortg":"120.376","drtg":"112.388","bpm":"-1.001"},{"game_id":1060,"team_name":"IND","player_id":"benchIND","player_name":"Bench of IND","ts_pct":"0.563","efg_pct":"0.557","three_par":"0.300","ftr":"0.123","orb_pct":"4.671","drb_pct":"13.749","trb_pct":"9.442","ast_pct":"4.970","stl_pct":"0.380","blk_pct":"1.791","tov_pct":"8.338","usg_pct":"19.936","ortg":"103.754","drtg":"118.057","bpm":"-4.578"},{"game_id":1060,"team_name":"LAL","player_id":"{\"davisan02\"}","player_name":"{\"Anthony Davis\"}","ts_pct":"0.480","efg_pct":"0.431","three_par":"0.157","ftr":"0.325","orb_pct":"3.962","drb_pct":"22.651","trb_pct":"12.794","ast_pct":"17.168","stl_pct":"1.416","blk_pct":"4.138","tov_pct":"10.431","usg_pct":"34.779","ortg":"96.259","drtg":"107.847","bpm":"-0.434"},{"game_id":1060,"team_name":"LAL","player_id":"{\"caldwke01\"}","player_name":"{\"Kentavious Caldwell-Pope\"}","ts_pct":"0.601","efg_pct":"0.530","three_par":"0.558","ftr":"0.388","orb_pct":"1.621","drb_pct":"10.660","trb_pct":"5.907","ast_pct":"12.894","stl_pct":"1.913","blk_pct":"2.360","tov_pct":"11.825","usg_pct":"12.861","ortg":"119.259","drtg":"111.553","bpm":"0.631"},{"game_id":1060,"team_name":"LAL","player_id":"{\"drumman01\"}","player_name":"{\"Andre Drummond\"}","ts_pct":"0.553","efg_pct":"0.546","three_par":"0.000","ftr":"0.412","orb_pct":"15.692","drb_pct":"30.356","trb_pct":"22.748","ast_pct":"10.348","stl_pct":"1.058","blk_pct":"3.067","tov_pct":"16.644","usg_pct":"22.500","ortg":"108.824","drtg":"108.965","bpm":"-2.087"},{"game_id":1060,"team_name":"LAL","player_id":"{\"jamesle01\"}","player_name":"{\"LeBron James\"}","ts_pct":"0.664","efg_pct":"0.627","three_par":"0.384","ftr":"0.455","orb_pct":"2.524","drb_pct":"22.154","trb_pct":"13.042","ast_pct":"45.306","stl_pct":"1.373","blk_pct":"2.026","tov_pct":"18.182","usg_pct":"30.461","ortg":"121.906","drtg":"107.188","bpm":"10.539"},{"game_id":1060,"team_name":"LAL","player_id":"{\"schrode01\"}","player_name":"{\"Dennis Schröder\"}","ts_pct":"0.524","efg_pct":"0.508","three_par":"0.289","ftr":"0.136","orb_pct":"2.109","drb_pct":"10.939","trb_pct":"6.218","ast_pct":"37.674","stl_pct":"1.451","blk_pct":"0.527","tov_pct":"11.659","usg_pct":"22.076","ortg":"113.741","drtg":"116.424","bpm":"-0.374"},{"game_id":1060,"team_name":"LAL","player_id":"{\"hortota01\"}","player_name":"{\"Talen Horton-Tucker\"}","ts_pct":"0.599","efg_pct":"0.576","three_par":"0.190","ftr":"0.314","orb_pct":"2.074","drb_pct":"7.965","trb_pct":"4.668","ast_pct":"31.693","stl_pct":"2.053","blk_pct":"0.000","tov_pct":"24.771","usg_pct":"22.248","ortg":"101.894","drtg":"113.459","bpm":"-2.613"},{"game_id":1060,"team_name":"LAL","player_id":"benchLAL","player_name":"Bench of LAL","ts_pct":"0.593","efg_pct":"0.587","three_par":"0.501","ftr":"0.225","orb_pct":"4.358","drb_pct":"13.439","trb_pct":"8.600","ast_pct":"7.691","stl_pct":"0.943","blk_pct":"2.275","tov_pct":"9.739","usg_pct":"18.942","ortg":"109.659","drtg":"113.321","bpm":"0.399"}]