[{"game_id":1240,"team_name":"ORL","player_id":"{\"frazime01\"}","player_name":"{\"Melvin Frazier\"}","ts_pct":"0.354","efg_pct":"0.257","three_par":"0.155","ftr":"0.267","orb_pct":"9.368","drb_pct":"10.227","trb_pct":"9.436","ast_pct":"3.482","stl_pct":"2.569","blk_pct":"0.000","tov_pct":"0.000","usg_pct":"24.101","ortg":"91.129","drtg":"105.306","bpm":"-6.588"},{"game_id":1240,"team_name":"ORL","player_id":"{\"magetjo01\"}","player_name":"{\"Josh Magette\"}","ts_pct":"0.360","efg_pct":"0.357","three_par":"0.474","ftr":"0.078","orb_pct":"0.527","drb_pct":"8.199","trb_pct":"4.387","ast_pct":"39.347","stl_pct":"3.127","blk_pct":"0.704","tov_pct":"18.239","usg_pct":"13.182","ortg":"106.647","drtg":"112.353","bpm":"-0.492"},{"game_id":1240,"team_name":"ORL","player_id":"{\"jeffeam01\"}","player_name":"{\"Amile Jefferson\"}","ts_pct":"0.699","efg_pct":"0.679","three_par":"0.000","ftr":"0.635","orb_pct":"7.307","drb_pct":"26.094","trb_pct":"16.368","ast_pct":"8.524","stl_pct":"1.408","blk_pct":"9.716","tov_pct":"3.059","usg_pct":"14.493","ortg":"144.553","drtg":"101.282","bpm":"9.080"},{"game_id":1240,"team_name":"ORL","player_id":"{\"isaacjo01\"}","player_name":"{\"Jonathan Isaac\"}","ts_pct":"0.497","efg_pct":"0.451","three_par":"0.412","ftr":"0.291","orb_pct":"4.720","drb_pct":"20.579","trb_pct":"12.060","ast_pct":"5.768","stl_pct":"1.458","blk_pct":"5.984","tov_pct":"15.742","usg_pct":"15.314","ortg":"97.529","drtg":"100.412","bpm":"0.339"},{"game_id":1240,"team_name":"ORL","player_id":"{\"gordoaa01\"}","player_name":"{\"Aaron Gordon\"}","ts_pct":"0.468","efg_pct":"0.440","three_par":"0.313","ftr":"0.256","orb_pct":"6.702","drb_pct":"17.191","trb_pct":"11.639","ast_pct":"18.036","stl_pct":"1.835","blk_pct":"2.055","tov_pct":"13.825","usg_pct":"20.739","ortg":"99.459","drtg":"103.553","bpm":"1.387"},{"game_id":1240,"team_name":"ORL","player_id":"{\"vucevni01\"}","player_name":"{\"Nikola Vučević\"}","ts_pct":"0.430","efg_pct":"0.395","three_par":"0.230","ftr":"0.197","orb_pct":"8.647","drb_pct":"27.024","trb_pct":"17.178","ast_pct":"16.606","stl_pct":"0.940","blk_pct":"1.964","tov_pct":"9.933","usg_pct":"25.493","ortg":"90.847","drtg":"102.659","bpm":"-0.692"},{"game_id":1240,"team_name":"ORL","player_id":"benchORL","player_name":"Bench of ORL","ts_pct":"0.519","efg_pct":"0.456","three_par":"0.366","ftr":"0.261","orb_pct":"3.487","drb_pct":"14.134","trb_pct":"8.432","ast_pct":"14.120","stl_pct":"1.229","blk_pct":"1.468","tov_pct":"12.259","usg_pct":"18.543","ortg":"102.878","drtg":"107.976","bpm":"-1.430"},{"game_id":1240,"team_name":"MIL","player_id":"{\"antetth01\"}","player_name":"{\"Thanasis Antetokounmpo\"}","ts_pct":"0.827","efg_pct":"0.827","three_par":"0.173","ftr":"0.000","orb_pct":"0.000","drb_pct":"19.188","trb_pct":"7.228","ast_pct":"0.000","stl_pct":"0.000","blk_pct":"0.000","tov_pct":"0.000","usg_pct":"26.604","ortg":"161.000","drtg":"112.400","bpm":"5.512"},{"game_id":1240,"team_name":"MIL","player_id":"{\"wilsodj01\"}","player_name":"{\"D.J. Wilson\"}","ts_pct":"0.303","efg_pct":"0.258","three_par":"0.373","ftr":"0.129","orb_pct":"2.667","drb_pct":"17.915","trb_pct":"10.586","ast_pct":"7.416","stl_pct":"0.042","blk_pct":"4.038","tov_pct":"27.202","usg_pct":"23.155","ortg":"53.494","drtg":"108.212","bpm":"-12.204"},{"game_id":1240,"team_name":"MIL","player_id":"{\"antetgi01\"}","player_name":"{\"Giannis Antetokounmpo\"}","ts_pct":"0.539","efg_pct":"0.518","three_par":"0.201","ftr":"0.580","orb_pct":"5.402","drb_pct":"32.444","trb_pct":"19.073","ast_pct":"35.195","stl_pct":"1.571","blk_pct":"5.874","tov_pct":"14.911","usg_pct":"31.086","ortg":"105.835","drtg":"102.553","bpm":"7.484"},{"game_id":1240,"team_name":"MIL","player_id":"{\"bledser01\"}","player_name":"{\"Eric Bledsoe\"}","ts_pct":"0.411","efg_pct":"0.377","three_par":"0.369","ftr":"0.328","orb_pct":"3.208","drb_pct":"12.560","trb_pct":"7.842","ast_pct":"23.626","stl_pct":"0.988","blk_pct":"0.000","tov_pct":"12.302","usg_pct":"23.173","ortg":"90.306","drtg":"112.976","bpm":"-5.291"},{"game_id":1240,"team_name":"MIL","player_id":"{\"lopezbr01\"}","player_name":"{\"Brook Lopez\"}","ts_pct":"0.600","efg_pct":"0.506","three_par":"0.575","ftr":"0.429","orb_pct":"1.835","drb_pct":"15.554","trb_pct":"8.764","ast_pct":"8.251","stl_pct":"1.191","blk_pct":"6.746","tov_pct":"9.896","usg_pct":"18.182","ortg":"114.518","drtg":"107.071","bpm":"3.045"},{"game_id":1240,"team_name":"MIL","player_id":"{\"brownst02\"}","player_name":"{\"Sterling Brown\"}","ts_pct":"0.238","efg_pct":"0.219","three_par":"0.435","ftr":"0.097","orb_pct":"0.687","drb_pct":"11.352","trb_pct":"6.166","ast_pct":"10.706","stl_pct":"1.414","blk_pct":"0.000","tov_pct":"3.700","usg_pct":"15.401","ortg":"53.800","drtg":"108.071","bpm":"-4.679"},{"game_id":1240,"team_name":"MIL","player_id":"benchMIL","player_name":"Bench of MIL","ts_pct":"0.537","efg_pct":"0.528","three_par":"0.549","ftr":"0.137","orb_pct":"3.382","drb_pct":"12.868","trb_pct":"8.216","ast_pct":"11.008","stl_pct":"1.070","blk_pct":"1.793","tov_pct":"12.334","usg_pct":"15.938","ortg":"109.800","drtg":"110.588","bpm":"-0.377"}]