[{"game_id":1258,"team_name":"NYK","player_id":"{\"dotsoda01\"}","player_name":"{\"Damyean Dotson\"}","ts_pct":"0.651","efg_pct":"0.525","three_par":"0.537","ftr":"0.025","orb_pct":"0.000","drb_pct":"9.142","trb_pct":"4.727","ast_pct":"13.804","stl_pct":"0.208","blk_pct":"0.339","tov_pct":"18.552","usg_pct":"13.994","ortg":"117.118","drtg":"117.224","bpm":"-3.365"},{"game_id":1258,"team_name":"NYK","player_id":"{\"brazdig01\"}","player_name":"{\"Ignas Brazdeikis\"}","ts_pct":"0.541","efg_pct":"0.512","three_par":"0.411","ftr":"0.251","orb_pct":"5.142","drb_pct":"12.142","trb_pct":"9.004","ast_pct":"11.853","stl_pct":"1.283","blk_pct":"1.535","tov_pct":"9.924","usg_pct":"18.632","ortg":"110.000","drtg":"110.000","bpm":"-1.642"},{"game_id":1258,"team_name":"NYK","player_id":"{\"barrerj01\"}","player_name":"{\"RJ Barrett\"}","ts_pct":"0.477","efg_pct":"0.474","three_par":"0.251","ftr":"0.354","orb_pct":"4.444","drb_pct":"13.533","trb_pct":"8.624","ast_pct":"16.317","stl_pct":"1.644","blk_pct":"1.059","tov_pct":"13.848","usg_pct":"23.544","ortg":"94.159","drtg":"109.873","bpm":"-2.024"},{"game_id":1258,"team_name":"NYK","player_id":"{\"morrima03\"}","player_name":"{\"Marcus Morris\"}","ts_pct":"0.579","efg_pct":"0.512","three_par":"0.404","ftr":"0.454","orb_pct":"3.440","drb_pct":"18.027","trb_pct":"10.280","ast_pct":"6.791","stl_pct":"1.441","blk_pct":"2.722","tov_pct":"11.255","usg_pct":"19.854","ortg":"110.059","drtg":"108.941","bpm":"0.985"},{"game_id":1258,"team_name":"NYK","player_id":"{\"randlju01\"}","player_name":"{\"Julius Randle\"}","ts_pct":"0.522","efg_pct":"0.485","three_par":"0.226","ftr":"0.393","orb_pct":"10.151","drb_pct":"23.145","trb_pct":"16.314","ast_pct":"23.304","stl_pct":"1.068","blk_pct":"0.501","tov_pct":"23.655","usg_pct":"26.332","ortg":"95.812","drtg":"111.212","bpm":"-1.607"},{"game_id":1258,"team_name":"NYK","player_id":"{\"ellinwa01\"}","player_name":"{\"Wayne Ellington\"}","ts_pct":"0.490","efg_pct":"0.487","three_par":"0.813","ftr":"0.036","orb_pct":"0.547","drb_pct":"13.452","trb_pct":"6.308","ast_pct":"7.833","stl_pct":"0.742","blk_pct":"0.635","tov_pct":"10.484","usg_pct":"16.992","ortg":"91.294","drtg":"114.671","bpm":"-4.219"},{"game_id":1258,"team_name":"NYK","player_id":"benchNYK","player_name":"Bench of NYK","ts_pct":"0.497","efg_pct":"0.475","three_par":"0.323","ftr":"0.283","orb_pct":"6.154","drb_pct":"15.449","trb_pct":"10.716","ast_pct":"10.256","stl_pct":"1.325","blk_pct":"2.995","tov_pct":"13.800","usg_pct":"20.025","ortg":"99.649","drtg":"110.448","bpm":"-3.260"},{"game_id":1258,"team_name":"SAC","player_id":"{\"gabriwe01\"}","player_name":"{\"Wenyen Gabriel\"}","ts_pct":"0.384","efg_pct":"0.101","three_par":"0.638","ftr":"0.594","orb_pct":"22.535","drb_pct":"4.487","trb_pct":"13.689","ast_pct":"7.904","stl_pct":"4.376","blk_pct":"8.902","tov_pct":"33.328","usg_pct":"32.552","ortg":"66.978","drtg":"106.826","bpm":"-9.298"},{"game_id":1258,"team_name":"SAC","player_id":"{\"barneha02\"}","player_name":"{\"Harrison Barnes\"}","ts_pct":"0.566","efg_pct":"0.549","three_par":"0.292","ftr":"0.258","orb_pct":"4.687","drb_pct":"16.888","trb_pct":"10.154","ast_pct":"7.512","stl_pct":"1.892","blk_pct":"0.155","tov_pct":"6.162","usg_pct":"17.568","ortg":"118.271","drtg":"115.976","bpm":"0.582"},{"game_id":1258,"team_name":"SAC","player_id":"{\"foxde01\"}","player_name":"{\"De'Aaron Fox\"}","ts_pct":"0.536","efg_pct":"0.487","three_par":"0.234","ftr":"0.368","orb_pct":"1.720","drb_pct":"12.527","trb_pct":"6.508","ast_pct":"39.255","stl_pct":"1.584","blk_pct":"0.959","tov_pct":"16.704","usg_pct":"27.382","ortg":"108.047","drtg":"117.376","bpm":"0.962"},{"game_id":1258,"team_name":"SAC","player_id":"{\"hieldbu01\"}","player_name":"{\"Buddy Hield\"}","ts_pct":"0.487","efg_pct":"0.481","three_par":"0.557","ftr":"0.028","orb_pct":"3.089","drb_pct":"12.394","trb_pct":"7.111","ast_pct":"10.616","stl_pct":"1.253","blk_pct":"0.732","tov_pct":"15.244","usg_pct":"25.251","ortg":"90.871","drtg":"118.353","bpm":"-3.668"},{"game_id":1258,"team_name":"SAC","player_id":"{\"holmeri01\"}","player_name":"{\"Richaun Holmes\"}","ts_pct":"0.620","efg_pct":"0.588","three_par":"0.000","ftr":"0.332","orb_pct":"8.742","drb_pct":"19.746","trb_pct":"13.927","ast_pct":"6.662","stl_pct":"1.781","blk_pct":"4.401","tov_pct":"16.231","usg_pct":"17.616","ortg":"113.165","drtg":"110.541","bpm":"-0.401"},{"game_id":1258,"team_name":"SAC","player_id":"{\"arizatr01\"}","player_name":"{\"Trevor Ariza\"}","ts_pct":"0.406","efg_pct":"0.392","three_par":"0.649","ftr":"0.070","orb_pct":"1.664","drb_pct":"17.512","trb_pct":"8.854","ast_pct":"8.306","stl_pct":"1.100","blk_pct":"0.311","tov_pct":"4.693","usg_pct":"9.735","ortg":"124.800","drtg":"116.329","bpm":"-0.320"},{"game_id":1258,"team_name":"SAC","player_id":"benchSAC","player_name":"Bench of SAC","ts_pct":"0.559","efg_pct":"0.529","three_par":"0.370","ftr":"0.172","orb_pct":"3.902","drb_pct":"15.724","trb_pct":"8.936","ast_pct":"11.514","stl_pct":"1.758","blk_pct":"2.952","tov_pct":"10.463","usg_pct":"19.684","ortg":"108.924","drtg":"114.565","bpm":"-0.152"}]