[{"game_id":1154,"team_name":"PHI","player_id":"{\"howardw01\"}","player_name":"{\"Dwight Howard\"}","fg":"1.494","fga":"2.400","fg_pct":"0.623","three_p":"0.000","three_pa":"0.118","three_p_pct":"0.000","ft":"1.812","fta":"2.835","ft_pct":"0.639","orb":"2.094","drb":"4.341","trb":"6.435","ast":"0.576","stl":"0.094","blk":"0.353","tov":"1.047","pf":"2.306","pts":"4.800"},{"game_id":1154,"team_name":"PHI","player_id":"{\"miltosh01\"}","player_name":"{\"Shake Milton\"}","fg":"1.365","fga":"4.082","fg_pct":"0.334","three_p":"0.812","three_pa":"1.788","three_p_pct":"0.454","ft":"1.212","fta":"1.329","ft_pct":"0.912","orb":"0.000","drb":"0.835","trb":"0.835","ast":"0.753","stl":"0.106","blk":"0.047","tov":"0.812","pf":"1.482","pts":"4.753"},{"game_id":1154,"team_name":"PHI","player_id":"{\"harrito02\"}","player_name":"{\"Tobias Harris\"}","fg":"7.988","fga":"16.200","fg_pct":"0.493","three_p":"1.176","three_pa":"2.953","three_p_pct":"0.398","ft":"2.329","fta":"2.824","ft_pct":"0.825","orb":"0.859","drb":"6.482","trb":"7.341","ast":"3.471","stl":"0.682","blk":"0.529","tov":"1.329","pf":"2.624","pts":"19.482"},{"game_id":1154,"team_name":"PHI","player_id":"{\"embiijo01\"}","player_name":"{\"Joel Embiid\"}","fg":"8.965","fga":"18.576","fg_pct":"0.483","three_p":"1.376","three_pa":"3.682","three_p_pct":"0.374","ft":"8.471","fta":"10.082","ft_pct":"0.840","orb":"2.024","drb":"9.553","trb":"11.576","ast":"3.529","stl":"1.000","blk":"1.729","tov":"3.776","pf":"3.153","pts":"27.776"},{"game_id":1154,"team_name":"PHI","player_id":"{\"simmobe01\"}","player_name":"{\"Ben Simmons\"}","fg":"4.718","fga":"7.600","fg_pct":"0.621","three_p":"0.000","three_pa":"0.000","three_p_pct":"NaN","ft":"2.518","fta":"6.941","ft_pct":"0.363","orb":"1.518","drb":"5.529","trb":"7.047","ast":"7.729","stl":"1.153","blk":"0.965","tov":"2.235","pf":"3.259","pts":"11.953"},{"game_id":1154,"team_name":"PHI","player_id":"{\"curryse01\"}","player_name":"{\"Seth Curry\"}","fg":"7.776","fga":"12.953","fg_pct":"0.600","three_p":"4.000","three_pa":"7.235","three_p_pct":"0.553","ft":"1.494","fta":"1.871","ft_pct":"0.799","orb":"0.400","drb":"2.294","trb":"2.694","ast":"2.224","stl":"0.729","blk":"0.282","tov":"1.024","pf":"2.612","pts":"21.047"},{"game_id":1154,"team_name":"PHI","player_id":"benchPHI","player_name":"Bench of PHI","fg":"2.088","fga":"4.903","fg_pct":"0.426","three_p":"0.837","three_pa":"2.338","three_p_pct":"0.358","ft":"0.680","fta":"1.089","ft_pct":"0.624","orb":"0.329","drb":"1.482","trb":"1.811","ast":"0.920","stl":"0.812","blk":"0.400","tov":"0.433","pf":"1.527","pts":"5.694"},{"game_id":1154,"team_name":"ATL","player_id":"{\"hillso01\"}","player_name":"{\"Solomon Hill\"}","fg":"0.553","fga":"2.306","fg_pct":"0.240","three_p":"0.412","three_pa":"1.753","three_p_pct":"0.235","ft":"0.129","fta":"0.259","ft_pct":"0.498","orb":"0.341","drb":"1.365","trb":"1.706","ast":"0.412","stl":"0.271","blk":"0.106","tov":"0.188","pf":"1.576","pts":"1.647"},{"game_id":1154,"team_name":"ATL","player_id":"{\"youngtr01\"}","player_name":"{\"Trae Young\"}","fg":"9.612","fga":"22.906","fg_pct":"0.420","three_p":"3.106","three_pa":"8.859","three_p_pct":"0.351","ft":"7.941","fta":"9.235","ft_pct":"0.860","orb":"0.459","drb":"1.976","trb":"2.435","ast":"10.729","stl":"1.776","blk":"0.000","tov":"3.129","pf":"2.800","pts":"30.271"},{"game_id":1154,"team_name":"ATL","player_id":"{\"collijo01\"}","player_name":"{\"John Collins\"}","fg":"5.518","fga":"10.706","fg_pct":"0.515","three_p":"1.176","three_pa":"3.059","three_p_pct":"0.384","ft":"2.329","fta":"2.824","ft_pct":"0.825","orb":"2.176","drb":"6.306","trb":"8.482","ast":"0.753","stl":"0.365","blk":"0.706","tov":"1.365","pf":"3.212","pts":"14.541"},{"game_id":1154,"team_name":"ATL","player_id":"{\"huertke01\"}","player_name":"{\"Kevin Huerter\"}","fg":"4.012","fga":"9.012","fg_pct":"0.445","three_p":"1.882","three_pa":"5.035","three_p_pct":"0.374","ft":"0.365","fta":"0.624","ft_pct":"0.585","orb":"0.588","drb":"3.447","trb":"4.035","ast":"2.082","stl":"0.553","blk":"0.788","tov":"1.094","pf":"3.082","pts":"10.271"},{"game_id":1154,"team_name":"ATL","player_id":"{\"capelca01\"}","player_name":"{\"Clint Capela\"}","fg":"4.694","fga":"8.059","fg_pct":"0.582","three_p":"0.000","three_pa":"0.000","three_p_pct":"NaN","ft":"1.000","fta":"2.282","ft_pct":"0.438","orb":"3.271","drb":"8.459","trb":"11.729","ast":"0.882","stl":"0.741","blk":"0.859","tov":"1.094","pf":"3.329","pts":"10.388"},{"game_id":1154,"team_name":"ATL","player_id":"{\"gallida01\"}","player_name":"{\"Danilo Gallinari\"}","fg":"3.894","fga":"8.894","fg_pct":"0.438","three_p":"1.882","three_pa":"4.353","three_p_pct":"0.432","ft":"3.565","fta":"3.788","ft_pct":"0.941","orb":"0.365","drb":"4.106","trb":"4.471","ast":"0.800","stl":"0.141","blk":"0.118","tov":"0.424","pf":"2.600","pts":"13.235"},{"game_id":1154,"team_name":"ATL","player_id":"benchATL","player_name":"Bench of ATL","fg":"3.070","fga":"7.610","fg_pct":"0.403","three_p":"0.986","three_pa":"3.232","three_p_pct":"0.305","ft":"0.841","fta":"1.158","ft_pct":"0.726","orb":"0.676","drb":"2.521","trb":"3.197","ast":"1.328","stl":"0.729","blk":"0.444","tov":"1.198","pf":"1.858","pts":"7.966"}]