[{"game_id":1088,"team_name":"BRK","player_id":"teamBRK","player_name":"Team name: BRK","fg":"43.029","fga":"85.703","fg_pct":"0.502","three_p":"14.491","three_pa":"34.829","three_p_pct":"0.416","ft":"17.011","fta":"22.023","ft_pct":"0.772","orb":"7.617","drb":"37.463","trb":"45.080","ast":"26.954","stl":"6.114","blk":"6.137","tov":"11.783","pf":"18.966","pts":"117.560"},{"game_id":1088,"team_name":"BOS","player_id":"teamBOS","player_name":"Team name: BOS","fg":"41.897","fga":"92.337","fg_pct":"0.454","three_p":"15.520","three_pa":"40.691","three_p_pct":"0.381","ft":"15.937","fta":"20.583","ft_pct":"0.774","orb":"10.011","drb":"33.903","trb":"43.914","ast":"24.166","stl":"6.783","blk":"6.211","tov":"12.086","pf":"20.909","pts":"115.251"}]