[{"game_id":1120,"team_name":"DEN","player_id":"{\"portemi01\"}","player_name":"{\"Michael Porter Jr.\"}","fg":"6.200","fga":"12.412","fg_pct":"0.500","three_p":"2.788","three_pa":"6.753","three_p_pct":"0.413","ft":"1.529","fta":"1.671","ft_pct":"0.915","orb":"1.176","drb":"4.165","trb":"5.341","ast":"0.976","stl":"0.918","blk":"0.235","tov":"1.953","pf":"2.435","pts":"16.718"},{"game_id":1120,"team_name":"DEN","player_id":"{\"riverau01\"}","player_name":"{\"Austin Rivers\"}","fg":"3.529","fga":"7.671","fg_pct":"0.460","three_p":"2.400","three_pa":"5.200","three_p_pct":"0.462","ft":"0.953","fta":"1.318","ft_pct":"0.723","orb":"0.165","drb":"2.494","trb":"2.659","ast":"1.988","stl":"0.565","blk":"0.376","tov":"0.918","pf":"2.588","pts":"10.412"},{"game_id":1120,"team_name":"DEN","player_id":"{\"jokicni01\"}","player_name":"{\"Nikola Jokić\"}","fg":"10.624","fga":"19.353","fg_pct":"0.549","three_p":"1.424","three_pa":"4.035","three_p_pct":"0.353","ft":"5.388","fta":"5.824","ft_pct":"0.925","orb":"3.341","drb":"7.000","trb":"10.341","ast":"4.588","stl":"0.318","blk":"0.129","tov":"2.259","pf":"2.871","pts":"28.059"},{"game_id":1120,"team_name":"DEN","player_id":"{\"morrimo01\"}","player_name":"{\"Monte Morris\"}","fg":"4.012","fga":"8.541","fg_pct":"0.470","three_p":"0.729","three_pa":"1.941","three_p_pct":"0.376","ft":"1.153","fta":"1.435","ft_pct":"0.803","orb":"0.412","drb":"1.494","trb":"1.906","ast":"4.035","stl":"0.976","blk":"0.200","tov":"0.894","pf":"1.082","pts":"9.906"},{"game_id":1120,"team_name":"DEN","player_id":"{\"gordoaa01\"}","player_name":"{\"Aaron Gordon\"}","fg":"3.988","fga":"9.224","fg_pct":"0.432","three_p":"0.812","three_pa":"2.118","three_p_pct":"0.383","ft":"1.494","fta":"2.376","ft_pct":"0.629","orb":"1.776","drb":"3.106","trb":"4.882","ast":"1.600","stl":"0.329","blk":"0.306","tov":"0.494","pf":"1.447","pts":"10.282"},{"game_id":1120,"team_name":"DEN","player_id":"{\"campafa01\"}","player_name":"{\"Facundo Campazzo\"}","fg":"2.824","fga":"8.165","fg_pct":"0.346","three_p":"1.612","three_pa":"5.024","three_p_pct":"0.321","ft":"2.447","fta":"2.741","ft_pct":"0.893","orb":"0.776","drb":"3.259","trb":"4.035","ast":"6.188","stl":"2.071","blk":"0.482","tov":"1.624","pf":"2.012","pts":"9.706"},{"game_id":1120,"team_name":"DEN","player_id":"benchDEN","player_name":"Bench of DEN","fg":"2.579","fga":"6.014","fg_pct":"0.429","three_p":"0.839","three_pa":"2.534","three_p_pct":"0.331","ft":"0.781","fta":"1.011","ft_pct":"0.773","orb":"0.940","drb":"2.314","trb":"3.254","ast":"1.303","stl":"0.397","blk":"0.520","tov":"0.739","pf":"1.994","pts":"6.777"},{"game_id":1120,"team_name":"POR","player_id":"{\"holliro01\"}","player_name":"{\"Rondae Hollis-Jefferson\"}","fg":"0.718","fga":"0.941","fg_pct":"0.763","three_p":"0.000","three_pa":"0.000","three_p_pct":"NaN","ft":"0.047","fta":"0.459","ft_pct":"0.102","orb":"0.471","drb":"1.282","trb":"1.753","ast":"0.518","stl":"0.047","blk":"0.118","tov":"0.000","pf":"0.882","pts":"1.482"},{"game_id":1120,"team_name":"POR","player_id":"{\"lillada01\"}","player_name":"{\"Damian Lillard\"}","fg":"9.753","fga":"20.400","fg_pct":"0.478","three_p":"4.471","three_pa":"10.647","three_p_pct":"0.420","ft":"6.824","fta":"7.259","ft_pct":"0.940","orb":"0.200","drb":"4.071","trb":"4.271","ast":"8.306","stl":"0.624","blk":"0.212","tov":"2.035","pf":"1.518","pts":"30.800"},{"game_id":1120,"team_name":"POR","player_id":"{\"mccolcj01\"}","player_name":"{\"CJ McCollum\"}","fg":"9.071","fga":"18.365","fg_pct":"0.494","three_p":"3.259","three_pa":"7.400","three_p_pct":"0.440","ft":"1.882","fta":"2.482","ft_pct":"0.758","orb":"0.812","drb":"3.835","trb":"4.647","ast":"4.482","stl":"0.424","blk":"0.176","tov":"1.800","pf":"2.388","pts":"23.282"},{"game_id":1120,"team_name":"POR","player_id":"{\"powelno01\"}","player_name":"{\"Norman Powell\"}","fg":"6.235","fga":"12.247","fg_pct":"0.509","three_p":"2.071","three_pa":"4.776","three_p_pct":"0.434","ft":"3.200","fta":"3.471","ft_pct":"0.922","orb":"0.365","drb":"2.753","trb":"3.118","ast":"1.682","stl":"0.800","blk":"0.976","tov":"1.247","pf":"2.059","pts":"17.741"},{"game_id":1120,"team_name":"POR","player_id":"{\"covinro01\"}","player_name":"{\"Robert Covington\"}","fg":"2.353","fga":"6.000","fg_pct":"0.392","three_p":"1.376","three_pa":"4.035","three_p_pct":"0.341","ft":"0.447","fta":"0.788","ft_pct":"0.567","orb":"1.000","drb":"5.506","trb":"6.506","ast":"1.565","stl":"1.188","blk":"1.129","tov":"0.871","pf":"3.141","pts":"6.529"},{"game_id":1120,"team_name":"POR","player_id":"{\"anthoca01\"}","player_name":"{\"Carmelo Anthony\"}","fg":"3.894","fga":"9.424","fg_pct":"0.413","three_p":"2.435","three_pa":"5.424","three_p_pct":"0.449","ft":"1.600","fta":"1.741","ft_pct":"0.919","orb":"0.353","drb":"1.953","trb":"2.306","ast":"0.941","stl":"0.318","blk":"0.247","tov":"0.506","pf":"2.318","pts":"11.824"},{"game_id":1120,"team_name":"POR","player_id":"benchPOR","player_name":"Bench of POR","fg":"3.127","fga":"5.940","fg_pct":"0.526","three_p":"0.534","three_pa":"1.304","three_p_pct":"0.410","ft":"1.450","fta":"2.057","ft_pct":"0.705","orb":"1.847","drb":"4.739","trb":"6.585","ast":"1.673","stl":"0.526","blk":"0.641","tov":"0.841","pf":"2.368","pts":"8.239"}]