[{"game_id":1218,"team_name":"NOP","player_id":"{\"hartjo01\"}","player_name":"{\"Josh Hart\"}","ts_pct":"0.572","efg_pct":"0.544","three_par":"0.664","ftr":"0.228","orb_pct":"3.198","drb_pct":"15.408","trb_pct":"8.906","ast_pct":"6.281","stl_pct":"2.138","blk_pct":"1.479","tov_pct":"11.434","usg_pct":"14.735","ortg":"107.647","drtg":"112.706","bpm":"1.074"},{"game_id":1218,"team_name":"NOP","player_id":"{\"balllo01\"}","player_name":"{\"Lonzo Ball\"}","ts_pct":"0.512","efg_pct":"0.502","three_par":"0.557","ftr":"0.103","orb_pct":"2.838","drb_pct":"14.080","trb_pct":"8.682","ast_pct":"34.164","stl_pct":"2.299","blk_pct":"1.076","tov_pct":"10.847","usg_pct":"18.245","ortg":"118.071","drtg":"110.153","bpm":"3.631"},{"game_id":1218,"team_name":"NOP","player_id":"{\"ingrabr01\"}","player_name":"{\"Brandon Ingram\"}","ts_pct":"0.638","efg_pct":"0.605","three_par":"0.214","ftr":"0.318","orb_pct":"3.034","drb_pct":"21.485","trb_pct":"11.966","ast_pct":"14.819","stl_pct":"0.267","blk_pct":"2.561","tov_pct":"10.052","usg_pct":"27.324","ortg":"118.576","drtg":"116.294","bpm":"3.039"},{"game_id":1218,"team_name":"NOP","player_id":"{\"willike04\"}","player_name":"{\"Kenrich Williams\"}","ts_pct":"0.465","efg_pct":"0.426","three_par":"0.609","ftr":"0.180","orb_pct":"6.476","drb_pct":"13.688","trb_pct":"10.188","ast_pct":"13.800","stl_pct":"2.228","blk_pct":"2.528","tov_pct":"9.445","usg_pct":"11.087","ortg":"109.435","drtg":"113.953","bpm":"0.620"},{"game_id":1218,"team_name":"NOP","player_id":"{\"redicjj01\"}","player_name":"{\"J.J. Redick\"}","ts_pct":"0.596","efg_pct":"0.579","three_par":"0.716","ftr":"0.108","orb_pct":"0.718","drb_pct":"4.788","trb_pct":"2.862","ast_pct":"8.980","stl_pct":"0.165","blk_pct":"0.367","tov_pct":"19.385","usg_pct":"17.488","ortg":"98.776","drtg":"117.729","bpm":"-3.311"},{"game_id":1218,"team_name":"NOP","player_id":"{\"alexani01\"}","player_name":"{\"Nickeil Alexander-Walker\"}","ts_pct":"0.247","efg_pct":"0.247","three_par":"0.580","ftr":"0.000","orb_pct":"2.383","drb_pct":"13.325","trb_pct":"7.675","ast_pct":"23.925","stl_pct":"2.414","blk_pct":"0.000","tov_pct":"13.336","usg_pct":"26.322","ortg":"61.083","drtg":"113.944","bpm":"-11.878"},{"game_id":1218,"team_name":"NOP","player_id":"benchNOP","player_name":"Bench of NOP","ts_pct":"0.628","efg_pct":"0.608","three_par":"0.318","ftr":"0.236","orb_pct":"5.162","drb_pct":"13.292","trb_pct":"9.309","ast_pct":"11.811","stl_pct":"0.666","blk_pct":"1.326","tov_pct":"12.008","usg_pct":"20.008","ortg":"116.965","drtg":"116.181","bpm":"-0.974"},{"game_id":1218,"team_name":"GSW","player_id":"{\"chrisma01\"}","player_name":"{\"Marquese Chriss\"}","ts_pct":"0.480","efg_pct":"0.330","three_par":"0.190","ftr":"0.971","orb_pct":"9.873","drb_pct":"26.351","trb_pct":"17.306","ast_pct":"6.741","stl_pct":"4.099","blk_pct":"0.000","tov_pct":"11.833","usg_pct":"21.307","ortg":"96.659","drtg":"118.341","bpm":"-6.238"},{"game_id":1218,"team_name":"GSW","player_id":"{\"bowmaky01\"}","player_name":"{\"Ky Bowman\"}","ts_pct":"0.154","efg_pct":"0.130","three_par":"0.065","ftr":"0.065","orb_pct":"0.000","drb_pct":"0.000","trb_pct":"0.000","ast_pct":"14.400","stl_pct":"0.000","blk_pct":"0.000","tov_pct":"0.000","usg_pct":"14.664","ortg":"148.040","drtg":"131.760","bpm":"-8.724"},{"game_id":1218,"team_name":"GSW","player_id":"{\"greendr01\"}","player_name":"{\"Draymond Green\"}","ts_pct":"0.576","efg_pct":"0.510","three_par":"0.324","ftr":"0.369","orb_pct":"3.078","drb_pct":"27.192","trb_pct":"14.394","ast_pct":"29.655","stl_pct":"2.492","blk_pct":"1.838","tov_pct":"21.918","usg_pct":"16.778","ortg":"113.271","drtg":"112.918","bpm":"2.699"},{"game_id":1218,"team_name":"GSW","player_id":"{\"russeda01\"}","player_name":"{\"D'Angelo Russell\"}","ts_pct":"0.478","efg_pct":"0.448","three_par":"0.374","ftr":"0.134","orb_pct":"1.696","drb_pct":"9.814","trb_pct":"5.338","ast_pct":"27.246","stl_pct":"1.478","blk_pct":"0.412","tov_pct":"11.104","usg_pct":"28.579","ortg":"97.494","drtg":"118.176","bpm":"-1.581"},{"game_id":1218,"team_name":"GSW","player_id":"{\"evansja02\"}","player_name":"{\"Jacob Evans\"}","ts_pct":"0.274","efg_pct":"0.210","three_par":"0.289","ftr":"0.204","orb_pct":"0.814","drb_pct":"6.884","trb_pct":"3.624","ast_pct":"7.114","stl_pct":"0.000","blk_pct":"0.000","tov_pct":"13.444","usg_pct":"17.099","ortg":"51.188","drtg":"123.612","bpm":"-13.739"},{"game_id":1218,"team_name":"GSW","player_id":"{\"curryst01\"}","player_name":"{\"Stephen Curry\"}","ts_pct":"0.573","efg_pct":"0.487","three_par":"0.546","ftr":"0.388","orb_pct":"3.705","drb_pct":"15.546","trb_pct":"9.064","ast_pct":"29.071","stl_pct":"1.301","blk_pct":"0.298","tov_pct":"12.409","usg_pct":"31.755","ortg":"112.482","drtg":"119.800","bpm":"4.121"},{"game_id":1218,"team_name":"GSW","player_id":"benchGSW","player_name":"Bench of GSW","ts_pct":"0.461","efg_pct":"0.374","three_par":"0.355","ftr":"0.233","orb_pct":"4.250","drb_pct":"17.046","trb_pct":"9.840","ast_pct":"9.625","stl_pct":"1.727","blk_pct":"0.487","tov_pct":"6.673","usg_pct":"17.666","ortg":"100.367","drtg":"119.788","bpm":"-3.980"}]