[{"game_id":1245,"team_name":"DAL","player_id":"{\"doncilu01\"}","player_name":"{\"Luka Dončić\"}","fg":"7.635","fga":"17.706","fg_pct":"0.431","three_p":"2.271","three_pa":"8.471","three_p_pct":"0.268","ft":"5.894","fta":"7.682","ft_pct":"0.767","orb":"1.565","drb":"8.541","trb":"10.106","ast":"7.565","stl":"1.718","blk":"0.094","tov":"4.071","pf":"2.212","pts":"23.435"},{"game_id":1245,"team_name":"DAL","player_id":"{\"porzikr01\"}","player_name":"{\"Kristaps Porziņģis\"}","fg":"7.094","fga":"16.024","fg_pct":"0.443","three_p":"2.259","three_pa":"6.306","three_p_pct":"0.358","ft":"3.612","fta":"5.376","ft_pct":"0.672","orb":"1.412","drb":"5.435","trb":"6.847","ast":"2.212","stl":"0.553","blk":"2.776","tov":"1.612","pf":"2.600","pts":"20.059"},{"game_id":1245,"team_name":"DAL","player_id":"{\"finnedo01\"}","player_name":"{\"Dorian Finney-Smith\"}","fg":"3.435","fga":"8.071","fg_pct":"0.426","three_p":"1.024","three_pa":"3.612","three_p_pct":"0.283","ft":"1.412","fta":"2.118","ft_pct":"0.667","orb":"2.506","drb":"3.565","trb":"6.071","ast":"1.294","stl":"0.482","blk":"0.118","tov":"0.824","pf":"2.165","pts":"9.306"},{"game_id":1245,"team_name":"DAL","player_id":"{\"klebima01\"}","player_name":"{\"Maxi Kleber\"}","fg":"2.659","fga":"6.259","fg_pct":"0.425","three_p":"0.953","three_pa":"3.282","three_p_pct":"0.290","ft":"1.118","fta":"1.447","ft_pct":"0.773","orb":"1.447","drb":"5.729","trb":"7.176","ast":"1.412","stl":"0.294","blk":"1.412","tov":"1.212","pf":"2.776","pts":"7.388"},{"game_id":1245,"team_name":"DAL","player_id":"{\"hardati02\"}","player_name":"{\"Tim Hardaway Jr.\"}","fg":"4.259","fga":"10.800","fg_pct":"0.394","three_p":"2.165","three_pa":"6.412","three_p_pct":"0.338","ft":"2.000","fta":"2.247","ft_pct":"0.890","orb":"0.141","drb":"1.953","trb":"2.094","ast":"1.800","stl":"0.294","blk":"0.094","tov":"0.800","pf":"2.000","pts":"12.682"},{"game_id":1245,"team_name":"DAL","player_id":"{\"poweldw01\"}","player_name":"{\"Dwight Powell\"}","fg":"3.882","fga":"6.482","fg_pct":"0.599","three_p":"0.341","three_pa":"1.576","three_p_pct":"0.216","ft":"3.753","fta":"4.894","ft_pct":"0.767","orb":"3.118","drb":"4.588","trb":"7.706","ast":"1.835","stl":"0.471","blk":"0.894","tov":"1.106","pf":"3.118","pts":"11.859"},{"game_id":1245,"team_name":"DAL","player_id":"benchDAL","player_name":"Bench of DAL","fg":"3.482","fga":"7.059","fg_pct":"0.493","three_p":"1.015","three_pa":"2.718","three_p_pct":"0.373","ft":"1.639","fta":"2.125","ft_pct":"0.771","orb":"0.741","drb":"2.705","trb":"3.446","ast":"3.039","stl":"0.753","blk":"0.119","tov":"0.925","pf":"1.559","pts":"9.617"},{"game_id":1245,"team_name":"LAL","player_id":"{\"danietr01\"}","player_name":"{\"Troy Daniels\"}","fg":"2.447","fga":"7.141","fg_pct":"0.343","three_p":"1.694","three_pa":"5.318","three_p_pct":"0.319","ft":"0.247","fta":"0.247","ft_pct":"1.000","orb":"0.094","drb":"1.482","trb":"1.576","ast":"0.494","stl":"0.600","blk":"0.000","tov":"0.471","pf":"1.271","pts":"6.835"},{"game_id":1245,"team_name":"LAL","player_id":"{\"davisan02\"}","player_name":"{\"Anthony Davis\"}","fg":"7.482","fga":"15.659","fg_pct":"0.478","three_p":"0.765","three_pa":"2.447","three_p_pct":"0.313","ft":"7.647","fta":"8.659","ft_pct":"0.883","orb":"3.235","drb":"7.847","trb":"11.082","ast":"2.671","stl":"1.071","blk":"2.365","tov":"2.424","pf":"2.118","pts":"23.376"},{"game_id":1245,"team_name":"LAL","player_id":"{\"jamesle01\"}","player_name":"{\"LeBron James\"}","fg":"9.306","fga":"19.435","fg_pct":"0.479","three_p":"1.576","three_pa":"5.176","three_p_pct":"0.304","ft":"4.894","fta":"6.365","ft_pct":"0.769","orb":"1.012","drb":"5.282","trb":"6.294","ast":"10.071","stl":"0.765","blk":"0.482","tov":"4.318","pf":"1.059","pts":"25.082"},{"game_id":1245,"team_name":"LAL","player_id":"{\"cookqu01\"}","player_name":"{\"Quinn Cook\"}","fg":"2.412","fga":"6.447","fg_pct":"0.374","three_p":"0.753","three_pa":"2.988","three_p_pct":"0.252","ft":"0.118","fta":"0.118","ft_pct":"1.000","orb":"0.141","drb":"1.400","trb":"1.541","ast":"2.282","stl":"0.224","blk":"0.059","tov":"0.694","pf":"1.000","pts":"5.694"},{"game_id":1245,"team_name":"LAL","player_id":"{\"bradlav01\"}","player_name":"{\"Avery Bradley\"}","fg":"4.824","fga":"10.388","fg_pct":"0.464","three_p":"1.424","three_pa":"4.494","three_p_pct":"0.317","ft":"1.012","fta":"1.376","ft_pct":"0.735","orb":"0.200","drb":"2.353","trb":"2.553","ast":"1.953","stl":"1.153","blk":"0.129","tov":"1.718","pf":"2.306","pts":"12.082"},{"game_id":1245,"team_name":"LAL","player_id":"{\"greenda02\"}","player_name":"{\"Danny Green\"}","fg":"3.365","fga":"7.871","fg_pct":"0.428","three_p":"2.294","three_pa":"5.459","three_p_pct":"0.420","ft":"0.247","fta":"0.376","ft_pct":"0.657","orb":"0.906","drb":"2.565","trb":"3.471","ast":"1.141","stl":"1.341","blk":"0.412","tov":"0.894","pf":"2.741","pts":"9.271"},{"game_id":1245,"team_name":"LAL","player_id":"benchLAL","player_name":"Bench of LAL","fg":"5.035","fga":"10.889","fg_pct":"0.462","three_p":"0.959","three_pa":"3.262","three_p_pct":"0.294","ft":"1.685","fta":"2.580","ft_pct":"0.653","orb":"1.295","drb":"3.985","trb":"5.280","ast":"2.562","stl":"0.824","blk":"0.755","tov":"1.837","pf":"2.869","pts":"12.713"}]