[{"game_id":1049,"team_name":"MEM","player_id":"{\"jonesty01\"}","player_name":"{\"Tyus Jones\"}","fg":"1.647","fga":"3.318","fg_pct":"0.496","three_p":"0.553","three_pa":"1.153","three_p_pct":"0.480","ft":"0.329","fta":"0.424","ft_pct":"0.776","orb":"0.071","drb":"1.176","trb":"1.247","ast":"2.824","stl":"0.388","blk":"0.082","tov":"0.329","pf":"0.235","pts":"4.176"},{"game_id":1049,"team_name":"MEM","player_id":"{\"konchjo01\"}","player_name":"{\"John Konchar\"}","fg":"2.588","fga":"4.024","fg_pct":"0.643","three_p":"0.682","three_pa":"1.659","three_p_pct":"0.411","ft":"0.306","fta":"0.306","ft_pct":"1.000","orb":"1.106","drb":"2.541","trb":"3.647","ast":"1.024","stl":"0.224","blk":"0.271","tov":"0.329","pf":"0.600","pts":"6.165"},{"game_id":1049,"team_name":"MEM","player_id":"{\"tillmxa01\"}","player_name":"{\"Xavier Tillman Sr.\"}","fg":"2.671","fga":"4.694","fg_pct":"0.569","three_p":"0.471","three_pa":"1.176","three_p_pct":"0.401","ft":"0.082","fta":"0.271","ft_pct":"0.303","orb":"1.353","drb":"3.329","trb":"4.682","ast":"1.376","stl":"0.600","blk":"0.506","tov":"0.765","pf":"1.212","pts":"5.894"},{"game_id":1049,"team_name":"MEM","player_id":"{\"moranja01\"}","player_name":"{\"Ja Morant\"}","fg":"6.176","fga":"14.282","fg_pct":"0.432","three_p":"1.671","three_pa":"4.612","three_p_pct":"0.362","ft":"4.153","fta":"5.988","ft_pct":"0.694","orb":"0.788","drb":"3.918","trb":"4.706","ast":"7.659","stl":"0.953","blk":"0.365","tov":"3.647","pf":"1.106","pts":"18.176"},{"game_id":1049,"team_name":"MEM","player_id":"{\"brookdi01\"}","player_name":"{\"Dillon Brooks\"}","fg":"6.729","fga":"16.282","fg_pct":"0.413","three_p":"1.976","three_pa":"6.306","three_p_pct":"0.313","ft":"2.882","fta":"3.871","ft_pct":"0.745","orb":"0.482","drb":"1.918","trb":"2.400","ast":"2.012","stl":"1.353","blk":"0.353","tov":"1.635","pf":"3.918","pts":"18.318"},{"game_id":1049,"team_name":"MEM","player_id":"{\"valanjo01\"}","player_name":"{\"Jonas Valančiūnas\"}","fg":"6.929","fga":"11.024","fg_pct":"0.629","three_p":"0.294","three_pa":"0.671","three_p_pct":"0.438","ft":"1.412","fta":"2.082","ft_pct":"0.678","orb":"4.082","drb":"8.729","trb":"12.812","ast":"1.659","stl":"0.706","blk":"2.341","tov":"1.282","pf":"3.482","pts":"15.565"},{"game_id":1049,"team_name":"MEM","player_id":"benchMEM","player_name":"Bench of MEM","fg":"3.847","fga":"8.487","fg_pct":"0.453","three_p":"1.375","three_pa":"4.011","three_p_pct":"0.343","ft":"1.736","fta":"2.215","ft_pct":"0.784","orb":"1.072","drb":"3.482","trb":"4.555","ast":"2.102","stl":"0.876","blk":"0.929","tov":"1.036","pf":"1.660","pts":"10.806"},{"game_id":1049,"team_name":"SAC","player_id":"{\"kinglo02\"}","player_name":"{\"Louis King\"}","fg":"0.588","fga":"1.859","fg_pct":"0.316","three_p":"0.271","three_pa":"1.176","three_p_pct":"0.230","ft":"0.000","fta":"0.224","ft_pct":"0.000","orb":"0.000","drb":"1.118","trb":"1.118","ast":"0.459","stl":"0.224","blk":"0.000","tov":"0.247","pf":"1.153","pts":"1.447"},{"game_id":1049,"team_name":"SAC","player_id":"{\"wrighde01\"}","player_name":"{\"Delon Wright\"}","fg":"6.153","fga":"11.553","fg_pct":"0.533","three_p":"2.082","three_pa":"4.318","three_p_pct":"0.482","ft":"0.753","fta":"1.024","ft_pct":"0.735","orb":"1.541","drb":"4.306","trb":"5.847","ast":"5.988","stl":"2.518","blk":"0.741","tov":"2.294","pf":"1.494","pts":"15.141"},{"game_id":1049,"team_name":"SAC","player_id":"{\"hieldbu01\"}","player_name":"{\"Buddy Hield\"}","fg":"5.882","fga":"14.094","fg_pct":"0.417","three_p":"4.271","three_pa":"9.882","three_p_pct":"0.432","ft":"1.235","fta":"1.329","ft_pct":"0.929","orb":"0.353","drb":"5.553","trb":"5.906","ast":"5.835","stl":"1.306","blk":"0.694","tov":"2.753","pf":"2.271","pts":"17.271"},{"game_id":1049,"team_name":"SAC","player_id":"{\"metuch01\"}","player_name":"{\"Chimezie Metu\"}","fg":"3.341","fga":"7.035","fg_pct":"0.475","three_p":"0.647","three_pa":"1.553","three_p_pct":"0.417","ft":"1.612","fta":"2.012","ft_pct":"0.801","orb":"0.812","drb":"3.165","trb":"3.976","ast":"1.118","stl":"0.871","blk":"0.671","tov":"1.200","pf":"2.035","pts":"8.941"},{"game_id":1049,"team_name":"SAC","player_id":"{\"jamesju01\"}","player_name":"{\"Justin James\"}","fg":"1.788","fga":"4.529","fg_pct":"0.395","three_p":"0.576","three_pa":"1.647","three_p_pct":"0.350","ft":"0.682","fta":"1.200","ft_pct":"0.568","orb":"0.306","drb":"0.435","trb":"0.741","ast":"0.541","stl":"0.388","blk":"0.259","tov":"0.541","pf":"0.929","pts":"4.835"},{"game_id":1049,"team_name":"SAC","player_id":"{\"harklma01\"}","player_name":"{\"Maurice Harkless\"}","fg":"3.482","fga":"8.047","fg_pct":"0.433","three_p":"0.988","three_pa":"3.882","three_p_pct":"0.255","ft":"1.718","fta":"2.271","ft_pct":"0.756","orb":"0.365","drb":"3.412","trb":"3.776","ast":"1.988","stl":"1.259","blk":"0.812","tov":"0.882","pf":"3.235","pts":"9.671"},{"game_id":1049,"team_name":"SAC","player_id":"benchSAC","player_name":"Bench of SAC","fg":"4.919","fga":"8.677","fg_pct":"0.567","three_p":"1.012","three_pa":"2.431","three_p_pct":"0.416","ft":"1.784","fta":"2.201","ft_pct":"0.811","orb":"0.892","drb":"3.873","trb":"4.765","ast":"2.020","stl":"0.875","blk":"0.834","tov":"1.299","pf":"2.416","pts":"12.634"}]