[{"game_id":1047,"team_name":"NYK","player_id":"{\"ntilila01\"}","player_name":"{\"Frank Ntilikina\"}","ts_pct":"0.253","efg_pct":"0.279","three_par":"0.411","ftr":"0.235","orb_pct":"4.264","drb_pct":"6.300","trb_pct":"5.214","ast_pct":"8.979","stl_pct":"0.704","blk_pct":"1.745","tov_pct":"4.309","usg_pct":"11.612","ortg":"71.176","drtg":"113.141","bpm":"-7.054"},{"game_id":1047,"team_name":"NYK","player_id":"{\"randlju01\"}","player_name":"{\"Julius Randle\"}","ts_pct":"0.553","efg_pct":"0.509","three_par":"0.324","ftr":"0.271","orb_pct":"2.931","drb_pct":"23.728","trb_pct":"13.691","ast_pct":"23.380","stl_pct":"0.444","blk_pct":"0.527","tov_pct":"12.278","usg_pct":"32.161","ortg":"106.306","drtg":"111.694","bpm":"1.895"},{"game_id":1047,"team_name":"NYK","player_id":"{\"barrerj01\"}","player_name":"{\"RJ Barrett\"}","ts_pct":"0.492","efg_pct":"0.455","three_par":"0.431","ftr":"0.222","orb_pct":"1.119","drb_pct":"16.387","trb_pct":"8.969","ast_pct":"12.112","stl_pct":"0.980","blk_pct":"0.822","tov_pct":"7.024","usg_pct":"22.533","ortg":"98.706","drtg":"112.482","bpm":"-2.358"},{"game_id":1047,"team_name":"NYK","player_id":"{\"bullore01\"}","player_name":"{\"Reggie Bullock\"}","ts_pct":"0.610","efg_pct":"0.572","three_par":"0.713","ftr":"0.190","orb_pct":"0.993","drb_pct":"9.871","trb_pct":"5.594","ast_pct":"8.365","stl_pct":"1.055","blk_pct":"0.296","tov_pct":"6.131","usg_pct":"15.532","ortg":"119.388","drtg":"114.153","bpm":"0.412"},{"game_id":1047,"team_name":"NYK","player_id":"{\"burksal01\"}","player_name":"{\"Alec Burks\"}","ts_pct":"0.409","efg_pct":"0.386","three_par":"0.506","ftr":"0.193","orb_pct":"0.000","drb_pct":"21.284","trb_pct":"10.616","ast_pct":"15.016","stl_pct":"0.462","blk_pct":"1.952","tov_pct":"5.876","usg_pct":"19.945","ortg":"94.647","drtg":"107.965","bpm":"-2.068"},{"game_id":1047,"team_name":"NYK","player_id":"{\"toppiob01\"}","player_name":"{\"Obi Toppin\"}","ts_pct":"0.743","efg_pct":"0.726","three_par":"0.424","ftr":"0.094","orb_pct":"6.534","drb_pct":"18.138","trb_pct":"12.707","ast_pct":"10.313","stl_pct":"2.067","blk_pct":"2.291","tov_pct":"2.428","usg_pct":"16.006","ortg":"146.176","drtg":"107.059","bpm":"6.664"},{"game_id":1047,"team_name":"NYK","player_id":"benchNYK","player_name":"Bench of NYK","ts_pct":"0.618","efg_pct":"0.582","three_par":"0.164","ftr":"0.358","orb_pct":"5.824","drb_pct":"14.157","trb_pct":"10.051","ast_pct":"10.252","stl_pct":"1.964","blk_pct":"3.241","tov_pct":"11.504","usg_pct":"15.272","ortg":"125.264","drtg":"109.092","bpm":"-0.421"},{"game_id":1047,"team_name":"SAS","player_id":"{\"derozde01\"}","player_name":"{\"DeMar DeRozan\"}","ts_pct":"0.577","efg_pct":"0.497","three_par":"0.020","ftr":"0.464","orb_pct":"0.429","drb_pct":"9.986","trb_pct":"5.082","ast_pct":"26.166","stl_pct":"1.864","blk_pct":"0.558","tov_pct":"8.726","usg_pct":"27.553","ortg":"116.847","drtg":"122.094","bpm":"0.607"},{"game_id":1047,"team_name":"SAS","player_id":"{\"murrade01\"}","player_name":"{\"Dejounte Murray\"}","ts_pct":"0.517","efg_pct":"0.488","three_par":"0.171","ftr":"0.192","orb_pct":"4.995","drb_pct":"20.366","trb_pct":"11.802","ast_pct":"27.852","stl_pct":"1.755","blk_pct":"0.000","tov_pct":"11.326","usg_pct":"24.794","ortg":"109.459","drtg":"121.094","bpm":"-0.028"},{"game_id":1047,"team_name":"SAS","player_id":"{\"poeltja01\"}","player_name":"{\"Jakob Poeltl\"}","ts_pct":"0.557","efg_pct":"0.536","three_par":"0.000","ftr":"0.255","orb_pct":"9.811","drb_pct":"16.907","trb_pct":"13.891","ast_pct":"12.499","stl_pct":"2.034","blk_pct":"4.629","tov_pct":"7.636","usg_pct":"12.891","ortg":"125.871","drtg":"116.647","bpm":"1.465"},{"game_id":1047,"team_name":"SAS","player_id":"{\"johnske04\"}","player_name":"{\"Keldon Johnson\"}","ts_pct":"0.538","efg_pct":"0.490","three_par":"0.184","ftr":"0.353","orb_pct":"5.232","drb_pct":"11.239","trb_pct":"8.253","ast_pct":"8.028","stl_pct":"0.738","blk_pct":"0.000","tov_pct":"6.238","usg_pct":"19.001","ortg":"112.388","drtg":"124.106","bpm":"-4.122"},{"game_id":1047,"team_name":"SAS","player_id":"{\"walkelo01\"}","player_name":"{\"Lonnie Walker IV\"}","ts_pct":"0.526","efg_pct":"0.518","three_par":"0.494","ftr":"0.041","orb_pct":"1.108","drb_pct":"11.474","trb_pct":"5.900","ast_pct":"9.335","stl_pct":"0.869","blk_pct":"0.214","tov_pct":"4.191","usg_pct":"19.693","ortg":"107.153","drtg":"124.188","bpm":"-1.398"},{"game_id":1047,"team_name":"SAS","player_id":"{\"millspa02\"}","player_name":"{\"Patty Mills\"}","ts_pct":"0.472","efg_pct":"0.456","three_par":"0.669","ftr":"0.094","orb_pct":"0.305","drb_pct":"8.893","trb_pct":"4.600","ast_pct":"8.536","stl_pct":"0.996","blk_pct":"0.214","tov_pct":"8.993","usg_pct":"16.809","ortg":"95.588","drtg":"124.388","bpm":"-5.222"},{"game_id":1047,"team_name":"SAS","player_id":"benchSAS","player_name":"Bench of SAS","ts_pct":"0.537","efg_pct":"0.496","three_par":"0.356","ftr":"0.207","orb_pct":"5.436","drb_pct":"20.662","trb_pct":"12.522","ast_pct":"4.547","stl_pct":"1.185","blk_pct":"2.566","tov_pct":"7.621","usg_pct":"17.974","ortg":"108.390","drtg":"120.015","bpm":"-1.783"}]