[{"game_id":1132,"team_name":"BRK","player_id":"teamBRK","player_name":"Team name: BRK","fg":"43.457","fga":"86.194","fg_pct":"0.504","three_p":"14.291","three_pa":"33.514","three_p_pct":"0.426","ft":"19.549","fta":"22.863","ft_pct":"0.855","orb":"8.560","drb":"34.817","trb":"43.377","ast":"26.697","stl":"6.657","blk":"7.171","tov":"9.749","pf":"21.491","pts":"120.754"},{"game_id":1132,"team_name":"MIL","player_id":"teamMIL","player_name":"Team name: MIL","fg":"44.863","fga":"94.554","fg_pct":"0.474","three_p":"11.606","three_pa":"36.920","three_p_pct":"0.314","ft":"17.589","fta":"24.000","ft_pct":"0.733","orb":"12.891","drb":"40.920","trb":"53.811","ast":"24.760","stl":"7.091","blk":"3.531","tov":"12.514","pf":"16.731","pts":"118.920"}]