[{"game_id":1023,"team_name":"GSW","player_id":"{\"greendr01\"}","player_name":"{\"Draymond Green\"}","fg":"3.176","fga":"5.353","fg_pct":"0.593","three_p":"0.682","three_pa":"1.541","three_p_pct":"0.443","ft":"1.094","fta":"1.471","ft_pct":"0.744","orb":"0.635","drb":"8.906","trb":"9.541","ast":"10.165","stl":"1.565","blk":"1.153","tov":"3.635","pf":"2.812","pts":"8.129"},{"game_id":1023,"team_name":"GSW","player_id":"{\"curryst01\"}","player_name":"{\"Stephen Curry\"}","fg":"11.506","fga":"24.188","fg_pct":"0.476","three_p":"7.047","three_pa":"16.071","three_p_pct":"0.438","ft":"6.071","fta":"6.753","ft_pct":"0.899","orb":"0.353","drb":"5.082","trb":"5.435","ast":"4.776","stl":"1.376","blk":"0.071","tov":"3.388","pf":"2.235","pts":"36.129"},{"game_id":1023,"team_name":"GSW","player_id":"{\"wiggian01\"}","player_name":"{\"Andrew Wiggins\"}","fg":"7.882","fga":"16.576","fg_pct":"0.476","three_p":"2.059","three_pa":"5.706","three_p_pct":"0.361","ft":"2.482","fta":"2.929","ft_pct":"0.847","orb":"1.412","drb":"3.224","trb":"4.635","ast":"3.012","stl":"0.835","blk":"1.329","tov":"1.388","pf":"2.365","pts":"20.306"},{"game_id":1023,"team_name":"GSW","player_id":"{\"bazemke01\"}","player_name":"{\"Kent Bazemore\"}","fg":"3.259","fga":"7.588","fg_pct":"0.429","three_p":"1.718","three_pa":"3.929","three_p_pct":"0.437","ft":"0.529","fta":"0.918","ft_pct":"0.576","orb":"0.212","drb":"6.035","trb":"6.247","ast":"1.682","stl":"1.400","blk":"0.729","tov":"1.659","pf":"2.800","pts":"8.765"},{"game_id":1023,"team_name":"GSW","player_id":"{\"looneke01\"}","player_name":"{\"Kevon Looney\"}","fg":"2.282","fga":"3.941","fg_pct":"0.579","three_p":"0.000","three_pa":"0.141","three_p_pct":"0.000","ft":"0.341","fta":"0.812","ft_pct":"0.420","orb":"1.659","drb":"5.129","trb":"6.788","ast":"1.812","stl":"0.224","blk":"0.553","tov":"0.329","pf":"2.588","pts":"4.906"},{"game_id":1023,"team_name":"GSW","player_id":"{\"toscaju01\"}","player_name":"{\"Juan Toscano-Anderson\"}","fg":"3.188","fga":"5.529","fg_pct":"0.577","three_p":"0.965","three_pa":"2.929","three_p_pct":"0.329","ft":"0.306","fta":"0.588","ft_pct":"0.520","orb":"0.565","drb":"5.824","trb":"6.388","ast":"4.506","stl":"1.153","blk":"0.929","tov":"2.047","pf":"2.788","pts":"7.647"},{"game_id":1023,"team_name":"GSW","player_id":"benchGSW","player_name":"Bench of GSW","fg":"4.502","fga":"9.955","fg_pct":"0.452","three_p":"2.769","three_pa":"6.956","three_p_pct":"0.398","ft":"1.022","fta":"1.316","ft_pct":"0.777","orb":"0.556","drb":"1.670","trb":"2.226","ast":"1.344","stl":"0.372","blk":"0.157","tov":"0.998","pf":"1.721","pts":"12.794"},{"game_id":1023,"team_name":"UTA","player_id":"{\"thomama02\"}","player_name":"{\"Matt Thomas\"}","fg":"2.000","fga":"4.153","fg_pct":"0.482","three_p":"0.835","three_pa":"2.376","three_p_pct":"0.351","ft":"0.353","fta":"0.353","ft_pct":"1.000","orb":"0.353","drb":"0.871","trb":"1.224","ast":"0.400","stl":"0.000","blk":"0.000","tov":"0.282","pf":"0.212","pts":"5.188"},{"game_id":1023,"team_name":"UTA","player_id":"{\"clarkjo01\"}","player_name":"{\"Jordan Clarkson\"}","fg":"7.000","fga":"17.671","fg_pct":"0.396","three_p":"2.706","three_pa":"8.424","three_p_pct":"0.321","ft":"2.682","fta":"3.518","ft_pct":"0.762","orb":"0.400","drb":"4.000","trb":"4.400","ast":"4.447","stl":"1.012","blk":"0.212","tov":"1.647","pf":"1.859","pts":"19.388"},{"game_id":1023,"team_name":"UTA","player_id":"{\"bogdabo02\"}","player_name":"{\"Bojan Bogdanović\"}","fg":"9.118","fga":"16.624","fg_pct":"0.548","three_p":"3.435","three_pa":"7.282","three_p_pct":"0.472","ft":"4.776","fta":"5.329","ft_pct":"0.896","orb":"0.576","drb":"3.282","trb":"3.859","ast":"1.882","stl":"0.965","blk":"0.082","tov":"3.200","pf":"1.800","pts":"26.447"},{"game_id":1023,"team_name":"UTA","player_id":"{\"onealro01\"}","player_name":"{\"Royce O'Neale\"}","fg":"2.753","fga":"5.235","fg_pct":"0.526","three_p":"1.682","three_pa":"3.529","three_p_pct":"0.477","ft":"0.306","fta":"0.306","ft_pct":"1.000","orb":"0.812","drb":"5.294","trb":"6.106","ast":"2.671","stl":"1.329","blk":"0.118","tov":"1.071","pf":"1.576","pts":"7.494"},{"game_id":1023,"team_name":"UTA","player_id":"{\"goberru01\"}","player_name":"{\"Rudy Gobert\"}","fg":"5.682","fga":"8.353","fg_pct":"0.680","three_p":"0.000","three_pa":"0.000","three_p_pct":"NaN","ft":"2.529","fta":"3.588","ft_pct":"0.705","orb":"2.929","drb":"8.941","trb":"11.871","ast":"0.918","stl":"0.788","blk":"2.259","tov":"2.188","pf":"2.165","pts":"13.894"},{"game_id":1023,"team_name":"UTA","player_id":"{\"inglejo01\"}","player_name":"{\"Joe Ingles\"}","fg":"4.400","fga":"10.294","fg_pct":"0.427","three_p":"2.529","three_pa":"7.259","three_p_pct":"0.348","ft":"1.224","fta":"1.541","ft_pct":"0.794","orb":"0.424","drb":"3.318","trb":"3.741","ast":"7.024","stl":"0.576","blk":"0.118","tov":"2.365","pf":"1.600","pts":"12.553"},{"game_id":1023,"team_name":"UTA","player_id":"benchUTA","player_name":"Bench of UTA","fg":"2.402","fga":"4.629","fg_pct":"0.519","three_p":"1.118","three_pa":"2.627","three_p_pct":"0.426","ft":"0.669","fta":"0.729","ft_pct":"0.918","orb":"0.839","drb":"2.494","trb":"3.333","ast":"1.342","stl":"0.408","blk":"0.322","tov":"0.657","pf":"1.381","pts":"6.592"}]