[{"game_id":113,"team_name":"NOP","player_id":"{\"redicjj01\"}","player_name":"{\"J.J. Redick\"}","ts_pct":"0.416","efg_pct":"0.356","three_par":"0.738","ftr":"0.227","orb_pct":"0.459","drb_pct":"7.220","trb_pct":"3.876","ast_pct":"7.699","stl_pct":"0.647","blk_pct":"0.169","tov_pct":"7.020","usg_pct":"16.339","ortg":"89.353","drtg":"113.518","bpm":"-6.367"},{"game_id":113,"team_name":"NOP","player_id":"{\"ingrabr01\"}","player_name":"{\"Brandon Ingram\"}","ts_pct":"0.572","efg_pct":"0.520","three_par":"0.345","ftr":"0.358","orb_pct":"1.604","drb_pct":"17.345","trb_pct":"9.646","ast_pct":"27.771","stl_pct":"0.971","blk_pct":"2.566","tov_pct":"10.666","usg_pct":"29.438","ortg":"115.482","drtg":"108.776","bpm":"5.456"},{"game_id":113,"team_name":"NOP","player_id":"{\"balllo01\"}","player_name":"{\"Lonzo Ball\"}","ts_pct":"0.519","efg_pct":"0.514","three_par":"0.589","ftr":"0.100","orb_pct":"2.666","drb_pct":"12.821","trb_pct":"7.636","ast_pct":"23.139","stl_pct":"1.356","blk_pct":"2.907","tov_pct":"19.592","usg_pct":"19.998","ortg":"98.400","drtg":"108.506","bpm":"-1.605"},{"game_id":113,"team_name":"NOP","player_id":"{\"adamsst01\"}","player_name":"{\"Steven Adams\"}","ts_pct":"0.657","efg_pct":"0.667","three_par":"0.000","ftr":"0.373","orb_pct":"15.222","drb_pct":"18.219","trb_pct":"16.711","ast_pct":"6.404","stl_pct":"2.442","blk_pct":"2.809","tov_pct":"19.109","usg_pct":"14.661","ortg":"118.941","drtg":"102.941","bpm":"1.308"},{"game_id":113,"team_name":"NOP","player_id":"{\"willizi01\"}","player_name":"{\"Zion Williamson\"}","ts_pct":"0.596","efg_pct":"0.577","three_par":"0.012","ftr":"0.584","orb_pct":"11.873","drb_pct":"15.318","trb_pct":"13.440","ast_pct":"9.242","stl_pct":"1.347","blk_pct":"1.521","tov_pct":"12.979","usg_pct":"29.429","ortg":"111.671","drtg":"109.565","bpm":"1.486"},{"game_id":113,"team_name":"NOP","player_id":"{\"hartjo01\"}","player_name":"{\"Josh Hart\"}","ts_pct":"0.477","efg_pct":"0.434","three_par":"0.631","ftr":"0.528","orb_pct":"3.764","drb_pct":"29.865","trb_pct":"16.796","ast_pct":"7.126","stl_pct":"1.178","blk_pct":"0.776","tov_pct":"7.476","usg_pct":"12.699","ortg":"107.376","drtg":"107.694","bpm":"-1.629"},{"game_id":113,"team_name":"NOP","player_id":"benchNOP","player_name":"Bench of NOP","ts_pct":"0.495","efg_pct":"0.456","three_par":"0.358","ftr":"0.278","orb_pct":"5.530","drb_pct":"13.903","trb_pct":"9.793","ast_pct":"16.002","stl_pct":"1.930","blk_pct":"3.665","tov_pct":"19.079","usg_pct":"20.192","ortg":"104.340","drtg":"107.713","bpm":"-1.824"},{"game_id":113,"team_name":"OKC","player_id":"{\"gilgesh01\"}","player_name":"{\"Shai Gilgeous-Alexander\"}","ts_pct":"0.536","efg_pct":"0.508","three_par":"0.418","ftr":"0.249","orb_pct":"1.288","drb_pct":"11.379","trb_pct":"6.399","ast_pct":"30.562","stl_pct":"0.796","blk_pct":"0.986","tov_pct":"16.684","usg_pct":"24.412","ortg":"99.318","drtg":"112.706","bpm":"-1.058"},{"game_id":113,"team_name":"OKC","player_id":"{\"bazleda01\"}","player_name":"{\"Darius Bazley\"}","ts_pct":"0.627","efg_pct":"0.578","three_par":"0.536","ftr":"0.415","orb_pct":"2.520","drb_pct":"27.781","trb_pct":"14.933","ast_pct":"9.368","stl_pct":"0.713","blk_pct":"4.171","tov_pct":"16.289","usg_pct":"17.787","ortg":"107.929","drtg":"107.529","bpm":"1.845"},{"game_id":113,"team_name":"OKC","player_id":"{\"dortlu01\"}","player_name":"{\"Luguentz Dort\"}","ts_pct":"0.584","efg_pct":"0.558","three_par":"0.557","ftr":"0.273","orb_pct":"2.888","drb_pct":"8.340","trb_pct":"5.638","ast_pct":"8.151","stl_pct":"1.439","blk_pct":"1.253","tov_pct":"10.988","usg_pct":"22.374","ortg":"104.129","drtg":"111.788","bpm":"-1.412"},{"game_id":113,"team_name":"OKC","player_id":"{\"hillge01\"}","player_name":"{\"George Hill\"}","ts_pct":"0.564","efg_pct":"0.553","three_par":"0.500","ftr":"0.141","orb_pct":"3.042","drb_pct":"5.812","trb_pct":"4.394","ast_pct":"21.134","stl_pct":"1.146","blk_pct":"0.734","tov_pct":"9.581","usg_pct":"17.438","ortg":"109.882","drtg":"116.106","bpm":"0.375"},{"game_id":113,"team_name":"OKC","player_id":"{\"horfoal01\"}","player_name":"{\"Al Horford\"}","ts_pct":"0.505","efg_pct":"0.483","three_par":"0.452","ftr":"0.129","orb_pct":"3.919","drb_pct":"21.440","trb_pct":"12.692","ast_pct":"17.214","stl_pct":"0.307","blk_pct":"1.775","tov_pct":"6.975","usg_pct":"14.184","ortg":"108.247","drtg":"112.859","bpm":"-0.544"},{"game_id":113,"team_name":"OKC","player_id":"{\"diallha01\"}","player_name":"{\"Hamidou Diallo\"}","ts_pct":"0.519","efg_pct":"0.511","three_par":"0.147","ftr":"0.503","orb_pct":"7.104","drb_pct":"18.589","trb_pct":"12.838","ast_pct":"8.993","stl_pct":"1.339","blk_pct":"3.081","tov_pct":"12.482","usg_pct":"22.626","ortg":"93.800","drtg":"109.600","bpm":"-2.091"},{"game_id":113,"team_name":"OKC","player_id":"benchOKC","player_name":"Bench of OKC","ts_pct":"0.480","efg_pct":"0.431","three_par":"0.508","ftr":"0.197","orb_pct":"3.350","drb_pct":"12.691","trb_pct":"8.053","ast_pct":"11.226","stl_pct":"1.098","blk_pct":"1.345","tov_pct":"18.588","usg_pct":"16.307","ortg":"86.565","drtg":"114.137","bpm":"-5.257"}]