[{"game_id":1066,"team_name":"NYK","player_id":"{\"randlju01\"}","player_name":"{\"Julius Randle\"}","fg":"9.035","fga":"21.094","fg_pct":"0.428","three_p":"2.447","three_pa":"6.729","three_p_pct":"0.364","ft":"4.918","fta":"5.824","ft_pct":"0.844","orb":"0.694","drb":"8.388","trb":"9.082","ast":"6.671","stl":"0.494","blk":"0.153","tov":"3.118","pf":"3.329","pts":"25.435"},{"game_id":1066,"team_name":"NYK","player_id":"{\"bullore01\"}","player_name":"{\"Reggie Bullock\"}","fg":"4.365","fga":"10.506","fg_pct":"0.415","three_p":"3.000","three_pa":"7.659","three_p_pct":"0.392","ft":"1.471","fta":"1.529","ft_pct":"0.962","orb":"0.388","drb":"3.718","trb":"4.106","ast":"1.776","stl":"0.953","blk":"0.118","tov":"0.718","pf":"2.541","pts":"13.200"},{"game_id":1066,"team_name":"NYK","player_id":"{\"barrerj01\"}","player_name":"{\"RJ Barrett\"}","fg":"5.812","fga":"15.471","fg_pct":"0.376","three_p":"2.847","three_pa":"6.365","three_p_pct":"0.447","ft":"2.012","fta":"2.565","ft_pct":"0.784","orb":"0.459","drb":"5.565","trb":"6.024","ast":"3.506","stl":"0.765","blk":"0.424","tov":"1.529","pf":"2.212","pts":"16.482"},{"game_id":1066,"team_name":"NYK","player_id":"{\"noelne01\"}","player_name":"{\"Nerlens Noel\"}","fg":"2.071","fga":"3.318","fg_pct":"0.624","three_p":"0.000","three_pa":"0.071","three_p_pct":"0.000","ft":"1.047","fta":"1.247","ft_pct":"0.840","orb":"1.988","drb":"3.776","trb":"5.765","ast":"0.541","stl":"1.306","blk":"2.400","tov":"0.541","pf":"3.106","pts":"5.188"},{"game_id":1066,"team_name":"NYK","player_id":"{\"burksal01\"}","player_name":"{\"Alec Burks\"}","fg":"4.353","fga":"10.694","fg_pct":"0.407","three_p":"2.059","three_pa":"5.412","three_p_pct":"0.380","ft":"1.835","fta":"2.153","ft_pct":"0.852","orb":"0.153","drb":"5.612","trb":"5.765","ast":"2.412","stl":"0.106","blk":"0.365","tov":"0.812","pf":"2.153","pts":"12.600"},{"game_id":1066,"team_name":"NYK","player_id":"{\"rosede01\"}","player_name":"{\"Derrick Rose\"}","fg":"7.965","fga":"14.012","fg_pct":"0.568","three_p":"1.494","three_pa":"2.988","three_p_pct":"0.500","ft":"2.341","fta":"2.388","ft_pct":"0.980","orb":"0.435","drb":"3.318","trb":"3.753","ast":"4.988","stl":"0.894","blk":"0.212","tov":"1.918","pf":"0.918","pts":"19.765"},{"game_id":1066,"team_name":"NYK","player_id":"benchNYK","player_name":"Bench of NYK","fg":"2.156","fga":"4.383","fg_pct":"0.492","three_p":"0.695","three_pa":"1.549","three_p_pct":"0.449","ft":"0.815","fta":"1.002","ft_pct":"0.813","orb":"0.706","drb":"2.013","trb":"2.718","ast":"1.174","stl":"0.449","blk":"0.522","tov":"0.514","pf":"1.648","pts":"5.823"},{"game_id":1066,"team_name":"BOS","player_id":"{\"langfro01\"}","player_name":"{\"Romeo Langford\"}","fg":"1.012","fga":"2.682","fg_pct":"0.377","three_p":"0.247","three_pa":"0.965","three_p_pct":"0.256","ft":"0.259","fta":"0.412","ft_pct":"0.629","orb":"0.341","drb":"0.906","trb":"1.247","ast":"0.788","stl":"0.271","blk":"0.388","tov":"0.388","pf":"1.329","pts":"2.529"},{"game_id":1066,"team_name":"BOS","player_id":"{\"parkeja01\"}","player_name":"{\"Jabari Parker\"}","fg":"1.894","fga":"3.788","fg_pct":"0.500","three_p":"0.153","three_pa":"0.765","three_p_pct":"0.200","ft":"0.576","fta":"0.788","ft_pct":"0.731","orb":"0.694","drb":"2.306","trb":"3.000","ast":"0.824","stl":"0.082","blk":"0.412","tov":"0.706","pf":"0.647","pts":"4.518"},{"game_id":1066,"team_name":"BOS","player_id":"{\"edwarca01\"}","player_name":"{\"Carsen Edwards\"}","fg":"0.565","fga":"1.859","fg_pct":"0.304","three_p":"0.353","three_pa":"1.388","three_p_pct":"0.254","ft":"0.471","fta":"0.471","ft_pct":"1.000","orb":"0.071","drb":"0.424","trb":"0.494","ast":"0.565","stl":"0.141","blk":"0.000","tov":"0.329","pf":"0.306","pts":"1.953"},{"game_id":1066,"team_name":"BOS","player_id":"{\"kornelu01\"}","player_name":"{\"Luke Kornet\"}","fg":"2.282","fga":"4.118","fg_pct":"0.554","three_p":"0.247","three_pa":"1.259","three_p_pct":"0.196","ft":"0.047","fta":"0.047","ft_pct":"1.000","orb":"0.941","drb":"1.988","trb":"2.929","ast":"1.294","stl":"0.294","blk":"1.435","tov":"0.306","pf":"1.176","pts":"4.859"},{"game_id":1066,"team_name":"BOS","player_id":"{\"willigr01\"}","player_name":"{\"Grant Williams\"}","fg":"2.176","fga":"4.576","fg_pct":"0.476","three_p":"0.694","three_pa":"2.024","three_p_pct":"0.343","ft":"0.847","fta":"1.271","ft_pct":"0.666","orb":"0.659","drb":"1.906","trb":"2.565","ast":"1.165","stl":"0.271","blk":"0.506","tov":"0.647","pf":"2.894","pts":"5.894"},{"game_id":1066,"team_name":"BOS","player_id":"{\"watertr01\"}","player_name":"{\"Tremont Waters\"}","fg":"1.671","fga":"4.035","fg_pct":"0.414","three_p":"0.753","three_pa":"1.541","three_p_pct":"0.489","ft":"0.576","fta":"0.576","ft_pct":"1.000","orb":"0.282","drb":"0.400","trb":"0.682","ast":"2.612","stl":"0.329","blk":"0.141","tov":"1.200","pf":"0.965","pts":"4.671"},{"game_id":1066,"team_name":"BOS","player_id":"benchBOS","player_name":"Bench of BOS","fg":"2.360","fga":"4.874","fg_pct":"0.484","three_p":"1.050","three_pa":"2.722","three_p_pct":"0.386","ft":"0.492","fta":"0.619","ft_pct":"0.795","orb":"0.590","drb":"2.513","trb":"3.102","ast":"0.715","stl":"0.551","blk":"0.248","tov":"0.436","pf":"1.591","pts":"6.261"}]