[{"game_id":1099,"team_name":"LAC","player_id":"{\"ibakase01\"}","player_name":"{\"Serge Ibaka\"}","fg":"3.647","fga":"7.424","fg_pct":"0.491","three_p":"0.682","three_pa":"2.918","three_p_pct":"0.234","ft":"1.529","fta":"1.800","ft_pct":"0.849","orb":"1.741","drb":"4.424","trb":"6.165","ast":"1.953","stl":"0.282","blk":"0.965","tov":"0.353","pf":"1.612","pts":"9.506"},{"game_id":1099,"team_name":"LAC","player_id":"{\"leonaka01\"}","player_name":"{\"Kawhi Leonard\"}","fg":"6.741","fga":"14.388","fg_pct":"0.469","three_p":"1.835","three_pa":"4.847","three_p_pct":"0.379","ft":"5.200","fta":"5.812","ft_pct":"0.895","orb":"0.624","drb":"5.553","trb":"6.176","ast":"5.906","stl":"1.188","blk":"0.176","tov":"2.129","pf":"1.235","pts":"20.518"},{"game_id":1099,"team_name":"LAC","player_id":"{\"georgpa01\"}","player_name":"{\"Paul George\"}","fg":"7.094","fga":"17.635","fg_pct":"0.402","three_p":"2.671","three_pa":"8.588","three_p_pct":"0.311","ft":"3.776","fta":"4.624","ft_pct":"0.817","orb":"0.906","drb":"6.588","trb":"7.494","ast":"4.318","stl":"0.812","blk":"0.282","tov":"3.529","pf":"2.906","pts":"20.635"},{"game_id":1099,"team_name":"LAC","player_id":"{\"jacksre01\"}","player_name":"{\"Reggie Jackson\"}","fg":"3.729","fga":"8.988","fg_pct":"0.415","three_p":"2.153","three_pa":"5.835","three_p_pct":"0.369","ft":"0.471","fta":"0.471","ft_pct":"1.000","orb":"0.235","drb":"2.012","trb":"2.247","ast":"2.212","stl":"0.518","blk":"0.282","tov":"0.871","pf":"1.282","pts":"10.082"},{"game_id":1099,"team_name":"LAC","player_id":"{\"morrima03\"}","player_name":"{\"Marcus Morris\"}","fg":"3.894","fga":"8.376","fg_pct":"0.465","three_p":"1.576","three_pa":"4.306","three_p_pct":"0.366","ft":"1.529","fta":"2.047","ft_pct":"0.747","orb":"0.659","drb":"2.765","trb":"3.424","ast":"0.835","stl":"0.353","blk":"0.576","tov":"1.318","pf":"1.541","pts":"10.894"},{"game_id":1099,"team_name":"LAC","player_id":"{\"beverpa01\"}","player_name":"{\"Patrick Beverley\"}","fg":"2.059","fga":"5.082","fg_pct":"0.405","three_p":"0.835","three_pa":"2.882","three_p_pct":"0.290","ft":"0.447","fta":"0.588","ft_pct":"0.760","orb":"0.235","drb":"1.200","trb":"1.435","ast":"1.541","stl":"0.365","blk":"0.765","tov":"0.847","pf":"2.012","pts":"5.400"},{"game_id":1099,"team_name":"LAC","player_id":"benchLAC","player_name":"Bench of LAC","fg":"3.108","fga":"5.083","fg_pct":"0.611","three_p":"0.954","three_pa":"1.953","three_p_pct":"0.488","ft":"0.976","fta":"1.197","ft_pct":"0.815","orb":"0.919","drb":"3.057","trb":"3.976","ast":"2.439","stl":"0.486","blk":"0.336","tov":"1.005","pf":"1.386","pts":"8.146"},{"game_id":1099,"team_name":"DAL","player_id":"{\"mellini01\"}","player_name":"{\"Nicolò Melli\"}","fg":"1.282","fga":"3.835","fg_pct":"0.334","three_p":"0.847","three_pa":"2.471","three_p_pct":"0.343","ft":"0.741","fta":"0.894","ft_pct":"0.829","orb":"1.129","drb":"2.141","trb":"3.271","ast":"0.906","stl":"0.141","blk":"0.000","tov":"0.235","pf":"0.788","pts":"4.153"},{"game_id":1099,"team_name":"DAL","player_id":"{\"hardati02\"}","player_name":"{\"Tim Hardaway Jr.\"}","fg":"6.953","fga":"13.165","fg_pct":"0.528","three_p":"3.718","three_pa":"8.282","three_p_pct":"0.449","ft":"2.294","fta":"2.482","ft_pct":"0.924","orb":"0.565","drb":"2.329","trb":"2.894","ast":"2.518","stl":"0.506","blk":"0.200","tov":"1.071","pf":"1.588","pts":"19.918"},{"game_id":1099,"team_name":"DAL","player_id":"{\"doncilu01\"}","player_name":"{\"Luka Dončić\"}","fg":"7.882","fga":"18.388","fg_pct":"0.429","three_p":"2.776","three_pa":"8.329","three_p_pct":"0.333","ft":"4.329","fta":"5.694","ft_pct":"0.760","orb":"0.812","drb":"7.153","trb":"7.965","ast":"7.294","stl":"0.859","blk":"0.518","tov":"3.612","pf":"2.106","pts":"22.871"},{"game_id":1099,"team_name":"DAL","player_id":"{\"finnedo01\"}","player_name":"{\"Dorian Finney-Smith\"}","fg":"4.388","fga":"7.694","fg_pct":"0.570","three_p":"2.082","three_pa":"4.600","three_p_pct":"0.453","ft":"0.318","fta":"0.635","ft_pct":"0.501","orb":"0.788","drb":"3.541","trb":"4.329","ast":"2.071","stl":"0.529","blk":"0.247","tov":"1.506","pf":"2.435","pts":"11.176"},{"game_id":1099,"team_name":"DAL","player_id":"{\"poweldw01\"}","player_name":"{\"Dwight Powell\"}","fg":"2.518","fga":"3.400","fg_pct":"0.741","three_p":"0.000","three_pa":"0.000","three_p_pct":"NaN","ft":"2.000","fta":"2.341","ft_pct":"0.854","orb":"1.988","drb":"3.671","trb":"5.659","ast":"2.776","stl":"0.553","blk":"1.200","tov":"0.988","pf":"2.647","pts":"7.035"},{"game_id":1099,"team_name":"DAL","player_id":"{\"klebima01\"}","player_name":"{\"Maxi Kleber\"}","fg":"2.094","fga":"5.094","fg_pct":"0.411","three_p":"1.506","three_pa":"3.918","three_p_pct":"0.384","ft":"0.671","fta":"0.824","ft_pct":"0.814","orb":"1.494","drb":"3.682","trb":"5.176","ast":"1.965","stl":"0.106","blk":"0.376","tov":"0.176","pf":"1.388","pts":"6.365"},{"game_id":1099,"team_name":"DAL","player_id":"benchDAL","player_name":"Bench of DAL","fg":"4.397","fga":"8.996","fg_pct":"0.489","three_p":"1.263","three_pa":"2.905","three_p_pct":"0.435","ft":"1.730","fta":"1.967","ft_pct":"0.880","orb":"0.845","drb":"2.822","trb":"3.668","ast":"1.833","stl":"0.693","blk":"0.340","tov":"0.773","pf":"1.996","pts":"11.786"}]