[{"game_id":100,"team_name":"GSW","player_id":"{\"poolejo01\"}","player_name":"{\"Jordan Poole\"}","fg":"2.553","fga":"5.741","fg_pct":"0.445","three_p":"0.976","three_pa":"3.200","three_p_pct":"0.305","ft":"1.953","fta":"2.365","ft_pct":"0.826","orb":"0.235","drb":"1.282","trb":"1.518","ast":"1.871","stl":"0.388","blk":"0.071","tov":"1.094","pf":"1.200","pts":"8.035"},{"game_id":100,"team_name":"GSW","player_id":"{\"mannini01\"}","player_name":"{\"Nico Mannion\"}","fg":"2.000","fga":"4.000","fg_pct":"0.500","three_p":"0.400","three_pa":"1.200","three_p_pct":"0.333","ft":"0.900","fta":"1.200","ft_pct":"0.750","orb":"0.600","drb":"1.700","trb":"2.300","ast":"1.200","stl":"0.400","blk":"0.250","tov":"0.700","pf":"1.000","pts":"6.000"},{"game_id":100,"team_name":"GSW","player_id":"{\"curryst01\"}","player_name":"{\"Stephen Curry\"}","fg":"9.341","fga":"20.424","fg_pct":"0.457","three_p":"4.071","three_pa":"11.565","three_p_pct":"0.352","ft":"7.682","fta":"7.835","ft_pct":"0.980","orb":"0.588","drb":"4.388","trb":"4.976","ast":"6.259","stl":"1.035","blk":"0.376","tov":"3.424","pf":"1.729","pts":"30.435"},{"game_id":100,"team_name":"GSW","player_id":"{\"wiggian01\"}","player_name":"{\"Andrew Wiggins\"}","fg":"6.635","fga":"15.729","fg_pct":"0.422","three_p":"1.882","three_pa":"5.035","three_p_pct":"0.374","ft":"3.106","fta":"4.729","ft_pct":"0.657","orb":"1.388","drb":"4.306","trb":"5.694","ast":"2.518","stl":"0.353","blk":"1.424","tov":"1.882","pf":"3.047","pts":"18.259"},{"game_id":100,"team_name":"GSW","player_id":"{\"oubreke01\"}","player_name":"{\"Kelly Oubre Jr.\"}","fg":"4.682","fga":"13.141","fg_pct":"0.356","three_p":"0.576","three_pa":"4.953","three_p_pct":"0.116","ft":"1.529","fta":"2.318","ft_pct":"0.660","orb":"1.482","drb":"4.094","trb":"5.576","ast":"0.729","stl":"1.576","blk":"0.882","tov":"1.682","pf":"2.671","pts":"11.471"},{"game_id":100,"team_name":"GSW","player_id":"{\"pascher01\"}","player_name":"{\"Eric Paschall\"}","fg":"4.459","fga":"7.812","fg_pct":"0.571","three_p":"0.447","three_pa":"1.612","three_p_pct":"0.277","ft":"2.953","fta":"3.753","ft_pct":"0.787","orb":"0.518","drb":"2.153","trb":"2.671","ast":"2.471","stl":"0.388","blk":"0.235","tov":"0.706","pf":"1.918","pts":"12.318"},{"game_id":100,"team_name":"GSW","player_id":"benchGSW","player_name":"Bench of GSW","fg":"2.215","fga":"5.352","fg_pct":"0.414","three_p":"0.834","three_pa":"2.430","three_p_pct":"0.343","ft":"1.056","fta":"1.456","ft_pct":"0.725","orb":"0.519","drb":"3.203","trb":"3.723","ast":"2.390","stl":"0.626","blk":"0.437","tov":"1.185","pf":"2.370","pts":"6.320"},{"game_id":100,"team_name":"SAC","player_id":"{\"jamesju01\"}","player_name":"{\"Justin James\"}","fg":"0.600","fga":"1.235","fg_pct":"0.486","three_p":"0.082","three_pa":"0.529","three_p_pct":"0.155","ft":"0.188","fta":"0.353","ft_pct":"0.533","orb":"0.000","drb":"0.282","trb":"0.282","ast":"0.506","stl":"0.000","blk":"0.000","tov":"0.000","pf":"0.200","pts":"1.471"},{"game_id":100,"team_name":"SAC","player_id":"{\"ramseja01\"}","player_name":"{\"Jahmi'us Ramsey\"}","fg":"1.000","fga":"1.000","fg_pct":"1.000","three_p":"0.000","three_pa":"0.000","three_p_pct":"NaN","ft":"0.000","fta":"0.000","ft_pct":"NaN","orb":"0.000","drb":"1.000","trb":"1.000","ast":"0.000","stl":"0.000","blk":"0.000","tov":"0.000","pf":"0.000","pts":"2.000"},{"game_id":100,"team_name":"SAC","player_id":"{\"woodaro01\"}","player_name":"{\"Robert Woodard II\"}","fg":"1.000","fga":"2.000","fg_pct":"0.500","three_p":"0.000","three_pa":"1.000","three_p_pct":"0.000","ft":"0.000","fta":"2.000","ft_pct":"0.000","orb":"0.000","drb":"1.000","trb":"1.000","ast":"0.000","stl":"0.000","blk":"0.000","tov":"1.000","pf":"0.000","pts":"2.000"},{"game_id":100,"team_name":"SAC","player_id":"{\"metuch01\"}","player_name":"{\"Chimezie Metu\"}","fg":"1.600","fga":"2.682","fg_pct":"0.597","three_p":"0.000","three_pa":"0.282","three_p_pct":"0.000","ft":"0.941","fta":"1.094","ft_pct":"0.860","orb":"0.518","drb":"1.647","trb":"2.165","ast":"1.012","stl":"0.341","blk":"0.376","tov":"1.188","pf":"0.788","pts":"4.141"},{"game_id":100,"team_name":"SAC","player_id":"{\"foxde01\"}","player_name":"{\"De'Aaron Fox\"}","fg":"8.000","fga":"17.835","fg_pct":"0.449","three_p":"1.188","three_pa":"4.682","three_p_pct":"0.254","ft":"5.176","fta":"7.106","ft_pct":"0.728","orb":"0.835","drb":"1.988","trb":"2.824","ast":"6.741","stl":"1.835","blk":"0.788","tov":"2.953","pf":"2.741","pts":"22.365"},{"game_id":100,"team_name":"SAC","player_id":"{\"hieldbu01\"}","player_name":"{\"Buddy Hield\"}","fg":"5.953","fga":"14.365","fg_pct":"0.414","three_p":"4.141","three_pa":"10.129","three_p_pct":"0.409","ft":"1.165","fta":"1.376","ft_pct":"0.847","orb":"0.329","drb":"3.318","trb":"3.647","ast":"2.529","stl":"0.635","blk":"0.259","tov":"2.059","pf":"2.753","pts":"17.212"},{"game_id":100,"team_name":"SAC","player_id":"benchSAC","player_name":"Bench of SAC","fg":"3.653","fga":"7.829","fg_pct":"0.467","three_p":"0.625","three_pa":"1.870","three_p_pct":"0.334","ft":"1.654","fta":"2.182","ft_pct":"0.758","orb":"1.505","drb":"3.945","trb":"5.450","ast":"1.418","stl":"0.514","blk":"0.458","tov":"1.153","pf":"2.072","pts":"9.584"}]