[{"game_id":1216,"team_name":"HOU","player_id":"{\"houseda01\"}","player_name":"{\"Danuel House Jr.\"}","fg":"1.765","fga":"5.047","fg_pct":"0.350","three_p":"1.553","three_pa":"4.082","three_p_pct":"0.380","ft":"1.059","fta":"1.400","ft_pct":"0.756","orb":"0.318","drb":"3.259","trb":"3.576","ast":"0.529","stl":"0.435","blk":"0.424","tov":"0.518","pf":"1.576","pts":"6.141"},{"game_id":1216,"team_name":"HOU","player_id":"{\"hardeja01\"}","player_name":"{\"James Harden\"}","fg":"9.141","fga":"23.435","fg_pct":"0.390","three_p":"3.671","three_pa":"12.882","three_p_pct":"0.285","ft":"9.024","fta":"10.541","ft_pct":"0.856","orb":"0.765","drb":"5.600","trb":"6.365","ast":"6.612","stl":"1.941","blk":"0.706","tov":"5.165","pf":"3.753","pts":"30.976"},{"game_id":1216,"team_name":"HOU","player_id":"{\"gordoer01\"}","player_name":"{\"Eric Gordon\"}","fg":"5.835","fga":"15.035","fg_pct":"0.388","three_p":"3.082","three_pa":"9.529","three_p_pct":"0.323","ft":"1.906","fta":"2.318","ft_pct":"0.822","orb":"0.224","drb":"1.788","trb":"2.012","ast":"1.306","stl":"0.588","blk":"0.565","tov":"2.200","pf":"1.800","pts":"16.659"},{"game_id":1216,"team_name":"HOU","player_id":"{\"westbru01\"}","player_name":"{\"Russell Westbrook\"}","fg":"8.282","fga":"20.188","fg_pct":"0.410","three_p":"2.247","three_pa":"6.306","three_p_pct":"0.356","ft":"5.082","fta":"6.376","ft_pct":"0.797","orb":"1.529","drb":"8.894","trb":"10.424","ast":"11.129","stl":"1.165","blk":"0.576","tov":"4.106","pf":"3.494","pts":"23.894"},{"game_id":1216,"team_name":"HOU","player_id":"{\"tuckepj01\"}","player_name":"{\"P.J. Tucker\"}","fg":"4.471","fga":"8.435","fg_pct":"0.530","three_p":"2.576","three_pa":"4.847","three_p_pct":"0.531","ft":"1.412","fta":"1.529","ft_pct":"0.923","orb":"2.035","drb":"5.447","trb":"7.482","ast":"1.729","stl":"1.647","blk":"0.800","tov":"1.165","pf":"3.635","pts":"12.929"},{"game_id":1216,"team_name":"HOU","player_id":"{\"capelca01\"}","player_name":"{\"Clint Capela\"}","fg":"4.541","fga":"8.071","fg_pct":"0.563","three_p":"0.000","three_pa":"0.000","three_p_pct":"NaN","ft":"1.471","fta":"2.965","ft_pct":"0.496","orb":"3.376","drb":"6.329","trb":"9.706","ast":"1.376","stl":"0.388","blk":"1.165","tov":"1.553","pf":"3.235","pts":"10.553"},{"game_id":1216,"team_name":"HOU","player_id":"benchHOU","player_name":"Bench of HOU","fg":"1.538","fga":"3.538","fg_pct":"0.435","three_p":"0.746","three_pa":"2.009","three_p_pct":"0.371","ft":"0.369","fta":"0.675","ft_pct":"0.547","orb":"0.427","drb":"1.849","trb":"2.275","ast":"0.564","stl":"0.357","blk":"0.093","tov":"0.593","pf":"1.522","pts":"4.191"},{"game_id":1216,"team_name":"OKC","player_id":"{\"naderab01\"}","player_name":"{\"Abdel Nader\"}","fg":"1.059","fga":"2.894","fg_pct":"0.366","three_p":"0.294","three_pa":"1.482","three_p_pct":"0.198","ft":"0.000","fta":"0.094","ft_pct":"0.000","orb":"0.188","drb":"1.059","trb":"1.247","ast":"0.341","stl":"0.153","blk":"0.106","tov":"0.706","pf":"0.906","pts":"2.412"},{"game_id":1216,"team_name":"OKC","player_id":"{\"gilgesh01\"}","player_name":"{\"Shai Gilgeous-Alexander\"}","fg":"6.647","fga":"13.047","fg_pct":"0.509","three_p":"1.600","three_pa":"3.800","three_p_pct":"0.421","ft":"3.200","fta":"4.471","ft_pct":"0.716","orb":"0.376","drb":"3.812","trb":"4.188","ast":"3.235","stl":"0.965","blk":"1.106","tov":"1.341","pf":"2.400","pts":"18.094"},{"game_id":1216,"team_name":"OKC","player_id":"{\"gallida01\"}","player_name":"{\"Danilo Gallinari\"}","fg":"6.435","fga":"15.482","fg_pct":"0.416","three_p":"2.306","three_pa":"6.388","three_p_pct":"0.361","ft":"4.894","fta":"5.447","ft_pct":"0.898","orb":"0.976","drb":"4.212","trb":"5.188","ast":"2.094","stl":"0.976","blk":"0.271","tov":"1.624","pf":"1.882","pts":"20.071"},{"game_id":1216,"team_name":"OKC","player_id":"{\"paulch01\"}","player_name":"{\"Chris Paul\"}","fg":"4.953","fga":"11.659","fg_pct":"0.425","three_p":"1.812","three_pa":"4.765","three_p_pct":"0.380","ft":"3.200","fta":"4.082","ft_pct":"0.784","orb":"0.988","drb":"5.024","trb":"6.012","ast":"4.541","stl":"1.200","blk":"0.176","tov":"2.459","pf":"2.929","pts":"14.918"},{"game_id":1216,"team_name":"OKC","player_id":"{\"schrode01\"}","player_name":"{\"Dennis Schröder\"}","fg":"5.247","fga":"11.553","fg_pct":"0.454","three_p":"1.482","three_pa":"4.035","three_p_pct":"0.367","ft":"2.153","fta":"2.765","ft_pct":"0.779","orb":"0.518","drb":"4.035","trb":"4.553","ast":"3.694","stl":"1.353","blk":"0.141","tov":"2.024","pf":"2.553","pts":"14.129"},{"game_id":1216,"team_name":"OKC","player_id":"{\"adamsst01\"}","player_name":"{\"Steven Adams\"}","fg":"3.882","fga":"8.129","fg_pct":"0.478","three_p":"0.000","three_pa":"0.094","three_p_pct":"0.000","ft":"0.718","fta":"2.459","ft_pct":"0.292","orb":"3.176","drb":"5.729","trb":"8.906","ast":"1.447","stl":"0.671","blk":"0.753","tov":"1.318","pf":"2.306","pts":"8.482"},{"game_id":1216,"team_name":"OKC","player_id":"benchOKC","player_name":"Bench of OKC","fg":"1.485","fga":"3.143","fg_pct":"0.472","three_p":"0.434","three_pa":"1.200","three_p_pct":"0.362","ft":"0.251","fta":"0.452","ft_pct":"0.555","orb":"0.519","drb":"1.887","trb":"2.406","ast":"0.627","stl":"0.327","blk":"0.281","tov":"1.039","pf":"1.520","pts":"3.656"}]