[{"game_id":109,"team_name":"ATL","player_id":"teamATL","player_name":"Team name: ATL","ts_pct":"0.548","efg_pct":"0.518","three_par":"0.429","ftr":"0.275","orb_pct":"5.755","drb_pct":"16.485","trb_pct":"11.204","ast_pct":"15.034","stl_pct":"1.073","blk_pct":"1.244","tov_pct":"12.932","usg_pct":"19.124","ortg":"116.396","drtg":"120.282","bpm":"-0.453"},{"game_id":109,"team_name":"CHO","player_id":"teamCHO","player_name":"Team name: CHO","ts_pct":"0.534","efg_pct":"0.506","three_par":"0.356","ftr":"0.349","orb_pct":"4.650","drb_pct":"15.586","trb_pct":"9.797","ast_pct":"16.835","stl_pct":"1.731","blk_pct":"1.968","tov_pct":"13.205","usg_pct":"19.110","ortg":"105.938","drtg":"113.414","bpm":"-1.399"}]