[{"game_id":1015,"team_name":"CLE","player_id":"teamCLE","player_name":"Team name: CLE","ts_pct":"0.521","efg_pct":"0.495","three_par":"0.437","ftr":"0.272","orb_pct":"5.067","drb_pct":"16.307","trb_pct":"10.391","ast_pct":"16.553","stl_pct":"1.235","blk_pct":"1.107","tov_pct":"14.495","usg_pct":"20.752","ortg":"103.983","drtg":"130.317","bpm":"-4.814"},{"game_id":1015,"team_name":"DAL","player_id":"teamDAL","player_name":"Team name: DAL","ts_pct":"0.651","efg_pct":"0.623","three_par":"0.408","ftr":"0.365","orb_pct":"6.684","drb_pct":"16.502","trb_pct":"11.439","ast_pct":"13.991","stl_pct":"1.729","blk_pct":"1.542","tov_pct":"11.419","usg_pct":"21.832","ortg":"131.738","drtg":"124.390","bpm":"-0.947"}]