[{"game_id":1158,"team_name":"MIL","player_id":"teamMIL","player_name":"Team name: MIL","ts_pct":"0.447","efg_pct":"0.414","three_par":"0.412","ftr":"0.172","orb_pct":"4.480","drb_pct":"16.659","trb_pct":"10.653","ast_pct":"10.706","stl_pct":"2.031","blk_pct":"3.060","tov_pct":"9.387","usg_pct":"17.881","ortg":"94.726","drtg":"112.971","bpm":"1.567"},{"game_id":1158,"team_name":"ATL","player_id":"teamATL","player_name":"Team name: ATL","ts_pct":"0.474","efg_pct":"0.442","three_par":"0.319","ftr":"0.285","orb_pct":"5.839","drb_pct":"15.563","trb_pct":"10.890","ast_pct":"10.701","stl_pct":"1.409","blk_pct":"1.879","tov_pct":"8.193","usg_pct":"18.801","ortg":"102.061","drtg":"113.343","bpm":"0.529"}]