[{"game_id":1083,"team_name":"MEM","player_id":"teamMEM","player_name":"Team name: MEM","fg":"42.389","fga":"89.674","fg_pct":"0.473","three_p":"11.491","three_pa":"33.023","three_p_pct":"0.348","ft":"16.731","fta":"23.120","ft_pct":"0.724","orb":"11.863","drb":"35.211","trb":"47.074","ast":"27.029","stl":"7.554","blk":"7.503","tov":"13.526","pf":"17.566","pts":"113.000"},{"game_id":1083,"team_name":"SAS","player_id":"teamSAS","player_name":"Team name: SAS","fg":"43.263","fga":"93.303","fg_pct":"0.464","three_p":"7.697","three_pa":"25.526","three_p_pct":"0.302","ft":"16.623","fta":"20.280","ft_pct":"0.820","orb":"9.389","drb":"33.846","trb":"43.234","ast":"22.954","stl":"6.446","blk":"4.531","tov":"10.783","pf":"16.023","pts":"110.846"}]