[{"game_id":1112,"team_name":"MEM","player_id":"teamMEM","player_name":"Team name: MEM","fg":"42.714","fga":"90.731","fg_pct":"0.471","three_p":"10.143","three_pa":"28.897","three_p_pct":"0.351","ft":"18.400","fta":"25.337","ft_pct":"0.726","orb":"11.977","drb":"33.674","trb":"45.651","ast":"23.857","stl":"8.526","blk":"7.434","tov":"11.989","pf":"20.177","pts":"113.971"},{"game_id":1112,"team_name":"UTA","player_id":"teamUTA","player_name":"Team name: UTA","fg":"41.840","fga":"87.520","fg_pct":"0.478","three_p":"15.223","three_pa":"40.994","three_p_pct":"0.371","ft":"19.389","fta":"23.686","ft_pct":"0.819","orb":"11.640","drb":"36.914","trb":"48.554","ast":"22.949","stl":"6.263","blk":"4.154","tov":"13.246","pf":"18.634","pts":"118.291"}]