[{"game_id":1072,"team_name":"BRK","player_id":"teamBRK","player_name":"Team name: BRK","fg":"42.274","fga":"85.891","fg_pct":"0.492","three_p":"14.554","three_pa":"36.251","three_p_pct":"0.401","ft":"17.629","fta":"22.394","ft_pct":"0.787","orb":"8.063","drb":"37.789","trb":"45.851","ast":"26.097","stl":"5.943","blk":"5.731","tov":"11.629","pf":"18.903","pts":"116.731"},{"game_id":1072,"team_name":"CLE","player_id":"teamCLE","player_name":"Team name: CLE","fg":"35.851","fga":"85.566","fg_pct":"0.419","three_p":"11.131","three_pa":"33.891","three_p_pct":"0.328","ft":"19.377","fta":"25.823","ft_pct":"0.750","orb":"10.497","drb":"34.183","trb":"44.680","ast":"23.566","stl":"5.834","blk":"2.994","tov":"14.651","pf":"15.709","pts":"102.211"}]