[{"game_id":1101,"team_name":"NYK","player_id":"teamNYK","player_name":"Team name: NYK","fg":"39.126","fga":"86.943","fg_pct":"0.450","three_p":"13.034","three_pa":"31.817","three_p_pct":"0.410","ft":"14.891","fta":"18.120","ft_pct":"0.822","orb":"7.440","drb":"36.926","trb":"44.366","ast":"21.646","stl":"5.743","blk":"5.623","tov":"10.674","pf":"19.794","pts":"106.177"},{"game_id":1101,"team_name":"ATL","player_id":"teamATL","player_name":"Team name: ATL","fg":"44.269","fga":"88.091","fg_pct":"0.503","three_p":"12.286","three_pa":"32.023","three_p_pct":"0.384","ft":"18.143","fta":"22.183","ft_pct":"0.818","orb":"9.263","drb":"38.177","trb":"47.440","ast":"24.400","stl":"6.954","blk":"5.840","tov":"11.291","pf":"17.914","pts":"118.966"}]