[{"game_id":1012,"team_name":"BOS","player_id":"{\"edwarca01\"}","player_name":"{\"Carsen Edwards\"}","ts_pct":"0.312","efg_pct":"0.291","three_par":"0.677","ftr":"0.094","orb_pct":"2.149","drb_pct":"3.774","trb_pct":"2.516","ast_pct":"12.320","stl_pct":"0.000","blk_pct":"0.000","tov_pct":"9.141","usg_pct":"17.973","ortg":"76.353","drtg":"118.118","bpm":"-6.959"},{"game_id":1012,"team_name":"BOS","player_id":"{\"willigr01\"}","player_name":"{\"Grant Williams\"}","ts_pct":"0.520","efg_pct":"0.487","three_par":"0.585","ftr":"0.177","orb_pct":"1.919","drb_pct":"12.694","trb_pct":"7.204","ast_pct":"8.120","stl_pct":"0.539","blk_pct":"3.211","tov_pct":"15.885","usg_pct":"16.949","ortg":"98.176","drtg":"115.635","bpm":"-4.122"},{"game_id":1012,"team_name":"BOS","player_id":"{\"pritcpa01\"}","player_name":"{\"Payton Pritchard\"}","ts_pct":"0.601","efg_pct":"0.558","three_par":"0.749","ftr":"0.192","orb_pct":"1.682","drb_pct":"11.975","trb_pct":"6.679","ast_pct":"9.209","stl_pct":"0.953","blk_pct":"0.268","tov_pct":"7.705","usg_pct":"17.369","ortg":"118.435","drtg":"119.329","bpm":"-0.220"},{"game_id":1012,"team_name":"BOS","player_id":"{\"kornelu01\"}","player_name":"{\"Luke Kornet\"}","ts_pct":"0.584","efg_pct":"0.576","three_par":"0.432","ftr":"0.027","orb_pct":"3.986","drb_pct":"12.452","trb_pct":"8.472","ast_pct":"9.373","stl_pct":"0.000","blk_pct":"5.920","tov_pct":"8.676","usg_pct":"12.344","ortg":"105.153","drtg":"113.718","bpm":"-1.166"},{"game_id":1012,"team_name":"BOS","player_id":"{\"walkeke02\"}","player_name":"{\"Kemba Walker\"}","ts_pct":"0.641","efg_pct":"0.606","three_par":"0.549","ftr":"0.269","orb_pct":"2.375","drb_pct":"13.168","trb_pct":"7.909","ast_pct":"24.941","stl_pct":"1.531","blk_pct":"0.836","tov_pct":"8.896","usg_pct":"27.031","ortg":"127.553","drtg":"112.894","bpm":"7.553"},{"game_id":1012,"team_name":"BOS","player_id":"{\"tatumja01\"}","player_name":"{\"Jayson Tatum\"}","ts_pct":"0.550","efg_pct":"0.484","three_par":"0.381","ftr":"0.337","orb_pct":"3.699","drb_pct":"19.265","trb_pct":"11.561","ast_pct":"20.865","stl_pct":"1.327","blk_pct":"1.296","tov_pct":"11.962","usg_pct":"31.740","ortg":"111.506","drtg":"115.259","bpm":"2.827"},{"game_id":1012,"team_name":"BOS","player_id":"benchBOS","player_name":"Bench of BOS","ts_pct":"0.561","efg_pct":"0.541","three_par":"0.349","ftr":"0.221","orb_pct":"7.463","drb_pct":"17.518","trb_pct":"12.411","ast_pct":"13.851","stl_pct":"1.543","blk_pct":"2.732","tov_pct":"15.418","usg_pct":"15.229","ortg":"114.673","drtg":"114.005","bpm":"-1.185"},{"game_id":1012,"team_name":"MIA","player_id":"{\"butleji01\"}","player_name":"{\"Jimmy Butler\"}","ts_pct":"0.616","efg_pct":"0.494","three_par":"0.108","ftr":"0.740","orb_pct":"6.360","drb_pct":"17.218","trb_pct":"11.519","ast_pct":"31.401","stl_pct":"3.675","blk_pct":"0.912","tov_pct":"9.212","usg_pct":"26.966","ortg":"132.659","drtg":"112.447","bpm":"7.289"},{"game_id":1012,"team_name":"MIA","player_id":"{\"arizatr01\"}","player_name":"{\"Trevor Ariza\"}","ts_pct":"0.537","efg_pct":"0.509","three_par":"0.644","ftr":"0.233","orb_pct":"5.071","drb_pct":"18.349","trb_pct":"11.486","ast_pct":"9.292","stl_pct":"2.245","blk_pct":"2.401","tov_pct":"8.741","usg_pct":"16.669","ortg":"107.341","drtg":"114.306","bpm":"-0.240"},{"game_id":1012,"team_name":"MIA","player_id":"{\"robindu01\"}","player_name":"{\"Duncan Robinson\"}","ts_pct":"0.603","efg_pct":"0.597","three_par":"0.856","ftr":"0.079","orb_pct":"0.452","drb_pct":"13.798","trb_pct":"7.039","ast_pct":"8.621","stl_pct":"0.822","blk_pct":"0.492","tov_pct":"7.289","usg_pct":"17.931","ortg":"112.176","drtg":"119.647","bpm":"-2.076"},{"game_id":1012,"team_name":"MIA","player_id":"{\"adebaba01\"}","player_name":"{\"Bam Adebayo\"}","ts_pct":"0.606","efg_pct":"0.565","three_par":"0.000","ftr":"0.445","orb_pct":"6.911","drb_pct":"20.584","trb_pct":"13.540","ast_pct":"29.376","stl_pct":"3.295","blk_pct":"1.858","tov_pct":"12.938","usg_pct":"22.707","ortg":"125.788","drtg":"112.518","bpm":"5.391"},{"game_id":1012,"team_name":"MIA","player_id":"{\"dragigo01\"}","player_name":"{\"Goran Dragić\"}","ts_pct":"0.549","efg_pct":"0.514","three_par":"0.394","ftr":"0.187","orb_pct":"4.392","drb_pct":"11.933","trb_pct":"8.034","ast_pct":"21.695","stl_pct":"1.473","blk_pct":"0.652","tov_pct":"11.307","usg_pct":"23.909","ortg":"114.518","drtg":"118.529","bpm":"-1.745"},{"game_id":1012,"team_name":"MIA","player_id":"{\"nunnke01\"}","player_name":"{\"Kendrick Nunn\"}","ts_pct":"0.626","efg_pct":"0.605","three_par":"0.531","ftr":"0.085","orb_pct":"0.388","drb_pct":"8.942","trb_pct":"4.627","ast_pct":"12.035","stl_pct":"1.148","blk_pct":"0.311","tov_pct":"9.464","usg_pct":"20.762","ortg":"116.824","drtg":"119.565","bpm":"-1.872"},{"game_id":1012,"team_name":"MIA","player_id":"benchMIA","player_name":"Bench of MIA","ts_pct":"0.589","efg_pct":"0.584","three_par":"0.371","ftr":"0.169","orb_pct":"5.921","drb_pct":"21.327","trb_pct":"13.379","ast_pct":"15.838","stl_pct":"1.812","blk_pct":"1.514","tov_pct":"12.696","usg_pct":"17.934","ortg":"121.307","drtg":"115.732","bpm":"1.562"}]