[{"game_id":1215,"team_name":"ATL","player_id":"teamATL","player_name":"Team name: ATL","fg":"43.520","fga":"95.549","fg_pct":"0.455","three_p":"13.549","three_pa":"39.737","three_p_pct":"0.341","ft":"16.886","fta":"23.057","ft_pct":"0.732","orb":"11.280","drb":"35.891","trb":"47.171","ast":"26.303","stl":"8.234","blk":"5.486","tov":"13.234","pf":"22.103","pts":"117.474"},{"game_id":1215,"team_name":"PHI","player_id":"teamPHI","player_name":"Team name: PHI","fg":"37.063","fga":"83.063","fg_pct":"0.446","three_p":"10.063","three_pa":"30.154","three_p_pct":"0.334","ft":"19.611","fta":"25.509","ft_pct":"0.769","orb":"9.537","drb":"37.571","trb":"47.109","ast":"24.480","stl":"6.726","blk":"4.983","tov":"16.703","pf":"23.383","pts":"103.800"}]