[{"game_id":1140,"team_name":"DEN","player_id":"{\"millspa01\"}","player_name":"{\"Paul Millsap\"}","ts_pct":"0.523","efg_pct":"0.517","three_par":"0.469","ftr":"0.228","orb_pct":"8.189","drb_pct":"26.015","trb_pct":"16.716","ast_pct":"21.922","stl_pct":"1.251","blk_pct":"5.274","tov_pct":"14.286","usg_pct":"27.299","ortg":"102.388","drtg":"118.400","bpm":"1.829"},{"game_id":1140,"team_name":"DEN","player_id":"{\"jokicni01\"}","player_name":"{\"Nikola Jokić\"}","ts_pct":"0.601","efg_pct":"0.561","three_par":"0.211","ftr":"0.250","orb_pct":"9.411","drb_pct":"26.268","trb_pct":"17.291","ast_pct":"28.699","stl_pct":"1.268","blk_pct":"2.172","tov_pct":"10.014","usg_pct":"35.575","ortg":"120.506","drtg":"121.012","bpm":"8.152"},{"game_id":1140,"team_name":"DEN","player_id":"{\"gordoaa01\"}","player_name":"{\"Aaron Gordon\"}","ts_pct":"0.528","efg_pct":"0.506","three_par":"0.243","ftr":"0.262","orb_pct":"7.864","drb_pct":"11.940","trb_pct":"9.793","ast_pct":"8.304","stl_pct":"1.004","blk_pct":"0.991","tov_pct":"7.172","usg_pct":"18.467","ortg":"112.800","drtg":"125.765","bpm":"-2.985"},{"game_id":1140,"team_name":"DEN","player_id":"{\"morrimo01\"}","player_name":"{\"Monte Morris\"}","ts_pct":"0.443","efg_pct":"0.415","three_par":"0.333","ftr":"0.217","orb_pct":"3.560","drb_pct":"8.011","trb_pct":"5.728","ast_pct":"28.651","stl_pct":"2.331","blk_pct":"0.338","tov_pct":"4.925","usg_pct":"20.640","ortg":"111.129","drtg":"123.929","bpm":"0.207"},{"game_id":1140,"team_name":"DEN","player_id":"{\"portemi01\"}","player_name":"{\"Michael Porter Jr.\"}","ts_pct":"0.586","efg_pct":"0.561","three_par":"0.614","ftr":"0.140","orb_pct":"3.627","drb_pct":"19.914","trb_pct":"11.244","ast_pct":"7.299","stl_pct":"0.942","blk_pct":"0.353","tov_pct":"11.871","usg_pct":"21.169","ortg":"109.118","drtg":"124.541","bpm":"-2.676"},{"game_id":1140,"team_name":"DEN","player_id":"{\"bartowi01\"}","player_name":"{\"Will Barton\"}","ts_pct":"0.468","efg_pct":"0.422","three_par":"0.428","ftr":"0.240","orb_pct":"1.215","drb_pct":"7.582","trb_pct":"4.215","ast_pct":"30.960","stl_pct":"0.947","blk_pct":"1.061","tov_pct":"11.201","usg_pct":"17.564","ortg":"128.094","drtg":"119.035","bpm":"3.159"},{"game_id":1140,"team_name":"DEN","player_id":"benchDEN","player_name":"Bench of DEN","ts_pct":"0.497","efg_pct":"0.463","three_par":"0.471","ftr":"0.239","orb_pct":"2.630","drb_pct":"15.566","trb_pct":"9.173","ast_pct":"11.268","stl_pct":"1.614","blk_pct":"1.616","tov_pct":"11.905","usg_pct":"14.600","ortg":"108.932","drtg":"121.004","bpm":"-0.808"},{"game_id":1140,"team_name":"PHO","player_id":"{\"saricda01\"}","player_name":"{\"Dario Šarić\"}","ts_pct":"0.563","efg_pct":"0.461","three_par":"0.404","ftr":"0.417","orb_pct":"4.372","drb_pct":"14.833","trb_pct":"10.184","ast_pct":"11.349","stl_pct":"2.042","blk_pct":"0.900","tov_pct":"12.362","usg_pct":"19.301","ortg":"107.824","drtg":"106.306","bpm":"-0.182"},{"game_id":1140,"team_name":"PHO","player_id":"{\"bookede01\"}","player_name":"{\"Devin Booker\"}","ts_pct":"0.630","efg_pct":"0.564","three_par":"0.341","ftr":"0.388","orb_pct":"1.109","drb_pct":"15.731","trb_pct":"9.121","ast_pct":"20.131","stl_pct":"0.800","blk_pct":"0.246","tov_pct":"14.691","usg_pct":"29.214","ortg":"114.471","drtg":"107.329","bpm":"2.707"},{"game_id":1140,"team_name":"PHO","player_id":"{\"paulch01\"}","player_name":"{\"Chris Paul\"}","ts_pct":"0.556","efg_pct":"0.520","three_par":"0.181","ftr":"0.233","orb_pct":"1.632","drb_pct":"12.518","trb_pct":"7.428","ast_pct":"47.512","stl_pct":"1.334","blk_pct":"0.695","tov_pct":"10.121","usg_pct":"20.261","ortg":"129.965","drtg":"106.988","bpm":"4.682"},{"game_id":1140,"team_name":"PHO","player_id":"{\"aytonde01\"}","player_name":"{\"Deandre Ayton\"}","ts_pct":"0.755","efg_pct":"0.741","three_par":"0.000","ftr":"0.468","orb_pct":"8.755","drb_pct":"21.764","trb_pct":"15.711","ast_pct":"2.495","stl_pct":"0.661","blk_pct":"1.338","tov_pct":"9.284","usg_pct":"15.253","ortg":"142.600","drtg":"107.929","bpm":"1.299"},{"game_id":1140,"team_name":"PHO","player_id":"{\"crowdja01\"}","player_name":"{\"Jae Crowder\"}","ts_pct":"0.659","efg_pct":"0.629","three_par":"0.810","ftr":"0.135","orb_pct":"1.387","drb_pct":"15.280","trb_pct":"8.802","ast_pct":"7.106","stl_pct":"1.578","blk_pct":"2.606","tov_pct":"5.453","usg_pct":"15.014","ortg":"125.776","drtg":"104.741","bpm":"2.914"},{"game_id":1140,"team_name":"PHO","player_id":"{\"bridgmi01\"}","player_name":"{\"Mikal Bridges\"}","ts_pct":"0.636","efg_pct":"0.615","three_par":"0.622","ftr":"0.110","orb_pct":"3.372","drb_pct":"10.396","trb_pct":"7.066","ast_pct":"9.388","stl_pct":"2.148","blk_pct":"1.852","tov_pct":"2.981","usg_pct":"16.326","ortg":"130.718","drtg":"105.435","bpm":"5.428"},{"game_id":1140,"team_name":"PHO","player_id":"benchPHO","player_name":"Bench of PHO","ts_pct":"0.483","efg_pct":"0.445","three_par":"0.479","ftr":"0.241","orb_pct":"4.146","drb_pct":"16.684","trb_pct":"10.931","ast_pct":"15.705","stl_pct":"1.450","blk_pct":"2.577","tov_pct":"8.419","usg_pct":"18.931","ortg":"100.892","drtg":"105.914","bpm":"0.236"}]