[{"game_id":1028,"team_name":"DET","player_id":"teamDET","player_name":"Team name: DET","ts_pct":"0.526","efg_pct":"0.499","three_par":"0.323","ftr":"0.245","orb_pct":"3.883","drb_pct":"15.750","trb_pct":"9.944","ast_pct":"13.991","stl_pct":"1.238","blk_pct":"1.798","tov_pct":"13.698","usg_pct":"19.379","ortg":"101.370","drtg":"112.770","bpm":"-2.863"},{"game_id":1028,"team_name":"MIN","player_id":"teamMIN","player_name":"Team name: MIN","ts_pct":"0.582","efg_pct":"0.545","three_par":"0.401","ftr":"0.262","orb_pct":"5.358","drb_pct":"15.845","trb_pct":"10.684","ast_pct":"15.663","stl_pct":"1.562","blk_pct":"2.018","tov_pct":"11.077","usg_pct":"18.717","ortg":"119.968","drtg":"113.052","bpm":"-0.363"}]