[{"game_id":1051,"team_name":"WAS","player_id":"{\"westbru01\"}","player_name":"{\"Russell Westbrook\"}","fg":"9.588","fga":"21.341","fg_pct":"0.449","three_p":"1.847","three_pa":"5.071","three_p_pct":"0.364","ft":"4.929","fta":"6.141","ft_pct":"0.803","orb":"1.776","drb":"11.871","trb":"13.647","ast":"16.259","stl":"1.518","blk":"0.506","tov":"4.318","pf":"3.612","pts":"25.953"},{"game_id":1051,"team_name":"WAS","player_id":"{\"hachiru01\"}","player_name":"{\"Rui Hachimura\"}","fg":"6.188","fga":"12.376","fg_pct":"0.500","three_p":"0.741","three_pa":"2.106","three_p_pct":"0.352","ft":"1.729","fta":"2.094","ft_pct":"0.826","orb":"0.824","drb":"3.565","trb":"4.388","ast":"1.294","stl":"0.541","blk":"0.376","tov":"0.776","pf":"1.765","pts":"14.847"},{"game_id":1051,"team_name":"WAS","player_id":"{\"bertada01\"}","player_name":"{\"Dāvis Bertāns\"}","fg":"3.471","fga":"8.753","fg_pct":"0.397","three_p":"2.882","three_pa":"7.659","three_p_pct":"0.376","ft":"1.588","fta":"2.047","ft_pct":"0.776","orb":"0.212","drb":"2.553","trb":"2.765","ast":"0.918","stl":"0.635","blk":"0.176","tov":"0.541","pf":"2.365","pts":"11.412"},{"game_id":1051,"team_name":"WAS","player_id":"{\"smithis01\"}","player_name":"{\"Ish Smith\"}","fg":"3.494","fga":"7.847","fg_pct":"0.445","three_p":"0.565","three_pa":"1.400","three_p_pct":"0.404","ft":"0.459","fta":"0.588","ft_pct":"0.781","orb":"0.318","drb":"3.165","trb":"3.482","ast":"2.776","stl":"1.000","blk":"0.212","tov":"0.565","pf":"1.729","pts":"8.012"},{"game_id":1051,"team_name":"WAS","player_id":"{\"hutchch01\"}","player_name":"{\"Chandler Hutchison\"}","fg":"1.800","fga":"4.294","fg_pct":"0.419","three_p":"0.400","three_pa":"0.753","three_p_pct":"0.531","ft":"1.271","fta":"1.565","ft_pct":"0.812","orb":"0.200","drb":"2.929","trb":"3.129","ast":"0.753","stl":"0.776","blk":"0.471","tov":"0.388","pf":"1.506","pts":"5.271"},{"game_id":1051,"team_name":"WAS","player_id":"{\"gillan01\"}","player_name":"{\"Anthony Gill\"}","fg":"2.706","fga":"4.847","fg_pct":"0.558","three_p":"0.659","three_pa":"1.635","three_p_pct":"0.403","ft":"0.200","fta":"0.447","ft_pct":"0.447","orb":"0.835","drb":"1.400","trb":"2.235","ast":"0.718","stl":"0.518","blk":"0.118","tov":"0.247","pf":"2.153","pts":"6.271"},{"game_id":1051,"team_name":"WAS","player_id":"benchWAS","player_name":"Bench of WAS","fg":"2.516","fga":"4.332","fg_pct":"0.581","three_p":"0.220","three_pa":"0.623","three_p_pct":"0.353","ft":"1.250","fta":"1.592","ft_pct":"0.785","orb":"1.318","drb":"1.672","trb":"2.990","ast":"0.421","stl":"0.309","blk":"0.653","tov":"0.465","pf":"1.346","pts":"6.501"},{"game_id":1051,"team_name":"CLE","player_id":"{\"varejan01\"}","player_name":"{\"Anderson Varejão\"}","fg":"0.682","fga":"2.541","fg_pct":"0.268","three_p":"0.000","three_pa":"0.141","three_p_pct":"0.000","ft":"0.624","fta":"1.306","ft_pct":"0.478","orb":"0.906","drb":"1.859","trb":"2.765","ast":"0.612","stl":"0.094","blk":"0.200","tov":"0.294","pf":"1.094","pts":"1.988"},{"game_id":1051,"team_name":"CLE","player_id":"{\"okorois01\"}","player_name":"{\"Isaac Okoro\"}","fg":"5.624","fga":"13.247","fg_pct":"0.425","three_p":"1.224","three_pa":"4.212","three_p_pct":"0.291","ft":"3.435","fta":"4.353","ft_pct":"0.789","orb":"1.129","drb":"3.447","trb":"4.576","ast":"2.882","stl":"0.576","blk":"0.153","tov":"0.941","pf":"3.000","pts":"15.906"},{"game_id":1051,"team_name":"CLE","player_id":"{\"wadede01\"}","player_name":"{\"Dean Wade\"}","fg":"2.882","fga":"6.882","fg_pct":"0.419","three_p":"1.753","three_pa":"4.729","three_p_pct":"0.371","ft":"1.365","fta":"1.882","ft_pct":"0.725","orb":"1.153","drb":"3.494","trb":"4.647","ast":"1.329","stl":"1.365","blk":"0.235","tov":"1.094","pf":"2.176","pts":"8.882"},{"game_id":1051,"team_name":"CLE","player_id":"{\"allenja01\"}","player_name":"{\"Jarrett Allen\"}","fg":"3.859","fga":"7.600","fg_pct":"0.508","three_p":"0.141","three_pa":"0.435","three_p_pct":"0.324","ft":"1.965","fta":"3.224","ft_pct":"0.609","orb":"3.706","drb":"6.306","trb":"10.012","ast":"2.118","stl":"0.541","blk":"0.765","tov":"2.106","pf":"1.141","pts":"9.824"},{"game_id":1051,"team_name":"CLE","player_id":"{\"sextoco01\"}","player_name":"{\"Collin Sexton\"}","fg":"8.141","fga":"19.294","fg_pct":"0.422","three_p":"1.588","three_pa":"4.447","three_p_pct":"0.357","ft":"7.212","fta":"9.259","ft_pct":"0.779","orb":"1.588","drb":"2.318","trb":"3.906","ast":"6.059","stl":"0.694","blk":"0.306","tov":"3.318","pf":"2.141","pts":"25.082"},{"game_id":1051,"team_name":"CLE","player_id":"{\"osmande01\"}","player_name":"{\"Cedi Osman\"}","fg":"5.259","fga":"12.294","fg_pct":"0.428","three_p":"2.024","three_pa":"6.282","three_p_pct":"0.322","ft":"2.506","fta":"2.565","ft_pct":"0.977","orb":"0.824","drb":"3.035","trb":"3.859","ast":"4.729","stl":"0.906","blk":"0.129","tov":"2.647","pf":"2.682","pts":"15.047"},{"game_id":1051,"team_name":"CLE","player_id":"benchCLE","player_name":"Bench of CLE","fg":"3.178","fga":"7.515","fg_pct":"0.423","three_p":"1.072","three_pa":"3.162","three_p_pct":"0.339","ft":"1.162","fta":"1.589","ft_pct":"0.731","orb":"0.401","drb":"2.155","trb":"2.557","ast":"2.540","stl":"0.639","blk":"0.384","tov":"1.357","pf":"1.121","pts":"8.590"}]