[{"game_id":1165,"team_name":"ATL","player_id":"{\"bogdabo01\"}","player_name":"{\"Bogdan Bogdanović\"}","fg":"4.871","fga":"13.776","fg_pct":"0.354","three_p":"2.824","three_pa":"8.553","three_p_pct":"0.330","ft":"0.506","fta":"0.776","ft_pct":"0.652","orb":"0.412","drb":"2.400","trb":"2.812","ast":"2.776","stl":"1.859","blk":"0.212","tov":"1.259","pf":"2.529","pts":"13.071"},{"game_id":1165,"team_name":"ATL","player_id":"{\"youngtr01\"}","player_name":"{\"Trae Young\"}","fg":"9.953","fga":"23.588","fg_pct":"0.422","three_p":"3.235","three_pa":"10.129","three_p_pct":"0.319","ft":"7.200","fta":"8.682","ft_pct":"0.829","orb":"0.365","drb":"2.400","trb":"2.765","ast":"8.729","stl":"1.541","blk":"0.000","tov":"4.776","pf":"2.541","pts":"30.341"},{"game_id":1165,"team_name":"ATL","player_id":"{\"collijo01\"}","player_name":"{\"John Collins\"}","fg":"5.835","fga":"10.976","fg_pct":"0.532","three_p":"1.082","three_pa":"3.341","three_p_pct":"0.324","ft":"1.271","fta":"1.729","ft_pct":"0.735","orb":"2.682","drb":"7.235","trb":"9.918","ast":"1.059","stl":"0.294","blk":"0.435","tov":"1.212","pf":"3.341","pts":"14.024"},{"game_id":1165,"team_name":"ATL","player_id":"{\"huertke01\"}","player_name":"{\"Kevin Huerter\"}","fg":"4.647","fga":"12.118","fg_pct":"0.383","three_p":"1.694","three_pa":"5.871","three_p_pct":"0.289","ft":"0.765","fta":"1.035","ft_pct":"0.739","orb":"0.753","drb":"3.459","trb":"4.212","ast":"4.035","stl":"0.741","blk":"0.812","tov":"0.824","pf":"3.024","pts":"11.753"},{"game_id":1165,"team_name":"ATL","player_id":"{\"capelca01\"}","player_name":"{\"Clint Capela\"}","fg":"4.188","fga":"6.941","fg_pct":"0.603","three_p":"0.000","three_pa":"0.000","three_p_pct":"NaN","ft":"1.082","fta":"2.824","ft_pct":"0.383","orb":"3.365","drb":"6.776","trb":"10.141","ast":"1.094","stl":"0.706","blk":"0.800","tov":"0.882","pf":"2.435","pts":"9.459"},{"game_id":1165,"team_name":"ATL","player_id":"{\"reddica01\"}","player_name":"{\"Cam Reddish\"}","fg":"3.671","fga":"8.894","fg_pct":"0.413","three_p":"1.118","three_pa":"3.624","three_p_pct":"0.308","ft":"2.118","fta":"2.412","ft_pct":"0.878","orb":"0.647","drb":"3.106","trb":"3.753","ast":"1.424","stl":"1.718","blk":"0.694","tov":"1.129","pf":"2.765","pts":"10.576"},{"game_id":1165,"team_name":"ATL","player_id":"benchATL","player_name":"Bench of ATL","fg":"1.996","fga":"4.186","fg_pct":"0.477","three_p":"0.489","three_pa":"1.326","three_p_pct":"0.369","ft":"1.119","fta":"1.342","ft_pct":"0.834","orb":"0.374","drb":"1.679","trb":"2.053","ast":"0.837","stl":"0.369","blk":"0.245","tov":"0.612","pf":"1.268","pts":"5.599"},{"game_id":1165,"team_name":"MIL","player_id":"{\"holidjr01\"}","player_name":"{\"Jrue Holiday\"}","fg":"7.188","fga":"17.800","fg_pct":"0.404","three_p":"2.271","three_pa":"7.106","three_p_pct":"0.320","ft":"2.259","fta":"3.141","ft_pct":"0.719","orb":"1.282","drb":"3.412","trb":"4.694","ast":"9.188","stl":"1.188","blk":"0.482","tov":"2.212","pf":"2.376","pts":"18.906"},{"game_id":1165,"team_name":"MIL","player_id":"{\"middlkh01\"}","player_name":"{\"Khris Middleton\"}","fg":"8.953","fga":"20.165","fg_pct":"0.444","three_p":"2.447","three_pa":"8.012","three_p_pct":"0.305","ft":"3.976","fta":"4.494","ft_pct":"0.885","orb":"1.576","drb":"7.306","trb":"8.882","ast":"6.047","stl":"1.988","blk":"0.341","tov":"2.718","pf":"2.459","pts":"24.329"},{"game_id":1165,"team_name":"MIL","player_id":"{\"lopezbr01\"}","player_name":"{\"Brook Lopez\"}","fg":"5.682","fga":"9.224","fg_pct":"0.616","three_p":"1.259","three_pa":"3.435","three_p_pct":"0.367","ft":"1.329","fta":"1.635","ft_pct":"0.813","orb":"1.953","drb":"3.294","trb":"5.247","ast":"0.153","stl":"1.247","blk":"2.012","tov":"0.988","pf":"1.706","pts":"13.953"},{"game_id":1165,"team_name":"MIL","player_id":"{\"tuckepj01\"}","player_name":"{\"P.J. Tucker\"}","fg":"1.824","fga":"4.788","fg_pct":"0.381","three_p":"1.106","three_pa":"3.059","three_p_pct":"0.362","ft":"0.118","fta":"0.235","ft_pct":"0.502","orb":"2.047","drb":"4.141","trb":"6.188","ast":"1.212","stl":"1.200","blk":"0.271","tov":"0.388","pf":"3.282","pts":"4.871"},{"game_id":1165,"team_name":"MIL","player_id":"{\"portibo01\"}","player_name":"{\"Bobby Portis\"}","fg":"4.235","fga":"9.318","fg_pct":"0.454","three_p":"0.788","three_pa":"2.741","three_p_pct":"0.287","ft":"0.576","fta":"1.294","ft_pct":"0.445","orb":"1.788","drb":"3.424","trb":"5.212","ast":"1.035","stl":"0.976","blk":"0.376","tov":"0.635","pf":"1.576","pts":"9.835"},{"game_id":1165,"team_name":"MIL","player_id":"{\"connapa01\"}","player_name":"{\"Pat Connaughton\"}","fg":"2.047","fga":"4.635","fg_pct":"0.442","three_p":"1.106","three_pa":"3.365","three_p_pct":"0.329","ft":"0.847","fta":"0.847","ft_pct":"1.000","orb":"1.294","drb":"2.165","trb":"3.459","ast":"0.682","stl":"0.506","blk":"0.459","tov":"0.424","pf":"2.165","pts":"6.047"},{"game_id":1165,"team_name":"MIL","player_id":"benchMIL","player_name":"Bench of MIL","fg":"0.807","fga":"2.445","fg_pct":"0.330","three_p":"0.441","three_pa":"1.403","three_p_pct":"0.314","ft":"0.436","fta":"0.490","ft_pct":"0.890","orb":"0.079","drb":"0.586","trb":"0.665","ast":"0.513","stl":"0.206","blk":"0.103","tov":"0.334","pf":"0.593","pts":"2.492"}]