[{"game_id":1005,"team_name":"IND","player_id":"{\"sabondo01\"}","player_name":"{\"Domantas Sabonis\"}","ts_pct":"0.704","efg_pct":"0.680","three_par":"0.200","ftr":"0.293","orb_pct":"5.372","drb_pct":"34.048","trb_pct":"20.484","ast_pct":"30.552","stl_pct":"1.682","blk_pct":"0.489","tov_pct":"19.622","usg_pct":"23.425","ortg":"124.812","drtg":"109.565","bpm":"6.368"},{"game_id":1005,"team_name":"IND","player_id":"{\"leverca01\"}","player_name":"{\"Caris LeVert\"}","ts_pct":"0.574","efg_pct":"0.534","three_par":"0.229","ftr":"0.251","orb_pct":"0.660","drb_pct":"11.355","trb_pct":"6.005","ast_pct":"22.991","stl_pct":"1.374","blk_pct":"2.731","tov_pct":"8.558","usg_pct":"29.842","ortg":"112.859","drtg":"115.518","bpm":"0.876"},{"game_id":1005,"team_name":"IND","player_id":"{\"sumneed01\"}","player_name":"{\"Edmond Sumner\"}","ts_pct":"0.655","efg_pct":"0.606","three_par":"0.283","ftr":"0.308","orb_pct":"1.684","drb_pct":"7.993","trb_pct":"4.985","ast_pct":"10.875","stl_pct":"1.627","blk_pct":"0.593","tov_pct":"7.712","usg_pct":"17.611","ortg":"129.906","drtg":"117.024","bpm":"-1.148"},{"game_id":1005,"team_name":"IND","player_id":"{\"holidju01\"}","player_name":"{\"Justin Holiday\"}","ts_pct":"0.631","efg_pct":"0.605","three_par":"0.651","ftr":"0.163","orb_pct":"0.700","drb_pct":"13.286","trb_pct":"7.541","ast_pct":"8.080","stl_pct":"0.504","blk_pct":"3.775","tov_pct":"4.093","usg_pct":"13.532","ortg":"124.976","drtg":"115.247","bpm":"-0.136"},{"game_id":1005,"team_name":"IND","player_id":"{\"mcderdo01\"}","player_name":"{\"Doug McDermott\"}","ts_pct":"0.654","efg_pct":"0.641","three_par":"0.348","ftr":"0.270","orb_pct":"3.131","drb_pct":"8.412","trb_pct":"5.942","ast_pct":"5.754","stl_pct":"0.720","blk_pct":"0.311","tov_pct":"9.408","usg_pct":"19.715","ortg":"116.459","drtg":"118.976","bpm":"-2.693"},{"game_id":1005,"team_name":"IND","player_id":"{\"brissos01\"}","player_name":"{\"Oshae Brissett\"}","ts_pct":"0.595","efg_pct":"0.530","three_par":"0.545","ftr":"0.452","orb_pct":"6.004","drb_pct":"18.809","trb_pct":"13.242","ast_pct":"2.535","stl_pct":"1.795","blk_pct":"2.772","tov_pct":"6.794","usg_pct":"15.335","ortg":"120.776","drtg":"111.529","bpm":"-1.449"},{"game_id":1005,"team_name":"IND","player_id":"benchIND","player_name":"Bench of IND","ts_pct":"0.494","efg_pct":"0.463","three_par":"0.318","ftr":"0.180","orb_pct":"4.990","drb_pct":"12.988","trb_pct":"9.293","ast_pct":"19.590","stl_pct":"2.118","blk_pct":"2.996","tov_pct":"15.680","usg_pct":"18.639","ortg":"97.961","drtg":"112.669","bpm":"-1.940"},{"game_id":1005,"team_name":"WAS","player_id":"{\"westbru01\"}","player_name":"{\"Russell Westbrook\"}","ts_pct":"0.529","efg_pct":"0.481","three_par":"0.154","ftr":"0.328","orb_pct":"5.304","drb_pct":"32.084","trb_pct":"19.433","ast_pct":"48.492","stl_pct":"1.886","blk_pct":"0.655","tov_pct":"18.351","usg_pct":"25.718","ortg":"117.271","drtg":"110.588","bpm":"5.733"},{"game_id":1005,"team_name":"WAS","player_id":"{\"bealbr01\"}","player_name":"{\"Bradley Beal\"}","ts_pct":"0.579","efg_pct":"0.532","three_par":"0.191","ftr":"0.307","orb_pct":"3.539","drb_pct":"8.626","trb_pct":"6.198","ast_pct":"14.288","stl_pct":"1.145","blk_pct":"0.466","tov_pct":"8.767","usg_pct":"31.904","ortg":"116.306","drtg":"119.400","bpm":"-0.199"},{"game_id":1005,"team_name":"WAS","player_id":"{\"hachiru01\"}","player_name":"{\"Rui Hachimura\"}","ts_pct":"0.560","efg_pct":"0.517","three_par":"0.148","ftr":"0.287","orb_pct":"3.056","drb_pct":"12.099","trb_pct":"7.792","ast_pct":"4.016","stl_pct":"1.269","blk_pct":"0.840","tov_pct":"7.128","usg_pct":"17.446","ortg":"112.918","drtg":"114.212","bpm":"-2.978"},{"game_id":1005,"team_name":"WAS","player_id":"{\"bertada01\"}","player_name":"{\"Dāvis Bertāns\"}","ts_pct":"0.600","efg_pct":"0.552","three_par":"0.913","ftr":"0.343","orb_pct":"1.526","drb_pct":"9.188","trb_pct":"5.569","ast_pct":"3.415","stl_pct":"0.836","blk_pct":"0.744","tov_pct":"2.913","usg_pct":"13.265","ortg":"124.706","drtg":"119.753","bpm":"-2.801"},{"game_id":1005,"team_name":"WAS","player_id":"{\"netora01\"}","player_name":"{\"Raul Neto\"}","ts_pct":"0.701","efg_pct":"0.648","three_par":"0.376","ftr":"0.349","orb_pct":"2.424","drb_pct":"10.753","trb_pct":"6.611","ast_pct":"14.459","stl_pct":"2.300","blk_pct":"0.324","tov_pct":"8.288","usg_pct":"13.909","ortg":"140.788","drtg":"116.647","bpm":"3.335"},{"game_id":1005,"team_name":"WAS","player_id":"{\"mathega01\"}","player_name":"{\"Garrison Mathews\"}","ts_pct":"0.502","efg_pct":"0.426","three_par":"0.677","ftr":"0.890","orb_pct":"1.073","drb_pct":"9.587","trb_pct":"5.600","ast_pct":"1.788","stl_pct":"0.626","blk_pct":"0.000","tov_pct":"0.000","usg_pct":"12.527","ortg":"108.612","drtg":"116.553","bpm":"-1.484"},{"game_id":1005,"team_name":"WAS","player_id":"benchWAS","player_name":"Bench of WAS","ts_pct":"0.551","efg_pct":"0.538","three_par":"0.071","ftr":"0.353","orb_pct":"9.544","drb_pct":"14.891","trb_pct":"12.285","ast_pct":"7.722","stl_pct":"1.160","blk_pct":"3.844","tov_pct":"8.732","usg_pct":"16.730","ortg":"118.854","drtg":"114.949","bpm":"-0.937"}]