[{"game_id":112,"team_name":"MIL","player_id":"{\"middlkh01\"}","player_name":"{\"Khris Middleton\"}","ts_pct":"0.646","efg_pct":"0.612","three_par":"0.345","ftr":"0.206","orb_pct":"2.344","drb_pct":"17.100","trb_pct":"9.768","ast_pct":"28.216","stl_pct":"2.021","blk_pct":"0.640","tov_pct":"15.745","usg_pct":"25.222","ortg":"119.271","drtg":"108.212","bpm":"4.415"},{"game_id":112,"team_name":"MIL","player_id":"{\"holidjr01\"}","player_name":"{\"Jrue Holiday\"}","ts_pct":"0.616","efg_pct":"0.595","three_par":"0.417","ftr":"0.094","orb_pct":"3.036","drb_pct":"10.375","trb_pct":"6.812","ast_pct":"24.599","stl_pct":"3.114","blk_pct":"1.853","tov_pct":"12.406","usg_pct":"19.085","ortg":"125.882","drtg":"107.588","bpm":"4.080"},{"game_id":112,"team_name":"MIL","player_id":"{\"antetgi01\"}","player_name":"{\"Giannis Antetokounmpo\"}","ts_pct":"0.588","efg_pct":"0.549","three_par":"0.255","ftr":"0.599","orb_pct":"7.061","drb_pct":"32.941","trb_pct":"19.625","ast_pct":"28.234","stl_pct":"2.471","blk_pct":"3.339","tov_pct":"11.131","usg_pct":"34.546","ortg":"120.035","drtg":"103.165","bpm":"8.716"},{"game_id":112,"team_name":"MIL","player_id":"{\"portibo01\"}","player_name":"{\"Bobby Portis\"}","ts_pct":"0.596","efg_pct":"0.572","three_par":"0.220","ftr":"0.235","orb_pct":"9.785","drb_pct":"22.948","trb_pct":"16.907","ast_pct":"8.447","stl_pct":"1.031","blk_pct":"2.946","tov_pct":"9.748","usg_pct":"18.693","ortg":"121.282","drtg":"108.200","bpm":"-0.018"},{"game_id":112,"team_name":"MIL","player_id":"{\"lopezbr01\"}","player_name":"{\"Brook Lopez\"}","ts_pct":"0.609","efg_pct":"0.587","three_par":"0.564","ftr":"0.170","orb_pct":"6.722","drb_pct":"13.525","trb_pct":"10.539","ast_pct":"2.224","stl_pct":"1.086","blk_pct":"4.571","tov_pct":"8.981","usg_pct":"16.148","ortg":"117.600","drtg":"108.082","bpm":"-0.996"},{"game_id":112,"team_name":"MIL","player_id":"{\"forbebr01\"}","player_name":"{\"Bryn Forbes\"}","ts_pct":"0.606","efg_pct":"0.589","three_par":"0.556","ftr":"0.148","orb_pct":"0.660","drb_pct":"7.389","trb_pct":"4.149","ast_pct":"1.521","stl_pct":"0.452","blk_pct":"0.000","tov_pct":"9.494","usg_pct":"19.053","ortg":"102.682","drtg":"115.388","bpm":"-5.302"},{"game_id":112,"team_name":"MIL","player_id":"benchMIL","player_name":"Bench of MIL","ts_pct":"0.555","efg_pct":"0.492","three_par":"0.486","ftr":"0.187","orb_pct":"3.542","drb_pct":"11.489","trb_pct":"7.548","ast_pct":"11.735","stl_pct":"1.974","blk_pct":"0.694","tov_pct":"18.170","usg_pct":"19.784","ortg":"106.592","drtg":"110.252","bpm":"-3.346"},{"game_id":112,"team_name":"DET","player_id":"{\"mcgruro01\"}","player_name":"{\"Rodney McGruder\"}","ts_pct":"0.313","efg_pct":"0.305","three_par":"0.186","ftr":"0.045","orb_pct":"4.336","drb_pct":"26.486","trb_pct":"14.265","ast_pct":"17.732","stl_pct":"0.360","blk_pct":"0.000","tov_pct":"2.525","usg_pct":"7.115","ortg":"98.988","drtg":"111.224","bpm":"3.752"},{"game_id":112,"team_name":"DET","player_id":"{\"grantje01\"}","player_name":"{\"Jerami Grant\"}","ts_pct":"0.565","efg_pct":"0.526","three_par":"0.427","ftr":"0.272","orb_pct":"2.245","drb_pct":"15.808","trb_pct":"8.354","ast_pct":"7.188","stl_pct":"1.387","blk_pct":"3.282","tov_pct":"6.507","usg_pct":"25.731","ortg":"111.071","drtg":"115.341","bpm":"0.544"},{"game_id":112,"team_name":"DET","player_id":"{\"griffbl01\"}","player_name":"{\"Blake Griffin\"}","ts_pct":"0.510","efg_pct":"0.466","three_par":"0.582","ftr":"0.330","orb_pct":"2.180","drb_pct":"18.412","trb_pct":"9.734","ast_pct":"17.600","stl_pct":"1.374","blk_pct":"0.628","tov_pct":"6.586","usg_pct":"22.349","ortg":"108.424","drtg":"117.718","bpm":"-3.227"},{"game_id":112,"team_name":"DET","player_id":"{\"wrighde01\"}","player_name":"{\"Delon Wright\"}","ts_pct":"0.582","efg_pct":"0.521","three_par":"0.294","ftr":"0.434","orb_pct":"2.593","drb_pct":"12.905","trb_pct":"7.088","ast_pct":"19.822","stl_pct":"2.264","blk_pct":"2.031","tov_pct":"24.954","usg_pct":"13.838","ortg":"108.235","drtg":"117.071","bpm":"-0.986"},{"game_id":112,"team_name":"DET","player_id":"{\"beysa01\"}","player_name":"{\"Saddiq Bey\"}","ts_pct":"0.465","efg_pct":"0.436","three_par":"0.683","ftr":"0.303","orb_pct":"2.687","drb_pct":"21.637","trb_pct":"10.946","ast_pct":"4.152","stl_pct":"1.054","blk_pct":"0.000","tov_pct":"3.835","usg_pct":"18.246","ortg":"97.603","drtg":"117.508","bpm":"-5.392"},{"game_id":112,"team_name":"DET","player_id":"{\"ellinwa01\"}","player_name":"{\"Wayne Ellington\"}","ts_pct":"0.486","efg_pct":"0.482","three_par":"0.814","ftr":"0.014","orb_pct":"0.607","drb_pct":"16.187","trb_pct":"8.304","ast_pct":"14.369","stl_pct":"0.931","blk_pct":"0.925","tov_pct":"5.407","usg_pct":"15.347","ortg":"108.224","drtg":"121.871","bpm":"-3.361"},{"game_id":112,"team_name":"DET","player_id":"benchDET","player_name":"Bench of DET","ts_pct":"0.551","efg_pct":"0.525","three_par":"0.275","ftr":"0.255","orb_pct":"8.496","drb_pct":"15.916","trb_pct":"12.090","ast_pct":"13.222","stl_pct":"1.439","blk_pct":"2.018","tov_pct":"8.937","usg_pct":"17.724","ortg":"118.655","drtg":"114.765","bpm":"-1.408"}]