[{"game_id":1086,"team_name":"GSW","player_id":"teamGSW","player_name":"Team name: GSW","ts_pct":"0.515","efg_pct":"0.487","three_par":"0.398","ftr":"0.221","orb_pct":"4.044","drb_pct":"13.034","trb_pct":"8.995","ast_pct":"13.519","stl_pct":"1.342","blk_pct":"1.387","tov_pct":"14.980","usg_pct":"16.757","ortg":"100.817","drtg":"93.290","bpm":"0.574"},{"game_id":1086,"team_name":"MEM","player_id":"teamMEM","player_name":"Team name: MEM","ts_pct":"0.542","efg_pct":"0.515","three_par":"0.397","ftr":"0.271","orb_pct":"4.774","drb_pct":"14.846","trb_pct":"10.056","ast_pct":"15.605","stl_pct":"1.429","blk_pct":"3.158","tov_pct":"12.437","usg_pct":"19.397","ortg":"114.019","drtg":"116.679","bpm":"-0.917"}]