[{"game_id":1126,"team_name":"POR","player_id":"{\"holliro01\"}","player_name":"{\"Rondae Hollis-Jefferson\"}","ts_pct":"0.550","efg_pct":"0.626","three_par":"0.000","ftr":"0.635","orb_pct":"4.839","drb_pct":"27.981","trb_pct":"19.615","ast_pct":"4.393","stl_pct":"0.000","blk_pct":"0.341","tov_pct":"0.000","usg_pct":"8.008","ortg":"121.259","drtg":"114.988","bpm":"-0.735"},{"game_id":1126,"team_name":"POR","player_id":"{\"lillada01\"}","player_name":"{\"Damian Lillard\"}","ts_pct":"0.681","efg_pct":"0.609","three_par":"0.565","ftr":"0.397","orb_pct":"0.816","drb_pct":"11.825","trb_pct":"6.706","ast_pct":"36.874","stl_pct":"0.806","blk_pct":"1.296","tov_pct":"7.339","usg_pct":"29.576","ortg":"142.929","drtg":"121.706","bpm":"11.973"},{"game_id":1126,"team_name":"POR","player_id":"{\"covinro01\"}","player_name":"{\"Robert Covington\"}","ts_pct":"0.584","efg_pct":"0.565","three_par":"0.686","ftr":"0.191","orb_pct":"3.967","drb_pct":"17.233","trb_pct":"10.884","ast_pct":"4.409","stl_pct":"1.832","blk_pct":"2.548","tov_pct":"10.422","usg_pct":"9.678","ortg":"119.459","drtg":"116.553","bpm":"0.093"},{"game_id":1126,"team_name":"POR","player_id":"{\"mccolcj01\"}","player_name":"{\"CJ McCollum\"}","ts_pct":"0.583","efg_pct":"0.569","three_par":"0.394","ftr":"0.123","orb_pct":"2.355","drb_pct":"11.916","trb_pct":"7.209","ast_pct":"19.872","stl_pct":"0.606","blk_pct":"0.933","tov_pct":"9.793","usg_pct":"25.505","ortg":"115.576","drtg":"122.847","bpm":"0.545"},{"game_id":1126,"team_name":"POR","player_id":"{\"nurkiju01\"}","player_name":"{\"Jusuf Nurkić\"}","ts_pct":"0.570","efg_pct":"0.543","three_par":"0.074","ftr":"0.446","orb_pct":"13.861","drb_pct":"31.127","trb_pct":"23.005","ast_pct":"16.369","stl_pct":"1.931","blk_pct":"4.595","tov_pct":"13.506","usg_pct":"24.535","ortg":"119.529","drtg":"111.141","bpm":"1.794"},{"game_id":1126,"team_name":"POR","player_id":"{\"powelno01\"}","player_name":"{\"Norman Powell\"}","ts_pct":"0.608","efg_pct":"0.557","three_par":"0.361","ftr":"0.306","orb_pct":"0.899","drb_pct":"6.867","trb_pct":"4.007","ast_pct":"6.668","stl_pct":"1.067","blk_pct":"2.485","tov_pct":"8.534","usg_pct":"18.667","ortg":"119.059","drtg":"122.294","bpm":"0.172"},{"game_id":1126,"team_name":"POR","player_id":"benchPOR","player_name":"Bench of POR","ts_pct":"0.562","efg_pct":"0.540","three_par":"0.448","ftr":"0.150","orb_pct":"5.001","drb_pct":"13.921","trb_pct":"9.510","ast_pct":"4.428","stl_pct":"0.649","blk_pct":"1.072","tov_pct":"11.719","usg_pct":"17.699","ortg":"110.063","drtg":"118.514","bpm":"-2.891"},{"game_id":1126,"team_name":"DEN","player_id":"{\"howarma02\"}","player_name":"{\"Markus Howard\"}","ts_pct":"0.674","efg_pct":"0.667","three_par":"0.612","ftr":"0.028","orb_pct":"0.856","drb_pct":"7.665","trb_pct":"4.238","ast_pct":"4.636","stl_pct":"1.065","blk_pct":"1.208","tov_pct":"9.247","usg_pct":"18.078","ortg":"129.659","drtg":"123.294","bpm":"-1.029"},{"game_id":1126,"team_name":"DEN","player_id":"{\"riverau01\"}","player_name":"{\"Austin Rivers\"}","ts_pct":"0.629","efg_pct":"0.606","three_par":"0.668","ftr":"0.233","orb_pct":"0.618","drb_pct":"9.121","trb_pct":"4.565","ast_pct":"10.914","stl_pct":"0.836","blk_pct":"0.914","tov_pct":"8.875","usg_pct":"13.672","ortg":"125.176","drtg":"123.847","bpm":"-1.866"},{"game_id":1126,"team_name":"DEN","player_id":"{\"jokicni01\"}","player_name":"{\"Nikola Jokić\"}","ts_pct":"0.616","efg_pct":"0.563","three_par":"0.210","ftr":"0.311","orb_pct":"11.311","drb_pct":"25.231","trb_pct":"18.060","ast_pct":"28.100","stl_pct":"0.735","blk_pct":"1.660","tov_pct":"8.058","usg_pct":"36.100","ortg":"127.165","drtg":"119.365","bpm":"9.213"},{"game_id":1126,"team_name":"DEN","player_id":"{\"portemi01\"}","player_name":"{\"Michael Porter Jr.\"}","ts_pct":"0.645","efg_pct":"0.620","three_par":"0.583","ftr":"0.148","orb_pct":"4.419","drb_pct":"18.306","trb_pct":"11.076","ast_pct":"5.151","stl_pct":"1.553","blk_pct":"0.529","tov_pct":"16.519","usg_pct":"21.174","ortg":"111.376","drtg":"121.671","bpm":"-1.353"},{"game_id":1126,"team_name":"DEN","player_id":"{\"gordoaa01\"}","player_name":"{\"Aaron Gordon\"}","ts_pct":"0.489","efg_pct":"0.473","three_par":"0.272","ftr":"0.255","orb_pct":"8.454","drb_pct":"14.516","trb_pct":"11.353","ast_pct":"8.668","stl_pct":"0.466","blk_pct":"0.762","tov_pct":"6.115","usg_pct":"18.048","ortg":"110.224","drtg":"124.071","bpm":"-3.884"},{"game_id":1126,"team_name":"DEN","player_id":"{\"morrimo01\"}","player_name":"{\"Monte Morris\"}","ts_pct":"0.543","efg_pct":"0.501","three_par":"0.280","ftr":"0.261","orb_pct":"1.525","drb_pct":"7.718","trb_pct":"4.599","ast_pct":"26.585","stl_pct":"2.279","blk_pct":"0.776","tov_pct":"7.291","usg_pct":"21.375","ortg":"122.012","drtg":"120.529","bpm":"1.772"},{"game_id":1126,"team_name":"DEN","player_id":"benchDEN","player_name":"Bench of DEN","ts_pct":"0.501","efg_pct":"0.434","three_par":"0.452","ftr":"0.248","orb_pct":"5.280","drb_pct":"17.930","trb_pct":"12.620","ast_pct":"15.897","stl_pct":"1.832","blk_pct":"2.217","tov_pct":"14.612","usg_pct":"17.380","ortg":"111.594","drtg":"118.240","bpm":"1.095"}]