[{"game_id":1238,"team_name":"NOP","player_id":"teamNOP","player_name":"Team name: NOP","ts_pct":"0.540","efg_pct":"0.520","three_par":"0.392","ftr":"0.177","orb_pct":"4.565","drb_pct":"14.677","trb_pct":"9.673","ast_pct":"14.788","stl_pct":"1.166","blk_pct":"1.470","tov_pct":"12.680","usg_pct":"19.228","ortg":"107.334","drtg":"115.433","bpm":"-2.014"},{"game_id":1238,"team_name":"DEN","player_id":"teamDEN","player_name":"Team name: DEN","ts_pct":"0.484","efg_pct":"0.436","three_par":"0.314","ftr":"0.358","orb_pct":"5.427","drb_pct":"13.286","trb_pct":"9.316","ast_pct":"13.220","stl_pct":"1.214","blk_pct":"1.871","tov_pct":"7.748","usg_pct":"18.486","ortg":"104.325","drtg":"106.105","bpm":"-0.304"}]