[{"game_id":1233,"team_name":"WAS","player_id":"teamWAS","player_name":"Team name: WAS","ts_pct":"0.481","efg_pct":"0.458","three_par":"0.345","ftr":"0.234","orb_pct":"4.337","drb_pct":"14.759","trb_pct":"9.340","ast_pct":"15.147","stl_pct":"1.294","blk_pct":"1.800","tov_pct":"10.209","usg_pct":"18.688","ortg":"101.489","drtg":"108.507","bpm":"-0.788"},{"game_id":1233,"team_name":"HOU","player_id":"teamHOU","player_name":"Team name: HOU","ts_pct":"0.506","efg_pct":"0.486","three_par":"0.481","ftr":"0.272","orb_pct":"5.145","drb_pct":"14.009","trb_pct":"9.621","ast_pct":"10.414","stl_pct":"1.414","blk_pct":"1.596","tov_pct":"11.221","usg_pct":"18.048","ortg":"103.002","drtg":"107.814","bpm":"-0.477"}]