[{"game_id":1160,"team_name":"ATL","player_id":"{\"okongon01\"}","player_name":"{\"Onyeka Okongwu\"}","ts_pct":"0.457","efg_pct":"0.419","three_par":"0.000","ftr":"0.506","orb_pct":"17.668","drb_pct":"19.360","trb_pct":"18.040","ast_pct":"1.694","stl_pct":"1.633","blk_pct":"11.415","tov_pct":"6.000","usg_pct":"12.194","ortg":"130.188","drtg":"104.047","bpm":"4.280"},{"game_id":1160,"team_name":"ATL","player_id":"{\"youngtr01\"}","player_name":"{\"Trae Young\"}","ts_pct":"0.525","efg_pct":"0.453","three_par":"0.405","ftr":"0.403","orb_pct":"1.154","drb_pct":"7.349","trb_pct":"4.355","ast_pct":"43.620","stl_pct":"2.198","blk_pct":"0.000","tov_pct":"15.402","usg_pct":"37.309","ortg":"105.106","drtg":"113.624","bpm":"5.127"},{"game_id":1160,"team_name":"ATL","player_id":"{\"huertke01\"}","player_name":"{\"Kevin Huerter\"}","ts_pct":"0.486","efg_pct":"0.475","three_par":"0.509","ftr":"0.097","orb_pct":"1.118","drb_pct":"10.386","trb_pct":"5.780","ast_pct":"8.916","stl_pct":"0.642","blk_pct":"1.584","tov_pct":"9.549","usg_pct":"16.911","ortg":"94.600","drtg":"115.235","bpm":"-2.072"},{"game_id":1160,"team_name":"ATL","player_id":"{\"gallida01\"}","player_name":"{\"Danilo Gallinari\"}","ts_pct":"0.604","efg_pct":"0.535","three_par":"0.467","ftr":"0.402","orb_pct":"1.139","drb_pct":"15.802","trb_pct":"8.228","ast_pct":"3.724","stl_pct":"0.348","blk_pct":"0.000","tov_pct":"6.131","usg_pct":"20.647","ortg":"118.788","drtg":"116.506","bpm":"1.138"},{"game_id":1160,"team_name":"ATL","player_id":"{\"bogdabo01\"}","player_name":"{\"Bogdan Bogdanović\"}","ts_pct":"0.425","efg_pct":"0.407","three_par":"0.506","ftr":"0.105","orb_pct":"1.307","drb_pct":"9.444","trb_pct":"5.331","ast_pct":"13.474","stl_pct":"2.771","blk_pct":"0.428","tov_pct":"11.232","usg_pct":"18.982","ortg":"88.024","drtg":"111.906","bpm":"-2.188"},{"game_id":1160,"team_name":"ATL","player_id":"{\"capelca01\"}","player_name":"{\"Clint Capela\"}","ts_pct":"0.535","efg_pct":"0.549","three_par":"0.000","ftr":"0.216","orb_pct":"10.745","drb_pct":"26.849","trb_pct":"18.762","ast_pct":"3.814","stl_pct":"1.106","blk_pct":"1.132","tov_pct":"9.925","usg_pct":"12.935","ortg":"114.082","drtg":"110.541","bpm":"-0.288"},{"game_id":1160,"team_name":"ATL","player_id":"benchATL","player_name":"Bench of ATL","ts_pct":"0.462","efg_pct":"0.420","three_par":"0.352","ftr":"0.247","orb_pct":"4.610","drb_pct":"16.104","trb_pct":"10.350","ast_pct":"8.007","stl_pct":"1.259","blk_pct":"0.643","tov_pct":"8.049","usg_pct":"15.843","ortg":"100.814","drtg":"113.278","bpm":"-0.873"},{"game_id":1160,"team_name":"MIL","player_id":"{\"forbebr01\"}","player_name":"{\"Bryn Forbes\"}","ts_pct":"0.461","efg_pct":"0.450","three_par":"0.635","ftr":"0.082","orb_pct":"0.360","drb_pct":"6.981","trb_pct":"3.535","ast_pct":"2.513","stl_pct":"0.000","blk_pct":"1.564","tov_pct":"4.388","usg_pct":"15.724","ortg":"90.941","drtg":"112.588","bpm":"-3.529"},{"game_id":1160,"team_name":"MIL","player_id":"{\"middlkh01\"}","player_name":"{\"Khris Middleton\"}","ts_pct":"0.517","efg_pct":"0.481","three_par":"0.408","ftr":"0.238","orb_pct":"3.411","drb_pct":"18.376","trb_pct":"10.692","ast_pct":"18.708","stl_pct":"2.466","blk_pct":"0.771","tov_pct":"11.592","usg_pct":"26.556","ortg":"106.176","drtg":"105.271","bpm":"2.613"},{"game_id":1160,"team_name":"MIL","player_id":"{\"holidjr01\"}","player_name":"{\"Jrue Holiday\"}","ts_pct":"0.509","efg_pct":"0.500","three_par":"0.373","ftr":"0.105","orb_pct":"2.695","drb_pct":"10.455","trb_pct":"6.359","ast_pct":"27.449","stl_pct":"1.620","blk_pct":"0.759","tov_pct":"10.458","usg_pct":"22.911","ortg":"109.141","drtg":"109.200","bpm":"1.940"},{"game_id":1160,"team_name":"MIL","player_id":"{\"antetgi01\"}","player_name":"{\"Giannis Antetokounmpo\"}","ts_pct":"0.600","efg_pct":"0.593","three_par":"0.165","ftr":"0.363","orb_pct":"5.986","drb_pct":"29.741","trb_pct":"17.295","ast_pct":"24.349","stl_pct":"0.956","blk_pct":"2.464","tov_pct":"10.727","usg_pct":"32.480","ortg":"118.718","drtg":"105.282","bpm":"9.520"},{"game_id":1160,"team_name":"MIL","player_id":"{\"tuckepj01\"}","player_name":"{\"P.J. Tucker\"}","ts_pct":"0.409","efg_pct":"0.363","three_par":"0.627","ftr":"0.329","orb_pct":"8.122","drb_pct":"11.354","trb_pct":"9.655","ast_pct":"4.695","stl_pct":"2.265","blk_pct":"1.107","tov_pct":"4.886","usg_pct":"6.852","ortg":"117.141","drtg":"107.188","bpm":"-0.200"},{"game_id":1160,"team_name":"MIL","player_id":"{\"connapa01\"}","player_name":"{\"Pat Connaughton\"}","ts_pct":"0.609","efg_pct":"0.574","three_par":"0.813","ftr":"0.129","orb_pct":"4.601","drb_pct":"14.620","trb_pct":"9.359","ast_pct":"5.035","stl_pct":"1.511","blk_pct":"1.545","tov_pct":"12.724","usg_pct":"10.582","ortg":"104.365","drtg":"107.612","bpm":"0.521"},{"game_id":1160,"team_name":"MIL","player_id":"benchMIL","player_name":"Bench of MIL","ts_pct":"0.438","efg_pct":"0.388","three_par":"0.295","ftr":"0.207","orb_pct":"4.670","drb_pct":"16.125","trb_pct":"10.884","ast_pct":"7.241","stl_pct":"1.546","blk_pct":"5.526","tov_pct":"8.515","usg_pct":"15.035","ortg":"92.054","drtg":"100.466","bpm":"1.432"}]