[{"game_id":1128,"team_name":"DAL","player_id":"teamDAL","player_name":"Team name: DAL","fg":"40.377","fga":"87.663","fg_pct":"0.461","three_p":"14.817","three_pa":"37.303","three_p_pct":"0.397","ft":"15.526","fta":"20.280","ft_pct":"0.766","orb":"10.011","drb":"29.914","trb":"39.926","ast":"23.200","stl":"5.526","blk":"2.954","tov":"9.983","pf":"20.246","pts":"111.097"},{"game_id":1128,"team_name":"LAC","player_id":"teamLAC","player_name":"Team name: LAC","fg":"40.091","fga":"83.600","fg_pct":"0.480","three_p":"12.897","three_pa":"36.371","three_p_pct":"0.355","ft":"17.137","fta":"20.309","ft_pct":"0.844","orb":"9.400","drb":"33.931","trb":"43.331","ast":"23.051","stl":"6.691","blk":"5.137","tov":"10.966","pf":"18.903","pts":"110.217"}]