[{"game_id":1170,"team_name":"PHO","player_id":"teamPHO","player_name":"Team name: PHO","fg":"41.091","fga":"85.954","fg_pct":"0.478","three_p":"10.731","three_pa":"29.617","three_p_pct":"0.362","ft":"14.411","fta":"16.949","ft_pct":"0.850","orb":"8.543","drb":"34.600","trb":"43.143","ast":"22.366","stl":"5.177","blk":"3.789","tov":"11.829","pf":"20.480","pts":"107.326"},{"game_id":1170,"team_name":"MIL","player_id":"teamMIL","player_name":"Team name: MIL","fg":"42.451","fga":"92.040","fg_pct":"0.461","three_p":"11.417","three_pa":"34.869","three_p_pct":"0.327","ft":"15.737","fta":"21.577","ft_pct":"0.729","orb":"13.880","drb":"32.771","trb":"46.651","ast":"24.371","stl":"8.691","blk":"3.874","tov":"10.474","pf":"18.166","pts":"112.057"}]