[{"game_id":1107,"team_name":"BOS","player_id":"teamBOS","player_name":"Team name: BOS","ts_pct":"0.584","efg_pct":"0.568","three_par":"0.488","ftr":"0.288","orb_pct":"5.059","drb_pct":"18.678","trb_pct":"11.523","ast_pct":"15.440","stl_pct":"1.474","blk_pct":"3.010","tov_pct":"12.194","usg_pct":"23.204","ortg":"124.199","drtg":"139.615","bpm":"-2.810"},{"game_id":1107,"team_name":"BRK","player_id":"teamBRK","player_name":"Team name: BRK","ts_pct":"0.607","efg_pct":"0.564","three_par":"0.396","ftr":"0.335","orb_pct":"5.979","drb_pct":"16.645","trb_pct":"11.898","ast_pct":"15.605","stl_pct":"1.519","blk_pct":"2.514","tov_pct":"12.432","usg_pct":"20.731","ortg":"126.538","drtg":"122.201","bpm":"-0.721"}]