[{"game_id":1109,"team_name":"MIA","player_id":"{\"butleji01\"}","player_name":"{\"Jimmy Butler\"}","ts_pct":"0.578","efg_pct":"0.504","three_par":"0.197","ftr":"0.548","orb_pct":"5.764","drb_pct":"14.384","trb_pct":"10.007","ast_pct":"26.901","stl_pct":"2.293","blk_pct":"0.487","tov_pct":"9.598","usg_pct":"24.359","ortg":"123.000","drtg":"116.165","bpm":"4.116"},{"game_id":1109,"team_name":"MIA","player_id":"{\"adebaba01\"}","player_name":"{\"Bam Adebayo\"}","ts_pct":"0.553","efg_pct":"0.518","three_par":"0.000","ftr":"0.444","orb_pct":"6.125","drb_pct":"19.829","trb_pct":"12.665","ast_pct":"27.949","stl_pct":"1.876","blk_pct":"1.658","tov_pct":"15.086","usg_pct":"21.639","ortg":"113.847","drtg":"116.329","bpm":"2.219"},{"game_id":1109,"team_name":"MIA","player_id":"{\"herroty01\"}","player_name":"{\"Tyler Herro\"}","ts_pct":"0.521","efg_pct":"0.488","three_par":"0.474","ftr":"0.141","orb_pct":"0.838","drb_pct":"21.756","trb_pct":"10.892","ast_pct":"15.671","stl_pct":"0.511","blk_pct":"0.556","tov_pct":"9.352","usg_pct":"23.261","ortg":"102.565","drtg":"119.000","bpm":"-2.400"},{"game_id":1109,"team_name":"MIA","player_id":"{\"dragigo01\"}","player_name":"{\"Goran Dragić\"}","ts_pct":"0.554","efg_pct":"0.520","three_par":"0.491","ftr":"0.183","orb_pct":"1.991","drb_pct":"7.024","trb_pct":"4.479","ast_pct":"17.849","stl_pct":"1.316","blk_pct":"0.634","tov_pct":"10.400","usg_pct":"26.715","ortg":"104.635","drtg":"120.694","bpm":"-0.847"},{"game_id":1109,"team_name":"MIA","player_id":"{\"nunnke01\"}","player_name":"{\"Kendrick Nunn\"}","ts_pct":"0.570","efg_pct":"0.559","three_par":"0.410","ftr":"0.052","orb_pct":"0.882","drb_pct":"9.916","trb_pct":"5.392","ast_pct":"12.062","stl_pct":"0.711","blk_pct":"0.751","tov_pct":"8.500","usg_pct":"20.341","ortg":"109.094","drtg":"121.929","bpm":"-2.666"},{"game_id":1109,"team_name":"MIA","player_id":"{\"iguodan01\"}","player_name":"{\"Andre Iguodala\"}","ts_pct":"0.505","efg_pct":"0.524","three_par":"0.430","ftr":"0.188","orb_pct":"4.400","drb_pct":"13.521","trb_pct":"8.907","ast_pct":"12.965","stl_pct":"0.784","blk_pct":"3.739","tov_pct":"39.919","usg_pct":"10.514","ortg":"86.776","drtg":"118.271","bpm":"-4.782"},{"game_id":1109,"team_name":"MIA","player_id":"benchMIA","player_name":"Bench of MIA","ts_pct":"0.475","efg_pct":"0.461","three_par":"0.491","ftr":"0.172","orb_pct":"4.972","drb_pct":"15.495","trb_pct":"10.080","ast_pct":"10.583","stl_pct":"1.303","blk_pct":"2.598","tov_pct":"10.456","usg_pct":"17.789","ortg":"100.563","drtg":"117.610","bpm":"-3.976"},{"game_id":1109,"team_name":"MIL","player_id":"{\"teaguje01\"}","player_name":"{\"Jeff Teague\"}","ts_pct":"0.517","efg_pct":"0.486","three_par":"0.260","ftr":"0.285","orb_pct":"1.553","drb_pct":"4.836","trb_pct":"3.274","ast_pct":"16.432","stl_pct":"1.922","blk_pct":"1.553","tov_pct":"21.439","usg_pct":"21.994","ortg":"86.553","drtg":"115.341","bpm":"-5.621"},{"game_id":1109,"team_name":"MIL","player_id":"{\"holidjr01\"}","player_name":"{\"Jrue Holiday\"}","ts_pct":"0.599","efg_pct":"0.577","three_par":"0.339","ftr":"0.210","orb_pct":"3.353","drb_pct":"11.384","trb_pct":"7.709","ast_pct":"36.425","stl_pct":"1.569","blk_pct":"1.629","tov_pct":"11.741","usg_pct":"21.848","ortg":"130.459","drtg":"108.635","bpm":"6.326"},{"game_id":1109,"team_name":"MIL","player_id":"{\"middlkh01\"}","player_name":"{\"Khris Middleton\"}","ts_pct":"0.678","efg_pct":"0.635","three_par":"0.439","ftr":"0.377","orb_pct":"2.725","drb_pct":"14.282","trb_pct":"8.793","ast_pct":"21.311","stl_pct":"0.835","blk_pct":"0.000","tov_pct":"15.178","usg_pct":"24.161","ortg":"121.659","drtg":"110.329","bpm":"2.660"},{"game_id":1109,"team_name":"MIL","player_id":"{\"antetgi01\"}","player_name":"{\"Giannis Antetokounmpo\"}","ts_pct":"0.597","efg_pct":"0.567","three_par":"0.190","ftr":"0.488","orb_pct":"7.732","drb_pct":"27.976","trb_pct":"18.547","ast_pct":"24.566","stl_pct":"2.158","blk_pct":"1.296","tov_pct":"9.793","usg_pct":"29.120","ortg":"124.929","drtg":"103.412","bpm":"7.685"},{"game_id":1109,"team_name":"MIL","player_id":"{\"lopezbr01\"}","player_name":"{\"Brook Lopez\"}","ts_pct":"0.641","efg_pct":"0.590","three_par":"0.264","ftr":"0.437","orb_pct":"8.513","drb_pct":"13.629","trb_pct":"11.298","ast_pct":"0.639","stl_pct":"0.418","blk_pct":"3.969","tov_pct":"9.734","usg_pct":"19.592","ortg":"124.847","drtg":"108.800","bpm":"-0.521"},{"game_id":1109,"team_name":"MIL","player_id":"{\"forbebr01\"}","player_name":"{\"Bryn Forbes\"}","ts_pct":"0.687","efg_pct":"0.689","three_par":"0.725","ftr":"0.146","orb_pct":"0.000","drb_pct":"10.566","trb_pct":"5.378","ast_pct":"2.806","stl_pct":"0.725","blk_pct":"0.288","tov_pct":"9.661","usg_pct":"20.513","ortg":"120.106","drtg":"111.906","bpm":"1.186"},{"game_id":1109,"team_name":"MIL","player_id":"benchMIL","player_name":"Bench of MIL","ts_pct":"0.449","efg_pct":"0.417","three_par":"0.487","ftr":"0.152","orb_pct":"5.470","drb_pct":"14.177","trb_pct":"9.901","ast_pct":"9.167","stl_pct":"1.631","blk_pct":"1.064","tov_pct":"7.305","usg_pct":"14.881","ortg":"110.211","drtg":"108.270","bpm":"0.408"}]