[{"game_id":108,"team_name":"PHI","player_id":"teamPHI","player_name":"Team name: PHI","ts_pct":"0.538","efg_pct":"0.500","three_par":"0.462","ftr":"0.340","orb_pct":"4.869","drb_pct":"16.795","trb_pct":"10.997","ast_pct":"16.095","stl_pct":"1.667","blk_pct":"2.517","tov_pct":"14.597","usg_pct":"21.422","ortg":"106.249","drtg":"121.325","bpm":"-1.484"},{"game_id":108,"team_name":"WAS","player_id":"teamWAS","player_name":"Team name: WAS","ts_pct":"0.616","efg_pct":"0.587","three_par":"0.451","ftr":"0.309","orb_pct":"4.628","drb_pct":"16.935","trb_pct":"10.562","ast_pct":"15.893","stl_pct":"1.341","blk_pct":"1.412","tov_pct":"13.649","usg_pct":"20.053","ortg":"121.343","drtg":"127.178","bpm":"-2.366"}]