[{"game_id":1006,"team_name":"PHI","player_id":"{\"joeis01\"}","player_name":"{\"Isaiah Joe\"}","fg":"0.682","fga":"2.012","fg_pct":"0.339","three_p":"0.682","three_pa":"1.671","three_p_pct":"0.408","ft":"0.553","fta":"0.988","ft_pct":"0.560","orb":"0.000","drb":"0.612","trb":"0.612","ast":"0.129","stl":"0.188","blk":"0.000","tov":"0.424","pf":"0.212","pts":"2.600"},{"game_id":1006,"team_name":"PHI","player_id":"{\"maxeyty01\"}","player_name":"{\"Tyrese Maxey\"}","fg":"3.365","fga":"6.918","fg_pct":"0.486","three_p":"0.741","three_pa":"2.259","three_p_pct":"0.328","ft":"1.141","fta":"1.318","ft_pct":"0.866","orb":"0.153","drb":"1.365","trb":"1.518","ast":"2.624","stl":"0.224","blk":"0.165","tov":"0.941","pf":"1.012","pts":"8.612"},{"game_id":1006,"team_name":"PHI","player_id":"{\"greenda02\"}","player_name":"{\"Danny Green\"}","fg":"3.082","fga":"8.200","fg_pct":"0.376","three_p":"2.306","three_pa":"6.682","three_p_pct":"0.345","ft":"0.165","fta":"0.165","ft_pct":"1.000","orb":"0.729","drb":"3.941","trb":"4.671","ast":"1.612","stl":"1.600","blk":"0.600","tov":"0.788","pf":"1.788","pts":"8.635"},{"game_id":1006,"team_name":"PHI","player_id":"{\"harrito02\"}","player_name":"{\"Tobias Harris\"}","fg":"6.412","fga":"12.494","fg_pct":"0.513","three_p":"1.153","three_pa":"2.588","three_p_pct":"0.446","ft":"1.494","fta":"1.494","ft_pct":"1.000","orb":"0.894","drb":"3.894","trb":"4.788","ast":"3.341","stl":"0.859","blk":"0.565","tov":"1.329","pf":"1.753","pts":"15.471"},{"game_id":1006,"team_name":"PHI","player_id":"{\"miltosh01\"}","player_name":"{\"Shake Milton\"}","fg":"4.071","fga":"9.435","fg_pct":"0.431","three_p":"1.424","three_pa":"3.247","three_p_pct":"0.439","ft":"1.541","fta":"2.035","ft_pct":"0.757","orb":"0.188","drb":"2.188","trb":"2.376","ast":"2.918","stl":"0.447","blk":"0.365","tov":"1.353","pf":"1.224","pts":"11.106"},{"game_id":1006,"team_name":"PHI","player_id":"{\"reedpa01\"}","player_name":"{\"Paul Reed\"}","fg":"1.141","fga":"1.706","fg_pct":"0.669","three_p":"0.000","three_pa":"0.000","three_p_pct":"NaN","ft":"0.071","fta":"0.141","ft_pct":"0.504","orb":"0.835","drb":"1.059","trb":"1.894","ast":"0.188","stl":"0.412","blk":"0.682","tov":"0.353","pf":"0.812","pts":"2.353"},{"game_id":1006,"team_name":"PHI","player_id":"benchPHI","player_name":"Bench of PHI","fg":"3.163","fga":"6.454","fg_pct":"0.490","three_p":"0.527","three_pa":"1.640","three_p_pct":"0.321","ft":"2.233","fta":"2.851","ft_pct":"0.783","orb":"1.295","drb":"3.042","trb":"4.338","ast":"1.388","stl":"0.652","blk":"0.728","tov":"1.223","pf":"1.595","pts":"9.086"},{"game_id":1006,"team_name":"DET","player_id":"{\"okafoja01\"}","player_name":"{\"Jahlil Okafor\"}","fg":"2.859","fga":"3.941","fg_pct":"0.725","three_p":"0.129","three_pa":"0.365","three_p_pct":"0.353","ft":"0.859","fta":"1.388","ft_pct":"0.619","orb":"0.435","drb":"2.129","trb":"2.565","ast":"0.847","stl":"0.365","blk":"0.212","tov":"1.071","pf":"1.671","pts":"6.706"},{"game_id":1006,"team_name":"DET","player_id":"{\"plumlma01\"}","player_name":"{\"Mason Plumlee\"}","fg":"4.200","fga":"6.165","fg_pct":"0.681","three_p":"0.000","three_pa":"0.000","three_p_pct":"NaN","ft":"1.824","fta":"2.506","ft_pct":"0.728","orb":"2.153","drb":"7.941","trb":"10.094","ast":"3.859","stl":"0.271","blk":"0.800","tov":"1.624","pf":"2.471","pts":"10.224"},{"game_id":1006,"team_name":"DET","player_id":"{\"beysa01\"}","player_name":"{\"Saddiq Bey\"}","fg":"4.588","fga":"11.765","fg_pct":"0.390","three_p":"3.224","three_pa":"7.729","three_p_pct":"0.417","ft":"2.353","fta":"2.882","ft_pct":"0.816","orb":"1.176","drb":"5.824","trb":"7.000","ast":"2.035","stl":"0.859","blk":"0.412","tov":"0.765","pf":"1.082","pts":"14.753"},{"game_id":1006,"team_name":"DET","player_id":"{\"grantje01\"}","player_name":"{\"Jerami Grant\"}","fg":"7.600","fga":"17.188","fg_pct":"0.442","three_p":"1.718","three_pa":"4.835","three_p_pct":"0.355","ft":"5.047","fta":"6.529","ft_pct":"0.773","orb":"0.482","drb":"3.024","trb":"3.506","ast":"3.012","stl":"0.353","blk":"0.765","tov":"1.965","pf":"1.906","pts":"21.965"},{"game_id":1006,"team_name":"DET","player_id":"{\"ellinwa01\"}","player_name":"{\"Wayne Ellington\"}","fg":"2.612","fga":"5.941","fg_pct":"0.440","three_p":"2.376","three_pa":"5.259","three_p_pct":"0.452","ft":"0.353","fta":"0.353","ft_pct":"1.000","orb":"0.282","drb":"1.529","trb":"1.812","ast":"1.612","stl":"0.412","blk":"0.082","tov":"0.824","pf":"0.741","pts":"7.953"},{"game_id":1006,"team_name":"DET","player_id":"{\"sirvyde01\"}","player_name":"{\"Deividas Sirvydis\"}","fg":"0.471","fga":"1.471","fg_pct":"0.320","three_p":"0.341","three_pa":"1.047","three_p_pct":"0.326","ft":"0.212","fta":"0.212","ft_pct":"1.000","orb":"0.000","drb":"1.071","trb":"1.071","ast":"0.118","stl":"0.000","blk":"0.000","tov":"0.306","pf":"0.400","pts":"1.494"},{"game_id":1006,"team_name":"DET","player_id":"benchDET","player_name":"Bench of DET","fg":"3.865","fga":"8.358","fg_pct":"0.462","three_p":"0.688","three_pa":"2.518","three_p_pct":"0.273","ft":"1.137","fta":"1.540","ft_pct":"0.738","orb":"0.915","drb":"3.105","trb":"4.020","ast":"3.239","stl":"0.850","blk":"0.633","tov":"1.592","pf":"2.326","pts":"9.556"}]