[{"game_id":1062,"team_name":"NYK","player_id":"teamNYK","player_name":"Team name: NYK","ts_pct":"0.570","efg_pct":"0.534","three_par":"0.325","ftr":"0.225","orb_pct":"3.805","drb_pct":"18.963","trb_pct":"11.617","ast_pct":"14.640","stl_pct":"1.436","blk_pct":"2.096","tov_pct":"9.613","usg_pct":"19.794","ortg":"119.205","drtg":"120.878","bpm":"-1.156"},{"game_id":1062,"team_name":"CHO","player_id":"teamCHO","player_name":"Team name: CHO","ts_pct":"0.497","efg_pct":"0.457","three_par":"0.304","ftr":"0.324","orb_pct":"5.948","drb_pct":"14.653","trb_pct":"10.185","ast_pct":"15.068","stl_pct":"1.333","blk_pct":"2.120","tov_pct":"11.515","usg_pct":"19.044","ortg":"106.672","drtg":"117.259","bpm":"-2.633"}]