[{"game_id":1074,"team_name":"DET","player_id":"teamDET","player_name":"Team name: DET","ts_pct":"0.497","efg_pct":"0.469","three_par":"0.319","ftr":"0.261","orb_pct":"3.406","drb_pct":"14.926","trb_pct":"9.274","ast_pct":"13.408","stl_pct":"1.318","blk_pct":"1.809","tov_pct":"13.697","usg_pct":"18.805","ortg":"94.515","drtg":"108.397","bpm":"-3.057"},{"game_id":1074,"team_name":"MIA","player_id":"teamMIA","player_name":"Team name: MIA","ts_pct":"0.586","efg_pct":"0.566","three_par":"0.439","ftr":"0.248","orb_pct":"5.279","drb_pct":"16.819","trb_pct":"10.886","ast_pct":"16.996","stl_pct":"1.497","blk_pct":"1.861","tov_pct":"12.247","usg_pct":"21.343","ortg":"127.257","drtg":"129.529","bpm":"-0.312"}]