[{"game_id":125,"team_name":"NYK","player_id":"{\"barrerj01\"}","player_name":"{\"RJ Barrett\"}","fg":"6.318","fga":"16.012","fg_pct":"0.395","three_p":"1.035","three_pa":"4.682","three_p_pct":"0.221","ft":"3.835","fta":"5.094","ft_pct":"0.753","orb":"0.800","drb":"6.235","trb":"7.035","ast":"3.153","stl":"1.471","blk":"0.212","tov":"1.824","pf":"2.012","pts":"17.506"},{"game_id":125,"team_name":"NYK","player_id":"{\"riverau01\"}","player_name":"{\"Austin Rivers\"}","fg":"3.788","fga":"7.129","fg_pct":"0.531","three_p":"1.965","three_pa":"4.141","three_p_pct":"0.475","ft":"0.729","fta":"1.000","ft_pct":"0.729","orb":"0.153","drb":"1.929","trb":"2.082","ast":"2.035","stl":"0.812","blk":"0.000","tov":"1.224","pf":"1.929","pts":"10.271"},{"game_id":125,"team_name":"NYK","player_id":"{\"randlju01\"}","player_name":"{\"Julius Randle\"}","fg":"8.424","fga":"17.541","fg_pct":"0.480","three_p":"1.306","three_pa":"4.141","three_p_pct":"0.315","ft":"5.471","fta":"6.847","ft_pct":"0.799","orb":"1.941","drb":"10.188","trb":"12.129","ast":"6.941","stl":"0.694","blk":"0.271","tov":"4.812","pf":"3.812","pts":"23.624"},{"game_id":125,"team_name":"NYK","player_id":"{\"paytoel01\"}","player_name":"{\"Elfrid Payton\"}","fg":"6.494","fga":"13.282","fg_pct":"0.489","three_p":"0.565","three_pa":"1.694","three_p_pct":"0.334","ft":"1.200","fta":"2.047","ft_pct":"0.586","orb":"1.153","drb":"2.871","trb":"4.024","ast":"5.635","stl":"0.718","blk":"0.341","tov":"2.565","pf":"1.941","pts":"14.753"},{"game_id":125,"team_name":"NYK","player_id":"{\"robinmi01\"}","player_name":"{\"Mitchell Robinson\"}","fg":"4.329","fga":"6.635","fg_pct":"0.652","three_p":"0.000","three_pa":"0.000","three_p_pct":"NaN","ft":"0.718","fta":"1.424","ft_pct":"0.504","orb":"3.494","drb":"4.906","trb":"8.400","ast":"0.529","stl":"1.541","blk":"1.800","tov":"0.918","pf":"2.976","pts":"9.376"},{"game_id":125,"team_name":"NYK","player_id":"{\"bullore01\"}","player_name":"{\"Reggie Bullock\"}","fg":"3.306","fga":"8.094","fg_pct":"0.408","three_p":"1.541","three_pa":"4.600","three_p_pct":"0.335","ft":"0.471","fta":"0.882","ft_pct":"0.534","orb":"0.565","drb":"3.929","trb":"4.494","ast":"1.576","stl":"0.576","blk":"0.282","tov":"1.165","pf":"2.718","pts":"8.624"},{"game_id":125,"team_name":"NYK","player_id":"benchNYK","player_name":"Bench of NYK","fg":"2.007","fga":"4.064","fg_pct":"0.494","three_p":"0.700","three_pa":"1.701","three_p_pct":"0.412","ft":"1.240","fta":"1.401","ft_pct":"0.885","orb":"0.555","drb":"2.119","trb":"2.674","ast":"0.990","stl":"0.611","blk":"0.598","tov":"1.021","pf":"1.780","pts":"5.954"},{"game_id":125,"team_name":"OKC","player_id":"{\"willike04\"}","player_name":"{\"Kenrich Williams\"}","fg":"0.541","fga":"2.341","fg_pct":"0.231","three_p":"0.082","three_pa":"0.741","three_p_pct":"0.111","ft":"0.706","fta":"0.706","ft_pct":"1.000","orb":"0.694","drb":"1.424","trb":"2.118","ast":"1.035","stl":"0.518","blk":"0.224","tov":"0.682","pf":"1.412","pts":"1.871"},{"game_id":125,"team_name":"OKC","player_id":"{\"robyis01\"}","player_name":"{\"Isaiah Roby\"}","fg":"2.300","fga":"3.829","fg_pct":"0.601","three_p":"0.500","three_pa":"1.300","three_p_pct":"0.385","ft":"0.157","fta":"1.057","ft_pct":"0.149","orb":"1.243","drb":"1.657","trb":"2.900","ast":"0.343","stl":"0.143","blk":"0.457","tov":"1.129","pf":"1.714","pts":"5.257"},{"game_id":125,"team_name":"OKC","player_id":"{\"gilgesh01\"}","player_name":"{\"Shai Gilgeous-Alexander\"}","fg":"6.165","fga":"14.576","fg_pct":"0.423","three_p":"1.906","three_pa":"6.024","three_p_pct":"0.316","ft":"3.224","fta":"4.094","ft_pct":"0.787","orb":"0.282","drb":"3.824","trb":"4.106","ast":"6.282","stl":"1.235","blk":"0.365","tov":"2.906","pf":"2.494","pts":"17.459"},{"game_id":125,"team_name":"OKC","player_id":"{\"dortlu01\"}","player_name":"{\"Luguentz Dort\"}","fg":"4.671","fga":"9.859","fg_pct":"0.474","three_p":"2.212","three_pa":"5.318","three_p_pct":"0.416","ft":"2.059","fta":"2.706","ft_pct":"0.761","orb":"0.624","drb":"2.024","trb":"2.647","ast":"0.988","stl":"0.671","blk":"0.341","tov":"1.318","pf":"2.882","pts":"13.612"},{"game_id":125,"team_name":"OKC","player_id":"{\"diallha01\"}","player_name":"{\"Hamidou Diallo\"}","fg":"3.200","fga":"6.412","fg_pct":"0.499","three_p":"0.176","three_pa":"0.859","three_p_pct":"0.205","ft":"1.424","fta":"2.765","ft_pct":"0.515","orb":"0.988","drb":"3.000","trb":"3.988","ast":"1.259","stl":"0.659","blk":"0.494","tov":"1.165","pf":"1.506","pts":"8.000"},{"game_id":125,"team_name":"OKC","player_id":"{\"horfoal01\"}","player_name":"{\"Al Horford\"}","fg":"3.412","fga":"8.353","fg_pct":"0.408","three_p":"1.235","three_pa":"4.329","three_p_pct":"0.285","ft":"0.376","fta":"0.600","ft_pct":"0.627","orb":"1.176","drb":"5.941","trb":"7.118","ast":"2.400","stl":"0.176","blk":"1.012","tov":"0.624","pf":"1.988","pts":"8.435"},{"game_id":125,"team_name":"OKC","player_id":"benchOKC","player_name":"Bench of OKC","fg":"3.092","fga":"7.380","fg_pct":"0.419","three_p":"1.490","three_pa":"4.383","three_p_pct":"0.340","ft":"0.957","fta":"1.146","ft_pct":"0.835","orb":"0.413","drb":"3.601","trb":"4.014","ast":"2.103","stl":"0.662","blk":"0.506","tov":"1.588","pf":"1.178","pts":"8.630"}]