[{"game_id":1061,"team_name":"BRK","player_id":"teamBRK","player_name":"Team name: BRK","ts_pct":"0.566","efg_pct":"0.518","three_par":"0.402","ftr":"0.385","orb_pct":"5.277","drb_pct":"15.641","trb_pct":"10.907","ast_pct":"15.102","stl_pct":"1.266","blk_pct":"1.596","tov_pct":"11.673","usg_pct":"19.149","ortg":"115.973","drtg":"117.600","bpm":"0.329"},{"game_id":1061,"team_name":"CHI","player_id":"teamCHI","player_name":"Team name: CHI","ts_pct":"0.600","efg_pct":"0.561","three_par":"0.393","ftr":"0.250","orb_pct":"4.297","drb_pct":"16.780","trb_pct":"10.611","ast_pct":"17.262","stl_pct":"2.045","blk_pct":"1.391","tov_pct":"13.779","usg_pct":"21.461","ortg":"122.030","drtg":"122.041","bpm":"0.855"}]