[{"game_id":1236,"team_name":"ATL","player_id":"{\"fernabr01\"}","player_name":"{\"Bruno Fernando\"}","ts_pct":"0.616","efg_pct":"0.633","three_par":"0.332","ftr":"0.357","orb_pct":"16.372","drb_pct":"18.770","trb_pct":"16.826","ast_pct":"20.004","stl_pct":"1.130","blk_pct":"6.130","tov_pct":"12.513","usg_pct":"18.817","ortg":"120.065","drtg":"101.674","bpm":"4.254"},{"game_id":1236,"team_name":"ATL","player_id":"{\"collijo01\"}","player_name":"{\"John Collins\"}","ts_pct":"0.608","efg_pct":"0.589","three_par":"0.249","ftr":"0.304","orb_pct":"9.273","drb_pct":"21.304","trb_pct":"15.548","ast_pct":"11.159","stl_pct":"1.051","blk_pct":"3.985","tov_pct":"10.386","usg_pct":"22.101","ortg":"118.529","drtg":"109.635","bpm":"1.176"},{"game_id":1236,"team_name":"ATL","player_id":"{\"reddica01\"}","player_name":"{\"Cam Reddish\"}","ts_pct":"0.248","efg_pct":"0.211","three_par":"0.439","ftr":"0.129","orb_pct":"3.757","drb_pct":"15.117","trb_pct":"9.630","ast_pct":"11.113","stl_pct":"3.415","blk_pct":"0.000","tov_pct":"18.215","usg_pct":"18.970","ortg":"52.783","drtg":"101.652","bpm":"-10.648"},{"game_id":1236,"team_name":"ATL","player_id":"{\"huntede01\"}","player_name":"{\"De'Andre Hunter\"}","ts_pct":"0.550","efg_pct":"0.540","three_par":"0.366","ftr":"0.283","orb_pct":"0.000","drb_pct":"16.065","trb_pct":"8.370","ast_pct":"5.924","stl_pct":"1.352","blk_pct":"0.765","tov_pct":"16.565","usg_pct":"16.033","ortg":"94.348","drtg":"104.848","bpm":"-4.426"},{"game_id":1236,"team_name":"ATL","player_id":"{\"bembrde01\"}","player_name":"{\"DeAndre' Bembry\"}","ts_pct":"0.583","efg_pct":"0.569","three_par":"0.180","ftr":"0.298","orb_pct":"3.735","drb_pct":"15.498","trb_pct":"9.451","ast_pct":"16.695","stl_pct":"2.684","blk_pct":"0.188","tov_pct":"9.111","usg_pct":"17.952","ortg":"118.612","drtg":"109.529","bpm":"0.296"},{"game_id":1236,"team_name":"ATL","player_id":"{\"huertke01\"}","player_name":"{\"Kevin Huerter\"}","ts_pct":"0.531","efg_pct":"0.501","three_par":"0.571","ftr":"0.181","orb_pct":"2.482","drb_pct":"12.716","trb_pct":"7.546","ast_pct":"23.835","stl_pct":"1.526","blk_pct":"1.114","tov_pct":"19.036","usg_pct":"17.758","ortg":"105.682","drtg":"111.294","bpm":"-1.287"},{"game_id":1236,"team_name":"ATL","player_id":"benchATL","player_name":"Bench of ATL","ts_pct":"0.517","efg_pct":"0.487","three_par":"0.339","ftr":"0.399","orb_pct":"3.588","drb_pct":"12.948","trb_pct":"8.350","ast_pct":"9.543","stl_pct":"1.402","blk_pct":"2.484","tov_pct":"11.130","usg_pct":"19.134","ortg":"99.262","drtg":"111.836","bpm":"-3.832"},{"game_id":1236,"team_name":"MIA","player_id":"{\"adebaba01\"}","player_name":"{\"Bam Adebayo\"}","ts_pct":"0.637","efg_pct":"0.568","three_par":"0.069","ftr":"0.756","orb_pct":"8.453","drb_pct":"27.436","trb_pct":"18.286","ast_pct":"15.585","stl_pct":"2.176","blk_pct":"4.598","tov_pct":"16.795","usg_pct":"19.366","ortg":"120.212","drtg":"97.941","bpm":"4.734"},{"game_id":1236,"team_name":"MIA","player_id":"{\"butleji01\"}","player_name":"{\"Jimmy Butler\"}","ts_pct":"0.571","efg_pct":"0.491","three_par":"0.267","ftr":"0.547","orb_pct":"7.332","drb_pct":"12.453","trb_pct":"10.011","ast_pct":"25.254","stl_pct":"2.333","blk_pct":"1.302","tov_pct":"11.844","usg_pct":"25.431","ortg":"116.612","drtg":"105.012","bpm":"6.924"},{"game_id":1236,"team_name":"MIA","player_id":"{\"nunnke01\"}","player_name":"{\"Kendrick Nunn\"}","ts_pct":"0.577","efg_pct":"0.563","three_par":"0.369","ftr":"0.067","orb_pct":"0.000","drb_pct":"7.683","trb_pct":"4.074","ast_pct":"20.854","stl_pct":"2.489","blk_pct":"1.100","tov_pct":"11.220","usg_pct":"26.661","ortg":"109.000","drtg":"101.304","bpm":"1.335"},{"game_id":1236,"team_name":"MIA","player_id":"{\"herroty01\"}","player_name":"{\"Tyler Herro\"}","ts_pct":"0.576","efg_pct":"0.574","three_par":"0.435","ftr":"0.547","orb_pct":"0.000","drb_pct":"19.837","trb_pct":"10.678","ast_pct":"9.113","stl_pct":"0.883","blk_pct":"0.000","tov_pct":"17.354","usg_pct":"21.122","ortg":"102.130","drtg":"102.891","bpm":"-1.022"},{"game_id":1236,"team_name":"MIA","player_id":"{\"robindu01\"}","player_name":"{\"Duncan Robinson\"}","ts_pct":"0.457","efg_pct":"0.450","three_par":"0.554","ftr":"0.046","orb_pct":"1.233","drb_pct":"15.541","trb_pct":"8.935","ast_pct":"3.605","stl_pct":"0.702","blk_pct":"2.008","tov_pct":"8.514","usg_pct":"11.547","ortg":"85.812","drtg":"103.306","bpm":"-1.725"},{"game_id":1236,"team_name":"MIA","player_id":"{\"leoname01\"}","player_name":"{\"Meyers Leonard\"}","ts_pct":"0.600","efg_pct":"0.607","three_par":"0.631","ftr":"0.055","orb_pct":"4.401","drb_pct":"23.472","trb_pct":"13.893","ast_pct":"10.218","stl_pct":"0.644","blk_pct":"2.252","tov_pct":"12.387","usg_pct":"13.687","ortg":"105.812","drtg":"107.082","bpm":"0.916"},{"game_id":1236,"team_name":"MIA","player_id":"benchMIA","player_name":"Bench of MIA","ts_pct":"0.532","efg_pct":"0.415","three_par":"0.392","ftr":"0.251","orb_pct":"9.284","drb_pct":"12.935","trb_pct":"11.019","ast_pct":"12.371","stl_pct":"1.643","blk_pct":"4.275","tov_pct":"24.998","usg_pct":"16.148","ortg":"90.957","drtg":"102.160","bpm":"-2.552"}]