[{"game_id":1220,"team_name":"PHO","player_id":"{\"oubreke01\"}","player_name":"{\"Kelly Oubre Jr.\"}","fg":"7.706","fga":"15.153","fg_pct":"0.509","three_p":"1.753","three_pa":"4.671","three_p_pct":"0.375","ft":"4.988","fta":"5.588","ft_pct":"0.893","orb":"1.812","drb":"4.506","trb":"6.318","ast":"1.459","stl":"2.118","blk":"0.976","tov":"2.318","pf":"3.235","pts":"22.153"},{"game_id":1220,"team_name":"PHO","player_id":"{\"kaminfr01\"}","player_name":"{\"Frank Kaminsky\"}","fg":"4.824","fga":"10.553","fg_pct":"0.457","three_p":"1.424","three_pa":"4.671","three_p_pct":"0.305","ft":"4.094","fta":"4.953","ft_pct":"0.827","orb":"0.729","drb":"5.447","trb":"6.176","ast":"2.259","stl":"0.224","blk":"0.165","tov":"1.388","pf":"2.412","pts":"15.165"},{"game_id":1220,"team_name":"PHO","player_id":"{\"bookede01\"}","player_name":"{\"Devin Booker\"}","fg":"10.529","fga":"20.506","fg_pct":"0.513","three_p":"2.165","three_pa":"6.388","three_p_pct":"0.339","ft":"6.247","fta":"7.012","ft_pct":"0.891","orb":"0.482","drb":"3.459","trb":"3.941","ast":"7.329","stl":"0.541","blk":"0.224","tov":"3.871","pf":"3.576","pts":"29.471"},{"game_id":1220,"team_name":"PHO","player_id":"{\"rubiori01\"}","player_name":"{\"Ricky Rubio\"}","fg":"4.412","fga":"11.435","fg_pct":"0.386","three_p":"0.529","three_pa":"3.106","three_p_pct":"0.170","ft":"4.047","fta":"4.659","ft_pct":"0.869","orb":"0.694","drb":"3.388","trb":"4.082","ast":"8.529","stl":"2.424","blk":"0.118","tov":"3.341","pf":"3.071","pts":"13.400"},{"game_id":1220,"team_name":"PHO","player_id":"{\"carteje01\"}","player_name":"{\"Jevon Carter\"}","fg":"3.482","fga":"7.176","fg_pct":"0.485","three_p":"2.671","three_pa":"4.741","three_p_pct":"0.563","ft":"1.118","fta":"1.200","ft_pct":"0.932","orb":"0.506","drb":"2.047","trb":"2.553","ast":"2.553","stl":"0.718","blk":"0.200","tov":"1.294","pf":"2.259","pts":"10.753"},{"game_id":1220,"team_name":"PHO","player_id":"{\"baynear01\"}","player_name":"{\"Aron Baynes\"}","fg":"2.059","fga":"3.906","fg_pct":"0.527","three_p":"0.494","three_pa":"1.576","three_p_pct":"0.313","ft":"1.118","fta":"1.341","ft_pct":"0.834","orb":"1.165","drb":"2.565","trb":"3.729","ast":"1.059","stl":"0.176","blk":"0.388","tov":"0.729","pf":"2.929","pts":"5.729"},{"game_id":1220,"team_name":"PHO","player_id":"benchPHO","player_name":"Bench of PHO","fg":"3.148","fga":"7.531","fg_pct":"0.418","three_p":"1.281","three_pa":"3.895","three_p_pct":"0.329","ft":"1.730","fta":"2.209","ft_pct":"0.783","orb":"0.937","drb":"2.764","trb":"3.701","ast":"1.761","stl":"0.802","blk":"0.243","tov":"0.843","pf":"2.125","pts":"9.307"},{"game_id":1220,"team_name":"UTA","player_id":"{\"niangge01\"}","player_name":"{\"Georges Niang\"}","fg":"2.576","fga":"5.388","fg_pct":"0.478","three_p":"1.129","three_pa":"3.047","three_p_pct":"0.371","ft":"0.800","fta":"0.800","ft_pct":"1.000","orb":"0.106","drb":"2.529","trb":"2.635","ast":"1.024","stl":"0.094","blk":"0.212","tov":"0.800","pf":"1.247","pts":"7.082"},{"game_id":1220,"team_name":"UTA","player_id":"{\"bogdabo02\"}","player_name":"{\"Bojan Bogdanović\"}","fg":"6.412","fga":"14.906","fg_pct":"0.430","three_p":"1.906","three_pa":"5.400","three_p_pct":"0.353","ft":"2.929","fta":"3.306","ft_pct":"0.886","orb":"0.376","drb":"4.424","trb":"4.800","ast":"2.188","stl":"1.424","blk":"0.059","tov":"1.153","pf":"1.894","pts":"17.659"},{"game_id":1220,"team_name":"UTA","player_id":"{\"mitchdo01\"}","player_name":"{\"Donovan Mitchell\"}","fg":"8.165","fga":"19.388","fg_pct":"0.421","three_p":"1.965","three_pa":"6.012","three_p_pct":"0.327","ft":"5.271","fta":"6.447","ft_pct":"0.818","orb":"1.459","drb":"3.906","trb":"5.365","ast":"3.400","stl":"1.659","blk":"0.235","tov":"2.682","pf":"2.824","pts":"23.565"},{"game_id":1220,"team_name":"UTA","player_id":"{\"goberru01\"}","player_name":"{\"Rudy Gobert\"}","fg":"3.859","fga":"6.529","fg_pct":"0.591","three_p":"0.000","three_pa":"0.000","three_p_pct":"NaN","ft":"2.282","fta":"3.471","ft_pct":"0.657","orb":"3.106","drb":"6.671","trb":"9.776","ast":"1.576","stl":"0.612","blk":"1.776","tov":"2.471","pf":"3.247","pts":"10.000"},{"game_id":1220,"team_name":"UTA","player_id":"{\"onealro01\"}","player_name":"{\"Royce O'Neale\"}","fg":"4.071","fga":"7.459","fg_pct":"0.546","three_p":"1.529","three_pa":"3.741","three_p_pct":"0.409","ft":"0.365","fta":"0.471","ft_pct":"0.775","orb":"0.235","drb":"4.176","trb":"4.412","ast":"1.376","stl":"0.459","blk":"0.247","tov":"1.800","pf":"3.259","pts":"10.035"},{"game_id":1220,"team_name":"UTA","player_id":"{\"inglejo01\"}","player_name":"{\"Joe Ingles\"}","fg":"2.259","fga":"6.259","fg_pct":"0.361","three_p":"1.388","three_pa":"4.659","three_p_pct":"0.298","ft":"0.424","fta":"0.424","ft_pct":"1.000","orb":"0.376","drb":"3.929","trb":"4.306","ast":"4.353","stl":"1.635","blk":"0.000","tov":"1.529","pf":"2.447","pts":"6.329"},{"game_id":1220,"team_name":"UTA","player_id":"benchUTA","player_name":"Bench of UTA","fg":"4.305","fga":"10.265","fg_pct":"0.419","three_p":"1.068","three_pa":"3.690","three_p_pct":"0.289","ft":"2.953","fta":"3.714","ft_pct":"0.795","orb":"0.608","drb":"3.263","trb":"3.872","ast":"3.236","stl":"0.510","blk":"0.277","tov":"1.686","pf":"2.052","pts":"12.631"}]