[{"game_id":1235,"team_name":"UTA","player_id":"{\"mitchdo01\"}","player_name":"{\"Donovan Mitchell\"}","ts_pct":"0.545","efg_pct":"0.499","three_par":"0.303","ftr":"0.302","orb_pct":"3.919","drb_pct":"10.342","trb_pct":"7.267","ast_pct":"19.453","stl_pct":"2.306","blk_pct":"0.541","tov_pct":"10.548","usg_pct":"30.809","ortg":"105.235","drtg":"99.812","bpm":"3.693"},{"game_id":1235,"team_name":"UTA","player_id":"{\"goberru01\"}","player_name":"{\"Rudy Gobert\"}","ts_pct":"0.664","efg_pct":"0.599","three_par":"0.000","ftr":"0.863","orb_pct":"9.684","drb_pct":"26.668","trb_pct":"18.787","ast_pct":"8.429","stl_pct":"1.505","blk_pct":"6.104","tov_pct":"28.382","usg_pct":"14.847","ortg":"105.553","drtg":"94.988","bpm":"1.372"},{"game_id":1235,"team_name":"UTA","player_id":"{\"conlemi01\"}","player_name":"{\"Mike Conley\"}","ts_pct":"0.454","efg_pct":"0.378","three_par":"0.430","ftr":"0.413","orb_pct":"0.775","drb_pct":"9.478","trb_pct":"5.228","ast_pct":"28.205","stl_pct":"0.792","blk_pct":"0.795","tov_pct":"13.272","usg_pct":"26.662","ortg":"97.235","drtg":"109.282","bpm":"-2.808"},{"game_id":1235,"team_name":"UTA","player_id":"{\"inglejo01\"}","player_name":"{\"Joe Ingles\"}","ts_pct":"0.454","efg_pct":"0.436","three_par":"0.744","ftr":"0.088","orb_pct":"1.921","drb_pct":"17.166","trb_pct":"9.882","ast_pct":"23.789","stl_pct":"2.780","blk_pct":"0.000","tov_pct":"24.553","usg_pct":"12.529","ortg":"91.400","drtg":"98.671","bpm":"-0.392"},{"game_id":1235,"team_name":"UTA","player_id":"{\"bogdabo02\"}","player_name":"{\"Bojan Bogdanović\"}","ts_pct":"0.578","efg_pct":"0.521","three_par":"0.401","ftr":"0.311","orb_pct":"1.309","drb_pct":"15.129","trb_pct":"8.231","ast_pct":"11.065","stl_pct":"2.179","blk_pct":"0.598","tov_pct":"8.972","usg_pct":"26.041","ortg":"105.647","drtg":"99.518","bpm":"3.945"},{"game_id":1235,"team_name":"UTA","player_id":"{\"onealro01\"}","player_name":"{\"Royce O'Neale\"}","ts_pct":"0.686","efg_pct":"0.679","three_par":"0.491","ftr":"0.042","orb_pct":"0.604","drb_pct":"15.526","trb_pct":"8.469","ast_pct":"10.858","stl_pct":"0.752","blk_pct":"1.761","tov_pct":"17.586","usg_pct":"14.113","ortg":"108.918","drtg":"101.694","bpm":"1.091"},{"game_id":1235,"team_name":"UTA","player_id":"benchUTA","player_name":"Bench of UTA","ts_pct":"0.413","efg_pct":"0.402","three_par":"0.284","ftr":"0.314","orb_pct":"4.932","drb_pct":"16.495","trb_pct":"11.386","ast_pct":"11.405","stl_pct":"0.691","blk_pct":"1.246","tov_pct":"14.886","usg_pct":"18.380","ortg":"86.496","drtg":"101.196","bpm":"-3.691"},{"game_id":1235,"team_name":"LAC","player_id":"{\"shamela01\"}","player_name":"{\"Landry Shamet\"}","ts_pct":"0.615","efg_pct":"0.547","three_par":"0.784","ftr":"0.237","orb_pct":"0.229","drb_pct":"6.845","trb_pct":"3.501","ast_pct":"8.733","stl_pct":"0.933","blk_pct":"0.324","tov_pct":"11.235","usg_pct":"11.967","ortg":"115.800","drtg":"121.424","bpm":"-2.818"},{"game_id":1235,"team_name":"LAC","player_id":"{\"pattepa01\"}","player_name":"{\"Patrick Patterson\"}","ts_pct":"0.319","efg_pct":"0.317","three_par":"0.476","ftr":"0.078","orb_pct":"7.773","drb_pct":"14.576","trb_pct":"11.101","ast_pct":"3.653","stl_pct":"0.306","blk_pct":"0.508","tov_pct":"10.718","usg_pct":"8.678","ortg":"85.224","drtg":"115.247","bpm":"-5.618"},{"game_id":1235,"team_name":"LAC","player_id":"{\"willilo02\"}","player_name":"{\"Lou Williams\"}","ts_pct":"0.557","efg_pct":"0.468","three_par":"0.274","ftr":"0.538","orb_pct":"2.671","drb_pct":"9.074","trb_pct":"5.947","ast_pct":"32.571","stl_pct":"1.148","blk_pct":"0.182","tov_pct":"11.652","usg_pct":"31.488","ortg":"113.882","drtg":"119.976","bpm":"-0.072"},{"game_id":1235,"team_name":"LAC","player_id":"{\"greenja01\"}","player_name":"{\"JaMychal Green\"}","ts_pct":"0.729","efg_pct":"0.726","three_par":"0.659","ftr":"0.353","orb_pct":"4.362","drb_pct":"17.078","trb_pct":"10.661","ast_pct":"3.648","stl_pct":"0.940","blk_pct":"0.000","tov_pct":"12.018","usg_pct":"15.947","ortg":"125.635","drtg":"118.918","bpm":"0.882"},{"game_id":1235,"team_name":"LAC","player_id":"{\"beverpa01\"}","player_name":"{\"Patrick Beverley\"}","ts_pct":"0.495","efg_pct":"0.487","three_par":"0.642","ftr":"0.171","orb_pct":"4.539","drb_pct":"20.788","trb_pct":"12.673","ast_pct":"15.555","stl_pct":"2.655","blk_pct":"1.451","tov_pct":"21.005","usg_pct":"13.653","ortg":"100.082","drtg":"112.412","bpm":"-0.867"},{"game_id":1235,"team_name":"LAC","player_id":"{\"robinje01\"}","player_name":"{\"Jerome Robinson\"}","ts_pct":"0.321","efg_pct":"0.299","three_par":"0.225","ftr":"0.146","orb_pct":"3.274","drb_pct":"14.573","trb_pct":"9.505","ast_pct":"14.148","stl_pct":"1.002","blk_pct":"0.000","tov_pct":"8.982","usg_pct":"13.111","ortg":"81.882","drtg":"119.447","bpm":"-1.439"},{"game_id":1235,"team_name":"LAC","player_id":"benchLAC","player_name":"Bench of LAC","ts_pct":"0.481","efg_pct":"0.453","three_par":"0.243","ftr":"0.237","orb_pct":"7.367","drb_pct":"18.793","trb_pct":"13.630","ast_pct":"6.409","stl_pct":"1.521","blk_pct":"4.195","tov_pct":"12.789","usg_pct":"14.255","ortg":"97.042","drtg":"108.562","bpm":"-0.894"}]