[{"game_id":1046,"team_name":"MIA","player_id":"teamMIA","player_name":"Team name: MIA","fg":"42.851","fga":"83.829","fg_pct":"0.511","three_p":"13.760","three_pa":"34.566","three_p_pct":"0.398","ft":"18.423","fta":"22.451","ft_pct":"0.821","orb":"7.354","drb":"31.120","trb":"38.474","ast":"26.549","stl":"9.143","blk":"2.869","tov":"11.183","pf":"19.246","pts":"117.886"},{"game_id":1046,"team_name":"PHI","player_id":"teamPHI","player_name":"Team name: PHI","fg":"42.137","fga":"87.617","fg_pct":"0.481","three_p":"11.554","three_pa":"30.891","three_p_pct":"0.374","ft":"18.211","fta":"23.200","ft_pct":"0.785","orb":"10.160","drb":"34.577","trb":"44.737","ast":"24.269","stl":"10.257","blk":"6.200","tov":"12.280","pf":"18.200","pts":"114.040"}]