[{"game_id":1010,"team_name":"POR","player_id":"{\"ellebcj01\"}","player_name":"{\"CJ Elleby\"}","ts_pct":"0.400","efg_pct":"0.306","three_par":"0.228","ftr":"0.400","orb_pct":"10.755","drb_pct":"13.784","trb_pct":"12.254","ast_pct":"21.275","stl_pct":"0.278","blk_pct":"0.000","tov_pct":"4.235","usg_pct":"19.861","ortg":"118.282","drtg":"116.965","bpm":"0.301"},{"game_id":1010,"team_name":"POR","player_id":"{\"leaftj01\"}","player_name":"{\"T.J. Leaf\"}","ts_pct":"0.561","efg_pct":"0.573","three_par":"0.047","ftr":"0.506","orb_pct":"4.049","drb_pct":"15.909","trb_pct":"9.999","ast_pct":"3.275","stl_pct":"3.028","blk_pct":"4.355","tov_pct":"8.772","usg_pct":"20.228","ortg":"95.824","drtg":"103.800","bpm":"-0.174"},{"game_id":1010,"team_name":"POR","player_id":"{\"gilesha01\"}","player_name":"{\"Harry Giles\"}","ts_pct":"0.604","efg_pct":"0.573","three_par":"0.355","ftr":"0.120","orb_pct":"9.367","drb_pct":"17.396","trb_pct":"12.825","ast_pct":"16.827","stl_pct":"2.551","blk_pct":"2.264","tov_pct":"2.451","usg_pct":"24.466","ortg":"130.141","drtg":"110.000","bpm":"5.160"},{"game_id":1010,"team_name":"POR","player_id":"{\"blevike01\"}","player_name":"{\"Keljin Blevins\"}","ts_pct":"0.453","efg_pct":"0.453","three_par":"0.506","ftr":"0.000","orb_pct":"7.416","drb_pct":"13.471","trb_pct":"11.151","ast_pct":"0.000","stl_pct":"0.294","blk_pct":"0.000","tov_pct":"7.647","usg_pct":"14.575","ortg":"91.200","drtg":"118.682","bpm":"-4.793"},{"game_id":1010,"team_name":"POR","player_id":"{\"mccolcj01\"}","player_name":"{\"CJ McCollum\"}","ts_pct":"0.561","efg_pct":"0.527","three_par":"0.389","ftr":"0.183","orb_pct":"1.358","drb_pct":"10.173","trb_pct":"5.935","ast_pct":"20.085","stl_pct":"0.745","blk_pct":"1.429","tov_pct":"6.878","usg_pct":"23.633","ortg":"116.706","drtg":"115.259","bpm":"0.565"},{"game_id":1010,"team_name":"POR","player_id":"{\"lillada01\"}","player_name":"{\"Damian Lillard\"}","ts_pct":"0.686","efg_pct":"0.629","three_par":"0.535","ftr":"0.358","orb_pct":"0.664","drb_pct":"11.252","trb_pct":"6.093","ast_pct":"33.736","stl_pct":"2.178","blk_pct":"0.428","tov_pct":"11.828","usg_pct":"29.929","ortg":"132.741","drtg":"112.694","bpm":"10.161"},{"game_id":1010,"team_name":"POR","player_id":"benchPOR","player_name":"Bench of POR","ts_pct":"0.522","efg_pct":"0.491","three_par":"0.342","ftr":"0.232","orb_pct":"6.441","drb_pct":"20.613","trb_pct":"13.979","ast_pct":"9.800","stl_pct":"1.186","blk_pct":"1.923","tov_pct":"7.339","usg_pct":"16.148","ortg":"111.279","drtg":"111.321","bpm":"-0.473"},{"game_id":1010,"team_name":"SAS","player_id":"{\"dienggo01\"}","player_name":"{\"Gorgui Dieng\"}","ts_pct":"0.564","efg_pct":"0.397","three_par":"0.368","ftr":"0.355","orb_pct":"7.960","drb_pct":"14.129","trb_pct":"10.932","ast_pct":"13.992","stl_pct":"2.458","blk_pct":"0.268","tov_pct":"13.094","usg_pct":"16.133","ortg":"119.094","drtg":"114.224","bpm":"-0.813"},{"game_id":1010,"team_name":"SAS","player_id":"{\"samanlu01\"}","player_name":"{\"Luka Šamanić\"}","ts_pct":"0.499","efg_pct":"0.499","three_par":"0.191","ftr":"0.154","orb_pct":"3.284","drb_pct":"16.115","trb_pct":"9.295","ast_pct":"9.871","stl_pct":"0.967","blk_pct":"2.771","tov_pct":"5.416","usg_pct":"17.388","ortg":"101.953","drtg":"109.341","bpm":"-1.809"},{"game_id":1010,"team_name":"SAS","player_id":"{\"jonestr01\"}","player_name":"{\"Tre Jones\"}","ts_pct":"0.524","efg_pct":"0.418","three_par":"0.172","ftr":"0.400","orb_pct":"0.566","drb_pct":"5.696","trb_pct":"3.106","ast_pct":"14.669","stl_pct":"1.404","blk_pct":"0.000","tov_pct":"10.325","usg_pct":"15.106","ortg":"97.600","drtg":"114.788","bpm":"-6.033"},{"game_id":1010,"team_name":"SAS","player_id":"{\"weathqu01\"}","player_name":"{\"Quinndary Weatherspoon\"}","ts_pct":"0.429","efg_pct":"0.229","three_par":"0.059","ftr":"0.271","orb_pct":"4.012","drb_pct":"1.620","trb_pct":"2.899","ast_pct":"2.084","stl_pct":"4.464","blk_pct":"1.669","tov_pct":"14.118","usg_pct":"14.902","ortg":"72.082","drtg":"105.635","bpm":"-5.086"},{"game_id":1010,"team_name":"SAS","player_id":"{\"bateske01\"}","player_name":"{\"Keita Bates-Diop\"}","ts_pct":"0.450","efg_pct":"0.392","three_par":"0.188","ftr":"0.591","orb_pct":"0.996","drb_pct":"16.882","trb_pct":"8.645","ast_pct":"3.224","stl_pct":"3.094","blk_pct":"4.425","tov_pct":"9.233","usg_pct":"13.896","ortg":"84.471","drtg":"105.294","bpm":"0.678"},{"game_id":1010,"team_name":"SAS","player_id":"{\"derozde01\"}","player_name":"{\"DeMar DeRozan\"}","ts_pct":"0.556","efg_pct":"0.466","three_par":"0.047","ftr":"0.491","orb_pct":"1.486","drb_pct":"11.042","trb_pct":"6.247","ast_pct":"30.920","stl_pct":"1.755","blk_pct":"0.978","tov_pct":"6.434","usg_pct":"26.876","ortg":"118.565","drtg":"117.471","bpm":"2.579"},{"game_id":1010,"team_name":"SAS","player_id":"benchSAS","player_name":"Bench of SAS","ts_pct":"0.516","efg_pct":"0.492","three_par":"0.307","ftr":"0.255","orb_pct":"4.007","drb_pct":"15.114","trb_pct":"9.488","ast_pct":"11.727","stl_pct":"1.366","blk_pct":"1.623","tov_pct":"9.452","usg_pct":"18.747","ortg":"101.597","drtg":"116.355","bpm":"-2.392"}]