[{"game_id":1068,"team_name":"WAS","player_id":"{\"hutchch01\"}","player_name":"{\"Chandler Hutchison\"}","ts_pct":"0.436","efg_pct":"0.395","three_par":"0.185","ftr":"0.290","orb_pct":"2.058","drb_pct":"22.271","trb_pct":"11.568","ast_pct":"4.536","stl_pct":"1.795","blk_pct":"2.345","tov_pct":"8.834","usg_pct":"15.395","ortg":"83.906","drtg":"112.082","bpm":"-4.399"},{"game_id":1068,"team_name":"WAS","player_id":"{\"mathega01\"}","player_name":"{\"Garrison Mathews\"}","ts_pct":"0.524","efg_pct":"0.488","three_par":"0.861","ftr":"0.592","orb_pct":"0.536","drb_pct":"6.385","trb_pct":"3.375","ast_pct":"0.847","stl_pct":"0.560","blk_pct":"0.000","tov_pct":"3.918","usg_pct":"16.394","ortg":"107.965","drtg":"118.835","bpm":"-7.904"},{"game_id":1068,"team_name":"WAS","player_id":"{\"gillan01\"}","player_name":"{\"Anthony Gill\"}","ts_pct":"0.591","efg_pct":"0.558","three_par":"0.292","ftr":"0.397","orb_pct":"5.864","drb_pct":"11.585","trb_pct":"8.893","ast_pct":"5.682","stl_pct":"1.821","blk_pct":"1.169","tov_pct":"5.047","usg_pct":"16.758","ortg":"115.059","drtg":"113.200","bpm":"-1.494"},{"game_id":1068,"team_name":"WAS","player_id":"{\"lenal01\"}","player_name":"{\"Alex Len\"}","ts_pct":"0.528","efg_pct":"0.503","three_par":"0.004","ftr":"0.262","orb_pct":"11.714","drb_pct":"24.300","trb_pct":"17.522","ast_pct":"5.520","stl_pct":"2.089","blk_pct":"5.464","tov_pct":"2.376","usg_pct":"14.046","ortg":"123.129","drtg":"108.576","bpm":"-0.358"},{"game_id":1068,"team_name":"WAS","player_id":"{\"westbru01\"}","player_name":"{\"Russell Westbrook\"}","ts_pct":"0.540","efg_pct":"0.487","three_par":"0.231","ftr":"0.332","orb_pct":"3.765","drb_pct":"31.085","trb_pct":"17.389","ast_pct":"56.094","stl_pct":"2.051","blk_pct":"0.725","tov_pct":"14.356","usg_pct":"27.618","ortg":"119.882","drtg":"109.600","bpm":"9.685"},{"game_id":1068,"team_name":"WAS","player_id":"{\"bealbr01\"}","player_name":"{\"Bradley Beal\"}","ts_pct":"0.597","efg_pct":"0.556","three_par":"0.192","ftr":"0.308","orb_pct":"4.465","drb_pct":"7.165","trb_pct":"5.913","ast_pct":"12.840","stl_pct":"1.089","blk_pct":"0.946","tov_pct":"7.991","usg_pct":"32.620","ortg":"119.753","drtg":"118.976","bpm":"2.267"},{"game_id":1068,"team_name":"WAS","player_id":"benchWAS","player_name":"Bench of WAS","ts_pct":"0.565","efg_pct":"0.535","three_par":"0.251","ftr":"0.265","orb_pct":"5.640","drb_pct":"12.137","trb_pct":"8.822","ast_pct":"6.625","stl_pct":"1.100","blk_pct":"2.121","tov_pct":"7.054","usg_pct":"18.517","ortg":"115.769","drtg":"115.642","bpm":"-1.946"},{"game_id":1068,"team_name":"CHO","player_id":"{\"monkma01\"}","player_name":"{\"Malik Monk\"}","ts_pct":"0.431","efg_pct":"0.404","three_par":"0.619","ftr":"0.116","orb_pct":"0.739","drb_pct":"7.968","trb_pct":"4.200","ast_pct":"18.731","stl_pct":"0.898","blk_pct":"0.000","tov_pct":"8.021","usg_pct":"21.559","ortg":"89.247","drtg":"120.647","bpm":"-6.647"},{"game_id":1068,"team_name":"CHO","player_id":"{\"biyombi01\"}","player_name":"{\"Bismack Biyombo\"}","ts_pct":"0.423","efg_pct":"0.454","three_par":"0.000","ftr":"0.194","orb_pct":"7.888","drb_pct":"12.806","trb_pct":"10.502","ast_pct":"8.241","stl_pct":"0.265","blk_pct":"3.904","tov_pct":"22.658","usg_pct":"10.216","ortg":"85.388","drtg":"117.741","bpm":"-5.653"},{"game_id":1068,"team_name":"CHO","player_id":"{\"bridgmi02\"}","player_name":"{\"Miles Bridges\"}","ts_pct":"0.632","efg_pct":"0.598","three_par":"0.443","ftr":"0.202","orb_pct":"3.444","drb_pct":"17.735","trb_pct":"10.167","ast_pct":"19.596","stl_pct":"1.067","blk_pct":"2.012","tov_pct":"6.154","usg_pct":"22.580","ortg":"127.612","drtg":"116.224","bpm":"4.892"},{"game_id":1068,"team_name":"CHO","player_id":"{\"roziete01\"}","player_name":"{\"Terry Rozier\"}","ts_pct":"0.494","efg_pct":"0.453","three_par":"0.473","ftr":"0.247","orb_pct":"3.394","drb_pct":"11.311","trb_pct":"7.067","ast_pct":"19.938","stl_pct":"1.928","blk_pct":"0.452","tov_pct":"8.386","usg_pct":"24.407","ortg":"105.859","drtg":"117.471","bpm":"-0.840"},{"game_id":1068,"team_name":"CHO","player_id":"{\"ballla01\"}","player_name":"{\"LaMelo Ball\"}","ts_pct":"0.438","efg_pct":"0.396","three_par":"0.304","ftr":"0.334","orb_pct":"3.082","drb_pct":"19.654","trb_pct":"11.072","ast_pct":"34.076","stl_pct":"2.684","blk_pct":"1.367","tov_pct":"14.979","usg_pct":"28.380","ortg":"95.365","drtg":"113.259","bpm":"-2.014"},{"game_id":1068,"team_name":"CHO","player_id":"{\"grahade01\"}","player_name":"{\"Devonte' Graham\"}","ts_pct":"0.571","efg_pct":"0.501","three_par":"0.773","ftr":"0.364","orb_pct":"1.659","drb_pct":"9.220","trb_pct":"5.194","ast_pct":"31.116","stl_pct":"0.269","blk_pct":"0.508","tov_pct":"8.834","usg_pct":"22.845","ortg":"120.847","drtg":"124.635","bpm":"1.756"},{"game_id":1068,"team_name":"CHO","player_id":"benchCHO","player_name":"Bench of CHO","ts_pct":"0.568","efg_pct":"0.549","three_par":"0.289","ftr":"0.304","orb_pct":"8.134","drb_pct":"20.730","trb_pct":"14.068","ast_pct":"8.629","stl_pct":"1.570","blk_pct":"2.008","tov_pct":"10.819","usg_pct":"19.295","ortg":"109.299","drtg":"114.825","bpm":"-2.191"}]