[{"game_id":1074,"team_name":"DET","player_id":"teamDET","player_name":"Team name: DET","fg":"38.229","fga":"82.600","fg_pct":"0.463","three_p":"10.000","three_pa":"30.800","three_p_pct":"0.325","ft":"14.406","fta":"20.583","ft_pct":"0.700","orb":"7.954","drb":"34.343","trb":"42.297","ast":"22.794","stl":"6.406","blk":"5.691","tov":"14.451","pf":"18.737","pts":"100.863"},{"game_id":1074,"team_name":"MIA","player_id":"teamMIA","player_name":"Team name: MIA","fg":"43.109","fga":"85.600","fg_pct":"0.504","three_p":"14.766","three_pa":"36.097","three_p_pct":"0.409","ft":"16.143","fta":"19.577","ft_pct":"0.825","orb":"8.651","drb":"31.451","trb":"40.103","ast":"26.800","stl":"8.303","blk":"3.183","tov":"12.086","pf":"19.183","pts":"117.126"}]