[{"game_id":1258,"team_name":"NYK","player_id":"{\"brazdig01\"}","player_name":"{\"Ignas Brazdeikis\"}","fg":"2.000","fga":"4.000","fg_pct":"0.500","three_p":"0.400","three_pa":"1.200","three_p_pct":"0.333","ft":"0.900","fta":"1.200","ft_pct":"0.750","orb":"0.600","drb":"1.700","trb":"2.300","ast":"1.200","stl":"0.400","blk":"0.250","tov":"0.700","pf":"1.000","pts":"6.000"},{"game_id":1258,"team_name":"NYK","player_id":"{\"dotsoda01\"}","player_name":"{\"Damyean Dotson\"}","fg":"2.294","fga":"6.553","fg_pct":"0.350","three_p":"1.365","three_pa":"3.729","three_p_pct":"0.366","ft":"0.518","fta":"0.671","ft_pct":"0.772","orb":"0.000","drb":"2.671","trb":"2.671","ast":"2.529","stl":"0.129","blk":"0.176","tov":"1.459","pf":"1.294","pts":"6.471"},{"game_id":1258,"team_name":"NYK","player_id":"{\"barrerj01\"}","player_name":"{\"RJ Barrett\"}","fg":"6.587","fga":"15.492","fg_pct":"0.425","three_p":"1.444","three_pa":"3.841","three_p_pct":"0.376","ft":"2.587","fta":"5.587","ft_pct":"0.463","orb":"1.937","drb":"4.683","trb":"6.619","ast":"3.444","stl":"1.317","blk":"0.381","tov":"2.873","pf":"2.952","pts":"17.206"},{"game_id":1258,"team_name":"NYK","player_id":"{\"morrima03\"}","player_name":"{\"Marcus Morris\"}","fg":"4.859","fga":"11.753","fg_pct":"0.413","three_p":"2.247","three_pa":"4.753","three_p_pct":"0.473","ft":"4.224","fta":"5.294","ft_pct":"0.798","orb":"1.224","drb":"5.612","trb":"6.835","ast":"1.224","stl":"1.024","blk":"0.918","tov":"1.694","pf":"3.541","pts":"16.188"},{"game_id":1258,"team_name":"NYK","player_id":"{\"randlju01\"}","player_name":"{\"Julius Randle\"}","fg":"6.812","fga":"14.247","fg_pct":"0.478","three_p":"0.565","three_pa":"2.812","three_p_pct":"0.201","ft":"3.541","fta":"5.459","ft_pct":"0.649","orb":"3.506","drb":"7.365","trb":"10.871","ast":"4.518","stl":"0.753","blk":"0.212","tov":"4.706","pf":"2.882","pts":"17.729"},{"game_id":1258,"team_name":"NYK","player_id":"{\"ellinwa01\"}","player_name":"{\"Wayne Ellington\"}","fg":"2.482","fga":"7.612","fg_pct":"0.326","three_p":"1.906","three_pa":"6.082","three_p_pct":"0.313","ft":"0.165","fta":"0.306","ft_pct":"0.539","orb":"0.212","drb":"2.600","trb":"2.812","ast":"1.259","stl":"0.435","blk":"0.106","tov":"0.776","pf":"0.812","pts":"7.035"},{"game_id":1258,"team_name":"NYK","player_id":"benchNYK","player_name":"Bench of NYK","fg":"3.670","fga":"8.199","fg_pct":"0.448","three_p":"0.927","three_pa":"2.766","three_p_pct":"0.335","ft":"1.625","fta":"2.284","ft_pct":"0.711","orb":"1.543","drb":"3.578","trb":"5.121","ast":"1.429","stl":"0.519","blk":"0.705","tov":"1.203","pf":"2.605","pts":"9.891"},{"game_id":1258,"team_name":"SAC","player_id":"{\"gabriwe01\"}","player_name":"{\"Wenyen Gabriel\"}","fg":"0.783","fga":"2.870","fg_pct":"0.273","three_p":"0.261","three_pa":"1.565","three_p_pct":"0.167","ft":"1.043","fta":"1.261","ft_pct":"0.827","orb":"0.761","drb":"0.522","trb":"1.283","ast":"0.783","stl":"0.239","blk":"0.283","tov":"0.739","pf":"0.500","pts":"2.870"},{"game_id":1258,"team_name":"SAC","player_id":"{\"barneha02\"}","player_name":"{\"Harrison Barnes\"}","fg":"5.518","fga":"11.247","fg_pct":"0.491","three_p":"1.153","three_pa":"3.188","three_p_pct":"0.362","ft":"1.494","fta":"2.106","ft_pct":"0.709","orb":"1.471","drb":"4.047","trb":"5.518","ast":"1.388","stl":"1.259","blk":"0.071","tov":"0.929","pf":"0.988","pts":"13.682"},{"game_id":1258,"team_name":"SAC","player_id":"{\"foxde01\"}","player_name":"{\"De'Aaron Fox\"}","fg":"6.118","fga":"13.729","fg_pct":"0.446","three_p":"1.165","three_pa":"3.435","three_p_pct":"0.339","ft":"4.129","fta":"5.529","ft_pct":"0.747","orb":"0.588","drb":"3.106","trb":"3.694","ast":"6.824","stl":"0.894","blk":"0.365","tov":"3.024","pf":"2.271","pts":"17.529"},{"game_id":1258,"team_name":"SAC","player_id":"{\"hieldbu01\"}","player_name":"{\"Buddy Hield\"}","fg":"6.000","fga":"15.059","fg_pct":"0.398","three_p":"3.024","three_pa":"8.494","three_p_pct":"0.356","ft":"0.506","fta":"0.506","ft_pct":"1.000","orb":"0.859","drb":"2.671","trb":"3.529","ast":"2.212","stl":"0.835","blk":"0.306","tov":"2.788","pf":"2.588","pts":"15.529"},{"game_id":1258,"team_name":"SAC","player_id":"{\"holmeri01\"}","player_name":"{\"Richaun Holmes\"}","fg":"5.000","fga":"7.694","fg_pct":"0.650","three_p":"0.000","three_pa":"0.000","three_p_pct":"NaN","ft":"1.329","fta":"2.024","ft_pct":"0.657","orb":"2.129","drb":"4.176","trb":"6.306","ast":"0.988","stl":"0.824","blk":"1.318","tov":"1.318","pf":"3.918","pts":"11.329"},{"game_id":1258,"team_name":"SAC","player_id":"{\"arizatr01\"}","player_name":"{\"Trevor Ariza\"}","fg":"1.459","fga":"3.741","fg_pct":"0.390","three_p":"1.012","three_pa":"2.694","three_p_pct":"0.376","ft":"0.318","fta":"0.365","ft_pct":"0.871","orb":"0.353","drb":"3.271","trb":"3.624","ast":"1.271","stl":"0.553","blk":"0.094","tov":"0.306","pf":"0.871","pts":"4.247"},{"game_id":1258,"team_name":"SAC","player_id":"benchSAC","player_name":"Bench of SAC","fg":"2.608","fga":"6.052","fg_pct":"0.431","three_p":"0.983","three_pa":"2.869","three_p_pct":"0.343","ft":"0.841","fta":"1.164","ft_pct":"0.723","orb":"0.633","drb":"1.928","trb":"2.561","ast":"1.365","stl":"0.525","blk":"0.320","tov":"0.808","pf":"1.578","pts":"7.040"}]