[{"game_id":1120,"team_name":"DEN","player_id":"{\"portemi01\"}","player_name":"{\"Michael Porter Jr.\"}","ts_pct":"0.606","efg_pct":"0.581","three_par":"0.611","ftr":"0.127","orb_pct":"4.533","drb_pct":"16.939","trb_pct":"10.386","ast_pct":"5.345","stl_pct":"1.409","blk_pct":"0.588","tov_pct":"15.764","usg_pct":"22.075","ortg":"106.918","drtg":"121.271","bpm":"-1.972"},{"game_id":1120,"team_name":"DEN","player_id":"{\"riverau01\"}","player_name":"{\"Austin Rivers\"}","ts_pct":"0.613","efg_pct":"0.600","three_par":"0.647","ftr":"0.199","orb_pct":"0.718","drb_pct":"10.331","trb_pct":"5.155","ast_pct":"9.706","stl_pct":"1.048","blk_pct":"1.009","tov_pct":"9.691","usg_pct":"14.359","ortg":"118.882","drtg":"123.306","bpm":"-2.179"},{"game_id":1120,"team_name":"DEN","player_id":"{\"jokicni01\"}","player_name":"{\"Nikola Jokić\"}","ts_pct":"0.643","efg_pct":"0.590","three_par":"0.193","ftr":"0.328","orb_pct":"11.689","drb_pct":"26.098","trb_pct":"18.642","ast_pct":"28.539","stl_pct":"0.638","blk_pct":"0.464","tov_pct":"9.476","usg_pct":"35.531","ortg":"128.753","drtg":"120.447","bpm":"9.174"},{"game_id":1120,"team_name":"DEN","player_id":"{\"morrimo01\"}","player_name":"{\"Monte Morris\"}","ts_pct":"0.537","efg_pct":"0.505","three_par":"0.236","ftr":"0.209","orb_pct":"1.733","drb_pct":"7.441","trb_pct":"4.551","ast_pct":"27.368","stl_pct":"2.368","blk_pct":"0.884","tov_pct":"8.672","usg_pct":"20.576","ortg":"119.059","drtg":"119.718","bpm":"1.213"},{"game_id":1120,"team_name":"DEN","player_id":"{\"gordoaa01\"}","player_name":"{\"Aaron Gordon\"}","ts_pct":"0.462","efg_pct":"0.435","three_par":"0.251","ftr":"0.263","orb_pct":"7.794","drb_pct":"14.034","trb_pct":"10.762","ast_pct":"7.572","stl_pct":"0.544","blk_pct":"1.245","tov_pct":"4.548","usg_pct":"18.193","ortg":"107.153","drtg":"122.612","bpm":"-4.389"},{"game_id":1120,"team_name":"DEN","player_id":"{\"campafa01\"}","player_name":"{\"Facundo Campazzo\"}","ts_pct":"0.528","efg_pct":"0.448","three_par":"0.627","ftr":"0.338","orb_pct":"2.718","drb_pct":"12.979","trb_pct":"7.452","ast_pct":"27.754","stl_pct":"3.484","blk_pct":"1.525","tov_pct":"13.968","usg_pct":"15.846","ortg":"118.859","drtg":"117.176","bpm":"2.119"},{"game_id":1120,"team_name":"DEN","player_id":"benchDEN","player_name":"Bench of DEN","ts_pct":"0.498","efg_pct":"0.480","three_par":"0.414","ftr":"0.191","orb_pct":"5.456","drb_pct":"16.436","trb_pct":"10.618","ast_pct":"10.018","stl_pct":"1.475","blk_pct":"4.052","tov_pct":"14.526","usg_pct":"17.809","ortg":"103.029","drtg":"117.011","bpm":"-2.533"},{"game_id":1120,"team_name":"POR","player_id":"{\"holliro01\"}","player_name":"{\"Rondae Hollis-Jefferson\"}","ts_pct":"0.460","efg_pct":"0.527","three_par":"0.000","ftr":"0.365","orb_pct":"5.569","drb_pct":"30.144","trb_pct":"21.413","ast_pct":"6.162","stl_pct":"0.409","blk_pct":"1.064","tov_pct":"0.000","usg_pct":"7.779","ortg":"104.141","drtg":"110.165","bpm":"-0.354"},{"game_id":1120,"team_name":"POR","player_id":"{\"lillada01\"}","player_name":"{\"Damian Lillard\"}","ts_pct":"0.642","efg_pct":"0.561","three_par":"0.536","ftr":"0.398","orb_pct":"0.565","drb_pct":"11.756","trb_pct":"6.606","ast_pct":"36.306","stl_pct":"0.833","blk_pct":"0.498","tov_pct":"8.367","usg_pct":"30.319","ortg":"135.059","drtg":"119.706","bpm":"9.136"},{"game_id":1120,"team_name":"POR","player_id":"{\"mccolcj01\"}","player_name":"{\"CJ McCollum\"}","ts_pct":"0.612","efg_pct":"0.597","three_par":"0.400","ftr":"0.139","orb_pct":"2.235","drb_pct":"11.241","trb_pct":"6.838","ast_pct":"19.601","stl_pct":"0.580","blk_pct":"0.406","tov_pct":"8.941","usg_pct":"26.012","ortg":"119.718","drtg":"120.871","bpm":"1.852"},{"game_id":1120,"team_name":"POR","player_id":"{\"powelno01\"}","player_name":"{\"Norman Powell\"}","ts_pct":"0.633","efg_pct":"0.583","three_par":"0.392","ftr":"0.306","orb_pct":"1.033","drb_pct":"8.089","trb_pct":"4.702","ast_pct":"6.300","stl_pct":"1.086","blk_pct":"2.825","tov_pct":"8.089","usg_pct":"19.515","ortg":"122.976","drtg":"119.200","bpm":"1.544"},{"game_id":1120,"team_name":"POR","player_id":"{\"covinro01\"}","player_name":"{\"Robert Covington\"}","ts_pct":"0.535","efg_pct":"0.531","three_par":"0.705","ftr":"0.110","orb_pct":"3.211","drb_pct":"16.476","trb_pct":"10.181","ast_pct":"5.264","stl_pct":"1.735","blk_pct":"2.966","tov_pct":"11.500","usg_pct":"9.202","ortg":"109.047","drtg":"114.071","bpm":"-0.951"},{"game_id":1120,"team_name":"POR","player_id":"{\"anthoca01\"}","player_name":"{\"Carmelo Anthony\"}","ts_pct":"0.556","efg_pct":"0.510","three_par":"0.600","ftr":"0.200","orb_pct":"1.731","drb_pct":"9.135","trb_pct":"5.769","ast_pct":"5.721","stl_pct":"0.680","blk_pct":"0.985","tov_pct":"5.171","usg_pct":"21.201","ortg":"112.000","drtg":"120.353","bpm":"-1.044"},{"game_id":1120,"team_name":"POR","player_id":"benchPOR","player_name":"Bench of POR","ts_pct":"0.578","efg_pct":"0.552","three_par":"0.294","ftr":"0.269","orb_pct":"9.827","drb_pct":"23.490","trb_pct":"17.138","ast_pct":"9.504","stl_pct":"1.139","blk_pct":"3.514","tov_pct":"11.182","usg_pct":"15.031","ortg":"116.573","drtg":"113.912","bpm":"0.227"}]