[{"game_id":1106,"team_name":"ATL","player_id":"teamATL","player_name":"Team name: ATL","fg":"43.183","fga":"88.034","fg_pct":"0.491","three_p":"12.394","three_pa":"33.794","three_p_pct":"0.367","ft":"17.851","fta":"21.749","ft_pct":"0.821","orb":"8.669","drb":"38.074","trb":"46.743","ast":"23.834","stl":"6.983","blk":"6.469","tov":"11.166","pf":"17.931","pts":"116.611"},{"game_id":1106,"team_name":"NYK","player_id":"teamNYK","player_name":"Team name: NYK","fg":"38.320","fga":"87.897","fg_pct":"0.436","three_p":"12.554","three_pa":"31.743","three_p_pct":"0.395","ft":"15.211","fta":"18.869","ft_pct":"0.806","orb":"8.246","drb":"37.789","trb":"46.034","ast":"20.789","stl":"5.726","blk":"5.486","tov":"10.423","pf":"19.720","pts":"104.406"}]