[{"game_id":1017,"team_name":"DET","player_id":"{\"jacksfr01\"}","player_name":"{\"Frank Jackson\"}","ts_pct":"0.600","efg_pct":"0.559","three_par":"0.456","ftr":"0.282","orb_pct":"1.927","drb_pct":"10.489","trb_pct":"6.393","ast_pct":"9.886","stl_pct":"1.773","blk_pct":"0.000","tov_pct":"5.551","usg_pct":"21.806","ortg":"118.953","drtg":"114.153","bpm":"0.553"},{"game_id":1017,"team_name":"DET","player_id":"{\"beysa01\"}","player_name":"{\"Saddiq Bey\"}","ts_pct":"0.598","efg_pct":"0.559","three_par":"0.624","ftr":"0.256","orb_pct":"4.073","drb_pct":"20.215","trb_pct":"12.425","ast_pct":"7.892","stl_pct":"1.051","blk_pct":"1.560","tov_pct":"4.512","usg_pct":"18.635","ortg":"121.082","drtg":"112.506","bpm":"1.606"},{"game_id":1017,"team_name":"DET","player_id":"{\"hayeski01\"}","player_name":"{\"Killian Hayes\"}","ts_pct":"0.371","efg_pct":"0.356","three_par":"0.299","ftr":"0.113","orb_pct":"1.419","drb_pct":"9.118","trb_pct":"5.316","ast_pct":"35.353","stl_pct":"2.622","blk_pct":"1.078","tov_pct":"36.553","usg_pct":"19.276","ortg":"78.741","drtg":"111.071","bpm":"-6.387"},{"game_id":1017,"team_name":"DET","player_id":"{\"stewais01\"}","player_name":"{\"Isaiah Stewart\"}","ts_pct":"0.509","efg_pct":"0.454","three_par":"0.326","ftr":"0.311","orb_pct":"8.845","drb_pct":"21.361","trb_pct":"15.288","ast_pct":"2.427","stl_pct":"1.452","blk_pct":"7.661","tov_pct":"12.191","usg_pct":"18.233","ortg":"101.659","drtg":"106.306","bpm":"-3.555"},{"game_id":1017,"team_name":"DET","player_id":"{\"leesa01\"}","player_name":"{\"Saben Lee\"}","ts_pct":"0.375","efg_pct":"0.377","three_par":"0.106","ftr":"0.104","orb_pct":"2.952","drb_pct":"10.674","trb_pct":"7.053","ast_pct":"34.513","stl_pct":"1.814","blk_pct":"1.334","tov_pct":"22.545","usg_pct":"16.405","ortg":"83.294","drtg":"113.200","bpm":"-5.834"},{"game_id":1017,"team_name":"DET","player_id":"{\"doumbse01\"}","player_name":"{\"Sekou Doumbouya\"}","ts_pct":"0.479","efg_pct":"0.475","three_par":"0.368","ftr":"0.172","orb_pct":"6.033","drb_pct":"12.512","trb_pct":"9.515","ast_pct":"11.378","stl_pct":"1.199","blk_pct":"0.720","tov_pct":"9.551","usg_pct":"19.472","ortg":"99.847","drtg":"114.471","bpm":"-4.215"},{"game_id":1017,"team_name":"DET","player_id":"benchDET","player_name":"Bench of DET","ts_pct":"0.613","efg_pct":"0.590","three_par":"0.266","ftr":"0.155","orb_pct":"2.446","drb_pct":"20.045","trb_pct":"11.281","ast_pct":"4.789","stl_pct":"0.431","blk_pct":"0.265","tov_pct":"14.644","usg_pct":"17.946","ortg":"103.014","drtg":"113.390","bpm":"-4.402"},{"game_id":1017,"team_name":"CHI","player_id":"{\"vucevni01\"}","player_name":"{\"Nikola Vučević\"}","ts_pct":"0.566","efg_pct":"0.549","three_par":"0.320","ftr":"0.092","orb_pct":"8.975","drb_pct":"32.431","trb_pct":"20.958","ast_pct":"23.347","stl_pct":"1.738","blk_pct":"1.785","tov_pct":"11.698","usg_pct":"29.715","ortg":"110.565","drtg":"103.682","bpm":"5.582"},{"game_id":1017,"team_name":"CHI","player_id":"{\"lavinza01\"}","player_name":"{\"Zach LaVine\"}","ts_pct":"0.575","efg_pct":"0.542","three_par":"0.502","ftr":"0.232","orb_pct":"2.356","drb_pct":"14.327","trb_pct":"8.292","ast_pct":"25.085","stl_pct":"0.948","blk_pct":"1.704","tov_pct":"12.439","usg_pct":"31.085","ortg":"110.447","drtg":"113.800","bpm":"3.049"},{"game_id":1017,"team_name":"CHI","player_id":"{\"templga01\"}","player_name":"{\"Garrett Temple\"}","ts_pct":"0.499","efg_pct":"0.485","three_par":"0.512","ftr":"0.115","orb_pct":"1.828","drb_pct":"6.755","trb_pct":"4.285","ast_pct":"10.813","stl_pct":"1.104","blk_pct":"1.452","tov_pct":"12.102","usg_pct":"13.084","ortg":"98.318","drtg":"112.553","bpm":"-4.551"},{"game_id":1017,"team_name":"CHI","player_id":"{\"whiteco01\"}","player_name":"{\"Coby White\"}","ts_pct":"0.599","efg_pct":"0.573","three_par":"0.562","ftr":"0.155","orb_pct":"1.312","drb_pct":"10.539","trb_pct":"5.980","ast_pct":"26.931","stl_pct":"0.851","blk_pct":"1.176","tov_pct":"14.593","usg_pct":"25.127","ortg":"113.494","drtg":"112.435","bpm":"1.780"},{"game_id":1017,"team_name":"CHI","player_id":"{\"youngth01\"}","player_name":"{\"Thaddeus Young\"}","ts_pct":"0.556","efg_pct":"0.512","three_par":"0.042","ftr":"0.307","orb_pct":"10.371","drb_pct":"14.862","trb_pct":"12.306","ast_pct":"32.384","stl_pct":"2.665","blk_pct":"2.415","tov_pct":"17.171","usg_pct":"23.519","ortg":"112.071","drtg":"106.671","bpm":"3.988"},{"game_id":1017,"team_name":"CHI","player_id":"{\"willipa01\"}","player_name":"{\"Patrick Williams\"}","ts_pct":"0.518","efg_pct":"0.508","three_par":"0.216","ftr":"0.382","orb_pct":"2.971","drb_pct":"15.771","trb_pct":"9.318","ast_pct":"10.515","stl_pct":"1.621","blk_pct":"1.059","tov_pct":"14.406","usg_pct":"15.866","ortg":"99.400","drtg":"109.835","bpm":"-2.906"},{"game_id":1017,"team_name":"CHI","player_id":"benchCHI","player_name":"Bench of CHI","ts_pct":"0.572","efg_pct":"0.495","three_par":"0.426","ftr":"0.296","orb_pct":"3.204","drb_pct":"15.105","trb_pct":"9.001","ast_pct":"13.069","stl_pct":"1.154","blk_pct":"1.171","tov_pct":"9.507","usg_pct":"18.224","ortg":"120.821","drtg":"111.434","bpm":"-3.083"}]