[{"game_id":1009,"team_name":"GSW","player_id":"teamGSW","player_name":"Team name: GSW","fg":"40.977","fga":"87.663","fg_pct":"0.467","three_p":"16.589","three_pa":"42.989","three_p_pct":"0.386","ft":"14.589","fta":"18.771","ft_pct":"0.777","orb":"7.629","drb":"37.903","trb":"45.531","ast":"28.537","stl":"8.046","blk":"5.583","tov":"15.229","pf":"19.491","pts":"113.131"},{"game_id":1009,"team_name":"OKC","player_id":"teamOKC","player_name":"Team name: OKC","fg":"38.337","fga":"92.000","fg_pct":"0.417","three_p":"10.383","three_pa":"34.046","three_p_pct":"0.305","ft":"17.177","fta":"23.840","ft_pct":"0.721","orb":"13.331","drb":"34.269","trb":"47.600","ast":"21.817","stl":"7.623","blk":"3.166","tov":"17.126","pf":"18.994","pts":"104.234"}]