[{"game_id":111,"team_name":"NYK","player_id":"{\"quickim01\"}","player_name":"{\"Immanuel Quickley\"}","fg":"2.750","fga":"4.778","fg_pct":"0.576","three_p":"1.056","three_pa":"2.056","three_p_pct":"0.514","ft":"3.750","fta":"3.750","ft_pct":"1.000","orb":"0.000","drb":"1.361","trb":"1.361","ast":"1.333","stl":"0.667","blk":"0.361","tov":"1.361","pf":"1.722","pts":"10.306"},{"game_id":111,"team_name":"NYK","player_id":"{\"paytoel01\"}","player_name":"{\"Elfrid Payton\"}","fg":"5.847","fga":"12.741","fg_pct":"0.459","three_p":"0.635","three_pa":"1.600","three_p_pct":"0.397","ft":"1.094","fta":"2.106","ft_pct":"0.519","orb":"1.365","drb":"3.024","trb":"4.388","ast":"5.259","stl":"0.706","blk":"0.376","tov":"2.812","pf":"1.729","pts":"13.424"},{"game_id":111,"team_name":"NYK","player_id":"{\"robinmi01\"}","player_name":"{\"Mitchell Robinson\"}","fg":"4.412","fga":"6.682","fg_pct":"0.660","three_p":"0.000","three_pa":"0.000","three_p_pct":"NaN","ft":"0.847","fta":"1.494","ft_pct":"0.567","orb":"3.412","drb":"4.106","trb":"7.518","ast":"0.247","stl":"1.412","blk":"1.647","tov":"0.506","pf":"3.047","pts":"9.671"},{"game_id":111,"team_name":"NYK","player_id":"{\"randlju01\"}","player_name":"{\"Julius Randle\"}","fg":"8.094","fga":"15.906","fg_pct":"0.509","three_p":"1.518","three_pa":"3.812","three_p_pct":"0.398","ft":"4.765","fta":"6.047","ft_pct":"0.788","orb":"1.800","drb":"9.576","trb":"11.376","ast":"6.588","stl":"0.918","blk":"0.306","tov":"4.624","pf":"3.776","pts":"22.471"},{"game_id":111,"team_name":"NYK","player_id":"{\"barrerj01\"}","player_name":"{\"RJ Barrett\"}","fg":"6.647","fga":"16.318","fg_pct":"0.407","three_p":"1.212","three_pa":"4.929","three_p_pct":"0.246","ft":"4.188","fta":"5.400","ft_pct":"0.776","orb":"0.941","drb":"6.224","trb":"7.165","ast":"3.459","stl":"1.200","blk":"0.071","tov":"1.741","pf":"1.788","pts":"18.694"},{"game_id":111,"team_name":"NYK","player_id":"{\"riverau01\"}","player_name":"{\"Austin Rivers\"}","fg":"2.671","fga":"5.659","fg_pct":"0.472","three_p":"1.329","three_pa":"3.482","three_p_pct":"0.382","ft":"0.824","fta":"1.129","ft_pct":"0.730","orb":"0.000","drb":"1.812","trb":"1.812","ast":"1.918","stl":"0.612","blk":"0.000","tov":"1.188","pf":"2.024","pts":"7.494"},{"game_id":111,"team_name":"NYK","player_id":"benchNYK","player_name":"Bench of NYK","fg":"2.587","fga":"6.844","fg_pct":"0.378","three_p":"1.326","three_pa":"4.040","three_p_pct":"0.328","ft":"0.625","fta":"1.000","ft_pct":"0.625","orb":"0.344","drb":"2.952","trb":"3.295","ast":"1.494","stl":"0.465","blk":"0.466","tov":"1.131","pf":"2.521","pts":"7.126"},{"game_id":111,"team_name":"UTA","player_id":"{\"mitchdo01\"}","player_name":"{\"Donovan Mitchell\"}","fg":"8.376","fga":"20.306","fg_pct":"0.412","three_p":"3.494","three_pa":"9.165","three_p_pct":"0.381","ft":"3.541","fta":"4.424","ft_pct":"0.800","orb":"0.812","drb":"3.318","trb":"4.129","ast":"4.894","stl":"0.812","blk":"0.259","tov":"3.847","pf":"1.882","pts":"23.788"},{"game_id":111,"team_name":"UTA","player_id":"{\"goberru01\"}","player_name":"{\"Rudy Gobert\"}","fg":"5.094","fga":"9.294","fg_pct":"0.548","three_p":"0.000","three_pa":"0.000","three_p_pct":"NaN","ft":"3.118","fta":"5.247","ft_pct":"0.594","orb":"3.282","drb":"9.918","trb":"13.200","ast":"1.659","stl":"0.494","blk":"2.165","tov":"1.541","pf":"2.306","pts":"13.306"},{"game_id":111,"team_name":"UTA","player_id":"{\"onealro01\"}","player_name":"{\"Royce O'Neale\"}","fg":"2.541","fga":"5.294","fg_pct":"0.480","three_p":"1.753","three_pa":"3.835","three_p_pct":"0.457","ft":"0.506","fta":"1.012","ft_pct":"0.500","orb":"1.176","drb":"5.800","trb":"6.976","ast":"1.506","stl":"0.565","blk":"0.306","tov":"1.294","pf":"2.682","pts":"7.341"},{"game_id":111,"team_name":"UTA","player_id":"{\"conlemi01\"}","player_name":"{\"Mike Conley\"}","fg":"6.012","fga":"13.494","fg_pct":"0.446","three_p":"3.235","three_pa":"7.294","three_p_pct":"0.444","ft":"2.318","fta":"3.071","ft_pct":"0.755","orb":"0.929","drb":"3.012","trb":"3.941","ast":"5.282","stl":"1.176","blk":"0.153","tov":"2.400","pf":"2.082","pts":"17.576"},{"game_id":111,"team_name":"UTA","player_id":"{\"bogdabo02\"}","player_name":"{\"Bojan Bogdanović\"}","fg":"4.588","fga":"11.553","fg_pct":"0.397","three_p":"2.094","three_pa":"5.635","three_p_pct":"0.372","ft":"1.553","fta":"1.812","ft_pct":"0.857","orb":"0.553","drb":"2.424","trb":"2.976","ast":"1.494","stl":"0.353","blk":"0.094","tov":"1.400","pf":"1.553","pts":"12.824"},{"game_id":111,"team_name":"UTA","player_id":"{\"inglejo01\"}","player_name":"{\"Joe Ingles\"}","fg":"3.306","fga":"7.235","fg_pct":"0.457","three_p":"1.388","three_pa":"4.341","three_p_pct":"0.320","ft":"0.835","fta":"0.976","ft_pct":"0.856","orb":"0.694","drb":"3.635","trb":"4.329","ast":"3.447","stl":"0.400","blk":"0.141","tov":"1.235","pf":"2.235","pts":"8.835"},{"game_id":111,"team_name":"UTA","player_id":"benchUTA","player_name":"Bench of UTA","fg":"3.270","fga":"6.643","fg_pct":"0.492","three_p":"0.833","three_pa":"2.414","three_p_pct":"0.345","ft":"0.840","fta":"1.098","ft_pct":"0.765","orb":"1.110","drb":"2.843","trb":"3.953","ast":"1.053","stl":"0.556","blk":"0.346","tov":"1.018","pf":"1.392","pts":"8.212"}]