[{"game_id":108,"team_name":"PHI","player_id":"{\"harrito02\"}","player_name":"{\"Tobias Harris\"}","fg":"7.600","fga":"14.788","fg_pct":"0.514","three_p":"2.247","three_pa":"5.035","three_p_pct":"0.446","ft":"1.976","fta":"2.271","ft_pct":"0.870","orb":"1.906","drb":"6.376","trb":"8.282","ast":"3.082","stl":"1.176","blk":"1.118","tov":"1.953","pf":"2.035","pts":"19.424"},{"game_id":108,"team_name":"PHI","player_id":"{\"embiijo01\"}","player_name":"{\"Joel Embiid\"}","fg":"7.506","fga":"15.059","fg_pct":"0.498","three_p":"0.965","three_pa":"3.294","three_p_pct":"0.293","ft":"8.376","fta":"10.518","ft_pct":"0.796","orb":"2.341","drb":"9.824","trb":"12.165","ast":"2.600","stl":"1.200","blk":"1.635","tov":"2.800","pf":"2.588","pts":"24.353"},{"game_id":108,"team_name":"PHI","player_id":"{\"curryse01\"}","player_name":"{\"Seth Curry\"}","fg":"4.953","fga":"8.894","fg_pct":"0.557","three_p":"2.376","three_pa":"4.459","three_p_pct":"0.533","ft":"2.035","fta":"2.035","ft_pct":"1.000","orb":"0.224","drb":"1.553","trb":"1.776","ast":"3.165","stl":"0.835","blk":"0.412","tov":"1.671","pf":"1.741","pts":"14.318"},{"game_id":108,"team_name":"PHI","player_id":"{\"simmobe01\"}","player_name":"{\"Ben Simmons\"}","fg":"4.835","fga":"9.859","fg_pct":"0.490","three_p":"0.129","three_pa":"0.200","three_p_pct":"0.645","ft":"2.859","fta":"4.741","ft_pct":"0.603","orb":"0.988","drb":"8.435","trb":"9.424","ast":"6.659","stl":"1.235","blk":"1.118","tov":"3.176","pf":"2.941","pts":"12.659"},{"game_id":108,"team_name":"PHI","player_id":"{\"greenda02\"}","player_name":"{\"Danny Green\"}","fg":"2.835","fga":"6.682","fg_pct":"0.424","three_p":"1.741","three_pa":"5.129","three_p_pct":"0.339","ft":"0.494","fta":"0.635","ft_pct":"0.778","orb":"0.953","drb":"1.776","trb":"2.729","ast":"1.753","stl":"1.024","blk":"0.600","tov":"1.047","pf":"1.906","pts":"7.906"},{"game_id":108,"team_name":"PHI","player_id":"{\"miltosh01\"}","player_name":"{\"Shake Milton\"}","fg":"4.482","fga":"11.141","fg_pct":"0.402","three_p":"1.506","three_pa":"5.294","three_p_pct":"0.284","ft":"2.024","fta":"2.482","ft_pct":"0.815","orb":"0.353","drb":"2.212","trb":"2.565","ast":"2.965","stl":"1.035","blk":"0.259","tov":"0.824","pf":"2.482","pts":"12.494"},{"game_id":108,"team_name":"PHI","player_id":"benchPHI","player_name":"Bench of PHI","fg":"1.597","fga":"3.725","fg_pct":"0.429","three_p":"0.344","three_pa":"1.316","three_p_pct":"0.261","ft":"0.314","fta":"0.509","ft_pct":"0.617","orb":"0.572","drb":"1.575","trb":"2.147","ast":"0.829","stl":"0.455","blk":"0.236","tov":"0.842","pf":"1.412","pts":"3.851"},{"game_id":108,"team_name":"WAS","player_id":"{\"robinje01\"}","player_name":"{\"Jerome Robinson\"}","fg":"2.835","fga":"7.459","fg_pct":"0.380","three_p":"1.294","three_pa":"3.671","three_p_pct":"0.352","ft":"1.506","fta":"1.976","ft_pct":"0.762","orb":"0.153","drb":"1.988","trb":"2.141","ast":"2.376","stl":"0.624","blk":"0.188","tov":"1.341","pf":"3.000","pts":"8.471"},{"game_id":108,"team_name":"WAS","player_id":"{\"westbru01\"}","player_name":"{\"Russell Westbrook\"}","fg":"7.682","fga":"19.376","fg_pct":"0.396","three_p":"1.200","three_pa":"4.847","three_p_pct":"0.248","ft":"3.753","fta":"5.847","ft_pct":"0.642","orb":"1.365","drb":"8.059","trb":"9.424","ast":"9.259","stl":"1.553","blk":"0.153","tov":"4.400","pf":"2.906","pts":"20.318"},{"game_id":108,"team_name":"WAS","player_id":"{\"bealbr01\"}","player_name":"{\"Bradley Beal\"}","fg":"10.306","fga":"22.765","fg_pct":"0.453","three_p":"2.188","three_pa":"6.318","three_p_pct":"0.346","ft":"7.788","fta":"8.965","ft_pct":"0.869","orb":"1.165","drb":"3.659","trb":"4.824","ast":"4.988","stl":"1.482","blk":"0.894","tov":"3.329","pf":"2.129","pts":"30.588"},{"game_id":108,"team_name":"WAS","player_id":"{\"bryanth01\"}","player_name":"{\"Thomas Bryant\"}","fg":"7.353","fga":"10.965","fg_pct":"0.671","three_p":"1.388","three_pa":"2.694","three_p_pct":"0.515","ft":"2.141","fta":"3.118","ft_pct":"0.687","orb":"2.188","drb":"5.000","trb":"7.188","ast":"1.647","stl":"0.671","blk":"1.106","tov":"1.506","pf":"3.106","pts":"18.235"},{"game_id":108,"team_name":"WAS","player_id":"{\"bertada01\"}","player_name":"{\"Dāvis Bertāns\"}","fg":"3.341","fga":"9.294","fg_pct":"0.359","three_p":"2.835","three_pa":"8.153","three_p_pct":"0.348","ft":"2.647","fta":"3.106","ft_pct":"0.852","orb":"0.553","drb":"2.459","trb":"3.012","ast":"1.176","stl":"0.341","blk":"0.188","tov":"0.471","pf":"2.482","pts":"12.165"},{"game_id":108,"team_name":"WAS","player_id":"{\"hachiru01\"}","player_name":"{\"Rui Hachimura\"}","fg":"5.000","fga":"11.447","fg_pct":"0.437","three_p":"0.788","three_pa":"2.224","three_p_pct":"0.354","ft":"3.753","fta":"4.847","ft_pct":"0.774","orb":"1.812","drb":"3.471","trb":"5.282","ast":"2.412","stl":"0.471","blk":"0.059","tov":"1.412","pf":"2.482","pts":"14.541"},{"game_id":108,"team_name":"WAS","player_id":"benchWAS","player_name":"Bench of WAS","fg":"2.193","fga":"4.433","fg_pct":"0.495","three_p":"0.809","three_pa":"1.599","three_p_pct":"0.506","ft":"0.462","fta":"0.754","ft_pct":"0.613","orb":"0.444","drb":"2.132","trb":"2.576","ast":"1.795","stl":"0.647","blk":"0.294","tov":"0.663","pf":"1.376","pts":"5.658"}]