[{"game_id":1169,"team_name":"MIL","player_id":"teamMIL","player_name":"Team name: MIL","fg":"43.069","fga":"90.714","fg_pct":"0.475","three_p":"11.977","three_pa":"33.914","three_p_pct":"0.353","ft":"15.246","fta":"21.554","ft_pct":"0.707","orb":"13.651","drb":"31.903","trb":"45.554","ast":"24.383","stl":"8.663","blk":"3.503","tov":"10.697","pf":"18.309","pts":"113.360"},{"game_id":1169,"team_name":"PHO","player_id":"teamPHO","player_name":"Team name: PHO","fg":"41.417","fga":"85.863","fg_pct":"0.482","three_p":"10.869","three_pa":"28.126","three_p_pct":"0.386","ft":"14.234","fta":"16.760","ft_pct":"0.849","orb":"8.571","drb":"33.543","trb":"42.114","ast":"21.834","stl":"5.669","blk":"4.000","tov":"11.697","pf":"20.737","pts":"107.937"}]