[{"game_id":1151,"team_name":"LAC","player_id":"{\"kennalu01\"}","player_name":"{\"Luke Kennard\"}","ts_pct":"0.730","efg_pct":"0.729","three_par":"0.795","ftr":"0.005","orb_pct":"1.381","drb_pct":"6.391","trb_pct":"3.984","ast_pct":"4.520","stl_pct":"0.700","blk_pct":"0.000","tov_pct":"1.774","usg_pct":"15.008","ortg":"147.365","drtg":"120.718","bpm":"0.965"},{"game_id":1151,"team_name":"LAC","player_id":"{\"rondora01\"}","player_name":"{\"Rajon Rondo\"}","ts_pct":"0.341","efg_pct":"0.314","three_par":"0.599","ftr":"0.192","orb_pct":"3.307","drb_pct":"15.544","trb_pct":"9.604","ast_pct":"27.492","stl_pct":"0.647","blk_pct":"1.136","tov_pct":"22.288","usg_pct":"14.945","ortg":"92.047","drtg":"119.635","bpm":"-6.960"},{"game_id":1151,"team_name":"LAC","player_id":"{\"zubaciv01\"}","player_name":"{\"Ivica Zubac\"}","ts_pct":"0.629","efg_pct":"0.464","three_par":"0.000","ftr":"0.876","orb_pct":"17.875","drb_pct":"21.412","trb_pct":"19.474","ast_pct":"8.188","stl_pct":"0.000","blk_pct":"5.522","tov_pct":"27.565","usg_pct":"16.776","ortg":"123.212","drtg":"115.094","bpm":"-3.102"},{"game_id":1151,"team_name":"LAC","player_id":"{\"georgpa01\"}","player_name":"{\"Paul George\"}","ts_pct":"0.605","efg_pct":"0.521","three_par":"0.435","ftr":"0.460","orb_pct":"3.984","drb_pct":"23.672","trb_pct":"13.991","ast_pct":"20.174","stl_pct":"0.968","blk_pct":"2.362","tov_pct":"14.545","usg_pct":"30.418","ortg":"117.024","drtg":"115.353","bpm":"2.987"},{"game_id":1151,"team_name":"LAC","player_id":"{\"batumni01\"}","player_name":"{\"Nicolas Batum\"}","ts_pct":"0.649","efg_pct":"0.617","three_par":"0.721","ftr":"0.266","orb_pct":"3.335","drb_pct":"17.235","trb_pct":"10.399","ast_pct":"10.156","stl_pct":"3.244","blk_pct":"1.622","tov_pct":"5.372","usg_pct":"10.820","ortg":"138.929","drtg":"111.494","bpm":"5.455"},{"game_id":1151,"team_name":"LAC","player_id":"{\"jacksre01\"}","player_name":"{\"Reggie Jackson\"}","ts_pct":"0.700","efg_pct":"0.676","three_par":"0.632","ftr":"0.141","orb_pct":"0.498","drb_pct":"7.504","trb_pct":"4.085","ast_pct":"15.388","stl_pct":"0.938","blk_pct":"0.000","tov_pct":"7.024","usg_pct":"19.832","ortg":"138.976","drtg":"120.765","bpm":"3.331"},{"game_id":1151,"team_name":"LAC","player_id":"benchLAC","player_name":"Bench of LAC","ts_pct":"0.412","efg_pct":"0.386","three_par":"0.246","ftr":"0.215","orb_pct":"3.417","drb_pct":"14.070","trb_pct":"9.879","ast_pct":"6.784","stl_pct":"0.880","blk_pct":"2.250","tov_pct":"4.473","usg_pct":"13.144","ortg":"88.052","drtg":"112.397","bpm":"-1.519"},{"game_id":1151,"team_name":"UTA","player_id":"{\"favorde01\"}","player_name":"{\"Derrick Favors\"}","ts_pct":"0.578","efg_pct":"0.578","three_par":"0.000","ftr":"0.322","orb_pct":"13.802","drb_pct":"14.785","trb_pct":"14.473","ast_pct":"2.346","stl_pct":"1.594","blk_pct":"5.238","tov_pct":"33.288","usg_pct":"9.353","ortg":"104.682","drtg":"119.035","bpm":"-4.553"},{"game_id":1151,"team_name":"UTA","player_id":"{\"niangge01\"}","player_name":"{\"Georges Niang\"}","ts_pct":"0.326","efg_pct":"0.317","three_par":"0.787","ftr":"0.033","orb_pct":"1.111","drb_pct":"14.161","trb_pct":"7.699","ast_pct":"9.329","stl_pct":"0.000","blk_pct":"0.555","tov_pct":"21.426","usg_pct":"16.729","ortg":"71.482","drtg":"126.871","bpm":"-11.286"},{"game_id":1151,"team_name":"UTA","player_id":"{\"goberru01\"}","player_name":"{\"Rudy Gobert\"}","ts_pct":"0.750","efg_pct":"0.734","three_par":"0.019","ftr":"0.943","orb_pct":"12.558","drb_pct":"28.715","trb_pct":"21.155","ast_pct":"2.415","stl_pct":"0.733","blk_pct":"5.140","tov_pct":"11.182","usg_pct":"14.926","ortg":"146.988","drtg":"118.247","bpm":"2.656"},{"game_id":1151,"team_name":"UTA","player_id":"{\"onealro01\"}","player_name":"{\"Royce O'Neale\"}","ts_pct":"0.659","efg_pct":"0.626","three_par":"0.741","ftr":"0.244","orb_pct":"3.562","drb_pct":"18.615","trb_pct":"11.213","ast_pct":"8.552","stl_pct":"1.691","blk_pct":"0.998","tov_pct":"9.366","usg_pct":"10.908","ortg":"133.459","drtg":"121.459","bpm":"2.427"},{"game_id":1151,"team_name":"UTA","player_id":"{\"mitchdo01\"}","player_name":"{\"Donovan Mitchell\"}","ts_pct":"0.601","efg_pct":"0.546","three_par":"0.501","ftr":"0.321","orb_pct":"0.954","drb_pct":"12.478","trb_pct":"6.869","ast_pct":"29.146","stl_pct":"1.573","blk_pct":"0.675","tov_pct":"10.515","usg_pct":"38.847","ortg":"117.847","drtg":"123.094","bpm":"6.659"},{"game_id":1151,"team_name":"UTA","player_id":"{\"bogdabo02\"}","player_name":"{\"Bojan Bogdanović\"}","ts_pct":"0.637","efg_pct":"0.589","three_par":"0.536","ftr":"0.334","orb_pct":"0.753","drb_pct":"12.360","trb_pct":"6.755","ast_pct":"7.525","stl_pct":"1.292","blk_pct":"0.000","tov_pct":"11.885","usg_pct":"20.564","ortg":"118.235","drtg":"124.600","bpm":"0.836"},{"game_id":1151,"team_name":"UTA","player_id":"benchUTA","player_name":"Bench of UTA","ts_pct":"0.571","efg_pct":"0.541","three_par":"0.513","ftr":"0.187","orb_pct":"2.673","drb_pct":"11.140","trb_pct":"7.052","ast_pct":"20.650","stl_pct":"1.349","blk_pct":"0.490","tov_pct":"11.460","usg_pct":"22.188","ortg":"118.285","drtg":"119.790","bpm":"1.033"}]