[{"game_id":1009,"team_name":"GSW","player_id":"{\"smailal01\"}","player_name":"{\"Alen Smailagić\"}","fg":"0.376","fga":"1.012","fg_pct":"0.372","three_p":"0.059","three_pa":"0.059","three_p_pct":"1.000","ft":"0.059","fta":"0.118","ft_pct":"0.500","orb":"0.329","drb":"0.812","trb":"1.141","ast":"0.306","stl":"0.224","blk":"0.318","tov":"0.282","pf":"0.200","pts":"0.871"},{"game_id":1009,"team_name":"GSW","player_id":"{\"poolejo01\"}","player_name":"{\"Jordan Poole\"}","fg":"3.529","fga":"10.141","fg_pct":"0.348","three_p":"1.694","three_pa":"6.047","three_p_pct":"0.280","ft":"2.518","fta":"3.247","ft_pct":"0.775","orb":"0.529","drb":"2.129","trb":"2.659","ast":"2.259","stl":"0.576","blk":"0.318","tov":"0.847","pf":"1.718","pts":"11.271"},{"game_id":1009,"team_name":"GSW","player_id":"{\"toscaju01\"}","player_name":"{\"Juan Toscano-Anderson\"}","fg":"3.106","fga":"5.094","fg_pct":"0.610","three_p":"0.871","three_pa":"2.424","three_p_pct":"0.359","ft":"0.388","fta":"0.753","ft_pct":"0.515","orb":"0.729","drb":"5.224","trb":"5.953","ast":"4.329","stl":"1.000","blk":"0.906","tov":"1.835","pf":"2.624","pts":"7.471"},{"game_id":1009,"team_name":"GSW","player_id":"{\"greendr01\"}","player_name":"{\"Draymond Green\"}","fg":"2.894","fga":"5.012","fg_pct":"0.577","three_p":"0.247","three_pa":"1.200","three_p_pct":"0.206","ft":"0.882","fta":"1.294","ft_pct":"0.682","orb":"0.718","drb":"9.412","trb":"10.129","ast":"9.506","stl":"1.518","blk":"1.282","tov":"3.788","pf":"3.071","pts":"6.918"},{"game_id":1009,"team_name":"GSW","player_id":"{\"curryst01\"}","player_name":"{\"Stephen Curry\"}","fg":"11.153","fga":"24.000","fg_pct":"0.465","three_p":"6.459","three_pa":"15.200","three_p_pct":"0.425","ft":"5.624","fta":"6.435","ft_pct":"0.874","orb":"0.388","drb":"5.024","trb":"5.412","ast":"5.259","stl":"1.365","blk":"0.082","tov":"3.941","pf":"2.259","pts":"34.388"},{"game_id":1009,"team_name":"GSW","player_id":"{\"bazemke01\"}","player_name":"{\"Kent Bazemore\"}","fg":"3.553","fga":"8.553","fg_pct":"0.415","three_p":"1.894","three_pa":"4.412","three_p_pct":"0.429","ft":"0.706","fta":"1.200","ft_pct":"0.588","orb":"0.294","drb":"5.941","trb":"6.235","ast":"1.812","stl":"1.671","blk":"0.812","tov":"1.588","pf":"2.729","pts":"9.706"},{"game_id":1009,"team_name":"GSW","player_id":"benchGSW","player_name":"Bench of GSW","fg":"4.164","fga":"8.535","fg_pct":"0.488","three_p":"1.431","three_pa":"3.534","three_p_pct":"0.405","ft":"0.896","fta":"1.134","ft_pct":"0.790","orb":"1.137","drb":"2.530","trb":"3.667","ast":"1.672","stl":"0.497","blk":"0.557","tov":"0.853","pf":"1.907","pts":"10.655"},{"game_id":1009,"team_name":"OKC","player_id":"{\"brownch02\"}","player_name":"{\"Charlie Brown Jr.\"}","fg":"1.000","fga":"3.882","fg_pct":"0.258","three_p":"0.506","three_pa":"2.129","three_p_pct":"0.238","ft":"0.282","fta":"0.282","ft_pct":"1.000","orb":"0.141","drb":"1.024","trb":"1.165","ast":"0.541","stl":"0.541","blk":"0.176","tov":"0.812","pf":"1.059","pts":"2.788"},{"game_id":1009,"team_name":"OKC","player_id":"{\"bazleda01\"}","player_name":"{\"Darius Bazley\"}","fg":"6.729","fga":"16.247","fg_pct":"0.414","three_p":"1.918","three_pa":"5.894","three_p_pct":"0.325","ft":"3.894","fta":"5.965","ft_pct":"0.653","orb":"2.047","drb":"5.035","trb":"7.082","ast":"2.471","stl":"0.565","blk":"0.094","tov":"2.871","pf":"1.694","pts":"19.271"},{"game_id":1009,"team_name":"OKC","player_id":"{\"halljo01\"}","player_name":"{\"Josh Hall\"}","fg":"1.494","fga":"4.812","fg_pct":"0.310","three_p":"0.188","three_pa":"1.671","three_p_pct":"0.113","ft":"1.224","fta":"1.988","ft_pct":"0.616","orb":"0.541","drb":"2.812","trb":"3.353","ast":"1.200","stl":"0.424","blk":"0.129","tov":"1.282","pf":"1.306","pts":"4.400"},{"game_id":1009,"team_name":"OKC","player_id":"{\"mykhasv01\"}","player_name":"{\"Svi Mykhailiuk\"}","fg":"3.388","fga":"8.753","fg_pct":"0.387","three_p":"1.576","three_pa":"4.953","three_p_pct":"0.318","ft":"0.365","fta":"0.365","ft_pct":"1.000","orb":"0.224","drb":"2.176","trb":"2.400","ast":"1.659","stl":"0.212","blk":"0.141","tov":"1.682","pf":"1.400","pts":"8.718"},{"game_id":1009,"team_name":"OKC","player_id":"{\"hoardja01\"}","player_name":"{\"Jaylen Hoard\"}","fg":"1.353","fga":"2.871","fg_pct":"0.471","three_p":"0.000","three_pa":"0.176","three_p_pct":"0.000","ft":"0.553","fta":"1.435","ft_pct":"0.385","orb":"1.071","drb":"2.247","trb":"3.318","ast":"0.824","stl":"0.529","blk":"0.224","tov":"0.624","pf":"1.059","pts":"3.259"},{"game_id":1009,"team_name":"OKC","player_id":"{\"dortlu01\"}","player_name":"{\"Luguentz Dort\"}","fg":"5.588","fga":"16.047","fg_pct":"0.348","three_p":"2.706","three_pa":"7.718","three_p_pct":"0.351","ft":"3.529","fta":"4.847","ft_pct":"0.728","orb":"0.918","drb":"3.012","trb":"3.929","ast":"2.494","stl":"0.729","blk":"0.318","tov":"1.871","pf":"3.247","pts":"17.412"},{"game_id":1009,"team_name":"OKC","player_id":"benchOKC","player_name":"Bench of OKC","fg":"3.455","fga":"7.962","fg_pct":"0.434","three_p":"0.690","three_pa":"2.549","three_p_pct":"0.271","ft":"1.858","fta":"2.371","ft_pct":"0.784","orb":"1.607","drb":"3.468","trb":"5.074","ast":"2.461","stl":"1.041","blk":"0.339","tov":"1.659","pf":"2.025","pts":"9.458"}]