[{"game_id":1060,"team_name":"IND","player_id":"{\"stanlca01\"}","player_name":"{\"Cassius Stanley\"}","fg":"0.929","fga":"2.824","fg_pct":"0.329","three_p":"0.259","three_pa":"0.941","three_p_pct":"0.275","ft":"0.318","fta":"0.447","ft_pct":"0.711","orb":"0.318","drb":"0.729","trb":"1.047","ast":"0.094","stl":"0.129","blk":"0.000","tov":"0.000","pf":"0.435","pts":"2.435"},{"game_id":1060,"team_name":"IND","player_id":"{\"leverca01\"}","player_name":"{\"Caris LeVert\"}","fg":"9.353","fga":"20.929","fg_pct":"0.447","three_p":"2.341","three_pa":"5.588","three_p_pct":"0.419","ft":"4.600","fta":"5.294","ft_pct":"0.869","orb":"0.388","drb":"4.929","trb":"5.318","ast":"6.659","stl":"1.176","blk":"0.965","tov":"2.812","pf":"2.882","pts":"25.647"},{"game_id":1060,"team_name":"IND","player_id":"{\"holidju01\"}","player_name":"{\"Justin Holiday\"}","fg":"4.106","fga":"7.859","fg_pct":"0.522","three_p":"2.953","three_pa":"5.776","three_p_pct":"0.511","ft":"1.129","fta":"1.353","ft_pct":"0.834","orb":"0.271","drb":"3.071","trb":"3.341","ast":"2.082","stl":"0.118","blk":"1.494","tov":"0.365","pf":"1.471","pts":"12.294"},{"game_id":1060,"team_name":"IND","player_id":"{\"mccontj01\"}","player_name":"{\"T.J. McConnell\"}","fg":"5.553","fga":"9.741","fg_pct":"0.570","three_p":"0.282","three_pa":"0.988","three_p_pct":"0.285","ft":"1.000","fta":"1.247","ft_pct":"0.802","orb":"1.165","drb":"3.141","trb":"4.306","ast":"5.176","stl":"2.165","blk":"0.141","tov":"2.506","pf":"1.871","pts":"12.388"},{"game_id":1060,"team_name":"IND","player_id":"{\"bitadgo01\"}","player_name":"{\"Goga Bitadze\"}","fg":"1.376","fga":"4.776","fg_pct":"0.288","three_p":"0.729","three_pa":"2.847","three_p_pct":"0.256","ft":"1.847","fta":"2.235","ft_pct":"0.826","orb":"1.271","drb":"2.635","trb":"3.906","ast":"1.459","stl":"0.188","blk":"1.706","tov":"0.200","pf":"2.824","pts":"5.329"},{"game_id":1060,"team_name":"IND","player_id":"{\"brissos01\"}","player_name":"{\"Oshae Brissett\"}","fg":"3.400","fga":"7.729","fg_pct":"0.440","three_p":"1.671","three_pa":"3.988","three_p_pct":"0.419","ft":"2.600","fta":"3.059","ft_pct":"0.850","orb":"1.353","drb":"3.918","trb":"5.271","ast":"0.753","stl":"1.447","blk":"1.094","tov":"0.718","pf":"1.824","pts":"11.071"},{"game_id":1060,"team_name":"IND","player_id":"benchIND","player_name":"Bench of IND","fg":"4.470","fga":"8.580","fg_pct":"0.521","three_p":"1.214","three_pa":"2.941","three_p_pct":"0.413","ft":"0.620","fta":"0.883","ft_pct":"0.702","orb":"1.012","drb":"2.602","trb":"3.615","ast":"0.717","stl":"0.150","blk":"0.494","tov":"0.803","pf":"2.438","pts":"10.774"},{"game_id":1060,"team_name":"LAL","player_id":"{\"davisan02\"}","player_name":"{\"Anthony Davis\"}","fg":"8.424","fga":"19.635","fg_pct":"0.429","three_p":"0.788","three_pa":"3.059","three_p_pct":"0.258","ft":"5.765","fta":"7.294","ft_pct":"0.790","orb":"1.318","drb":"6.424","trb":"7.741","ast":"3.435","stl":"1.071","blk":"1.635","tov":"2.624","pf":"1.612","pts":"23.400"},{"game_id":1060,"team_name":"LAL","player_id":"{\"caldwke01\"}","player_name":"{\"Kentavious Caldwell-Pope\"}","fg":"3.035","fga":"7.424","fg_pct":"0.409","three_p":"1.576","three_pa":"4.424","three_p_pct":"0.356","ft":"2.741","fta":"3.047","ft_pct":"0.900","orb":"0.553","drb":"2.965","trb":"3.518","ast":"3.176","stl":"1.306","blk":"0.871","tov":"1.259","pf":"1.871","pts":"10.388"},{"game_id":1060,"team_name":"LAL","player_id":"{\"drumman01\"}","player_name":"{\"Andre Drummond\"}","fg":"5.129","fga":"8.929","fg_pct":"0.574","three_p":"0.000","three_pa":"0.000","three_p_pct":"NaN","ft":"2.012","fta":"3.682","ft_pct":"0.546","orb":"3.341","drb":"6.282","trb":"9.624","ast":"1.518","stl":"0.482","blk":"0.835","tov":"1.706","pf":"3.918","pts":"12.271"},{"game_id":1060,"team_name":"LAL","player_id":"{\"jamesle01\"}","player_name":"{\"LeBron James\"}","fg":"7.871","fga":"14.024","fg_pct":"0.561","three_p":"2.224","three_pa":"5.329","three_p_pct":"0.417","ft":"4.165","fta":"5.835","ft_pct":"0.714","orb":"0.624","drb":"6.329","trb":"6.953","ast":"7.247","stl":"0.929","blk":"0.694","tov":"3.612","pf":"1.529","pts":"22.129"},{"game_id":1060,"team_name":"LAL","player_id":"{\"schrode01\"}","player_name":"{\"Dennis Schröder\"}","fg":"6.871","fga":"14.812","fg_pct":"0.464","three_p":"1.282","three_pa":"4.306","three_p_pct":"0.298","ft":"1.424","fta":"1.694","ft_pct":"0.841","orb":"0.659","drb":"3.082","trb":"3.741","ast":"8.471","stl":"0.941","blk":"0.165","tov":"2.235","pf":"2.647","pts":"16.447"},{"game_id":1060,"team_name":"LAL","player_id":"{\"hortota01\"}","player_name":"{\"Talen Horton-Tucker\"}","fg":"4.212","fga":"7.906","fg_pct":"0.533","three_p":"0.412","three_pa":"1.506","three_p_pct":"0.274","ft":"1.965","fta":"2.882","ft_pct":"0.682","orb":"0.506","drb":"1.635","trb":"2.141","ast":"5.247","stl":"1.094","blk":"0.000","tov":"3.047","pf":"2.094","pts":"10.800"},{"game_id":1060,"team_name":"LAL","player_id":"benchLAL","player_name":"Bench of LAL","fg":"3.811","fga":"7.936","fg_pct":"0.480","three_p":"1.487","three_pa":"3.941","three_p_pct":"0.377","ft":"1.043","fta":"1.537","ft_pct":"0.679","orb":"0.813","drb":"2.412","trb":"3.225","ast":"1.292","stl":"0.483","blk":"0.529","tov":"0.847","pf":"1.592","pts":"10.153"}]