[{"game_id":117,"team_name":"BRK","player_id":"teamBRK","player_name":"Team name: BRK","ts_pct":"0.696","efg_pct":"0.653","three_par":"0.497","ftr":"0.471","orb_pct":"5.325","drb_pct":"18.046","trb_pct":"11.955","ast_pct":"16.896","stl_pct":"1.408","blk_pct":"2.553","tov_pct":"14.733","usg_pct":"22.751","ortg":"141.176","drtg":"134.108","bpm":"-0.137"},{"game_id":117,"team_name":"PHI","player_id":"teamPHI","player_name":"Team name: PHI","ts_pct":"0.553","efg_pct":"0.519","three_par":"0.440","ftr":"0.316","orb_pct":"4.463","drb_pct":"16.521","trb_pct":"10.833","ast_pct":"15.558","stl_pct":"1.668","blk_pct":"2.535","tov_pct":"13.609","usg_pct":"20.644","ortg":"107.912","drtg":"118.925","bpm":"-1.022"}]