[{"game_id":1106,"team_name":"ATL","player_id":"teamATL","player_name":"Team name: ATL","ts_pct":"0.606","efg_pct":"0.564","three_par":"0.389","ftr":"0.242","orb_pct":"4.211","drb_pct":"16.640","trb_pct":"10.947","ast_pct":"15.005","stl_pct":"1.523","blk_pct":"2.441","tov_pct":"10.535","usg_pct":"20.900","ortg":"121.739","drtg":"118.687","bpm":"0.168"},{"game_id":1106,"team_name":"NYK","player_id":"teamNYK","player_name":"Team name: NYK","ts_pct":"0.564","efg_pct":"0.534","three_par":"0.323","ftr":"0.218","orb_pct":"3.623","drb_pct":"16.126","trb_pct":"10.026","ast_pct":"13.795","stl_pct":"2.294","blk_pct":"2.250","tov_pct":"8.537","usg_pct":"19.128","ortg":"118.156","drtg":"113.177","bpm":"0.557"}]