[{"game_id":1058,"team_name":"MEM","player_id":"teamMEM","player_name":"Team name: MEM","fg":"42.354","fga":"90.749","fg_pct":"0.467","three_p":"12.109","three_pa":"34.560","three_p_pct":"0.350","ft":"16.663","fta":"22.063","ft_pct":"0.755","orb":"12.211","drb":"36.320","trb":"48.531","ast":"27.583","stl":"7.023","blk":"8.103","tov":"13.183","pf":"16.817","pts":"113.480"},{"game_id":1058,"team_name":"SAC","player_id":"teamSAC","player_name":"Team name: SAC","fg":"42.303","fga":"87.977","fg_pct":"0.481","three_p":"13.206","three_pa":"34.114","three_p_pct":"0.387","ft":"13.423","fta":"17.451","ft_pct":"0.769","orb":"8.657","drb":"31.851","trb":"40.509","ast":"27.040","stl":"9.686","blk":"6.251","tov":"14.034","pf":"18.434","pts":"111.234"}]