[{"game_id":1137,"team_name":"MIL","player_id":"teamMIL","player_name":"Team name: MIL","ts_pct":"0.537","efg_pct":"0.496","three_par":"0.479","ftr":"0.236","orb_pct":"6.978","drb_pct":"17.354","trb_pct":"12.240","ast_pct":"14.442","stl_pct":"2.010","blk_pct":"1.192","tov_pct":"11.703","usg_pct":"21.385","ortg":"119.800","drtg":"129.461","bpm":"0.280"},{"game_id":1137,"team_name":"BRK","player_id":"teamBRK","player_name":"Team name: BRK","ts_pct":"0.601","efg_pct":"0.568","three_par":"0.414","ftr":"0.223","orb_pct":"5.733","drb_pct":"17.099","trb_pct":"12.034","ast_pct":"13.594","stl_pct":"1.535","blk_pct":"2.776","tov_pct":"8.789","usg_pct":"21.114","ortg":"126.798","drtg":"133.482","bpm":"-1.928"}]