[{"game_id":1063,"team_name":"MIN","player_id":"{\"edwaran01\"}","player_name":"{\"Anthony Edwards\"}","ts_pct":"0.625","efg_pct":"0.601","three_par":"0.451","ftr":"0.319","orb_pct":"3.458","drb_pct":"16.280","trb_pct":"9.922","ast_pct":"18.625","stl_pct":"1.182","blk_pct":"2.309","tov_pct":"12.216","usg_pct":"26.026","ortg":"117.388","drtg":"110.235","bpm":"2.707"},{"game_id":1063,"team_name":"MIN","player_id":"{\"townska01\"}","player_name":"{\"Karl-Anthony Towns\"}","ts_pct":"0.600","efg_pct":"0.544","three_par":"0.411","ftr":"0.400","orb_pct":"7.431","drb_pct":"20.529","trb_pct":"14.018","ast_pct":"21.282","stl_pct":"1.486","blk_pct":"0.964","tov_pct":"13.862","usg_pct":"30.760","ortg":"115.765","drtg":"109.612","bpm":"3.461"},{"game_id":1063,"team_name":"MIN","player_id":"{\"russeda01\"}","player_name":"{\"D'Angelo Russell\"}","ts_pct":"0.528","efg_pct":"0.513","three_par":"0.525","ftr":"0.277","orb_pct":"1.889","drb_pct":"10.598","trb_pct":"6.048","ast_pct":"35.547","stl_pct":"1.659","blk_pct":"1.015","tov_pct":"11.279","usg_pct":"26.462","ortg":"111.459","drtg":"112.071","bpm":"1.438"},{"game_id":1063,"team_name":"MIN","player_id":"{\"rubiori01\"}","player_name":"{\"Ricky Rubio\"}","ts_pct":"0.516","efg_pct":"0.467","three_par":"0.581","ftr":"0.213","orb_pct":"2.525","drb_pct":"12.361","trb_pct":"7.375","ast_pct":"25.969","stl_pct":"2.828","blk_pct":"0.438","tov_pct":"11.127","usg_pct":"16.476","ortg":"118.624","drtg":"108.894","bpm":"0.828"},{"game_id":1063,"team_name":"MIN","player_id":"{\"mcdanja02\"}","player_name":"{\"Jaden McDaniels\"}","ts_pct":"0.524","efg_pct":"0.484","three_par":"0.692","ftr":"0.277","orb_pct":"2.451","drb_pct":"12.014","trb_pct":"7.053","ast_pct":"6.032","stl_pct":"1.314","blk_pct":"2.787","tov_pct":"11.053","usg_pct":"9.158","ortg":"106.682","drtg":"114.341","bpm":"-3.978"},{"game_id":1063,"team_name":"MIN","player_id":"{\"hernaju01\"}","player_name":"{\"Juancho Hernangómez\"}","ts_pct":"0.534","efg_pct":"0.530","three_par":"0.612","ftr":"0.329","orb_pct":"5.982","drb_pct":"17.471","trb_pct":"11.280","ast_pct":"5.786","stl_pct":"1.171","blk_pct":"0.979","tov_pct":"11.760","usg_pct":"18.731","ortg":"107.212","drtg":"115.647","bpm":"-2.844"},{"game_id":1063,"team_name":"MIN","player_id":"benchMIN","player_name":"Bench of MIN","ts_pct":"0.530","efg_pct":"0.508","three_par":"0.282","ftr":"0.217","orb_pct":"5.139","drb_pct":"14.498","trb_pct":"9.732","ast_pct":"9.568","stl_pct":"1.641","blk_pct":"3.454","tov_pct":"9.860","usg_pct":"16.150","ortg":"108.208","drtg":"109.730","bpm":"-2.895"},{"game_id":1063,"team_name":"BOS","player_id":"{\"fallta01\"}","player_name":"{\"Tacko Fall\"}","ts_pct":"0.727","efg_pct":"0.762","three_par":"0.000","ftr":"0.279","orb_pct":"8.627","drb_pct":"34.133","trb_pct":"22.489","ast_pct":"1.691","stl_pct":"0.725","blk_pct":"17.088","tov_pct":"6.988","usg_pct":"13.932","ortg":"139.776","drtg":"94.435","bpm":"5.065"},{"game_id":1063,"team_name":"BOS","player_id":"{\"kornelu01\"}","player_name":"{\"Luke Kornet\"}","ts_pct":"0.545","efg_pct":"0.539","three_par":"0.412","ftr":"0.020","orb_pct":"3.778","drb_pct":"12.745","trb_pct":"7.991","ast_pct":"9.261","stl_pct":"0.413","blk_pct":"5.506","tov_pct":"7.206","usg_pct":"13.132","ortg":"101.953","drtg":"114.682","bpm":"-1.899"},{"game_id":1063,"team_name":"BOS","player_id":"{\"tatumja01\"}","player_name":"{\"Jayson Tatum\"}","ts_pct":"0.599","efg_pct":"0.554","three_par":"0.361","ftr":"0.317","orb_pct":"2.860","drb_pct":"19.369","trb_pct":"10.412","ast_pct":"18.294","stl_pct":"1.573","blk_pct":"2.728","tov_pct":"11.228","usg_pct":"31.558","ortg":"114.882","drtg":"118.071","bpm":"4.195"},{"game_id":1063,"team_name":"BOS","player_id":"{\"pritcpa01\"}","player_name":"{\"Payton Pritchard\"}","ts_pct":"0.535","efg_pct":"0.512","three_par":"0.691","ftr":"0.130","orb_pct":"1.673","drb_pct":"14.878","trb_pct":"7.596","ast_pct":"9.793","stl_pct":"0.791","blk_pct":"0.000","tov_pct":"4.700","usg_pct":"18.026","ortg":"108.188","drtg":"123.612","bpm":"-3.868"},{"game_id":1063,"team_name":"BOS","player_id":"{\"fournev01\"}","player_name":"{\"Evan Fournier\"}","ts_pct":"0.607","efg_pct":"0.603","three_par":"0.525","ftr":"0.045","orb_pct":"1.481","drb_pct":"13.954","trb_pct":"7.349","ast_pct":"15.666","stl_pct":"1.944","blk_pct":"1.921","tov_pct":"8.445","usg_pct":"18.542","ortg":"118.082","drtg":"118.659","bpm":"1.699"},{"game_id":1063,"team_name":"BOS","player_id":"{\"ojelese01\"}","player_name":"{\"Semi Ojeleye\"}","ts_pct":"0.379","efg_pct":"0.379","three_par":"0.436","ftr":"0.000","orb_pct":"2.872","drb_pct":"18.788","trb_pct":"10.808","ast_pct":"2.105","stl_pct":"1.378","blk_pct":"0.000","tov_pct":"8.382","usg_pct":"8.775","ortg":"57.553","drtg":"110.165","bpm":"-4.095"},{"game_id":1063,"team_name":"BOS","player_id":"benchBOS","player_name":"Bench of BOS","ts_pct":"0.495","efg_pct":"0.464","three_par":"0.370","ftr":"0.133","orb_pct":"3.386","drb_pct":"14.334","trb_pct":"8.659","ast_pct":"12.513","stl_pct":"0.933","blk_pct":"1.558","tov_pct":"11.095","usg_pct":"14.866","ortg":"101.628","drtg":"117.928","bpm":"-3.545"}]