[{"game_id":1090,"team_name":"DEN","player_id":"teamDEN","player_name":"Team name: DEN","ts_pct":"0.545","efg_pct":"0.510","three_par":"0.439","ftr":"0.243","orb_pct":"5.347","drb_pct":"16.880","trb_pct":"10.895","ast_pct":"14.919","stl_pct":"1.727","blk_pct":"1.842","tov_pct":"12.307","usg_pct":"21.441","ortg":"114.800","drtg":"124.939","bpm":"-1.935"},{"game_id":1090,"team_name":"POR","player_id":"teamPOR","player_name":"Team name: POR","ts_pct":"0.611","efg_pct":"0.591","three_par":"0.407","ftr":"0.277","orb_pct":"4.857","drb_pct":"21.431","trb_pct":"13.642","ast_pct":"13.953","stl_pct":"1.145","blk_pct":"2.292","tov_pct":"10.200","usg_pct":"21.253","ortg":"127.218","drtg":"130.349","bpm":"-0.207"}]