[{"game_id":1034,"team_name":"GSW","player_id":"teamGSW","player_name":"Team name: GSW","fg":"42.229","fga":"86.731","fg_pct":"0.487","three_p":"17.817","three_pa":"44.817","three_p_pct":"0.398","ft":"14.680","fta":"18.406","ft_pct":"0.798","orb":"7.046","drb":"38.103","trb":"45.149","ast":"29.863","stl":"7.571","blk":"5.029","tov":"14.726","pf":"19.297","pts":"116.954"},{"game_id":1034,"team_name":"PHO","player_id":"teamPHO","player_name":"Team name: PHO","fg":"43.000","fga":"87.006","fg_pct":"0.494","three_p":"12.314","three_pa":"33.097","three_p_pct":"0.372","ft":"17.589","fta":"20.806","ft_pct":"0.845","orb":"9.006","drb":"30.891","trb":"39.897","ast":"24.554","stl":"7.720","blk":"5.320","tov":"10.194","pf":"19.194","pts":"115.903"}]