[{"game_id":1257,"team_name":"MIA","player_id":"teamMIA","player_name":"Team name: MIA","ts_pct":"0.530","efg_pct":"0.498","three_par":"0.370","ftr":"0.278","orb_pct":"5.857","drb_pct":"17.073","trb_pct":"11.656","ast_pct":"13.063","stl_pct":"1.537","blk_pct":"2.700","tov_pct":"16.736","usg_pct":"19.587","ortg":"99.628","drtg":"106.884","bpm":"-1.946"},{"game_id":1257,"team_name":"HOU","player_id":"teamHOU","player_name":"Team name: HOU","ts_pct":"0.527","efg_pct":"0.505","three_par":"0.497","ftr":"0.249","orb_pct":"5.502","drb_pct":"14.399","trb_pct":"9.793","ast_pct":"11.053","stl_pct":"1.318","blk_pct":"1.536","tov_pct":"10.051","usg_pct":"17.959","ortg":"113.102","drtg":"114.853","bpm":"-0.874"}]