[{"game_id":1088,"team_name":"BRK","player_id":"teamBRK","player_name":"Team name: BRK","ts_pct":"0.605","efg_pct":"0.568","three_par":"0.402","ftr":"0.347","orb_pct":"5.661","drb_pct":"16.562","trb_pct":"11.649","ast_pct":"15.653","stl_pct":"1.306","blk_pct":"2.305","tov_pct":"11.801","usg_pct":"20.542","ortg":"122.790","drtg":"122.484","bpm":"-0.603"},{"game_id":1088,"team_name":"BOS","player_id":"teamBOS","player_name":"Team name: BOS","ts_pct":"0.597","efg_pct":"0.584","three_par":"0.470","ftr":"0.261","orb_pct":"4.897","drb_pct":"18.009","trb_pct":"11.167","ast_pct":"14.704","stl_pct":"1.195","blk_pct":"2.665","tov_pct":"12.242","usg_pct":"20.846","ortg":"125.315","drtg":"131.245","bpm":"-1.704"}]