[{"game_id":1138,"team_name":"UTA","player_id":"{\"niangge01\"}","player_name":"{\"Georges Niang\"}","ts_pct":"0.568","efg_pct":"0.536","three_par":"0.750","ftr":"0.147","orb_pct":"1.849","drb_pct":"14.364","trb_pct":"8.253","ast_pct":"4.448","stl_pct":"0.565","blk_pct":"0.833","tov_pct":"7.507","usg_pct":"17.220","ortg":"111.906","drtg":"116.706","bpm":"-2.015"},{"game_id":1138,"team_name":"UTA","player_id":"{\"onimi01\"}","player_name":"{\"Miye Oni\"}","ts_pct":"0.221","efg_pct":"0.221","three_par":"0.700","ftr":"0.000","orb_pct":"6.569","drb_pct":"0.749","trb_pct":"3.702","ast_pct":"3.815","stl_pct":"1.374","blk_pct":"0.000","tov_pct":"0.000","usg_pct":"4.001","ortg":"77.118","drtg":"117.706","bpm":"-8.287"},{"game_id":1138,"team_name":"UTA","player_id":"{\"onealro01\"}","player_name":"{\"Royce O'Neale\"}","ts_pct":"0.652","efg_pct":"0.622","three_par":"0.709","ftr":"0.146","orb_pct":"5.858","drb_pct":"17.241","trb_pct":"11.715","ast_pct":"8.125","stl_pct":"1.907","blk_pct":"1.235","tov_pct":"9.293","usg_pct":"10.713","ortg":"133.871","drtg":"112.200","bpm":"2.993"},{"game_id":1138,"team_name":"UTA","player_id":"{\"mitchdo01\"}","player_name":"{\"Donovan Mitchell\"}","ts_pct":"0.631","efg_pct":"0.567","three_par":"0.448","ftr":"0.358","orb_pct":"1.498","drb_pct":"9.684","trb_pct":"5.846","ast_pct":"30.274","stl_pct":"1.565","blk_pct":"1.266","tov_pct":"10.580","usg_pct":"39.340","ortg":"123.153","drtg":"114.859","bpm":"8.541"},{"game_id":1138,"team_name":"UTA","player_id":"{\"bogdabo02\"}","player_name":"{\"Bojan Bogdanović\"}","ts_pct":"0.606","efg_pct":"0.554","three_par":"0.431","ftr":"0.305","orb_pct":"1.894","drb_pct":"13.339","trb_pct":"7.839","ast_pct":"8.448","stl_pct":"1.513","blk_pct":"0.000","tov_pct":"12.227","usg_pct":"23.032","ortg":"115.271","drtg":"115.000","bpm":"0.484"},{"game_id":1138,"team_name":"UTA","player_id":"{\"goberru01\"}","player_name":"{\"Rudy Gobert\"}","ts_pct":"0.697","efg_pct":"0.692","three_par":"0.010","ftr":"0.829","orb_pct":"15.061","drb_pct":"32.329","trb_pct":"23.912","ast_pct":"4.624","stl_pct":"0.228","blk_pct":"6.454","tov_pct":"12.008","usg_pct":"17.056","ortg":"135.988","drtg":"108.059","bpm":"3.761"},{"game_id":1138,"team_name":"UTA","player_id":"benchUTA","player_name":"Bench of UTA","ts_pct":"0.600","efg_pct":"0.582","three_par":"0.467","ftr":"0.175","orb_pct":"5.550","drb_pct":"15.177","trb_pct":"10.537","ast_pct":"11.886","stl_pct":"1.004","blk_pct":"2.221","tov_pct":"11.360","usg_pct":"18.866","ortg":"123.697","drtg":"114.119","bpm":"0.331"},{"game_id":1138,"team_name":"LAC","player_id":"{\"georgpa01\"}","player_name":"{\"Paul George\"}","ts_pct":"0.560","efg_pct":"0.476","three_par":"0.460","ftr":"0.436","orb_pct":"2.235","drb_pct":"22.724","trb_pct":"13.099","ast_pct":"20.854","stl_pct":"0.996","blk_pct":"1.709","tov_pct":"14.020","usg_pct":"27.762","ortg":"111.129","drtg":"113.482","bpm":"0.760"},{"game_id":1138,"team_name":"LAC","player_id":"{\"leonaka01\"}","player_name":"{\"Kawhi Leonard\"}","ts_pct":"0.707","efg_pct":"0.654","three_par":"0.277","ftr":"0.376","orb_pct":"5.607","drb_pct":"15.606","trb_pct":"10.878","ast_pct":"22.862","stl_pct":"2.669","blk_pct":"1.753","tov_pct":"8.820","usg_pct":"27.632","ortg":"140.518","drtg":"111.718","bpm":"11.187"},{"game_id":1138,"team_name":"LAC","player_id":"{\"morrima03\"}","player_name":"{\"Marcus Morris\"}","ts_pct":"0.543","efg_pct":"0.520","three_par":"0.541","ftr":"0.134","orb_pct":"4.027","drb_pct":"10.569","trb_pct":"7.611","ast_pct":"6.288","stl_pct":"0.854","blk_pct":"1.305","tov_pct":"4.215","usg_pct":"17.551","ortg":"110.412","drtg":"118.553","bpm":"-1.636"},{"game_id":1138,"team_name":"LAC","player_id":"{\"jacksre01\"}","player_name":"{\"Reggie Jackson\"}","ts_pct":"0.615","efg_pct":"0.589","three_par":"0.713","ftr":"0.157","orb_pct":"1.213","drb_pct":"8.140","trb_pct":"4.986","ast_pct":"16.331","stl_pct":"0.694","blk_pct":"0.555","tov_pct":"8.735","usg_pct":"22.824","ortg":"119.588","drtg":"120.518","bpm":"1.245"},{"game_id":1138,"team_name":"LAC","player_id":"{\"batumni01\"}","player_name":"{\"Nicolas Batum\"}","ts_pct":"0.646","efg_pct":"0.599","three_par":"0.640","ftr":"0.273","orb_pct":"3.765","drb_pct":"15.915","trb_pct":"10.121","ast_pct":"9.820","stl_pct":"2.218","blk_pct":"0.961","tov_pct":"7.631","usg_pct":"11.918","ortg":"133.541","drtg":"114.529","bpm":"3.559"},{"game_id":1138,"team_name":"LAC","player_id":"{\"beverpa01\"}","player_name":"{\"Patrick Beverley\"}","ts_pct":"0.320","efg_pct":"0.307","three_par":"0.453","ftr":"0.064","orb_pct":"0.765","drb_pct":"9.982","trb_pct":"5.796","ast_pct":"8.193","stl_pct":"0.427","blk_pct":"5.049","tov_pct":"4.089","usg_pct":"16.288","ortg":"73.012","drtg":"117.024","bpm":"-5.202"},{"game_id":1138,"team_name":"LAC","player_id":"benchLAC","player_name":"Bench of LAC","ts_pct":"0.586","efg_pct":"0.530","three_par":"0.261","ftr":"0.261","orb_pct":"8.791","drb_pct":"21.387","trb_pct":"15.389","ast_pct":"10.962","stl_pct":"2.057","blk_pct":"3.412","tov_pct":"10.384","usg_pct":"17.124","ortg":"124.085","drtg":"107.626","bpm":"0.154"}]