[{"game_id":1120,"team_name":"DEN","player_id":"teamDEN","player_name":"Team name: DEN","fg":"41.943","fga":"89.674","fg_pct":"0.468","three_p":"13.509","three_pa":"36.337","three_p_pct":"0.372","ft":"16.331","fta":"19.766","ft_pct":"0.826","orb":"11.046","drb":"31.503","trb":"42.549","ast":"24.926","stl":"7.023","blk":"3.457","tov":"11.143","pf":"19.886","pts":"113.726"},{"game_id":1120,"team_name":"POR","player_id":"teamPOR","player_name":"Team name: POR","fg":"42.389","fga":"88.103","fg_pct":"0.481","three_p":"14.971","three_pa":"37.114","three_p_pct":"0.403","ft":"18.657","fta":"22.903","ft_pct":"0.815","orb":"9.377","drb":"34.714","trb":"44.091","ast":"22.663","stl":"5.057","blk":"4.726","tov":"9.709","pf":"19.394","pts":"118.406"}]