[{"game_id":1246,"team_name":"SAC","player_id":"teamSAC","player_name":"Team name: SAC","ts_pct":"0.587","efg_pct":"0.542","three_par":"0.397","ftr":"0.235","orb_pct":"6.847","drb_pct":"17.897","trb_pct":"11.618","ast_pct":"14.891","stl_pct":"2.026","blk_pct":"2.388","tov_pct":"14.993","usg_pct":"22.930","ortg":"119.950","drtg":"136.822","bpm":"-2.702"},{"game_id":1246,"team_name":"UTA","player_id":"teamUTA","player_name":"Team name: UTA","ts_pct":"0.527","efg_pct":"0.495","three_par":"0.384","ftr":"0.330","orb_pct":"3.795","drb_pct":"19.549","trb_pct":"12.140","ast_pct":"14.868","stl_pct":"1.463","blk_pct":"2.232","tov_pct":"19.204","usg_pct":"21.172","ortg":"101.770","drtg":"115.178","bpm":"-1.961"}]