[{"game_id":1252,"team_name":"WAS","player_id":"teamWAS","player_name":"Team name: WAS","ts_pct":"0.508","efg_pct":"0.487","three_par":"0.349","ftr":"0.217","orb_pct":"4.543","drb_pct":"14.478","trb_pct":"9.366","ast_pct":"15.172","stl_pct":"1.163","blk_pct":"1.737","tov_pct":"10.896","usg_pct":"18.737","ortg":"104.933","drtg":"111.557","bpm":"-0.799"},{"game_id":1252,"team_name":"MIN","player_id":"teamMIN","player_name":"Team name: MIN","ts_pct":"0.564","efg_pct":"0.525","three_par":"0.431","ftr":"0.324","orb_pct":"4.086","drb_pct":"16.238","trb_pct":"10.031","ast_pct":"14.588","stl_pct":"1.966","blk_pct":"1.252","tov_pct":"13.096","usg_pct":"20.422","ortg":"110.446","drtg":"117.079","bpm":"-2.137"}]