[{"game_id":1010,"team_name":"POR","player_id":"{\"ellebcj01\"}","player_name":"{\"CJ Elleby\"}","fg":"0.671","fga":"1.918","fg_pct":"0.350","three_p":"0.224","three_pa":"0.753","three_p_pct":"0.297","ft":"0.588","fta":"0.635","ft_pct":"0.926","orb":"0.435","drb":"0.776","trb":"1.212","ast":"0.882","stl":"0.094","blk":"0.000","tov":"0.212","pf":"0.694","pts":"2.153"},{"game_id":1010,"team_name":"POR","player_id":"{\"gilesha01\"}","player_name":"{\"Harry Giles\"}","fg":"1.506","fga":"2.753","fg_pct":"0.547","three_p":"0.341","three_pa":"1.082","three_p_pct":"0.315","ft":"0.271","fta":"0.694","ft_pct":"0.390","orb":"0.388","drb":"0.788","trb":"1.176","ast":"0.518","stl":"0.294","blk":"0.153","tov":"0.153","pf":"0.612","pts":"3.624"},{"game_id":1010,"team_name":"POR","player_id":"{\"leaftj01\"}","player_name":"{\"T.J. Leaf\"}","fg":"1.259","fga":"2.635","fg_pct":"0.478","three_p":"0.000","three_pa":"0.376","three_p_pct":"0.000","ft":"0.329","fta":"0.741","ft_pct":"0.444","orb":"0.224","drb":"1.094","trb":"1.318","ast":"0.271","stl":"0.529","blk":"0.212","tov":"0.259","pf":"0.576","pts":"2.847"},{"game_id":1010,"team_name":"POR","player_id":"{\"blevike01\"}","player_name":"{\"Keljin Blevins\"}","fg":"0.365","fga":"1.388","fg_pct":"0.263","three_p":"0.271","three_pa":"0.624","three_p_pct":"0.434","ft":"0.000","fta":"0.000","ft_pct":"NaN","orb":"0.247","drb":"0.753","trb":"1.000","ast":"0.000","stl":"0.059","blk":"0.000","tov":"0.153","pf":"0.459","pts":"1.000"},{"game_id":1010,"team_name":"POR","player_id":"{\"mccolcj01\"}","player_name":"{\"CJ McCollum\"}","fg":"7.506","fga":"16.353","fg_pct":"0.459","three_p":"2.435","three_pa":"6.459","three_p_pct":"0.377","ft":"2.659","fta":"3.165","ft_pct":"0.840","orb":"0.518","drb":"3.376","trb":"3.894","ast":"4.671","stl":"0.541","blk":"0.471","tov":"1.259","pf":"1.965","pts":"20.106"},{"game_id":1010,"team_name":"POR","player_id":"{\"lillada01\"}","player_name":"{\"Damian Lillard\"}","fg":"9.400","fga":"18.906","fg_pct":"0.497","three_p":"4.659","three_pa":"9.976","three_p_pct":"0.467","ft":"5.894","fta":"6.282","ft_pct":"0.938","orb":"0.247","drb":"3.894","trb":"4.141","ast":"7.706","stl":"1.565","blk":"0.188","tov":"2.906","pf":"1.141","pts":"29.353"},{"game_id":1010,"team_name":"POR","player_id":"benchPOR","player_name":"Bench of POR","fg":"3.423","fga":"7.479","fg_pct":"0.458","three_p":"1.034","three_pa":"2.697","three_p_pct":"0.383","ft":"1.278","fta":"1.597","ft_pct":"0.800","orb":"1.309","drb":"3.864","trb":"5.173","ast":"1.668","stl":"0.615","blk":"0.523","tov":"0.695","pf":"1.925","pts":"9.158"},{"game_id":1010,"team_name":"SAS","player_id":"{\"dienggo01\"}","player_name":"{\"Gorgui Dieng\"}","fg":"1.682","fga":"3.576","fg_pct":"0.470","three_p":"0.541","three_pa":"1.753","three_p_pct":"0.309","ft":"1.659","fta":"1.976","ft_pct":"0.840","orb":"0.753","drb":"1.965","trb":"2.718","ast":"1.412","stl":"0.800","blk":"0.071","tov":"0.635","pf":"1.576","pts":"5.565"},{"game_id":1010,"team_name":"SAS","player_id":"{\"jonestr01\"}","player_name":"{\"Tre Jones\"}","fg":"1.506","fga":"3.153","fg_pct":"0.478","three_p":"0.271","three_pa":"0.365","three_p_pct":"0.742","ft":"0.400","fta":"0.400","ft_pct":"1.000","orb":"0.153","drb":"0.741","trb":"0.894","ast":"1.682","stl":"0.282","blk":"0.000","tov":"0.341","pf":"0.729","pts":"3.682"},{"game_id":1010,"team_name":"SAS","player_id":"{\"samanlu01\"}","player_name":"{\"Luka Šamanić\"}","fg":"1.894","fga":"4.235","fg_pct":"0.447","three_p":"0.506","three_pa":"1.129","three_p_pct":"0.448","ft":"0.271","fta":"0.671","ft_pct":"0.404","orb":"0.435","drb":"1.588","trb":"2.024","ast":"0.518","stl":"0.282","blk":"0.471","tov":"0.659","pf":"1.706","pts":"4.565"},{"game_id":1010,"team_name":"SAS","player_id":"{\"weathqu01\"}","player_name":"{\"Quinndary Weatherspoon\"}","fg":"0.494","fga":"0.941","fg_pct":"0.525","three_p":"0.000","three_pa":"0.059","three_p_pct":"0.000","ft":"0.588","fta":"0.706","ft_pct":"0.833","orb":"0.235","drb":"0.106","trb":"0.341","ast":"0.129","stl":"0.259","blk":"0.129","tov":"0.212","pf":"0.659","pts":"1.576"},{"game_id":1010,"team_name":"SAS","player_id":"{\"bateske01\"}","player_name":"{\"Keita Bates-Diop\"}","fg":"0.835","fga":"1.588","fg_pct":"0.526","three_p":"0.000","three_pa":"0.188","three_p_pct":"0.000","ft":"0.506","fta":"1.118","ft_pct":"0.453","orb":"0.129","drb":"1.459","trb":"1.588","ast":"0.200","stl":"0.553","blk":"0.365","tov":"0.388","pf":"0.553","pts":"2.176"},{"game_id":1010,"team_name":"SAS","player_id":"{\"derozde01\"}","player_name":"{\"DeMar DeRozan\"}","fg":"7.541","fga":"16.071","fg_pct":"0.469","three_p":"0.000","three_pa":"0.824","three_p_pct":"0.000","ft":"7.541","fta":"8.435","ft_pct":"0.894","orb":"0.494","drb":"3.482","trb":"3.976","ast":"6.859","stl":"1.153","blk":"0.388","tov":"1.588","pf":"2.541","pts":"22.624"},{"game_id":1010,"team_name":"SAS","player_id":"benchSAS","player_name":"Bench of SAS","fg":"4.307","fga":"9.164","fg_pct":"0.470","three_p":"0.852","three_pa":"2.671","three_p_pct":"0.319","ft":"1.348","fta":"1.685","ft_pct":"0.800","orb":"0.983","drb":"3.483","trb":"4.465","ast":"2.175","stl":"0.719","blk":"0.511","tov":"1.148","pf":"1.826","pts":"10.814"}]