[{"game_id":1219,"team_name":"SAS","player_id":"teamSAS","player_name":"Team name: SAS","ts_pct":"0.568","efg_pct":"0.537","three_par":"0.307","ftr":"0.256","orb_pct":"7.021","drb_pct":"18.095","trb_pct":"12.742","ast_pct":"15.343","stl_pct":"1.044","blk_pct":"1.362","tov_pct":"7.759","usg_pct":"21.493","ortg":"124.748","drtg":"130.947","bpm":"-1.320"},{"game_id":1219,"team_name":"POR","player_id":"teamPOR","player_name":"Team name: POR","ts_pct":"0.492","efg_pct":"0.453","three_par":"0.371","ftr":"0.297","orb_pct":"4.912","drb_pct":"15.478","trb_pct":"10.116","ast_pct":"11.026","stl_pct":"1.261","blk_pct":"1.750","tov_pct":"15.407","usg_pct":"20.105","ortg":"99.738","drtg":"121.024","bpm":"-2.698"}]