[{"game_id":1216,"team_name":"HOU","player_id":"teamHOU","player_name":"Team name: HOU","fg":"37.040","fga":"85.286","fg_pct":"0.434","three_p":"15.354","three_pa":"43.611","three_p_pct":"0.352","ft":"20.446","fta":"26.309","ft_pct":"0.777","orb":"10.120","drb":"33.926","trb":"44.046","ast":"19.806","stl":"8.006","blk":"4.560","tov":"15.240","pf":"22.257","pts":"109.880"},{"game_id":1216,"team_name":"OKC","player_id":"teamOKC","player_name":"Team name: OKC","fg":"38.423","fga":"86.006","fg_pct":"0.447","three_p":"11.846","three_pa":"32.486","three_p_pct":"0.365","ft":"17.234","fta":"23.686","ft_pct":"0.728","orb":"9.480","drb":"37.423","trb":"46.903","ast":"22.154","stl":"6.491","blk":"4.851","tov":"15.749","pf":"22.749","pts":"105.926"}]