[{"game_id":1212,"team_name":"NYK","player_id":"teamNYK","player_name":"Team name: NYK","ts_pct":"0.516","efg_pct":"0.482","three_par":"0.370","ftr":"0.296","orb_pct":"3.167","drb_pct":"13.618","trb_pct":"8.522","ast_pct":"12.682","stl_pct":"1.538","blk_pct":"2.119","tov_pct":"14.848","usg_pct":"19.384","ortg":"97.074","drtg":"108.850","bpm":"-3.162"},{"game_id":1212,"team_name":"CHI","player_id":"teamCHI","player_name":"Team name: CHI","ts_pct":"0.495","efg_pct":"0.465","three_par":"0.315","ftr":"0.266","orb_pct":"4.782","drb_pct":"16.400","trb_pct":"10.118","ast_pct":"13.031","stl_pct":"1.516","blk_pct":"1.359","tov_pct":"9.522","usg_pct":"20.520","ortg":"103.509","drtg":"120.385","bpm":"-3.543"}]