[{"game_id":1227,"team_name":"ORL","player_id":"teamORL","player_name":"Team name: ORL","ts_pct":"0.493","efg_pct":"0.434","three_par":"0.391","ftr":"0.254","orb_pct":"4.113","drb_pct":"17.611","trb_pct":"10.311","ast_pct":"15.198","stl_pct":"1.750","blk_pct":"1.744","tov_pct":"13.052","usg_pct":"20.764","ortg":"99.024","drtg":"111.340","bpm":"-1.015"},{"game_id":1227,"team_name":"NYK","player_id":"teamNYK","player_name":"Team name: NYK","ts_pct":"0.510","efg_pct":"0.478","three_par":"0.376","ftr":"0.295","orb_pct":"3.799","drb_pct":"13.985","trb_pct":"8.963","ast_pct":"12.585","stl_pct":"1.430","blk_pct":"2.174","tov_pct":"14.570","usg_pct":"19.514","ortg":"99.099","drtg":"110.281","bpm":"-2.946"}]