[{"game_id":1166,"team_name":"PHO","player_id":"{\"bookede01\"}","player_name":"{\"Devin Booker\"}","ts_pct":"0.511","efg_pct":"0.442","three_par":"0.284","ftr":"0.330","orb_pct":"1.325","drb_pct":"15.015","trb_pct":"8.602","ast_pct":"15.145","stl_pct":"1.348","blk_pct":"0.444","tov_pct":"13.961","usg_pct":"32.062","ortg":"97.729","drtg":"111.671","bpm":"-2.985"},{"game_id":1166,"team_name":"PHO","player_id":"{\"aytonde01\"}","player_name":"{\"Deandre Ayton\"}","ts_pct":"0.660","efg_pct":"0.661","three_par":"0.000","ftr":"0.123","orb_pct":"11.962","drb_pct":"26.213","trb_pct":"19.385","ast_pct":"4.853","stl_pct":"0.868","blk_pct":"3.574","tov_pct":"10.598","usg_pct":"17.216","ortg":"127.035","drtg":"107.059","bpm":"3.321"},{"game_id":1166,"team_name":"PHO","player_id":"{\"paulch01\"}","player_name":"{\"Chris Paul\"}","ts_pct":"0.589","efg_pct":"0.534","three_par":"0.236","ftr":"0.265","orb_pct":"1.155","drb_pct":"10.186","trb_pct":"6.004","ast_pct":"42.367","stl_pct":"2.152","blk_pct":"0.272","tov_pct":"7.460","usg_pct":"27.282","ortg":"130.047","drtg":"108.047","bpm":"8.647"},{"game_id":1166,"team_name":"PHO","player_id":"{\"kaminfr01\"}","player_name":"{\"Frank Kaminsky\"}","ts_pct":"0.336","efg_pct":"0.311","three_par":"0.399","ftr":"0.098","orb_pct":"3.126","drb_pct":"20.164","trb_pct":"12.724","ast_pct":"32.493","stl_pct":"0.960","blk_pct":"4.651","tov_pct":"12.513","usg_pct":"21.813","ortg":"85.459","drtg":"103.894","bpm":"-2.499"},{"game_id":1166,"team_name":"PHO","player_id":"{\"crowdja01\"}","player_name":"{\"Jae Crowder\"}","ts_pct":"0.572","efg_pct":"0.531","three_par":"0.777","ftr":"0.164","orb_pct":"1.022","drb_pct":"17.265","trb_pct":"9.422","ast_pct":"8.201","stl_pct":"0.281","blk_pct":"1.260","tov_pct":"8.585","usg_pct":"12.322","ortg":"113.871","drtg":"112.718","bpm":"-0.046"},{"game_id":1166,"team_name":"PHO","player_id":"{\"bridgmi01\"}","player_name":"{\"Mikal Bridges\"}","ts_pct":"0.594","efg_pct":"0.576","three_par":"0.395","ftr":"0.122","orb_pct":"3.504","drb_pct":"10.935","trb_pct":"7.267","ast_pct":"9.388","stl_pct":"0.785","blk_pct":"1.761","tov_pct":"6.924","usg_pct":"13.288","ortg":"122.647","drtg":"112.718","bpm":"1.122"},{"game_id":1166,"team_name":"PHO","player_id":"benchPHO","player_name":"Bench of PHO","ts_pct":"0.636","efg_pct":"0.611","three_par":"0.482","ftr":"0.251","orb_pct":"5.162","drb_pct":"15.374","trb_pct":"10.421","ast_pct":"13.158","stl_pct":"1.119","blk_pct":"1.012","tov_pct":"10.149","usg_pct":"17.325","ortg":"120.865","drtg":"110.962","bpm":"0.116"},{"game_id":1166,"team_name":"MIL","player_id":"{\"teaguje01\"}","player_name":"{\"Jeff Teague\"}","ts_pct":"0.280","efg_pct":"0.245","three_par":"0.231","ftr":"0.153","orb_pct":"0.000","drb_pct":"2.936","trb_pct":"1.453","ast_pct":"20.599","stl_pct":"0.000","blk_pct":"0.000","tov_pct":"10.659","usg_pct":"16.871","ortg":"72.235","drtg":"119.424","bpm":"-8.134"},{"game_id":1166,"team_name":"MIL","player_id":"{\"middlkh01\"}","player_name":"{\"Khris Middleton\"}","ts_pct":"0.559","efg_pct":"0.513","three_par":"0.423","ftr":"0.245","orb_pct":"4.279","drb_pct":"17.671","trb_pct":"10.920","ast_pct":"24.522","stl_pct":"2.698","blk_pct":"0.700","tov_pct":"12.735","usg_pct":"27.304","ortg":"114.694","drtg":"108.918","bpm":"4.011"},{"game_id":1166,"team_name":"MIL","player_id":"{\"holidjr01\"}","player_name":"{\"Jrue Holiday\"}","ts_pct":"0.501","efg_pct":"0.479","three_par":"0.409","ftr":"0.194","orb_pct":"3.415","drb_pct":"11.229","trb_pct":"7.244","ast_pct":"34.362","stl_pct":"1.976","blk_pct":"1.676","tov_pct":"11.781","usg_pct":"24.761","ortg":"112.553","drtg":"111.706","bpm":"3.102"},{"game_id":1166,"team_name":"MIL","player_id":"{\"antetgi01\"}","player_name":"{\"Giannis Antetokounmpo\"}","ts_pct":"0.608","efg_pct":"0.618","three_par":"0.139","ftr":"0.401","orb_pct":"6.292","drb_pct":"29.567","trb_pct":"17.341","ast_pct":"23.264","stl_pct":"1.164","blk_pct":"2.544","tov_pct":"11.382","usg_pct":"31.511","ortg":"117.624","drtg":"107.153","bpm":"8.420"},{"game_id":1166,"team_name":"MIL","player_id":"{\"tuckepj01\"}","player_name":"{\"P.J. Tucker\"}","ts_pct":"0.439","efg_pct":"0.411","three_par":"0.648","ftr":"0.212","orb_pct":"7.819","drb_pct":"14.775","trb_pct":"11.308","ast_pct":"4.631","stl_pct":"1.914","blk_pct":"0.693","tov_pct":"5.047","usg_pct":"8.060","ortg":"120.247","drtg":"111.294","bpm":"-1.516"},{"game_id":1166,"team_name":"MIL","player_id":"{\"connapa01\"}","player_name":"{\"Pat Connaughton\"}","ts_pct":"0.691","efg_pct":"0.651","three_par":"0.754","ftr":"0.142","orb_pct":"5.319","drb_pct":"11.972","trb_pct":"8.654","ast_pct":"4.044","stl_pct":"1.625","blk_pct":"1.559","tov_pct":"7.859","usg_pct":"10.749","ortg":"128.894","drtg":"111.918","bpm":"0.732"},{"game_id":1166,"team_name":"MIL","player_id":"benchMIL","player_name":"Bench of MIL","ts_pct":"0.543","efg_pct":"0.527","three_par":"0.446","ftr":"0.141","orb_pct":"6.289","drb_pct":"13.573","trb_pct":"9.790","ast_pct":"4.379","stl_pct":"1.340","blk_pct":"2.985","tov_pct":"6.525","usg_pct":"18.239","ortg":"112.570","drtg":"110.944","bpm":"-0.874"}]