[{"game_id":1260,"team_name":"CLE","player_id":"{\"loveke01\"}","player_name":"{\"Kevin Love\"}","fg":"5.400","fga":"11.565","fg_pct":"0.467","three_p":"2.329","three_pa":"6.035","three_p_pct":"0.386","ft":"3.082","fta":"3.647","ft_pct":"0.845","orb":"0.765","drb":"13.471","trb":"14.235","ast":"3.871","stl":"0.800","blk":"0.059","tov":"3.212","pf":"2.118","pts":"16.212"},{"game_id":1260,"team_name":"CLE","player_id":"{\"thomptr01\"}","player_name":"{\"Tristan Thompson\"}","fg":"6.553","fga":"11.682","fg_pct":"0.561","three_p":"0.118","three_pa":"0.235","three_p_pct":"0.502","ft":"1.565","fta":"2.753","ft_pct":"0.568","orb":"3.282","drb":"6.118","trb":"9.400","ast":"2.094","stl":"0.306","blk":"1.165","tov":"0.576","pf":"2.400","pts":"14.788"},{"game_id":1260,"team_name":"CLE","player_id":"{\"osmande01\"}","player_name":"{\"Cedi Osman\"}","fg":"3.941","fga":"8.600","fg_pct":"0.458","three_p":"1.965","three_pa":"4.518","three_p_pct":"0.435","ft":"0.953","fta":"1.247","ft_pct":"0.764","orb":"0.518","drb":"2.588","trb":"3.106","ast":"1.600","stl":"1.259","blk":"0.141","tov":"1.129","pf":"2.259","pts":"10.800"},{"game_id":1260,"team_name":"CLE","player_id":"{\"nancela02\"}","player_name":"{\"Larry Nance Jr.\"}","fg":"4.165","fga":"8.682","fg_pct":"0.480","three_p":"0.835","three_pa":"2.965","three_p_pct":"0.282","ft":"1.541","fta":"2.024","ft_pct":"0.761","orb":"2.259","drb":"6.729","trb":"8.988","ast":"2.447","stl":"0.976","blk":"0.624","tov":"1.494","pf":"2.576","pts":"10.706"},{"game_id":1260,"team_name":"CLE","player_id":"{\"garlada01\"}","player_name":"{\"Darius Garland\"}","fg":"3.073","fga":"10.618","fg_pct":"0.289","three_p":"1.109","three_pa":"3.909","three_p_pct":"0.284","ft":"0.473","fta":"0.945","ft_pct":"0.501","orb":"0.345","drb":"0.818","trb":"1.164","ast":"3.309","stl":"0.345","blk":"0.000","tov":"2.491","pf":"1.618","pts":"7.727"},{"game_id":1260,"team_name":"CLE","player_id":"{\"sextoco01\"}","player_name":"{\"Collin Sexton\"}","fg":"7.482","fga":"16.306","fg_pct":"0.459","three_p":"1.953","three_pa":"5.388","three_p_pct":"0.362","ft":"2.000","fta":"2.788","ft_pct":"0.717","orb":"0.624","drb":"1.718","trb":"2.341","ast":"3.153","stl":"0.588","blk":"0.000","tov":"2.388","pf":"2.294","pts":"18.918"},{"game_id":1260,"team_name":"CLE","player_id":"benchCLE","player_name":"Bench of CLE","fg":"2.028","fga":"5.186","fg_pct":"0.391","three_p":"0.596","three_pa":"2.019","three_p_pct":"0.295","ft":"1.158","fta":"1.353","ft_pct":"0.856","orb":"0.435","drb":"1.136","trb":"1.570","ast":"1.070","stl":"0.417","blk":"0.182","tov":"0.832","pf":"1.321","pts":"5.810"},{"game_id":1260,"team_name":"DAL","player_id":"{\"jacksju01\"}","player_name":"{\"Justin Jackson\"}","fg":"3.271","fga":"6.024","fg_pct":"0.543","three_p":"1.118","three_pa":"2.412","three_p_pct":"0.464","ft":"0.835","fta":"1.059","ft_pct":"0.788","orb":"0.682","drb":"1.259","trb":"1.941","ast":"1.024","stl":"0.141","blk":"0.000","tov":"0.412","pf":"1.000","pts":"8.494"},{"game_id":1260,"team_name":"DAL","player_id":"{\"doncilu01\"}","player_name":"{\"Luka Dončić\"}","fg":"8.141","fga":"18.459","fg_pct":"0.441","three_p":"2.541","three_pa":"8.471","three_p_pct":"0.300","ft":"6.176","fta":"7.835","ft_pct":"0.788","orb":"1.506","drb":"9.012","trb":"10.518","ast":"8.859","stl":"1.541","blk":"0.235","tov":"4.494","pf":"2.376","pts":"25.000"},{"game_id":1260,"team_name":"DAL","player_id":"{\"porzikr01\"}","player_name":"{\"Kristaps Porziņģis\"}","fg":"6.965","fga":"16.224","fg_pct":"0.429","three_p":"2.024","three_pa":"5.918","three_p_pct":"0.342","ft":"3.518","fta":"5.471","ft_pct":"0.643","orb":"1.518","drb":"5.706","trb":"7.224","ast":"1.906","stl":"0.482","blk":"2.341","tov":"1.706","pf":"3.000","pts":"19.471"},{"game_id":1260,"team_name":"DAL","player_id":"{\"brunsja01\"}","player_name":"{\"Jalen Brunson\"}","fg":"3.388","fga":"8.847","fg_pct":"0.383","three_p":"0.671","three_pa":"2.718","three_p_pct":"0.247","ft":"1.447","fta":"2.647","ft_pct":"0.547","orb":"0.729","drb":"2.541","trb":"3.271","ast":"4.565","stl":"0.282","blk":"0.000","tov":"1.141","pf":"1.506","pts":"8.894"},{"game_id":1260,"team_name":"DAL","player_id":"{\"wrighde01\"}","player_name":"{\"Delon Wright\"}","fg":"4.859","fga":"8.976","fg_pct":"0.541","three_p":"1.188","three_pa":"2.718","three_p_pct":"0.437","ft":"2.459","fta":"2.906","ft_pct":"0.846","orb":"0.706","drb":"4.847","trb":"5.553","ast":"5.624","stl":"1.518","blk":"0.165","tov":"1.106","pf":"1.365","pts":"13.365"},{"game_id":1260,"team_name":"DAL","player_id":"{\"poweldw01\"}","player_name":"{\"Dwight Powell\"}","fg":"4.094","fga":"6.788","fg_pct":"0.603","three_p":"0.447","three_pa":"1.635","three_p_pct":"0.273","ft":"3.776","fta":"4.953","ft_pct":"0.762","orb":"2.918","drb":"4.412","trb":"7.329","ast":"1.412","stl":"0.376","blk":"0.776","tov":"1.435","pf":"2.965","pts":"12.412"},{"game_id":1260,"team_name":"DAL","player_id":"benchDAL","player_name":"Bench of DAL","fg":"2.759","fga":"6.584","fg_pct":"0.419","three_p":"1.206","three_pa":"3.570","three_p_pct":"0.338","ft":"1.218","fta":"1.529","ft_pct":"0.797","orb":"1.117","drb":"2.330","trb":"3.447","ast":"1.151","stl":"0.574","blk":"0.102","tov":"1.018","pf":"1.774","pts":"7.942"}]