[{"game_id":1022,"team_name":"MEM","player_id":"{\"tillmxa01\"}","player_name":"{\"Xavier Tillman Sr.\"}","ts_pct":"0.603","efg_pct":"0.608","three_par":"0.181","ftr":"0.100","orb_pct":"6.551","drb_pct":"18.442","trb_pct":"12.546","ast_pct":"11.347","stl_pct":"1.511","blk_pct":"1.751","tov_pct":"11.736","usg_pct":"13.400","ortg":"120.694","drtg":"114.471","bpm":"0.795"},{"game_id":1022,"team_name":"MEM","player_id":"{\"moranja01\"}","player_name":"{\"Ja Morant\"}","ts_pct":"0.530","efg_pct":"0.469","three_par":"0.282","ftr":"0.480","orb_pct":"2.275","drb_pct":"11.802","trb_pct":"6.962","ast_pct":"31.191","stl_pct":"1.411","blk_pct":"1.186","tov_pct":"18.020","usg_pct":"25.774","ortg":"103.812","drtg":"114.929","bpm":"-0.506"},{"game_id":1022,"team_name":"MEM","player_id":"{\"brookdi01\"}","player_name":"{\"Dillon Brooks\"}","ts_pct":"0.539","efg_pct":"0.493","three_par":"0.415","ftr":"0.303","orb_pct":"1.502","drb_pct":"6.707","trb_pct":"4.149","ast_pct":"9.478","stl_pct":"1.351","blk_pct":"0.522","tov_pct":"10.331","usg_pct":"24.009","ortg":"104.600","drtg":"116.824","bpm":"-4.171"},{"game_id":1022,"team_name":"MEM","player_id":"{\"anderky01\"}","player_name":"{\"Kyle Anderson\"}","ts_pct":"0.597","efg_pct":"0.556","three_par":"0.417","ftr":"0.398","orb_pct":"3.022","drb_pct":"15.693","trb_pct":"9.172","ast_pct":"19.542","stl_pct":"1.836","blk_pct":"1.219","tov_pct":"10.749","usg_pct":"19.565","ortg":"119.965","drtg":"112.953","bpm":"2.499"},{"game_id":1022,"team_name":"MEM","player_id":"{\"valanjo01\"}","player_name":"{\"Jonas Valančiūnas\"}","ts_pct":"0.631","efg_pct":"0.618","three_par":"0.076","ftr":"0.237","orb_pct":"13.659","drb_pct":"29.262","trb_pct":"21.373","ast_pct":"9.205","stl_pct":"1.445","blk_pct":"4.498","tov_pct":"10.506","usg_pct":"19.254","ortg":"125.976","drtg":"106.624","bpm":"2.544"},{"game_id":1022,"team_name":"MEM","player_id":"{\"jacksja02\"}","player_name":"{\"Jaren Jackson Jr.\"}","ts_pct":"0.564","efg_pct":"0.497","three_par":"0.477","ftr":"0.400","orb_pct":"5.221","drb_pct":"17.669","trb_pct":"11.294","ast_pct":"6.184","stl_pct":"2.368","blk_pct":"4.298","tov_pct":"9.172","usg_pct":"27.514","ortg":"109.082","drtg":"111.812","bpm":"0.599"},{"game_id":1022,"team_name":"MEM","player_id":"benchMEM","player_name":"Bench of MEM","ts_pct":"0.453","efg_pct":"0.441","three_par":"0.469","ftr":"0.170","orb_pct":"4.809","drb_pct":"16.158","trb_pct":"10.438","ast_pct":"16.965","stl_pct":"1.395","blk_pct":"2.298","tov_pct":"11.447","usg_pct":"16.251","ortg":"104.653","drtg":"112.584","bpm":"-1.831"},{"game_id":1022,"team_name":"NOP","player_id":"{\"iwundwe01\"}","player_name":"{\"Wes Iwundu\"}","ts_pct":"0.217","efg_pct":"0.129","three_par":"0.185","ftr":"0.404","orb_pct":"6.959","drb_pct":"10.632","trb_pct":"9.122","ast_pct":"8.640","stl_pct":"0.642","blk_pct":"0.151","tov_pct":"8.171","usg_pct":"9.904","ortg":"55.459","drtg":"114.435","bpm":"-10.095"},{"game_id":1022,"team_name":"NOP","player_id":"{\"balllo01\"}","player_name":"{\"Lonzo Ball\"}","ts_pct":"0.488","efg_pct":"0.478","three_par":"0.667","ftr":"0.094","orb_pct":"1.793","drb_pct":"19.075","trb_pct":"10.300","ast_pct":"26.652","stl_pct":"2.358","blk_pct":"0.840","tov_pct":"16.948","usg_pct":"24.404","ortg":"96.800","drtg":"105.400","bpm":"1.206"},{"game_id":1022,"team_name":"NOP","player_id":"{\"marshna01\"}","player_name":"{\"Naji Marshall\"}","ts_pct":"0.498","efg_pct":"0.473","three_par":"0.450","ftr":"0.195","orb_pct":"1.616","drb_pct":"20.293","trb_pct":"10.626","ast_pct":"16.509","stl_pct":"1.749","blk_pct":"1.587","tov_pct":"12.589","usg_pct":"16.109","ortg":"104.024","drtg":"105.824","bpm":"-0.767"},{"game_id":1022,"team_name":"NOP","player_id":"{\"bledser01\"}","player_name":"{\"Eric Bledsoe\"}","ts_pct":"0.571","efg_pct":"0.554","three_par":"0.463","ftr":"0.366","orb_pct":"1.742","drb_pct":"11.118","trb_pct":"6.260","ast_pct":"21.088","stl_pct":"2.078","blk_pct":"0.974","tov_pct":"8.762","usg_pct":"19.308","ortg":"117.306","drtg":"107.812","bpm":"2.434"},{"game_id":1022,"team_name":"NOP","player_id":"{\"johnsja01\"}","player_name":"{\"James Johnson\"}","ts_pct":"0.471","efg_pct":"0.466","three_par":"0.322","ftr":"0.233","orb_pct":"4.588","drb_pct":"17.071","trb_pct":"10.448","ast_pct":"6.511","stl_pct":"1.668","blk_pct":"3.619","tov_pct":"11.684","usg_pct":"18.232","ortg":"91.976","drtg":"106.965","bpm":"-4.887"},{"game_id":1022,"team_name":"NOP","player_id":"{\"hernawi01\"}","player_name":"{\"Willy Hernangómez\"}","ts_pct":"0.613","efg_pct":"0.576","three_par":"0.020","ftr":"0.388","orb_pct":"12.047","drb_pct":"27.324","trb_pct":"19.466","ast_pct":"7.616","stl_pct":"2.121","blk_pct":"2.056","tov_pct":"18.472","usg_pct":"15.932","ortg":"122.141","drtg":"103.988","bpm":"0.274"},{"game_id":1022,"team_name":"NOP","player_id":"benchNOP","player_name":"Bench of NOP","ts_pct":"0.482","efg_pct":"0.460","three_par":"0.318","ftr":"0.256","orb_pct":"6.457","drb_pct":"13.050","trb_pct":"9.890","ast_pct":"7.929","stl_pct":"2.461","blk_pct":"4.138","tov_pct":"15.240","usg_pct":"19.465","ortg":"95.932","drtg":"106.105","bpm":"-3.138"}]