[{"game_id":124,"team_name":"NOP","player_id":"teamNOP","player_name":"Team name: NOP","ts_pct":"0.500","efg_pct":"0.470","three_par":"0.360","ftr":"0.333","orb_pct":"4.892","drb_pct":"16.235","trb_pct":"10.703","ast_pct":"13.147","stl_pct":"1.948","blk_pct":"1.903","tov_pct":"13.690","usg_pct":"18.821","ortg":"101.168","drtg":"106.747","bpm":"-0.930"},{"game_id":124,"team_name":"CHO","player_id":"teamCHO","player_name":"Team name: CHO","ts_pct":"0.510","efg_pct":"0.476","three_par":"0.359","ftr":"0.350","orb_pct":"4.469","drb_pct":"15.526","trb_pct":"9.683","ast_pct":"16.595","stl_pct":"1.753","blk_pct":"2.050","tov_pct":"12.124","usg_pct":"18.927","ortg":"102.959","drtg":"110.955","bpm":"-1.451"}]