[{"game_id":1137,"team_name":"MIL","player_id":"teamMIL","player_name":"Team name: MIL","fg":"43.720","fga":"93.274","fg_pct":"0.469","three_p":"11.057","three_pa":"35.400","three_p_pct":"0.312","ft":"15.829","fta":"22.154","ft_pct":"0.714","orb":"13.006","drb":"40.971","trb":"53.977","ast":"23.326","stl":"6.520","blk":"3.291","tov":"13.349","pf":"16.411","pts":"114.326"},{"game_id":1137,"team_name":"BRK","player_id":"teamBRK","player_name":"Team name: BRK","fg":"44.257","fga":"87.000","fg_pct":"0.509","three_p":"15.303","three_pa":"34.629","three_p_pct":"0.442","ft":"17.891","fta":"20.714","ft_pct":"0.864","orb":"8.309","drb":"34.349","trb":"42.657","ast":"26.349","stl":"7.017","blk":"6.583","tov":"9.714","pf":"21.114","pts":"121.709"}]