[{"game_id":1261,"team_name":"WAS","player_id":"{\"bealbr01\"}","player_name":"{\"Bradley Beal\"}","fg":"8.224","fga":"19.788","fg_pct":"0.416","three_p":"2.847","three_pa":"8.129","three_p_pct":"0.350","ft":"5.294","fta":"6.329","ft_pct":"0.836","orb":"0.600","drb":"3.471","trb":"4.071","ast":"5.553","stl":"1.294","blk":"0.365","tov":"2.953","pf":"2.059","pts":"24.588"},{"game_id":1261,"team_name":"WAS","player_id":"{\"browntr01\"}","player_name":"{\"Troy Brown Jr.\"}","fg":"4.059","fga":"8.588","fg_pct":"0.473","three_p":"1.259","three_pa":"3.259","three_p_pct":"0.386","ft":"0.765","fta":"1.059","ft_pct":"0.722","orb":"1.200","drb":"3.282","trb":"4.482","ast":"1.976","stl":"0.953","blk":"0.306","tov":"0.906","pf":"1.682","pts":"10.141"},{"game_id":1261,"team_name":"WAS","player_id":"{\"bryanth01\"}","player_name":"{\"Thomas Bryant\"}","fg":"5.459","fga":"10.259","fg_pct":"0.532","three_p":"0.729","three_pa":"2.718","three_p_pct":"0.268","ft":"2.071","fta":"2.812","ft_pct":"0.736","orb":"1.882","drb":"7.706","trb":"9.588","ast":"2.459","stl":"0.765","blk":"1.753","tov":"1.529","pf":"1.671","pts":"13.718"},{"game_id":1261,"team_name":"WAS","player_id":"{\"thomais02\"}","player_name":"{\"Isaiah Thomas\"}","fg":"3.941","fga":"10.341","fg_pct":"0.381","three_p":"1.494","three_pa":"4.529","three_p_pct":"0.330","ft":"1.447","fta":"1.941","ft_pct":"0.745","orb":"0.329","drb":"1.447","trb":"1.776","ast":"4.424","stl":"0.553","blk":"0.153","tov":"1.906","pf":"1.576","pts":"10.824"},{"game_id":1261,"team_name":"WAS","player_id":"{\"bongais01\"}","player_name":"{\"Isaac Bonga\"}","fg":"1.400","fga":"3.588","fg_pct":"0.390","three_p":"0.106","three_pa":"0.635","three_p_pct":"0.167","ft":"0.882","fta":"1.459","ft_pct":"0.605","orb":"0.976","drb":"2.282","trb":"3.259","ast":"1.824","stl":"0.988","blk":"0.329","tov":"0.706","pf":"2.718","pts":"3.788"},{"game_id":1261,"team_name":"WAS","player_id":"{\"bertada01\"}","player_name":"{\"Dāvis Bertāns\"}","fg":"3.365","fga":"7.235","fg_pct":"0.465","three_p":"2.565","three_pa":"5.471","three_p_pct":"0.469","ft":"1.247","fta":"1.506","ft_pct":"0.828","orb":"0.000","drb":"2.447","trb":"2.447","ast":"1.282","stl":"0.224","blk":"0.176","tov":"0.588","pf":"2.424","pts":"10.541"},{"game_id":1261,"team_name":"WAS","player_id":"benchWAS","player_name":"Bench of WAS","fg":"3.443","fga":"7.486","fg_pct":"0.460","three_p":"0.946","three_pa":"2.547","three_p_pct":"0.371","ft":"0.916","fta":"1.105","ft_pct":"0.829","orb":"0.798","drb":"2.244","trb":"3.042","ast":"1.261","stl":"0.423","blk":"0.318","tov":"1.116","pf":"1.519","pts":"8.748"},{"game_id":1261,"team_name":"DET","player_id":"{\"makerth01\"}","player_name":"{\"Thon Maker\"}","fg":"1.024","fga":"3.153","fg_pct":"0.325","three_p":"0.129","three_pa":"0.965","three_p_pct":"0.134","ft":"1.165","fta":"1.765","ft_pct":"0.660","orb":"0.635","drb":"1.800","trb":"2.435","ast":"0.553","stl":"0.353","blk":"0.635","tov":"0.600","pf":"1.659","pts":"3.341"},{"game_id":1261,"team_name":"DET","player_id":"{\"drumman01\"}","player_name":"{\"Andre Drummond\"}","fg":"8.753","fga":"15.141","fg_pct":"0.578","three_p":"0.000","three_pa":"0.682","three_p_pct":"0.000","ft":"3.282","fta":"5.553","ft_pct":"0.591","orb":"4.882","drb":"13.129","trb":"18.012","ast":"2.588","stl":"1.671","blk":"2.459","tov":"3.894","pf":"4.271","pts":"20.788"},{"game_id":1261,"team_name":"DET","player_id":"{\"brownbr01\"}","player_name":"{\"Bruce Brown\"}","fg":"2.506","fga":"6.482","fg_pct":"0.387","three_p":"0.400","three_pa":"1.659","three_p_pct":"0.241","ft":"1.353","fta":"1.976","ft_pct":"0.685","orb":"0.294","drb":"3.447","trb":"3.741","ast":"1.506","stl":"0.765","blk":"0.188","tov":"1.859","pf":"3.341","pts":"6.765"},{"game_id":1261,"team_name":"DET","player_id":"{\"kennalu01\"}","player_name":"{\"Luke Kennard\"}","fg":"5.235","fga":"11.812","fg_pct":"0.443","three_p":"2.506","three_pa":"5.882","three_p_pct":"0.426","ft":"2.435","fta":"2.600","ft_pct":"0.937","orb":"0.094","drb":"2.671","trb":"2.765","ast":"3.494","stl":"0.424","blk":"0.071","tov":"1.082","pf":"1.553","pts":"15.412"},{"game_id":1261,"team_name":"DET","player_id":"{\"snellto01\"}","player_name":"{\"Tony Snell\"}","fg":"2.224","fga":"5.518","fg_pct":"0.403","three_p":"1.353","three_pa":"3.600","three_p_pct":"0.376","ft":"0.282","fta":"0.282","ft_pct":"1.000","orb":"0.435","drb":"1.129","trb":"1.565","ast":"1.647","stl":"0.506","blk":"0.318","tov":"0.200","pf":"1.435","pts":"6.082"},{"game_id":1261,"team_name":"DET","player_id":"{\"mykhasv01\"}","player_name":"{\"Svi Mykhailiuk\"}","fg":"1.282","fga":"3.788","fg_pct":"0.338","three_p":"0.965","three_pa":"2.588","three_p_pct":"0.373","ft":"0.282","fta":"0.376","ft_pct":"0.750","orb":"0.200","drb":"0.929","trb":"1.129","ast":"0.894","stl":"0.329","blk":"0.247","tov":"0.376","pf":"0.294","pts":"3.812"},{"game_id":1261,"team_name":"DET","player_id":"benchDET","player_name":"Bench of DET","fg":"2.735","fga":"6.121","fg_pct":"0.447","three_p":"0.890","three_pa":"2.493","three_p_pct":"0.357","ft":"1.455","fta":"1.862","ft_pct":"0.781","orb":"0.534","drb":"2.262","trb":"2.795","ast":"0.828","stl":"0.447","blk":"0.330","tov":"0.904","pf":"1.204","pts":"7.956"}]