[{"game_id":1254,"team_name":"POR","player_id":"{\"trentga02\"}","player_name":"{\"Gary Trent Jr.\"}","fg":"1.294","fga":"3.729","fg_pct":"0.347","three_p":"0.224","three_pa":"1.412","three_p_pct":"0.159","ft":"0.259","fta":"0.388","ft_pct":"0.668","orb":"0.118","drb":"0.612","trb":"0.729","ast":"0.506","stl":"0.129","blk":"0.129","tov":"0.329","pf":"0.459","pts":"3.071"},{"game_id":1254,"team_name":"POR","player_id":"{\"lillada01\"}","player_name":"{\"Damian Lillard\"}","fg":"8.353","fga":"20.400","fg_pct":"0.409","three_p":"3.024","three_pa":"9.012","three_p_pct":"0.336","ft":"6.424","fta":"7.365","ft_pct":"0.872","orb":"0.424","drb":"5.247","trb":"5.671","ast":"8.118","stl":"1.271","blk":"0.412","tov":"2.612","pf":"2.729","pts":"26.153"},{"game_id":1254,"team_name":"POR","player_id":"{\"mccolcj01\"}","player_name":"{\"CJ McCollum\"}","fg":"9.000","fga":"21.682","fg_pct":"0.415","three_p":"2.600","three_pa":"6.388","three_p_pct":"0.407","ft":"3.247","fta":"4.012","ft_pct":"0.809","orb":"0.600","drb":"3.012","trb":"3.612","ast":"3.882","stl":"1.012","blk":"0.388","tov":"2.871","pf":"3.235","pts":"23.847"},{"game_id":1254,"team_name":"POR","player_id":"{\"hezonma01\"}","player_name":"{\"Mario Hezonja\"}","fg":"3.129","fga":"7.176","fg_pct":"0.436","three_p":"0.588","three_pa":"2.294","three_p_pct":"0.256","ft":"1.588","fta":"1.929","ft_pct":"0.823","orb":"0.412","drb":"5.906","trb":"6.318","ast":"2.353","stl":"1.024","blk":"0.271","tov":"2.129","pf":"2.529","pts":"8.435"},{"game_id":1254,"team_name":"POR","player_id":"{\"hoodro01\"}","player_name":"{\"Rodney Hood\"}","fg":"3.776","fga":"8.671","fg_pct":"0.435","three_p":"1.635","three_pa":"4.153","three_p_pct":"0.394","ft":"1.682","fta":"2.047","ft_pct":"0.822","orb":"0.647","drb":"2.659","trb":"3.306","ast":"0.541","stl":"1.153","blk":"0.541","tov":"0.824","pf":"2.318","pts":"10.871"},{"game_id":1254,"team_name":"POR","player_id":"{\"tollian01\"}","player_name":"{\"Anthony Tolliver\"}","fg":"0.965","fga":"3.459","fg_pct":"0.279","three_p":"0.835","three_pa":"2.906","three_p_pct":"0.287","ft":"0.400","fta":"0.529","ft_pct":"0.756","orb":"0.212","drb":"3.247","trb":"3.459","ast":"1.176","stl":"0.541","blk":"0.553","tov":"0.494","pf":"1.318","pts":"3.165"},{"game_id":1254,"team_name":"POR","player_id":"benchPOR","player_name":"Bench of POR","fg":"2.627","fga":"5.946","fg_pct":"0.442","three_p":"0.786","three_pa":"2.107","three_p_pct":"0.373","ft":"0.856","fta":"1.337","ft_pct":"0.640","orb":"0.778","drb":"2.068","trb":"2.846","ast":"0.778","stl":"0.557","blk":"0.479","tov":"1.112","pf":"2.382","pts":"6.897"},{"game_id":1254,"team_name":"PHI","player_id":"{\"netora01\"}","player_name":"{\"Raul Neto\"}","fg":"0.859","fga":"2.494","fg_pct":"0.344","three_p":"0.082","three_pa":"0.435","three_p_pct":"0.189","ft":"0.247","fta":"0.329","ft_pct":"0.751","orb":"0.212","drb":"0.741","trb":"0.953","ast":"1.153","stl":"0.000","blk":"0.129","tov":"0.600","pf":"0.529","pts":"2.047"},{"game_id":1254,"team_name":"PHI","player_id":"{\"simmobe01\"}","player_name":"{\"Ben Simmons\"}","fg":"6.165","fga":"11.024","fg_pct":"0.559","three_p":"0.000","three_pa":"0.000","three_p_pct":"NaN","ft":"1.965","fta":"3.812","ft_pct":"0.515","orb":"1.259","drb":"4.776","trb":"6.035","ast":"6.624","stl":"2.012","blk":"0.965","tov":"3.788","pf":"4.012","pts":"14.294"},{"game_id":1254,"team_name":"PHI","player_id":"{\"harrito02\"}","player_name":"{\"Tobias Harris\"}","fg":"6.294","fga":"14.118","fg_pct":"0.446","three_p":"1.835","three_pa":"6.071","three_p_pct":"0.302","ft":"2.329","fta":"2.882","ft_pct":"0.808","orb":"0.682","drb":"7.882","trb":"8.565","ast":"3.165","stl":"1.247","blk":"0.282","tov":"2.294","pf":"3.376","pts":"16.753"},{"game_id":1254,"team_name":"PHI","player_id":"{\"richajo01\"}","player_name":"{\"Josh Richardson\"}","fg":"4.412","fga":"11.671","fg_pct":"0.378","three_p":"1.447","three_pa":"5.235","three_p_pct":"0.276","ft":"2.671","fta":"2.976","ft_pct":"0.898","orb":"0.753","drb":"2.600","trb":"3.353","ast":"3.647","stl":"1.635","blk":"0.859","tov":"1.694","pf":"2.694","pts":"12.941"},{"game_id":1254,"team_name":"PHI","player_id":"{\"horfoal01\"}","player_name":"{\"Al Horford\"}","fg":"5.247","fga":"12.341","fg_pct":"0.425","three_p":"1.741","three_pa":"4.976","three_p_pct":"0.350","ft":"2.294","fta":"2.929","ft_pct":"0.783","orb":"2.047","drb":"6.812","trb":"8.859","ast":"4.035","stl":"0.553","blk":"0.835","tov":"1.212","pf":"3.447","pts":"14.529"},{"game_id":1254,"team_name":"PHI","player_id":"{\"ennisja01\"}","player_name":"{\"James Ennis III\"}","fg":"2.024","fga":"5.071","fg_pct":"0.399","three_p":"0.553","three_pa":"2.235","three_p_pct":"0.247","ft":"1.588","fta":"2.212","ft_pct":"0.718","orb":"1.753","drb":"3.424","trb":"5.176","ast":"0.941","stl":"0.165","blk":"0.365","tov":"0.929","pf":"1.976","pts":"6.188"},{"game_id":1254,"team_name":"PHI","player_id":"benchPHI","player_name":"Bench of PHI","fg":"1.558","fga":"4.174","fg_pct":"0.373","three_p":"0.782","three_pa":"2.490","three_p_pct":"0.314","ft":"0.908","fta":"1.187","ft_pct":"0.765","orb":"0.404","drb":"1.663","trb":"2.067","ast":"0.939","stl":"0.840","blk":"0.565","tov":"1.109","pf":"1.941","pts":"4.805"}]