[{"game_id":1257,"team_name":"MIA","player_id":"{\"silvach01\"}","player_name":"{\"Chris Silva\"}","fg":"1.418","fga":"2.109","fg_pct":"0.672","three_p":"0.000","three_pa":"0.000","three_p_pct":"NaN","ft":"0.727","fta":"0.727","ft_pct":"1.000","orb":"2.236","drb":"0.909","trb":"3.145","ast":"0.655","stl":"0.673","blk":"1.127","tov":"1.418","pf":"2.782","pts":"3.564"},{"game_id":1257,"team_name":"MIA","player_id":"{\"robindu01\"}","player_name":"{\"Duncan Robinson\"}","fg":"3.059","fga":"6.306","fg_pct":"0.485","three_p":"1.624","three_pa":"4.318","three_p_pct":"0.376","ft":"0.376","fta":"0.471","ft_pct":"0.798","orb":"0.176","drb":"1.506","trb":"1.682","ast":"0.576","stl":"0.376","blk":"0.376","tov":"0.647","pf":"1.647","pts":"8.118"},{"game_id":1257,"team_name":"MIA","player_id":"{\"herroty01\"}","player_name":"{\"Tyler Herro\"}","fg":"5.855","fga":"12.745","fg_pct":"0.459","three_p":"2.091","three_pa":"5.800","three_p_pct":"0.361","ft":"2.982","fta":"3.855","ft_pct":"0.774","orb":"0.236","drb":"5.455","trb":"5.691","ast":"2.109","stl":"0.764","blk":"0.000","tov":"2.382","pf":"1.709","pts":"16.782"},{"game_id":1257,"team_name":"MIA","player_id":"{\"leoname01\"}","player_name":"{\"Meyers Leonard\"}","fg":"3.706","fga":"6.565","fg_pct":"0.565","three_p":"1.894","three_pa":"3.412","three_p_pct":"0.555","ft":"0.329","fta":"0.765","ft_pct":"0.430","orb":"0.506","drb":"5.553","trb":"6.059","ast":"1.518","stl":"0.318","blk":"0.824","tov":"0.659","pf":"2.706","pts":"9.635"},{"game_id":1257,"team_name":"MIA","player_id":"{\"dragigo01\"}","player_name":"{\"Goran Dragić\"}","fg":"3.976","fga":"10.141","fg_pct":"0.392","three_p":"1.671","three_pa":"4.824","three_p_pct":"0.346","ft":"3.118","fta":"4.482","ft_pct":"0.696","orb":"0.529","drb":"3.012","trb":"3.541","ast":"4.918","stl":"0.753","blk":"0.212","tov":"2.329","pf":"2.200","pts":"12.741"},{"game_id":1257,"team_name":"MIA","player_id":"{\"butleji01\"}","player_name":"{\"Jimmy Butler\"}","fg":"6.000","fga":"14.318","fg_pct":"0.419","three_p":"0.965","three_pa":"3.741","three_p_pct":"0.258","ft":"5.776","fta":"7.176","ft_pct":"0.805","orb":"2.071","drb":"4.729","trb":"6.800","ast":"5.776","stl":"2.200","blk":"0.859","tov":"2.635","pf":"1.435","pts":"18.741"},{"game_id":1257,"team_name":"MIA","player_id":"benchMIA","player_name":"Bench of MIA","fg":"4.506","fga":"9.052","fg_pct":"0.498","three_p":"1.218","three_pa":"3.239","three_p_pct":"0.376","ft":"2.118","fta":"2.848","ft_pct":"0.744","orb":"0.917","drb":"3.974","trb":"4.892","ast":"2.796","stl":"1.018","blk":"0.750","tov":"2.008","pf":"2.497","pts":"12.349"},{"game_id":1257,"team_name":"HOU","player_id":"{\"anderry01\"}","player_name":"{\"Ryan Anderson\"}","fg":"0.259","fga":"1.071","fg_pct":"0.242","three_p":"0.259","three_pa":"0.824","three_p_pct":"0.314","ft":"0.071","fta":"0.141","ft_pct":"0.504","orb":"0.388","drb":"0.729","trb":"1.118","ast":"0.106","stl":"0.106","blk":"0.000","tov":"0.153","pf":"0.294","pts":"0.847"},{"game_id":1257,"team_name":"HOU","player_id":"{\"hardeja01\"}","player_name":"{\"James Harden\"}","fg":"10.282","fga":"25.259","fg_pct":"0.407","three_p":"3.553","three_pa":"13.647","three_p_pct":"0.260","ft":"12.624","fta":"13.988","ft_pct":"0.902","orb":"0.941","drb":"4.494","trb":"5.435","ast":"7.424","stl":"1.306","blk":"0.459","tov":"4.859","pf":"3.729","pts":"36.741"},{"game_id":1257,"team_name":"HOU","player_id":"{\"westbru01\"}","player_name":"{\"Russell Westbrook\"}","fg":"8.682","fga":"20.129","fg_pct":"0.431","three_p":"1.612","three_pa":"5.424","three_p_pct":"0.297","ft":"4.271","fta":"5.765","ft_pct":"0.741","orb":"2.188","drb":"7.847","trb":"10.035","ast":"10.141","stl":"1.788","blk":"0.659","tov":"3.918","pf":"3.129","pts":"23.247"},{"game_id":1257,"team_name":"HOU","player_id":"{\"tuckepj01\"}","player_name":"{\"P.J. Tucker\"}","fg":"4.624","fga":"8.600","fg_pct":"0.538","three_p":"2.894","three_pa":"5.529","three_p_pct":"0.523","ft":"1.094","fta":"1.094","ft_pct":"1.000","orb":"2.188","drb":"5.318","trb":"7.506","ast":"1.953","stl":"1.871","blk":"0.671","tov":"1.059","pf":"3.718","pts":"13.235"},{"game_id":1257,"team_name":"HOU","player_id":"{\"riverau01\"}","player_name":"{\"Austin Rivers\"}","fg":"2.694","fga":"6.059","fg_pct":"0.445","three_p":"1.447","three_pa":"3.824","three_p_pct":"0.378","ft":"0.412","fta":"0.788","ft_pct":"0.523","orb":"0.176","drb":"1.576","trb":"1.753","ast":"1.294","stl":"0.224","blk":"0.059","tov":"0.294","pf":"2.988","pts":"7.247"},{"game_id":1257,"team_name":"HOU","player_id":"{\"chandty01\"}","player_name":"{\"Tyson Chandler\"}","fg":"0.965","fga":"1.071","fg_pct":"0.901","three_p":"0.000","three_pa":"0.000","three_p_pct":"NaN","ft":"0.235","fta":"0.576","ft_pct":"0.408","orb":"0.824","drb":"2.424","trb":"3.247","ast":"0.094","stl":"0.424","blk":"0.247","tov":"0.494","pf":"1.329","pts":"2.165"},{"game_id":1257,"team_name":"HOU","player_id":"benchHOU","player_name":"Bench of HOU","fg":"3.096","fga":"7.007","fg_pct":"0.442","three_p":"1.040","three_pa":"3.244","three_p_pct":"0.321","ft":"1.022","fta":"1.541","ft_pct":"0.663","orb":"1.042","drb":"2.660","trb":"3.702","ast":"0.956","stl":"0.539","blk":"0.495","tov":"1.010","pf":"1.696","pts":"8.376"}]