[{"game_id":1148,"team_name":"UTA","player_id":"{\"niangge01\"}","player_name":"{\"Georges Niang\"}","ts_pct":"0.319","efg_pct":"0.305","three_par":"0.831","ftr":"0.054","orb_pct":"1.295","drb_pct":"13.496","trb_pct":"7.500","ast_pct":"10.727","stl_pct":"0.000","blk_pct":"0.625","tov_pct":"18.139","usg_pct":"16.946","ortg":"76.859","drtg":"124.659","bpm":"-10.292"},{"game_id":1148,"team_name":"UTA","player_id":"{\"favorde01\"}","player_name":"{\"Derrick Favors\"}","ts_pct":"0.694","efg_pct":"0.694","three_par":"0.000","ftr":"0.365","orb_pct":"15.838","drb_pct":"15.734","trb_pct":"16.054","ast_pct":"2.699","stl_pct":"0.544","blk_pct":"5.878","tov_pct":"20.592","usg_pct":"10.144","ortg":"125.176","drtg":"118.765","bpm":"-3.032"},{"game_id":1148,"team_name":"UTA","player_id":"{\"onimi01\"}","player_name":"{\"Miye Oni\"}","ts_pct":"0.141","efg_pct":"0.141","three_par":"0.671","ftr":"0.000","orb_pct":"7.506","drb_pct":"0.428","trb_pct":"3.786","ast_pct":"0.635","stl_pct":"0.631","blk_pct":"0.000","tov_pct":"0.000","usg_pct":"6.304","ortg":"74.600","drtg":"125.271","bpm":"-11.541"},{"game_id":1148,"team_name":"UTA","player_id":"{\"goberru01\"}","player_name":"{\"Rudy Gobert\"}","ts_pct":"0.747","efg_pct":"0.734","three_par":"0.026","ftr":"0.912","orb_pct":"12.378","drb_pct":"31.722","trb_pct":"22.658","ast_pct":"2.347","stl_pct":"0.602","blk_pct":"6.099","tov_pct":"11.318","usg_pct":"15.175","ortg":"145.435","drtg":"114.894","bpm":"3.000"},{"game_id":1148,"team_name":"UTA","player_id":"{\"onealro01\"}","player_name":"{\"Royce O'Neale\"}","ts_pct":"0.684","efg_pct":"0.652","three_par":"0.748","ftr":"0.237","orb_pct":"3.515","drb_pct":"18.000","trb_pct":"10.924","ast_pct":"8.127","stl_pct":"1.674","blk_pct":"0.755","tov_pct":"9.998","usg_pct":"10.411","ortg":"136.047","drtg":"119.424","bpm":"2.819"},{"game_id":1148,"team_name":"UTA","player_id":"{\"bogdabo02\"}","player_name":"{\"Bojan Bogdanović\"}","ts_pct":"0.616","efg_pct":"0.558","three_par":"0.472","ftr":"0.361","orb_pct":"1.053","drb_pct":"12.974","trb_pct":"7.260","ast_pct":"9.235","stl_pct":"1.460","blk_pct":"0.000","tov_pct":"12.239","usg_pct":"19.613","ortg":"116.118","drtg":"121.800","bpm":"-0.188"},{"game_id":1148,"team_name":"UTA","player_id":"benchUTA","player_name":"Bench of UTA","ts_pct":"0.602","efg_pct":"0.573","three_par":"0.602","ftr":"0.203","orb_pct":"1.346","drb_pct":"11.546","trb_pct":"6.605","ast_pct":"20.183","stl_pct":"1.307","blk_pct":"0.446","tov_pct":"10.627","usg_pct":"28.604","ortg":"119.506","drtg":"122.290","bpm":"3.481"},{"game_id":1148,"team_name":"LAC","player_id":"{\"rondora01\"}","player_name":"{\"Rajon Rondo\"}","ts_pct":"0.457","efg_pct":"0.427","three_par":"0.545","ftr":"0.215","orb_pct":"1.236","drb_pct":"11.453","trb_pct":"6.593","ast_pct":"28.579","stl_pct":"0.752","blk_pct":"1.294","tov_pct":"19.205","usg_pct":"15.873","ortg":"95.200","drtg":"118.624","bpm":"-6.004"},{"game_id":1148,"team_name":"LAC","player_id":"{\"zubaciv01\"}","player_name":"{\"Ivica Zubac\"}","ts_pct":"0.638","efg_pct":"0.542","three_par":"0.000","ftr":"0.634","orb_pct":"18.262","drb_pct":"22.754","trb_pct":"20.262","ast_pct":"9.119","stl_pct":"0.000","blk_pct":"6.304","tov_pct":"27.046","usg_pct":"16.353","ortg":"126.294","drtg":"113.941","bpm":"-1.701"},{"game_id":1148,"team_name":"LAC","player_id":"{\"batumni01\"}","player_name":"{\"Nicolas Batum\"}","ts_pct":"0.640","efg_pct":"0.602","three_par":"0.663","ftr":"0.311","orb_pct":"3.762","drb_pct":"16.792","trb_pct":"10.368","ast_pct":"11.147","stl_pct":"2.913","blk_pct":"1.806","tov_pct":"6.048","usg_pct":"11.627","ortg":"137.306","drtg":"112.024","bpm":"5.696"},{"game_id":1148,"team_name":"LAC","player_id":"{\"georgpa01\"}","player_name":"{\"Paul George\"}","ts_pct":"0.590","efg_pct":"0.507","three_par":"0.434","ftr":"0.438","orb_pct":"2.781","drb_pct":"21.655","trb_pct":"12.328","ast_pct":"19.969","stl_pct":"0.916","blk_pct":"1.121","tov_pct":"14.005","usg_pct":"29.055","ortg":"115.153","drtg":"116.176","bpm":"1.895"},{"game_id":1148,"team_name":"LAC","player_id":"{\"morrima03\"}","player_name":"{\"Marcus Morris\"}","ts_pct":"0.566","efg_pct":"0.542","three_par":"0.504","ftr":"0.181","orb_pct":"4.042","drb_pct":"13.218","trb_pct":"8.665","ast_pct":"6.967","stl_pct":"1.175","blk_pct":"1.038","tov_pct":"2.167","usg_pct":"16.166","ortg":"123.176","drtg":"117.941","bpm":"0.824"},{"game_id":1148,"team_name":"LAC","player_id":"{\"jacksre01\"}","player_name":"{\"Reggie Jackson\"}","ts_pct":"0.697","efg_pct":"0.676","three_par":"0.653","ftr":"0.133","orb_pct":"0.588","drb_pct":"7.995","trb_pct":"4.369","ast_pct":"15.515","stl_pct":"0.722","blk_pct":"0.000","tov_pct":"6.749","usg_pct":"19.413","ortg":"138.906","drtg":"121.012","bpm":"3.418"},{"game_id":1148,"team_name":"LAC","player_id":"benchLAC","player_name":"Bench of LAC","ts_pct":"0.457","efg_pct":"0.429","three_par":"0.324","ftr":"0.229","orb_pct":"1.778","drb_pct":"9.281","trb_pct":"5.698","ast_pct":"5.605","stl_pct":"0.717","blk_pct":"1.829","tov_pct":"6.142","usg_pct":"13.822","ortg":"92.928","drtg":"118.211","bpm":"-3.218"}]