[{"game_id":1078,"team_name":"OKC","player_id":"{\"halljo01\"}","player_name":"{\"Josh Hall\"}","fg":"1.259","fga":"4.929","fg_pct":"0.255","three_p":"0.118","three_pa":"1.753","three_p_pct":"0.067","ft":"0.624","fta":"1.376","ft_pct":"0.453","orb":"0.447","drb":"2.706","trb":"3.153","ast":"1.294","stl":"0.506","blk":"0.106","tov":"1.071","pf":"2.059","pts":"3.259"},{"game_id":1078,"team_name":"OKC","player_id":"{\"pokusal01\"}","player_name":"{\"Aleksej Pokusevski\"}","fg":"3.353","fga":"9.682","fg_pct":"0.346","three_p":"0.906","three_pa":"3.906","three_p_pct":"0.232","ft":"0.565","fta":"1.153","ft_pct":"0.490","orb":"0.682","drb":"3.576","trb":"4.259","ast":"2.506","stl":"0.541","blk":"0.282","tov":"2.871","pf":"1.506","pts":"8.176"},{"game_id":1078,"team_name":"OKC","player_id":"{\"brownmo01\"}","player_name":"{\"Moses Brown\"}","fg":"2.659","fga":"5.494","fg_pct":"0.484","three_p":"0.000","three_pa":"0.000","three_p_pct":"NaN","ft":"2.024","fta":"3.400","ft_pct":"0.595","orb":"4.129","drb":"5.729","trb":"9.859","ast":"0.059","stl":"1.047","blk":"0.835","tov":"0.941","pf":"2.612","pts":"7.341"},{"game_id":1078,"team_name":"OKC","player_id":"{\"brownch02\"}","player_name":"{\"Charlie Brown Jr.\"}","fg":"1.306","fga":"3.553","fg_pct":"0.368","three_p":"0.518","three_pa":"1.753","three_p_pct":"0.295","ft":"0.753","fta":"0.753","ft_pct":"1.000","orb":"0.094","drb":"1.529","trb":"1.624","ast":"0.788","stl":"0.353","blk":"0.082","tov":"0.576","pf":"2.153","pts":"3.882"},{"game_id":1078,"team_name":"OKC","player_id":"{\"hoardja01\"}","player_name":"{\"Jaylen Hoard\"}","fg":"2.694","fga":"4.694","fg_pct":"0.574","three_p":"0.000","three_pa":"0.424","three_p_pct":"0.000","ft":"1.188","fta":"1.906","ft_pct":"0.623","orb":"0.835","drb":"2.729","trb":"3.565","ast":"1.541","stl":"0.729","blk":"0.094","tov":"0.129","pf":"0.482","pts":"6.576"},{"game_id":1078,"team_name":"OKC","player_id":"{\"deckga01\"}","player_name":"{\"Gabriel Deck\"}","fg":"3.358","fga":"7.000","fg_pct":"0.480","three_p":"0.259","three_pa":"1.444","three_p_pct":"0.179","ft":"2.185","fta":"2.568","ft_pct":"0.851","orb":"1.691","drb":"2.506","trb":"4.198","ast":"2.247","stl":"0.877","blk":"0.000","tov":"0.580","pf":"0.815","pts":"9.160"},{"game_id":1078,"team_name":"OKC","player_id":"benchOKC","player_name":"Bench of OKC","fg":"3.384","fga":"7.861","fg_pct":"0.430","three_p":"0.631","three_pa":"2.637","three_p_pct":"0.239","ft":"1.663","fta":"2.195","ft_pct":"0.758","orb":"0.967","drb":"3.080","trb":"4.047","ast":"1.730","stl":"0.622","blk":"0.393","tov":"1.705","pf":"1.673","pts":"9.061"},{"game_id":1078,"team_name":"LAC","player_id":"{\"jacksre01\"}","player_name":"{\"Reggie Jackson\"}","fg":"4.718","fga":"10.765","fg_pct":"0.438","three_p":"2.659","three_pa":"6.553","three_p_pct":"0.406","ft":"0.706","fta":"0.706","ft_pct":"1.000","orb":"0.271","drb":"2.847","trb":"3.118","ast":"2.847","stl":"0.776","blk":"0.153","tov":"1.188","pf":"1.271","pts":"12.800"},{"game_id":1078,"team_name":"LAC","player_id":"{\"pattepa01\"}","player_name":"{\"Patrick Patterson\"}","fg":"2.176","fga":"5.141","fg_pct":"0.423","three_p":"1.094","three_pa":"3.247","three_p_pct":"0.337","ft":"0.212","fta":"0.271","ft_pct":"0.782","orb":"0.553","drb":"1.412","trb":"1.965","ast":"0.529","stl":"0.247","blk":"0.059","tov":"0.165","pf":"0.682","pts":"5.659"},{"game_id":1078,"team_name":"LAC","player_id":"{\"oturuda01\"}","player_name":"{\"Daniel Oturu\"}","fg":"0.529","fga":"0.788","fg_pct":"0.671","three_p":"0.000","three_pa":"0.000","three_p_pct":"NaN","ft":"0.518","fta":"0.588","ft_pct":"0.881","orb":"0.671","drb":"1.035","trb":"1.706","ast":"0.247","stl":"0.153","blk":"0.424","tov":"0.306","pf":"1.071","pts":"1.576"},{"game_id":1078,"team_name":"LAC","player_id":"{\"scrubja01\"}","player_name":"{\"Jay Scrubb\"}","fg":"2.500","fga":"6.722","fg_pct":"0.372","three_p":"0.722","three_pa":"1.806","three_p_pct":"0.400","ft":"1.750","fta":"1.750","ft_pct":"1.000","orb":"0.000","drb":"2.500","trb":"2.500","ast":"0.000","stl":"1.083","blk":"0.000","tov":"2.056","pf":"1.056","pts":"7.472"},{"game_id":1078,"team_name":"LAC","player_id":"{\"kennalu01\"}","player_name":"{\"Luke Kennard\"}","fg":"3.212","fga":"6.835","fg_pct":"0.470","three_p":"1.624","three_pa":"3.871","three_p_pct":"0.420","ft":"0.447","fta":"0.518","ft_pct":"0.863","orb":"0.118","drb":"1.212","trb":"1.329","ast":"1.494","stl":"0.165","blk":"0.071","tov":"0.624","pf":"0.835","pts":"8.494"},{"game_id":1078,"team_name":"LAC","player_id":"{\"ferreyo01\"}","player_name":"{\"Yogi Ferrell\"}","fg":"1.506","fga":"4.612","fg_pct":"0.327","three_p":"0.706","three_pa":"2.329","three_p_pct":"0.303","ft":"0.600","fta":"0.765","ft_pct":"0.784","orb":"0.200","drb":"1.024","trb":"1.224","ast":"2.035","stl":"0.718","blk":"0.365","tov":"0.224","pf":"0.835","pts":"4.318"},{"game_id":1078,"team_name":"LAC","player_id":"benchLAC","player_name":"Bench of LAC","fg":"3.040","fga":"5.657","fg_pct":"0.537","three_p":"0.613","three_pa":"1.815","three_p_pct":"0.338","ft":"1.139","fta":"1.267","ft_pct":"0.899","orb":"1.124","drb":"3.300","trb":"4.424","ast":"1.465","stl":"0.312","blk":"0.578","tov":"0.790","pf":"1.957","pts":"7.831"}]