[{"game_id":1146,"team_name":"BRK","player_id":"teamBRK","player_name":"Team name: BRK","fg":"41.994","fga":"87.909","fg_pct":"0.478","three_p":"14.091","three_pa":"34.617","three_p_pct":"0.407","ft":"16.549","fta":"18.789","ft_pct":"0.881","orb":"7.851","drb":"35.040","trb":"42.891","ast":"23.766","stl":"7.469","blk":"5.669","tov":"10.251","pf":"21.577","pts":"114.629"},{"game_id":1146,"team_name":"MIL","player_id":"teamMIL","player_name":"Team name: MIL","fg":"41.269","fga":"91.669","fg_pct":"0.450","three_p":"11.263","three_pa":"36.851","three_p_pct":"0.306","ft":"14.171","fta":"20.486","ft_pct":"0.692","orb":"11.120","drb":"41.217","trb":"52.337","ast":"22.137","stl":"6.389","blk":"4.280","tov":"13.171","pf":"17.126","pts":"107.971"}]