[{"game_id":1081,"team_name":"IND","player_id":"{\"sampsja02\"}","player_name":"{\"JaKarr Sampson\"}","fg":"3.694","fga":"6.765","fg_pct":"0.546","three_p":"0.082","three_pa":"0.741","three_p_pct":"0.111","ft":"0.800","fta":"1.118","ft_pct":"0.716","orb":"1.459","drb":"2.294","trb":"3.753","ast":"0.294","stl":"0.000","blk":"0.729","tov":"0.800","pf":"2.976","pts":"8.271"},{"game_id":1081,"team_name":"IND","player_id":"{\"sumneed01\"}","player_name":"{\"Edmond Sumner\"}","fg":"4.035","fga":"7.612","fg_pct":"0.530","three_p":"0.906","three_pa":"1.776","three_p_pct":"0.510","ft":"1.906","fta":"2.153","ft_pct":"0.885","orb":"0.259","drb":"2.000","trb":"2.259","ast":"1.482","stl":"0.741","blk":"0.129","tov":"1.200","pf":"2.412","pts":"10.882"},{"game_id":1081,"team_name":"IND","player_id":"{\"stanlca01\"}","player_name":"{\"Cassius Stanley\"}","fg":"0.824","fga":"2.600","fg_pct":"0.317","three_p":"0.235","three_pa":"0.812","three_p_pct":"0.289","ft":"0.282","fta":"0.400","ft_pct":"0.705","orb":"0.435","drb":"0.612","trb":"1.047","ast":"0.082","stl":"0.118","blk":"0.000","tov":"0.000","pf":"0.694","pts":"2.165"},{"game_id":1081,"team_name":"IND","player_id":"{\"brissos01\"}","player_name":"{\"Oshae Brissett\"}","fg":"4.106","fga":"8.647","fg_pct":"0.475","three_p":"1.847","three_pa":"4.447","three_p_pct":"0.415","ft":"2.788","fta":"3.659","ft_pct":"0.762","orb":"1.341","drb":"4.176","trb":"5.518","ast":"1.247","stl":"1.141","blk":"0.518","tov":"0.471","pf":"1.788","pts":"12.847"},{"game_id":1081,"team_name":"IND","player_id":"{\"sabondo01\"}","player_name":"{\"Domantas Sabonis\"}","fg":"9.318","fga":"15.624","fg_pct":"0.596","three_p":"1.094","three_pa":"2.600","three_p_pct":"0.421","ft":"2.082","fta":"2.800","ft_pct":"0.744","orb":"1.835","drb":"11.812","trb":"13.647","ast":"10.318","stl":"1.776","blk":"0.471","tov":"3.729","pf":"2.718","pts":"21.812"},{"game_id":1081,"team_name":"IND","player_id":"{\"holidju01\"}","player_name":"{\"Justin Holiday\"}","fg":"4.188","fga":"8.729","fg_pct":"0.480","three_p":"2.776","three_pa":"6.153","three_p_pct":"0.451","ft":"1.106","fta":"1.435","ft_pct":"0.771","orb":"0.376","drb":"3.071","trb":"3.447","ast":"1.671","stl":"0.094","blk":"1.129","tov":"0.588","pf":"1.918","pts":"12.259"},{"game_id":1081,"team_name":"IND","player_id":"benchIND","player_name":"Bench of IND","fg":"4.541","fga":"9.360","fg_pct":"0.485","three_p":"1.220","three_pa":"3.382","three_p_pct":"0.361","ft":"1.462","fta":"1.751","ft_pct":"0.835","orb":"0.882","drb":"3.063","trb":"3.945","ast":"3.035","stl":"0.708","blk":"0.668","tov":"1.341","pf":"1.899","pts":"11.763"},{"game_id":1081,"team_name":"CHO","player_id":"{\"martica02\"}","player_name":"{\"Caleb Martin\"}","fg":"1.659","fga":"4.624","fg_pct":"0.359","three_p":"0.576","three_pa":"2.729","three_p_pct":"0.211","ft":"1.106","fta":"1.529","ft_pct":"0.723","orb":"0.200","drb":"1.671","trb":"1.871","ast":"1.447","stl":"0.565","blk":"0.353","tov":"0.506","pf":"1.388","pts":"5.000"},{"game_id":1081,"team_name":"CHO","player_id":"{\"careyve01\"}","player_name":"{\"Vernon Carey Jr.\"}","fg":"1.259","fga":"2.459","fg_pct":"0.512","three_p":"0.059","three_pa":"0.235","three_p_pct":"0.251","ft":"0.694","fta":"0.847","ft_pct":"0.819","orb":"0.471","drb":"1.153","trb":"1.624","ast":"0.059","stl":"0.071","blk":"0.318","tov":"0.188","pf":"0.894","pts":"3.271"},{"game_id":1081,"team_name":"CHO","player_id":"{\"richani01\"}","player_name":"{\"Nick Richards\"}","fg":"0.094","fga":"0.388","fg_pct":"0.242","three_p":"0.000","three_pa":"0.141","three_p_pct":"0.000","ft":"0.106","fta":"0.259","ft_pct":"0.409","orb":"0.306","drb":"0.200","trb":"0.506","ast":"0.224","stl":"0.000","blk":"0.000","tov":"0.188","pf":"0.306","pts":"0.294"},{"game_id":1081,"team_name":"CHO","player_id":"{\"rillegr01\"}","player_name":"{\"Grant Riller\"}","fg":"1.214","fga":"1.743","fg_pct":"0.697","three_p":"0.286","three_pa":"0.529","three_p_pct":"0.541","ft":"0.000","fta":"0.000","ft_pct":"NaN","orb":"0.000","drb":"0.171","trb":"0.171","ast":"0.386","stl":"0.143","blk":"0.000","tov":"0.143","pf":"0.000","pts":"2.714"},{"game_id":1081,"team_name":"CHO","player_id":"{\"darlina01\"}","player_name":"{\"Nate Darling\"}","fg":"0.257","fga":"0.886","fg_pct":"0.290","three_p":"0.257","three_pa":"0.886","three_p_pct":"0.290","ft":"0.514","fta":"0.514","ft_pct":"1.000","orb":"0.143","drb":"0.000","trb":"0.143","ast":"0.114","stl":"0.000","blk":"0.171","tov":"0.171","pf":"0.171","pts":"1.286"},{"game_id":1081,"team_name":"CHO","player_id":"{\"bridgmi02\"}","player_name":"{\"Miles Bridges\"}","fg":"7.694","fga":"15.871","fg_pct":"0.485","three_p":"2.812","three_pa":"7.247","three_p_pct":"0.388","ft":"2.624","fta":"2.918","ft_pct":"0.899","orb":"1.153","drb":"5.024","trb":"6.176","ast":"3.376","stl":"0.659","blk":"1.212","tov":"1.388","pf":"2.647","pts":"20.824"},{"game_id":1081,"team_name":"CHO","player_id":"benchCHO","player_name":"Bench of CHO","fg":"4.689","fga":"10.939","fg_pct":"0.429","three_p":"1.531","three_pa":"4.673","three_p_pct":"0.328","ft":"1.950","fta":"2.648","ft_pct":"0.736","orb":"1.415","drb":"4.078","trb":"5.493","ast":"3.200","stl":"0.918","blk":"0.462","tov":"1.517","pf":"2.025","pts":"12.857"}]