[{"game_id":1244,"team_name":"CHI","player_id":"teamCHI","player_name":"Team name: CHI","ts_pct":"0.510","efg_pct":"0.476","three_par":"0.353","ftr":"0.274","orb_pct":"4.332","drb_pct":"15.506","trb_pct":"9.548","ast_pct":"13.405","stl_pct":"1.547","blk_pct":"1.482","tov_pct":"8.697","usg_pct":"20.403","ortg":"105.865","drtg":"119.450","bpm":"-3.032"},{"game_id":1244,"team_name":"DET","player_id":"teamDET","player_name":"Team name: DET","ts_pct":"0.532","efg_pct":"0.497","three_par":"0.385","ftr":"0.324","orb_pct":"3.956","drb_pct":"15.545","trb_pct":"9.499","ast_pct":"16.531","stl_pct":"1.573","blk_pct":"1.329","tov_pct":"14.205","usg_pct":"21.554","ortg":"107.104","drtg":"125.175","bpm":"-2.595"}]