[{"game_id":118,"team_name":"MEM","player_id":"{\"clarkbr01\"}","player_name":"{\"Brandon Clarke\"}","fg":"4.941","fga":"10.671","fg_pct":"0.463","three_p":"0.671","three_pa":"2.224","three_p_pct":"0.302","ft":"1.129","fta":"2.424","ft_pct":"0.466","orb":"1.576","drb":"3.459","trb":"5.035","ast":"1.282","stl":"0.741","blk":"1.000","tov":"0.788","pf":"1.588","pts":"11.682"},{"game_id":118,"team_name":"MEM","player_id":"{\"brookdi01\"}","player_name":"{\"Dillon Brooks\"}","fg":"6.647","fga":"16.788","fg_pct":"0.396","three_p":"2.576","three_pa":"6.624","three_p_pct":"0.389","ft":"1.529","fta":"1.871","ft_pct":"0.817","orb":"1.435","drb":"2.624","trb":"4.059","ast":"3.012","stl":"1.553","blk":"0.329","tov":"2.318","pf":"3.624","pts":"17.400"},{"game_id":118,"team_name":"MEM","player_id":"{\"anderky01\"}","player_name":"{\"Kyle Anderson\"}","fg":"5.365","fga":"12.376","fg_pct":"0.434","three_p":"1.529","three_pa":"4.941","three_p_pct":"0.309","ft":"2.200","fta":"2.647","ft_pct":"0.831","orb":"0.941","drb":"6.094","trb":"7.035","ast":"3.953","stl":"0.671","blk":"0.612","tov":"2.753","pf":"2.141","pts":"14.459"},{"game_id":118,"team_name":"MEM","player_id":"{\"valanjo01\"}","player_name":"{\"Jonas Valančiūnas\"}","fg":"5.965","fga":"11.659","fg_pct":"0.512","three_p":"0.412","three_pa":"1.341","three_p_pct":"0.307","ft":"3.471","fta":"4.576","ft_pct":"0.759","orb":"2.671","drb":"9.482","trb":"12.153","ast":"2.576","stl":"0.800","blk":"0.647","tov":"2.553","pf":"2.929","pts":"15.812"},{"game_id":118,"team_name":"MEM","player_id":"{\"jonesty01\"}","player_name":"{\"Tyus Jones\"}","fg":"3.165","fga":"7.894","fg_pct":"0.401","three_p":"0.553","three_pa":"2.835","three_p_pct":"0.195","ft":"0.741","fta":"1.047","ft_pct":"0.708","orb":"0.106","drb":"1.788","trb":"1.894","ast":"4.741","stl":"1.424","blk":"0.365","tov":"0.800","pf":"0.659","pts":"7.624"},{"game_id":118,"team_name":"MEM","player_id":"{\"banede01\"}","player_name":"{\"Desmond Bane\"}","fg":"3.586","fga":"7.814","fg_pct":"0.459","three_p":"2.129","three_pa":"4.657","three_p_pct":"0.457","ft":"0.143","fta":"0.314","ft_pct":"0.455","orb":"0.514","drb":"2.000","trb":"2.514","ast":"1.157","stl":"0.800","blk":"0.000","tov":"1.371","pf":"2.071","pts":"9.443"},{"game_id":118,"team_name":"MEM","player_id":"benchMEM","player_name":"Bench of MEM","fg":"2.393","fga":"5.855","fg_pct":"0.409","three_p":"0.672","three_pa":"2.383","three_p_pct":"0.282","ft":"0.894","fta":"1.075","ft_pct":"0.832","orb":"0.654","drb":"2.926","trb":"3.580","ast":"1.408","stl":"0.737","blk":"0.321","tov":"0.752","pf":"1.300","pts":"6.354"},{"game_id":118,"team_name":"CLE","player_id":"{\"makerth01\"}","player_name":"{\"Thon Maker\"}","fg":"1.400","fga":"2.906","fg_pct":"0.482","three_p":"0.188","three_pa":"0.647","three_p_pct":"0.291","ft":"1.294","fta":"1.671","ft_pct":"0.774","orb":"1.047","drb":"2.059","trb":"3.106","ast":"0.988","stl":"0.388","blk":"0.553","tov":"0.435","pf":"1.506","pts":"4.282"},{"game_id":118,"team_name":"CLE","player_id":"{\"okorois01\"}","player_name":"{\"Isaac Okoro\"}","fg":"2.667","fga":"4.667","fg_pct":"0.571","three_p":"0.306","three_pa":"1.972","three_p_pct":"0.155","ft":"1.333","fta":"1.333","ft_pct":"1.000","orb":"0.000","drb":"1.917","trb":"1.917","ast":"2.250","stl":"0.333","blk":"0.000","tov":"1.278","pf":"2.722","pts":"6.972"},{"game_id":118,"team_name":"CLE","player_id":"{\"osmande01\"}","player_name":"{\"Cedi Osman\"}","fg":"3.694","fga":"11.553","fg_pct":"0.320","three_p":"1.988","three_pa":"6.471","three_p_pct":"0.307","ft":"1.518","fta":"1.965","ft_pct":"0.773","orb":"0.659","drb":"3.294","trb":"3.953","ast":"3.424","stl":"1.129","blk":"0.294","tov":"1.047","pf":"2.365","pts":"10.894"},{"game_id":118,"team_name":"CLE","player_id":"{\"drumman01\"}","player_name":"{\"Andre Drummond\"}","fg":"7.165","fga":"14.659","fg_pct":"0.489","three_p":"0.000","three_pa":"0.576","three_p_pct":"0.000","ft":"2.435","fta":"5.000","ft_pct":"0.487","orb":"4.129","drb":"9.588","trb":"13.718","ast":"2.541","stl":"1.529","blk":"1.682","tov":"3.376","pf":"2.941","pts":"16.765"},{"game_id":118,"team_name":"CLE","player_id":"{\"dotsoda01\"}","player_name":"{\"Damyean Dotson\"}","fg":"2.471","fga":"5.624","fg_pct":"0.439","three_p":"1.141","three_pa":"3.282","three_p_pct":"0.348","ft":"0.141","fta":"0.353","ft_pct":"0.399","orb":"0.282","drb":"1.082","trb":"1.365","ast":"1.365","stl":"0.435","blk":"0.000","tov":"0.624","pf":"0.812","pts":"6.224"},{"game_id":118,"team_name":"CLE","player_id":"{\"nancela02\"}","player_name":"{\"Larry Nance Jr.\"}","fg":"3.682","fga":"7.847","fg_pct":"0.469","three_p":"1.118","three_pa":"3.471","three_p_pct":"0.322","ft":"0.882","fta":"1.882","ft_pct":"0.469","orb":"1.506","drb":"4.600","trb":"6.106","ast":"4.047","stl":"2.165","blk":"0.529","tov":"1.435","pf":"2.106","pts":"9.365"},{"game_id":118,"team_name":"CLE","player_id":"benchCLE","player_name":"Bench of CLE","fg":"1.756","fga":"4.722","fg_pct":"0.372","three_p":"0.242","three_pa":"1.089","three_p_pct":"0.222","ft":"0.918","fta":"1.392","ft_pct":"0.659","orb":"0.902","drb":"2.149","trb":"3.050","ast":"0.658","stl":"0.638","blk":"0.301","tov":"0.614","pf":"1.400","pts":"4.672"}]