[{"game_id":1032,"team_name":"MEM","player_id":"teamMEM","player_name":"Team name: MEM","fg":"40.097","fga":"90.349","fg_pct":"0.444","three_p":"11.080","three_pa":"33.920","three_p_pct":"0.327","ft":"18.269","fta":"24.600","ft_pct":"0.743","orb":"11.731","drb":"37.611","trb":"49.343","ast":"25.606","stl":"7.423","blk":"7.983","tov":"13.280","pf":"18.269","pts":"109.543"},{"game_id":1032,"team_name":"DAL","player_id":"teamDAL","player_name":"Team name: DAL","fg":"42.869","fga":"87.229","fg_pct":"0.491","three_p":"14.114","three_pa":"36.463","three_p_pct":"0.387","ft":"16.383","fta":"21.240","ft_pct":"0.771","orb":"10.143","drb":"33.229","trb":"43.371","ast":"24.440","stl":"7.846","blk":"4.131","tov":"11.943","pf":"19.211","pts":"116.234"}]