[{"game_id":1057,"team_name":"HOU","player_id":"teamHOU","player_name":"Team name: HOU","ts_pct":"0.477","efg_pct":"0.456","three_par":"0.428","ftr":"0.209","orb_pct":"3.189","drb_pct":"12.860","trb_pct":"7.771","ast_pct":"12.968","stl_pct":"1.262","blk_pct":"1.240","tov_pct":"10.943","usg_pct":"16.331","ortg":"92.637","drtg":"104.741","bpm":"-1.853"},{"game_id":1057,"team_name":"LAC","player_id":"teamLAC","player_name":"Team name: LAC","ts_pct":"0.664","efg_pct":"0.628","three_par":"0.465","ftr":"0.288","orb_pct":"6.014","drb_pct":"18.483","trb_pct":"12.758","ast_pct":"18.209","stl_pct":"1.701","blk_pct":"1.644","tov_pct":"14.886","usg_pct":"21.547","ortg":"131.523","drtg":"124.453","bpm":"1.278"}]