[{"game_id":1035,"team_name":"LAL","player_id":"teamLAL","player_name":"Team name: LAL","ts_pct":"0.548","efg_pct":"0.513","three_par":"0.389","ftr":"0.304","orb_pct":"5.485","drb_pct":"16.336","trb_pct":"10.706","ast_pct":"14.430","stl_pct":"1.449","blk_pct":"2.184","tov_pct":"14.519","usg_pct":"20.070","ortg":"110.088","drtg":"119.430","bpm":"-1.807"},{"game_id":1035,"team_name":"NYK","player_id":"teamNYK","player_name":"Team name: NYK","ts_pct":"0.599","efg_pct":"0.569","three_par":"0.332","ftr":"0.215","orb_pct":"4.190","drb_pct":"20.124","trb_pct":"12.465","ast_pct":"13.931","stl_pct":"1.478","blk_pct":"2.006","tov_pct":"10.022","usg_pct":"20.601","ortg":"121.758","drtg":"128.275","bpm":"-1.370"}]