[{"game_id":1084,"team_name":"LAL","player_id":"teamLAL","player_name":"Team name: LAL","fg":"40.303","fga":"86.503","fg_pct":"0.466","three_p":"10.640","three_pa":"29.469","three_p_pct":"0.361","ft":"18.383","fta":"25.800","ft_pct":"0.713","orb":"10.154","drb":"33.451","trb":"43.606","ast":"25.457","stl":"7.531","blk":"5.177","tov":"13.909","pf":"18.886","pts":"109.629"},{"game_id":1084,"team_name":"GSW","player_id":"teamGSW","player_name":"Team name: GSW","fg":"42.766","fga":"87.051","fg_pct":"0.491","three_p":"17.166","three_pa":"43.954","three_p_pct":"0.391","ft":"16.291","fta":"19.783","ft_pct":"0.823","orb":"7.480","drb":"36.509","trb":"43.989","ast":"29.337","stl":"7.251","blk":"4.491","tov":"13.771","pf":"20.120","pts":"118.989"}]