[{"game_id":1061,"team_name":"BRK","player_id":"{\"duranke01\"}","player_name":"{\"Kevin Durant\"}","ts_pct":"0.690","efg_pct":"0.642","three_par":"0.340","ftr":"0.445","orb_pct":"0.760","drb_pct":"20.798","trb_pct":"11.967","ast_pct":"26.142","stl_pct":"1.468","blk_pct":"5.374","tov_pct":"11.293","usg_pct":"29.607","ortg":"128.094","drtg":"110.741","bpm":"11.272"},{"game_id":1061,"team_name":"BRK","player_id":"{\"irvinky01\"}","player_name":"{\"Kyrie Irving\"}","ts_pct":"0.598","efg_pct":"0.556","three_par":"0.402","ftr":"0.219","orb_pct":"1.921","drb_pct":"10.902","trb_pct":"6.511","ast_pct":"28.479","stl_pct":"2.278","blk_pct":"1.931","tov_pct":"9.824","usg_pct":"30.568","ortg":"119.894","drtg":"115.753","bpm":"6.639"},{"game_id":1061,"team_name":"BRK","player_id":"{\"brownbr01\"}","player_name":"{\"Bruce Brown\"}","ts_pct":"0.601","efg_pct":"0.585","three_par":"0.087","ftr":"0.264","orb_pct":"8.459","drb_pct":"20.179","trb_pct":"15.184","ast_pct":"6.875","stl_pct":"1.027","blk_pct":"1.959","tov_pct":"11.687","usg_pct":"13.316","ortg":"130.929","drtg":"114.741","bpm":"0.245"},{"game_id":1061,"team_name":"BRK","player_id":"{\"shamela01\"}","player_name":"{\"Landry Shamet\"}","ts_pct":"0.459","efg_pct":"0.426","three_par":"0.717","ftr":"0.239","orb_pct":"0.627","drb_pct":"6.195","trb_pct":"3.435","ast_pct":"9.855","stl_pct":"0.958","blk_pct":"1.375","tov_pct":"5.707","usg_pct":"13.186","ortg":"99.424","drtg":"120.682","bpm":"-4.000"},{"game_id":1061,"team_name":"BRK","player_id":"{\"claxtni01\"}","player_name":"{\"Nic Claxton\"}","ts_pct":"0.585","efg_pct":"0.643","three_par":"0.082","ftr":"0.837","orb_pct":"5.042","drb_pct":"28.321","trb_pct":"17.847","ast_pct":"3.804","stl_pct":"2.571","blk_pct":"4.296","tov_pct":"5.658","usg_pct":"10.981","ortg":"127.412","drtg":"107.753","bpm":"0.225"},{"game_id":1061,"team_name":"BRK","player_id":"{\"hardeja01\"}","player_name":"{\"James Harden\"}","ts_pct":"0.534","efg_pct":"0.467","three_par":"0.466","ftr":"0.477","orb_pct":"1.700","drb_pct":"24.602","trb_pct":"13.788","ast_pct":"51.407","stl_pct":"1.727","blk_pct":"1.332","tov_pct":"13.992","usg_pct":"29.478","ortg":"120.800","drtg":"111.965","bpm":"7.992"},{"game_id":1061,"team_name":"BRK","player_id":"benchBRK","player_name":"Bench of BRK","ts_pct":"0.507","efg_pct":"0.446","three_par":"0.421","ftr":"0.228","orb_pct":"10.372","drb_pct":"14.598","trb_pct":"12.582","ast_pct":"11.821","stl_pct":"1.336","blk_pct":"0.742","tov_pct":"10.744","usg_pct":"19.059","ortg":"107.748","drtg":"116.755","bpm":"-1.557"},{"game_id":1061,"team_name":"CHI","player_id":"{\"whiteco01\"}","player_name":"{\"Coby White\"}","ts_pct":"0.587","efg_pct":"0.574","three_par":"0.600","ftr":"0.082","orb_pct":"0.991","drb_pct":"10.761","trb_pct":"6.106","ast_pct":"24.862","stl_pct":"0.780","blk_pct":"0.636","tov_pct":"11.794","usg_pct":"23.388","ortg":"114.929","drtg":"112.400","bpm":"1.254"},{"game_id":1061,"team_name":"CHI","player_id":"{\"willipa01\"}","player_name":"{\"Patrick Williams\"}","ts_pct":"0.608","efg_pct":"0.597","three_par":"0.273","ftr":"0.312","orb_pct":"4.819","drb_pct":"12.420","trb_pct":"8.515","ast_pct":"7.620","stl_pct":"1.588","blk_pct":"2.518","tov_pct":"18.928","usg_pct":"15.713","ortg":"98.788","drtg":"109.000","bpm":"-3.202"},{"game_id":1061,"team_name":"CHI","player_id":"{\"markkla01\"}","player_name":"{\"Lauri Markkanen\"}","ts_pct":"0.642","efg_pct":"0.629","three_par":"0.687","ftr":"0.263","orb_pct":"3.588","drb_pct":"22.773","trb_pct":"13.576","ast_pct":"4.429","stl_pct":"1.727","blk_pct":"1.425","tov_pct":"9.686","usg_pct":"18.187","ortg":"118.553","drtg":"107.729","bpm":"1.187"},{"game_id":1061,"team_name":"CHI","player_id":"{\"vucevni01\"}","player_name":"{\"Nikola Vučević\"}","ts_pct":"0.506","efg_pct":"0.495","three_par":"0.324","ftr":"0.059","orb_pct":"7.714","drb_pct":"36.298","trb_pct":"23.014","ast_pct":"23.096","stl_pct":"0.932","blk_pct":"1.527","tov_pct":"8.389","usg_pct":"29.421","ortg":"106.659","drtg":"104.459","bpm":"3.045"},{"game_id":1061,"team_name":"CHI","player_id":"{\"youngth01\"}","player_name":"{\"Thaddeus Young\"}","ts_pct":"0.492","efg_pct":"0.460","three_par":"0.080","ftr":"0.228","orb_pct":"10.831","drb_pct":"16.246","trb_pct":"13.193","ast_pct":"27.960","stl_pct":"1.791","blk_pct":"2.402","tov_pct":"18.608","usg_pct":"22.425","ortg":"103.059","drtg":"107.400","bpm":"-0.126"},{"game_id":1061,"team_name":"CHI","player_id":"{\"templga01\"}","player_name":"{\"Garrett Temple\"}","ts_pct":"0.532","efg_pct":"0.481","three_par":"0.396","ftr":"0.267","orb_pct":"1.839","drb_pct":"9.873","trb_pct":"6.038","ast_pct":"10.480","stl_pct":"1.254","blk_pct":"2.736","tov_pct":"10.165","usg_pct":"10.428","ortg":"116.976","drtg":"109.741","bpm":"-2.981"},{"game_id":1061,"team_name":"CHI","player_id":"benchCHI","player_name":"Bench of CHI","ts_pct":"0.363","efg_pct":"0.325","three_par":"0.219","ftr":"0.055","orb_pct":"2.154","drb_pct":"8.928","trb_pct":"5.714","ast_pct":"14.001","stl_pct":"2.924","blk_pct":"0.124","tov_pct":"10.440","usg_pct":"16.354","ortg":"91.457","drtg":"110.391","bpm":"0.998"}]