[{"game_id":1030,"team_name":"CHI","player_id":"{\"whiteco01\"}","player_name":"{\"Coby White\"}","ts_pct":"0.605","efg_pct":"0.584","three_par":"0.585","ftr":"0.128","orb_pct":"1.205","drb_pct":"11.275","trb_pct":"6.360","ast_pct":"25.066","stl_pct":"0.746","blk_pct":"0.808","tov_pct":"13.580","usg_pct":"25.775","ortg":"113.271","drtg":"111.059","bpm":"1.918"},{"game_id":1030,"team_name":"CHI","player_id":"{\"lavinza01\"}","player_name":"{\"Zach LaVine\"}","ts_pct":"0.610","efg_pct":"0.571","three_par":"0.480","ftr":"0.266","orb_pct":"2.107","drb_pct":"13.300","trb_pct":"7.738","ast_pct":"25.652","stl_pct":"0.852","blk_pct":"1.516","tov_pct":"11.492","usg_pct":"30.262","ortg":"117.741","drtg":"112.318","bpm":"4.279"},{"game_id":1030,"team_name":"CHI","player_id":"{\"vucevni01\"}","player_name":"{\"Nikola Vučević\"}","ts_pct":"0.555","efg_pct":"0.541","three_par":"0.317","ftr":"0.077","orb_pct":"9.520","drb_pct":"34.179","trb_pct":"22.199","ast_pct":"21.385","stl_pct":"1.414","blk_pct":"2.007","tov_pct":"10.104","usg_pct":"30.792","ortg":"109.871","drtg":"103.188","bpm":"4.651"},{"game_id":1030,"team_name":"CHI","player_id":"{\"templga01\"}","player_name":"{\"Garrett Temple\"}","ts_pct":"0.458","efg_pct":"0.418","three_par":"0.505","ftr":"0.258","orb_pct":"1.672","drb_pct":"8.447","trb_pct":"5.158","ast_pct":"11.238","stl_pct":"0.922","blk_pct":"2.229","tov_pct":"14.551","usg_pct":"12.044","ortg":"96.165","drtg":"110.165","bpm":"-4.060"},{"game_id":1030,"team_name":"CHI","player_id":"{\"youngth01\"}","player_name":"{\"Thaddeus Young\"}","ts_pct":"0.539","efg_pct":"0.499","three_par":"0.077","ftr":"0.288","orb_pct":"7.945","drb_pct":"14.145","trb_pct":"10.839","ast_pct":"29.634","stl_pct":"2.254","blk_pct":"1.751","tov_pct":"16.600","usg_pct":"23.141","ortg":"108.129","drtg":"106.447","bpm":"1.876"},{"game_id":1030,"team_name":"CHI","player_id":"{\"greenja02\"}","player_name":"{\"Javonte Green\"}","ts_pct":"0.545","efg_pct":"0.402","three_par":"0.206","ftr":"0.224","orb_pct":"1.024","drb_pct":"9.899","trb_pct":"5.399","ast_pct":"7.089","stl_pct":"2.009","blk_pct":"0.000","tov_pct":"7.941","usg_pct":"15.396","ortg":"123.576","drtg":"109.565","bpm":"-6.202"},{"game_id":1030,"team_name":"CHI","player_id":"benchCHI","player_name":"Bench of CHI","ts_pct":"0.555","efg_pct":"0.533","three_par":"0.369","ftr":"0.313","orb_pct":"4.864","drb_pct":"17.051","trb_pct":"10.871","ast_pct":"11.761","stl_pct":"1.628","blk_pct":"1.460","tov_pct":"11.536","usg_pct":"16.703","ortg":"111.649","drtg":"108.293","bpm":"-1.775"},{"game_id":1030,"team_name":"BRK","player_id":"{\"harrijo01\"}","player_name":"{\"Joe Harris\"}","ts_pct":"0.589","efg_pct":"0.580","three_par":"0.616","ftr":"0.061","orb_pct":"1.745","drb_pct":"10.087","trb_pct":"6.340","ast_pct":"8.646","stl_pct":"0.773","blk_pct":"0.887","tov_pct":"13.705","usg_pct":"14.684","ortg":"107.776","drtg":"120.153","bpm":"-2.687"},{"game_id":1030,"team_name":"BRK","player_id":"{\"duranke01\"}","player_name":"{\"Kevin Durant\"}","ts_pct":"0.733","efg_pct":"0.703","three_par":"0.373","ftr":"0.454","orb_pct":"0.934","drb_pct":"21.356","trb_pct":"12.145","ast_pct":"24.109","stl_pct":"1.574","blk_pct":"4.300","tov_pct":"12.634","usg_pct":"32.309","ortg":"129.329","drtg":"110.918","bpm":"12.864"},{"game_id":1030,"team_name":"BRK","player_id":"{\"brownbr01\"}","player_name":"{\"Bruce Brown\"}","ts_pct":"0.580","efg_pct":"0.571","three_par":"0.091","ftr":"0.282","orb_pct":"8.900","drb_pct":"19.180","trb_pct":"14.388","ast_pct":"7.232","stl_pct":"1.667","blk_pct":"1.634","tov_pct":"16.413","usg_pct":"12.426","ortg":"126.788","drtg":"115.165","bpm":"-0.221"},{"game_id":1030,"team_name":"BRK","player_id":"{\"jamesmi02\"}","player_name":"{\"Mike James\"}","ts_pct":"0.436","efg_pct":"0.351","three_par":"0.339","ftr":"0.575","orb_pct":"1.174","drb_pct":"9.398","trb_pct":"5.928","ast_pct":"31.739","stl_pct":"1.967","blk_pct":"0.000","tov_pct":"26.671","usg_pct":"24.555","ortg":"92.094","drtg":"119.024","bpm":"-5.995"},{"game_id":1030,"team_name":"BRK","player_id":"{\"shamela01\"}","player_name":"{\"Landry Shamet\"}","ts_pct":"0.412","efg_pct":"0.381","three_par":"0.747","ftr":"0.206","orb_pct":"0.000","drb_pct":"7.627","trb_pct":"3.862","ast_pct":"10.995","stl_pct":"1.046","blk_pct":"1.381","tov_pct":"7.979","usg_pct":"14.259","ortg":"89.694","drtg":"120.176","bpm":"-4.860"},{"game_id":1030,"team_name":"BRK","player_id":"{\"greenje02\"}","player_name":"{\"Jeff Green\"}","ts_pct":"0.649","efg_pct":"0.617","three_par":"0.495","ftr":"0.523","orb_pct":"2.771","drb_pct":"14.293","trb_pct":"8.744","ast_pct":"8.536","stl_pct":"0.691","blk_pct":"0.909","tov_pct":"6.609","usg_pct":"16.059","ortg":"128.976","drtg":"119.388","bpm":"-0.159"},{"game_id":1030,"team_name":"BRK","player_id":"benchBRK","player_name":"Bench of BRK","ts_pct":"0.586","efg_pct":"0.579","three_par":"0.319","ftr":"0.438","orb_pct":"4.655","drb_pct":"19.422","trb_pct":"12.456","ast_pct":"15.437","stl_pct":"2.403","blk_pct":"2.591","tov_pct":"9.560","usg_pct":"19.288","ortg":"122.507","drtg":"112.686","bpm":"2.448"}]