[{"game_id":1108,"team_name":"DAL","player_id":"{\"hardati02\"}","player_name":"{\"Tim Hardaway Jr.\"}","ts_pct":"0.725","efg_pct":"0.698","three_par":"0.616","ftr":"0.277","orb_pct":"2.041","drb_pct":"8.015","trb_pct":"4.751","ast_pct":"14.048","stl_pct":"0.954","blk_pct":"0.665","tov_pct":"7.572","usg_pct":"23.527","ortg":"137.176","drtg":"122.800","bpm":"5.559"},{"game_id":1108,"team_name":"DAL","player_id":"{\"doncilu01\"}","player_name":"{\"Luka Dončić\"}","ts_pct":"0.552","efg_pct":"0.516","three_par":"0.444","ftr":"0.315","orb_pct":"2.755","drb_pct":"27.601","trb_pct":"15.038","ast_pct":"38.708","stl_pct":"1.534","blk_pct":"1.766","tov_pct":"14.822","usg_pct":"38.409","ortg":"109.965","drtg":"115.682","bpm":"2.994"},{"game_id":1108,"team_name":"DAL","player_id":"{\"finnedo01\"}","player_name":"{\"Dorian Finney-Smith\"}","ts_pct":"0.646","efg_pct":"0.652","three_par":"0.601","ftr":"0.051","orb_pct":"3.396","drb_pct":"13.134","trb_pct":"8.320","ast_pct":"9.153","stl_pct":"0.713","blk_pct":"1.094","tov_pct":"11.478","usg_pct":"13.162","ortg":"124.176","drtg":"121.247","bpm":"-1.364"},{"game_id":1108,"team_name":"DAL","player_id":"{\"klebima01\"}","player_name":"{\"Maxi Kleber\"}","ts_pct":"0.666","efg_pct":"0.654","three_par":"0.645","ftr":"0.260","orb_pct":"6.855","drb_pct":"15.819","trb_pct":"11.491","ast_pct":"10.228","stl_pct":"0.071","blk_pct":"1.193","tov_pct":"3.807","usg_pct":"10.579","ortg":"146.729","drtg":"121.447","bpm":"1.426"},{"game_id":1108,"team_name":"DAL","player_id":"{\"porzikr01\"}","player_name":"{\"Kristaps Porziņģis\"}","ts_pct":"0.607","efg_pct":"0.569","three_par":"0.347","ftr":"0.244","orb_pct":"3.233","drb_pct":"17.835","trb_pct":"10.569","ast_pct":"5.687","stl_pct":"1.455","blk_pct":"2.025","tov_pct":"1.407","usg_pct":"22.151","ortg":"126.894","drtg":"118.318","bpm":"1.029"},{"game_id":1108,"team_name":"DAL","player_id":"{\"poweldw01\"}","player_name":"{\"Dwight Powell\"}","ts_pct":"0.586","efg_pct":"0.534","three_par":"0.000","ftr":"0.491","orb_pct":"9.267","drb_pct":"23.735","trb_pct":"16.847","ast_pct":"18.816","stl_pct":"2.646","blk_pct":"3.260","tov_pct":"14.287","usg_pct":"8.272","ortg":"161.835","drtg":"113.071","bpm":"4.979"},{"game_id":1108,"team_name":"DAL","player_id":"benchDAL","player_name":"Bench of DAL","ts_pct":"0.590","efg_pct":"0.552","three_par":"0.239","ftr":"0.264","orb_pct":"3.901","drb_pct":"14.374","trb_pct":"9.091","ast_pct":"14.241","stl_pct":"1.456","blk_pct":"1.418","tov_pct":"18.619","usg_pct":"18.397","ortg":"116.419","drtg":"119.438","bpm":"-1.400"},{"game_id":1108,"team_name":"LAC","player_id":"{\"beverpa01\"}","player_name":"{\"Patrick Beverley\"}","ts_pct":"0.435","efg_pct":"0.422","three_par":"0.615","ftr":"0.079","orb_pct":"1.376","drb_pct":"6.100","trb_pct":"3.751","ast_pct":"12.859","stl_pct":"1.246","blk_pct":"4.138","tov_pct":"11.233","usg_pct":"14.791","ortg":"95.294","drtg":"114.929","bpm":"-1.785"},{"game_id":1108,"team_name":"LAC","player_id":"{\"leonaka01\"}","player_name":"{\"Kawhi Leonard\"}","ts_pct":"0.666","efg_pct":"0.593","three_par":"0.349","ftr":"0.492","orb_pct":"2.609","drb_pct":"18.605","trb_pct":"11.102","ast_pct":"27.909","stl_pct":"1.982","blk_pct":"0.589","tov_pct":"12.100","usg_pct":"26.846","ortg":"132.271","drtg":"112.118","bpm":"7.853"},{"game_id":1108,"team_name":"LAC","player_id":"{\"georgpa01\"}","player_name":"{\"Paul George\"}","ts_pct":"0.545","efg_pct":"0.504","three_par":"0.471","ftr":"0.239","orb_pct":"2.348","drb_pct":"22.825","trb_pct":"13.006","ast_pct":"20.869","stl_pct":"1.109","blk_pct":"0.738","tov_pct":"14.246","usg_pct":"29.482","ortg":"103.988","drtg":"114.624","bpm":"-1.274"},{"game_id":1108,"team_name":"LAC","player_id":"{\"jacksre01\"}","player_name":"{\"Reggie Jackson\"}","ts_pct":"0.537","efg_pct":"0.519","three_par":"0.677","ftr":"0.080","orb_pct":"1.009","drb_pct":"8.591","trb_pct":"5.092","ast_pct":"11.073","stl_pct":"1.375","blk_pct":"1.191","tov_pct":"8.878","usg_pct":"21.169","ortg":"106.588","drtg":"117.906","bpm":"-0.731"},{"game_id":1108,"team_name":"LAC","player_id":"{\"morrima03\"}","player_name":"{\"Marcus Morris\"}","ts_pct":"0.580","efg_pct":"0.547","three_par":"0.507","ftr":"0.262","orb_pct":"5.160","drb_pct":"10.944","trb_pct":"8.273","ast_pct":"3.847","stl_pct":"0.372","blk_pct":"1.708","tov_pct":"12.161","usg_pct":"19.480","ortg":"104.776","drtg":"119.047","bpm":"-3.407"},{"game_id":1108,"team_name":"LAC","player_id":"{\"batumni01\"}","player_name":"{\"Nicolas Batum\"}","ts_pct":"0.660","efg_pct":"0.657","three_par":"0.660","ftr":"0.142","orb_pct":"2.726","drb_pct":"17.579","trb_pct":"10.534","ast_pct":"8.915","stl_pct":"1.598","blk_pct":"1.932","tov_pct":"4.953","usg_pct":"12.356","ortg":"134.682","drtg":"114.918","bpm":"4.040"},{"game_id":1108,"team_name":"LAC","player_id":"benchLAC","player_name":"Bench of LAC","ts_pct":"0.597","efg_pct":"0.553","three_par":"0.282","ftr":"0.269","orb_pct":"5.450","drb_pct":"13.799","trb_pct":"9.713","ast_pct":"18.482","stl_pct":"0.901","blk_pct":"0.838","tov_pct":"12.254","usg_pct":"15.377","ortg":"118.503","drtg":"114.670","bpm":"-2.850"}]