[{"game_id":1087,"team_name":"MIL","player_id":"teamMIL","player_name":"Team name: MIL","ts_pct":"0.553","efg_pct":"0.518","three_par":"0.444","ftr":"0.300","orb_pct":"5.258","drb_pct":"14.593","trb_pct":"10.006","ast_pct":"13.266","stl_pct":"1.511","blk_pct":"1.595","tov_pct":"10.895","usg_pct":"19.205","ortg":"116.329","drtg":"123.523","bpm":"-0.681"},{"game_id":1087,"team_name":"MIA","player_id":"teamMIA","player_name":"Team name: MIA","ts_pct":"0.581","efg_pct":"0.565","three_par":"0.419","ftr":"0.225","orb_pct":"5.119","drb_pct":"16.254","trb_pct":"10.651","ast_pct":"16.706","stl_pct":"1.459","blk_pct":"1.877","tov_pct":"12.042","usg_pct":"20.569","ortg":"125.242","drtg":"123.562","bpm":"-0.030"}]