[{"game_id":1069,"team_name":"SAS","player_id":"teamSAS","player_name":"Team name: SAS","fg":"42.794","fga":"92.583","fg_pct":"0.462","three_p":"8.040","three_pa":"25.611","three_p_pct":"0.314","ft":"18.017","fta":"21.743","ft_pct":"0.829","orb":"9.069","drb":"33.771","trb":"42.840","ast":"22.463","stl":"6.617","blk":"4.211","tov":"10.903","pf":"17.909","pts":"111.646"},{"game_id":1069,"team_name":"PHO","player_id":"teamPHO","player_name":"Team name: PHO","fg":"43.926","fga":"87.069","fg_pct":"0.504","three_p":"13.457","three_pa":"33.137","three_p_pct":"0.406","ft":"19.394","fta":"22.263","ft_pct":"0.871","orb":"8.320","drb":"32.354","trb":"40.674","ast":"26.034","stl":"7.366","blk":"4.886","tov":"9.857","pf":"18.434","pts":"120.703"}]