[{"game_id":1083,"team_name":"MEM","player_id":"{\"jonesty01\"}","player_name":"{\"Tyus Jones\"}","ts_pct":"0.491","efg_pct":"0.496","three_par":"0.350","ftr":"0.233","orb_pct":"0.000","drb_pct":"14.904","trb_pct":"7.675","ast_pct":"23.800","stl_pct":"1.745","blk_pct":"0.231","tov_pct":"16.272","usg_pct":"14.118","ortg":"108.447","drtg":"114.224","bpm":"-3.114"},{"game_id":1083,"team_name":"MEM","player_id":"{\"allengr01\"}","player_name":"{\"Grayson Allen\"}","ts_pct":"0.541","efg_pct":"0.319","three_par":"0.541","ftr":"0.213","orb_pct":"1.839","drb_pct":"10.281","trb_pct":"6.006","ast_pct":"10.220","stl_pct":"0.846","blk_pct":"0.286","tov_pct":"12.676","usg_pct":"14.685","ortg":"100.847","drtg":"124.294","bpm":"-5.654"},{"game_id":1083,"team_name":"MEM","player_id":"{\"moranja01\"}","player_name":"{\"Ja Morant\"}","ts_pct":"0.492","efg_pct":"0.457","three_par":"0.343","ftr":"0.383","orb_pct":"3.998","drb_pct":"10.854","trb_pct":"7.526","ast_pct":"31.427","stl_pct":"1.144","blk_pct":"0.571","tov_pct":"19.565","usg_pct":"25.485","ortg":"99.576","drtg":"116.435","bpm":"-3.487"},{"game_id":1083,"team_name":"MEM","player_id":"{\"brookdi01\"}","player_name":"{\"Dillon Brooks\"}","ts_pct":"0.506","efg_pct":"0.475","three_par":"0.351","ftr":"0.244","orb_pct":"2.609","drb_pct":"7.133","trb_pct":"4.873","ast_pct":"13.484","stl_pct":"1.701","blk_pct":"1.427","tov_pct":"5.864","usg_pct":"27.408","ortg":"107.953","drtg":"115.729","bpm":"-3.419"},{"game_id":1083,"team_name":"MEM","player_id":"{\"valanjo01\"}","player_name":"{\"Jonas Valančiūnas\"}","ts_pct":"0.710","efg_pct":"0.684","three_par":"0.036","ftr":"0.336","orb_pct":"13.773","drb_pct":"32.231","trb_pct":"23.227","ast_pct":"9.833","stl_pct":"1.019","blk_pct":"4.945","tov_pct":"8.660","usg_pct":"19.348","ortg":"141.941","drtg":"106.812","bpm":"6.362"},{"game_id":1083,"team_name":"MEM","player_id":"{\"anderky01\"}","player_name":"{\"Kyle Anderson\"}","ts_pct":"0.671","efg_pct":"0.635","three_par":"0.403","ftr":"0.345","orb_pct":"1.388","drb_pct":"14.765","trb_pct":"8.338","ast_pct":"22.033","stl_pct":"1.695","blk_pct":"3.006","tov_pct":"12.162","usg_pct":"18.281","ortg":"127.953","drtg":"112.224","bpm":"4.909"},{"game_id":1083,"team_name":"MEM","player_id":"benchMEM","player_name":"Bench of MEM","ts_pct":"0.498","efg_pct":"0.477","three_par":"0.494","ftr":"0.156","orb_pct":"3.794","drb_pct":"12.858","trb_pct":"8.415","ast_pct":"10.599","stl_pct":"1.922","blk_pct":"4.494","tov_pct":"15.162","usg_pct":"18.960","ortg":"99.360","drtg":"112.712","bpm":"-2.620"},{"game_id":1083,"team_name":"SAS","player_id":"{\"vassede01\"}","player_name":"{\"Devin Vassell\"}","ts_pct":"0.521","efg_pct":"0.491","three_par":"0.482","ftr":"0.129","orb_pct":"1.566","drb_pct":"17.772","trb_pct":"9.393","ast_pct":"5.875","stl_pct":"0.840","blk_pct":"0.971","tov_pct":"5.673","usg_pct":"15.634","ortg":"104.518","drtg":"121.106","bpm":"-4.391"},{"game_id":1083,"team_name":"SAS","player_id":"{\"murrade01\"}","player_name":"{\"Dejounte Murray\"}","ts_pct":"0.467","efg_pct":"0.448","three_par":"0.162","ftr":"0.151","orb_pct":"3.861","drb_pct":"20.913","trb_pct":"11.595","ast_pct":"27.339","stl_pct":"1.564","blk_pct":"0.381","tov_pct":"9.719","usg_pct":"23.429","ortg":"102.282","drtg":"119.259","bpm":"-1.144"},{"game_id":1083,"team_name":"SAS","player_id":"{\"derozde01\"}","player_name":"{\"DeMar DeRozan\"}","ts_pct":"0.594","efg_pct":"0.523","three_par":"0.020","ftr":"0.463","orb_pct":"0.596","drb_pct":"11.534","trb_pct":"5.958","ast_pct":"23.419","stl_pct":"1.605","blk_pct":"0.433","tov_pct":"9.408","usg_pct":"27.922","ortg":"116.835","drtg":"120.494","bpm":"1.136"},{"game_id":1083,"team_name":"SAS","player_id":"{\"poeltja01\"}","player_name":"{\"Jakob Poeltl\"}","ts_pct":"0.546","efg_pct":"0.537","three_par":"0.000","ftr":"0.163","orb_pct":"9.706","drb_pct":"19.021","trb_pct":"14.773","ast_pct":"10.273","stl_pct":"1.759","blk_pct":"5.561","tov_pct":"4.638","usg_pct":"13.721","ortg":"124.906","drtg":"114.047","bpm":"1.476"},{"game_id":1083,"team_name":"SAS","player_id":"{\"johnske04\"}","player_name":"{\"Keldon Johnson\"}","ts_pct":"0.540","efg_pct":"0.494","three_par":"0.280","ftr":"0.329","orb_pct":"4.332","drb_pct":"9.986","trb_pct":"7.059","ast_pct":"9.724","stl_pct":"0.940","blk_pct":"0.000","tov_pct":"10.611","usg_pct":"20.841","ortg":"105.788","drtg":"123.529","bpm":"-3.766"},{"game_id":1083,"team_name":"SAS","player_id":"{\"millspa02\"}","player_name":"{\"Patty Mills\"}","ts_pct":"0.475","efg_pct":"0.438","three_par":"0.681","ftr":"0.152","orb_pct":"0.218","drb_pct":"6.428","trb_pct":"3.312","ast_pct":"12.148","stl_pct":"0.759","blk_pct":"0.153","tov_pct":"12.438","usg_pct":"16.978","ortg":"92.988","drtg":"125.176","bpm":"-5.411"},{"game_id":1083,"team_name":"SAS","player_id":"benchSAS","player_name":"Bench of SAS","ts_pct":"0.529","efg_pct":"0.483","three_par":"0.357","ftr":"0.189","orb_pct":"7.075","drb_pct":"19.956","trb_pct":"13.013","ast_pct":"10.656","stl_pct":"1.395","blk_pct":"2.130","tov_pct":"10.743","usg_pct":"20.986","ortg":"105.148","drtg":"119.770","bpm":"-1.143"}]