[{"game_id":1171,"team_name":"MIL","player_id":"{\"middlkh01\"}","player_name":"{\"Khris Middleton\"}","ts_pct":"0.522","efg_pct":"0.487","three_par":"0.425","ftr":"0.152","orb_pct":"3.588","drb_pct":"17.446","trb_pct":"10.298","ast_pct":"23.196","stl_pct":"1.981","blk_pct":"0.222","tov_pct":"12.734","usg_pct":"25.435","ortg":"109.800","drtg":"113.918","bpm":"0.926"},{"game_id":1171,"team_name":"MIL","player_id":"{\"antetgi01\"}","player_name":"{\"Giannis Antetokounmpo\"}","ts_pct":"0.643","efg_pct":"0.638","three_par":"0.139","ftr":"0.603","orb_pct":"7.924","drb_pct":"30.549","trb_pct":"18.605","ast_pct":"23.935","stl_pct":"1.564","blk_pct":"2.924","tov_pct":"10.094","usg_pct":"30.884","ortg":"128.106","drtg":"109.859","bpm":"11.634"},{"game_id":1171,"team_name":"MIL","player_id":"{\"holidjr01\"}","player_name":"{\"Jrue Holiday\"}","ts_pct":"0.504","efg_pct":"0.482","three_par":"0.398","ftr":"0.163","orb_pct":"2.755","drb_pct":"12.548","trb_pct":"7.515","ast_pct":"33.048","stl_pct":"1.695","blk_pct":"2.261","tov_pct":"12.848","usg_pct":"23.338","ortg":"111.541","drtg":"114.729","bpm":"2.493"},{"game_id":1171,"team_name":"MIL","player_id":"{\"connapa01\"}","player_name":"{\"Pat Connaughton\"}","ts_pct":"0.739","efg_pct":"0.714","three_par":"0.759","ftr":"0.081","orb_pct":"4.973","drb_pct":"11.146","trb_pct":"8.085","ast_pct":"5.205","stl_pct":"1.112","blk_pct":"0.631","tov_pct":"7.240","usg_pct":"10.608","ortg":"142.494","drtg":"116.965","bpm":"1.256"},{"game_id":1171,"team_name":"MIL","player_id":"{\"tuckepj01\"}","player_name":"{\"P.J. Tucker\"}","ts_pct":"0.545","efg_pct":"0.527","three_par":"0.497","ftr":"0.141","orb_pct":"7.551","drb_pct":"11.109","trb_pct":"9.413","ast_pct":"5.089","stl_pct":"1.762","blk_pct":"0.287","tov_pct":"5.386","usg_pct":"7.888","ortg":"133.212","drtg":"115.706","bpm":"-0.989"},{"game_id":1171,"team_name":"MIL","player_id":"{\"portibo01\"}","player_name":"{\"Bobby Portis\"}","ts_pct":"0.488","efg_pct":"0.456","three_par":"0.358","ftr":"0.168","orb_pct":"12.616","drb_pct":"21.938","trb_pct":"17.108","ast_pct":"5.924","stl_pct":"2.735","blk_pct":"1.191","tov_pct":"4.356","usg_pct":"22.113","ortg":"112.000","drtg":"108.906","bpm":"-0.154"},{"game_id":1171,"team_name":"MIL","player_id":"benchMIL","player_name":"Bench of MIL","ts_pct":"0.520","efg_pct":"0.498","three_par":"0.306","ftr":"0.186","orb_pct":"4.917","drb_pct":"7.564","trb_pct":"6.122","ast_pct":"8.712","stl_pct":"1.395","blk_pct":"2.937","tov_pct":"10.807","usg_pct":"17.411","ortg":"102.870","drtg":"116.199","bpm":"-2.623"},{"game_id":1171,"team_name":"PHO","player_id":"{\"crowdja01\"}","player_name":"{\"Jae Crowder\"}","ts_pct":"0.597","efg_pct":"0.564","three_par":"0.777","ftr":"0.136","orb_pct":"0.744","drb_pct":"20.775","trb_pct":"11.122","ast_pct":"7.121","stl_pct":"0.311","blk_pct":"1.415","tov_pct":"7.479","usg_pct":"11.711","ortg":"121.294","drtg":"114.047","bpm":"0.486"},{"game_id":1171,"team_name":"PHO","player_id":"{\"aytonde01\"}","player_name":"{\"Deandre Ayton\"}","ts_pct":"0.675","efg_pct":"0.662","three_par":"0.000","ftr":"0.203","orb_pct":"11.092","drb_pct":"28.375","trb_pct":"19.916","ast_pct":"4.765","stl_pct":"1.873","blk_pct":"3.101","tov_pct":"8.749","usg_pct":"17.366","ortg":"134.612","drtg":"107.682","bpm":"5.132"},{"game_id":1171,"team_name":"PHO","player_id":"{\"bookede01\"}","player_name":"{\"Devin Booker\"}","ts_pct":"0.483","efg_pct":"0.415","three_par":"0.345","ftr":"0.311","orb_pct":"2.702","drb_pct":"12.247","trb_pct":"7.656","ast_pct":"15.608","stl_pct":"1.260","blk_pct":"0.341","tov_pct":"11.538","usg_pct":"31.107","ortg":"97.306","drtg":"115.553","bpm":"-2.853"},{"game_id":1171,"team_name":"PHO","player_id":"{\"paulch01\"}","player_name":"{\"Chris Paul\"}","ts_pct":"0.621","efg_pct":"0.583","three_par":"0.263","ftr":"0.232","orb_pct":"1.841","drb_pct":"7.316","trb_pct":"4.708","ast_pct":"40.364","stl_pct":"1.964","blk_pct":"0.155","tov_pct":"11.573","usg_pct":"28.169","ortg":"126.506","drtg":"113.753","bpm":"8.196"},{"game_id":1171,"team_name":"PHO","player_id":"{\"johnsca02\"}","player_name":"{\"Cameron Johnson\"}","ts_pct":"0.819","efg_pct":"0.788","three_par":"0.669","ftr":"0.231","orb_pct":"4.759","drb_pct":"12.707","trb_pct":"8.729","ast_pct":"5.561","stl_pct":"2.165","blk_pct":"0.641","tov_pct":"9.142","usg_pct":"14.452","ortg":"147.459","drtg":"112.671","bpm":"6.513"},{"game_id":1171,"team_name":"PHO","player_id":"{\"bridgmi01\"}","player_name":"{\"Mikal Bridges\"}","ts_pct":"0.581","efg_pct":"0.554","three_par":"0.406","ftr":"0.134","orb_pct":"3.021","drb_pct":"10.353","trb_pct":"6.738","ast_pct":"8.699","stl_pct":"0.554","blk_pct":"1.433","tov_pct":"12.159","usg_pct":"14.745","ortg":"114.965","drtg":"116.718","bpm":"0.118"},{"game_id":1171,"team_name":"PHO","player_id":"benchPHO","player_name":"Bench of PHO","ts_pct":"0.439","efg_pct":"0.429","three_par":"0.441","ftr":"0.105","orb_pct":"3.654","drb_pct":"12.158","trb_pct":"8.148","ast_pct":"15.557","stl_pct":"0.842","blk_pct":"1.030","tov_pct":"12.349","usg_pct":"19.291","ortg":"89.336","drtg":"115.087","bpm":"-6.339"}]