[{"game_id":1110,"team_name":"POR","player_id":"teamPOR","player_name":"Team name: POR","fg":"43.229","fga":"88.949","fg_pct":"0.486","three_p":"15.434","three_pa":"37.343","three_p_pct":"0.413","ft":"18.651","fta":"22.800","ft_pct":"0.818","orb":"10.211","drb":"34.651","trb":"44.863","ast":"22.743","stl":"5.080","blk":"4.737","tov":"10.211","pf":"19.211","pts":"120.543"},{"game_id":1110,"team_name":"DEN","player_id":"teamDEN","player_name":"Team name: DEN","fg":"42.897","fga":"89.640","fg_pct":"0.479","three_p":"13.463","three_pa":"35.526","three_p_pct":"0.379","ft":"16.903","fta":"20.446","ft_pct":"0.827","orb":"11.091","drb":"32.371","trb":"43.463","ast":"25.446","stl":"7.743","blk":"3.509","tov":"11.846","pf":"20.440","pts":"116.160"}]