[{"game_id":1163,"team_name":"LAC","player_id":"{\"morrima03\"}","player_name":"{\"Marcus Morris\"}","fg":"4.482","fga":"10.118","fg_pct":"0.443","three_p":"1.376","three_pa":"3.694","three_p_pct":"0.372","ft":"1.224","fta":"1.459","ft_pct":"0.839","orb":"0.424","drb":"3.235","trb":"3.659","ast":"1.565","stl":"0.494","blk":"0.529","tov":"0.400","pf":"1.953","pts":"11.565"},{"game_id":1163,"team_name":"LAC","player_id":"{\"georgpa01\"}","player_name":"{\"Paul George\"}","fg":"10.047","fga":"22.447","fg_pct":"0.448","three_p":"3.012","three_pa":"8.929","three_p_pct":"0.337","ft":"7.529","fta":"9.506","ft_pct":"0.792","orb":"0.694","drb":"10.071","trb":"10.765","ast":"5.965","stl":"1.435","blk":"0.365","tov":"3.929","pf":"2.859","pts":"30.635"},{"game_id":1163,"team_name":"LAC","player_id":"{\"jacksre01\"}","player_name":"{\"Reggie Jackson\"}","fg":"8.012","fga":"15.894","fg_pct":"0.504","three_p":"3.071","three_pa":"7.659","three_p_pct":"0.401","ft":"2.000","fta":"2.412","ft_pct":"0.829","orb":"0.294","drb":"3.247","trb":"3.541","ast":"3.435","stl":"1.247","blk":"0.271","tov":"1.918","pf":"2.141","pts":"21.094"},{"game_id":1163,"team_name":"LAC","player_id":"{\"beverpa01\"}","player_name":"{\"Patrick Beverley\"}","fg":"1.965","fga":"4.588","fg_pct":"0.428","three_p":"1.012","three_pa":"2.824","three_p_pct":"0.358","ft":"0.600","fta":"0.741","ft_pct":"0.810","orb":"1.176","drb":"2.624","trb":"3.800","ast":"1.647","stl":"0.918","blk":"0.776","tov":"0.153","pf":"2.776","pts":"5.541"},{"game_id":1163,"team_name":"LAC","player_id":"{\"mannte01\"}","player_name":"{\"Terance Mann\"}","fg":"4.247","fga":"7.824","fg_pct":"0.543","three_p":"1.376","three_pa":"3.000","three_p_pct":"0.459","ft":"1.247","fta":"1.729","ft_pct":"0.721","orb":"0.953","drb":"1.976","trb":"2.929","ast":"1.106","stl":"0.871","blk":"0.129","tov":"0.200","pf":"2.953","pts":"11.118"},{"game_id":1163,"team_name":"LAC","player_id":"{\"scrubja01\"}","player_name":"{\"Jay Scrubb\"}","fg":"1.284","fga":"3.259","fg_pct":"0.394","three_p":"0.173","three_pa":"0.827","three_p_pct":"0.209","ft":"0.407","fta":"0.407","ft_pct":"1.000","orb":"0.198","drb":"1.210","trb":"1.407","ast":"0.099","stl":"0.358","blk":"0.000","tov":"0.568","pf":"0.444","pts":"3.148"},{"game_id":1163,"team_name":"LAC","player_id":"benchLAC","player_name":"Bench of LAC","fg":"1.250","fga":"2.834","fg_pct":"0.441","three_p":"0.449","three_pa":"1.292","three_p_pct":"0.348","ft":"0.297","fta":"0.368","ft_pct":"0.807","orb":"0.458","drb":"1.416","trb":"1.874","ast":"0.632","stl":"0.341","blk":"0.211","tov":"0.212","pf":"0.826","pts":"3.246"},{"game_id":1163,"team_name":"PHO","player_id":"{\"saricda01\"}","player_name":"{\"Dario Šarić\"}","fg":"1.576","fga":"3.600","fg_pct":"0.438","three_p":"0.541","three_pa":"1.494","three_p_pct":"0.362","ft":"0.941","fta":"0.941","ft_pct":"1.000","orb":"0.671","drb":"2.600","trb":"3.271","ast":"1.118","stl":"0.059","blk":"0.000","tov":"0.106","pf":"1.424","pts":"4.635"},{"game_id":1163,"team_name":"PHO","player_id":"{\"naderab01\"}","player_name":"{\"Abdel Nader\"}","fg":"2.271","fga":"4.824","fg_pct":"0.471","three_p":"0.718","three_pa":"1.612","three_p_pct":"0.445","ft":"1.129","fta":"1.647","ft_pct":"0.685","orb":"0.671","drb":"2.494","trb":"3.165","ast":"0.494","stl":"0.412","blk":"0.518","tov":"0.906","pf":"1.765","pts":"6.388"},{"game_id":1163,"team_name":"PHO","player_id":"{\"bookede01\"}","player_name":"{\"Devin Booker\"}","fg":"8.871","fga":"21.118","fg_pct":"0.420","three_p":"2.176","three_pa":"6.153","three_p_pct":"0.354","ft":"7.106","fta":"7.906","ft_pct":"0.899","orb":"0.506","drb":"5.871","trb":"6.376","ast":"4.318","stl":"1.024","blk":"0.047","tov":"4.024","pf":"3.447","pts":"27.024"},{"game_id":1163,"team_name":"PHO","player_id":"{\"aytonde01\"}","player_name":"{\"Deandre Ayton\"}","fg":"7.518","fga":"11.541","fg_pct":"0.651","three_p":"0.000","three_pa":"0.000","three_p_pct":"NaN","ft":"1.012","fta":"1.329","ft_pct":"0.761","orb":"3.576","drb":"8.306","trb":"11.882","ast":"1.118","stl":"0.694","blk":"1.188","tov":"1.318","pf":"2.141","pts":"16.047"},{"game_id":1163,"team_name":"PHO","player_id":"{\"paulch01\"}","player_name":"{\"Chris Paul\"}","fg":"7.329","fga":"16.576","fg_pct":"0.442","three_p":"0.882","three_pa":"3.529","three_p_pct":"0.250","ft":"4.788","fta":"4.929","ft_pct":"0.971","orb":"0.224","drb":"3.529","trb":"3.753","ast":"9.376","stl":"1.365","blk":"0.094","tov":"1.847","pf":"2.176","pts":"20.329"},{"game_id":1163,"team_name":"PHO","player_id":"{\"crowdja01\"}","player_name":"{\"Jae Crowder\"}","fg":"2.824","fga":"7.024","fg_pct":"0.402","three_p":"2.035","three_pa":"5.341","three_p_pct":"0.381","ft":"0.576","fta":"0.576","ft_pct":"1.000","orb":"0.471","drb":"5.224","trb":"5.694","ast":"1.965","stl":"0.235","blk":"0.682","tov":"0.894","pf":"2.824","pts":"8.259"},{"game_id":1163,"team_name":"PHO","player_id":"benchPHO","player_name":"Bench of PHO","fg":"2.198","fga":"4.783","fg_pct":"0.460","three_p":"0.620","three_pa":"1.823","three_p_pct":"0.340","ft":"0.503","fta":"0.633","ft_pct":"0.795","orb":"0.584","drb":"1.982","trb":"2.567","ast":"1.314","stl":"0.263","blk":"0.359","tov":"0.514","pf":"1.156","pts":"5.519"}]