[{"game_id":1102,"team_name":"UTA","player_id":"teamUTA","player_name":"Team name: UTA","ts_pct":"0.617","efg_pct":"0.570","three_par":"0.524","ftr":"0.287","orb_pct":"7.099","drb_pct":"17.627","trb_pct":"12.733","ast_pct":"10.392","stl_pct":"1.685","blk_pct":"1.381","tov_pct":"12.730","usg_pct":"22.642","ortg":"131.581","drtg":"128.366","bpm":"-0.219"},{"game_id":1102,"team_name":"MEM","player_id":"teamMEM","player_name":"Team name: MEM","ts_pct":"0.535","efg_pct":"0.497","three_par":"0.381","ftr":"0.258","orb_pct":"5.036","drb_pct":"14.611","trb_pct":"9.923","ast_pct":"14.249","stl_pct":"1.643","blk_pct":"3.305","tov_pct":"11.743","usg_pct":"19.305","ortg":"113.548","drtg":"113.983","bpm":"-0.809"}]