[{"game_id":1018,"team_name":"LAL","player_id":"teamLAL","player_name":"Team name: LAL","fg":"38.211","fga":"85.457","fg_pct":"0.447","three_p":"10.680","three_pa":"32.023","three_p_pct":"0.334","ft":"15.577","fta":"22.566","ft_pct":"0.690","orb":"9.200","drb":"32.223","trb":"41.423","ast":"23.251","stl":"7.417","blk":"6.074","tov":"13.697","pf":"20.451","pts":"102.680"},{"game_id":1018,"team_name":"PHO","player_id":"teamPHO","player_name":"Team name: PHO","fg":"43.377","fga":"88.789","fg_pct":"0.489","three_p":"12.674","three_pa":"34.834","three_p_pct":"0.364","ft":"17.211","fta":"20.234","ft_pct":"0.851","orb":"9.886","drb":"30.549","trb":"40.434","ast":"25.149","stl":"7.629","blk":"5.423","tov":"9.411","pf":"18.029","pts":"116.640"}]