[{"game_id":1117,"team_name":"WAS","player_id":"teamWAS","player_name":"Team name: WAS","ts_pct":"0.588","efg_pct":"0.552","three_par":"0.342","ftr":"0.284","orb_pct":"6.229","drb_pct":"16.681","trb_pct":"11.289","ast_pct":"12.768","stl_pct":"1.117","blk_pct":"2.392","tov_pct":"11.441","usg_pct":"21.728","ortg":"117.130","drtg":"135.201","bpm":"-2.709"},{"game_id":1117,"team_name":"PHI","player_id":"teamPHI","player_name":"Team name: PHI","ts_pct":"0.686","efg_pct":"0.657","three_par":"0.482","ftr":"0.308","orb_pct":"6.080","drb_pct":"17.770","trb_pct":"12.164","ast_pct":"16.489","stl_pct":"2.141","blk_pct":"2.606","tov_pct":"11.037","usg_pct":"23.874","ortg":"140.713","drtg":"136.732","bpm":"-0.691"}]