[{"game_id":1081,"team_name":"IND","player_id":"teamIND","player_name":"Team name: IND","ts_pct":"0.546","efg_pct":"0.520","three_par":"0.346","ftr":"0.207","orb_pct":"4.522","drb_pct":"12.962","trb_pct":"9.064","ast_pct":"13.644","stl_pct":"1.349","blk_pct":"2.060","tov_pct":"10.519","usg_pct":"18.649","ortg":"107.781","drtg":"108.847","bpm":"-1.740"},{"game_id":1081,"team_name":"CHO","player_id":"teamCHO","player_name":"Team name: CHO","ts_pct":"0.478","efg_pct":"0.441","three_par":"0.327","ftr":"0.301","orb_pct":"5.829","drb_pct":"14.799","trb_pct":"10.096","ast_pct":"14.914","stl_pct":"1.264","blk_pct":"1.884","tov_pct":"10.171","usg_pct":"18.807","ortg":"103.101","drtg":"115.384","bpm":"-2.771"}]