[{"game_id":1234,"team_name":"SAC","player_id":"{\"dedmode01\"}","player_name":"{\"Dewayne Dedmon\"}","ts_pct":"0.579","efg_pct":"0.552","three_par":"0.426","ftr":"0.189","orb_pct":"8.678","drb_pct":"25.555","trb_pct":"16.281","ast_pct":"3.685","stl_pct":"1.392","blk_pct":"3.080","tov_pct":"21.101","usg_pct":"18.713","ortg":"101.282","drtg":"111.835","bpm":"-4.818"},{"game_id":1234,"team_name":"SAC","player_id":"{\"barneha02\"}","player_name":"{\"Harrison Barnes\"}","ts_pct":"0.568","efg_pct":"0.541","three_par":"0.318","ftr":"0.352","orb_pct":"2.500","drb_pct":"18.074","trb_pct":"9.528","ast_pct":"6.824","stl_pct":"0.808","blk_pct":"0.207","tov_pct":"5.581","usg_pct":"16.551","ortg":"118.576","drtg":"120.200","bpm":"-1.006"},{"game_id":1234,"team_name":"SAC","player_id":"{\"hieldbu01\"}","player_name":"{\"Buddy Hield\"}","ts_pct":"0.492","efg_pct":"0.482","three_par":"0.570","ftr":"0.056","orb_pct":"3.336","drb_pct":"13.152","trb_pct":"7.674","ast_pct":"11.796","stl_pct":"0.946","blk_pct":"1.173","tov_pct":"13.618","usg_pct":"23.948","ortg":"95.718","drtg":"120.741","bpm":"-2.166"},{"game_id":1234,"team_name":"SAC","player_id":"{\"foxde01\"}","player_name":"{\"De'Aaron Fox\"}","ts_pct":"0.536","efg_pct":"0.495","three_par":"0.237","ftr":"0.330","orb_pct":"0.678","drb_pct":"10.776","trb_pct":"5.201","ast_pct":"42.446","stl_pct":"1.678","blk_pct":"0.581","tov_pct":"16.993","usg_pct":"26.553","ortg":"107.435","drtg":"119.847","bpm":"0.559"},{"game_id":1234,"team_name":"SAC","player_id":"{\"holmeri01\"}","player_name":"{\"Richaun Holmes\"}","ts_pct":"0.579","efg_pct":"0.513","three_par":"0.000","ftr":"0.537","orb_pct":"9.192","drb_pct":"22.028","trb_pct":"15.301","ast_pct":"7.048","stl_pct":"1.045","blk_pct":"4.665","tov_pct":"14.065","usg_pct":"18.746","ortg":"111.882","drtg":"112.894","bpm":"-1.060"},{"game_id":1234,"team_name":"SAC","player_id":"{\"gabriwe01\"}","player_name":"{\"Wenyen Gabriel\"}","ts_pct":"0.327","efg_pct":"0.140","three_par":"0.494","ftr":"0.040","orb_pct":"17.506","drb_pct":"6.211","trb_pct":"11.522","ast_pct":"10.942","stl_pct":"6.100","blk_pct":"0.000","tov_pct":"32.922","usg_pct":"29.461","ortg":"57.444","drtg":"107.556","bpm":"-12.253"},{"game_id":1234,"team_name":"SAC","player_id":"benchSAC","player_name":"Bench of SAC","ts_pct":"0.559","efg_pct":"0.531","three_par":"0.486","ftr":"0.173","orb_pct":"2.682","drb_pct":"11.703","trb_pct":"6.807","ast_pct":"14.030","stl_pct":"1.538","blk_pct":"0.579","tov_pct":"9.757","usg_pct":"16.543","ortg":"111.722","drtg":"117.611","bpm":"-0.514"},{"game_id":1234,"team_name":"CHO","player_id":"{\"martico01\"}","player_name":"{\"Cody Martin\"}","ts_pct":"0.391","efg_pct":"0.410","three_par":"0.514","ftr":"0.819","orb_pct":"0.000","drb_pct":"7.364","trb_pct":"3.606","ast_pct":"2.475","stl_pct":"1.619","blk_pct":"0.000","tov_pct":"0.000","usg_pct":"22.897","ortg":"80.611","drtg":"117.306","bpm":"2.394"},{"game_id":1234,"team_name":"CHO","player_id":"{\"washipj01\"}","player_name":"{\"P.J. Washington\"}","ts_pct":"0.585","efg_pct":"0.564","three_par":"0.511","ftr":"0.340","orb_pct":"3.354","drb_pct":"20.385","trb_pct":"11.454","ast_pct":"1.922","stl_pct":"1.880","blk_pct":"1.685","tov_pct":"21.683","usg_pct":"17.487","ortg":"91.043","drtg":"114.217","bpm":"-3.378"},{"game_id":1234,"team_name":"CHO","player_id":"{\"zelleco01\"}","player_name":"{\"Cody Zeller\"}","ts_pct":"0.594","efg_pct":"0.564","three_par":"0.140","ftr":"0.311","orb_pct":"10.899","drb_pct":"25.049","trb_pct":"17.859","ast_pct":"9.544","stl_pct":"1.754","blk_pct":"2.560","tov_pct":"9.621","usg_pct":"19.261","ortg":"119.588","drtg":"111.847","bpm":"1.011"},{"game_id":1234,"team_name":"CHO","player_id":"{\"roziete01\"}","player_name":"{\"Terry Rozier\"}","ts_pct":"0.464","efg_pct":"0.435","three_par":"0.523","ftr":"0.161","orb_pct":"0.769","drb_pct":"16.487","trb_pct":"8.513","ast_pct":"24.474","stl_pct":"1.405","blk_pct":"1.115","tov_pct":"16.591","usg_pct":"22.018","ortg":"87.329","drtg":"113.247","bpm":"-2.322"},{"game_id":1234,"team_name":"CHO","player_id":"{\"bridgmi02\"}","player_name":"{\"Miles Bridges\"}","ts_pct":"0.567","efg_pct":"0.550","three_par":"0.463","ftr":"0.211","orb_pct":"4.306","drb_pct":"12.180","trb_pct":"8.332","ast_pct":"13.001","stl_pct":"0.956","blk_pct":"2.788","tov_pct":"12.227","usg_pct":"16.635","ortg":"111.565","drtg":"116.176","bpm":"0.969"},{"game_id":1234,"team_name":"CHO","player_id":"{\"grahade01\"}","player_name":"{\"Devonte' Graham\"}","ts_pct":"0.512","efg_pct":"0.453","three_par":"0.561","ftr":"0.252","orb_pct":"2.780","drb_pct":"9.348","trb_pct":"6.179","ast_pct":"32.066","stl_pct":"0.481","blk_pct":"0.459","tov_pct":"12.800","usg_pct":"21.073","ortg":"106.776","drtg":"119.494","bpm":"-2.022"},{"game_id":1234,"team_name":"CHO","player_id":"benchCHO","player_name":"Bench of CHO","ts_pct":"0.419","efg_pct":"0.409","three_par":"0.488","ftr":"0.063","orb_pct":"1.475","drb_pct":"11.998","trb_pct":"6.532","ast_pct":"9.632","stl_pct":"1.340","blk_pct":"1.127","tov_pct":"12.428","usg_pct":"17.346","ortg":"84.299","drtg":"118.017","bpm":"-6.292"}]