[{"game_id":1128,"team_name":"DAL","player_id":"{\"richajo01\"}","player_name":"{\"Josh Richardson\"}","ts_pct":"0.489","efg_pct":"0.401","three_par":"0.352","ftr":"0.346","orb_pct":"4.056","drb_pct":"9.431","trb_pct":"7.066","ast_pct":"10.153","stl_pct":"1.587","blk_pct":"0.224","tov_pct":"9.998","usg_pct":"20.845","ortg":"100.871","drtg":"122.694","bpm":"-5.102"},{"game_id":1128,"team_name":"DAL","player_id":"{\"poweldw01\"}","player_name":"{\"Dwight Powell\"}","ts_pct":"0.574","efg_pct":"0.549","three_par":"0.000","ftr":"0.654","orb_pct":"7.356","drb_pct":"17.667","trb_pct":"12.752","ast_pct":"13.104","stl_pct":"2.082","blk_pct":"1.587","tov_pct":"11.158","usg_pct":"11.485","ortg":"146.459","drtg":"119.129","bpm":"8.524"},{"game_id":1128,"team_name":"DAL","player_id":"{\"finnedo01\"}","player_name":"{\"Dorian Finney-Smith\"}","ts_pct":"0.541","efg_pct":"0.533","three_par":"0.560","ftr":"0.055","orb_pct":"5.152","drb_pct":"12.139","trb_pct":"8.582","ast_pct":"7.212","stl_pct":"1.368","blk_pct":"0.922","tov_pct":"10.278","usg_pct":"12.916","ortg":"112.047","drtg":"122.600","bpm":"-2.278"},{"game_id":1128,"team_name":"DAL","player_id":"{\"doncilu01\"}","player_name":"{\"Luka Dončić\"}","ts_pct":"0.538","efg_pct":"0.524","three_par":"0.405","ftr":"0.269","orb_pct":"2.447","drb_pct":"25.187","trb_pct":"13.035","ast_pct":"51.255","stl_pct":"1.545","blk_pct":"1.113","tov_pct":"13.065","usg_pct":"40.348","ortg":"108.929","drtg":"119.224","bpm":"7.374"},{"game_id":1128,"team_name":"DAL","player_id":"{\"hardati02\"}","player_name":"{\"Tim Hardaway Jr.\"}","ts_pct":"0.584","efg_pct":"0.542","three_par":"0.558","ftr":"0.250","orb_pct":"1.827","drb_pct":"9.951","trb_pct":"5.312","ast_pct":"10.714","stl_pct":"0.771","blk_pct":"0.367","tov_pct":"4.966","usg_pct":"20.753","ortg":"116.600","drtg":"125.141","bpm":"0.302"},{"game_id":1128,"team_name":"DAL","player_id":"{\"porzikr01\"}","player_name":"{\"Kristaps Porziņģis\"}","ts_pct":"0.612","efg_pct":"0.578","three_par":"0.372","ftr":"0.217","orb_pct":"3.792","drb_pct":"14.694","trb_pct":"9.185","ast_pct":"4.764","stl_pct":"0.996","blk_pct":"1.920","tov_pct":"1.722","usg_pct":"19.524","ortg":"129.718","drtg":"120.424","bpm":"1.244"},{"game_id":1128,"team_name":"DAL","player_id":"benchDAL","player_name":"Bench of DAL","ts_pct":"0.575","efg_pct":"0.514","three_par":"0.314","ftr":"0.254","orb_pct":"6.858","drb_pct":"19.474","trb_pct":"12.696","ast_pct":"9.576","stl_pct":"0.910","blk_pct":"2.173","tov_pct":"14.421","usg_pct":"16.137","ortg":"115.596","drtg":"119.559","bpm":"-0.629"},{"game_id":1128,"team_name":"LAC","player_id":"{\"zubaciv01\"}","player_name":"{\"Ivica Zubac\"}","ts_pct":"0.643","efg_pct":"0.647","three_par":"0.082","ftr":"0.331","orb_pct":"17.669","drb_pct":"16.007","trb_pct":"16.138","ast_pct":"5.638","stl_pct":"0.000","blk_pct":"1.799","tov_pct":"10.619","usg_pct":"11.329","ortg":"137.388","drtg":"109.624","bpm":"-18.838"},{"game_id":1128,"team_name":"LAC","player_id":"{\"georgpa01\"}","player_name":"{\"Paul George\"}","ts_pct":"0.595","efg_pct":"0.544","three_par":"0.443","ftr":"0.272","orb_pct":"1.656","drb_pct":"22.749","trb_pct":"13.073","ast_pct":"21.467","stl_pct":"0.735","blk_pct":"1.452","tov_pct":"13.721","usg_pct":"28.214","ortg":"113.741","drtg":"112.235","bpm":"1.475"},{"game_id":1128,"team_name":"LAC","player_id":"{\"leonaka01\"}","player_name":"{\"Kawhi Leonard\"}","ts_pct":"0.687","efg_pct":"0.621","three_par":"0.320","ftr":"0.481","orb_pct":"4.475","drb_pct":"15.754","trb_pct":"10.534","ast_pct":"21.946","stl_pct":"2.194","blk_pct":"2.132","tov_pct":"13.229","usg_pct":"27.802","ortg":"131.400","drtg":"110.188","bpm":"8.788"},{"game_id":1128,"team_name":"LAC","player_id":"{\"morrima03\"}","player_name":"{\"Marcus Morris\"}","ts_pct":"0.617","efg_pct":"0.588","three_par":"0.515","ftr":"0.225","orb_pct":"4.019","drb_pct":"11.792","trb_pct":"8.319","ast_pct":"5.279","stl_pct":"0.729","blk_pct":"1.535","tov_pct":"8.046","usg_pct":"17.121","ortg":"119.494","drtg":"116.376","bpm":"-1.199"},{"game_id":1128,"team_name":"LAC","player_id":"{\"jacksre01\"}","player_name":"{\"Reggie Jackson\"}","ts_pct":"0.570","efg_pct":"0.554","three_par":"0.724","ftr":"0.072","orb_pct":"1.661","drb_pct":"7.911","trb_pct":"5.188","ast_pct":"12.948","stl_pct":"0.680","blk_pct":"0.873","tov_pct":"7.508","usg_pct":"21.874","ortg":"114.400","drtg":"118.435","bpm":"0.832"},{"game_id":1128,"team_name":"LAC","player_id":"{\"batumni01\"}","player_name":"{\"Nicolas Batum\"}","ts_pct":"0.650","efg_pct":"0.615","three_par":"0.578","ftr":"0.284","orb_pct":"4.028","drb_pct":"17.648","trb_pct":"11.402","ast_pct":"8.422","stl_pct":"1.925","blk_pct":"1.478","tov_pct":"5.082","usg_pct":"12.984","ortg":"136.518","drtg":"112.741","bpm":"4.207"},{"game_id":1128,"team_name":"LAC","player_id":"benchLAC","player_name":"Bench of LAC","ts_pct":"0.540","efg_pct":"0.528","three_par":"0.409","ftr":"0.297","orb_pct":"4.516","drb_pct":"16.264","trb_pct":"10.907","ast_pct":"21.959","stl_pct":"1.033","blk_pct":"1.775","tov_pct":"10.754","usg_pct":"15.805","ortg":"117.808","drtg":"112.194","bpm":"1.477"}]