[{"game_id":1156,"team_name":"MIL","player_id":"teamMIL","player_name":"Team name: MIL","ts_pct":"0.474","efg_pct":"0.439","three_par":"0.460","ftr":"0.192","orb_pct":"5.076","drb_pct":"17.709","trb_pct":"11.520","ast_pct":"11.329","stl_pct":"2.175","blk_pct":"3.371","tov_pct":"10.407","usg_pct":"18.758","ortg":"101.633","drtg":"116.298","bpm":"1.982"},{"game_id":1156,"team_name":"ATL","player_id":"teamATL","player_name":"Team name: ATL","ts_pct":"0.488","efg_pct":"0.457","three_par":"0.333","ftr":"0.297","orb_pct":"5.342","drb_pct":"16.266","trb_pct":"11.079","ast_pct":"11.384","stl_pct":"1.413","blk_pct":"1.818","tov_pct":"9.376","usg_pct":"19.391","ortg":"100.520","drtg":"114.390","bpm":"0.428"}]