[{"game_id":1060,"team_name":"IND","player_id":"teamIND","player_name":"Team name: IND","fg":"46.217","fga":"93.457","fg_pct":"0.495","three_p":"12.737","three_pa":"31.691","three_p_pct":"0.402","ft":"16.920","fta":"20.429","ft_pct":"0.828","orb":"8.360","drb":"35.646","trb":"44.006","ast":"30.771","stl":"7.914","blk":"6.857","tov":"13.566","pf":"19.331","pts":"122.091"},{"game_id":1060,"team_name":"LAL","player_id":"teamLAL","player_name":"Team name: LAL","fg":"40.154","fga":"85.994","fg_pct":"0.467","three_p":"10.514","three_pa":"29.251","three_p_pct":"0.359","ft":"17.149","fta":"24.691","ft_pct":"0.695","orb":"10.474","drb":"32.977","trb":"43.451","ast":"25.126","stl":"7.194","blk":"5.737","tov":"14.217","pf":"19.840","pts":"107.971"}]