[{"game_id":1039,"team_name":"CLE","player_id":"teamCLE","player_name":"Team name: CLE","fg":"35.726","fga":"85.749","fg_pct":"0.417","three_p":"11.543","three_pa":"34.766","three_p_pct":"0.332","ft":"18.954","fta":"25.469","ft_pct":"0.744","orb":"11.303","drb":"30.897","trb":"42.200","ast":"23.526","stl":"6.297","blk":"2.674","tov":"14.491","pf":"16.051","pts":"101.949"},{"game_id":1039,"team_name":"BOS","player_id":"teamBOS","player_name":"Team name: BOS","fg":"42.983","fga":"91.377","fg_pct":"0.470","three_p":"15.983","three_pa":"40.514","three_p_pct":"0.395","ft":"16.794","fta":"21.531","ft_pct":"0.780","orb":"10.429","drb":"33.183","trb":"43.611","ast":"25.760","stl":"7.394","blk":"6.114","tov":"13.789","pf":"21.126","pts":"118.743"}]