[{"game_id":1008,"team_name":"DEN","player_id":"{\"jokicni01\"}","player_name":"{\"Nikola Jokić\"}","ts_pct":"0.701","efg_pct":"0.638","three_par":"0.196","ftr":"0.476","orb_pct":"7.044","drb_pct":"28.545","trb_pct":"18.001","ast_pct":"38.832","stl_pct":"1.714","blk_pct":"3.196","tov_pct":"14.479","usg_pct":"31.185","ortg":"131.376","drtg":"106.847","bpm":"12.961"},{"game_id":1008,"team_name":"DEN","player_id":"{\"riverau01\"}","player_name":"{\"Austin Rivers\"}","ts_pct":"0.514","efg_pct":"0.497","three_par":"0.650","ftr":"0.261","orb_pct":"0.353","drb_pct":"8.668","trb_pct":"4.442","ast_pct":"15.532","stl_pct":"2.578","blk_pct":"0.551","tov_pct":"10.025","usg_pct":"14.931","ortg":"107.859","drtg":"110.988","bpm":"0.651"},{"game_id":1008,"team_name":"DEN","player_id":"{\"campafa01\"}","player_name":"{\"Facundo Campazzo\"}","ts_pct":"0.592","efg_pct":"0.523","three_par":"0.651","ftr":"0.470","orb_pct":"1.816","drb_pct":"14.116","trb_pct":"8.024","ast_pct":"25.616","stl_pct":"3.171","blk_pct":"1.200","tov_pct":"16.719","usg_pct":"14.014","ortg":"122.047","drtg":"107.906","bpm":"2.581"},{"game_id":1008,"team_name":"DEN","player_id":"{\"portemi01\"}","player_name":"{\"Michael Porter Jr.\"}","ts_pct":"0.684","efg_pct":"0.663","three_par":"0.463","ftr":"0.167","orb_pct":"1.634","drb_pct":"18.784","trb_pct":"10.284","ast_pct":"10.011","stl_pct":"0.853","blk_pct":"2.286","tov_pct":"7.949","usg_pct":"24.607","ortg":"125.024","drtg":"111.659","bpm":"5.244"},{"game_id":1008,"team_name":"DEN","player_id":"{\"greenja01\"}","player_name":"{\"JaMychal Green\"}","ts_pct":"0.548","efg_pct":"0.545","three_par":"0.520","ftr":"0.062","orb_pct":"7.873","drb_pct":"16.235","trb_pct":"12.222","ast_pct":"7.392","stl_pct":"0.554","blk_pct":"2.444","tov_pct":"12.709","usg_pct":"15.714","ortg":"104.729","drtg":"113.094","bpm":"-2.331"},{"game_id":1008,"team_name":"DEN","player_id":"{\"cancavl01\"}","player_name":"{\"Vlatko Čančar\"}","ts_pct":"0.496","efg_pct":"0.480","three_par":"0.522","ftr":"0.082","orb_pct":"7.993","drb_pct":"12.085","trb_pct":"10.688","ast_pct":"5.328","stl_pct":"0.964","blk_pct":"0.000","tov_pct":"7.059","usg_pct":"17.240","ortg":"102.965","drtg":"111.882","bpm":"-2.909"},{"game_id":1008,"team_name":"DEN","player_id":"benchDEN","player_name":"Bench of DEN","ts_pct":"0.391","efg_pct":"0.353","three_par":"0.277","ftr":"0.274","orb_pct":"3.640","drb_pct":"17.048","trb_pct":"10.310","ast_pct":"8.175","stl_pct":"1.869","blk_pct":"4.629","tov_pct":"20.228","usg_pct":"21.925","ortg":"90.784","drtg":"106.334","bpm":"-6.850"},{"game_id":1008,"team_name":"BRK","player_id":"{\"jordade01\"}","player_name":"{\"DeAndre Jordan\"}","ts_pct":"0.648","efg_pct":"0.618","three_par":"0.000","ftr":"1.289","orb_pct":"12.428","drb_pct":"33.095","trb_pct":"23.025","ast_pct":"9.539","stl_pct":"0.642","blk_pct":"3.372","tov_pct":"21.778","usg_pct":"14.493","ortg":"120.600","drtg":"112.553","bpm":"-0.836"},{"game_id":1008,"team_name":"BRK","player_id":"{\"duranke01\"}","player_name":"{\"Kevin Durant\"}","ts_pct":"0.713","efg_pct":"0.691","three_par":"0.359","ftr":"0.367","orb_pct":"1.238","drb_pct":"20.041","trb_pct":"11.082","ast_pct":"25.075","stl_pct":"1.345","blk_pct":"4.266","tov_pct":"12.191","usg_pct":"33.519","ortg":"125.800","drtg":"110.765","bpm":"12.989"},{"game_id":1008,"team_name":"BRK","player_id":"{\"irvinky01\"}","player_name":"{\"Kyrie Irving\"}","ts_pct":"0.563","efg_pct":"0.515","three_par":"0.380","ftr":"0.214","orb_pct":"2.604","drb_pct":"12.042","trb_pct":"7.447","ast_pct":"30.028","stl_pct":"2.847","blk_pct":"2.244","tov_pct":"11.424","usg_pct":"32.042","ortg":"113.906","drtg":"113.965","bpm":"6.829"},{"game_id":1008,"team_name":"BRK","player_id":"{\"harrijo01\"}","player_name":"{\"Joe Harris\"}","ts_pct":"0.583","efg_pct":"0.573","three_par":"0.593","ftr":"0.076","orb_pct":"1.979","drb_pct":"8.781","trb_pct":"5.460","ast_pct":"6.839","stl_pct":"0.929","blk_pct":"1.026","tov_pct":"12.871","usg_pct":"15.798","ortg":"105.435","drtg":"119.165","bpm":"-2.551"},{"game_id":1008,"team_name":"BRK","player_id":"{\"griffbl01\"}","player_name":"{\"Blake Griffin\"}","ts_pct":"0.592","efg_pct":"0.560","three_par":"0.432","ftr":"0.251","orb_pct":"8.019","drb_pct":"20.467","trb_pct":"14.164","ast_pct":"13.573","stl_pct":"1.164","blk_pct":"2.651","tov_pct":"13.771","usg_pct":"21.115","ortg":"115.306","drtg":"114.012","bpm":"-0.065"},{"game_id":1008,"team_name":"BRK","player_id":"{\"greenje02\"}","player_name":"{\"Jeff Green\"}","ts_pct":"0.606","efg_pct":"0.570","three_par":"0.491","ftr":"0.554","orb_pct":"2.012","drb_pct":"14.389","trb_pct":"8.227","ast_pct":"8.627","stl_pct":"0.793","blk_pct":"1.208","tov_pct":"3.342","usg_pct":"15.253","ortg":"129.012","drtg":"118.188","bpm":"-0.033"},{"game_id":1008,"team_name":"BRK","player_id":"benchBRK","player_name":"Bench of BRK","ts_pct":"0.466","efg_pct":"0.446","three_par":"0.326","ftr":"0.308","orb_pct":"4.567","drb_pct":"16.188","trb_pct":"10.568","ast_pct":"14.458","stl_pct":"1.503","blk_pct":"1.405","tov_pct":"14.430","usg_pct":"14.302","ortg":"106.602","drtg":"115.647","bpm":"-2.957"}]