[{"game_id":1150,"team_name":"ATL","player_id":"teamATL","player_name":"Team name: ATL","ts_pct":"0.507","efg_pct":"0.472","three_par":"0.382","ftr":"0.255","orb_pct":"5.478","drb_pct":"16.784","trb_pct":"11.438","ast_pct":"11.615","stl_pct":"1.357","blk_pct":"2.243","tov_pct":"10.254","usg_pct":"20.223","ortg":"101.360","drtg":"120.014","bpm":"0.141"},{"game_id":1150,"team_name":"PHI","player_id":"teamPHI","player_name":"Team name: PHI","ts_pct":"0.642","efg_pct":"0.610","three_par":"0.402","ftr":"0.457","orb_pct":"5.612","drb_pct":"17.170","trb_pct":"11.708","ast_pct":"14.064","stl_pct":"1.722","blk_pct":"2.305","tov_pct":"13.250","usg_pct":"22.874","ortg":"128.157","drtg":"132.923","bpm":"-0.799"}]