[{"game_id":1217,"team_name":"MIL","player_id":"teamMIL","player_name":"Team name: MIL","fg":"39.457","fga":"90.857","fg_pct":"0.434","three_p":"12.931","three_pa":"41.463","three_p_pct":"0.312","ft":"19.257","fta":"27.069","ft_pct":"0.711","orb":"9.480","drb":"42.206","trb":"51.686","ast":"24.989","stl":"7.291","blk":"6.166","tov":"12.594","pf":"24.789","pts":"111.103"},{"game_id":1217,"team_name":"CLE","player_id":"teamCLE","player_name":"Team name: CLE","fg":"39.749","fga":"87.451","fg_pct":"0.455","three_p":"8.994","three_pa":"28.451","three_p_pct":"0.316","ft":"14.486","fta":"19.600","ft_pct":"0.739","orb":"11.789","drb":"32.571","trb":"44.360","ast":"20.194","stl":"7.349","blk":"2.086","tov":"14.011","pf":"17.229","pts":"102.977"}]