[{"game_id":1014,"team_name":"CHO","player_id":"{\"roziete01\"}","player_name":"{\"Terry Rozier\"}","fg":"6.800","fga":"18.153","fg_pct":"0.375","three_p":"2.694","three_pa":"8.471","three_p_pct":"0.318","ft":"2.271","fta":"3.094","ft_pct":"0.734","orb":"1.376","drb":"3.071","trb":"4.447","ast":"5.388","stl":"0.812","blk":"0.306","tov":"1.188","pf":"1.682","pts":"18.565"},{"game_id":1014,"team_name":"CHO","player_id":"{\"washipj01\"}","player_name":"{\"P.J. Washington\"}","fg":"7.812","fga":"13.718","fg_pct":"0.569","three_p":"3.447","three_pa":"6.435","three_p_pct":"0.536","ft":"1.059","fta":"1.776","ft_pct":"0.596","orb":"1.082","drb":"4.965","trb":"6.047","ast":"1.894","stl":"1.129","blk":"0.824","tov":"1.776","pf":"2.541","pts":"20.129"},{"game_id":1014,"team_name":"CHO","player_id":"{\"ballla01\"}","player_name":"{\"LaMelo Ball\"}","fg":"6.153","fga":"14.341","fg_pct":"0.429","three_p":"1.106","three_pa":"4.518","three_p_pct":"0.245","ft":"3.447","fta":"5.012","ft_pct":"0.688","orb":"0.353","drb":"5.094","trb":"5.447","ast":"5.824","stl":"1.682","blk":"0.376","tov":"2.953","pf":"2.953","pts":"16.859"},{"game_id":1014,"team_name":"CHO","player_id":"{\"biyombi01\"}","player_name":"{\"Bismack Biyombo\"}","fg":"2.141","fga":"3.047","fg_pct":"0.703","three_p":"0.000","three_pa":"0.000","three_p_pct":"NaN","ft":"0.353","fta":"1.482","ft_pct":"0.238","orb":"2.400","drb":"4.035","trb":"6.435","ast":"1.306","stl":"0.259","blk":"1.412","tov":"0.976","pf":"1.659","pts":"4.635"},{"game_id":1014,"team_name":"CHO","player_id":"{\"wanambr01\"}","player_name":"{\"Brad Wanamaker\"}","fg":"2.541","fga":"5.271","fg_pct":"0.482","three_p":"0.000","three_pa":"0.459","three_p_pct":"0.000","ft":"1.776","fta":"1.929","ft_pct":"0.921","orb":"0.612","drb":"1.329","trb":"1.941","ast":"2.871","stl":"0.718","blk":"0.176","tov":"1.259","pf":"1.741","pts":"6.859"},{"game_id":1014,"team_name":"CHO","player_id":"{\"martica02\"}","player_name":"{\"Caleb Martin\"}","fg":"1.765","fga":"4.871","fg_pct":"0.362","three_p":"0.506","three_pa":"2.635","three_p_pct":"0.192","ft":"1.800","fta":"2.471","ft_pct":"0.728","orb":"0.435","drb":"2.412","trb":"2.847","ast":"1.765","stl":"0.965","blk":"0.200","tov":"0.494","pf":"1.541","pts":"5.835"},{"game_id":1014,"team_name":"CHO","player_id":"benchCHO","player_name":"Bench of CHO","fg":"3.749","fga":"7.805","fg_pct":"0.480","three_p":"1.172","three_pa":"2.866","three_p_pct":"0.409","ft":"1.113","fta":"1.774","ft_pct":"0.627","orb":"1.320","drb":"2.975","trb":"4.295","ast":"1.704","stl":"0.524","blk":"0.384","tov":"0.942","pf":"2.178","pts":"9.783"},{"game_id":1014,"team_name":"NOP","player_id":"{\"bledser01\"}","player_name":"{\"Eric Bledsoe\"}","fg":"5.000","fga":"10.859","fg_pct":"0.460","three_p":"1.459","three_pa":"4.847","three_p_pct":"0.301","ft":"1.988","fta":"3.176","ft_pct":"0.626","orb":"0.588","drb":"3.188","trb":"3.776","ast":"3.541","stl":"1.165","blk":"0.353","tov":"1.412","pf":"0.871","pts":"13.447"},{"game_id":1014,"team_name":"NOP","player_id":"{\"johnsja01\"}","player_name":"{\"James Johnson\"}","fg":"2.965","fga":"7.176","fg_pct":"0.413","three_p":"0.271","three_pa":"2.306","three_p_pct":"0.118","ft":"0.706","fta":"1.282","ft_pct":"0.551","orb":"0.706","drb":"3.059","trb":"3.765","ast":"1.141","stl":"0.529","blk":"0.859","tov":"0.953","pf":"2.859","pts":"6.906"},{"game_id":1014,"team_name":"NOP","player_id":"{\"balllo01\"}","player_name":"{\"Lonzo Ball\"}","fg":"6.529","fga":"16.659","fg_pct":"0.392","three_p":"3.976","three_pa":"10.706","three_p_pct":"0.371","ft":"1.541","fta":"2.047","ft_pct":"0.753","orb":"0.741","drb":"6.871","trb":"7.612","ast":"6.471","stl":"2.153","blk":"0.353","tov":"3.718","pf":"1.435","pts":"18.576"},{"game_id":1014,"team_name":"NOP","player_id":"{\"marshna01\"}","player_name":"{\"Naji Marshall\"}","fg":"2.671","fga":"7.365","fg_pct":"0.363","three_p":"1.129","three_pa":"3.353","three_p_pct":"0.337","ft":"1.141","fta":"1.671","ft_pct":"0.683","orb":"0.471","drb":"5.118","trb":"5.588","ast":"3.188","stl":"1.071","blk":"0.365","tov":"1.271","pf":"1.412","pts":"7.612"},{"game_id":1014,"team_name":"NOP","player_id":"{\"hayesja02\"}","player_name":"{\"Jaxson Hayes\"}","fg":"4.047","fga":"6.682","fg_pct":"0.606","three_p":"0.000","three_pa":"0.200","three_p_pct":"0.000","ft":"2.024","fta":"2.365","ft_pct":"0.856","orb":"2.282","drb":"3.482","trb":"5.765","ast":"0.635","stl":"0.647","blk":"1.012","tov":"0.765","pf":"1.729","pts":"10.118"},{"game_id":1014,"team_name":"NOP","player_id":"{\"hernawi01\"}","player_name":"{\"Willy Hernangómez\"}","fg":"4.024","fga":"6.506","fg_pct":"0.619","three_p":"0.000","three_pa":"0.188","three_p_pct":"0.000","ft":"2.059","fta":"2.494","ft_pct":"0.826","orb":"2.682","drb":"5.376","trb":"8.059","ast":"1.200","stl":"1.000","blk":"0.471","tov":"0.906","pf":"2.435","pts":"10.106"},{"game_id":1014,"team_name":"NOP","player_id":"benchNOP","player_name":"Bench of NOP","fg":"2.499","fga":"6.366","fg_pct":"0.393","three_p":"1.194","three_pa":"3.159","three_p_pct":"0.378","ft":"0.807","fta":"1.166","ft_pct":"0.692","orb":"0.443","drb":"2.319","trb":"2.762","ast":"1.280","stl":"0.681","blk":"0.452","tov":"0.939","pf":"1.907","pts":"6.998"}]