[{"game_id":1008,"team_name":"DEN","player_id":"{\"jokicni01\"}","player_name":"{\"Nikola Jokić\"}","fg":"9.412","fga":"16.588","fg_pct":"0.567","three_p":"1.282","three_pa":"3.212","three_p_pct":"0.399","ft":"6.741","fta":"7.671","ft_pct":"0.879","orb":"2.047","drb":"8.235","trb":"10.282","ast":"7.118","stl":"1.165","blk":"1.082","tov":"3.282","pf":"3.024","pts":"26.847"},{"game_id":1008,"team_name":"DEN","player_id":"{\"riverau01\"}","player_name":"{\"Austin Rivers\"}","fg":"3.259","fga":"7.659","fg_pct":"0.426","three_p":"2.129","three_pa":"5.047","three_p_pct":"0.422","ft":"1.259","fta":"1.753","ft_pct":"0.718","orb":"0.047","drb":"2.012","trb":"2.059","ast":"3.106","stl":"1.494","blk":"0.141","tov":"0.965","pf":"2.106","pts":"9.906"},{"game_id":1008,"team_name":"DEN","player_id":"{\"campafa01\"}","player_name":"{\"Facundo Campazzo\"}","fg":"3.082","fga":"7.612","fg_pct":"0.405","three_p":"1.412","three_pa":"4.906","three_p_pct":"0.288","ft":"2.624","fta":"2.859","ft_pct":"0.918","orb":"0.565","drb":"4.176","trb":"4.741","ast":"6.565","stl":"2.235","blk":"0.424","tov":"1.741","pf":"2.235","pts":"10.200"},{"game_id":1008,"team_name":"DEN","player_id":"{\"portemi01\"}","player_name":"{\"Michael Porter Jr.\"}","fg":"9.459","fga":"17.082","fg_pct":"0.554","three_p":"3.635","three_pa":"7.906","three_p_pct":"0.460","ft":"2.694","fta":"3.118","ft_pct":"0.864","orb":"0.518","drb":"5.871","trb":"6.388","ast":"1.824","stl":"0.671","blk":"0.824","tov":"1.576","pf":"1.918","pts":"25.247"},{"game_id":1008,"team_name":"DEN","player_id":"{\"greenja01\"}","player_name":"{\"JaMychal Green\"}","fg":"2.753","fga":"6.188","fg_pct":"0.445","three_p":"1.329","three_pa":"3.200","three_p_pct":"0.415","ft":"0.318","fta":"0.424","ft_pct":"0.750","orb":"1.400","drb":"3.153","trb":"4.553","ast":"1.035","stl":"0.235","blk":"0.494","tov":"1.094","pf":"1.612","pts":"7.153"},{"game_id":1008,"team_name":"DEN","player_id":"{\"cancavl01\"}","player_name":"{\"Vlatko Čančar\"}","fg":"0.600","fga":"1.412","fg_pct":"0.425","three_p":"0.141","three_pa":"0.671","three_p_pct":"0.210","ft":"0.165","fta":"0.165","ft_pct":"1.000","orb":"0.388","drb":"0.600","trb":"0.988","ast":"0.165","stl":"0.082","blk":"0.000","tov":"0.235","pf":"0.094","pts":"1.506"},{"game_id":1008,"team_name":"DEN","player_id":"benchDEN","player_name":"Bench of DEN","fg":"1.101","fga":"2.827","fg_pct":"0.389","three_p":"0.156","three_pa":"0.741","three_p_pct":"0.211","ft":"0.764","fta":"0.956","ft_pct":"0.799","orb":"0.424","drb":"1.532","trb":"1.956","ast":"0.420","stl":"0.411","blk":"0.472","tov":"0.636","pf":"1.346","pts":"3.122"},{"game_id":1008,"team_name":"BRK","player_id":"{\"jordade01\"}","player_name":"{\"DeAndre Jordan\"}","fg":"3.024","fga":"4.471","fg_pct":"0.676","three_p":"0.000","three_pa":"0.000","three_p_pct":"NaN","ft":"1.329","fta":"2.671","ft_pct":"0.498","orb":"2.659","drb":"6.753","trb":"9.412","ast":"1.506","stl":"0.329","blk":"0.847","tov":"1.588","pf":"1.729","pts":"7.376"},{"game_id":1008,"team_name":"BRK","player_id":"{\"duranke01\"}","player_name":"{\"Kevin Durant\"}","fg":"10.071","fga":"18.906","fg_pct":"0.533","three_p":"2.871","three_pa":"5.765","three_p_pct":"0.498","ft":"5.129","fta":"5.718","ft_pct":"0.897","orb":"0.459","drb":"6.318","trb":"6.776","ast":"4.788","stl":"0.941","blk":"0.941","tov":"2.918","pf":"2.388","pts":"28.141"},{"game_id":1008,"team_name":"BRK","player_id":"{\"irvinky01\"}","player_name":"{\"Kyrie Irving\"}","fg":"10.306","fga":"22.271","fg_pct":"0.463","three_p":"3.400","three_pa":"8.529","three_p_pct":"0.399","ft":"4.306","fta":"4.506","ft_pct":"0.956","orb":"0.894","drb":"4.459","trb":"5.353","ast":"6.365","stl":"2.212","blk":"0.941","tov":"2.918","pf":"2.518","pts":"28.318"},{"game_id":1008,"team_name":"BRK","player_id":"{\"harrijo01\"}","player_name":"{\"Joe Harris\"}","fg":"4.482","fga":"9.929","fg_pct":"0.451","three_p":"2.671","three_pa":"5.847","three_p_pct":"0.457","ft":"0.671","fta":"0.824","ft_pct":"0.814","orb":"0.612","drb":"2.894","trb":"3.506","ast":"1.494","stl":"0.612","blk":"0.341","tov":"1.435","pf":"1.988","pts":"12.306"},{"game_id":1008,"team_name":"BRK","player_id":"{\"griffbl01\"}","player_name":"{\"Blake Griffin\"}","fg":"4.106","fga":"8.729","fg_pct":"0.470","three_p":"1.412","three_pa":"3.812","three_p_pct":"0.370","ft":"1.541","fta":"1.847","ft_pct":"0.834","orb":"1.682","drb":"4.447","trb":"6.129","ast":"2.235","stl":"0.565","blk":"0.647","tov":"1.412","pf":"3.318","pts":"11.165"},{"game_id":1008,"team_name":"BRK","player_id":"{\"greenje02\"}","player_name":"{\"Jeff Green\"}","fg":"4.024","fga":"8.729","fg_pct":"0.461","three_p":"1.671","three_pa":"4.259","three_p_pct":"0.392","ft":"3.059","fta":"4.059","ft_pct":"0.754","orb":"0.600","drb":"4.424","trb":"5.024","ast":"2.094","stl":"0.541","blk":"0.412","tov":"0.376","pf":"2.447","pts":"12.776"},{"game_id":1008,"team_name":"BRK","player_id":"benchBRK","player_name":"Bench of BRK","fg":"2.434","fga":"5.415","fg_pct":"0.449","three_p":"0.715","three_pa":"2.287","three_p_pct":"0.313","ft":"0.892","fta":"1.299","ft_pct":"0.687","orb":"0.907","drb":"3.078","trb":"3.985","ast":"1.937","stl":"0.626","blk":"0.361","tov":"0.844","pf":"1.668","pts":"6.476"}]