[{"game_id":1095,"team_name":"MIL","player_id":"{\"nworajo01\"}","player_name":"{\"Jordan Nwora\"}","fg":"2.929","fga":"5.541","fg_pct":"0.529","three_p":"1.059","three_pa":"2.235","three_p_pct":"0.474","ft":"0.494","fta":"0.800","ft_pct":"0.617","orb":"0.800","drb":"2.082","trb":"2.882","ast":"0.047","stl":"0.471","blk":"0.400","tov":"0.953","pf":"0.882","pts":"7.412"},{"game_id":1095,"team_name":"MIL","player_id":"{\"diakima01\"}","player_name":"{\"Mamadi Diakite\"}","fg":"1.141","fga":"2.988","fg_pct":"0.382","three_p":"0.059","three_pa":"0.494","three_p_pct":"0.119","ft":"1.259","fta":"1.718","ft_pct":"0.733","orb":"0.459","drb":"1.847","trb":"2.306","ast":"0.482","stl":"0.859","blk":"0.259","tov":"0.247","pf":"1.224","pts":"3.600"},{"game_id":1095,"team_name":"MIL","player_id":"{\"bryanel01\"}","player_name":"{\"Elijah Bryant\"}","fg":"6.000","fga":"13.000","fg_pct":"0.462","three_p":"1.000","three_pa":"5.000","three_p_pct":"0.200","ft":"3.000","fta":"3.000","ft_pct":"1.000","orb":"2.000","drb":"4.000","trb":"6.000","ast":"3.000","stl":"0.000","blk":"1.000","tov":"4.000","pf":"4.000","pts":"16.000"},{"game_id":1095,"team_name":"MIL","player_id":"{\"merrisa01\"}","player_name":"{\"Sam Merrill\"}","fg":"1.071","fga":"2.835","fg_pct":"0.378","three_p":"0.682","three_pa":"1.812","three_p_pct":"0.376","ft":"0.141","fta":"0.141","ft_pct":"1.000","orb":"0.000","drb":"0.894","trb":"0.894","ast":"0.459","stl":"0.459","blk":"0.000","tov":"0.153","pf":"0.824","pts":"2.965"},{"game_id":1095,"team_name":"MIL","player_id":"{\"toupaax01\"}","player_name":"{\"Axel Toupane\"}","fg":"0.765","fga":"1.671","fg_pct":"0.458","three_p":"0.200","three_pa":"0.388","three_p_pct":"0.515","ft":"0.753","fta":"1.047","ft_pct":"0.719","orb":"0.000","drb":"0.729","trb":"0.729","ast":"0.482","stl":"0.365","blk":"0.282","tov":"0.000","pf":"1.000","pts":"2.482"},{"game_id":1095,"team_name":"MIL","player_id":"{\"antetgi01\"}","player_name":"{\"Giannis Antetokounmpo\"}","fg":"10.071","fga":"18.471","fg_pct":"0.545","three_p":"0.788","three_pa":"3.341","three_p_pct":"0.236","ft":"5.447","fta":"8.729","ft_pct":"0.624","orb":"1.906","drb":"8.882","trb":"10.788","ast":"5.000","stl":"1.306","blk":"0.576","tov":"2.271","pf":"3.000","pts":"26.376"},{"game_id":1095,"team_name":"MIL","player_id":"benchMIL","player_name":"Bench of MIL","fg":"5.108","fga":"10.450","fg_pct":"0.489","three_p":"1.498","three_pa":"4.358","three_p_pct":"0.344","ft":"1.938","fta":"2.434","ft_pct":"0.796","orb":"1.121","drb":"4.160","trb":"5.280","ast":"2.897","stl":"0.740","blk":"0.488","tov":"1.331","pf":"1.717","pts":"13.651"},{"game_id":1095,"team_name":"MIA","player_id":"{\"vincega01\"}","player_name":"{\"Gabe Vincent\"}","fg":"1.788","fga":"4.035","fg_pct":"0.443","three_p":"1.153","three_pa":"2.553","three_p_pct":"0.452","ft":"0.000","fta":"0.000","ft_pct":"NaN","orb":"0.141","drb":"1.294","trb":"1.435","ast":"1.929","stl":"0.447","blk":"0.000","tov":"0.729","pf":"1.282","pts":"4.729"},{"game_id":1095,"team_name":"MIA","player_id":"{\"achiupr01\"}","player_name":"{\"Precious Achiuwa\"}","fg":"2.165","fga":"4.106","fg_pct":"0.527","three_p":"0.000","three_pa":"0.141","three_p_pct":"0.000","ft":"0.635","fta":"1.329","ft_pct":"0.478","orb":"0.729","drb":"2.047","trb":"2.776","ast":"0.365","stl":"0.376","blk":"0.271","tov":"0.518","pf":"0.929","pts":"4.965"},{"game_id":1095,"team_name":"MIA","player_id":"{\"strusma01\"}","player_name":"{\"Max Strus\"}","fg":"2.729","fga":"6.247","fg_pct":"0.437","three_p":"1.376","three_pa":"4.694","three_p_pct":"0.293","ft":"0.694","fta":"0.941","ft_pct":"0.738","orb":"0.200","drb":"1.459","trb":"1.659","ast":"0.824","stl":"0.529","blk":"0.141","tov":"0.318","pf":"1.106","pts":"7.529"},{"game_id":1095,"team_name":"MIA","player_id":"{\"okpalkz01\"}","player_name":"{\"KZ Okpala\"}","fg":"1.165","fga":"2.788","fg_pct":"0.418","three_p":"0.071","three_pa":"0.941","three_p_pct":"0.075","ft":"0.824","fta":"0.976","ft_pct":"0.844","orb":"0.588","drb":"1.082","trb":"1.671","ast":"0.729","stl":"0.412","blk":"0.424","tov":"0.353","pf":"1.376","pts":"3.224"},{"game_id":1095,"team_name":"MIA","player_id":"{\"butleji01\"}","player_name":"{\"Jimmy Butler\"}","fg":"6.235","fga":"14.000","fg_pct":"0.445","three_p":"1.118","three_pa":"3.024","three_p_pct":"0.370","ft":"7.224","fta":"8.518","ft_pct":"0.848","orb":"1.953","drb":"4.682","trb":"6.635","ast":"6.282","stl":"1.847","blk":"0.247","tov":"2.306","pf":"1.035","pts":"20.812"},{"game_id":1095,"team_name":"MIA","player_id":"{\"adebaba01\"}","player_name":"{\"Bam Adebayo\"}","fg":"5.976","fga":"11.506","fg_pct":"0.519","three_p":"0.000","three_pa":"0.000","three_p_pct":"NaN","ft":"2.647","fta":"3.388","ft_pct":"0.781","orb":"2.176","drb":"6.518","trb":"8.694","ast":"6.271","stl":"1.776","blk":"0.553","tov":"2.094","pf":"2.835","pts":"14.600"},{"game_id":1095,"team_name":"MIA","player_id":"benchMIA","player_name":"Bench of MIA","fg":"4.516","fga":"9.209","fg_pct":"0.490","three_p":"2.086","three_pa":"4.905","three_p_pct":"0.425","ft":"0.970","fta":"1.226","ft_pct":"0.791","orb":"0.683","drb":"3.036","trb":"3.719","ast":"2.199","stl":"0.661","blk":"0.311","tov":"1.291","pf":"2.175","pts":"12.088"}]