[{"game_id":1214,"team_name":"TOR","player_id":"teamTOR","player_name":"Team name: TOR","ts_pct":"0.488","efg_pct":"0.431","three_par":"0.402","ftr":"0.304","orb_pct":"4.070","drb_pct":"14.053","trb_pct":"9.394","ast_pct":"11.983","stl_pct":"1.330","blk_pct":"2.113","tov_pct":"12.819","usg_pct":"17.015","ortg":"97.565","drtg":"98.741","bpm":"0.787"},{"game_id":1214,"team_name":"ORL","player_id":"teamORL","player_name":"Team name: ORL","ts_pct":"0.525","efg_pct":"0.465","three_par":"0.398","ftr":"0.269","orb_pct":"4.346","drb_pct":"17.670","trb_pct":"10.598","ast_pct":"15.376","stl_pct":"1.796","blk_pct":"1.680","tov_pct":"12.879","usg_pct":"21.307","ortg":"105.763","drtg":"114.522","bpm":"-0.723"}]