[{"game_id":1055,"team_name":"PHI","player_id":"teamPHI","player_name":"Team name: PHI","fg":"42.126","fga":"86.789","fg_pct":"0.485","three_p":"11.291","three_pa":"30.137","three_p_pct":"0.375","ft":"17.337","fta":"22.040","ft_pct":"0.787","orb":"9.886","drb":"33.251","trb":"43.137","ast":"24.371","stl":"9.903","blk":"5.691","tov":"11.909","pf":"18.040","pts":"112.880"},{"game_id":1055,"team_name":"ORL","player_id":"teamORL","player_name":"Team name: ORL","fg":"37.440","fga":"89.017","fg_pct":"0.421","three_p":"9.314","three_pa":"28.994","three_p_pct":"0.321","ft":"17.343","fta":"22.806","ft_pct":"0.760","orb":"10.371","drb":"36.000","trb":"46.371","ast":"19.954","stl":"5.971","blk":"5.091","tov":"12.703","pf":"18.383","pts":"101.537"}]