[{"game_id":1232,"team_name":"OKC","player_id":"{\"gilgesh01\"}","player_name":"{\"Shai Gilgeous-Alexander\"}","ts_pct":"0.587","efg_pct":"0.543","three_par":"0.287","ftr":"0.343","orb_pct":"2.245","drb_pct":"13.326","trb_pct":"8.365","ast_pct":"18.406","stl_pct":"1.105","blk_pct":"2.531","tov_pct":"7.900","usg_pct":"23.059","ortg":"120.659","drtg":"110.741","bpm":"4.767"},{"game_id":1232,"team_name":"OKC","player_id":"{\"fergute01\"}","player_name":"{\"Terrance Ferguson\"}","ts_pct":"0.601","efg_pct":"0.467","three_par":"0.704","ftr":"0.000","orb_pct":"3.485","drb_pct":"7.478","trb_pct":"5.558","ast_pct":"7.794","stl_pct":"1.088","blk_pct":"0.505","tov_pct":"29.368","usg_pct":"8.812","ortg":"95.329","drtg":"109.176","bpm":"-2.873"},{"game_id":1232,"team_name":"OKC","player_id":"{\"paulch01\"}","player_name":"{\"Chris Paul\"}","ts_pct":"0.555","efg_pct":"0.511","three_par":"0.431","ftr":"0.397","orb_pct":"2.659","drb_pct":"15.038","trb_pct":"9.118","ast_pct":"20.979","stl_pct":"1.836","blk_pct":"0.331","tov_pct":"16.473","usg_pct":"21.472","ortg":"111.306","drtg":"107.494","bpm":"-0.134"},{"game_id":1232,"team_name":"OKC","player_id":"{\"gallida01\"}","player_name":"{\"Danilo Gallinari\"}","ts_pct":"0.571","efg_pct":"0.499","three_par":"0.444","ftr":"0.351","orb_pct":"2.999","drb_pct":"14.895","trb_pct":"8.875","ast_pct":"10.692","stl_pct":"1.176","blk_pct":"0.801","tov_pct":"8.564","usg_pct":"26.899","ortg":"113.518","drtg":"112.035","bpm":"1.871"},{"game_id":1232,"team_name":"OKC","player_id":"{\"noelne01\"}","player_name":"{\"Nerlens Noel\"}","ts_pct":"0.581","efg_pct":"0.601","three_par":"0.000","ftr":"0.235","orb_pct":"10.159","drb_pct":"16.049","trb_pct":"13.211","ast_pct":"6.365","stl_pct":"1.952","blk_pct":"5.478","tov_pct":"11.494","usg_pct":"15.100","ortg":"118.306","drtg":"101.329","bpm":"1.807"},{"game_id":1232,"team_name":"OKC","player_id":"{\"schrode01\"}","player_name":"{\"Dennis Schröder\"}","ts_pct":"0.575","efg_pct":"0.550","three_par":"0.363","ftr":"0.259","orb_pct":"2.386","drb_pct":"13.336","trb_pct":"8.268","ast_pct":"24.605","stl_pct":"2.182","blk_pct":"0.440","tov_pct":"14.213","usg_pct":"22.074","ortg":"109.200","drtg":"104.824","bpm":"2.588"},{"game_id":1232,"team_name":"OKC","player_id":"benchOKC","player_name":"Bench of OKC","ts_pct":"0.456","efg_pct":"0.438","three_par":"0.469","ftr":"0.166","orb_pct":"3.119","drb_pct":"17.119","trb_pct":"10.546","ast_pct":"4.627","stl_pct":"3.221","blk_pct":"1.545","tov_pct":"14.839","usg_pct":"14.797","ortg":"78.568","drtg":"97.908","bpm":"-1.063"},{"game_id":1232,"team_name":"POR","player_id":"{\"trentga02\"}","player_name":"{\"Gary Trent Jr.\"}","ts_pct":"0.173","efg_pct":"0.170","three_par":"0.426","ftr":"0.022","orb_pct":"1.993","drb_pct":"10.419","trb_pct":"6.740","ast_pct":"2.693","stl_pct":"0.141","blk_pct":"0.268","tov_pct":"8.605","usg_pct":"19.759","ortg":"42.035","drtg":"114.953","bpm":"-14.206"},{"game_id":1232,"team_name":"POR","player_id":"{\"lillada01\"}","player_name":"{\"Damian Lillard\"}","ts_pct":"0.563","efg_pct":"0.490","three_par":"0.454","ftr":"0.384","orb_pct":"0.951","drb_pct":"13.327","trb_pct":"7.094","ast_pct":"30.588","stl_pct":"1.458","blk_pct":"0.992","tov_pct":"11.529","usg_pct":"29.541","ortg":"112.400","drtg":"112.294","bpm":"4.314"},{"game_id":1232,"team_name":"POR","player_id":"{\"mccolcj01\"}","player_name":"{\"CJ McCollum\"}","ts_pct":"0.509","efg_pct":"0.478","three_par":"0.272","ftr":"0.180","orb_pct":"1.829","drb_pct":"7.429","trb_pct":"4.826","ast_pct":"17.253","stl_pct":"1.168","blk_pct":"0.512","tov_pct":"8.222","usg_pct":"27.922","ortg":"104.153","drtg":"114.482","bpm":"-0.136"},{"game_id":1232,"team_name":"POR","player_id":"{\"hoodro01\"}","player_name":"{\"Rodney Hood\"}","ts_pct":"0.586","efg_pct":"0.541","three_par":"0.476","ftr":"0.323","orb_pct":"2.859","drb_pct":"8.573","trb_pct":"5.881","ast_pct":"2.995","stl_pct":"1.451","blk_pct":"1.246","tov_pct":"5.932","usg_pct":"15.008","ortg":"115.647","drtg":"113.118","bpm":"0.544"},{"game_id":1232,"team_name":"POR","player_id":"{\"tollian01\"}","player_name":"{\"Anthony Tolliver\"}","ts_pct":"0.264","efg_pct":"0.242","three_par":"0.758","ftr":"0.135","orb_pct":"0.544","drb_pct":"15.473","trb_pct":"7.918","ast_pct":"6.931","stl_pct":"0.927","blk_pct":"1.176","tov_pct":"25.986","usg_pct":"11.973","ortg":"59.376","drtg":"113.965","bpm":"-8.499"},{"game_id":1232,"team_name":"POR","player_id":"{\"whiteha01\"}","player_name":"{\"Hassan Whiteside\"}","ts_pct":"0.703","efg_pct":"0.693","three_par":"0.000","ftr":"0.325","orb_pct":"11.380","drb_pct":"42.080","trb_pct":"26.919","ast_pct":"4.249","stl_pct":"1.071","blk_pct":"6.498","tov_pct":"18.384","usg_pct":"20.752","ortg":"118.741","drtg":"97.635","bpm":"5.244"},{"game_id":1232,"team_name":"POR","player_id":"benchPOR","player_name":"Bench of POR","ts_pct":"0.417","efg_pct":"0.384","three_par":"0.321","ftr":"0.269","orb_pct":"5.543","drb_pct":"13.194","trb_pct":"9.535","ast_pct":"8.337","stl_pct":"1.888","blk_pct":"2.259","tov_pct":"14.044","usg_pct":"20.696","ortg":"82.175","drtg":"110.591","bpm":"-5.392"}]