[{"game_id":1222,"team_name":"LAC","player_id":"teamLAC","player_name":"Team name: LAC","fg":"42.354","fga":"88.086","fg_pct":"0.481","three_p":"12.206","three_pa":"31.451","three_p_pct":"0.388","ft":"23.669","fta":"29.823","ft_pct":"0.794","orb":"9.526","drb":"32.206","trb":"41.731","ast":"26.006","stl":"7.674","blk":"3.909","tov":"13.566","pf":"25.869","pts":"120.583"},{"game_id":1222,"team_name":"CHO","player_id":"teamCHO","player_name":"Team name: CHO","fg":"39.143","fga":"86.440","fg_pct":"0.453","three_p":"12.800","three_pa":"34.851","three_p_pct":"0.367","ft":"18.160","fta":"22.954","ft_pct":"0.791","orb":"8.463","drb":"31.846","trb":"40.309","ast":"23.994","stl":"6.794","blk":"4.074","tov":"11.783","pf":"17.429","pts":"109.246"}]