[{"game_id":102,"team_name":"MEM","player_id":"{\"jonesty01\"}","player_name":"{\"Tyus Jones\"}","ts_pct":"0.442","efg_pct":"0.420","three_par":"0.347","ftr":"0.131","orb_pct":"0.572","drb_pct":"8.398","trb_pct":"4.486","ast_pct":"23.875","stl_pct":"2.354","blk_pct":"1.121","tov_pct":"8.400","usg_pct":"16.567","ortg":"103.918","drtg":"110.694","bpm":"-0.995"},{"game_id":102,"team_name":"MEM","player_id":"{\"brookdi01\"}","player_name":"{\"Dillon Brooks\"}","ts_pct":"0.493","efg_pct":"0.468","three_par":"0.389","ftr":"0.115","orb_pct":"4.878","drb_pct":"8.228","trb_pct":"6.535","ast_pct":"15.612","stl_pct":"2.278","blk_pct":"1.080","tov_pct":"12.414","usg_pct":"28.391","ortg":"95.271","drtg":"112.047","bpm":"-2.025"},{"game_id":102,"team_name":"MEM","player_id":"{\"anderky01\"}","player_name":"{\"Kyle Anderson\"}","ts_pct":"0.549","efg_pct":"0.514","three_par":"0.391","ftr":"0.244","orb_pct":"3.714","drb_pct":"21.416","trb_pct":"12.593","ast_pct":"21.175","stl_pct":"1.141","blk_pct":"2.167","tov_pct":"19.653","usg_pct":"22.458","ortg":"101.518","drtg":"110.553","bpm":"-0.569"},{"game_id":102,"team_name":"MEM","player_id":"{\"clarkbr01\"}","player_name":"{\"Brandon Clarke\"}","ts_pct":"0.504","efg_pct":"0.501","three_par":"0.223","ftr":"0.229","orb_pct":"6.588","drb_pct":"14.673","trb_pct":"10.627","ast_pct":"7.842","stl_pct":"0.626","blk_pct":"3.109","tov_pct":"7.579","usg_pct":"19.336","ortg":"101.388","drtg":"112.976","bpm":"-3.654"},{"game_id":102,"team_name":"MEM","player_id":"{\"valanjo01\"}","player_name":"{\"Jonas Valančiūnas\"}","ts_pct":"0.580","efg_pct":"0.543","three_par":"0.151","ftr":"0.516","orb_pct":"10.545","drb_pct":"33.106","trb_pct":"21.860","ast_pct":"13.315","stl_pct":"1.341","blk_pct":"1.627","tov_pct":"16.191","usg_pct":"22.228","ortg":"110.612","drtg":"107.224","bpm":"0.854"},{"game_id":102,"team_name":"MEM","player_id":"{\"banede01\"}","player_name":"{\"Desmond Bane\"}","ts_pct":"0.730","efg_pct":"0.736","three_par":"0.686","ftr":"0.042","orb_pct":"3.084","drb_pct":"9.375","trb_pct":"6.251","ast_pct":"6.922","stl_pct":"1.325","blk_pct":"0.000","tov_pct":"11.903","usg_pct":"16.427","ortg":"135.079","drtg":"114.683","bpm":"-0.659"},{"game_id":102,"team_name":"MEM","player_id":"benchMEM","player_name":"Bench of MEM","ts_pct":"0.585","efg_pct":"0.557","three_par":"0.399","ftr":"0.191","orb_pct":"4.504","drb_pct":"19.057","trb_pct":"11.753","ast_pct":"8.713","stl_pct":"1.374","blk_pct":"1.791","tov_pct":"8.595","usg_pct":"14.097","ortg":"123.907","drtg":"111.610","bpm":"-0.652"},{"game_id":102,"team_name":"LAL","player_id":"{\"schrode01\"}","player_name":"{\"Dennis Schröder\"}","ts_pct":"0.524","efg_pct":"0.491","three_par":"0.309","ftr":"0.191","orb_pct":"1.855","drb_pct":"12.013","trb_pct":"7.338","ast_pct":"21.146","stl_pct":"0.911","blk_pct":"0.616","tov_pct":"13.612","usg_pct":"24.321","ortg":"102.012","drtg":"108.318","bpm":"-2.372"},{"game_id":102,"team_name":"LAL","player_id":"{\"davisan02\"}","player_name":"{\"Anthony Davis\"}","ts_pct":"0.585","efg_pct":"0.545","three_par":"0.179","ftr":"0.289","orb_pct":"6.725","drb_pct":"22.896","trb_pct":"14.991","ast_pct":"16.228","stl_pct":"2.209","blk_pct":"3.282","tov_pct":"12.252","usg_pct":"26.488","ortg":"114.753","drtg":"104.659","bpm":"5.825"},{"game_id":102,"team_name":"LAL","player_id":"{\"jamesle01\"}","player_name":"{\"LeBron James\"}","ts_pct":"0.597","efg_pct":"0.568","three_par":"0.339","ftr":"0.309","orb_pct":"3.547","drb_pct":"25.613","trb_pct":"14.992","ast_pct":"37.048","stl_pct":"1.821","blk_pct":"0.626","tov_pct":"13.151","usg_pct":"31.069","ortg":"119.188","drtg":"102.859","bpm":"8.664"},{"game_id":102,"team_name":"LAL","player_id":"{\"kuzmaky01\"}","player_name":"{\"Kyle Kuzma\"}","ts_pct":"0.516","efg_pct":"0.509","three_par":"0.557","ftr":"0.079","orb_pct":"2.380","drb_pct":"10.467","trb_pct":"6.579","ast_pct":"6.540","stl_pct":"0.541","blk_pct":"3.320","tov_pct":"15.611","usg_pct":"19.542","ortg":"93.388","drtg":"108.753","bpm":"-3.724"},{"game_id":102,"team_name":"LAL","player_id":"{\"matthwe02\"}","player_name":"{\"Wesley Matthews\"}","ts_pct":"0.579","efg_pct":"0.575","three_par":"0.819","ftr":"0.097","orb_pct":"1.711","drb_pct":"4.273","trb_pct":"3.025","ast_pct":"7.415","stl_pct":"1.567","blk_pct":"1.500","tov_pct":"1.948","usg_pct":"9.059","ortg":"130.647","drtg":"109.694","bpm":"2.512"},{"game_id":102,"team_name":"LAL","player_id":"{\"hortota01\"}","player_name":"{\"Talen Horton-Tucker\"}","ts_pct":"0.544","efg_pct":"0.521","three_par":"0.393","ftr":"0.220","orb_pct":"3.275","drb_pct":"13.489","trb_pct":"8.909","ast_pct":"7.781","stl_pct":"3.254","blk_pct":"3.700","tov_pct":"7.384","usg_pct":"22.058","ortg":"104.835","drtg":"102.047","bpm":"1.348"},{"game_id":102,"team_name":"LAL","player_id":"benchLAL","player_name":"Bench of LAL","ts_pct":"0.491","efg_pct":"0.450","three_par":"0.395","ftr":"0.363","orb_pct":"7.816","drb_pct":"20.910","trb_pct":"14.420","ast_pct":"9.772","stl_pct":"1.007","blk_pct":"2.901","tov_pct":"16.092","usg_pct":"14.554","ortg":"104.372","drtg":"105.985","bpm":"-0.354"}]