[{"game_id":1258,"team_name":"NYK","player_id":"teamNYK","player_name":"Team name: NYK","fg":"36.297","fga":"85.800","fg_pct":"0.423","three_p":"10.937","three_pa":"31.126","three_p_pct":"0.351","ft":"16.097","fta":"23.943","ft_pct":"0.672","orb":"11.457","drb":"36.829","trb":"48.286","ast":"20.040","stl":"6.611","blk":"5.811","tov":"15.520","pf":"21.291","pts":"99.629"},{"game_id":1258,"team_name":"SAC","player_id":"teamSAC","player_name":"Team name: SAC","fg":"40.377","fga":"91.360","fg_pct":"0.442","three_p":"11.789","three_pa":"34.703","three_p_pct":"0.340","ft":"13.451","fta":"18.217","ft_pct":"0.738","orb":"11.474","drb":"29.486","trb":"40.960","ast":"21.040","stl":"7.834","blk":"3.646","tov":"14.617","pf":"20.189","pts":"105.994"}]