[{"game_id":1116,"team_name":"DAL","player_id":"teamDAL","player_name":"Team name: DAL","ts_pct":"0.622","efg_pct":"0.585","three_par":"0.421","ftr":"0.285","orb_pct":"6.995","drb_pct":"17.647","trb_pct":"12.245","ast_pct":"15.398","stl_pct":"1.570","blk_pct":"1.539","tov_pct":"12.272","usg_pct":"22.272","ortg":"133.935","drtg":"141.884","bpm":"-2.183"},{"game_id":1116,"team_name":"LAC","player_id":"teamLAC","player_name":"Team name: LAC","ts_pct":"0.665","efg_pct":"0.635","three_par":"0.439","ftr":"0.253","orb_pct":"6.030","drb_pct":"17.190","trb_pct":"11.931","ast_pct":"15.235","stl_pct":"1.574","blk_pct":"2.284","tov_pct":"12.755","usg_pct":"20.583","ortg":"129.418","drtg":"126.561","bpm":"-1.201"}]