[{"game_id":1013,"team_name":"LAC","player_id":"{\"georgpa01\"}","player_name":"{\"Paul George\"}","ts_pct":"0.582","efg_pct":"0.532","three_par":"0.423","ftr":"0.320","orb_pct":"2.242","drb_pct":"23.640","trb_pct":"13.653","ast_pct":"21.465","stl_pct":"1.636","blk_pct":"1.440","tov_pct":"15.501","usg_pct":"33.576","ortg":"104.459","drtg":"108.153","bpm":"1.958"},{"game_id":1013,"team_name":"LAC","player_id":"{\"leonaka01\"}","player_name":"{\"Kawhi Leonard\"}","ts_pct":"0.655","efg_pct":"0.594","three_par":"0.358","ftr":"0.375","orb_pct":"4.340","drb_pct":"20.668","trb_pct":"13.352","ast_pct":"31.904","stl_pct":"0.606","blk_pct":"1.195","tov_pct":"16.476","usg_pct":"26.247","ortg":"126.071","drtg":"109.976","bpm":"5.834"},{"game_id":1013,"team_name":"LAC","player_id":"{\"jacksre01\"}","player_name":"{\"Reggie Jackson\"}","ts_pct":"0.558","efg_pct":"0.546","three_par":"0.501","ftr":"0.061","orb_pct":"2.072","drb_pct":"11.064","trb_pct":"6.882","ast_pct":"19.935","stl_pct":"1.346","blk_pct":"0.000","tov_pct":"9.951","usg_pct":"21.220","ortg":"112.435","drtg":"113.247","bpm":"1.551"},{"game_id":1013,"team_name":"LAC","player_id":"{\"batumni01\"}","player_name":"{\"Nicolas Batum\"}","ts_pct":"0.480","efg_pct":"0.473","three_par":"0.597","ftr":"0.162","orb_pct":"2.771","drb_pct":"13.194","trb_pct":"8.202","ast_pct":"7.207","stl_pct":"1.554","blk_pct":"3.308","tov_pct":"13.160","usg_pct":"10.371","ortg":"101.224","drtg":"110.071","bpm":"-0.302"},{"game_id":1013,"team_name":"LAC","player_id":"{\"morrima03\"}","player_name":"{\"Marcus Morris\"}","ts_pct":"0.660","efg_pct":"0.620","three_par":"0.466","ftr":"0.250","orb_pct":"1.695","drb_pct":"15.758","trb_pct":"9.273","ast_pct":"6.327","stl_pct":"1.260","blk_pct":"0.613","tov_pct":"11.272","usg_pct":"20.442","ortg":"117.318","drtg":"112.824","bpm":"1.639"},{"game_id":1013,"team_name":"LAC","player_id":"{\"rondora01\"}","player_name":"{\"Rajon Rondo\"}","ts_pct":"0.480","efg_pct":"0.441","three_par":"0.372","ftr":"0.141","orb_pct":"4.065","drb_pct":"11.102","trb_pct":"7.796","ast_pct":"37.515","stl_pct":"3.404","blk_pct":"0.427","tov_pct":"21.651","usg_pct":"19.399","ortg":"111.482","drtg":"109.047","bpm":"1.236"},{"game_id":1013,"team_name":"LAC","player_id":"benchLAC","player_name":"Bench of LAC","ts_pct":"0.606","efg_pct":"0.575","three_par":"0.279","ftr":"0.370","orb_pct":"8.365","drb_pct":"17.611","trb_pct":"13.327","ast_pct":"12.141","stl_pct":"1.191","blk_pct":"3.470","tov_pct":"15.951","usg_pct":"19.310","ortg":"114.977","drtg":"108.504","bpm":"1.169"},{"game_id":1013,"team_name":"NYK","player_id":"{\"ntilila01\"}","player_name":"{\"Frank Ntilikina\"}","ts_pct":"0.088","efg_pct":"0.124","three_par":"0.229","ftr":"0.306","orb_pct":"5.374","drb_pct":"2.739","trb_pct":"3.915","ast_pct":"3.848","stl_pct":"0.000","blk_pct":"1.572","tov_pct":"5.093","usg_pct":"6.872","ortg":"43.235","drtg":"117.129","bpm":"-11.859"},{"game_id":1013,"team_name":"NYK","player_id":"{\"bullore01\"}","player_name":"{\"Reggie Bullock\"}","ts_pct":"0.688","efg_pct":"0.648","three_par":"0.759","ftr":"0.207","orb_pct":"1.408","drb_pct":"9.638","trb_pct":"5.680","ast_pct":"9.262","stl_pct":"1.028","blk_pct":"0.159","tov_pct":"5.272","usg_pct":"15.491","ortg":"135.718","drtg":"117.271","bpm":"1.891"},{"game_id":1013,"team_name":"NYK","player_id":"{\"barrerj01\"}","player_name":"{\"RJ Barrett\"}","ts_pct":"0.554","efg_pct":"0.522","three_par":"0.429","ftr":"0.211","orb_pct":"1.608","drb_pct":"16.119","trb_pct":"9.094","ast_pct":"11.833","stl_pct":"0.559","blk_pct":"0.799","tov_pct":"8.845","usg_pct":"23.192","ortg":"107.776","drtg":"116.259","bpm":"-1.512"},{"game_id":1013,"team_name":"NYK","player_id":"{\"randlju01\"}","player_name":"{\"Julius Randle\"}","ts_pct":"0.581","efg_pct":"0.527","three_par":"0.350","ftr":"0.347","orb_pct":"3.471","drb_pct":"21.467","trb_pct":"12.905","ast_pct":"23.258","stl_pct":"0.996","blk_pct":"0.649","tov_pct":"11.651","usg_pct":"31.908","ortg":"113.835","drtg":"113.588","bpm":"3.489"},{"game_id":1013,"team_name":"NYK","player_id":"{\"rosede01\"}","player_name":"{\"Derrick Rose\"}","ts_pct":"0.670","efg_pct":"0.644","three_par":"0.231","ftr":"0.178","orb_pct":"0.828","drb_pct":"11.473","trb_pct":"6.352","ast_pct":"26.126","stl_pct":"1.095","blk_pct":"0.454","tov_pct":"7.848","usg_pct":"23.444","ortg":"132.094","drtg":"116.859","bpm":"4.555"},{"game_id":1013,"team_name":"NYK","player_id":"{\"noelne01\"}","player_name":"{\"Nerlens Noel\"}","ts_pct":"0.674","efg_pct":"0.652","three_par":"0.020","ftr":"0.621","orb_pct":"9.314","drb_pct":"16.814","trb_pct":"13.086","ast_pct":"5.621","stl_pct":"1.939","blk_pct":"7.519","tov_pct":"18.205","usg_pct":"8.780","ortg":"130.612","drtg":"108.341","bpm":"0.675"},{"game_id":1013,"team_name":"NYK","player_id":"benchNYK","player_name":"Bench of NYK","ts_pct":"0.587","efg_pct":"0.579","three_par":"0.180","ftr":"0.111","orb_pct":"7.066","drb_pct":"17.934","trb_pct":"12.664","ast_pct":"11.068","stl_pct":"2.475","blk_pct":"2.872","tov_pct":"8.674","usg_pct":"17.120","ortg":"121.730","drtg":"109.539","bpm":"-0.266"}]