[{"game_id":1255,"team_name":"GSW","player_id":"teamGSW","player_name":"Team name: GSW","ts_pct":"0.569","efg_pct":"0.496","three_par":"0.337","ftr":"0.308","orb_pct":"5.493","drb_pct":"17.227","trb_pct":"11.210","ast_pct":"16.040","stl_pct":"1.412","blk_pct":"1.461","tov_pct":"14.641","usg_pct":"20.979","ortg":"117.742","drtg":"134.921","bpm":"-3.397"},{"game_id":1255,"team_name":"CHO","player_id":"teamCHO","player_name":"Team name: CHO","ts_pct":"0.526","efg_pct":"0.511","three_par":"0.413","ftr":"0.259","orb_pct":"4.044","drb_pct":"15.959","trb_pct":"10.097","ast_pct":"15.907","stl_pct":"1.295","blk_pct":"1.254","tov_pct":"15.393","usg_pct":"20.154","ortg":"108.280","drtg":"119.751","bpm":"-2.629"}]