[{"game_id":1256,"team_name":"IND","player_id":"teamIND","player_name":"Team name: IND","ts_pct":"0.473","efg_pct":"0.437","three_par":"0.310","ftr":"0.220","orb_pct":"3.810","drb_pct":"15.101","trb_pct":"9.205","ast_pct":"14.598","stl_pct":"1.781","blk_pct":"1.724","tov_pct":"10.173","usg_pct":"19.825","ortg":"98.999","drtg":"108.317","bpm":"-1.459"},{"game_id":1256,"team_name":"CHI","player_id":"teamCHI","player_name":"Team name: CHI","ts_pct":"0.516","efg_pct":"0.485","three_par":"0.370","ftr":"0.265","orb_pct":"4.293","drb_pct":"15.192","trb_pct":"9.403","ast_pct":"14.200","stl_pct":"1.452","blk_pct":"1.377","tov_pct":"9.168","usg_pct":"20.161","ortg":"106.783","drtg":"116.925","bpm":"-2.493"}]