[{"game_id":1102,"team_name":"UTA","player_id":"{\"conlemi01\"}","player_name":"{\"Mike Conley\"}","ts_pct":"0.545","efg_pct":"0.481","three_par":"0.487","ftr":"0.317","orb_pct":"1.671","drb_pct":"14.191","trb_pct":"8.165","ast_pct":"50.893","stl_pct":"2.447","blk_pct":"1.313","tov_pct":"11.525","usg_pct":"26.089","ortg":"123.871","drtg":"102.588","bpm":"7.493"},{"game_id":1102,"team_name":"UTA","player_id":"{\"goberru01\"}","player_name":"{\"Rudy Gobert\"}","ts_pct":"0.695","efg_pct":"0.711","three_par":"0.018","ftr":"0.710","orb_pct":"16.409","drb_pct":"37.962","trb_pct":"27.629","ast_pct":"4.984","stl_pct":"0.961","blk_pct":"4.819","tov_pct":"17.254","usg_pct":"17.805","ortg":"127.553","drtg":"102.059","bpm":"3.544"},{"game_id":1102,"team_name":"UTA","player_id":"{\"onealro01\"}","player_name":"{\"Royce O'Neale\"}","ts_pct":"0.579","efg_pct":"0.575","three_par":"0.681","ftr":"0.067","orb_pct":"5.305","drb_pct":"12.849","trb_pct":"9.440","ast_pct":"10.429","stl_pct":"1.221","blk_pct":"0.869","tov_pct":"16.728","usg_pct":"10.875","ortg":"111.000","drtg":"110.929","bpm":"-0.638"},{"game_id":1102,"team_name":"UTA","player_id":"{\"bogdabo02\"}","player_name":"{\"Bojan Bogdanović\"}","ts_pct":"0.630","efg_pct":"0.571","three_par":"0.413","ftr":"0.326","orb_pct":"2.779","drb_pct":"11.976","trb_pct":"7.588","ast_pct":"9.728","stl_pct":"1.486","blk_pct":"0.000","tov_pct":"14.539","usg_pct":"30.209","ortg":"113.859","drtg":"111.671","bpm":"1.909"},{"game_id":1102,"team_name":"UTA","player_id":"{\"inglejo01\"}","player_name":"{\"Joe Ingles\"}","ts_pct":"0.545","efg_pct":"0.521","three_par":"0.746","ftr":"0.125","orb_pct":"0.212","drb_pct":"10.874","trb_pct":"5.955","ast_pct":"25.847","stl_pct":"1.049","blk_pct":"0.000","tov_pct":"15.832","usg_pct":"16.346","ortg":"117.118","drtg":"113.118","bpm":"-0.238"},{"game_id":1102,"team_name":"UTA","player_id":"{\"mitchdo01\"}","player_name":"{\"Donovan Mitchell\"}","ts_pct":"0.594","efg_pct":"0.537","three_par":"0.429","ftr":"0.326","orb_pct":"2.759","drb_pct":"9.782","trb_pct":"6.489","ast_pct":"22.548","stl_pct":"1.284","blk_pct":"1.056","tov_pct":"8.239","usg_pct":"38.004","ortg":"117.741","drtg":"109.518","bpm":"5.820"},{"game_id":1102,"team_name":"UTA","player_id":"benchUTA","player_name":"Bench of UTA","ts_pct":"0.623","efg_pct":"0.595","three_par":"0.416","ftr":"0.256","orb_pct":"4.754","drb_pct":"16.501","trb_pct":"10.975","ast_pct":"10.991","stl_pct":"1.202","blk_pct":"2.078","tov_pct":"6.559","usg_pct":"21.771","ortg":"131.852","drtg":"109.147","bpm":"3.293"},{"game_id":1102,"team_name":"MEM","player_id":"{\"tillmxa01\"}","player_name":"{\"Xavier Tillman Sr.\"}","ts_pct":"0.294","efg_pct":"0.302","three_par":"0.110","ftr":"0.354","orb_pct":"6.286","drb_pct":"12.051","trb_pct":"9.167","ast_pct":"4.608","stl_pct":"1.258","blk_pct":"7.107","tov_pct":"19.695","usg_pct":"16.060","ortg":"62.929","drtg":"111.565","bpm":"-9.682"},{"game_id":1102,"team_name":"MEM","player_id":"{\"jonesty01\"}","player_name":"{\"Tyus Jones\"}","ts_pct":"0.590","efg_pct":"0.400","three_par":"0.274","ftr":"0.093","orb_pct":"1.116","drb_pct":"12.858","trb_pct":"6.973","ast_pct":"20.824","stl_pct":"1.155","blk_pct":"0.000","tov_pct":"10.915","usg_pct":"15.273","ortg":"130.494","drtg":"113.435","bpm":"-2.092"},{"game_id":1102,"team_name":"MEM","player_id":"{\"moranja01\"}","player_name":"{\"Ja Morant\"}","ts_pct":"0.523","efg_pct":"0.499","three_par":"0.298","ftr":"0.311","orb_pct":"3.853","drb_pct":"10.764","trb_pct":"7.299","ast_pct":"28.307","stl_pct":"1.633","blk_pct":"0.254","tov_pct":"16.384","usg_pct":"27.271","ortg":"104.918","drtg":"114.212","bpm":"-0.885"},{"game_id":1102,"team_name":"MEM","player_id":"{\"anderky01\"}","player_name":"{\"Kyle Anderson\"}","ts_pct":"0.617","efg_pct":"0.552","three_par":"0.297","ftr":"0.395","orb_pct":"2.320","drb_pct":"15.440","trb_pct":"8.915","ast_pct":"18.769","stl_pct":"2.599","blk_pct":"3.459","tov_pct":"11.665","usg_pct":"16.484","ortg":"124.212","drtg":"107.953","bpm":"4.459"},{"game_id":1102,"team_name":"MEM","player_id":"{\"jacksja02\"}","player_name":"{\"Jaren Jackson Jr.\"}","ts_pct":"0.551","efg_pct":"0.468","three_par":"0.571","ftr":"0.456","orb_pct":"7.578","drb_pct":"12.499","trb_pct":"10.007","ast_pct":"6.620","stl_pct":"2.929","blk_pct":"6.076","tov_pct":"10.392","usg_pct":"22.235","ortg":"112.741","drtg":"106.576","bpm":"0.160"},{"game_id":1102,"team_name":"MEM","player_id":"{\"valanjo01\"}","player_name":"{\"Jonas Valančiūnas\"}","ts_pct":"0.665","efg_pct":"0.649","three_par":"0.046","ftr":"0.358","orb_pct":"14.778","drb_pct":"30.992","trb_pct":"23.114","ast_pct":"10.101","stl_pct":"0.542","blk_pct":"4.004","tov_pct":"10.495","usg_pct":"19.258","ortg":"135.012","drtg":"107.271","bpm":"3.881"},{"game_id":1102,"team_name":"MEM","player_id":"benchMEM","player_name":"Bench of MEM","ts_pct":"0.497","efg_pct":"0.443","three_par":"0.489","ftr":"0.143","orb_pct":"2.157","drb_pct":"10.031","trb_pct":"6.004","ast_pct":"10.847","stl_pct":"1.513","blk_pct":"2.139","tov_pct":"10.447","usg_pct":"18.552","ortg":"101.514","drtg":"113.971","bpm":"-2.066"}]