[{"game_id":1108,"team_name":"DAL","player_id":"teamDAL","player_name":"Team name: DAL","ts_pct":"0.648","efg_pct":"0.607","three_par":"0.449","ftr":"0.297","orb_pct":"7.127","drb_pct":"18.381","trb_pct":"12.766","ast_pct":"16.401","stl_pct":"1.634","blk_pct":"1.538","tov_pct":"12.990","usg_pct":"23.400","ortg":"139.659","drtg":"145.209","bpm":"-2.622"},{"game_id":1108,"team_name":"LAC","player_id":"teamLAC","player_name":"Team name: LAC","ts_pct":"0.667","efg_pct":"0.637","three_par":"0.453","ftr":"0.266","orb_pct":"5.800","drb_pct":"17.643","trb_pct":"11.930","ast_pct":"15.965","stl_pct":"1.705","blk_pct":"2.327","tov_pct":"13.122","usg_pct":"21.030","ortg":"130.430","drtg":"125.282","bpm":"-1.228"}]