[{"game_id":1130,"team_name":"PHI","player_id":"{\"howardw01\"}","player_name":"{\"Dwight Howard\"}","fg":"1.659","fga":"3.341","fg_pct":"0.497","three_p":"0.059","three_pa":"0.118","three_p_pct":"0.500","ft":"2.847","fta":"4.894","ft_pct":"0.582","orb":"2.753","drb":"4.894","trb":"7.647","ast":"1.506","stl":"0.294","blk":"0.941","tov":"1.306","pf":"3.353","pts":"6.224"},{"game_id":1130,"team_name":"PHI","player_id":"{\"embiijo01\"}","player_name":"{\"Joel Embiid\"}","fg":"7.435","fga":"12.788","fg_pct":"0.581","three_p":"1.212","three_pa":"2.659","three_p_pct":"0.456","ft":"6.153","fta":"6.812","ft_pct":"0.903","orb":"0.718","drb":"6.882","trb":"7.600","ast":"2.188","stl":"0.953","blk":"0.706","tov":"2.612","pf":"2.094","pts":"22.235"},{"game_id":1130,"team_name":"PHI","player_id":"{\"simmobe01\"}","player_name":"{\"Ben Simmons\"}","fg":"5.976","fga":"9.624","fg_pct":"0.621","three_p":"0.000","three_pa":"0.106","three_p_pct":"0.000","ft":"2.059","fta":"4.459","ft_pct":"0.462","orb":"2.553","drb":"5.659","trb":"8.212","ast":"8.365","stl":"1.118","blk":"0.624","tov":"2.012","pf":"2.941","pts":"14.012"},{"game_id":1130,"team_name":"PHI","player_id":"{\"curryse01\"}","player_name":"{\"Seth Curry\"}","fg":"5.847","fga":"10.824","fg_pct":"0.540","three_p":"2.341","three_pa":"5.565","three_p_pct":"0.421","ft":"1.259","fta":"1.329","ft_pct":"0.947","orb":"0.106","drb":"1.906","trb":"2.012","ast":"2.741","stl":"0.565","blk":"0.000","tov":"0.776","pf":"2.365","pts":"15.294"},{"game_id":1130,"team_name":"PHI","player_id":"{\"harrito02\"}","player_name":"{\"Tobias Harris\"}","fg":"8.647","fga":"18.129","fg_pct":"0.477","three_p":"1.412","three_pa":"4.024","three_p_pct":"0.351","ft":"3.624","fta":"4.071","ft_pct":"0.890","orb":"0.565","drb":"7.859","trb":"8.424","ast":"3.506","stl":"1.012","blk":"0.565","tov":"1.141","pf":"1.929","pts":"22.329"},{"game_id":1130,"team_name":"PHI","player_id":"{\"greenda02\"}","player_name":"{\"Danny Green\"}","fg":"3.153","fga":"7.318","fg_pct":"0.431","three_p":"2.506","three_pa":"5.859","three_p_pct":"0.428","ft":"0.306","fta":"0.400","ft_pct":"0.765","orb":"1.165","drb":"1.906","trb":"3.071","ast":"1.729","stl":"0.976","blk":"1.094","tov":"0.753","pf":"1.459","pts":"9.118"},{"game_id":1130,"team_name":"PHI","player_id":"benchPHI","player_name":"Bench of PHI","fg":"2.676","fga":"5.954","fg_pct":"0.449","three_p":"0.827","three_pa":"2.381","three_p_pct":"0.347","ft":"1.106","fta":"1.393","ft_pct":"0.794","orb":"0.192","drb":"1.389","trb":"1.581","ast":"1.617","stl":"0.878","blk":"0.598","tov":"0.692","pf":"1.706","pts":"7.285"},{"game_id":1130,"team_name":"ATL","player_id":"{\"youngtr01\"}","player_name":"{\"Trae Young\"}","fg":"9.118","fga":"20.447","fg_pct":"0.446","three_p":"2.247","three_pa":"7.529","three_p_pct":"0.298","ft":"6.753","fta":"7.282","ft_pct":"0.927","orb":"0.412","drb":"2.718","trb":"3.129","ast":"9.400","stl":"0.635","blk":"0.047","tov":"3.118","pf":"1.153","pts":"27.235"},{"game_id":1130,"team_name":"ATL","player_id":"{\"bogdabo01\"}","player_name":"{\"Bogdan Bogdanović\"}","fg":"6.635","fga":"13.988","fg_pct":"0.474","three_p":"3.506","three_pa":"8.541","three_p_pct":"0.410","ft":"0.612","fta":"0.612","ft_pct":"1.000","orb":"0.776","drb":"4.553","trb":"5.329","ast":"3.965","stl":"1.659","blk":"0.565","tov":"0.847","pf":"2.929","pts":"17.388"},{"game_id":1130,"team_name":"ATL","player_id":"{\"snellto01\"}","player_name":"{\"Tony Snell\"}","fg":"1.341","fga":"3.106","fg_pct":"0.432","three_p":"0.612","three_pa":"1.353","three_p_pct":"0.452","ft":"0.000","fta":"0.000","ft_pct":"NaN","orb":"0.388","drb":"2.071","trb":"2.459","ast":"0.882","stl":"0.635","blk":"0.212","tov":"0.482","pf":"1.424","pts":"3.294"},{"game_id":1130,"team_name":"ATL","player_id":"{\"collijo01\"}","player_name":"{\"John Collins\"}","fg":"5.129","fga":"9.176","fg_pct":"0.559","three_p":"1.624","three_pa":"3.576","three_p_pct":"0.454","ft":"2.788","fta":"3.176","ft_pct":"0.878","orb":"0.706","drb":"5.341","trb":"6.047","ast":"0.529","stl":"0.329","blk":"0.847","tov":"0.671","pf":"2.800","pts":"14.671"},{"game_id":1130,"team_name":"ATL","player_id":"{\"capelca01\"}","player_name":"{\"Clint Capela\"}","fg":"4.988","fga":"7.706","fg_pct":"0.647","three_p":"0.000","three_pa":"0.000","three_p_pct":"NaN","ft":"1.541","fta":"2.553","ft_pct":"0.604","orb":"3.541","drb":"9.988","trb":"13.529","ast":"0.612","stl":"0.518","blk":"1.906","tov":"1.024","pf":"1.953","pts":"11.518"},{"game_id":1130,"team_name":"ATL","player_id":"{\"huertke01\"}","player_name":"{\"Kevin Huerter\"}","fg":"3.553","fga":"7.976","fg_pct":"0.445","three_p":"1.941","three_pa":"4.753","three_p_pct":"0.408","ft":"0.435","fta":"0.765","ft_pct":"0.569","orb":"0.635","drb":"3.141","trb":"3.776","ast":"1.988","stl":"0.435","blk":"0.965","tov":"1.153","pf":"2.047","pts":"9.482"},{"game_id":1130,"team_name":"ATL","player_id":"benchATL","player_name":"Bench of ATL","fg":"1.926","fga":"4.636","fg_pct":"0.415","three_p":"0.595","three_pa":"1.824","three_p_pct":"0.326","ft":"0.878","fta":"1.078","ft_pct":"0.814","orb":"0.679","drb":"2.050","trb":"2.730","ast":"1.277","stl":"0.428","blk":"0.315","tov":"0.638","pf":"1.446","pts":"5.326"}]