[{"game_id":116,"team_name":"SAC","player_id":"teamSAC","player_name":"Team name: SAC","ts_pct":"0.599","efg_pct":"0.562","three_par":"0.372","ftr":"0.333","orb_pct":"5.422","drb_pct":"18.862","trb_pct":"11.880","ast_pct":"15.431","stl_pct":"1.207","blk_pct":"1.958","tov_pct":"14.862","usg_pct":"22.241","ortg":"122.072","drtg":"126.292","bpm":"-1.687"},{"game_id":116,"team_name":"CHI","player_id":"teamCHI","player_name":"Team name: CHI","ts_pct":"0.558","efg_pct":"0.513","three_par":"0.382","ftr":"0.383","orb_pct":"4.466","drb_pct":"16.163","trb_pct":"10.173","ast_pct":"13.631","stl_pct":"1.652","blk_pct":"1.908","tov_pct":"13.710","usg_pct":"19.101","ortg":"108.137","drtg":"112.212","bpm":"-1.241"}]