[{"game_id":1104,"team_name":"LAL","player_id":"{\"davisan02\"}","player_name":"{\"Anthony Davis\"}","ts_pct":"0.513","efg_pct":"0.438","three_par":"0.184","ftr":"0.533","orb_pct":"3.195","drb_pct":"24.202","trb_pct":"13.192","ast_pct":"16.105","stl_pct":"1.388","blk_pct":"3.556","tov_pct":"6.780","usg_pct":"30.065","ortg":"107.082","drtg":"106.965","bpm":"2.736"},{"game_id":1104,"team_name":"LAL","player_id":"{\"jamesle01\"}","player_name":"{\"LeBron James\"}","ts_pct":"0.613","efg_pct":"0.587","three_par":"0.386","ftr":"0.325","orb_pct":"4.360","drb_pct":"17.567","trb_pct":"11.135","ast_pct":"48.226","stl_pct":"2.360","blk_pct":"0.866","tov_pct":"14.406","usg_pct":"29.936","ortg":"119.800","drtg":"108.824","bpm":"8.609"},{"game_id":1104,"team_name":"LAL","player_id":"{\"mclembe01\"}","player_name":"{\"Ben McLemore\"}","ts_pct":"0.403","efg_pct":"0.403","three_par":"0.716","ftr":"0.000","orb_pct":"0.000","drb_pct":"7.154","trb_pct":"3.299","ast_pct":"3.688","stl_pct":"0.165","blk_pct":"1.086","tov_pct":"4.881","usg_pct":"13.418","ortg":"76.565","drtg":"115.306","bpm":"-5.588"},{"game_id":1104,"team_name":"LAL","player_id":"{\"schrode01\"}","player_name":"{\"Dennis Schröder\"}","ts_pct":"0.551","efg_pct":"0.511","three_par":"0.374","ftr":"0.340","orb_pct":"1.588","drb_pct":"8.431","trb_pct":"4.909","ast_pct":"25.658","stl_pct":"1.628","blk_pct":"0.753","tov_pct":"13.342","usg_pct":"22.145","ortg":"109.694","drtg":"114.388","bpm":"-0.372"},{"game_id":1104,"team_name":"LAL","player_id":"{\"caldwke01\"}","player_name":"{\"Kentavious Caldwell-Pope\"}","ts_pct":"0.555","efg_pct":"0.513","three_par":"0.712","ftr":"0.221","orb_pct":"1.327","drb_pct":"9.000","trb_pct":"4.991","ast_pct":"12.213","stl_pct":"2.159","blk_pct":"1.424","tov_pct":"6.627","usg_pct":"11.156","ortg":"113.694","drtg":"111.482","bpm":"-0.853"},{"game_id":1104,"team_name":"LAL","player_id":"{\"kuzmaky01\"}","player_name":"{\"Kyle Kuzma\"}","ts_pct":"0.440","efg_pct":"0.431","three_par":"0.416","ftr":"0.157","orb_pct":"2.000","drb_pct":"16.341","trb_pct":"8.856","ast_pct":"13.120","stl_pct":"1.431","blk_pct":"1.349","tov_pct":"12.587","usg_pct":"14.424","ortg":"92.553","drtg":"110.035","bpm":"-2.166"},{"game_id":1104,"team_name":"LAL","player_id":"benchLAL","player_name":"Bench of LAL","ts_pct":"0.513","efg_pct":"0.473","three_par":"0.397","ftr":"0.212","orb_pct":"7.965","drb_pct":"19.471","trb_pct":"13.443","ast_pct":"12.457","stl_pct":"1.511","blk_pct":"2.598","tov_pct":"11.377","usg_pct":"16.317","ortg":"116.920","drtg":"109.444","bpm":"-1.009"},{"game_id":1104,"team_name":"PHO","player_id":"{\"kaminfr01\"}","player_name":"{\"Frank Kaminsky\"}","ts_pct":"0.515","efg_pct":"0.503","three_par":"0.244","ftr":"0.304","orb_pct":"8.974","drb_pct":"27.802","trb_pct":"18.838","ast_pct":"16.221","stl_pct":"0.268","blk_pct":"1.192","tov_pct":"6.873","usg_pct":"19.279","ortg":"113.518","drtg":"118.400","bpm":"-2.711"},{"game_id":1104,"team_name":"PHO","player_id":"{\"bookede01\"}","player_name":"{\"Devin Booker\"}","ts_pct":"0.590","efg_pct":"0.479","three_par":"0.258","ftr":"0.518","orb_pct":"2.272","drb_pct":"11.895","trb_pct":"7.109","ast_pct":"19.298","stl_pct":"0.505","blk_pct":"0.000","tov_pct":"12.053","usg_pct":"33.302","ortg":"113.671","drtg":"121.153","bpm":"-0.928"},{"game_id":1104,"team_name":"PHO","player_id":"{\"aytonde01\"}","player_name":"{\"Deandre Ayton\"}","ts_pct":"0.773","efg_pct":"0.755","three_par":"0.000","ftr":"0.240","orb_pct":"12.671","drb_pct":"24.778","trb_pct":"18.925","ast_pct":"5.951","stl_pct":"0.985","blk_pct":"3.569","tov_pct":"9.749","usg_pct":"13.782","ortg":"149.812","drtg":"117.565","bpm":"3.593"},{"game_id":1104,"team_name":"PHO","player_id":"{\"bridgmi01\"}","player_name":"{\"Mikal Bridges\"}","ts_pct":"0.733","efg_pct":"0.716","three_par":"0.449","ftr":"0.147","orb_pct":"2.069","drb_pct":"12.824","trb_pct":"7.415","ast_pct":"9.544","stl_pct":"2.041","blk_pct":"1.627","tov_pct":"6.755","usg_pct":"15.379","ortg":"142.706","drtg":"116.459","bpm":"6.624"},{"game_id":1104,"team_name":"PHO","player_id":"{\"crowdja01\"}","player_name":"{\"Jae Crowder\"}","ts_pct":"0.525","efg_pct":"0.493","three_par":"0.804","ftr":"0.176","orb_pct":"3.869","drb_pct":"14.324","trb_pct":"9.022","ast_pct":"11.846","stl_pct":"1.645","blk_pct":"2.442","tov_pct":"11.640","usg_pct":"17.425","ortg":"105.012","drtg":"114.224","bpm":"-0.514"},{"game_id":1104,"team_name":"PHO","player_id":"{\"paulch01\"}","player_name":"{\"Chris Paul\"}","ts_pct":"0.596","efg_pct":"0.567","three_par":"0.183","ftr":"0.245","orb_pct":"0.784","drb_pct":"12.792","trb_pct":"7.056","ast_pct":"44.714","stl_pct":"1.660","blk_pct":"1.219","tov_pct":"15.235","usg_pct":"22.218","ortg":"126.482","drtg":"117.541","bpm":"3.512"},{"game_id":1104,"team_name":"PHO","player_id":"benchPHO","player_name":"Bench of PHO","ts_pct":"0.529","efg_pct":"0.506","three_par":"0.548","ftr":"0.127","orb_pct":"3.549","drb_pct":"15.752","trb_pct":"9.758","ast_pct":"13.378","stl_pct":"1.553","blk_pct":"1.022","tov_pct":"5.442","usg_pct":"18.723","ortg":"111.622","drtg":"117.539","bpm":"-0.226"}]