[{"game_id":1007,"team_name":"TOR","player_id":"teamTOR","player_name":"Team name: TOR","ts_pct":"0.536","efg_pct":"0.489","three_par":"0.384","ftr":"0.264","orb_pct":"4.584","drb_pct":"15.499","trb_pct":"9.705","ast_pct":"14.060","stl_pct":"1.940","blk_pct":"1.747","tov_pct":"11.193","usg_pct":"19.431","ortg":"111.858","drtg":"116.110","bpm":"-2.402"},{"game_id":1007,"team_name":"MEM","player_id":"teamMEM","player_name":"Team name: MEM","ts_pct":"0.599","efg_pct":"0.539","three_par":"0.407","ftr":"0.306","orb_pct":"4.939","drb_pct":"17.827","trb_pct":"11.254","ast_pct":"17.676","stl_pct":"1.544","blk_pct":"2.190","tov_pct":"12.042","usg_pct":"21.633","ortg":"126.262","drtg":"132.961","bpm":"-1.248"}]