[{"game_id":1020,"team_name":"ATL","player_id":"teamATL","player_name":"Team name: ATL","fg":"41.291","fga":"85.126","fg_pct":"0.485","three_p":"12.434","three_pa":"31.886","three_p_pct":"0.390","ft":"17.817","fta":"21.829","ft_pct":"0.816","orb":"9.229","drb":"34.211","trb":"43.440","ast":"24.629","stl":"7.577","blk":"4.309","tov":"12.709","pf":"19.074","pts":"112.834"},{"game_id":1020,"team_name":"WAS","player_id":"teamWAS","player_name":"Team name: WAS","fg":"48.869","fga":"97.160","fg_pct":"0.503","three_p":"9.337","three_pa":"24.446","three_p_pct":"0.382","ft":"23.971","fta":"29.497","ft_pct":"0.813","orb":"12.097","drb":"35.429","trb":"47.526","ast":"28.509","stl":"7.297","blk":"5.949","tov":"12.337","pf":"21.749","pts":"131.046"}]