[{"game_id":1116,"team_name":"DAL","player_id":"{\"burketr01\"}","player_name":"{\"Trey Burke\"}","ts_pct":"0.401","efg_pct":"0.350","three_par":"0.549","ftr":"0.172","orb_pct":"3.342","drb_pct":"4.860","trb_pct":"4.000","ast_pct":"7.313","stl_pct":"0.974","blk_pct":"1.228","tov_pct":"5.052","usg_pct":"20.191","ortg":"86.565","drtg":"121.388","bpm":"-9.784"},{"game_id":1116,"team_name":"DAL","player_id":"{\"caulewi01\"}","player_name":"{\"Willie Cauley-Stein\"}","ts_pct":"0.520","efg_pct":"0.476","three_par":"0.029","ftr":"0.350","orb_pct":"9.227","drb_pct":"23.212","trb_pct":"15.878","ast_pct":"4.714","stl_pct":"1.324","blk_pct":"5.318","tov_pct":"38.885","usg_pct":"11.829","ortg":"102.129","drtg":"118.212","bpm":"-4.815"},{"game_id":1116,"team_name":"DAL","player_id":"{\"poweldw01\"}","player_name":"{\"Dwight Powell\"}","ts_pct":"0.479","efg_pct":"0.434","three_par":"0.000","ftr":"0.423","orb_pct":"7.426","drb_pct":"20.411","trb_pct":"14.232","ast_pct":"16.214","stl_pct":"2.184","blk_pct":"2.529","tov_pct":"12.541","usg_pct":"6.965","ortg":"135.635","drtg":"118.435","bpm":"2.748"},{"game_id":1116,"team_name":"DAL","player_id":"{\"mellini01\"}","player_name":"{\"Nicolò Melli\"}","ts_pct":"0.277","efg_pct":"0.254","three_par":"0.556","ftr":"0.126","orb_pct":"9.031","drb_pct":"18.092","trb_pct":"13.588","ast_pct":"5.692","stl_pct":"1.684","blk_pct":"0.000","tov_pct":"2.746","usg_pct":"13.315","ortg":"82.129","drtg":"119.518","bpm":"-5.212"},{"game_id":1116,"team_name":"DAL","player_id":"{\"greenjo02\"}","player_name":"{\"Josh Green\"}","ts_pct":"0.565","efg_pct":"0.596","three_par":"0.213","ftr":"0.490","orb_pct":"7.088","drb_pct":"10.401","trb_pct":"9.016","ast_pct":"8.714","stl_pct":"2.940","blk_pct":"0.000","tov_pct":"3.301","usg_pct":"12.207","ortg":"132.165","drtg":"114.494","bpm":"-1.582"},{"game_id":1116,"team_name":"DAL","player_id":"{\"finnedo01\"}","player_name":"{\"Dorian Finney-Smith\"}","ts_pct":"0.581","efg_pct":"0.586","three_par":"0.559","ftr":"0.044","orb_pct":"5.040","drb_pct":"12.652","trb_pct":"8.984","ast_pct":"8.202","stl_pct":"0.624","blk_pct":"0.831","tov_pct":"9.174","usg_pct":"13.145","ortg":"119.988","drtg":"124.906","bpm":"-2.760"},{"game_id":1116,"team_name":"DAL","player_id":"benchDAL","player_name":"Bench of DAL","ts_pct":"0.628","efg_pct":"0.581","three_par":"0.425","ftr":"0.272","orb_pct":"4.495","drb_pct":"16.876","trb_pct":"10.436","ast_pct":"16.753","stl_pct":"1.116","blk_pct":"1.049","tov_pct":"7.789","usg_pct":"23.035","ortg":"128.082","drtg":"122.399","bpm":"1.988"},{"game_id":1116,"team_name":"LAC","player_id":"{\"beverpa01\"}","player_name":"{\"Patrick Beverley\"}","ts_pct":"0.444","efg_pct":"0.436","three_par":"0.594","ftr":"0.058","orb_pct":"1.224","drb_pct":"7.595","trb_pct":"4.731","ast_pct":"10.614","stl_pct":"1.001","blk_pct":"3.705","tov_pct":"9.844","usg_pct":"15.221","ortg":"95.847","drtg":"117.318","bpm":"-2.665"},{"game_id":1116,"team_name":"LAC","player_id":"{\"oturuda01\"}","player_name":"{\"Daniel Oturu\"}","ts_pct":"0.421","efg_pct":"0.411","three_par":"0.029","ftr":"0.415","orb_pct":"15.408","drb_pct":"18.284","trb_pct":"16.532","ast_pct":"4.549","stl_pct":"1.061","blk_pct":"5.479","tov_pct":"8.555","usg_pct":"10.788","ortg":"88.671","drtg":"108.012","bpm":"-3.479"},{"game_id":1116,"team_name":"LAC","player_id":"{\"coffeam01\"}","player_name":"{\"Amir Coffey\"}","ts_pct":"0.316","efg_pct":"0.177","three_par":"0.190","ftr":"0.377","orb_pct":"1.467","drb_pct":"4.618","trb_pct":"3.092","ast_pct":"3.964","stl_pct":"0.445","blk_pct":"0.000","tov_pct":"4.951","usg_pct":"10.048","ortg":"69.447","drtg":"121.400","bpm":"-3.365"},{"game_id":1116,"team_name":"LAC","player_id":"{\"kennalu01\"}","player_name":"{\"Luke Kennard\"}","ts_pct":"0.550","efg_pct":"0.547","three_par":"0.632","ftr":"0.026","orb_pct":"0.985","drb_pct":"12.362","trb_pct":"7.198","ast_pct":"18.272","stl_pct":"1.102","blk_pct":"0.135","tov_pct":"4.019","usg_pct":"15.105","ortg":"140.576","drtg":"113.600","bpm":"1.671"},{"game_id":1116,"team_name":"LAC","player_id":"{\"batumni01\"}","player_name":"{\"Nicolas Batum\"}","ts_pct":"0.652","efg_pct":"0.639","three_par":"0.611","ftr":"0.160","orb_pct":"3.434","drb_pct":"18.784","trb_pct":"11.684","ast_pct":"9.151","stl_pct":"1.404","blk_pct":"1.665","tov_pct":"3.553","usg_pct":"12.339","ortg":"138.612","drtg":"116.541","bpm":"4.013"},{"game_id":1116,"team_name":"LAC","player_id":"{\"leonaka01\"}","player_name":"{\"Kawhi Leonard\"}","ts_pct":"0.701","efg_pct":"0.632","three_par":"0.341","ftr":"0.488","orb_pct":"3.622","drb_pct":"18.040","trb_pct":"11.332","ast_pct":"24.847","stl_pct":"1.941","blk_pct":"1.228","tov_pct":"12.266","usg_pct":"26.739","ortg":"136.624","drtg":"113.918","bpm":"9.035"},{"game_id":1116,"team_name":"LAC","player_id":"benchLAC","player_name":"Bench of LAC","ts_pct":"0.580","efg_pct":"0.555","three_par":"0.422","ftr":"0.187","orb_pct":"4.602","drb_pct":"13.884","trb_pct":"9.470","ast_pct":"16.467","stl_pct":"0.932","blk_pct":"1.125","tov_pct":"11.157","usg_pct":"19.193","ortg":"116.370","drtg":"117.548","bpm":"-2.032"}]