[{"game_id":1060,"team_name":"IND","player_id":"teamIND","player_name":"Team name: IND","ts_pct":"0.576","efg_pct":"0.544","three_par":"0.364","ftr":"0.237","orb_pct":"4.033","drb_pct":"13.942","trb_pct":"9.274","ast_pct":"14.379","stl_pct":"1.359","blk_pct":"2.294","tov_pct":"10.948","usg_pct":"19.787","ortg":"112.037","drtg":"116.636","bpm":"-2.319"},{"game_id":1060,"team_name":"LAL","player_id":"teamLAL","player_name":"Team name: LAL","ts_pct":"0.544","efg_pct":"0.517","three_par":"0.361","ftr":"0.285","orb_pct":"5.478","drb_pct":"16.672","trb_pct":"10.864","ast_pct":"14.762","stl_pct":"1.314","blk_pct":"2.037","tov_pct":"14.174","usg_pct":"20.198","ortg":"112.093","drtg":"119.089","bpm":"-1.633"}]