[{"game_id":1027,"team_name":"BOS","player_id":"{\"tatumja01\"}","player_name":"{\"Jayson Tatum\"}","fg":"9.741","fga":"20.753","fg_pct":"0.469","three_p":"2.812","three_pa":"7.647","three_p_pct":"0.368","ft":"6.224","fta":"7.165","ft_pct":"0.869","orb":"1.188","drb":"6.035","trb":"7.224","ast":"4.871","stl":"0.929","blk":"0.788","tov":"3.118","pf":"1.953","pts":"28.518"},{"game_id":1027,"team_name":"BOS","player_id":"{\"walkeke02\"}","player_name":"{\"Kemba Walker\"}","fg":"7.847","fga":"16.271","fg_pct":"0.482","three_p":"3.624","three_pa":"8.776","three_p_pct":"0.413","ft":"4.518","fta":"5.376","ft_pct":"0.840","orb":"0.647","drb":"3.847","trb":"4.494","ast":"4.882","stl":"1.224","blk":"0.306","tov":"2.118","pf":"1.635","pts":"23.835"},{"game_id":1027,"team_name":"BOS","player_id":"{\"fournev01\"}","player_name":"{\"Evan Fournier\"}","fg":"5.624","fga":"10.482","fg_pct":"0.537","three_p":"2.906","three_pa":"5.718","three_p_pct":"0.508","ft":"0.494","fta":"0.576","ft_pct":"0.858","orb":"0.435","drb":"3.600","trb":"4.035","ast":"3.435","stl":"1.306","blk":"0.482","tov":"1.094","pf":"2.906","pts":"14.647"},{"game_id":1027,"team_name":"BOS","player_id":"{\"smartma01\"}","player_name":"{\"Marcus Smart\"}","fg":"3.918","fga":"11.247","fg_pct":"0.348","three_p":"1.424","three_pa":"6.082","three_p_pct":"0.234","ft":"1.953","fta":"2.553","ft_pct":"0.765","orb":"1.000","drb":"3.459","trb":"4.459","ast":"6.376","stl":"1.635","blk":"0.318","tov":"3.035","pf":"3.235","pts":"11.212"},{"game_id":1027,"team_name":"BOS","player_id":"{\"thomptr01\"}","player_name":"{\"Tristan Thompson\"}","fg":"2.471","fga":"5.753","fg_pct":"0.430","three_p":"0.000","three_pa":"0.000","three_p_pct":"NaN","ft":"1.176","fta":"2.435","ft_pct":"0.483","orb":"3.882","drb":"5.306","trb":"9.188","ast":"1.941","stl":"0.376","blk":"1.306","tov":"1.541","pf":"2.118","pts":"6.118"},{"game_id":1027,"team_name":"BOS","player_id":"{\"ojelese01\"}","player_name":"{\"Semi Ojeleye\"}","fg":"1.306","fga":"3.271","fg_pct":"0.399","three_p":"0.659","three_pa":"2.224","three_p_pct":"0.296","ft":"0.000","fta":"0.000","ft_pct":"NaN","orb":"0.482","drb":"1.553","trb":"2.035","ast":"0.412","stl":"0.612","blk":"0.000","tov":"0.400","pf":"0.541","pts":"3.271"},{"game_id":1027,"team_name":"BOS","player_id":"benchBOS","player_name":"Bench of BOS","fg":"2.166","fga":"4.518","fg_pct":"0.479","three_p":"1.165","three_pa":"2.876","three_p_pct":"0.405","ft":"0.896","fta":"0.957","ft_pct":"0.936","orb":"0.455","drb":"1.829","trb":"2.283","ast":"0.698","stl":"0.266","blk":"0.201","tov":"0.560","pf":"1.791","pts":"6.393"},{"game_id":1027,"team_name":"MIA","player_id":"{\"herroty01\"}","player_name":"{\"Tyler Herro\"}","fg":"5.388","fga":"10.741","fg_pct":"0.502","three_p":"2.435","three_pa":"4.506","three_p_pct":"0.540","ft":"0.553","fta":"0.776","ft_pct":"0.713","orb":"0.259","drb":"3.271","trb":"3.529","ast":"2.765","stl":"0.553","blk":"0.094","tov":"0.788","pf":"1.000","pts":"13.765"},{"game_id":1027,"team_name":"MIA","player_id":"{\"adebaba01\"}","player_name":"{\"Bam Adebayo\"}","fg":"6.447","fga":"10.753","fg_pct":"0.600","three_p":"0.000","three_pa":"0.000","three_p_pct":"NaN","ft":"4.741","fta":"6.059","ft_pct":"0.782","orb":"1.718","drb":"5.318","trb":"7.035","ast":"5.847","stl":"2.106","blk":"0.553","tov":"2.165","pf":"2.518","pts":"17.635"},{"game_id":1027,"team_name":"MIA","player_id":"{\"robindu01\"}","player_name":"{\"Duncan Robinson\"}","fg":"4.635","fga":"10.318","fg_pct":"0.449","three_p":"3.682","three_pa":"8.576","three_p_pct":"0.429","ft":"0.871","fta":"1.176","ft_pct":"0.741","orb":"0.129","drb":"3.412","trb":"3.541","ast":"1.424","stl":"0.600","blk":"0.118","tov":"0.765","pf":"2.718","pts":"13.824"},{"game_id":1027,"team_name":"MIA","player_id":"{\"nunnke01\"}","player_name":"{\"Kendrick Nunn\"}","fg":"6.635","fga":"13.235","fg_pct":"0.501","three_p":"2.553","three_pa":"6.965","three_p_pct":"0.367","ft":"1.012","fta":"1.012","ft_pct":"1.000","orb":"0.106","drb":"2.494","trb":"2.600","ast":"2.588","stl":"0.588","blk":"0.082","tov":"1.306","pf":"2.082","pts":"16.835"},{"game_id":1027,"team_name":"MIA","player_id":"{\"arizatr01\"}","player_name":"{\"Trevor Ariza\"}","fg":"4.435","fga":"9.459","fg_pct":"0.469","three_p":"1.941","three_pa":"5.824","three_p_pct":"0.333","ft":"1.282","fta":"1.612","ft_pct":"0.795","orb":"1.047","drb":"4.365","trb":"5.412","ast":"1.682","stl":"1.624","blk":"0.729","tov":"0.776","pf":"2.129","pts":"12.094"},{"game_id":1027,"team_name":"MIA","player_id":"{\"dragigo01\"}","player_name":"{\"Goran Dragić\"}","fg":"5.153","fga":"12.082","fg_pct":"0.427","three_p":"2.071","three_pa":"4.812","three_p_pct":"0.430","ft":"1.765","fta":"2.094","ft_pct":"0.843","orb":"0.941","drb":"2.635","trb":"3.576","ast":"4.588","stl":"0.694","blk":"0.165","tov":"1.518","pf":"2.588","pts":"14.141"},{"game_id":1027,"team_name":"MIA","player_id":"benchMIA","player_name":"Bench of MIA","fg":"3.931","fga":"7.375","fg_pct":"0.533","three_p":"0.383","three_pa":"1.401","three_p_pct":"0.273","ft":"3.234","fta":"3.762","ft_pct":"0.860","orb":"1.140","drb":"3.701","trb":"4.841","ast":"3.810","stl":"1.182","blk":"0.336","tov":"1.383","pf":"1.659","pts":"11.480"}]