[{"game_id":1117,"team_name":"WAS","player_id":"{\"bealbr01\"}","player_name":"{\"Bradley Beal\"}","fg":"11.741","fga":"24.741","fg_pct":"0.475","three_p":"1.824","three_pa":"6.576","three_p_pct":"0.277","ft":"4.859","fta":"6.224","ft_pct":"0.781","orb":"1.106","drb":"5.012","trb":"6.118","ast":"4.035","stl":"0.753","blk":"0.694","tov":"2.647","pf":"1.035","pts":"30.165"},{"game_id":1117,"team_name":"WAS","player_id":"{\"westbru01\"}","player_name":"{\"Russell Westbrook\"}","fg":"7.000","fga":"17.188","fg_pct":"0.407","three_p":"1.329","three_pa":"4.682","three_p_pct":"0.284","ft":"5.859","fta":"7.412","ft_pct":"0.790","orb":"2.059","drb":"8.106","trb":"10.165","ast":"12.529","stl":"1.035","blk":"0.435","tov":"3.729","pf":"3.071","pts":"21.188"},{"game_id":1117,"team_name":"WAS","player_id":"{\"hachiru01\"}","player_name":"{\"Rui Hachimura\"}","fg":"5.353","fga":"9.447","fg_pct":"0.567","three_p":"1.259","three_pa":"2.118","three_p_pct":"0.594","ft":"0.859","fta":"1.388","ft_pct":"0.619","orb":"0.812","drb":"3.965","trb":"4.776","ast":"0.718","stl":"0.306","blk":"0.153","tov":"0.976","pf":"2.859","pts":"12.824"},{"game_id":1117,"team_name":"WAS","player_id":"{\"gaffoda01\"}","player_name":"{\"Daniel Gafford\"}","fg":"4.706","fga":"6.259","fg_pct":"0.752","three_p":"0.000","three_pa":"0.000","three_p_pct":"NaN","ft":"2.565","fta":"3.247","ft_pct":"0.790","orb":"2.635","drb":"3.518","trb":"6.153","ast":"0.682","stl":"0.588","blk":"1.624","tov":"0.906","pf":"2.671","pts":"11.976"},{"game_id":1117,"team_name":"WAS","player_id":"{\"bertada01\"}","player_name":"{\"Dāvis Bertāns\"}","fg":"2.906","fga":"8.047","fg_pct":"0.361","three_p":"2.106","three_pa":"6.988","three_p_pct":"0.301","ft":"1.376","fta":"1.565","ft_pct":"0.879","orb":"0.000","drb":"1.918","trb":"1.918","ast":"0.247","stl":"0.541","blk":"0.129","tov":"0.588","pf":"2.624","pts":"9.294"},{"game_id":1117,"team_name":"WAS","player_id":"{\"gillan01\"}","player_name":"{\"Anthony Gill\"}","fg":"1.694","fga":"3.118","fg_pct":"0.543","three_p":"0.435","three_pa":"0.882","three_p_pct":"0.493","ft":"0.812","fta":"0.918","ft_pct":"0.885","orb":"0.576","drb":"1.035","trb":"1.612","ast":"0.459","stl":"0.353","blk":"0.141","tov":"0.353","pf":"1.247","pts":"4.635"},{"game_id":1117,"team_name":"WAS","player_id":"benchWAS","player_name":"Bench of WAS","fg":"2.869","fga":"6.055","fg_pct":"0.474","three_p":"0.294","three_pa":"1.141","three_p_pct":"0.258","ft":"0.618","fta":"0.859","ft_pct":"0.719","orb":"0.768","drb":"2.138","trb":"2.907","ast":"1.325","stl":"0.547","blk":"0.330","tov":"0.711","pf":"1.637","pts":"6.650"},{"game_id":1117,"team_name":"PHI","player_id":"{\"miltosh01\"}","player_name":"{\"Shake Milton\"}","fg":"2.871","fga":"7.118","fg_pct":"0.403","three_p":"0.824","three_pa":"2.647","three_p_pct":"0.311","ft":"1.482","fta":"1.812","ft_pct":"0.818","orb":"0.200","drb":"1.624","trb":"1.824","ast":"2.859","stl":"0.659","blk":"0.494","tov":"1.541","pf":"1.612","pts":"8.047"},{"game_id":1117,"team_name":"PHI","player_id":"{\"harrito02\"}","player_name":"{\"Tobias Harris\"}","fg":"8.506","fga":"16.612","fg_pct":"0.512","three_p":"1.282","three_pa":"3.376","three_p_pct":"0.380","ft":"2.612","fta":"2.800","ft_pct":"0.933","orb":"0.682","drb":"6.318","trb":"7.000","ast":"2.694","stl":"0.788","blk":"0.341","tov":"1.212","pf":"1.365","pts":"20.906"},{"game_id":1117,"team_name":"PHI","player_id":"{\"greenda02\"}","player_name":"{\"Danny Green\"}","fg":"3.282","fga":"7.024","fg_pct":"0.467","three_p":"2.788","three_pa":"5.847","three_p_pct":"0.477","ft":"0.400","fta":"0.518","ft_pct":"0.772","orb":"0.753","drb":"2.506","trb":"3.259","ast":"1.812","stl":"0.941","blk":"0.835","tov":"0.671","pf":"1.376","pts":"9.753"},{"game_id":1117,"team_name":"PHI","player_id":"{\"curryse01\"}","player_name":"{\"Seth Curry\"}","fg":"5.341","fga":"9.494","fg_pct":"0.563","three_p":"2.859","three_pa":"5.765","three_p_pct":"0.496","ft":"0.412","fta":"0.506","ft_pct":"0.814","orb":"0.129","drb":"2.612","trb":"2.741","ast":"3.000","stl":"0.859","blk":"0.000","tov":"0.576","pf":"2.271","pts":"13.953"},{"game_id":1117,"team_name":"PHI","player_id":"{\"simmobe01\"}","player_name":"{\"Ben Simmons\"}","fg":"5.894","fga":"9.812","fg_pct":"0.601","three_p":"0.000","three_pa":"0.129","three_p_pct":"0.000","ft":"0.976","fta":"2.612","ft_pct":"0.374","orb":"2.318","drb":"4.576","trb":"6.894","ast":"8.365","stl":"1.306","blk":"0.388","tov":"1.753","pf":"2.329","pts":"12.765"},{"game_id":1117,"team_name":"PHI","player_id":"{\"hillge01\"}","player_name":"{\"George Hill\"}","fg":"2.694","fga":"5.059","fg_pct":"0.533","three_p":"1.012","three_pa":"1.835","three_p_pct":"0.551","ft":"0.965","fta":"1.047","ft_pct":"0.922","orb":"0.200","drb":"1.106","trb":"1.306","ast":"2.094","stl":"0.729","blk":"0.153","tov":"1.000","pf":"2.329","pts":"7.365"},{"game_id":1117,"team_name":"PHI","player_id":"benchPHI","player_name":"Bench of PHI","fg":"3.171","fga":"6.527","fg_pct":"0.486","three_p":"0.755","three_pa":"2.106","three_p_pct":"0.358","ft":"1.783","fta":"2.296","ft_pct":"0.777","orb":"0.699","drb":"2.955","trb":"3.654","ast":"1.708","stl":"0.780","blk":"0.886","tov":"0.934","pf":"1.721","pts":"8.880"}]