[{"game_id":1032,"team_name":"MEM","player_id":"{\"fraziti01\"}","player_name":"{\"Tim Frazier\"}","ts_pct":"0.211","efg_pct":"0.200","three_par":"0.292","ftr":"0.055","orb_pct":"1.360","drb_pct":"11.386","trb_pct":"6.180","ast_pct":"24.564","stl_pct":"1.456","blk_pct":"1.069","tov_pct":"31.259","usg_pct":"16.334","ortg":"55.424","drtg":"111.071","bpm":"-14.565"},{"game_id":1032,"team_name":"MEM","player_id":"{\"winslju01\"}","player_name":"{\"Justise Winslow\"}","ts_pct":"0.359","efg_pct":"0.315","three_par":"0.169","ftr":"0.399","orb_pct":"2.879","drb_pct":"19.874","trb_pct":"11.285","ast_pct":"15.060","stl_pct":"1.279","blk_pct":"2.832","tov_pct":"12.564","usg_pct":"20.379","ortg":"77.153","drtg":"110.976","bpm":"-6.945"},{"game_id":1032,"team_name":"MEM","player_id":"{\"portejo01\"}","player_name":"{\"Jontay Porter\"}","ts_pct":"0.392","efg_pct":"0.296","three_par":"0.549","ftr":"0.444","orb_pct":"2.931","drb_pct":"22.231","trb_pct":"12.068","ast_pct":"2.237","stl_pct":"1.030","blk_pct":"0.000","tov_pct":"13.580","usg_pct":"20.536","ortg":"71.914","drtg":"109.889","bpm":"-7.270"},{"game_id":1032,"team_name":"MEM","player_id":"{\"brookdi01\"}","player_name":"{\"Dillon Brooks\"}","ts_pct":"0.525","efg_pct":"0.480","three_par":"0.391","ftr":"0.310","orb_pct":"1.834","drb_pct":"7.042","trb_pct":"4.508","ast_pct":"9.566","stl_pct":"1.613","blk_pct":"0.426","tov_pct":"9.340","usg_pct":"25.500","ortg":"103.282","drtg":"115.565","bpm":"-4.713"},{"game_id":1032,"team_name":"MEM","player_id":"{\"moranja01\"}","player_name":"{\"Ja Morant\"}","ts_pct":"0.496","efg_pct":"0.453","three_par":"0.309","ftr":"0.453","orb_pct":"1.940","drb_pct":"11.098","trb_pct":"6.486","ast_pct":"32.316","stl_pct":"1.395","blk_pct":"1.061","tov_pct":"17.771","usg_pct":"25.167","ortg":"99.388","drtg":"114.541","bpm":"-2.169"},{"game_id":1032,"team_name":"MEM","player_id":"{\"konchjo01\"}","player_name":"{\"John Konchar\"}","ts_pct":"0.422","efg_pct":"0.418","three_par":"0.446","ftr":"0.024","orb_pct":"7.092","drb_pct":"27.887","trb_pct":"17.435","ast_pct":"14.916","stl_pct":"1.652","blk_pct":"3.002","tov_pct":"6.075","usg_pct":"13.812","ortg":"115.871","drtg":"106.471","bpm":"1.232"},{"game_id":1032,"team_name":"MEM","player_id":"benchMEM","player_name":"Bench of MEM","ts_pct":"0.537","efg_pct":"0.502","three_par":"0.404","ftr":"0.220","orb_pct":"4.075","drb_pct":"14.080","trb_pct":"9.135","ast_pct":"15.145","stl_pct":"1.409","blk_pct":"2.422","tov_pct":"10.286","usg_pct":"16.192","ortg":"112.369","drtg":"112.862","bpm":"-0.406"},{"game_id":1032,"team_name":"DAL","player_id":"{\"hintona01\"}","player_name":"{\"Nate Hinton\"}","ts_pct":"0.345","efg_pct":"0.327","three_par":"0.200","ftr":"0.165","orb_pct":"4.913","drb_pct":"17.936","trb_pct":"12.159","ast_pct":"4.828","stl_pct":"1.576","blk_pct":"0.960","tov_pct":"2.941","usg_pct":"13.278","ortg":"71.482","drtg":"103.765","bpm":"-4.187"},{"game_id":1032,"team_name":"DAL","player_id":"{\"beyty01\"}","player_name":"{\"Tyler Bey\"}","ts_pct":"0.371","efg_pct":"0.365","three_par":"0.192","ftr":"0.024","orb_pct":"13.878","drb_pct":"17.687","trb_pct":"15.989","ast_pct":"8.555","stl_pct":"0.000","blk_pct":"0.000","tov_pct":"8.882","usg_pct":"18.044","ortg":"87.976","drtg":"109.565","bpm":"-6.858"},{"game_id":1032,"team_name":"DAL","player_id":"{\"marjabo01\"}","player_name":"{\"Boban Marjanović\"}","ts_pct":"0.614","efg_pct":"0.517","three_par":"0.074","ftr":"0.510","orb_pct":"22.207","drb_pct":"32.888","trb_pct":"26.764","ast_pct":"4.122","stl_pct":"0.544","blk_pct":"2.412","tov_pct":"1.967","usg_pct":"22.440","ortg":"140.200","drtg":"106.329","bpm":"3.068"},{"game_id":1032,"team_name":"DAL","player_id":"{\"hardati02\"}","player_name":"{\"Tim Hardaway Jr.\"}","ts_pct":"0.666","efg_pct":"0.636","three_par":"0.602","ftr":"0.217","orb_pct":"0.993","drb_pct":"11.688","trb_pct":"6.482","ast_pct":"11.672","stl_pct":"0.576","blk_pct":"0.541","tov_pct":"4.586","usg_pct":"26.309","ortg":"131.059","drtg":"112.318","bpm":"4.209"},{"game_id":1032,"team_name":"DAL","player_id":"{\"finnedo01\"}","player_name":"{\"Dorian Finney-Smith\"}","ts_pct":"0.623","efg_pct":"0.619","three_par":"0.666","ftr":"0.115","orb_pct":"5.334","drb_pct":"14.358","trb_pct":"10.086","ast_pct":"10.418","stl_pct":"1.698","blk_pct":"1.066","tov_pct":"14.348","usg_pct":"14.714","ortg":"118.847","drtg":"109.835","bpm":"-1.134"},{"game_id":1032,"team_name":"DAL","player_id":"{\"doncilu01\"}","player_name":"{\"Luka Dončić\"}","ts_pct":"0.577","efg_pct":"0.532","three_par":"0.404","ftr":"0.420","orb_pct":"3.833","drb_pct":"26.348","trb_pct":"15.013","ast_pct":"38.074","stl_pct":"1.784","blk_pct":"0.536","tov_pct":"16.112","usg_pct":"37.165","ortg":"112.588","drtg":"106.835","bpm":"3.933"},{"game_id":1032,"team_name":"DAL","player_id":"benchDAL","player_name":"Bench of DAL","ts_pct":"0.550","efg_pct":"0.527","three_par":"0.392","ftr":"0.232","orb_pct":"3.858","drb_pct":"12.210","trb_pct":"7.951","ast_pct":"11.051","stl_pct":"1.592","blk_pct":"1.592","tov_pct":"9.429","usg_pct":"17.394","ortg":"111.228","drtg":"111.349","bpm":"-2.406"}]