[{"game_id":1257,"team_name":"MIA","player_id":"{\"silvach01\"}","player_name":"{\"Chris Silva\"}","ts_pct":"0.647","efg_pct":"0.415","three_par":"0.000","ftr":"0.109","orb_pct":"22.062","drb_pct":"7.724","trb_pct":"14.305","ast_pct":"8.111","stl_pct":"2.522","blk_pct":"9.145","tov_pct":"33.242","usg_pct":"13.420","ortg":"96.673","drtg":"97.836","bpm":"-1.322"},{"game_id":1257,"team_name":"MIA","player_id":"{\"robindu01\"}","player_name":"{\"Duncan Robinson\"}","ts_pct":"0.499","efg_pct":"0.493","three_par":"0.582","ftr":"0.041","orb_pct":"1.082","drb_pct":"15.819","trb_pct":"9.012","ast_pct":"3.218","stl_pct":"0.624","blk_pct":"1.835","tov_pct":"8.880","usg_pct":"13.061","ortg":"91.353","drtg":"104.376","bpm":"-2.226"},{"game_id":1257,"team_name":"MIA","player_id":"{\"herroty01\"}","player_name":"{\"Tyler Herro\"}","ts_pct":"0.567","efg_pct":"0.565","three_par":"0.466","ftr":"0.422","orb_pct":"0.875","drb_pct":"17.493","trb_pct":"9.789","ast_pct":"10.849","stl_pct":"1.071","blk_pct":"0.000","tov_pct":"14.673","usg_pct":"22.145","ortg":"103.200","drtg":"103.891","bpm":"-1.098"},{"game_id":1257,"team_name":"MIA","player_id":"{\"leoname01\"}","player_name":"{\"Meyers Leonard\"}","ts_pct":"0.628","efg_pct":"0.636","three_par":"0.595","ftr":"0.076","orb_pct":"3.029","drb_pct":"24.427","trb_pct":"13.853","ast_pct":"10.161","stl_pct":"0.580","blk_pct":"3.141","tov_pct":"11.292","usg_pct":"14.507","ortg":"109.847","drtg":"104.518","bpm":"2.048"},{"game_id":1257,"team_name":"MIA","player_id":"{\"dragigo01\"}","player_name":"{\"Goran Dragić\"}","ts_pct":"0.466","efg_pct":"0.418","three_par":"0.453","ftr":"0.402","orb_pct":"2.182","drb_pct":"10.888","trb_pct":"6.781","ast_pct":"22.867","stl_pct":"1.366","blk_pct":"0.709","tov_pct":"16.498","usg_pct":"21.335","ortg":"95.059","drtg":"105.812","bpm":"-3.641"},{"game_id":1257,"team_name":"MIA","player_id":"{\"butleji01\"}","player_name":"{\"Jimmy Butler\"}","ts_pct":"0.510","efg_pct":"0.436","three_par":"0.253","ftr":"0.511","orb_pct":"7.068","drb_pct":"13.867","trb_pct":"10.606","ast_pct":"27.615","stl_pct":"3.233","blk_pct":"2.301","tov_pct":"14.014","usg_pct":"25.058","ortg":"109.412","drtg":"101.859","bpm":"6.414"},{"game_id":1257,"team_name":"MIA","player_id":"benchMIA","player_name":"Bench of MIA","ts_pct":"0.555","efg_pct":"0.529","three_par":"0.383","ftr":"0.366","orb_pct":"3.870","drb_pct":"15.987","trb_pct":"10.097","ast_pct":"15.477","stl_pct":"1.672","blk_pct":"2.747","tov_pct":"19.586","usg_pct":"19.338","ortg":"101.651","drtg":"102.805","bpm":"-0.668"},{"game_id":1257,"team_name":"HOU","player_id":"{\"anderry01\"}","player_name":"{\"Ryan Anderson\"}","ts_pct":"0.283","efg_pct":"0.274","three_par":"0.624","ftr":"0.047","orb_pct":"8.380","drb_pct":"14.345","trb_pct":"10.986","ast_pct":"3.356","stl_pct":"1.133","blk_pct":"0.000","tov_pct":"7.647","usg_pct":"11.133","ortg":"68.282","drtg":"114.165","bpm":"-6.698"},{"game_id":1257,"team_name":"HOU","player_id":"{\"hardeja01\"}","player_name":"{\"James Harden\"}","ts_pct":"0.586","efg_pct":"0.469","three_par":"0.551","ftr":"0.605","orb_pct":"2.411","drb_pct":"12.893","trb_pct":"7.669","ast_pct":"33.011","stl_pct":"1.606","blk_pct":"1.027","tov_pct":"13.752","usg_pct":"38.545","ortg":"117.471","drtg":"118.318","bpm":"5.155"},{"game_id":1257,"team_name":"HOU","player_id":"{\"westbru01\"}","player_name":"{\"Russell Westbrook\"}","ts_pct":"0.516","efg_pct":"0.477","three_par":"0.262","ftr":"0.311","orb_pct":"6.113","drb_pct":"23.574","trb_pct":"14.495","ast_pct":"45.536","stl_pct":"2.191","blk_pct":"1.538","tov_pct":"15.079","usg_pct":"29.253","ortg":"109.718","drtg":"112.600","bpm":"4.888"},{"game_id":1257,"team_name":"HOU","player_id":"{\"tuckepj01\"}","player_name":"{\"P.J. Tucker\"}","ts_pct":"0.727","efg_pct":"0.702","three_par":"0.657","ftr":"0.146","orb_pct":"6.131","drb_pct":"15.645","trb_pct":"10.855","ast_pct":"6.666","stl_pct":"2.296","blk_pct":"1.619","tov_pct":"9.427","usg_pct":"10.953","ortg":"145.047","drtg":"115.071","bpm":"4.225"},{"game_id":1257,"team_name":"HOU","player_id":"{\"riverau01\"}","player_name":"{\"Austin Rivers\"}","ts_pct":"0.557","efg_pct":"0.532","three_par":"0.655","ftr":"0.202","orb_pct":"1.071","drb_pct":"8.579","trb_pct":"4.679","ast_pct":"8.482","stl_pct":"0.378","blk_pct":"0.182","tov_pct":"3.105","usg_pct":"14.512","ortg":"118.365","drtg":"122.835","bpm":"-3.954"},{"game_id":1257,"team_name":"HOU","player_id":"{\"chandty01\"}","player_name":"{\"Tyson Chandler\"}","ts_pct":"0.515","efg_pct":"0.523","three_par":"0.000","ftr":"0.371","orb_pct":"6.495","drb_pct":"24.371","trb_pct":"14.679","ast_pct":"0.701","stl_pct":"1.647","blk_pct":"1.338","tov_pct":"16.376","usg_pct":"8.469","ortg":"119.059","drtg":"113.353","bpm":"-2.327"},{"game_id":1257,"team_name":"HOU","player_id":"benchHOU","player_name":"Bench of HOU","ts_pct":"0.494","efg_pct":"0.481","three_par":"0.517","ftr":"0.205","orb_pct":"5.329","drb_pct":"13.233","trb_pct":"9.241","ast_pct":"6.250","stl_pct":"1.200","blk_pct":"1.753","tov_pct":"10.468","usg_pct":"17.617","ortg":"98.828","drtg":"116.462","bpm":"-5.473"}]