[{"game_id":1133,"team_name":"PHO","player_id":"teamPHO","player_name":"Team name: PHO","ts_pct":"0.586","efg_pct":"0.549","three_par":"0.430","ftr":"0.259","orb_pct":"4.066","drb_pct":"16.391","trb_pct":"10.535","ast_pct":"17.653","stl_pct":"1.319","blk_pct":"1.914","tov_pct":"10.050","usg_pct":"19.556","ortg":"118.707","drtg":"108.700","bpm":"1.837"},{"game_id":1133,"team_name":"DEN","player_id":"teamDEN","player_name":"Team name: DEN","ts_pct":"0.583","efg_pct":"0.542","three_par":"0.463","ftr":"0.291","orb_pct":"5.209","drb_pct":"18.660","trb_pct":"12.101","ast_pct":"15.635","stl_pct":"1.717","blk_pct":"2.150","tov_pct":"11.470","usg_pct":"20.934","ortg":"124.391","drtg":"133.017","bpm":"0.190"}]