[{"game_id":1031,"team_name":"IND","player_id":"teamIND","player_name":"Team name: IND","ts_pct":"0.587","efg_pct":"0.555","three_par":"0.340","ftr":"0.251","orb_pct":"3.792","drb_pct":"14.078","trb_pct":"9.346","ast_pct":"14.751","stl_pct":"1.424","blk_pct":"2.735","tov_pct":"12.476","usg_pct":"20.344","ortg":"113.498","drtg":"119.179","bpm":"-2.748"},{"game_id":1031,"team_name":"PHI","player_id":"teamPHI","player_name":"Team name: PHI","ts_pct":"0.690","efg_pct":"0.642","three_par":"0.492","ftr":"0.423","orb_pct":"6.388","drb_pct":"18.110","trb_pct":"12.399","ast_pct":"17.123","stl_pct":"2.877","blk_pct":"2.950","tov_pct":"13.499","usg_pct":"25.454","ortg":"139.562","drtg":"137.933","bpm":"-0.704"}]