[{"game_id":1002,"team_name":"PHO","player_id":"teamPHO","player_name":"Team name: PHO","ts_pct":"0.602","efg_pct":"0.577","three_par":"0.463","ftr":"0.275","orb_pct":"4.530","drb_pct":"16.656","trb_pct":"10.349","ast_pct":"15.315","stl_pct":"1.873","blk_pct":"2.025","tov_pct":"10.707","usg_pct":"20.839","ortg":"124.957","drtg":"132.748","bpm":"-0.868"},{"game_id":1002,"team_name":"NYK","player_id":"teamNYK","player_name":"Team name: NYK","ts_pct":"0.617","efg_pct":"0.587","three_par":"0.344","ftr":"0.244","orb_pct":"4.748","drb_pct":"20.175","trb_pct":"12.914","ast_pct":"13.609","stl_pct":"1.582","blk_pct":"2.112","tov_pct":"8.571","usg_pct":"20.672","ortg":"127.817","drtg":"127.568","bpm":"-0.760"}]