[{"game_id":113,"team_name":"NOP","player_id":"teamNOP","player_name":"Team name: NOP","fg":"39.926","fga":"87.126","fg_pct":"0.458","three_p":"10.154","three_pa":"31.446","three_p_pct":"0.323","ft":"18.920","fta":"26.269","ft_pct":"0.720","orb":"11.549","drb":"36.269","trb":"47.817","ast":"23.120","stl":"7.869","blk":"4.566","tov":"15.834","pf":"18.423","pts":"108.926"},{"game_id":113,"team_name":"OKC","player_id":"teamOKC","player_name":"Team name: OKC","fg":"36.200","fga":"84.560","fg_pct":"0.428","three_p":"12.486","three_pa":"39.789","three_p_pct":"0.314","ft":"15.280","fta":"21.360","ft_pct":"0.715","orb":"8.320","drb":"38.057","trb":"46.377","ast":"20.377","stl":"6.354","blk":"4.663","tov":"16.554","pf":"16.834","pts":"100.166"}]