[{"game_id":1217,"team_name":"MIL","player_id":"teamMIL","player_name":"Team name: MIL","ts_pct":"0.516","efg_pct":"0.480","three_par":"0.507","ftr":"0.277","orb_pct":"3.808","drb_pct":"17.013","trb_pct":"10.550","ast_pct":"15.984","stl_pct":"1.367","blk_pct":"2.926","tov_pct":"9.986","usg_pct":"19.550","ortg":"109.992","drtg":"112.707","bpm":"1.342"},{"game_id":1217,"team_name":"CLE","player_id":"teamCLE","player_name":"Team name: CLE","ts_pct":"0.531","efg_pct":"0.504","three_par":"0.342","ftr":"0.299","orb_pct":"5.781","drb_pct":"18.499","trb_pct":"12.340","ast_pct":"11.958","stl_pct":"1.649","blk_pct":"0.936","tov_pct":"12.575","usg_pct":"20.819","ortg":"105.378","drtg":"123.771","bpm":"-2.454"}]