[{"game_id":1068,"team_name":"WAS","player_id":"teamWAS","player_name":"Team name: WAS","fg":"47.446","fga":"96.937","fg_pct":"0.489","three_p":"9.080","three_pa":"24.709","three_p_pct":"0.367","ft":"23.223","fta":"28.537","ft_pct":"0.814","orb":"10.977","drb":"35.657","trb":"46.634","ast":"28.463","stl":"7.909","blk":"5.400","tov":"11.017","pf":"21.006","pts":"127.194"},{"game_id":1068,"team_name":"CHO","player_id":"teamCHO","player_name":"Team name: CHO","fg":"39.451","fga":"90.383","fg_pct":"0.436","three_p":"11.880","three_pa":"36.611","three_p_pct":"0.324","ft":"16.274","fta":"22.737","ft_pct":"0.716","orb":"12.234","drb":"33.366","trb":"45.600","ast":"26.663","stl":"7.634","blk":"4.629","tov":"12.371","pf":"18.423","pts":"107.057"}]