[{"game_id":1091,"team_name":"PHI","player_id":"{\"miltosh01\"}","player_name":"{\"Shake Milton\"}","ts_pct":"0.561","efg_pct":"0.507","three_par":"0.369","ftr":"0.332","orb_pct":"2.367","drb_pct":"12.834","trb_pct":"7.712","ast_pct":"27.756","stl_pct":"1.453","blk_pct":"2.002","tov_pct":"9.744","usg_pct":"24.045","ortg":"118.965","drtg":"110.188","bpm":"1.896"},{"game_id":1091,"team_name":"PHI","player_id":"{\"maxeyty01\"}","player_name":"{\"Tyrese Maxey\"}","ts_pct":"0.520","efg_pct":"0.483","three_par":"0.234","ftr":"0.212","orb_pct":"1.344","drb_pct":"11.847","trb_pct":"6.644","ast_pct":"28.561","stl_pct":"1.899","blk_pct":"2.353","tov_pct":"6.802","usg_pct":"24.652","ortg":"110.976","drtg":"109.506","bpm":"-0.919"},{"game_id":1091,"team_name":"PHI","player_id":"{\"korkmfu01\"}","player_name":"{\"Furkan Korkmaz\"}","ts_pct":"0.436","efg_pct":"0.420","three_par":"0.599","ftr":"0.087","orb_pct":"3.402","drb_pct":"9.841","trb_pct":"6.899","ast_pct":"20.095","stl_pct":"1.533","blk_pct":"0.635","tov_pct":"7.498","usg_pct":"19.481","ortg":"100.106","drtg":"110.941","bpm":"-3.012"},{"game_id":1091,"team_name":"PHI","player_id":"{\"simmobe01\"}","player_name":"{\"Ben Simmons\"}","ts_pct":"0.624","efg_pct":"0.611","three_par":"0.000","ftr":"0.302","orb_pct":"4.786","drb_pct":"13.139","trb_pct":"9.167","ast_pct":"33.429","stl_pct":"2.480","blk_pct":"1.167","tov_pct":"11.421","usg_pct":"16.759","ortg":"135.271","drtg":"107.388","bpm":"4.719"},{"game_id":1091,"team_name":"PHI","player_id":"{\"harrito02\"}","player_name":"{\"Tobias Harris\"}","ts_pct":"0.535","efg_pct":"0.490","three_par":"0.212","ftr":"0.202","orb_pct":"5.016","drb_pct":"13.846","trb_pct":"9.427","ast_pct":"14.865","stl_pct":"0.929","blk_pct":"2.039","tov_pct":"4.925","usg_pct":"24.918","ortg":"116.129","drtg":"110.871","bpm":"0.811"},{"game_id":1091,"team_name":"PHI","player_id":"{\"curryse01\"}","player_name":"{\"Seth Curry\"}","ts_pct":"0.754","efg_pct":"0.739","three_par":"0.615","ftr":"0.117","orb_pct":"0.271","drb_pct":"14.451","trb_pct":"7.426","ast_pct":"12.989","stl_pct":"1.271","blk_pct":"0.000","tov_pct":"8.769","usg_pct":"16.468","ortg":"137.235","drtg":"110.153","bpm":"3.792"},{"game_id":1091,"team_name":"PHI","player_id":"benchPHI","player_name":"Bench of PHI","ts_pct":"0.571","efg_pct":"0.534","three_par":"0.407","ftr":"0.330","orb_pct":"6.255","drb_pct":"17.275","trb_pct":"11.886","ast_pct":"9.865","stl_pct":"2.455","blk_pct":"2.947","tov_pct":"12.939","usg_pct":"19.263","ortg":"111.820","drtg":"105.905","bpm":"0.449"},{"game_id":1091,"team_name":"WAS","player_id":"{\"westbru01\"}","player_name":"{\"Russell Westbrook\"}","ts_pct":"0.527","efg_pct":"0.454","three_par":"0.259","ftr":"0.466","orb_pct":"5.334","drb_pct":"27.496","trb_pct":"16.639","ast_pct":"48.534","stl_pct":"2.105","blk_pct":"1.194","tov_pct":"14.516","usg_pct":"26.992","ortg":"117.141","drtg":"108.106","bpm":"6.394"},{"game_id":1091,"team_name":"WAS","player_id":"{\"bealbr01\"}","player_name":"{\"Bradley Beal\"}","ts_pct":"0.563","efg_pct":"0.524","three_par":"0.262","ftr":"0.268","orb_pct":"3.240","drb_pct":"11.162","trb_pct":"7.568","ast_pct":"16.920","stl_pct":"0.840","blk_pct":"1.747","tov_pct":"9.820","usg_pct":"33.133","ortg":"110.776","drtg":"114.788","bpm":"0.965"},{"game_id":1091,"team_name":"WAS","player_id":"{\"hachiru01\"}","player_name":"{\"Rui Hachimura\"}","ts_pct":"0.649","efg_pct":"0.633","three_par":"0.183","ftr":"0.153","orb_pct":"2.779","drb_pct":"12.087","trb_pct":"7.688","ast_pct":"4.300","stl_pct":"0.440","blk_pct":"1.104","tov_pct":"7.204","usg_pct":"18.901","ortg":"123.165","drtg":"115.388","bpm":"-2.391"},{"game_id":1091,"team_name":"WAS","player_id":"{\"bertada01\"}","player_name":"{\"Dāvis Bertāns\"}","ts_pct":"0.557","efg_pct":"0.513","three_par":"0.871","ftr":"0.230","orb_pct":"0.212","drb_pct":"6.494","trb_pct":"3.365","ast_pct":"1.704","stl_pct":"0.942","blk_pct":"0.000","tov_pct":"6.158","usg_pct":"15.642","ortg":"105.682","drtg":"117.471","bpm":"-1.769"},{"game_id":1091,"team_name":"WAS","player_id":"{\"smithis01\"}","player_name":"{\"Ish Smith\"}","ts_pct":"0.547","efg_pct":"0.539","three_par":"0.131","ftr":"0.157","orb_pct":"2.664","drb_pct":"18.000","trb_pct":"10.486","ast_pct":"19.925","stl_pct":"1.879","blk_pct":"1.201","tov_pct":"10.289","usg_pct":"17.213","ortg":"111.141","drtg":"111.471","bpm":"-0.956"},{"game_id":1091,"team_name":"WAS","player_id":"{\"netora01\"}","player_name":"{\"Raul Neto\"}","ts_pct":"0.537","efg_pct":"0.477","three_par":"0.369","ftr":"0.292","orb_pct":"1.647","drb_pct":"8.913","trb_pct":"5.368","ast_pct":"10.105","stl_pct":"1.968","blk_pct":"0.447","tov_pct":"13.949","usg_pct":"13.880","ortg":"109.106","drtg":"116.659","bpm":"-0.127"},{"game_id":1091,"team_name":"WAS","player_id":"benchWAS","player_name":"Bench of WAS","ts_pct":"0.615","efg_pct":"0.582","three_par":"0.000","ftr":"0.309","orb_pct":"11.914","drb_pct":"19.096","trb_pct":"15.732","ast_pct":"4.621","stl_pct":"1.142","blk_pct":"6.231","tov_pct":"9.821","usg_pct":"19.050","ortg":"119.756","drtg":"109.353","bpm":"-0.057"}]