[{"game_id":1105,"team_name":"POR","player_id":"teamPOR","player_name":"Team name: POR","fg":"42.994","fga":"87.960","fg_pct":"0.489","three_p":"15.731","three_pa":"36.589","three_p_pct":"0.430","ft":"19.103","fta":"23.457","ft_pct":"0.814","orb":"9.549","drb":"34.897","trb":"44.446","ast":"23.286","stl":"5.109","blk":"4.783","tov":"10.457","pf":"18.257","pts":"120.823"},{"game_id":1105,"team_name":"DEN","player_id":"teamDEN","player_name":"Team name: DEN","fg":"42.886","fga":"89.823","fg_pct":"0.477","three_p":"12.046","three_pa":"34.360","three_p_pct":"0.351","ft":"15.811","fta":"19.269","ft_pct":"0.821","orb":"10.600","drb":"32.497","trb":"43.097","ast":"25.383","stl":"8.417","blk":"3.703","tov":"11.720","pf":"21.029","pts":"113.629"}]