[{"game_id":1158,"team_name":"MIL","player_id":"{\"antetth01\"}","player_name":"{\"Thanasis Antetokounmpo\"}","fg":"0.000","fga":"0.518","fg_pct":"0.000","three_p":"0.000","three_pa":"0.141","three_p_pct":"0.000","ft":"0.553","fta":"0.635","ft_pct":"0.871","orb":"0.082","drb":"0.447","trb":"0.529","ast":"0.294","stl":"0.212","blk":"0.247","tov":"0.306","pf":"0.812","pts":"0.553"},{"game_id":1158,"team_name":"MIL","player_id":"{\"diakima01\"}","player_name":"{\"Mamadi Diakite\"}","fg":"0.518","fga":"1.812","fg_pct":"0.286","three_p":"0.000","three_pa":"0.153","three_p_pct":"0.000","ft":"0.706","fta":"0.988","ft_pct":"0.715","orb":"0.294","drb":"1.353","trb":"1.647","ast":"0.224","stl":"0.635","blk":"0.247","tov":"0.047","pf":"1.165","pts":"1.741"},{"game_id":1158,"team_name":"MIL","player_id":"{\"teaguje01\"}","player_name":"{\"Jeff Teague\"}","fg":"1.094","fga":"3.247","fg_pct":"0.337","three_p":"0.565","three_pa":"0.976","three_p_pct":"0.579","ft":"1.200","fta":"1.388","ft_pct":"0.865","orb":"0.071","drb":"0.753","trb":"0.824","ast":"1.376","stl":"0.400","blk":"0.153","tov":"0.741","pf":"0.224","pts":"3.953"},{"game_id":1158,"team_name":"MIL","player_id":"{\"merrisa01\"}","player_name":"{\"Sam Merrill\"}","fg":"0.447","fga":"1.718","fg_pct":"0.260","three_p":"0.294","three_pa":"1.141","three_p_pct":"0.258","ft":"0.000","fta":"0.000","ft_pct":"NaN","orb":"0.000","drb":"0.388","trb":"0.388","ast":"0.259","stl":"0.529","blk":"0.000","tov":"0.141","pf":"0.353","pts":"1.188"},{"game_id":1158,"team_name":"MIL","player_id":"{\"jacksju01\"}","player_name":"{\"Justin Jackson\"}","fg":"1.824","fga":"4.318","fg_pct":"0.422","three_p":"0.753","three_pa":"2.259","three_p_pct":"0.333","ft":"0.647","fta":"0.753","ft_pct":"0.859","orb":"0.482","drb":"0.741","trb":"1.224","ast":"0.906","stl":"0.353","blk":"0.000","tov":"0.306","pf":"0.365","pts":"5.047"},{"game_id":1158,"team_name":"MIL","player_id":"{\"holidjr01\"}","player_name":"{\"Jrue Holiday\"}","fg":"7.271","fga":"18.024","fg_pct":"0.403","three_p":"2.153","three_pa":"7.306","three_p_pct":"0.295","ft":"1.282","fta":"1.671","ft_pct":"0.767","orb":"1.271","drb":"3.871","trb":"5.141","ast":"7.435","stl":"1.271","blk":"0.153","tov":"1.941","pf":"2.741","pts":"17.976"},{"game_id":1158,"team_name":"MIL","player_id":"benchMIL","player_name":"Bench of MIL","fg":"5.038","fga":"10.623","fg_pct":"0.474","three_p":"1.145","three_pa":"3.741","three_p_pct":"0.306","ft":"1.734","fta":"2.518","ft_pct":"0.689","orb":"1.416","drb":"4.650","trb":"6.067","ast":"1.855","stl":"0.738","blk":"0.684","tov":"1.375","pf":"1.931","pts":"12.955"},{"game_id":1158,"team_name":"ATL","player_id":"{\"snellto01\"}","player_name":"{\"Tony Snell\"}","fg":"0.482","fga":"2.118","fg_pct":"0.228","three_p":"0.141","three_pa":"1.094","three_p_pct":"0.129","ft":"0.000","fta":"0.000","ft_pct":"NaN","orb":"0.118","drb":"0.894","trb":"1.012","ast":"0.435","stl":"0.376","blk":"0.094","tov":"0.235","pf":"0.753","pts":"1.106"},{"game_id":1158,"team_name":"ATL","player_id":"{\"mayssk01\"}","player_name":"{\"Skylar Mays\"}","fg":"1.541","fga":"2.706","fg_pct":"0.569","three_p":"0.400","three_pa":"1.035","three_p_pct":"0.386","ft":"0.188","fta":"0.188","ft_pct":"1.000","orb":"0.071","drb":"0.800","trb":"0.871","ast":"0.976","stl":"0.176","blk":"0.235","tov":"0.318","pf":"0.153","pts":"3.671"},{"game_id":1158,"team_name":"ATL","player_id":"{\"fernabr01\"}","player_name":"{\"Bruno Fernando\"}","fg":"0.871","fga":"1.988","fg_pct":"0.438","three_p":"0.000","three_pa":"0.000","three_p_pct":"NaN","ft":"0.447","fta":"0.541","ft_pct":"0.826","orb":"0.459","drb":"1.318","trb":"1.776","ast":"0.129","stl":"0.259","blk":"0.000","tov":"0.259","pf":"0.353","pts":"2.188"},{"game_id":1158,"team_name":"ATL","player_id":"{\"knighna01\"}","player_name":"{\"Nathan Knight\"}","fg":"1.247","fga":"3.035","fg_pct":"0.411","three_p":"0.129","three_pa":"1.047","three_p_pct":"0.123","ft":"0.941","fta":"1.624","ft_pct":"0.579","orb":"0.682","drb":"1.824","trb":"2.506","ast":"0.212","stl":"0.094","blk":"0.365","tov":"0.000","pf":"0.471","pts":"3.565"},{"game_id":1158,"team_name":"ATL","player_id":"{\"huertke01\"}","player_name":"{\"Kevin Huerter\"}","fg":"5.047","fga":"11.024","fg_pct":"0.458","three_p":"1.718","three_pa":"5.153","three_p_pct":"0.333","ft":"1.224","fta":"1.635","ft_pct":"0.749","orb":"0.506","drb":"3.706","trb":"4.212","ast":"2.071","stl":"0.553","blk":"0.471","tov":"0.894","pf":"3.306","pts":"13.035"},{"game_id":1158,"team_name":"ATL","player_id":"{\"youngtr01\"}","player_name":"{\"Trae Young\"}","fg":"10.141","fga":"24.965","fg_pct":"0.406","three_p":"3.106","three_pa":"9.929","three_p_pct":"0.313","ft":"8.776","fta":"10.365","ft_pct":"0.847","orb":"0.518","drb":"2.835","trb":"3.353","ast":"10.694","stl":"1.576","blk":"0.000","tov":"3.953","pf":"3.141","pts":"32.165"},{"game_id":1158,"team_name":"ATL","player_id":"benchATL","player_name":"Bench of ATL","fg":"3.529","fga":"7.625","fg_pct":"0.463","three_p":"0.728","three_pa":"2.503","three_p_pct":"0.291","ft":"1.386","fta":"1.861","ft_pct":"0.745","orb":"1.283","drb":"4.258","trb":"5.541","ast":"1.064","stl":"0.737","blk":"0.394","tov":"0.920","pf":"2.325","pts":"9.172"}]