[{"game_id":1225,"team_name":"LAL","player_id":"teamLAL","player_name":"Team name: LAL","fg":"42.160","fga":"91.960","fg_pct":"0.458","three_p":"11.634","three_pa":"32.206","three_p_pct":"0.361","ft":"13.669","fta":"18.457","ft_pct":"0.741","orb":"12.143","drb":"35.371","trb":"47.514","ast":"26.526","stl":"8.349","blk":"6.383","tov":"15.051","pf":"20.503","pts":"109.623"},{"game_id":1225,"team_name":"MEM","player_id":"teamMEM","player_name":"Team name: MEM","fg":"40.463","fga":"90.703","fg_pct":"0.446","three_p":"12.326","three_pa":"34.097","three_p_pct":"0.361","ft":"18.989","fta":"24.189","ft_pct":"0.785","orb":"10.189","drb":"35.457","trb":"45.646","ast":"25.320","stl":"8.549","blk":"5.663","tov":"14.411","pf":"22.714","pts":"112.240"}]