[{"game_id":1012,"team_name":"BOS","player_id":"teamBOS","player_name":"Team name: BOS","fg":"40.943","fga":"90.771","fg_pct":"0.451","three_p":"15.194","three_pa":"40.166","three_p_pct":"0.378","ft":"17.320","fta":"21.429","ft_pct":"0.808","orb":"11.497","drb":"35.057","trb":"46.554","ast":"23.749","stl":"7.389","blk":"6.114","tov":"14.754","pf":"19.840","pts":"114.400"},{"game_id":1012,"team_name":"MIA","player_id":"teamMIA","player_name":"Team name: MIA","fg":"41.389","fga":"85.057","fg_pct":"0.487","three_p":"13.457","three_pa":"35.863","three_p_pct":"0.375","ft":"17.143","fta":"21.211","ft_pct":"0.808","orb":"8.520","drb":"31.206","trb":"39.726","ast":"26.714","stl":"9.354","blk":"2.840","tov":"10.600","pf":"18.920","pts":"113.377"}]