[{"game_id":1083,"team_name":"MEM","player_id":"{\"jonesty01\"}","player_name":"{\"Tyus Jones\"}","fg":"1.459","fga":"3.812","fg_pct":"0.383","three_p":"0.471","three_pa":"1.165","three_p_pct":"0.404","ft":"0.682","fta":"0.741","ft_pct":"0.920","orb":"0.000","drb":"1.706","trb":"1.706","ast":"2.529","stl":"0.565","blk":"0.047","tov":"0.647","pf":"0.412","pts":"4.071"},{"game_id":1083,"team_name":"MEM","player_id":"{\"allengr01\"}","player_name":"{\"Grayson Allen\"}","fg":"2.471","fga":"7.200","fg_pct":"0.343","three_p":"1.212","three_pa":"4.341","three_p_pct":"0.279","ft":"1.659","fta":"1.894","ft_pct":"0.876","orb":"0.471","drb":"2.576","trb":"3.047","ast":"1.976","stl":"0.576","blk":"0.106","tov":"0.706","pf":"1.235","pts":"7.812"},{"game_id":1083,"team_name":"MEM","player_id":"{\"moranja01\"}","player_name":"{\"Ja Morant\"}","fg":"6.153","fga":"15.059","fg_pct":"0.409","three_p":"1.541","three_pa":"4.965","three_p_pct":"0.310","ft":"3.247","fta":"4.953","ft_pct":"0.656","orb":"1.200","drb":"3.624","trb":"4.824","ast":"8.000","stl":"0.812","blk":"0.235","tov":"4.047","pf":"1.200","pts":"17.094"},{"game_id":1083,"team_name":"MEM","player_id":"{\"brookdi01\"}","player_name":"{\"Dillon Brooks\"}","fg":"7.718","fga":"18.306","fg_pct":"0.422","three_p":"2.024","three_pa":"6.259","three_p_pct":"0.323","ft":"2.788","fta":"4.012","ft_pct":"0.695","orb":"0.765","drb":"2.176","trb":"2.941","ast":"2.824","stl":"1.153","blk":"0.541","tov":"1.188","pf":"3.741","pts":"20.247"},{"game_id":1083,"team_name":"MEM","player_id":"{\"valanjo01\"}","player_name":"{\"Jonas Valančiūnas\"}","fg":"7.871","fga":"11.400","fg_pct":"0.690","three_p":"0.106","three_pa":"0.365","three_p_pct":"0.290","ft":"2.941","fta":"3.565","ft_pct":"0.825","orb":"4.212","drb":"9.741","trb":"13.953","ast":"1.812","stl":"0.588","blk":"2.035","tov":"1.306","pf":"3.000","pts":"18.788"},{"game_id":1083,"team_name":"MEM","player_id":"{\"anderky01\"}","player_name":"{\"Kyle Anderson\"}","fg":"4.906","fga":"9.471","fg_pct":"0.518","three_p":"1.659","three_pa":"3.741","three_p_pct":"0.443","ft":"2.388","fta":"2.976","ft_pct":"0.802","orb":"0.376","drb":"4.071","trb":"4.447","ast":"4.482","stl":"0.965","blk":"1.118","tov":"1.412","pf":"1.635","pts":"13.859"},{"game_id":1083,"team_name":"MEM","player_id":"benchMEM","player_name":"Bench of MEM","fg":"3.272","fga":"7.457","fg_pct":"0.439","three_p":"1.289","three_pa":"3.992","three_p_pct":"0.323","ft":"1.126","fta":"1.403","ft_pct":"0.803","orb":"0.839","drb":"2.869","trb":"3.709","ast":"1.567","stl":"0.935","blk":"0.896","tov":"1.324","pf":"1.781","pts":"8.959"},{"game_id":1083,"team_name":"SAS","player_id":"{\"vassede01\"}","player_name":"{\"Devin Vassell\"}","fg":"3.188","fga":"7.788","fg_pct":"0.409","three_p":"0.671","three_pa":"3.471","three_p_pct":"0.193","ft":"1.035","fta":"1.224","ft_pct":"0.846","orb":"0.424","drb":"3.553","trb":"3.976","ast":"1.224","stl":"0.365","blk":"0.365","tov":"0.494","pf":"1.741","pts":"8.082"},{"game_id":1083,"team_name":"SAS","player_id":"{\"murrade01\"}","player_name":"{\"Dejounte Murray\"}","fg":"6.694","fga":"14.953","fg_pct":"0.448","three_p":"0.400","three_pa":"2.271","three_p_pct":"0.176","ft":"1.259","fta":"1.835","ft_pct":"0.686","orb":"1.141","drb":"5.835","trb":"6.976","ast":"6.082","stl":"1.071","blk":"0.141","tov":"1.765","pf":"1.435","pts":"15.047"},{"game_id":1083,"team_name":"SAS","player_id":"{\"derozde01\"}","player_name":"{\"DeMar DeRozan\"}","fg":"7.847","fga":"15.106","fg_pct":"0.519","three_p":"0.153","three_pa":"0.318","three_p_pct":"0.481","ft":"6.129","fta":"7.341","ft_pct":"0.835","orb":"0.153","drb":"3.459","trb":"3.612","ast":"4.753","stl":"1.035","blk":"0.165","tov":"2.082","pf":"2.271","pts":"21.976"},{"game_id":1083,"team_name":"SAS","player_id":"{\"poeltja01\"}","player_name":"{\"Jakob Poeltl\"}","fg":"4.282","fga":"7.871","fg_pct":"0.544","three_p":"0.000","three_pa":"0.000","three_p_pct":"NaN","ft":"0.788","fta":"1.341","ft_pct":"0.588","orb":"2.741","drb":"5.329","trb":"8.071","ast":"2.376","stl":"0.906","blk":"2.106","tov":"0.400","pf":"2.424","pts":"9.353"},{"game_id":1083,"team_name":"SAS","player_id":"{\"johnske04\"}","player_name":"{\"Keldon Johnson\"}","fg":"4.424","fga":"9.718","fg_pct":"0.455","three_p":"0.753","three_pa":"2.800","three_p_pct":"0.269","ft":"2.494","fta":"3.035","ft_pct":"0.822","orb":"0.918","drb":"2.353","trb":"3.271","ast":"1.882","stl":"0.529","blk":"0.000","tov":"1.494","pf":"1.624","pts":"12.094"},{"game_id":1083,"team_name":"SAS","player_id":"{\"millspa02\"}","player_name":"{\"Patty Mills\"}","fg":"2.624","fga":"7.176","fg_pct":"0.366","three_p":"1.859","three_pa":"5.235","three_p_pct":"0.355","ft":"0.988","fta":"1.035","ft_pct":"0.955","orb":"0.059","drb":"1.271","trb":"1.329","ast":"2.153","stl":"0.365","blk":"0.059","tov":"1.235","pf":"1.118","pts":"8.094"},{"game_id":1083,"team_name":"SAS","player_id":"benchSAS","player_name":"Bench of SAS","fg":"3.500","fga":"7.821","fg_pct":"0.448","three_p":"1.083","three_pa":"3.220","three_p_pct":"0.336","ft":"1.232","fta":"1.362","ft_pct":"0.905","orb":"1.039","drb":"3.131","trb":"4.170","ast":"1.341","stl":"0.533","blk":"0.464","tov":"0.935","pf":"1.407","pts":"9.316"}]