[{"game_id":1138,"team_name":"UTA","player_id":"teamUTA","player_name":"Team name: UTA","fg":"40.697","fga":"87.869","fg_pct":"0.463","three_p":"15.989","three_pa":"42.074","three_p_pct":"0.380","ft":"20.623","fta":"24.783","ft_pct":"0.832","orb":"11.234","drb":"36.234","trb":"47.469","ast":"21.571","stl":"5.994","blk":"4.977","tov":"12.069","pf":"19.314","pts":"118.006"},{"game_id":1138,"team_name":"LAC","player_id":"teamLAC","player_name":"Team name: LAC","fg":"39.451","fga":"83.583","fg_pct":"0.472","three_p":"13.423","three_pa":"37.343","three_p_pct":"0.359","ft":"19.000","fta":"22.331","ft_pct":"0.851","orb":"9.206","drb":"32.446","trb":"41.651","ast":"22.617","stl":"6.697","blk":"4.914","tov":"9.583","pf":"19.966","pts":"111.326"}]