[{"game_id":1129,"team_name":"BRK","player_id":"{\"irvinky01\"}","player_name":"{\"Kyrie Irving\"}","fg":"8.706","fga":"16.776","fg_pct":"0.519","three_p":"3.200","three_pa":"6.976","three_p_pct":"0.459","ft":"3.894","fta":"4.259","ft_pct":"0.914","orb":"1.235","drb":"4.071","trb":"5.306","ast":"2.776","stl":"1.024","blk":"0.894","tov":"1.212","pf":"2.682","pts":"24.506"},{"game_id":1129,"team_name":"BRK","player_id":"{\"duranke01\"}","player_name":"{\"Kevin Durant\"}","fg":"9.200","fga":"16.906","fg_pct":"0.544","three_p":"2.271","three_pa":"4.953","three_p_pct":"0.459","ft":"7.353","fta":"8.035","ft_pct":"0.915","orb":"0.447","drb":"6.847","trb":"7.294","ast":"5.000","stl":"1.035","blk":"1.929","tov":"2.753","pf":"2.024","pts":"28.024"},{"game_id":1129,"team_name":"BRK","player_id":"{\"griffbl01\"}","player_name":"{\"Blake Griffin\"}","fg":"2.600","fga":"5.141","fg_pct":"0.506","three_p":"0.376","three_pa":"1.329","three_p_pct":"0.283","ft":"1.176","fta":"1.553","ft_pct":"0.757","orb":"1.271","drb":"1.906","trb":"3.176","ast":"1.953","stl":"0.518","blk":"0.235","tov":"0.188","pf":"2.776","pts":"6.753"},{"game_id":1129,"team_name":"BRK","player_id":"{\"harrijo01\"}","player_name":"{\"Joe Harris\"}","fg":"4.482","fga":"10.024","fg_pct":"0.447","three_p":"2.941","three_pa":"6.306","three_p_pct":"0.466","ft":"0.471","fta":"0.471","ft_pct":"1.000","orb":"0.459","drb":"3.271","trb":"3.729","ast":"2.341","stl":"0.388","blk":"0.247","tov":"1.082","pf":"3.294","pts":"12.376"},{"game_id":1129,"team_name":"BRK","player_id":"{\"jamesmi02\"}","player_name":"{\"Mike James\"}","fg":"2.153","fga":"6.165","fg_pct":"0.349","three_p":"0.706","three_pa":"2.212","three_p_pct":"0.319","ft":"1.047","fta":"1.271","ft_pct":"0.824","orb":"0.000","drb":"2.094","trb":"2.094","ast":"3.012","stl":"0.459","blk":"0.082","tov":"0.894","pf":"0.647","pts":"6.059"},{"game_id":1129,"team_name":"BRK","player_id":"{\"brownbr01\"}","player_name":"{\"Bruce Brown\"}","fg":"3.588","fga":"6.518","fg_pct":"0.550","three_p":"0.059","three_pa":"0.471","three_p_pct":"0.125","ft":"1.953","fta":"2.212","ft_pct":"0.883","orb":"1.812","drb":"4.671","trb":"6.482","ast":"2.129","stl":"1.012","blk":"0.694","tov":"0.800","pf":"2.565","pts":"9.188"},{"game_id":1129,"team_name":"BRK","player_id":"benchBRK","player_name":"Bench of BRK","fg":"1.847","fga":"3.978","fg_pct":"0.464","three_p":"0.596","three_pa":"1.673","three_p_pct":"0.356","ft":"0.816","fta":"1.028","ft_pct":"0.794","orb":"0.627","drb":"1.930","trb":"2.557","ast":"1.608","stl":"0.358","blk":"0.458","tov":"0.600","pf":"1.333","pts":"5.106"},{"game_id":1129,"team_name":"MIL","player_id":"{\"holidjr01\"}","player_name":"{\"Jrue Holiday\"}","fg":"6.835","fga":"14.200","fg_pct":"0.481","three_p":"1.271","three_pa":"4.365","three_p_pct":"0.291","ft":"2.388","fta":"3.106","ft_pct":"0.769","orb":"1.576","drb":"3.812","trb":"5.388","ast":"9.082","stl":"1.612","blk":"0.541","tov":"2.341","pf":"1.165","pts":"17.329"},{"game_id":1129,"team_name":"MIL","player_id":"{\"middlkh01\"}","player_name":"{\"Khris Middleton\"}","fg":"7.318","fga":"14.835","fg_pct":"0.493","three_p":"2.188","three_pa":"6.235","three_p_pct":"0.351","ft":"3.976","fta":"4.294","ft_pct":"0.926","orb":"0.988","drb":"5.424","trb":"6.412","ast":"4.694","stl":"0.518","blk":"0.000","tov":"2.835","pf":"2.718","pts":"20.800"},{"game_id":1129,"team_name":"MIL","player_id":"{\"antetgi01\"}","player_name":"{\"Giannis Antetokounmpo\"}","fg":"9.282","fga":"17.529","fg_pct":"0.530","three_p":"0.329","three_pa":"3.224","three_p_pct":"0.102","ft":"5.271","fta":"8.129","ft_pct":"0.648","orb":"2.306","drb":"10.365","trb":"12.671","ast":"6.835","stl":"1.341","blk":"0.694","tov":"2.282","pf":"3.118","pts":"24.165"},{"game_id":1129,"team_name":"MIL","player_id":"{\"antetth01\"}","player_name":"{\"Thanasis Antetokounmpo\"}","fg":"0.082","fga":"1.224","fg_pct":"0.067","three_p":"0.000","three_pa":"0.506","three_p_pct":"0.000","ft":"0.753","fta":"1.059","ft_pct":"0.711","orb":"0.141","drb":"0.471","trb":"0.612","ast":"0.482","stl":"0.388","blk":"0.000","tov":"0.341","pf":"0.812","pts":"0.918"},{"game_id":1129,"team_name":"MIL","player_id":"{\"tuckepj01\"}","player_name":"{\"P.J. Tucker\"}","fg":"0.941","fga":"2.753","fg_pct":"0.342","three_p":"0.400","three_pa":"1.753","three_p_pct":"0.228","ft":"0.306","fta":"0.400","ft_pct":"0.765","orb":"1.435","drb":"1.812","trb":"3.247","ast":"0.965","stl":"0.294","blk":"0.000","tov":"0.435","pf":"2.306","pts":"2.588"},{"game_id":1129,"team_name":"MIL","player_id":"{\"lopezbr01\"}","player_name":"{\"Brook Lopez\"}","fg":"6.635","fga":"10.800","fg_pct":"0.614","three_p":"0.376","three_pa":"2.024","three_p_pct":"0.186","ft":"3.094","fta":"3.694","ft_pct":"0.838","orb":"2.271","drb":"4.259","trb":"6.529","ast":"0.106","stl":"0.200","blk":"1.271","tov":"1.471","pf":"2.506","pts":"16.741"},{"game_id":1129,"team_name":"MIL","player_id":"benchMIL","player_name":"Bench of MIL","fg":"3.422","fga":"6.907","fg_pct":"0.495","three_p":"1.864","three_pa":"4.095","three_p_pct":"0.455","ft":"0.879","fta":"1.121","ft_pct":"0.784","orb":"0.753","drb":"2.631","trb":"3.384","ast":"0.799","stl":"0.460","blk":"0.161","tov":"0.729","pf":"0.994","pts":"9.586"}]