[{"game_id":1016,"team_name":"ORL","player_id":"{\"brazdig01\"}","player_name":"{\"Ignas Brazdeikis\"}","ts_pct":"0.273","efg_pct":"0.222","three_par":"0.144","ftr":"0.263","orb_pct":"9.175","drb_pct":"17.240","trb_pct":"13.460","ast_pct":"11.498","stl_pct":"0.401","blk_pct":"0.000","tov_pct":"15.406","usg_pct":"16.659","ortg":"65.482","drtg":"116.671","bpm":"-6.629"},{"game_id":1016,"team_name":"ORL","player_id":"{\"hamptrj01\"}","player_name":"{\"R.J. Hampton\"}","ts_pct":"0.511","efg_pct":"0.459","three_par":"0.263","ftr":"0.398","orb_pct":"2.396","drb_pct":"18.249","trb_pct":"10.404","ast_pct":"19.718","stl_pct":"0.995","blk_pct":"1.061","tov_pct":"9.939","usg_pct":"21.004","ortg":"105.565","drtg":"117.812","bpm":"-2.547"},{"game_id":1016,"team_name":"ORL","player_id":"{\"wagnemo01\"}","player_name":"{\"Moritz Wagner\"}","ts_pct":"0.404","efg_pct":"0.348","three_par":"0.370","ftr":"0.303","orb_pct":"2.774","drb_pct":"19.515","trb_pct":"11.695","ast_pct":"13.320","stl_pct":"0.814","blk_pct":"3.434","tov_pct":"14.702","usg_pct":"17.279","ortg":"110.212","drtg":"109.824","bpm":"-3.526"},{"game_id":1016,"team_name":"ORL","player_id":"{\"anthoco01\"}","player_name":"{\"Cole Anthony\"}","ts_pct":"0.516","efg_pct":"0.476","three_par":"0.284","ftr":"0.288","orb_pct":"2.369","drb_pct":"14.876","trb_pct":"8.614","ast_pct":"24.299","stl_pct":"0.985","blk_pct":"0.855","tov_pct":"16.058","usg_pct":"25.086","ortg":"98.941","drtg":"118.753","bpm":"-3.926"},{"game_id":1016,"team_name":"ORL","player_id":"{\"randlch01\"}","player_name":"{\"Chasson Randle\"}","ts_pct":"0.495","efg_pct":"0.465","three_par":"0.493","ftr":"0.241","orb_pct":"1.225","drb_pct":"8.140","trb_pct":"4.526","ast_pct":"14.784","stl_pct":"0.974","blk_pct":"0.000","tov_pct":"12.972","usg_pct":"19.134","ortg":"97.176","drtg":"121.447","bpm":"-5.782"},{"game_id":1016,"team_name":"ORL","player_id":"{\"harriga01\"}","player_name":"{\"Gary Harris\"}","ts_pct":"0.494","efg_pct":"0.442","three_par":"0.343","ftr":"0.233","orb_pct":"1.927","drb_pct":"7.099","trb_pct":"4.681","ast_pct":"14.144","stl_pct":"1.609","blk_pct":"1.562","tov_pct":"8.915","usg_pct":"19.639","ortg":"101.765","drtg":"119.282","bpm":"-3.168"},{"game_id":1016,"team_name":"ORL","player_id":"benchORL","player_name":"Bench of ORL","ts_pct":"0.514","efg_pct":"0.495","three_par":"0.227","ftr":"0.251","orb_pct":"8.265","drb_pct":"15.498","trb_pct":"11.628","ast_pct":"6.837","stl_pct":"1.723","blk_pct":"3.887","tov_pct":"10.043","usg_pct":"17.906","ortg":"108.523","drtg":"114.602","bpm":"-2.160"},{"game_id":1016,"team_name":"MIN","player_id":"{\"laymaja01\"}","player_name":"{\"Jake Layman\"}","ts_pct":"0.399","efg_pct":"0.399","three_par":"0.255","ftr":"0.162","orb_pct":"0.000","drb_pct":"2.786","trb_pct":"1.275","ast_pct":"8.127","stl_pct":"3.204","blk_pct":"0.859","tov_pct":"8.472","usg_pct":"15.898","ortg":"78.600","drtg":"120.494","bpm":"-6.074"},{"game_id":1016,"team_name":"MIN","player_id":"{\"davised01\"}","player_name":"{\"Ed Davis\"}","ts_pct":"0.604","efg_pct":"0.362","three_par":"0.000","ftr":"0.038","orb_pct":"16.114","drb_pct":"27.798","trb_pct":"21.293","ast_pct":"13.338","stl_pct":"2.393","blk_pct":"4.693","tov_pct":"21.666","usg_pct":"7.214","ortg":"143.494","drtg":"112.282","bpm":"0.495"},{"game_id":1016,"team_name":"MIN","player_id":"{\"russeda01\"}","player_name":"{\"D'Angelo Russell\"}","ts_pct":"0.563","efg_pct":"0.542","three_par":"0.518","ftr":"0.227","orb_pct":"1.894","drb_pct":"8.561","trb_pct":"5.145","ast_pct":"40.052","stl_pct":"1.538","blk_pct":"0.892","tov_pct":"14.004","usg_pct":"26.694","ortg":"115.529","drtg":"119.647","bpm":"1.778"},{"game_id":1016,"team_name":"MIN","player_id":"{\"edwaran01\"}","player_name":"{\"Anthony Edwards\"}","ts_pct":"0.605","efg_pct":"0.578","three_par":"0.463","ftr":"0.241","orb_pct":"3.160","drb_pct":"16.493","trb_pct":"9.787","ast_pct":"17.221","stl_pct":"1.512","blk_pct":"1.948","tov_pct":"13.315","usg_pct":"27.736","ortg":"111.212","drtg":"116.435","bpm":"1.241"},{"game_id":1016,"team_name":"MIN","player_id":"{\"townska01\"}","player_name":"{\"Karl-Anthony Towns\"}","ts_pct":"0.607","efg_pct":"0.537","three_par":"0.390","ftr":"0.458","orb_pct":"6.271","drb_pct":"23.147","trb_pct":"14.746","ast_pct":"21.856","stl_pct":"1.131","blk_pct":"0.869","tov_pct":"15.112","usg_pct":"31.506","ortg":"115.282","drtg":"116.682","bpm":"2.352"},{"game_id":1016,"team_name":"MIN","player_id":"{\"rubiori01\"}","player_name":"{\"Ricky Rubio\"}","ts_pct":"0.471","efg_pct":"0.412","three_par":"0.537","ftr":"0.256","orb_pct":"1.646","drb_pct":"14.060","trb_pct":"7.731","ast_pct":"28.173","stl_pct":"3.042","blk_pct":"0.000","tov_pct":"13.244","usg_pct":"14.686","ortg":"114.376","drtg":"115.200","bpm":"-0.702"},{"game_id":1016,"team_name":"MIN","player_id":"benchMIN","player_name":"Bench of MIN","ts_pct":"0.553","efg_pct":"0.496","three_par":"0.259","ftr":"0.247","orb_pct":"6.521","drb_pct":"16.092","trb_pct":"11.195","ast_pct":"12.155","stl_pct":"1.667","blk_pct":"2.064","tov_pct":"9.460","usg_pct":"15.477","ortg":"118.234","drtg":"116.587","bpm":"-3.309"}]