[{"game_id":101,"team_name":"BRK","player_id":"{\"jordade01\"}","player_name":"{\"DeAndre Jordan\"}","ts_pct":"0.739","efg_pct":"0.801","three_par":"0.000","ftr":"0.894","orb_pct":"8.238","drb_pct":"27.891","trb_pct":"18.784","ast_pct":"9.711","stl_pct":"0.594","blk_pct":"4.633","tov_pct":"30.862","usg_pct":"11.851","ortg":"112.506","drtg":"106.141","bpm":"-0.840"},{"game_id":101,"team_name":"BRK","player_id":"{\"shamela01\"}","player_name":"{\"Landry Shamet\"}","ts_pct":"0.465","efg_pct":"0.433","three_par":"0.864","ftr":"0.236","orb_pct":"0.776","drb_pct":"4.199","trb_pct":"2.606","ast_pct":"6.493","stl_pct":"1.633","blk_pct":"0.329","tov_pct":"17.327","usg_pct":"12.882","ortg":"106.659","drtg":"116.129","bpm":"-6.488"},{"game_id":101,"team_name":"BRK","player_id":"{\"perryre01\"}","player_name":"{\"Reggie Perry\"}","ts_pct":"0.102","efg_pct":"0.102","three_par":"0.282","ftr":"0.000","orb_pct":"4.003","drb_pct":"16.156","trb_pct":"9.847","ast_pct":"37.389","stl_pct":"0.000","blk_pct":"0.000","tov_pct":"0.000","usg_pct":"14.892","ortg":"121.139","drtg":"109.528","bpm":"1.044"},{"game_id":101,"team_name":"BRK","player_id":"{\"chiozch01\"}","player_name":"{\"Chris Chiozza\"}","ts_pct":"0.388","efg_pct":"0.340","three_par":"0.656","ftr":"0.474","orb_pct":"1.271","drb_pct":"6.434","trb_pct":"3.732","ast_pct":"30.782","stl_pct":"2.502","blk_pct":"0.526","tov_pct":"10.829","usg_pct":"21.751","ortg":"90.035","drtg":"117.494","bpm":"-5.200"},{"game_id":101,"team_name":"BRK","player_id":"{\"allenja01\"}","player_name":"{\"Jarrett Allen\"}","ts_pct":"0.738","efg_pct":"0.580","three_par":"0.000","ftr":"1.236","orb_pct":"16.273","drb_pct":"30.307","trb_pct":"23.295","ast_pct":"5.593","stl_pct":"0.545","blk_pct":"5.341","tov_pct":"19.471","usg_pct":"14.394","ortg":"139.082","drtg":"107.047","bpm":"1.518"},{"game_id":101,"team_name":"BRK","player_id":"{\"irvinky01\"}","player_name":"{\"Kyrie Irving\"}","ts_pct":"0.623","efg_pct":"0.583","three_par":"0.426","ftr":"0.204","orb_pct":"3.349","drb_pct":"12.092","trb_pct":"8.044","ast_pct":"33.053","stl_pct":"1.859","blk_pct":"0.741","tov_pct":"11.700","usg_pct":"31.314","ortg":"121.106","drtg":"112.318","bpm":"6.533"},{"game_id":101,"team_name":"BRK","player_id":"benchBRK","player_name":"Bench of BRK","ts_pct":"0.572","efg_pct":"0.547","three_par":"0.429","ftr":"0.197","orb_pct":"3.658","drb_pct":"11.719","trb_pct":"7.887","ast_pct":"12.637","stl_pct":"1.010","blk_pct":"1.121","tov_pct":"10.395","usg_pct":"18.179","ortg":"113.120","drtg":"114.256","bpm":"-0.416"},{"game_id":101,"team_name":"UTA","player_id":"{\"azubuud01\"}","player_name":"{\"Udoka Azubuike\"}","ts_pct":"0.740","efg_pct":"0.740","three_par":"0.000","ftr":"0.000","orb_pct":"13.968","drb_pct":"0.000","trb_pct":"6.480","ast_pct":"0.000","stl_pct":"0.000","blk_pct":"5.200","tov_pct":"0.000","usg_pct":"13.360","ortg":"155.240","drtg":"105.400","bpm":"2.612"},{"game_id":101,"team_name":"UTA","player_id":"{\"hugheel01\"}","player_name":"{\"Elijah Hughes\"}","ts_pct":"0.261","efg_pct":"0.000","three_par":"0.260","ftr":"1.920","orb_pct":"0.000","drb_pct":"13.824","trb_pct":"7.392","ast_pct":"16.992","stl_pct":"0.000","blk_pct":"5.200","tov_pct":"0.000","usg_pct":"25.504","ortg":"66.240","drtg":"102.520","bpm":"-0.568"},{"game_id":101,"team_name":"UTA","player_id":"{\"forretr01\"}","player_name":"{\"Trent Forrest\"}","ts_pct":"0.541","efg_pct":"0.512","three_par":"0.411","ftr":"0.251","orb_pct":"5.142","drb_pct":"12.142","trb_pct":"9.004","ast_pct":"11.853","stl_pct":"1.283","blk_pct":"1.535","tov_pct":"9.924","usg_pct":"18.632","ortg":"110.000","drtg":"110.000","bpm":"-1.642"},{"game_id":101,"team_name":"UTA","player_id":"{\"harrish01\"}","player_name":"{\"Shaquille Harrison\"}","ts_pct":"0.539","efg_pct":"0.509","three_par":"0.200","ftr":"0.170","orb_pct":"5.402","drb_pct":"10.994","trb_pct":"7.786","ast_pct":"13.638","stl_pct":"2.785","blk_pct":"3.738","tov_pct":"11.148","usg_pct":"15.880","ortg":"104.318","drtg":"108.435","bpm":"2.315"},{"game_id":101,"team_name":"UTA","player_id":"{\"niangge01\"}","player_name":"{\"Georges Niang\"}","ts_pct":"0.235","efg_pct":"0.230","three_par":"0.567","ftr":"0.024","orb_pct":"2.668","drb_pct":"13.288","trb_pct":"8.645","ast_pct":"11.394","stl_pct":"0.000","blk_pct":"0.480","tov_pct":"0.000","usg_pct":"10.687","ortg":"104.588","drtg":"115.035","bpm":"-3.515"},{"game_id":101,"team_name":"UTA","player_id":"{\"mitchdo01\"}","player_name":"{\"Donovan Mitchell\"}","ts_pct":"0.538","efg_pct":"0.507","three_par":"0.477","ftr":"0.187","orb_pct":"3.192","drb_pct":"9.535","trb_pct":"6.268","ast_pct":"24.995","stl_pct":"1.258","blk_pct":"0.562","tov_pct":"15.713","usg_pct":"32.746","ortg":"103.576","drtg":"113.635","bpm":"1.538"},{"game_id":101,"team_name":"UTA","player_id":"benchUTA","player_name":"Bench of UTA","ts_pct":"0.581","efg_pct":"0.563","three_par":"0.422","ftr":"0.287","orb_pct":"5.735","drb_pct":"17.467","trb_pct":"11.841","ast_pct":"12.397","stl_pct":"1.284","blk_pct":"1.937","tov_pct":"13.169","usg_pct":"18.570","ortg":"113.455","drtg":"109.864","bpm":"2.041"}]