[{"game_id":1164,"team_name":"MIL","player_id":"teamMIL","player_name":"Team name: MIL","ts_pct":"0.494","efg_pct":"0.465","three_par":"0.450","ftr":"0.206","orb_pct":"5.309","drb_pct":"17.441","trb_pct":"11.295","ast_pct":"11.390","stl_pct":"2.238","blk_pct":"2.862","tov_pct":"10.771","usg_pct":"19.897","ortg":"102.076","drtg":"119.809","bpm":"0.122"},{"game_id":1164,"team_name":"ATL","player_id":"teamATL","player_name":"Team name: ATL","ts_pct":"0.518","efg_pct":"0.492","three_par":"0.333","ftr":"0.325","orb_pct":"5.113","drb_pct":"16.365","trb_pct":"10.999","ast_pct":"10.877","stl_pct":"1.732","blk_pct":"2.341","tov_pct":"9.459","usg_pct":"20.045","ortg":"110.433","drtg":"121.841","bpm":"0.192"}]