[{"game_id":1092,"team_name":"PHO","player_id":"teamPHO","player_name":"Team name: PHO","ts_pct":"0.677","efg_pct":"0.646","three_par":"0.466","ftr":"0.269","orb_pct":"4.281","drb_pct":"18.122","trb_pct":"11.361","ast_pct":"16.481","stl_pct":"1.337","blk_pct":"1.625","tov_pct":"9.862","usg_pct":"20.636","ortg":"135.210","drtg":"129.423","bpm":"0.597"},{"game_id":1092,"team_name":"LAL","player_id":"teamLAL","player_name":"Team name: LAL","ts_pct":"0.550","efg_pct":"0.512","three_par":"0.393","ftr":"0.322","orb_pct":"4.986","drb_pct":"16.991","trb_pct":"10.738","ast_pct":"15.370","stl_pct":"1.678","blk_pct":"1.828","tov_pct":"12.856","usg_pct":"20.555","ortg":"114.233","drtg":"116.818","bpm":"-1.145"}]