[{"game_id":1234,"team_name":"SAC","player_id":"teamSAC","player_name":"Team name: SAC","ts_pct":"0.594","efg_pct":"0.552","three_par":"0.374","ftr":"0.235","orb_pct":"6.698","drb_pct":"17.952","trb_pct":"11.637","ast_pct":"14.913","stl_pct":"2.084","blk_pct":"1.993","tov_pct":"15.037","usg_pct":"22.994","ortg":"122.073","drtg":"136.806","bpm":"-2.450"},{"game_id":1234,"team_name":"CHO","player_id":"teamCHO","player_name":"Team name: CHO","ts_pct":"0.515","efg_pct":"0.497","three_par":"0.426","ftr":"0.265","orb_pct":"4.140","drb_pct":"16.694","trb_pct":"10.390","ast_pct":"16.000","stl_pct":"1.263","blk_pct":"1.290","tov_pct":"15.156","usg_pct":"20.643","ortg":"108.328","drtg":"122.799","bpm":"-3.026"}]