[{"game_id":1108,"team_name":"DAL","player_id":"teamDAL","player_name":"Team name: DAL","fg":"42.989","fga":"87.223","fg_pct":"0.493","three_p":"15.749","three_pa":"38.411","three_p_pct":"0.410","ft":"16.206","fta":"20.914","ft_pct":"0.775","orb":"9.697","drb":"31.903","trb":"41.600","ast":"25.560","stl":"6.109","blk":"3.937","tov":"11.120","pf":"19.811","pts":"117.931"},{"game_id":1108,"team_name":"LAC","player_id":"teamLAC","player_name":"Team name: LAC","fg":"40.720","fga":"84.771","fg_pct":"0.480","three_p":"12.971","three_pa":"36.503","three_p_pct":"0.355","ft":"16.623","fta":"19.423","ft_pct":"0.856","orb":"9.246","drb":"32.754","trb":"42.000","ast":"23.897","stl":"7.154","blk":"4.251","tov":"12.251","pf":"17.686","pts":"111.034"}]