[{"game_id":1024,"team_name":"SAS","player_id":"{\"bateske01\"}","player_name":"{\"Keita Bates-Diop\"}","ts_pct":"0.397","efg_pct":"0.349","three_par":"0.129","ftr":"0.447","orb_pct":"0.906","drb_pct":"14.291","trb_pct":"7.406","ast_pct":"2.782","stl_pct":"2.682","blk_pct":"3.894","tov_pct":"8.409","usg_pct":"11.672","ortg":"74.012","drtg":"108.624","bpm":"-0.081"},{"game_id":1024,"team_name":"SAS","player_id":"{\"samanlu01\"}","player_name":"{\"Luka Šamanić\"}","ts_pct":"0.528","efg_pct":"0.503","three_par":"0.208","ftr":"0.253","orb_pct":"4.360","drb_pct":"20.452","trb_pct":"12.022","ast_pct":"7.216","stl_pct":"0.848","blk_pct":"1.752","tov_pct":"4.708","usg_pct":"20.451","ortg":"107.965","drtg":"110.918","bpm":"-0.326"},{"game_id":1024,"team_name":"SAS","player_id":"{\"jonestr01\"}","player_name":"{\"Tre Jones\"}","ts_pct":"0.490","efg_pct":"0.396","three_par":"0.153","ftr":"0.353","orb_pct":"2.816","drb_pct":"4.947","trb_pct":"3.876","ast_pct":"12.372","stl_pct":"2.227","blk_pct":"0.000","tov_pct":"7.211","usg_pct":"15.728","ortg":"97.176","drtg":"115.000","bpm":"-4.753"},{"game_id":1024,"team_name":"SAS","player_id":"{\"dienggo01\"}","player_name":"{\"Gorgui Dieng\"}","ts_pct":"0.478","efg_pct":"0.334","three_par":"0.403","ftr":"0.289","orb_pct":"7.104","drb_pct":"12.475","trb_pct":"9.680","ast_pct":"15.394","stl_pct":"1.969","blk_pct":"0.224","tov_pct":"10.892","usg_pct":"16.313","ortg":"104.118","drtg":"117.282","bpm":"-3.200"},{"game_id":1024,"team_name":"SAS","player_id":"{\"murrade01\"}","player_name":"{\"Dejounte Murray\"}","ts_pct":"0.501","efg_pct":"0.467","three_par":"0.210","ftr":"0.187","orb_pct":"4.547","drb_pct":"16.906","trb_pct":"10.673","ast_pct":"28.892","stl_pct":"1.165","blk_pct":"0.000","tov_pct":"14.122","usg_pct":"25.741","ortg":"100.635","drtg":"119.224","bpm":"-2.269"},{"game_id":1024,"team_name":"SAS","player_id":"{\"poeltja01\"}","player_name":"{\"Jakob Poeltl\"}","ts_pct":"0.637","efg_pct":"0.616","three_par":"0.000","ftr":"0.325","orb_pct":"8.666","drb_pct":"17.155","trb_pct":"12.996","ast_pct":"11.755","stl_pct":"2.052","blk_pct":"5.200","tov_pct":"12.408","usg_pct":"14.113","ortg":"123.176","drtg":"113.365","bpm":"1.348"},{"game_id":1024,"team_name":"SAS","player_id":"benchSAS","player_name":"Bench of SAS","ts_pct":"0.495","efg_pct":"0.460","three_par":"0.330","ftr":"0.275","orb_pct":"2.333","drb_pct":"13.615","trb_pct":"7.847","ast_pct":"11.655","stl_pct":"1.326","blk_pct":"1.162","tov_pct":"7.647","usg_pct":"19.727","ortg":"99.844","drtg":"119.013","bpm":"-2.627"},{"game_id":1024,"team_name":"MIL","player_id":"{\"antetth01\"}","player_name":"{\"Thanasis Antetokounmpo\"}","ts_pct":"0.170","efg_pct":"0.106","three_par":"0.171","ftr":"0.435","orb_pct":"17.104","drb_pct":"7.571","trb_pct":"12.182","ast_pct":"6.915","stl_pct":"0.734","blk_pct":"0.000","tov_pct":"18.315","usg_pct":"15.726","ortg":"47.118","drtg":"118.294","bpm":"-15.124"},{"game_id":1024,"team_name":"MIL","player_id":"{\"teaguje01\"}","player_name":"{\"Jeff Teague\"}","ts_pct":"0.548","efg_pct":"0.496","three_par":"0.255","ftr":"0.377","orb_pct":"2.014","drb_pct":"9.386","trb_pct":"5.744","ast_pct":"17.941","stl_pct":"1.379","blk_pct":"0.000","tov_pct":"31.989","usg_pct":"16.372","ortg":"92.635","drtg":"118.635","bpm":"-6.181"},{"game_id":1024,"team_name":"MIL","player_id":"{\"nworajo01\"}","player_name":"{\"Jordan Nwora\"}","ts_pct":"0.360","efg_pct":"0.354","three_par":"0.489","ftr":"0.057","orb_pct":"0.536","drb_pct":"10.451","trb_pct":"5.773","ast_pct":"1.466","stl_pct":"2.311","blk_pct":"0.904","tov_pct":"19.636","usg_pct":"23.002","ortg":"58.753","drtg":"107.118","bpm":"-9.054"},{"game_id":1024,"team_name":"MIL","player_id":"{\"merrisa01\"}","player_name":"{\"Sam Merrill\"}","ts_pct":"0.428","efg_pct":"0.424","three_par":"0.336","ftr":"0.071","orb_pct":"0.424","drb_pct":"4.259","trb_pct":"2.378","ast_pct":"9.895","stl_pct":"0.325","blk_pct":"0.206","tov_pct":"14.968","usg_pct":"14.286","ortg":"85.600","drtg":"115.765","bpm":"-2.169"},{"game_id":1024,"team_name":"MIL","player_id":"{\"middlkh01\"}","player_name":"{\"Khris Middleton\"}","ts_pct":"0.565","efg_pct":"0.503","three_par":"0.379","ftr":"0.258","orb_pct":"1.714","drb_pct":"14.155","trb_pct":"8.241","ast_pct":"18.760","stl_pct":"1.381","blk_pct":"0.000","tov_pct":"8.000","usg_pct":"26.259","ortg":"116.800","drtg":"114.753","bpm":"0.638"},{"game_id":1024,"team_name":"MIL","player_id":"{\"holidjr01\"}","player_name":"{\"Jrue Holiday\"}","ts_pct":"0.579","efg_pct":"0.571","three_par":"0.369","ftr":"0.224","orb_pct":"3.356","drb_pct":"11.951","trb_pct":"7.821","ast_pct":"30.760","stl_pct":"1.792","blk_pct":"3.040","tov_pct":"14.069","usg_pct":"25.033","ortg":"118.518","drtg":"114.647","bpm":"2.660"},{"game_id":1024,"team_name":"MIL","player_id":"benchMIL","player_name":"Bench of MIL","ts_pct":"0.609","efg_pct":"0.579","three_par":"0.497","ftr":"0.214","orb_pct":"5.355","drb_pct":"17.401","trb_pct":"11.660","ast_pct":"12.309","stl_pct":"2.554","blk_pct":"2.365","tov_pct":"11.857","usg_pct":"18.852","ortg":"118.578","drtg":"111.762","bpm":"3.510"}]