[{"game_id":105,"team_name":"POR","player_id":"teamPOR","player_name":"Team name: POR","ts_pct":"0.516","efg_pct":"0.485","three_par":"0.397","ftr":"0.287","orb_pct":"4.382","drb_pct":"16.039","trb_pct":"10.067","ast_pct":"12.707","stl_pct":"1.514","blk_pct":"1.735","tov_pct":"12.989","usg_pct":"19.917","ortg":"106.584","drtg":"122.541","bpm":"-1.723"},{"game_id":105,"team_name":"CHI","player_id":"teamCHI","player_name":"Team name: CHI","ts_pct":"0.560","efg_pct":"0.514","three_par":"0.377","ftr":"0.402","orb_pct":"4.477","drb_pct":"16.224","trb_pct":"10.129","ast_pct":"13.768","stl_pct":"1.775","blk_pct":"1.853","tov_pct":"14.004","usg_pct":"19.345","ortg":"108.101","drtg":"114.022","bpm":"-1.691"}]