[{"game_id":1251,"team_name":"MEM","player_id":"{\"cabocbr01\"}","player_name":"{\"Bruno Caboclo\"}","ts_pct":"0.464","efg_pct":"0.433","three_par":"0.525","ftr":"0.170","orb_pct":"7.566","drb_pct":"20.734","trb_pct":"13.939","ast_pct":"8.532","stl_pct":"0.580","blk_pct":"5.519","tov_pct":"11.952","usg_pct":"21.555","ortg":"92.600","drtg":"112.706","bpm":"-4.496"},{"game_id":1251,"team_name":"MEM","player_id":"{\"moranja01\"}","player_name":"{\"Ja Morant\"}","ts_pct":"0.544","efg_pct":"0.503","three_par":"0.134","ftr":"0.291","orb_pct":"3.372","drb_pct":"9.735","trb_pct":"6.302","ast_pct":"31.130","stl_pct":"2.896","blk_pct":"1.365","tov_pct":"24.520","usg_pct":"29.346","ortg":"91.196","drtg":"108.478","bpm":"-0.478"},{"game_id":1251,"team_name":"MEM","player_id":"{\"crowdja01\"}","player_name":"{\"Jae Crowder\"}","ts_pct":"0.526","efg_pct":"0.483","three_par":"0.731","ftr":"0.339","orb_pct":"3.281","drb_pct":"19.095","trb_pct":"10.839","ast_pct":"9.388","stl_pct":"1.141","blk_pct":"1.101","tov_pct":"8.509","usg_pct":"16.761","ortg":"108.094","drtg":"110.647","bpm":"1.329"},{"game_id":1251,"team_name":"MEM","player_id":"{\"valanjo01\"}","player_name":"{\"Jonas Valančiūnas\"}","ts_pct":"0.535","efg_pct":"0.473","three_par":"0.156","ftr":"0.346","orb_pct":"11.074","drb_pct":"38.325","trb_pct":"23.911","ast_pct":"16.459","stl_pct":"1.149","blk_pct":"4.734","tov_pct":"14.816","usg_pct":"28.840","ortg":"103.035","drtg":"106.341","bpm":"1.293"},{"game_id":1251,"team_name":"MEM","player_id":"{\"brookdi01\"}","player_name":"{\"Dillon Brooks\"}","ts_pct":"0.480","efg_pct":"0.456","three_par":"0.389","ftr":"0.170","orb_pct":"1.704","drb_pct":"9.736","trb_pct":"5.486","ast_pct":"11.798","stl_pct":"1.622","blk_pct":"0.873","tov_pct":"10.428","usg_pct":"21.936","ortg":"91.659","drtg":"111.894","bpm":"-4.347"},{"game_id":1251,"team_name":"MEM","player_id":"{\"hillso01\"}","player_name":"{\"Solomon Hill\"}","ts_pct":"0.602","efg_pct":"0.604","three_par":"0.559","ftr":"0.224","orb_pct":"3.025","drb_pct":"13.940","trb_pct":"8.539","ast_pct":"10.576","stl_pct":"1.914","blk_pct":"1.448","tov_pct":"17.722","usg_pct":"15.461","ortg":"114.953","drtg":"115.588","bpm":"-0.680"},{"game_id":1251,"team_name":"MEM","player_id":"benchMEM","player_name":"Bench of MEM","ts_pct":"0.495","efg_pct":"0.437","three_par":"0.308","ftr":"0.317","orb_pct":"4.221","drb_pct":"11.985","trb_pct":"7.932","ast_pct":"13.844","stl_pct":"1.290","blk_pct":"2.326","tov_pct":"11.501","usg_pct":"18.961","ortg":"100.616","drtg":"111.675","bpm":"-2.927"},{"game_id":1251,"team_name":"PHO","player_id":"{\"rubiori01\"}","player_name":"{\"Ricky Rubio\"}","ts_pct":"0.530","efg_pct":"0.454","three_par":"0.222","ftr":"0.655","orb_pct":"2.536","drb_pct":"15.989","trb_pct":"9.295","ast_pct":"40.958","stl_pct":"2.901","blk_pct":"0.358","tov_pct":"19.305","usg_pct":"21.089","ortg":"108.800","drtg":"99.882","bpm":"1.860"},{"game_id":1251,"team_name":"PHO","player_id":"{\"bookede01\"}","player_name":"{\"Devin Booker\"}","ts_pct":"0.640","efg_pct":"0.591","three_par":"0.316","ftr":"0.288","orb_pct":"1.578","drb_pct":"9.504","trb_pct":"5.624","ast_pct":"31.158","stl_pct":"0.706","blk_pct":"0.932","tov_pct":"12.940","usg_pct":"32.073","ortg":"119.271","drtg":"111.647","bpm":"4.479"},{"game_id":1251,"team_name":"PHO","player_id":"{\"oubreke01\"}","player_name":"{\"Kelly Oubre Jr.\"}","ts_pct":"0.608","efg_pct":"0.556","three_par":"0.308","ftr":"0.307","orb_pct":"5.406","drb_pct":"14.259","trb_pct":"9.739","ast_pct":"8.220","stl_pct":"2.738","blk_pct":"2.819","tov_pct":"10.896","usg_pct":"24.136","ortg":"111.165","drtg":"101.988","bpm":"2.679"},{"game_id":1251,"team_name":"PHO","player_id":"{\"baynear01\"}","player_name":"{\"Aron Baynes\"}","ts_pct":"0.586","efg_pct":"0.618","three_par":"0.533","ftr":"0.352","orb_pct":"7.328","drb_pct":"20.278","trb_pct":"13.553","ast_pct":"14.182","stl_pct":"0.504","blk_pct":"3.114","tov_pct":"10.828","usg_pct":"17.014","ortg":"103.576","drtg":"104.224","bpm":"0.884"},{"game_id":1251,"team_name":"PHO","player_id":"{\"saricda01\"}","player_name":"{\"Dario Šarić\"}","ts_pct":"0.563","efg_pct":"0.548","three_par":"0.481","ftr":"0.315","orb_pct":"5.998","drb_pct":"17.633","trb_pct":"11.885","ast_pct":"13.505","stl_pct":"1.748","blk_pct":"0.596","tov_pct":"11.012","usg_pct":"18.021","ortg":"109.906","drtg":"106.071","bpm":"0.718"},{"game_id":1251,"team_name":"PHO","player_id":"{\"kaminfr01\"}","player_name":"{\"Frank Kaminsky\"}","ts_pct":"0.531","efg_pct":"0.432","three_par":"0.461","ftr":"0.611","orb_pct":"2.482","drb_pct":"20.928","trb_pct":"11.776","ast_pct":"13.808","stl_pct":"0.489","blk_pct":"0.946","tov_pct":"12.751","usg_pct":"23.876","ortg":"103.271","drtg":"107.506","bpm":"-2.921"},{"game_id":1251,"team_name":"PHO","player_id":"benchPHO","player_name":"Bench of PHO","ts_pct":"0.556","efg_pct":"0.518","three_par":"0.570","ftr":"0.227","orb_pct":"2.488","drb_pct":"13.793","trb_pct":"7.834","ast_pct":"9.630","stl_pct":"1.958","blk_pct":"0.469","tov_pct":"12.879","usg_pct":"15.581","ortg":"102.230","drtg":"106.945","bpm":"-1.206"}]