[{"game_id":1081,"team_name":"IND","player_id":"teamIND","player_name":"Team name: IND","fg":"47.166","fga":"93.451","fg_pct":"0.505","three_p":"12.880","three_pa":"32.154","three_p_pct":"0.401","ft":"15.629","fta":"19.383","ft_pct":"0.806","orb":"8.720","drb":"35.623","trb":"44.343","ast":"31.771","stl":"8.291","blk":"6.217","tov":"13.680","pf":"19.629","pts":"122.840"},{"game_id":1081,"team_name":"CHO","player_id":"teamCHO","player_name":"Team name: CHO","fg":"39.309","fga":"91.097","fg_pct":"0.432","three_p":"12.063","three_pa":"37.800","three_p_pct":"0.319","ft":"16.463","fta":"22.246","ft_pct":"0.740","orb":"12.040","drb":"33.983","trb":"46.023","ast":"26.291","stl":"7.720","blk":"4.634","tov":"12.291","pf":"18.017","pts":"107.143"}]