[{"game_id":1082,"team_name":"BOS","player_id":"{\"ojelese01\"}","player_name":"{\"Semi Ojeleye\"}","fg":"1.518","fga":"3.588","fg_pct":"0.423","three_p":"0.529","three_pa":"2.388","three_p_pct":"0.222","ft":"0.000","fta":"0.000","ft_pct":"NaN","orb":"0.565","drb":"1.929","trb":"2.494","ast":"0.365","stl":"0.518","blk":"0.000","tov":"0.365","pf":"0.482","pts":"3.565"},{"game_id":1082,"team_name":"BOS","player_id":"{\"pritcpa01\"}","player_name":"{\"Payton Pritchard\"}","fg":"2.812","fga":"7.871","fg_pct":"0.357","three_p":"2.059","three_pa":"5.471","three_p_pct":"0.376","ft":"0.365","fta":"0.494","ft_pct":"0.739","orb":"0.412","drb":"2.965","trb":"3.376","ast":"1.871","stl":"0.800","blk":"0.000","tov":"0.518","pf":"1.129","pts":"8.047"},{"game_id":1082,"team_name":"BOS","player_id":"{\"kornelu01\"}","player_name":"{\"Luke Kornet\"}","fg":"2.318","fga":"4.659","fg_pct":"0.498","three_p":"0.224","three_pa":"1.812","three_p_pct":"0.124","ft":"0.000","fta":"0.000","ft_pct":"NaN","orb":"0.812","drb":"2.247","trb":"3.059","ast":"1.165","stl":"0.271","blk":"1.765","tov":"0.424","pf":"1.176","pts":"4.859"},{"game_id":1082,"team_name":"BOS","player_id":"{\"tatumja01\"}","player_name":"{\"Jayson Tatum\"}","fg":"10.188","fga":"21.424","fg_pct":"0.476","three_p":"2.976","three_pa":"7.871","three_p_pct":"0.378","ft":"5.800","fta":"6.812","ft_pct":"0.851","orb":"1.141","drb":"6.306","trb":"7.447","ast":"3.859","stl":"1.188","blk":"0.988","tov":"2.682","pf":"2.388","pts":"29.153"},{"game_id":1082,"team_name":"BOS","player_id":"{\"fournev01\"}","player_name":"{\"Evan Fournier\"}","fg":"6.576","fga":"13.129","fg_pct":"0.501","three_p":"3.682","three_pa":"7.047","three_p_pct":"0.522","ft":"0.576","fta":"0.906","ft_pct":"0.636","orb":"0.412","drb":"3.400","trb":"3.812","ast":"4.141","stl":"1.176","blk":"0.671","tov":"1.153","pf":"2.694","pts":"17.412"},{"game_id":1082,"team_name":"BOS","player_id":"{\"smartma01\"}","player_name":"{\"Marcus Smart\"}","fg":"3.871","fga":"10.859","fg_pct":"0.356","three_p":"1.435","three_pa":"5.824","three_p_pct":"0.246","ft":"1.576","fta":"2.071","ft_pct":"0.761","orb":"0.859","drb":"3.035","trb":"3.894","ast":"6.200","stl":"1.518","blk":"0.435","tov":"3.141","pf":"3.224","pts":"10.753"},{"game_id":1082,"team_name":"BOS","player_id":"benchBOS","player_name":"Bench of BOS","fg":"3.526","fga":"7.267","fg_pct":"0.485","three_p":"1.083","three_pa":"2.804","three_p_pct":"0.386","ft":"1.327","fta":"1.849","ft_pct":"0.718","orb":"1.156","drb":"2.856","trb":"4.012","ast":"2.077","stl":"0.573","blk":"0.492","tov":"1.107","pf":"1.866","pts":"9.462"},{"game_id":1082,"team_name":"WAS","player_id":"{\"westbru01\"}","player_name":"{\"Russell Westbrook\"}","fg":"8.847","fga":"20.129","fg_pct":"0.440","three_p":"1.906","three_pa":"5.788","three_p_pct":"0.329","ft":"5.847","fta":"7.506","ft_pct":"0.779","orb":"1.600","drb":"11.800","trb":"13.400","ast":"15.671","stl":"1.647","blk":"0.365","tov":"3.718","pf":"3.482","pts":"25.447"},{"game_id":1082,"team_name":"WAS","player_id":"{\"bealbr01\"}","player_name":"{\"Bradley Beal\"}","fg":"12.212","fga":"25.153","fg_pct":"0.486","three_p":"1.953","three_pa":"5.612","three_p_pct":"0.348","ft":"6.224","fta":"7.624","ft_pct":"0.816","orb":"1.494","drb":"2.906","trb":"4.400","ast":"3.329","stl":"0.929","blk":"0.388","tov":"2.235","pf":"2.224","pts":"32.600"},{"game_id":1082,"team_name":"WAS","player_id":"{\"bertada01\"}","player_name":"{\"Dāvis Bertāns\"}","fg":"3.847","fga":"9.459","fg_pct":"0.407","three_p":"3.082","three_pa":"8.282","three_p_pct":"0.372","ft":"1.941","fta":"2.447","ft_pct":"0.793","orb":"0.118","drb":"2.447","trb":"2.565","ast":"0.671","stl":"0.600","blk":"0.059","tov":"0.694","pf":"2.235","pts":"12.718"},{"game_id":1082,"team_name":"WAS","player_id":"{\"smithis01\"}","player_name":"{\"Ish Smith\"}","fg":"4.235","fga":"8.776","fg_pct":"0.483","three_p":"0.412","three_pa":"1.235","three_p_pct":"0.334","ft":"0.353","fta":"0.541","ft_pct":"0.652","orb":"0.682","drb":"3.859","trb":"4.541","ast":"3.365","stl":"0.871","blk":"0.318","tov":"0.824","pf":"1.518","pts":"9.235"},{"game_id":1082,"team_name":"WAS","player_id":"{\"gaffoda01\"}","player_name":"{\"Daniel Gafford\"}","fg":"3.588","fga":"5.306","fg_pct":"0.676","three_p":"0.000","three_pa":"0.000","three_p_pct":"NaN","ft":"2.106","fta":"2.529","ft_pct":"0.833","orb":"2.129","drb":"2.647","trb":"4.776","ast":"0.612","stl":"0.471","blk":"1.435","tov":"0.835","pf":"2.071","pts":"9.282"},{"game_id":1082,"team_name":"WAS","player_id":"{\"netora01\"}","player_name":"{\"Raul Neto\"}","fg":"3.812","fga":"7.518","fg_pct":"0.507","three_p":"0.988","three_pa":"2.306","three_p_pct":"0.428","ft":"2.447","fta":"2.518","ft_pct":"0.972","orb":"0.553","drb":"2.424","trb":"2.976","ast":"2.894","stl":"1.118","blk":"0.235","tov":"0.824","pf":"2.659","pts":"11.059"},{"game_id":1082,"team_name":"WAS","player_id":"benchWAS","player_name":"Bench of WAS","fg":"2.979","fga":"5.657","fg_pct":"0.527","three_p":"0.417","three_pa":"1.092","three_p_pct":"0.382","ft":"1.048","fta":"1.260","ft_pct":"0.832","orb":"0.789","drb":"1.978","trb":"2.767","ast":"0.542","stl":"0.382","blk":"0.346","tov":"0.541","pf":"1.323","pts":"7.422"}]