[{"game_id":1170,"team_name":"PHO","player_id":"{\"craigto01\"}","player_name":"{\"Torrey Craig\"}","fg":"1.176","fga":"2.659","fg_pct":"0.442","three_p":"0.459","three_pa":"1.365","three_p_pct":"0.336","ft":"0.541","fta":"0.918","ft_pct":"0.589","orb":"0.976","drb":"1.318","trb":"2.294","ast":"0.294","stl":"0.106","blk":"0.176","tov":"0.541","pf":"1.576","pts":"3.353"},{"game_id":1170,"team_name":"PHO","player_id":"{\"aytonde01\"}","player_name":"{\"Deandre Ayton\"}","fg":"6.835","fga":"10.918","fg_pct":"0.626","three_p":"0.000","three_pa":"0.000","three_p_pct":"NaN","ft":"1.494","fta":"1.965","ft_pct":"0.760","orb":"3.341","drb":"10.718","trb":"14.059","ast":"1.882","stl":"1.094","blk":"1.553","tov":"1.341","pf":"2.988","pts":"15.165"},{"game_id":1170,"team_name":"PHO","player_id":"{\"bookede01\"}","player_name":"{\"Devin Booker\"}","fg":"9.435","fga":"22.388","fg_pct":"0.421","three_p":"1.918","three_pa":"6.659","three_p_pct":"0.288","ft":"5.659","fta":"6.447","ft_pct":"0.878","orb":"0.812","drb":"3.553","trb":"4.365","ast":"3.941","stl":"0.882","blk":"0.259","tov":"3.353","pf":"3.529","pts":"26.447"},{"game_id":1170,"team_name":"PHO","player_id":"{\"crowdja01\"}","player_name":"{\"Jae Crowder\"}","fg":"3.176","fga":"8.024","fg_pct":"0.396","three_p":"2.659","three_pa":"6.353","three_p_pct":"0.419","ft":"1.365","fta":"1.635","ft_pct":"0.835","orb":"0.400","drb":"6.447","trb":"6.847","ast":"1.929","stl":"0.647","blk":"0.800","tov":"0.906","pf":"3.576","pts":"10.376"},{"game_id":1170,"team_name":"PHO","player_id":"{\"paulch01\"}","player_name":"{\"Chris Paul\"}","fg":"9.141","fga":"18.141","fg_pct":"0.504","three_p":"1.976","three_pa":"4.635","three_p_pct":"0.426","ft":"3.094","fta":"3.553","ft_pct":"0.871","orb":"0.482","drb":"2.753","trb":"3.235","ast":"8.247","stl":"1.259","blk":"0.000","tov":"3.212","pf":"2.341","pts":"23.353"},{"game_id":1170,"team_name":"PHO","player_id":"{\"bridgmi01\"}","player_name":"{\"Mikal Bridges\"}","fg":"3.976","fga":"7.741","fg_pct":"0.514","three_p":"1.165","three_pa":"3.447","three_p_pct":"0.338","ft":"1.447","fta":"1.447","ft_pct":"1.000","orb":"0.929","drb":"3.365","trb":"4.294","ast":"1.588","stl":"0.294","blk":"0.553","tov":"0.871","pf":"1.918","pts":"10.565"},{"game_id":1170,"team_name":"PHO","player_id":"benchPHO","player_name":"Bench of PHO","fg":"3.526","fga":"7.186","fg_pct":"0.491","three_p":"1.337","three_pa":"3.396","three_p_pct":"0.394","ft":"0.795","fta":"0.921","ft_pct":"0.863","orb":"0.473","drb":"2.322","trb":"2.794","ast":"1.874","stl":"0.608","blk":"0.271","tov":"0.890","pf":"1.927","pts":"9.183"},{"game_id":1170,"team_name":"MIL","player_id":"{\"teaguje01\"}","player_name":"{\"Jeff Teague\"}","fg":"0.741","fga":"2.247","fg_pct":"0.330","three_p":"0.435","three_pa":"0.765","three_p_pct":"0.569","ft":"0.835","fta":"1.118","ft_pct":"0.747","orb":"0.141","drb":"0.412","trb":"0.553","ast":"0.906","stl":"0.282","blk":"0.000","tov":"0.412","pf":"0.600","pts":"2.753"},{"game_id":1170,"team_name":"MIL","player_id":"{\"middlkh01\"}","player_name":"{\"Khris Middleton\"}","fg":"9.388","fga":"21.447","fg_pct":"0.438","three_p":"2.753","three_pa":"8.282","three_p_pct":"0.332","ft":"3.388","fta":"3.682","ft_pct":"0.920","orb":"1.012","drb":"6.224","trb":"7.235","ast":"6.024","stl":"1.529","blk":"0.094","tov":"2.894","pf":"2.412","pts":"24.918"},{"game_id":1170,"team_name":"MIL","player_id":"{\"holidjr01\"}","player_name":"{\"Jrue Holiday\"}","fg":"6.953","fga":"17.894","fg_pct":"0.389","three_p":"2.118","three_pa":"6.647","three_p_pct":"0.319","ft":"2.353","fta":"3.129","ft_pct":"0.752","orb":"1.318","drb":"4.447","trb":"5.765","ast":"8.953","stl":"1.671","blk":"0.859","tov":"2.600","pf":"1.906","pts":"18.376"},{"game_id":1170,"team_name":"MIL","player_id":"{\"antetgi01\"}","player_name":"{\"Giannis Antetokounmpo\"}","fg":"11.612","fga":"18.929","fg_pct":"0.613","three_p":"0.459","three_pa":"2.506","three_p_pct":"0.183","ft":"6.682","fta":"11.094","ft_pct":"0.602","orb":"3.259","drb":"9.306","trb":"12.565","ast":"5.318","stl":"1.459","blk":"1.212","tov":"2.235","pf":"3.000","pts":"30.365"},{"game_id":1170,"team_name":"MIL","player_id":"{\"connapa01\"}","player_name":"{\"Pat Connaughton\"}","fg":"3.294","fga":"6.506","fg_pct":"0.506","three_p":"2.153","three_pa":"4.953","three_p_pct":"0.435","ft":"0.365","fta":"0.365","ft_pct":"1.000","orb":"1.635","drb":"3.329","trb":"4.965","ast":"1.165","stl":"0.482","blk":"0.153","tov":"0.600","pf":"2.776","pts":"9.106"},{"game_id":1170,"team_name":"MIL","player_id":"{\"lopezbr01\"}","player_name":"{\"Brook Lopez\"}","fg":"5.388","fga":"9.953","fg_pct":"0.541","three_p":"0.906","three_pa":"3.271","three_p_pct":"0.277","ft":"2.082","fta":"2.506","ft_pct":"0.831","orb":"1.988","drb":"2.388","trb":"4.376","ast":"0.118","stl":"0.929","blk":"1.471","tov":"0.812","pf":"2.106","pts":"13.765"},{"game_id":1170,"team_name":"MIL","player_id":"benchMIL","player_name":"Bench of MIL","fg":"2.660","fga":"6.503","fg_pct":"0.409","three_p":"0.796","three_pa":"2.435","three_p_pct":"0.327","ft":"0.635","fta":"0.829","ft_pct":"0.766","orb":"2.264","drb":"3.317","trb":"5.581","ast":"1.105","stl":"0.887","blk":"0.102","tov":"0.363","pf":"2.329","pts":"6.750"}]