[{"game_id":1254,"team_name":"POR","player_id":"teamPOR","player_name":"Team name: POR","ts_pct":"0.496","efg_pct":"0.458","three_par":"0.354","ftr":"0.273","orb_pct":"4.726","drb_pct":"15.407","trb_pct":"10.052","ast_pct":"10.716","stl_pct":"1.207","blk_pct":"1.970","tov_pct":"15.348","usg_pct":"19.419","ortg":"94.501","drtg":"112.711","bpm":"-2.328"},{"game_id":1254,"team_name":"PHI","player_id":"teamPHI","player_name":"Team name: PHI","ts_pct":"0.533","efg_pct":"0.483","three_par":"0.399","ftr":"0.290","orb_pct":"6.856","drb_pct":"17.097","trb_pct":"12.169","ast_pct":"15.446","stl_pct":"1.702","blk_pct":"2.146","tov_pct":"18.519","usg_pct":"21.660","ortg":"108.437","drtg":"112.690","bpm":"-0.926"}]