[{"game_id":1112,"team_name":"MEM","player_id":"{\"jonesty01\"}","player_name":"{\"Tyus Jones\"}","ts_pct":"0.679","efg_pct":"0.504","three_par":"0.239","ftr":"0.085","orb_pct":"1.031","drb_pct":"15.812","trb_pct":"8.299","ast_pct":"16.693","stl_pct":"0.645","blk_pct":"0.000","tov_pct":"8.179","usg_pct":"14.529","ortg":"144.553","drtg":"118.118","bpm":"-1.629"},{"game_id":1112,"team_name":"MEM","player_id":"{\"clarkbr01\"}","player_name":"{\"Brandon Clarke\"}","ts_pct":"0.515","efg_pct":"0.469","three_par":"0.218","ftr":"0.329","orb_pct":"15.821","drb_pct":"17.080","trb_pct":"16.279","ast_pct":"7.600","stl_pct":"3.008","blk_pct":"4.369","tov_pct":"3.565","usg_pct":"17.056","ortg":"120.106","drtg":"106.812","bpm":"1.995"},{"game_id":1112,"team_name":"MEM","player_id":"{\"moranja01\"}","player_name":"{\"Ja Morant\"}","ts_pct":"0.542","efg_pct":"0.513","three_par":"0.300","ftr":"0.370","orb_pct":"4.298","drb_pct":"10.018","trb_pct":"7.135","ast_pct":"27.553","stl_pct":"1.369","blk_pct":"0.113","tov_pct":"15.500","usg_pct":"28.655","ortg":"108.400","drtg":"118.600","bpm":"-0.216"},{"game_id":1112,"team_name":"MEM","player_id":"{\"valanjo01\"}","player_name":"{\"Jonas Valančiūnas\"}","ts_pct":"0.666","efg_pct":"0.644","three_par":"0.053","ftr":"0.356","orb_pct":"14.272","drb_pct":"28.344","trb_pct":"21.527","ast_pct":"10.941","stl_pct":"0.456","blk_pct":"3.745","tov_pct":"10.626","usg_pct":"20.001","ortg":"134.682","drtg":"112.000","bpm":"3.536"},{"game_id":1112,"team_name":"MEM","player_id":"{\"brookdi01\"}","player_name":"{\"Dillon Brooks\"}","ts_pct":"0.527","efg_pct":"0.506","three_par":"0.237","ftr":"0.178","orb_pct":"3.089","drb_pct":"8.611","trb_pct":"5.745","ast_pct":"12.393","stl_pct":"2.105","blk_pct":"2.218","tov_pct":"4.635","usg_pct":"26.999","ortg":"111.812","drtg":"116.071","bpm":"0.680"},{"game_id":1112,"team_name":"MEM","player_id":"{\"anderky01\"}","player_name":"{\"Kyle Anderson\"}","ts_pct":"0.630","efg_pct":"0.571","three_par":"0.291","ftr":"0.332","orb_pct":"2.312","drb_pct":"16.288","trb_pct":"9.284","ast_pct":"17.789","stl_pct":"3.039","blk_pct":"3.094","tov_pct":"13.373","usg_pct":"15.552","ortg":"123.235","drtg":"110.529","bpm":"4.354"},{"game_id":1112,"team_name":"MEM","player_id":"benchMEM","player_name":"Bench of MEM","ts_pct":"0.504","efg_pct":"0.434","three_par":"0.542","ftr":"0.255","orb_pct":"3.402","drb_pct":"11.628","trb_pct":"7.406","ast_pct":"7.997","stl_pct":"1.617","blk_pct":"3.076","tov_pct":"10.847","usg_pct":"16.748","ortg":"102.155","drtg":"116.632","bpm":"-2.609"},{"game_id":1112,"team_name":"UTA","player_id":"{\"bogdabo02\"}","player_name":"{\"Bojan Bogdanović\"}","ts_pct":"0.622","efg_pct":"0.564","three_par":"0.406","ftr":"0.331","orb_pct":"2.335","drb_pct":"12.213","trb_pct":"7.488","ast_pct":"8.389","stl_pct":"1.565","blk_pct":"0.000","tov_pct":"15.007","usg_pct":"29.238","ortg":"111.682","drtg":"114.012","bpm":"0.399"},{"game_id":1112,"team_name":"UTA","player_id":"{\"conlemi01\"}","player_name":"{\"Mike Conley\"}","ts_pct":"0.544","efg_pct":"0.487","three_par":"0.451","ftr":"0.278","orb_pct":"2.333","drb_pct":"13.238","trb_pct":"7.994","ast_pct":"51.952","stl_pct":"2.107","blk_pct":"1.169","tov_pct":"11.175","usg_pct":"25.352","ortg":"127.400","drtg":"106.506","bpm":"7.140"},{"game_id":1112,"team_name":"UTA","player_id":"{\"goberru01\"}","player_name":"{\"Rudy Gobert\"}","ts_pct":"0.699","efg_pct":"0.728","three_par":"0.016","ftr":"0.737","orb_pct":"16.141","drb_pct":"37.322","trb_pct":"27.131","ast_pct":"6.056","stl_pct":"0.775","blk_pct":"5.516","tov_pct":"15.040","usg_pct":"17.775","ortg":"131.859","drtg":"104.871","bpm":"4.348"},{"game_id":1112,"team_name":"UTA","player_id":"{\"onealro01\"}","player_name":"{\"Royce O'Neale\"}","ts_pct":"0.627","efg_pct":"0.623","three_par":"0.697","ftr":"0.061","orb_pct":"5.152","drb_pct":"14.152","trb_pct":"9.955","ast_pct":"10.833","stl_pct":"0.992","blk_pct":"0.780","tov_pct":"16.051","usg_pct":"10.832","ortg":"119.541","drtg":"113.953","bpm":"0.299"},{"game_id":1112,"team_name":"UTA","player_id":"{\"mitchdo01\"}","player_name":"{\"Donovan Mitchell\"}","ts_pct":"0.593","efg_pct":"0.534","three_par":"0.441","ftr":"0.317","orb_pct":"2.082","drb_pct":"10.172","trb_pct":"6.372","ast_pct":"18.693","stl_pct":"1.327","blk_pct":"0.798","tov_pct":"8.100","usg_pct":"38.114","ortg":"117.624","drtg":"113.353","bpm":"4.585"},{"game_id":1112,"team_name":"UTA","player_id":"{\"inglejo01\"}","player_name":"{\"Joe Ingles\"}","ts_pct":"0.653","efg_pct":"0.642","three_par":"0.742","ftr":"0.205","orb_pct":"0.169","drb_pct":"11.321","trb_pct":"6.125","ast_pct":"22.955","stl_pct":"0.919","blk_pct":"0.000","tov_pct":"15.260","usg_pct":"15.140","ortg":"130.788","drtg":"115.800","bpm":"0.767"},{"game_id":1112,"team_name":"UTA","player_id":"benchUTA","player_name":"Bench of UTA","ts_pct":"0.585","efg_pct":"0.558","three_par":"0.508","ftr":"0.246","orb_pct":"5.991","drb_pct":"13.239","trb_pct":"9.835","ast_pct":"10.020","stl_pct":"1.380","blk_pct":"1.566","tov_pct":"5.332","usg_pct":"18.177","ortg":"129.246","drtg":"112.247","bpm":"2.091"}]