[{"game_id":1224,"team_name":"DEN","player_id":"{\"bartowi01\"}","player_name":"{\"Will Barton\"}","ts_pct":"0.468","efg_pct":"0.401","three_par":"0.414","ftr":"0.342","orb_pct":"5.509","drb_pct":"13.007","trb_pct":"9.013","ast_pct":"10.712","stl_pct":"1.368","blk_pct":"2.954","tov_pct":"4.536","usg_pct":"19.531","ortg":"107.282","drtg":"108.659","bpm":"0.799"},{"game_id":1224,"team_name":"DEN","player_id":"{\"harriga01\"}","player_name":"{\"Gary Harris\"}","ts_pct":"0.562","efg_pct":"0.506","three_par":"0.345","ftr":"0.306","orb_pct":"0.951","drb_pct":"10.598","trb_pct":"5.721","ast_pct":"7.531","stl_pct":"2.124","blk_pct":"0.585","tov_pct":"11.134","usg_pct":"16.467","ortg":"110.941","drtg":"109.365","bpm":"-1.311"},{"game_id":1224,"team_name":"DEN","player_id":"{\"murraja01\"}","player_name":"{\"Jamal Murray\"}","ts_pct":"0.522","efg_pct":"0.445","three_par":"0.357","ftr":"0.347","orb_pct":"4.280","drb_pct":"11.616","trb_pct":"7.725","ast_pct":"21.988","stl_pct":"1.033","blk_pct":"0.527","tov_pct":"7.233","usg_pct":"25.358","ortg":"115.647","drtg":"111.612","bpm":"2.608"},{"game_id":1224,"team_name":"DEN","player_id":"{\"jokicni01\"}","player_name":"{\"Nikola Jokić\"}","ts_pct":"0.561","efg_pct":"0.522","three_par":"0.219","ftr":"0.300","orb_pct":"10.807","drb_pct":"29.033","trb_pct":"19.565","ast_pct":"32.428","stl_pct":"1.273","blk_pct":"2.309","tov_pct":"14.738","usg_pct":"28.007","ortg":"111.882","drtg":"103.059","bpm":"6.845"},{"game_id":1224,"team_name":"DEN","player_id":"{\"millspa01\"}","player_name":"{\"Paul Millsap\"}","ts_pct":"0.541","efg_pct":"0.484","three_par":"0.258","ftr":"0.366","orb_pct":"3.322","drb_pct":"15.579","trb_pct":"9.375","ast_pct":"6.787","stl_pct":"2.005","blk_pct":"3.788","tov_pct":"5.968","usg_pct":"18.466","ortg":"112.294","drtg":"105.553","bpm":"0.913"},{"game_id":1224,"team_name":"DEN","player_id":"{\"grantje01\"}","player_name":"{\"Jerami Grant\"}","ts_pct":"0.646","efg_pct":"0.612","three_par":"0.501","ftr":"0.334","orb_pct":"4.512","drb_pct":"10.555","trb_pct":"7.462","ast_pct":"6.229","stl_pct":"0.461","blk_pct":"2.204","tov_pct":"9.751","usg_pct":"14.931","ortg":"121.047","drtg":"111.506","bpm":"0.274"},{"game_id":1224,"team_name":"DEN","player_id":"benchDEN","player_name":"Bench of DEN","ts_pct":"0.459","efg_pct":"0.400","three_par":"0.322","ftr":"0.490","orb_pct":"6.728","drb_pct":"12.190","trb_pct":"9.597","ast_pct":"12.305","stl_pct":"1.278","blk_pct":"2.628","tov_pct":"7.775","usg_pct":"16.527","ortg":"102.206","drtg":"109.095","bpm":"-3.037"},{"game_id":1224,"team_name":"DAL","player_id":"{\"porzikr01\"}","player_name":"{\"Kristaps Porziņģis\"}","ts_pct":"0.586","efg_pct":"0.571","three_par":"0.361","ftr":"0.414","orb_pct":"3.647","drb_pct":"16.755","trb_pct":"10.114","ast_pct":"12.372","stl_pct":"0.976","blk_pct":"9.428","tov_pct":"6.820","usg_pct":"29.447","ortg":"114.188","drtg":"101.071","bpm":"8.108"},{"game_id":1224,"team_name":"DAL","player_id":"{\"doncilu01\"}","player_name":"{\"Luka Dončić\"}","ts_pct":"0.580","efg_pct":"0.520","three_par":"0.469","ftr":"0.417","orb_pct":"4.539","drb_pct":"29.660","trb_pct":"17.122","ast_pct":"40.031","stl_pct":"2.148","blk_pct":"0.275","tov_pct":"15.202","usg_pct":"33.131","ortg":"113.882","drtg":"106.106","bpm":"7.193"},{"game_id":1224,"team_name":"DAL","player_id":"{\"klebima01\"}","player_name":"{\"Maxi Kleber\"}","ts_pct":"0.502","efg_pct":"0.524","three_par":"0.712","ftr":"0.452","orb_pct":"6.338","drb_pct":"22.442","trb_pct":"14.424","ast_pct":"8.367","stl_pct":"0.380","blk_pct":"3.802","tov_pct":"23.428","usg_pct":"12.113","ortg":"95.353","drtg":"108.012","bpm":"-1.898"},{"game_id":1224,"team_name":"DAL","player_id":"{\"curryse01\"}","player_name":"{\"Seth Curry\"}","ts_pct":"0.507","efg_pct":"0.446","three_par":"0.648","ftr":"0.212","orb_pct":"1.182","drb_pct":"7.865","trb_pct":"4.502","ast_pct":"8.068","stl_pct":"2.073","blk_pct":"1.095","tov_pct":"13.944","usg_pct":"13.594","ortg":"94.471","drtg":"113.165","bpm":"-2.022"},{"game_id":1224,"team_name":"DAL","player_id":"{\"wrighde01\"}","player_name":"{\"Delon Wright\"}","ts_pct":"0.715","efg_pct":"0.652","three_par":"0.370","ftr":"0.492","orb_pct":"3.167","drb_pct":"18.681","trb_pct":"11.036","ast_pct":"28.171","stl_pct":"2.884","blk_pct":"1.052","tov_pct":"12.746","usg_pct":"16.036","ortg":"140.718","drtg":"108.753","bpm":"5.862"},{"game_id":1224,"team_name":"DAL","player_id":"{\"finnedo01\"}","player_name":"{\"Dorian Finney-Smith\"}","ts_pct":"0.484","efg_pct":"0.439","three_par":"0.495","ftr":"0.418","orb_pct":"11.234","drb_pct":"15.786","trb_pct":"13.478","ast_pct":"10.885","stl_pct":"1.665","blk_pct":"0.375","tov_pct":"9.075","usg_pct":"18.134","ortg":"105.835","drtg":"109.047","bpm":"-2.141"},{"game_id":1224,"team_name":"DAL","player_id":"benchDAL","player_name":"Bench of DAL","ts_pct":"0.562","efg_pct":"0.514","three_par":"0.413","ftr":"0.400","orb_pct":"4.489","drb_pct":"11.065","trb_pct":"7.729","ast_pct":"13.990","stl_pct":"0.637","blk_pct":"0.780","tov_pct":"7.129","usg_pct":"18.916","ortg":"117.495","drtg":"113.250","bpm":"-1.536"}]