[{"game_id":1050,"team_name":"MIN","player_id":"{\"edwaran01\"}","player_name":"{\"Anthony Edwards\"}","ts_pct":"0.612","efg_pct":"0.590","three_par":"0.444","ftr":"0.266","orb_pct":"3.471","drb_pct":"15.969","trb_pct":"9.806","ast_pct":"17.066","stl_pct":"1.371","blk_pct":"1.891","tov_pct":"13.529","usg_pct":"26.231","ortg":"112.612","drtg":"110.188","bpm":"0.804"},{"game_id":1050,"team_name":"MIN","player_id":"{\"townska01\"}","player_name":"{\"Karl-Anthony Towns\"}","ts_pct":"0.621","efg_pct":"0.559","three_par":"0.410","ftr":"0.419","orb_pct":"6.411","drb_pct":"21.365","trb_pct":"13.894","ast_pct":"21.820","stl_pct":"1.720","blk_pct":"1.079","tov_pct":"12.748","usg_pct":"31.084","ortg":"119.800","drtg":"109.059","bpm":"4.788"},{"game_id":1050,"team_name":"MIN","player_id":"{\"russeda01\"}","player_name":"{\"D'Angelo Russell\"}","ts_pct":"0.523","efg_pct":"0.498","three_par":"0.511","ftr":"0.232","orb_pct":"2.078","drb_pct":"11.152","trb_pct":"6.372","ast_pct":"40.209","stl_pct":"1.788","blk_pct":"0.956","tov_pct":"11.326","usg_pct":"27.381","ortg":"113.459","drtg":"111.847","bpm":"2.181"},{"game_id":1050,"team_name":"MIN","player_id":"{\"reidna01\"}","player_name":"{\"Naz Reid\"}","ts_pct":"0.611","efg_pct":"0.622","three_par":"0.369","ftr":"0.168","orb_pct":"7.353","drb_pct":"21.011","trb_pct":"14.111","ast_pct":"9.147","stl_pct":"0.424","blk_pct":"5.594","tov_pct":"10.675","usg_pct":"23.679","ortg":"114.129","drtg":"109.447","bpm":"-0.280"},{"game_id":1050,"team_name":"MIN","player_id":"{\"okogijo01\"}","player_name":"{\"Josh Okogie\"}","ts_pct":"0.539","efg_pct":"0.395","three_par":"0.268","ftr":"0.461","orb_pct":"9.866","drb_pct":"7.755","trb_pct":"8.696","ast_pct":"7.988","stl_pct":"1.559","blk_pct":"2.866","tov_pct":"9.205","usg_pct":"11.155","ortg":"125.235","drtg":"111.671","bpm":"-3.269"},{"game_id":1050,"team_name":"MIN","player_id":"{\"rubiori01\"}","player_name":"{\"Ricky Rubio\"}","ts_pct":"0.548","efg_pct":"0.492","three_par":"0.565","ftr":"0.237","orb_pct":"1.628","drb_pct":"12.436","trb_pct":"6.925","ast_pct":"25.484","stl_pct":"2.967","blk_pct":"0.474","tov_pct":"11.248","usg_pct":"16.432","ortg":"122.235","drtg":"108.824","bpm":"1.392"},{"game_id":1050,"team_name":"MIN","player_id":"benchMIN","player_name":"Bench of MIN","ts_pct":"0.605","efg_pct":"0.584","three_par":"0.404","ftr":"0.237","orb_pct":"6.176","drb_pct":"18.007","trb_pct":"11.940","ast_pct":"9.389","stl_pct":"2.105","blk_pct":"1.802","tov_pct":"11.469","usg_pct":"12.747","ortg":"126.395","drtg":"109.943","bpm":"-1.845"},{"game_id":1050,"team_name":"DEN","player_id":"{\"campafa01\"}","player_name":"{\"Facundo Campazzo\"}","ts_pct":"0.587","efg_pct":"0.521","three_par":"0.658","ftr":"0.469","orb_pct":"1.631","drb_pct":"13.707","trb_pct":"7.519","ast_pct":"24.556","stl_pct":"3.653","blk_pct":"0.845","tov_pct":"16.502","usg_pct":"14.353","ortg":"123.635","drtg":"109.518","bpm":"3.355"},{"game_id":1050,"team_name":"DEN","player_id":"{\"jokicni01\"}","player_name":"{\"Nikola Jokić\"}","ts_pct":"0.688","efg_pct":"0.599","three_par":"0.187","ftr":"0.570","orb_pct":"7.564","drb_pct":"28.220","trb_pct":"17.893","ast_pct":"36.356","stl_pct":"1.335","blk_pct":"2.451","tov_pct":"14.091","usg_pct":"32.145","ortg":"131.588","drtg":"110.506","bpm":"11.360"},{"game_id":1050,"team_name":"DEN","player_id":"{\"riverau01\"}","player_name":"{\"Austin Rivers\"}","ts_pct":"0.531","efg_pct":"0.521","three_par":"0.663","ftr":"0.212","orb_pct":"0.535","drb_pct":"9.026","trb_pct":"4.333","ast_pct":"14.211","stl_pct":"2.920","blk_pct":"0.200","tov_pct":"8.915","usg_pct":"14.382","ortg":"110.894","drtg":"113.588","bpm":"1.078"},{"game_id":1050,"team_name":"DEN","player_id":"{\"gordoaa01\"}","player_name":"{\"Aaron Gordon\"}","ts_pct":"0.462","efg_pct":"0.445","three_par":"0.280","ftr":"0.217","orb_pct":"8.391","drb_pct":"13.562","trb_pct":"10.976","ast_pct":"10.416","stl_pct":"1.035","blk_pct":"2.692","tov_pct":"12.158","usg_pct":"17.686","ortg":"98.576","drtg":"112.471","bpm":"-3.560"},{"game_id":1050,"team_name":"DEN","player_id":"{\"mcgeeja01\"}","player_name":"{\"JaVale McGee\"}","ts_pct":"0.451","efg_pct":"0.421","three_par":"0.051","ftr":"0.285","orb_pct":"12.386","drb_pct":"27.756","trb_pct":"19.304","ast_pct":"4.829","stl_pct":"1.322","blk_pct":"6.741","tov_pct":"25.278","usg_pct":"21.866","ortg":"75.506","drtg":"108.059","bpm":"-10.148"},{"game_id":1050,"team_name":"DEN","player_id":"{\"greenja01\"}","player_name":"{\"JaMychal Green\"}","ts_pct":"0.566","efg_pct":"0.540","three_par":"0.522","ftr":"0.192","orb_pct":"8.786","drb_pct":"15.260","trb_pct":"11.972","ast_pct":"7.618","stl_pct":"0.445","blk_pct":"2.309","tov_pct":"12.209","usg_pct":"16.521","ortg":"108.259","drtg":"116.729","bpm":"-2.532"},{"game_id":1050,"team_name":"DEN","player_id":"benchDEN","player_name":"Bench of DEN","ts_pct":"0.420","efg_pct":"0.386","three_par":"0.388","ftr":"0.247","orb_pct":"4.847","drb_pct":"14.661","trb_pct":"9.741","ast_pct":"10.849","stl_pct":"1.920","blk_pct":"2.049","tov_pct":"14.827","usg_pct":"19.943","ortg":"97.151","drtg":"111.811","bpm":"-4.023"}]