[{"game_id":1100,"team_name":"PHI","player_id":"teamPHI","player_name":"Team name: PHI","fg":"42.211","fga":"87.989","fg_pct":"0.480","three_p":"12.177","three_pa":"31.680","three_p_pct":"0.384","ft":"18.166","fta":"23.137","ft_pct":"0.785","orb":"9.497","drb":"32.691","trb":"42.189","ast":"26.514","stl":"8.823","blk":"5.366","tov":"11.337","pf":"19.371","pts":"114.766"},{"game_id":1100,"team_name":"WAS","player_id":"teamWAS","player_name":"Team name: WAS","fg":"46.211","fga":"94.806","fg_pct":"0.487","three_p":"9.400","three_pa":"26.183","three_p_pct":"0.359","ft":"20.749","fta":"25.434","ft_pct":"0.816","orb":"10.114","drb":"37.486","trb":"47.600","ast":"25.977","stl":"6.343","blk":"6.080","tov":"12.297","pf":"22.474","pts":"122.571"}]