[{"game_id":1041,"team_name":"UTA","player_id":"teamUTA","player_name":"Team name: UTA","fg":"42.234","fga":"86.371","fg_pct":"0.489","three_p":"16.600","three_pa":"42.617","three_p_pct":"0.390","ft":"15.994","fta":"19.160","ft_pct":"0.835","orb":"9.943","drb":"36.554","trb":"46.497","ast":"23.817","stl":"7.074","blk":"4.051","tov":"14.617","pf":"16.960","pts":"117.063"},{"game_id":1041,"team_name":"POR","player_id":"teamPOR","player_name":"Team name: POR","fg":"45.040","fga":"93.766","fg_pct":"0.480","three_p":"15.794","three_pa":"37.171","three_p_pct":"0.425","ft":"20.166","fta":"24.446","ft_pct":"0.825","orb":"11.051","drb":"38.257","trb":"49.309","ast":"24.989","stl":"6.354","blk":"4.749","tov":"9.417","pf":"18.234","pts":"126.040"}]