[{"game_id":1042,"team_name":"LAL","player_id":"teamLAL","player_name":"Team name: LAL","ts_pct":"0.538","efg_pct":"0.502","three_par":"0.384","ftr":"0.300","orb_pct":"5.416","drb_pct":"16.761","trb_pct":"10.828","ast_pct":"15.183","stl_pct":"1.359","blk_pct":"2.118","tov_pct":"14.817","usg_pct":"20.247","ortg":"111.278","drtg":"118.697","bpm":"-1.647"},{"game_id":1042,"team_name":"HOU","player_id":"teamHOU","player_name":"Team name: HOU","ts_pct":"0.473","efg_pct":"0.449","three_par":"0.439","ftr":"0.195","orb_pct":"3.201","drb_pct":"12.981","trb_pct":"7.820","ast_pct":"12.540","stl_pct":"1.249","blk_pct":"1.378","tov_pct":"10.655","usg_pct":"16.256","ortg":"92.085","drtg":"105.053","bpm":"-1.949"}]