[{"game_id":1073,"team_name":"PHI","player_id":"teamPHI","player_name":"Team name: PHI","fg":"41.994","fga":"87.594","fg_pct":"0.479","three_p":"11.680","three_pa":"30.549","three_p_pct":"0.382","ft":"17.720","fta":"21.931","ft_pct":"0.808","orb":"9.874","drb":"33.737","trb":"43.611","ast":"25.509","stl":"8.937","blk":"5.874","tov":"10.857","pf":"18.840","pts":"113.389"},{"game_id":1073,"team_name":"ORL","player_id":"teamORL","player_name":"Team name: ORL","fg":"36.983","fga":"89.200","fg_pct":"0.415","three_p":"9.286","three_pa":"29.423","three_p_pct":"0.316","ft":"17.606","fta":"23.366","ft_pct":"0.753","orb":"10.783","drb":"36.583","trb":"47.366","ast":"20.360","stl":"5.783","blk":"5.223","tov":"12.851","pf":"17.983","pts":"100.857"}]