[{"game_id":1168,"team_name":"MIL","player_id":"{\"forbebr01\"}","player_name":"{\"Bryn Forbes\"}","ts_pct":"0.466","efg_pct":"0.466","three_par":"0.767","ftr":"0.000","orb_pct":"1.544","drb_pct":"8.665","trb_pct":"5.022","ast_pct":"3.921","stl_pct":"0.000","blk_pct":"0.000","tov_pct":"4.645","usg_pct":"20.116","ortg":"98.424","drtg":"121.706","bpm":"-6.446"},{"game_id":1168,"team_name":"MIL","player_id":"{\"middlkh01\"}","player_name":"{\"Khris Middleton\"}","ts_pct":"0.527","efg_pct":"0.494","three_par":"0.415","ftr":"0.169","orb_pct":"3.728","drb_pct":"17.688","trb_pct":"10.508","ast_pct":"23.769","stl_pct":"2.333","blk_pct":"0.247","tov_pct":"13.018","usg_pct":"26.709","ortg":"109.624","drtg":"113.988","bpm":"1.945"},{"game_id":1168,"team_name":"MIL","player_id":"{\"holidjr01\"}","player_name":"{\"Jrue Holiday\"}","ts_pct":"0.461","efg_pct":"0.433","three_par":"0.349","ftr":"0.192","orb_pct":"3.440","drb_pct":"12.085","trb_pct":"7.648","ast_pct":"32.565","stl_pct":"1.901","blk_pct":"2.132","tov_pct":"11.584","usg_pct":"24.246","ortg":"107.788","drtg":"115.365","bpm":"1.334"},{"game_id":1168,"team_name":"MIL","player_id":"{\"antetgi01\"}","player_name":"{\"Giannis Antetokounmpo\"}","ts_pct":"0.634","efg_pct":"0.639","three_par":"0.150","ftr":"0.565","orb_pct":"6.978","drb_pct":"31.019","trb_pct":"18.313","ast_pct":"22.495","stl_pct":"1.522","blk_pct":"3.387","tov_pct":"11.453","usg_pct":"30.439","ortg":"123.082","drtg":"110.141","bpm":"10.065"},{"game_id":1168,"team_name":"MIL","player_id":"{\"connapa01\"}","player_name":"{\"Pat Connaughton\"}","ts_pct":"0.695","efg_pct":"0.667","three_par":"0.765","ftr":"0.092","orb_pct":"5.602","drb_pct":"10.966","trb_pct":"8.341","ast_pct":"2.959","stl_pct":"1.241","blk_pct":"0.714","tov_pct":"8.201","usg_pct":"11.142","ortg":"129.894","drtg":"117.541","bpm":"-0.289"},{"game_id":1168,"team_name":"MIL","player_id":"{\"tuckepj01\"}","player_name":"{\"P.J. Tucker\"}","ts_pct":"0.505","efg_pct":"0.483","three_par":"0.531","ftr":"0.165","orb_pct":"7.645","drb_pct":"12.152","trb_pct":"9.979","ast_pct":"5.172","stl_pct":"1.500","blk_pct":"0.486","tov_pct":"6.592","usg_pct":"8.012","ortg":"126.541","drtg":"116.976","bpm":"-1.640"},{"game_id":1168,"team_name":"MIL","player_id":"benchMIL","player_name":"Bench of MIL","ts_pct":"0.407","efg_pct":"0.375","three_par":"0.295","ftr":"0.183","orb_pct":"6.722","drb_pct":"13.090","trb_pct":"9.846","ast_pct":"6.033","stl_pct":"4.703","blk_pct":"2.754","tov_pct":"7.335","usg_pct":"16.328","ortg":"84.344","drtg":"103.507","bpm":"0.218"},{"game_id":1168,"team_name":"PHO","player_id":"{\"naderab01\"}","player_name":"{\"Abdel Nader\"}","ts_pct":"0.401","efg_pct":"0.389","three_par":"0.222","ftr":"0.166","orb_pct":"3.512","drb_pct":"18.220","trb_pct":"11.238","ast_pct":"3.642","stl_pct":"0.619","blk_pct":"1.275","tov_pct":"10.056","usg_pct":"13.021","ortg":"61.800","drtg":"109.671","bpm":"-3.878"},{"game_id":1168,"team_name":"PHO","player_id":"{\"paulch01\"}","player_name":"{\"Chris Paul\"}","ts_pct":"0.625","efg_pct":"0.582","three_par":"0.255","ftr":"0.237","orb_pct":"2.204","drb_pct":"8.946","trb_pct":"5.765","ast_pct":"39.834","stl_pct":"2.021","blk_pct":"0.194","tov_pct":"9.639","usg_pct":"28.034","ortg":"130.482","drtg":"110.824","bpm":"9.113"},{"game_id":1168,"team_name":"PHO","player_id":"{\"crowdja01\"}","player_name":"{\"Jae Crowder\"}","ts_pct":"0.490","efg_pct":"0.451","three_par":"0.735","ftr":"0.158","orb_pct":"0.836","drb_pct":"20.229","trb_pct":"10.927","ast_pct":"7.920","stl_pct":"0.346","blk_pct":"1.164","tov_pct":"9.093","usg_pct":"12.132","ortg":"101.447","drtg":"112.271","bpm":"-1.947"},{"game_id":1168,"team_name":"PHO","player_id":"{\"johnsca02\"}","player_name":"{\"Cameron Johnson\"}","ts_pct":"0.846","efg_pct":"0.822","three_par":"0.705","ftr":"0.222","orb_pct":"4.680","drb_pct":"12.281","trb_pct":"8.492","ast_pct":"6.213","stl_pct":"2.554","blk_pct":"0.247","tov_pct":"9.195","usg_pct":"13.635","ortg":"151.094","drtg":"109.776","bpm":"7.533"},{"game_id":1168,"team_name":"PHO","player_id":"{\"bookede01\"}","player_name":"{\"Devin Booker\"}","ts_pct":"0.517","efg_pct":"0.448","three_par":"0.315","ftr":"0.299","orb_pct":"1.824","drb_pct":"11.854","trb_pct":"7.072","ast_pct":"16.745","stl_pct":"1.460","blk_pct":"0.375","tov_pct":"12.667","usg_pct":"31.939","ortg":"101.565","drtg":"113.247","bpm":"-1.655"},{"game_id":1168,"team_name":"PHO","player_id":"{\"bridgmi01\"}","player_name":"{\"Mikal Bridges\"}","ts_pct":"0.593","efg_pct":"0.564","three_par":"0.388","ftr":"0.171","orb_pct":"3.428","drb_pct":"10.574","trb_pct":"7.076","ast_pct":"8.133","stl_pct":"0.886","blk_pct":"1.241","tov_pct":"5.906","usg_pct":"15.166","ortg":"123.447","drtg":"113.894","bpm":"1.487"},{"game_id":1168,"team_name":"PHO","player_id":"benchPHO","player_name":"Bench of PHO","ts_pct":"0.440","efg_pct":"0.430","three_par":"0.327","ftr":"0.088","orb_pct":"5.052","drb_pct":"17.961","trb_pct":"11.780","ast_pct":"16.688","stl_pct":"0.920","blk_pct":"2.133","tov_pct":"11.675","usg_pct":"16.388","ortg":"96.676","drtg":"110.678","bpm":"-1.696"}]