[{"game_id":1215,"team_name":"ATL","player_id":"teamATL","player_name":"Team name: ATL","ts_pct":"0.596","efg_pct":"0.548","three_par":"0.458","ftr":"0.246","orb_pct":"5.904","drb_pct":"15.451","trb_pct":"10.526","ast_pct":"15.107","stl_pct":"1.648","blk_pct":"1.890","tov_pct":"12.178","usg_pct":"20.432","ortg":"118.791","drtg":"124.079","bpm":"-2.067"},{"game_id":1215,"team_name":"PHI","player_id":"teamPHI","player_name":"Team name: PHI","ts_pct":"0.541","efg_pct":"0.489","three_par":"0.372","ftr":"0.302","orb_pct":"6.727","drb_pct":"17.015","trb_pct":"12.048","ast_pct":"16.344","stl_pct":"1.270","blk_pct":"1.883","tov_pct":"18.952","usg_pct":"22.176","ortg":"110.030","drtg":"116.785","bpm":"-1.189"}]