[{"game_id":1104,"team_name":"LAL","player_id":"teamLAL","player_name":"Team name: LAL","ts_pct":"0.520","efg_pct":"0.482","three_par":"0.406","ftr":"0.315","orb_pct":"5.555","drb_pct":"16.153","trb_pct":"10.598","ast_pct":"14.757","stl_pct":"1.905","blk_pct":"1.656","tov_pct":"11.613","usg_pct":"20.825","ortg":"110.085","drtg":"118.559","bpm":"-1.777"},{"game_id":1104,"team_name":"PHO","player_id":"teamPHO","player_name":"Team name: PHO","ts_pct":"0.626","efg_pct":"0.588","three_par":"0.443","ftr":"0.263","orb_pct":"4.289","drb_pct":"17.517","trb_pct":"10.960","ast_pct":"16.652","stl_pct":"1.238","blk_pct":"1.322","tov_pct":"10.078","usg_pct":"19.597","ortg":"127.462","drtg":"124.290","bpm":"0.658"}]