[{"game_id":1154,"team_name":"PHI","player_id":"{\"howardw01\"}","player_name":"{\"Dwight Howard\"}","ts_pct":"0.569","efg_pct":"0.606","three_par":"0.024","ftr":"1.157","orb_pct":"21.320","drb_pct":"39.932","trb_pct":"31.125","ast_pct":"4.907","stl_pct":"0.518","blk_pct":"1.751","tov_pct":"22.734","usg_pct":"17.228","ortg":"117.212","drtg":"104.624","bpm":"-2.566"},{"game_id":1154,"team_name":"PHI","player_id":"{\"miltosh01\"}","player_name":"{\"Shake Milton\"}","ts_pct":"0.411","efg_pct":"0.322","three_par":"0.430","ftr":"0.418","orb_pct":"0.000","drb_pct":"6.222","trb_pct":"3.328","ast_pct":"6.900","stl_pct":"0.434","blk_pct":"0.240","tov_pct":"19.420","usg_pct":"27.013","ortg":"75.729","drtg":"115.435","bpm":"-15.299"},{"game_id":1154,"team_name":"PHI","player_id":"{\"harrito02\"}","player_name":"{\"Tobias Harris\"}","ts_pct":"0.548","efg_pct":"0.525","three_par":"0.192","ftr":"0.168","orb_pct":"2.881","drb_pct":"19.460","trb_pct":"11.536","ast_pct":"14.339","stl_pct":"0.926","blk_pct":"1.156","tov_pct":"7.718","usg_pct":"22.318","ortg":"112.624","drtg":"110.400","bpm":"1.462"},{"game_id":1154,"team_name":"PHI","player_id":"{\"embiijo01\"}","player_name":"{\"Joel Embiid\"}","ts_pct":"0.605","efg_pct":"0.521","three_par":"0.211","ftr":"0.574","orb_pct":"5.679","drb_pct":"30.881","trb_pct":"18.964","ast_pct":"18.182","stl_pct":"1.639","blk_pct":"4.145","tov_pct":"13.282","usg_pct":"34.849","ortg":"115.824","drtg":"102.788","bpm":"7.441"},{"game_id":1154,"team_name":"PHI","player_id":"{\"simmobe01\"}","player_name":"{\"Ben Simmons\"}","ts_pct":"0.542","efg_pct":"0.610","three_par":"0.000","ftr":"1.184","orb_pct":"5.425","drb_pct":"18.068","trb_pct":"11.781","ast_pct":"31.861","stl_pct":"1.608","blk_pct":"2.372","tov_pct":"17.799","usg_pct":"17.015","ortg":"115.353","drtg":"108.165","bpm":"3.151"},{"game_id":1154,"team_name":"PHI","player_id":"{\"curryse01\"}","player_name":"{\"Seth Curry\"}","ts_pct":"0.745","efg_pct":"0.742","three_par":"0.557","ftr":"0.122","orb_pct":"1.480","drb_pct":"7.094","trb_pct":"4.299","ast_pct":"10.281","stl_pct":"1.027","blk_pct":"0.591","tov_pct":"6.996","usg_pct":"19.444","ortg":"139.718","drtg":"114.094","bpm":"6.345"},{"game_id":1154,"team_name":"PHI","player_id":"benchPHI","player_name":"Bench of PHI","ts_pct":"0.541","efg_pct":"0.511","three_par":"0.498","ftr":"0.160","orb_pct":"2.339","drb_pct":"9.156","trb_pct":"5.870","ast_pct":"8.474","stl_pct":"2.436","blk_pct":"1.971","tov_pct":"8.744","usg_pct":"14.955","ortg":"105.611","drtg":"109.487","bpm":"-0.682"},{"game_id":1154,"team_name":"ATL","player_id":"{\"hillso01\"}","player_name":"{\"Solomon Hill\"}","ts_pct":"0.226","efg_pct":"0.203","three_par":"0.592","ftr":"0.129","orb_pct":"3.893","drb_pct":"13.044","trb_pct":"8.573","ast_pct":"3.155","stl_pct":"0.461","blk_pct":"0.381","tov_pct":"4.074","usg_pct":"8.272","ortg":"86.400","drtg":"114.612","bpm":"-6.308"},{"game_id":1154,"team_name":"ATL","player_id":"{\"youngtr01\"}","player_name":"{\"Trae Young\"}","ts_pct":"0.566","efg_pct":"0.492","three_par":"0.390","ftr":"0.417","orb_pct":"1.144","drb_pct":"5.147","trb_pct":"3.200","ast_pct":"51.036","stl_pct":"2.239","blk_pct":"0.000","tov_pct":"10.645","usg_pct":"34.108","ortg":"119.141","drtg":"112.729","bpm":"10.207"},{"game_id":1154,"team_name":"ATL","player_id":"{\"collijo01\"}","player_name":"{\"John Collins\"}","ts_pct":"0.577","efg_pct":"0.543","three_par":"0.330","ftr":"0.272","orb_pct":"6.581","drb_pct":"20.467","trb_pct":"13.481","ast_pct":"3.467","stl_pct":"0.582","blk_pct":"1.821","tov_pct":"10.858","usg_pct":"17.326","ortg":"112.788","drtg":"111.129","bpm":"0.644"},{"game_id":1154,"team_name":"ATL","player_id":"{\"huertke01\"}","player_name":"{\"Kevin Huerter\"}","ts_pct":"0.529","efg_pct":"0.531","three_par":"0.597","ftr":"0.066","orb_pct":"1.815","drb_pct":"11.269","trb_pct":"6.591","ast_pct":"10.225","stl_pct":"0.771","blk_pct":"2.372","tov_pct":"9.709","usg_pct":"15.306","ortg":"99.765","drtg":"112.353","bpm":"-0.025"},{"game_id":1154,"team_name":"ATL","player_id":"{\"capelca01\"}","player_name":"{\"Clint Capela\"}","ts_pct":"0.578","efg_pct":"0.584","three_par":"0.000","ftr":"0.274","orb_pct":"11.285","drb_pct":"28.673","trb_pct":"19.911","ast_pct":"4.389","stl_pct":"1.115","blk_pct":"2.168","tov_pct":"10.696","usg_pct":"13.446","ortg":"117.824","drtg":"107.812","bpm":"0.892"},{"game_id":1154,"team_name":"ATL","player_id":"{\"gallida01\"}","player_name":"{\"Danilo Gallinari\"}","ts_pct":"0.609","efg_pct":"0.517","three_par":"0.475","ftr":"0.488","orb_pct":"1.271","drb_pct":"18.781","trb_pct":"9.678","ast_pct":"5.106","stl_pct":"0.376","blk_pct":"0.381","tov_pct":"4.591","usg_pct":"19.584","ortg":"123.847","drtg":"114.094","bpm":"2.487"},{"game_id":1154,"team_name":"ATL","player_id":"benchATL","player_name":"Bench of ATL","ts_pct":"0.496","efg_pct":"0.455","three_par":"0.273","ftr":"0.255","orb_pct":"6.442","drb_pct":"17.117","trb_pct":"11.680","ast_pct":"10.155","stl_pct":"1.853","blk_pct":"4.265","tov_pct":"13.309","usg_pct":"20.318","ortg":"100.209","drtg":"107.486","bpm":"0.101"}]