[{"game_id":1132,"team_name":"BRK","player_id":"{\"johnsty01\"}","player_name":"{\"Tyler Johnson\"}","fg":"1.141","fga":"3.047","fg_pct":"0.374","three_p":"0.635","three_pa":"1.941","three_p_pct":"0.327","ft":"0.000","fta":"0.000","ft_pct":"NaN","orb":"0.200","drb":"1.200","trb":"1.400","ast":"0.718","stl":"0.176","blk":"0.000","tov":"0.306","pf":"1.353","pts":"2.918"},{"game_id":1132,"team_name":"BRK","player_id":"{\"johnsal02\"}","player_name":"{\"Alize Johnson\"}","fg":"0.929","fga":"1.847","fg_pct":"0.503","three_p":"0.000","three_pa":"0.118","three_p_pct":"0.000","ft":"0.776","fta":"0.776","ft_pct":"1.000","orb":"0.847","drb":"2.718","trb":"3.565","ast":"0.424","stl":"0.235","blk":"0.259","tov":"0.141","pf":"0.588","pts":"2.635"},{"game_id":1132,"team_name":"BRK","player_id":"{\"luwawti01\"}","player_name":"{\"Timothé Luwawu-Cabarrot\"}","fg":"0.612","fga":"1.612","fg_pct":"0.380","three_p":"0.235","three_pa":"0.835","three_p_pct":"0.281","ft":"0.212","fta":"0.212","ft_pct":"1.000","orb":"0.141","drb":"0.341","trb":"0.482","ast":"0.447","stl":"0.153","blk":"0.000","tov":"0.259","pf":"0.388","pts":"1.671"},{"game_id":1132,"team_name":"BRK","player_id":"{\"perryre01\"}","player_name":"{\"Reggie Perry\"}","fg":"0.271","fga":"1.059","fg_pct":"0.256","three_p":"0.000","three_pa":"0.282","three_p_pct":"0.000","ft":"0.094","fta":"0.094","ft_pct":"1.000","orb":"0.729","drb":"0.553","trb":"1.282","ast":"0.000","stl":"0.094","blk":"0.000","tov":"0.306","pf":"0.953","pts":"0.635"},{"game_id":1132,"team_name":"BRK","player_id":"{\"chiozch01\"}","player_name":"{\"Chris Chiozza\"}","fg":"1.165","fga":"3.235","fg_pct":"0.360","three_p":"0.282","three_pa":"1.365","three_p_pct":"0.207","ft":"0.294","fta":"0.400","ft_pct":"0.735","orb":"0.000","drb":"0.741","trb":"0.741","ast":"2.212","stl":"0.188","blk":"0.224","tov":"0.471","pf":"0.694","pts":"2.906"},{"game_id":1132,"team_name":"BRK","player_id":"{\"irvinky01\"}","player_name":"{\"Kyrie Irving\"}","fg":"8.718","fga":"17.635","fg_pct":"0.494","three_p":"3.012","three_pa":"7.365","three_p_pct":"0.409","ft":"3.329","fta":"3.659","ft_pct":"0.910","orb":"1.424","drb":"3.906","trb":"5.329","ast":"3.518","stl":"0.894","blk":"0.859","tov":"1.176","pf":"2.329","pts":"23.776"},{"game_id":1132,"team_name":"BRK","player_id":"benchBRK","player_name":"Bench of BRK","fg":"4.389","fga":"8.879","fg_pct":"0.494","three_p":"1.338","three_pa":"3.153","three_p_pct":"0.424","ft":"1.973","fta":"2.254","ft_pct":"0.875","orb":"0.817","drb":"3.786","trb":"4.603","ast":"2.448","stl":"0.664","blk":"0.742","tov":"1.081","pf":"2.406","pts":"12.088"},{"game_id":1132,"team_name":"MIL","player_id":"{\"antetth01\"}","player_name":"{\"Thanasis Antetokounmpo\"}","fg":"0.071","fga":"1.094","fg_pct":"0.065","three_p":"0.000","three_pa":"0.447","three_p_pct":"0.000","ft":"0.824","fta":"1.247","ft_pct":"0.661","orb":"0.271","drb":"0.529","trb":"0.800","ast":"0.741","stl":"0.353","blk":"0.000","tov":"0.306","pf":"0.835","pts":"0.965"},{"game_id":1132,"team_name":"MIL","player_id":"{\"bryanel01\"}","player_name":"{\"Elijah Bryant\"}","fg":"1.826","fga":"3.848","fg_pct":"0.475","three_p":"0.217","three_pa":"1.587","three_p_pct":"0.137","ft":"0.652","fta":"0.652","ft_pct":"1.000","orb":"0.435","drb":"1.587","trb":"2.022","ast":"1.370","stl":"0.000","blk":"0.217","tov":"0.870","pf":"0.870","pts":"4.522"},{"game_id":1132,"team_name":"MIL","player_id":"{\"teaguje01\"}","player_name":"{\"Jeff Teague\"}","fg":"1.682","fga":"4.059","fg_pct":"0.414","three_p":"0.765","three_pa":"1.376","three_p_pct":"0.556","ft":"1.600","fta":"1.894","ft_pct":"0.845","orb":"0.153","drb":"0.906","trb":"1.059","ast":"1.600","stl":"0.576","blk":"0.200","tov":"1.082","pf":"0.388","pts":"5.729"},{"game_id":1132,"team_name":"MIL","player_id":"{\"merrisa01\"}","player_name":"{\"Sam Merrill\"}","fg":"0.588","fga":"1.812","fg_pct":"0.325","three_p":"0.388","three_pa":"1.259","three_p_pct":"0.308","ft":"0.000","fta":"0.000","ft_pct":"NaN","orb":"0.000","drb":"0.529","trb":"0.529","ast":"0.329","stl":"0.647","blk":"0.000","tov":"0.059","pf":"0.494","pts":"1.565"},{"game_id":1132,"team_name":"MIL","player_id":"{\"diakima01\"}","player_name":"{\"Mamadi Diakite\"}","fg":"0.753","fga":"2.412","fg_pct":"0.312","three_p":"0.000","three_pa":"0.294","three_p_pct":"0.000","ft":"1.153","fta":"1.506","ft_pct":"0.766","orb":"0.424","drb":"1.329","trb":"1.753","ast":"0.341","stl":"0.894","blk":"0.318","tov":"0.118","pf":"1.047","pts":"2.659"},{"game_id":1132,"team_name":"MIL","player_id":"{\"jacksju01\"}","player_name":"{\"Justin Jackson\"}","fg":"2.624","fga":"7.024","fg_pct":"0.374","three_p":"1.259","three_pa":"3.800","three_p_pct":"0.331","ft":"1.294","fta":"1.494","ft_pct":"0.866","orb":"0.553","drb":"1.388","trb":"1.941","ast":"1.329","stl":"0.459","blk":"0.047","tov":"0.682","pf":"0.729","pts":"7.800"},{"game_id":1132,"team_name":"MIL","player_id":"benchMIL","player_name":"Bench of MIL","fg":"5.811","fga":"11.594","fg_pct":"0.501","three_p":"1.239","three_pa":"4.030","three_p_pct":"0.307","ft":"2.201","fta":"2.992","ft_pct":"0.736","orb":"1.590","drb":"4.767","trb":"6.357","ast":"3.434","stl":"0.686","blk":"0.380","tov":"1.616","pf":"1.957","pts":"15.063"}]