[{"game_id":1064,"team_name":"SAS","player_id":"teamSAS","player_name":"Team name: SAS","fg":"43.171","fga":"92.846","fg_pct":"0.465","three_p":"8.726","three_pa":"26.029","three_p_pct":"0.335","ft":"17.697","fta":"21.617","ft_pct":"0.819","orb":"9.183","drb":"33.680","trb":"42.863","ast":"22.663","stl":"6.794","blk":"4.411","tov":"10.091","pf":"18.200","pts":"112.766"},{"game_id":1064,"team_name":"PHO","player_id":"teamPHO","player_name":"Team name: PHO","fg":"42.949","fga":"85.869","fg_pct":"0.500","three_p":"13.286","three_pa":"33.223","three_p_pct":"0.400","ft":"18.754","fta":"21.886","ft_pct":"0.857","orb":"8.263","drb":"31.314","trb":"39.577","ast":"25.023","stl":"6.851","blk":"5.491","tov":"9.697","pf":"18.469","pts":"117.937"}]