[{"game_id":111,"team_name":"NYK","player_id":"teamNYK","player_name":"Team name: NYK","ts_pct":"0.542","efg_pct":"0.494","three_par":"0.336","ftr":"0.291","orb_pct":"5.171","drb_pct":"15.240","trb_pct":"10.508","ast_pct":"13.638","stl_pct":"1.586","blk_pct":"2.098","tov_pct":"14.014","usg_pct":"19.563","ortg":"101.457","drtg":"110.310","bpm":"-1.866"},{"game_id":111,"team_name":"UTA","player_id":"teamUTA","player_name":"Team name: UTA","ts_pct":"0.536","efg_pct":"0.491","three_par":"0.421","ftr":"0.272","orb_pct":"4.853","drb_pct":"16.970","trb_pct":"10.933","ast_pct":"13.867","stl_pct":"1.174","blk_pct":"1.703","tov_pct":"12.698","usg_pct":"19.749","ortg":"111.371","drtg":"121.752","bpm":"-0.203"}]