[{"game_id":1220,"team_name":"PHO","player_id":"teamPHO","player_name":"Team name: PHO","ts_pct":"0.559","efg_pct":"0.516","three_par":"0.397","ftr":"0.269","orb_pct":"4.386","drb_pct":"13.558","trb_pct":"9.082","ast_pct":"14.197","stl_pct":"1.836","blk_pct":"1.527","tov_pct":"13.288","usg_pct":"19.841","ortg":"108.920","drtg":"112.697","bpm":"-2.035"},{"game_id":1220,"team_name":"UTA","player_id":"teamUTA","player_name":"Team name: UTA","ts_pct":"0.541","efg_pct":"0.510","three_par":"0.407","ftr":"0.306","orb_pct":"4.278","drb_pct":"20.021","trb_pct":"12.575","ast_pct":"14.772","stl_pct":"1.350","blk_pct":"2.315","tov_pct":"16.113","usg_pct":"21.419","ortg":"105.545","drtg":"117.806","bpm":"-1.980"}]