[{"game_id":1250,"team_name":"ORL","player_id":"{\"birchkh01\"}","player_name":"{\"Khem Birch\"}","fg":"1.847","fga":"3.682","fg_pct":"0.502","three_p":"0.000","three_pa":"0.153","three_p_pct":"0.000","ft":"0.976","fta":"1.612","ft_pct":"0.605","orb":"1.753","drb":"3.765","trb":"5.518","ast":"0.741","stl":"0.306","blk":"0.859","tov":"0.765","pf":"1.753","pts":"4.671"},{"game_id":1250,"team_name":"ORL","player_id":"{\"isaacjo01\"}","player_name":"{\"Jonathan Isaac\"}","fg":"3.059","fga":"8.024","fg_pct":"0.381","three_p":"1.388","three_pa":"3.894","three_p_pct":"0.356","ft":"2.035","fta":"2.200","ft_pct":"0.925","orb":"1.247","drb":"4.894","trb":"6.141","ast":"1.082","stl":"1.059","blk":"1.800","tov":"1.153","pf":"1.612","pts":"9.541"},{"game_id":1250,"team_name":"ORL","player_id":"{\"vucevni01\"}","player_name":"{\"Nikola Vučević\"}","fg":"5.353","fga":"13.929","fg_pct":"0.384","three_p":"0.706","three_pa":"3.318","three_p_pct":"0.213","ft":"2.341","fta":"2.788","ft_pct":"0.840","orb":"2.353","drb":"7.129","trb":"9.482","ast":"2.565","stl":"0.824","blk":"0.729","tov":"1.682","pf":"1.976","pts":"13.753"},{"game_id":1250,"team_name":"ORL","player_id":"{\"gordoaa01\"}","player_name":"{\"Aaron Gordon\"}","fg":"4.212","fga":"10.671","fg_pct":"0.395","three_p":"1.341","three_pa":"3.788","three_p_pct":"0.354","ft":"1.871","fta":"3.071","ft_pct":"0.609","orb":"1.941","drb":"4.400","trb":"6.341","ast":"3.176","stl":"0.976","blk":"0.565","tov":"1.718","pf":"2.835","pts":"11.635"},{"game_id":1250,"team_name":"ORL","player_id":"{\"fournev01\"}","player_name":"{\"Evan Fournier\"}","fg":"6.035","fga":"13.718","fg_pct":"0.440","three_p":"1.894","three_pa":"6.259","three_p_pct":"0.303","ft":"1.988","fta":"2.494","ft_pct":"0.797","orb":"0.282","drb":"3.082","trb":"3.365","ast":"2.188","stl":"1.035","blk":"0.106","tov":"2.447","pf":"2.141","pts":"15.953"},{"game_id":1250,"team_name":"ORL","player_id":"{\"aminual01\"}","player_name":"{\"Al-Farouq Aminu\"}","fg":"1.471","fga":"4.259","fg_pct":"0.345","three_p":"0.741","three_pa":"1.588","three_p_pct":"0.467","ft":"0.718","fta":"1.294","ft_pct":"0.555","orb":"1.176","drb":"4.106","trb":"5.282","ast":"1.035","stl":"0.624","blk":"0.647","tov":"0.941","pf":"1.753","pts":"4.400"},{"game_id":1250,"team_name":"ORL","player_id":"benchORL","player_name":"Bench of ORL","fg":"3.060","fga":"7.870","fg_pct":"0.389","three_p":"0.897","three_pa":"3.307","three_p_pct":"0.271","ft":"1.235","fta":"1.562","ft_pct":"0.791","orb":"0.662","drb":"2.164","trb":"2.826","ast":"2.319","stl":"0.437","blk":"0.231","tov":"1.240","pf":"1.767","pts":"8.251"},{"game_id":1250,"team_name":"DEN","player_id":"{\"portemi01\"}","player_name":"{\"Michael Porter Jr.\"}","fg":"5.000","fga":"8.000","fg_pct":"0.625","three_p":"1.000","three_pa":"3.000","three_p_pct":"0.333","ft":"4.000","fta":"6.000","ft_pct":"0.667","orb":"1.000","drb":"3.000","trb":"4.000","ast":"1.000","stl":"0.000","blk":"0.000","tov":"1.000","pf":"2.000","pts":"15.000"},{"game_id":1250,"team_name":"DEN","player_id":"{\"harriga01\"}","player_name":"{\"Gary Harris\"}","fg":"4.871","fga":"11.212","fg_pct":"0.434","three_p":"1.624","three_pa":"4.659","three_p_pct":"0.349","ft":"2.059","fta":"2.271","ft_pct":"0.907","orb":"0.506","drb":"3.412","trb":"3.918","ast":"1.706","stl":"1.459","blk":"0.259","tov":"1.388","pf":"2.612","pts":"13.424"},{"game_id":1250,"team_name":"DEN","player_id":"{\"murraja01\"}","player_name":"{\"Jamal Murray\"}","fg":"6.741","fga":"16.659","fg_pct":"0.405","three_p":"1.647","three_pa":"5.506","three_p_pct":"0.299","ft":"4.706","fta":"5.129","ft_pct":"0.918","orb":"1.200","drb":"4.435","trb":"5.635","ast":"4.424","stl":"0.635","blk":"0.188","tov":"1.682","pf":"2.306","pts":"19.835"},{"game_id":1250,"team_name":"DEN","player_id":"{\"jokicni01\"}","player_name":"{\"Nikola Jokić\"}","fg":"7.282","fga":"14.600","fg_pct":"0.499","three_p":"0.918","three_pa":"3.118","three_p_pct":"0.294","ft":"3.576","fta":"4.353","ft_pct":"0.822","orb":"2.953","drb":"9.188","trb":"12.141","ast":"6.788","stl":"1.118","blk":"0.835","tov":"3.424","pf":"3.918","pts":"19.059"},{"game_id":1250,"team_name":"DEN","player_id":"{\"millspa01\"}","player_name":"{\"Paul Millsap\"}","fg":"4.894","fga":"11.200","fg_pct":"0.437","three_p":"1.271","three_pa":"2.824","three_p_pct":"0.450","ft":"3.059","fta":"3.671","ft_pct":"0.833","orb":"1.459","drb":"4.200","trb":"5.659","ast":"0.812","stl":"0.953","blk":"1.047","tov":"0.624","pf":"3.188","pts":"14.118"},{"game_id":1250,"team_name":"DEN","player_id":"{\"craigto01\"}","player_name":"{\"Torrey Craig\"}","fg":"1.729","fga":"4.976","fg_pct":"0.347","three_p":"0.506","three_pa":"2.306","three_p_pct":"0.219","ft":"0.447","fta":"0.541","ft_pct":"0.826","orb":"1.471","drb":"3.224","trb":"4.694","ast":"0.647","stl":"0.224","blk":"1.141","tov":"0.565","pf":"2.600","pts":"4.412"},{"game_id":1250,"team_name":"DEN","player_id":"benchDEN","player_name":"Bench of DEN","fg":"2.281","fga":"5.351","fg_pct":"0.426","three_p":"0.652","three_pa":"1.799","three_p_pct":"0.362","ft":"1.004","fta":"1.380","ft_pct":"0.728","orb":"0.801","drb":"1.983","trb":"2.783","ast":"1.394","stl":"0.341","blk":"0.362","tov":"0.674","pf":"1.692","pts":"6.219"}]