[{"game_id":1167,"team_name":"PHO","player_id":"teamPHO","player_name":"Team name: PHO","ts_pct":"0.583","efg_pct":"0.555","three_par":"0.376","ftr":"0.185","orb_pct":"4.447","drb_pct":"16.848","trb_pct":"10.838","ast_pct":"14.528","stl_pct":"0.997","blk_pct":"1.147","tov_pct":"9.382","usg_pct":"20.002","ortg":"118.153","drtg":"117.919","bpm":"0.376"},{"game_id":1167,"team_name":"MIL","player_id":"teamMIL","player_name":"Team name: MIL","ts_pct":"0.502","efg_pct":"0.475","three_par":"0.415","ftr":"0.196","orb_pct":"5.104","drb_pct":"15.470","trb_pct":"10.253","ast_pct":"11.524","stl_pct":"2.905","blk_pct":"1.626","tov_pct":"10.038","usg_pct":"18.562","ortg":"103.342","drtg":"113.825","bpm":"0.072"}]