[{"game_id":1157,"team_name":"LAC","player_id":"{\"rondora01\"}","player_name":"{\"Rajon Rondo\"}","fg":"1.329","fga":"4.094","fg_pct":"0.325","three_p":"0.894","three_pa":"2.388","three_p_pct":"0.374","ft":"0.635","fta":"0.753","ft_pct":"0.843","orb":"0.424","drb":"2.341","trb":"2.765","ast":"3.718","stl":"0.247","blk":"0.129","tov":"0.682","pf":"0.941","pts":"4.188"},{"game_id":1157,"team_name":"LAC","player_id":"{\"georgpa01\"}","player_name":"{\"Paul George\"}","fg":"9.247","fga":"21.529","fg_pct":"0.430","three_p":"3.329","three_pa":"8.906","three_p_pct":"0.374","ft":"7.000","fta":"8.612","ft_pct":"0.813","orb":"1.224","drb":"7.035","trb":"8.259","ast":"5.518","stl":"1.165","blk":"0.647","tov":"3.447","pf":"2.988","pts":"28.824"},{"game_id":1157,"team_name":"LAC","player_id":"{\"jacksre01\"}","player_name":"{\"Reggie Jackson\"}","fg":"7.224","fga":"13.271","fg_pct":"0.544","three_p":"3.094","three_pa":"7.200","three_p_pct":"0.430","ft":"1.941","fta":"2.035","ft_pct":"0.954","orb":"0.400","drb":"2.765","trb":"3.165","ast":"3.894","stl":"1.271","blk":"0.153","tov":"1.776","pf":"2.459","pts":"19.482"},{"game_id":1157,"team_name":"LAC","player_id":"{\"zubaciv01\"}","player_name":"{\"Ivica Zubac\"}","fg":"1.765","fga":"2.600","fg_pct":"0.679","three_p":"0.000","three_pa":"0.000","three_p_pct":"NaN","ft":"2.694","fta":"3.282","ft_pct":"0.821","orb":"1.741","drb":"2.400","trb":"4.141","ast":"0.376","stl":"0.000","blk":"0.776","tov":"1.047","pf":"2.141","pts":"6.224"},{"game_id":1157,"team_name":"LAC","player_id":"{\"mannte01\"}","player_name":"{\"Terance Mann\"}","fg":"3.953","fga":"6.718","fg_pct":"0.588","three_p":"1.812","three_pa":"3.341","three_p_pct":"0.542","ft":"1.235","fta":"1.506","ft_pct":"0.820","orb":"0.647","drb":"1.729","trb":"2.376","ast":"0.882","stl":"0.847","blk":"0.000","tov":"0.094","pf":"2.800","pts":"10.953"},{"game_id":1157,"team_name":"LAC","player_id":"{\"beverpa01\"}","player_name":"{\"Patrick Beverley\"}","fg":"1.412","fga":"3.306","fg_pct":"0.427","three_p":"0.812","three_pa":"1.929","three_p_pct":"0.421","ft":"0.965","fta":"1.176","ft_pct":"0.821","orb":"0.706","drb":"1.812","trb":"2.518","ast":"1.612","stl":"0.918","blk":"0.776","tov":"0.224","pf":"1.941","pts":"4.600"},{"game_id":1157,"team_name":"LAC","player_id":"benchLAC","player_name":"Bench of LAC","fg":"2.219","fga":"4.961","fg_pct":"0.447","three_p":"1.028","three_pa":"2.495","three_p_pct":"0.412","ft":"0.493","fta":"0.591","ft_pct":"0.834","orb":"0.554","drb":"2.015","trb":"2.569","ast":"0.845","stl":"0.460","blk":"0.262","tov":"0.266","pf":"1.078","pts":"5.958"},{"game_id":1157,"team_name":"PHO","player_id":"{\"mooreet01\"}","player_name":"{\"E'Twaun Moore\"}","fg":"2.047","fga":"3.600","fg_pct":"0.569","three_p":"0.518","three_pa":"1.376","three_p_pct":"0.376","ft":"0.329","fta":"0.329","ft_pct":"1.000","orb":"0.212","drb":"1.341","trb":"1.553","ast":"1.518","stl":"0.212","blk":"0.094","tov":"0.694","pf":"0.518","pts":"4.941"},{"game_id":1157,"team_name":"PHO","player_id":"{\"payneca01\"}","player_name":"{\"Cameron Payne\"}","fg":"4.894","fga":"10.624","fg_pct":"0.461","three_p":"1.188","three_pa":"3.882","three_p_pct":"0.306","ft":"1.165","fta":"1.318","ft_pct":"0.884","orb":"0.247","drb":"2.212","trb":"2.459","ast":"4.318","stl":"1.094","blk":"0.847","tov":"1.118","pf":"2.318","pts":"12.141"},{"game_id":1157,"team_name":"PHO","player_id":"{\"bookede01\"}","player_name":"{\"Devin Booker\"}","fg":"9.718","fga":"20.247","fg_pct":"0.480","three_p":"2.388","three_pa":"6.153","three_p_pct":"0.388","ft":"6.341","fta":"6.765","ft_pct":"0.937","orb":"0.682","drb":"7.329","trb":"8.012","ast":"5.447","stl":"0.576","blk":"0.082","tov":"3.847","pf":"3.153","pts":"28.165"},{"game_id":1157,"team_name":"PHO","player_id":"{\"paulch01\"}","player_name":"{\"Chris Paul\"}","fg":"6.882","fga":"12.694","fg_pct":"0.542","three_p":"0.918","three_pa":"1.929","three_p_pct":"0.476","ft":"3.812","fta":"4.000","ft_pct":"0.953","orb":"0.376","drb":"3.835","trb":"4.212","ast":"9.106","stl":"1.306","blk":"0.176","tov":"1.365","pf":"1.706","pts":"18.494"},{"game_id":1157,"team_name":"PHO","player_id":"{\"aytonde01\"}","player_name":"{\"Deandre Ayton\"}","fg":"7.235","fga":"10.506","fg_pct":"0.689","three_p":"0.000","three_pa":"0.000","three_p_pct":"NaN","ft":"1.306","fta":"1.929","ft_pct":"0.677","orb":"2.306","drb":"8.035","trb":"10.341","ast":"0.894","stl":"0.541","blk":"0.435","tov":"1.024","pf":"2.188","pts":"15.776"},{"game_id":1157,"team_name":"PHO","player_id":"{\"johnsca02\"}","player_name":"{\"Cameron Johnson\"}","fg":"2.529","fga":"4.729","fg_pct":"0.535","three_p":"1.365","three_pa":"3.024","three_p_pct":"0.451","ft":"1.318","fta":"1.624","ft_pct":"0.812","orb":"0.741","drb":"1.824","trb":"2.565","ast":"0.659","stl":"1.176","blk":"0.118","tov":"0.376","pf":"0.847","pts":"7.741"},{"game_id":1157,"team_name":"PHO","player_id":"benchPHO","player_name":"Bench of PHO","fg":"2.651","fga":"5.760","fg_pct":"0.460","three_p":"1.240","three_pa":"3.184","three_p_pct":"0.389","ft":"0.768","fta":"0.900","ft_pct":"0.853","orb":"0.547","drb":"2.856","trb":"3.403","ast":"1.269","stl":"0.429","blk":"0.507","tov":"0.521","pf":"1.484","pts":"7.311"}]