[{"game_id":106,"team_name":"IND","player_id":"{\"brogdma01\"}","player_name":"{\"Malcolm Brogdon\"}","fg":"8.153","fga":"16.282","fg_pct":"0.501","three_p":"3.153","three_pa":"6.859","three_p_pct":"0.460","ft":"2.635","fta":"3.118","ft_pct":"0.845","orb":"0.282","drb":"4.306","trb":"4.588","ast":"7.635","stl":"1.788","blk":"0.153","tov":"1.776","pf":"1.953","pts":"22.094"},{"game_id":106,"team_name":"IND","player_id":"{\"sabondo01\"}","player_name":"{\"Domantas Sabonis\"}","fg":"8.188","fga":"14.271","fg_pct":"0.574","three_p":"1.153","three_pa":"2.188","three_p_pct":"0.527","ft":"3.094","fta":"4.424","ft_pct":"0.699","orb":"2.435","drb":"9.071","trb":"11.506","ast":"6.518","stl":"0.871","blk":"0.529","tov":"3.518","pf":"3.671","pts":"20.624"},{"game_id":106,"team_name":"IND","player_id":"{\"oladivi01\"}","player_name":"{\"Victor Oladipo\"}","fg":"6.765","fga":"15.341","fg_pct":"0.441","three_p":"3.376","three_pa":"8.000","three_p_pct":"0.422","ft":"3.424","fta":"4.318","ft_pct":"0.793","orb":"0.141","drb":"4.953","trb":"5.094","ast":"4.282","stl":"1.529","blk":"0.259","tov":"2.318","pf":"2.506","pts":"20.329"},{"game_id":106,"team_name":"IND","player_id":"{\"holidju01\"}","player_name":"{\"Justin Holiday\"}","fg":"3.224","fga":"6.765","fg_pct":"0.477","three_p":"1.765","three_pa":"4.318","three_p_pct":"0.409","ft":"0.541","fta":"0.812","ft_pct":"0.666","orb":"0.729","drb":"2.706","trb":"3.435","ast":"1.671","stl":"1.482","blk":"0.600","tov":"1.059","pf":"2.729","pts":"8.753"},{"game_id":106,"team_name":"IND","player_id":"{\"turnemy01\"}","player_name":"{\"Myles Turner\"}","fg":"5.576","fga":"10.612","fg_pct":"0.525","three_p":"1.518","three_pa":"4.765","three_p_pct":"0.319","ft":"1.988","fta":"2.776","ft_pct":"0.716","orb":"1.224","drb":"5.200","trb":"6.424","ast":"0.494","stl":"1.424","blk":"3.412","tov":"1.435","pf":"3.729","pts":"14.659"},{"game_id":106,"team_name":"IND","player_id":"{\"holidaa01\"}","player_name":"{\"Aaron Holiday\"}","fg":"2.224","fga":"5.729","fg_pct":"0.388","three_p":"0.894","three_pa":"3.176","three_p_pct":"0.281","ft":"0.188","fta":"0.435","ft_pct":"0.432","orb":"0.318","drb":"1.271","trb":"1.588","ast":"1.518","stl":"0.953","blk":"0.247","tov":"0.706","pf":"2.565","pts":"5.529"},{"game_id":106,"team_name":"IND","player_id":"benchIND","player_name":"Bench of IND","fg":"2.565","fga":"5.843","fg_pct":"0.439","three_p":"0.819","three_pa":"2.739","three_p_pct":"0.299","ft":"0.490","fta":"0.835","ft_pct":"0.587","orb":"0.642","drb":"2.234","trb":"2.876","ast":"2.405","stl":"0.663","blk":"0.000","tov":"1.118","pf":"1.478","pts":"6.440"},{"game_id":106,"team_name":"HOU","player_id":"{\"hardeja01\"}","player_name":"{\"James Harden\"}","fg":"8.565","fga":"18.306","fg_pct":"0.468","three_p":"3.518","three_pa":"9.424","three_p_pct":"0.373","ft":"9.494","fta":"11.059","ft_pct":"0.858","orb":"1.118","drb":"3.588","trb":"4.706","ast":"9.118","stl":"1.341","blk":"0.729","tov":"4.494","pf":"2.282","pts":"30.141"},{"game_id":106,"team_name":"HOU","player_id":"{\"nwabada01\"}","player_name":"{\"David Nwaba\"}","fg":"2.882","fga":"6.753","fg_pct":"0.427","three_p":"0.812","three_pa":"2.553","three_p_pct":"0.318","ft":"1.435","fta":"2.506","ft_pct":"0.573","orb":"0.318","drb":"2.318","trb":"2.635","ast":"0.565","stl":"1.153","blk":"0.506","tov":"0.294","pf":"2.200","pts":"8.012"},{"game_id":106,"team_name":"HOU","player_id":"{\"walljo01\"}","player_name":"{\"John Wall\"}","fg":"7.529","fga":"16.882","fg_pct":"0.446","three_p":"1.671","three_pa":"6.271","three_p_pct":"0.266","ft":"3.776","fta":"4.400","ft_pct":"0.858","orb":"0.600","drb":"3.847","trb":"4.447","ast":"8.082","stl":"1.212","blk":"0.718","tov":"4.718","pf":"1.424","pts":"20.506"},{"game_id":106,"team_name":"HOU","player_id":"{\"gordoer01\"}","player_name":"{\"Eric Gordon\"}","fg":"5.235","fga":"12.600","fg_pct":"0.415","three_p":"3.200","three_pa":"8.506","three_p_pct":"0.376","ft":"3.353","fta":"3.624","ft_pct":"0.925","orb":"0.353","drb":"2.282","trb":"2.635","ast":"2.400","stl":"0.953","blk":"0.471","tov":"1.824","pf":"2.012","pts":"17.024"},{"game_id":106,"team_name":"HOU","player_id":"{\"tuckepj01\"}","player_name":"{\"P.J. Tucker\"}","fg":"1.812","fga":"4.506","fg_pct":"0.402","three_p":"1.188","three_pa":"2.941","three_p_pct":"0.404","ft":"0.000","fta":"0.212","ft_pct":"0.000","orb":"1.294","drb":"4.247","trb":"5.541","ast":"1.071","stl":"0.882","blk":"0.506","tov":"1.341","pf":"3.282","pts":"4.812"},{"game_id":106,"team_name":"HOU","player_id":"{\"tateja01\"}","player_name":"{\"Jae'Sean Tate\"}","fg":"2.509","fga":"5.236","fg_pct":"0.479","three_p":"0.582","three_pa":"1.655","three_p_pct":"0.352","ft":"1.218","fta":"1.836","ft_pct":"0.663","orb":"1.418","drb":"3.564","trb":"4.982","ast":"1.109","stl":"0.800","blk":"0.182","tov":"1.345","pf":"2.691","pts":"6.818"},{"game_id":106,"team_name":"HOU","player_id":"benchHOU","player_name":"Bench of HOU","fg":"2.653","fga":"5.560","fg_pct":"0.477","three_p":"1.006","three_pa":"2.301","three_p_pct":"0.437","ft":"0.967","fta":"1.505","ft_pct":"0.643","orb":"0.411","drb":"2.841","trb":"3.252","ast":"1.209","stl":"0.447","blk":"0.593","tov":"1.055","pf":"1.996","pts":"7.279"}]