[{"game_id":1142,"team_name":"MIL","player_id":"{\"bryanel01\"}","player_name":"{\"Elijah Bryant\"}","fg":"2.091","fga":"4.327","fg_pct":"0.483","three_p":"0.164","three_pa":"1.673","three_p_pct":"0.098","ft":"0.491","fta":"0.491","ft_pct":"1.000","orb":"0.327","drb":"1.909","trb":"2.236","ast":"1.036","stl":"0.000","blk":"0.164","tov":"0.655","pf":"0.655","pts":"4.836"},{"game_id":1142,"team_name":"MIL","player_id":"{\"middlkh01\"}","player_name":"{\"Khris Middleton\"}","fg":"7.706","fga":"18.035","fg_pct":"0.427","three_p":"2.153","three_pa":"6.306","three_p_pct":"0.341","ft":"3.671","fta":"4.165","ft_pct":"0.881","orb":"1.118","drb":"7.447","trb":"8.565","ast":"3.553","stl":"0.424","blk":"0.000","tov":"3.188","pf":"2.600","pts":"21.235"},{"game_id":1142,"team_name":"MIL","player_id":"{\"antetgi01\"}","player_name":"{\"Giannis Antetokounmpo\"}","fg":"10.635","fga":"20.494","fg_pct":"0.519","three_p":"0.635","three_pa":"4.294","three_p_pct":"0.148","ft":"3.976","fta":"7.671","ft_pct":"0.518","orb":"1.988","drb":"11.129","trb":"13.118","ast":"5.529","stl":"0.835","blk":"0.800","tov":"3.212","pf":"2.341","pts":"25.882"},{"game_id":1142,"team_name":"MIL","player_id":"{\"holidjr01\"}","player_name":"{\"Jrue Holiday\"}","fg":"6.059","fga":"13.824","fg_pct":"0.438","three_p":"1.047","three_pa":"3.953","three_p_pct":"0.265","ft":"1.529","fta":"2.235","ft_pct":"0.684","orb":"1.682","drb":"4.024","trb":"5.706","ast":"7.576","stl":"1.224","blk":"0.235","tov":"2.129","pf":"1.071","pts":"14.694"},{"game_id":1142,"team_name":"MIL","player_id":"{\"antetth01\"}","player_name":"{\"Thanasis Antetokounmpo\"}","fg":"0.047","fga":"0.929","fg_pct":"0.051","three_p":"0.000","three_pa":"0.282","three_p_pct":"0.000","ft":"0.918","fta":"1.247","ft_pct":"0.736","orb":"0.176","drb":"0.412","trb":"0.588","ast":"0.600","stl":"0.282","blk":"0.153","tov":"0.376","pf":"0.929","pts":"1.012"},{"game_id":1142,"team_name":"MIL","player_id":"{\"lopezbr01\"}","player_name":"{\"Brook Lopez\"}","fg":"5.776","fga":"10.376","fg_pct":"0.557","three_p":"0.565","three_pa":"2.329","three_p_pct":"0.243","ft":"1.976","fta":"2.259","ft_pct":"0.875","orb":"2.518","drb":"4.529","trb":"7.047","ast":"0.412","stl":"0.282","blk":"1.729","tov":"1.247","pf":"2.035","pts":"14.094"},{"game_id":1142,"team_name":"MIL","player_id":"benchMIL","player_name":"Bench of MIL","fg":"1.725","fga":"4.145","fg_pct":"0.416","three_p":"0.817","three_pa":"2.525","three_p_pct":"0.324","ft":"0.458","fta":"0.590","ft_pct":"0.776","orb":"0.703","drb":"1.750","trb":"2.454","ast":"0.638","stl":"0.402","blk":"0.086","tov":"0.391","pf":"1.079","pts":"4.724"},{"game_id":1142,"team_name":"BRK","player_id":"{\"johnsty01\"}","player_name":"{\"Tyler Johnson\"}","fg":"1.012","fga":"2.824","fg_pct":"0.358","three_p":"0.565","three_pa":"1.847","three_p_pct":"0.306","ft":"0.306","fta":"0.306","ft_pct":"1.000","orb":"0.176","drb":"1.012","trb":"1.188","ast":"1.024","stl":"0.118","blk":"0.000","tov":"0.271","pf":"1.165","pts":"2.894"},{"game_id":1142,"team_name":"BRK","player_id":"{\"johnsal02\"}","player_name":"{\"Alize Johnson\"}","fg":"0.953","fga":"1.965","fg_pct":"0.485","three_p":"0.000","three_pa":"0.059","three_p_pct":"0.000","ft":"0.659","fta":"0.659","ft_pct":"1.000","orb":"0.835","drb":"2.635","trb":"3.471","ast":"0.318","stl":"0.365","blk":"0.224","tov":"0.271","pf":"0.659","pts":"2.565"},{"game_id":1142,"team_name":"BRK","player_id":"{\"perryre01\"}","player_name":"{\"Reggie Perry\"}","fg":"0.659","fga":"1.471","fg_pct":"0.448","three_p":"0.306","three_pa":"0.671","three_p_pct":"0.456","ft":"0.000","fta":"0.000","ft_pct":"NaN","orb":"0.718","drb":"0.565","trb":"1.282","ast":"0.000","stl":"0.000","blk":"0.000","tov":"0.541","pf":"0.965","pts":"1.624"},{"game_id":1142,"team_name":"BRK","player_id":"{\"luwawti01\"}","player_name":"{\"Timothé Luwawu-Cabarrot\"}","fg":"0.635","fga":"1.682","fg_pct":"0.378","three_p":"0.353","three_pa":"0.929","three_p_pct":"0.380","ft":"0.176","fta":"0.176","ft_pct":"1.000","orb":"0.118","drb":"0.329","trb":"0.447","ast":"0.529","stl":"0.094","blk":"0.000","tov":"0.224","pf":"0.294","pts":"1.800"},{"game_id":1142,"team_name":"BRK","player_id":"{\"chiozch01\"}","player_name":"{\"Chris Chiozza\"}","fg":"0.859","fga":"2.341","fg_pct":"0.367","three_p":"0.165","three_pa":"0.976","three_p_pct":"0.169","ft":"0.259","fta":"0.353","ft_pct":"0.734","orb":"0.000","drb":"0.800","trb":"0.800","ast":"1.635","stl":"0.082","blk":"0.200","tov":"0.365","pf":"0.753","pts":"2.141"},{"game_id":1142,"team_name":"BRK","player_id":"{\"duranke01\"}","player_name":"{\"Kevin Durant\"}","fg":"10.600","fga":"20.459","fg_pct":"0.518","three_p":"2.659","three_pa":"5.588","three_p_pct":"0.476","ft":"6.259","fta":"6.953","ft_pct":"0.900","orb":"0.435","drb":"7.094","trb":"7.529","ast":"4.506","stl":"1.518","blk":"1.612","tov":"3.012","pf":"2.259","pts":"30.118"},{"game_id":1142,"team_name":"BRK","player_id":"benchBRK","player_name":"Bench of BRK","fg":"3.909","fga":"8.293","fg_pct":"0.471","three_p":"1.486","three_pa":"3.563","three_p_pct":"0.417","ft":"0.887","fta":"1.061","ft_pct":"0.836","orb":"0.898","drb":"3.241","trb":"4.140","ast":"1.913","stl":"0.603","blk":"0.480","tov":"0.623","pf":"2.300","pts":"10.190"}]