[{"game_id":1222,"team_name":"LAC","player_id":"{\"shamela01\"}","player_name":"{\"Landry Shamet\"}","fg":"2.506","fga":"6.553","fg_pct":"0.382","three_p":"1.824","three_pa":"5.047","three_p_pct":"0.361","ft":"1.506","fta":"1.553","ft_pct":"0.970","orb":"0.071","drb":"1.600","trb":"1.671","ast":"2.294","stl":"0.506","blk":"0.141","tov":"0.765","pf":"2.659","pts":"8.341"},{"game_id":1222,"team_name":"LAC","player_id":"{\"beverpa01\"}","player_name":"{\"Patrick Beverley\"}","fg":"3.176","fga":"7.376","fg_pct":"0.431","three_p":"1.694","three_pa":"4.871","three_p_pct":"0.348","ft":"0.859","fta":"1.376","ft_pct":"0.624","orb":"1.365","drb":"6.553","trb":"7.918","ast":"4.118","stl":"1.588","blk":"0.706","tov":"1.788","pf":"3.871","pts":"8.906"},{"game_id":1222,"team_name":"LAC","player_id":"{\"leonaka01\"}","player_name":"{\"Kawhi Leonard\"}","fg":"9.082","fga":"19.541","fg_pct":"0.465","three_p":"2.059","three_pa":"6.024","three_p_pct":"0.342","ft":"6.976","fta":"8.212","ft_pct":"0.849","orb":"1.894","drb":"6.753","trb":"8.647","ast":"5.953","stl":"1.929","blk":"1.035","tov":"3.224","pf":"2.894","pts":"27.200"},{"game_id":1222,"team_name":"LAC","player_id":"{\"willilo02\"}","player_name":"{\"Lou Williams\"}","fg":"6.753","fga":"15.882","fg_pct":"0.425","three_p":"1.259","three_pa":"3.694","three_p_pct":"0.341","ft":"6.176","fta":"7.294","ft_pct":"0.847","orb":"0.741","drb":"2.388","trb":"3.129","ast":"6.541","stl":"0.682","blk":"0.071","tov":"2.776","pf":"1.588","pts":"20.941"},{"game_id":1222,"team_name":"LAC","player_id":"{\"harremo01\"}","player_name":"{\"Montrezl Harrell\"}","fg":"7.765","fga":"10.235","fg_pct":"0.759","three_p":"0.000","three_pa":"0.094","three_p_pct":"0.000","ft":"3.812","fta":"5.671","ft_pct":"0.672","orb":"1.988","drb":"4.012","trb":"6.000","ast":"2.612","stl":"0.518","blk":"0.647","tov":"2.200","pf":"2.612","pts":"19.341"},{"game_id":1222,"team_name":"LAC","player_id":"{\"pattepa01\"}","player_name":"{\"Patrick Patterson\"}","fg":"1.518","fga":"4.024","fg_pct":"0.377","three_p":"1.129","three_pa":"2.859","three_p_pct":"0.395","ft":"0.176","fta":"0.306","ft_pct":"0.575","orb":"0.294","drb":"2.165","trb":"2.459","ast":"0.294","stl":"0.000","blk":"0.153","tov":"0.294","pf":"1.353","pts":"4.341"},{"game_id":1222,"team_name":"LAC","player_id":"benchLAC","player_name":"Bench of LAC","fg":"2.065","fga":"3.797","fg_pct":"0.544","three_p":"0.786","three_pa":"1.464","three_p_pct":"0.537","ft":"0.925","fta":"1.159","ft_pct":"0.798","orb":"0.829","drb":"2.046","trb":"2.874","ast":"0.660","stl":"0.478","blk":"0.439","tov":"0.542","pf":"1.826","pts":"5.841"},{"game_id":1222,"team_name":"CHO","player_id":"{\"bridgmi02\"}","player_name":"{\"Miles Bridges\"}","fg":"5.047","fga":"9.871","fg_pct":"0.511","three_p":"1.388","three_pa":"3.918","three_p_pct":"0.354","ft":"2.000","fta":"2.388","ft_pct":"0.838","orb":"1.035","drb":"3.847","trb":"4.882","ast":"2.788","stl":"0.612","blk":"1.271","tov":"1.635","pf":"1.200","pts":"13.482"},{"game_id":1222,"team_name":"CHO","player_id":"{\"martico01\"}","player_name":"{\"Cody Martin\"}","fg":"1.000","fga":"2.440","fg_pct":"0.410","three_p":"0.000","three_pa":"0.960","three_p_pct":"0.000","ft":"1.480","fta":"2.000","ft_pct":"0.740","orb":"0.000","drb":"1.920","trb":"1.920","ast":"0.480","stl":"0.960","blk":"0.000","tov":"0.000","pf":"0.480","pts":"3.480"},{"game_id":1222,"team_name":"CHO","player_id":"{\"roziete01\"}","player_name":"{\"Terry Rozier\"}","fg":"2.976","fga":"8.224","fg_pct":"0.362","three_p":"1.329","three_pa":"4.741","three_p_pct":"0.280","ft":"1.706","fta":"1.835","ft_pct":"0.930","orb":"0.259","drb":"3.659","trb":"3.918","ast":"3.447","stl":"0.588","blk":"0.153","tov":"1.718","pf":"2.129","pts":"8.988"},{"game_id":1222,"team_name":"CHO","player_id":"{\"grahade01\"}","player_name":"{\"Devonte' Graham\"}","fg":"3.118","fga":"8.576","fg_pct":"0.364","three_p":"2.200","three_pa":"4.812","three_p_pct":"0.457","ft":"1.965","fta":"2.247","ft_pct":"0.874","orb":"0.600","drb":"1.871","trb":"2.471","ast":"4.012","stl":"0.282","blk":"0.000","tov":"1.165","pf":"1.365","pts":"10.400"},{"game_id":1222,"team_name":"CHO","player_id":"{\"washipj01\"}","player_name":"{\"P.J. Washington\"}","fg":"4.806","fga":"10.389","fg_pct":"0.463","three_p":"2.833","three_pa":"5.417","three_p_pct":"0.523","ft":"2.028","fta":"2.722","ft_pct":"0.745","orb":"0.972","drb":"5.750","trb":"6.722","ast":"0.667","stl":"1.000","blk":"1.000","tov":"3.306","pf":"2.722","pts":"14.472"},{"game_id":1222,"team_name":"CHO","player_id":"{\"zelleco01\"}","player_name":"{\"Cody Zeller\"}","fg":"5.506","fga":"9.812","fg_pct":"0.561","three_p":"0.282","three_pa":"1.000","three_p_pct":"0.282","ft":"2.035","fta":"2.800","ft_pct":"0.727","orb":"2.718","drb":"5.835","trb":"8.553","ast":"1.612","stl":"1.129","blk":"1.012","tov":"0.988","pf":"3.929","pts":"13.329"},{"game_id":1222,"team_name":"CHO","player_id":"benchCHO","player_name":"Bench of CHO","fg":"2.937","fga":"6.920","fg_pct":"0.424","three_p":"0.847","three_pa":"2.809","three_p_pct":"0.302","ft":"0.587","fta":"1.068","ft_pct":"0.550","orb":"0.628","drb":"2.508","trb":"3.136","ast":"1.463","stl":"0.573","blk":"0.277","tov":"0.818","pf":"1.908","pts":"7.309"}]