[{"game_id":1168,"team_name":"MIL","player_id":"teamMIL","player_name":"Team name: MIL","fg":"42.531","fga":"91.377","fg_pct":"0.465","three_p":"11.640","three_pa":"35.503","three_p_pct":"0.328","ft":"14.383","fta":"20.343","ft_pct":"0.707","orb":"13.971","drb":"32.874","trb":"46.846","ast":"23.126","stl":"8.737","blk":"4.651","tov":"11.354","pf":"17.966","pts":"111.086"},{"game_id":1168,"team_name":"PHO","player_id":"teamPHO","player_name":"Team name: PHO","fg":"41.760","fga":"87.017","fg_pct":"0.480","three_p":"11.331","three_pa":"29.451","three_p_pct":"0.385","ft":"16.063","fta":"18.114","ft_pct":"0.887","orb":"8.920","drb":"35.629","trb":"44.549","ast":"23.103","stl":"6.189","blk":"3.211","tov":"10.983","pf":"19.000","pts":"110.914"}]