[{"game_id":1018,"team_name":"LAL","player_id":"{\"davisan02\"}","player_name":"{\"Anthony Davis\"}","fg":"7.129","fga":"16.706","fg_pct":"0.427","three_p":"0.812","three_pa":"2.965","three_p_pct":"0.274","ft":"4.047","fta":"5.518","ft_pct":"0.733","orb":"1.224","drb":"5.647","trb":"6.871","ast":"2.788","stl":"0.694","blk":"1.600","tov":"2.271","pf":"1.541","pts":"19.118"},{"game_id":1018,"team_name":"LAL","player_id":"{\"caldwke01\"}","player_name":"{\"Kentavious Caldwell-Pope\"}","fg":"3.600","fga":"8.541","fg_pct":"0.421","three_p":"1.859","three_pa":"5.106","three_p_pct":"0.364","ft":"2.800","fta":"3.212","ft_pct":"0.872","orb":"0.153","drb":"2.482","trb":"2.635","ast":"2.612","stl":"1.165","blk":"0.659","tov":"0.776","pf":"1.682","pts":"11.859"},{"game_id":1018,"team_name":"LAL","player_id":"{\"matthwe02\"}","player_name":"{\"Wesley Matthews\"}","fg":"1.435","fga":"4.588","fg_pct":"0.313","three_p":"1.000","three_pa":"3.471","three_p_pct":"0.288","ft":"0.682","fta":"0.882","ft_pct":"0.773","orb":"0.294","drb":"0.706","trb":"1.000","ast":"0.682","stl":"0.529","blk":"0.247","tov":"0.329","pf":"1.318","pts":"4.553"},{"game_id":1018,"team_name":"LAL","player_id":"{\"carusal01\"}","player_name":"{\"Alex Caruso\"}","fg":"3.318","fga":"7.576","fg_pct":"0.438","three_p":"1.082","three_pa":"2.800","three_p_pct":"0.386","ft":"0.953","fta":"1.412","ft_pct":"0.675","orb":"0.647","drb":"2.412","trb":"3.059","ast":"3.176","stl":"0.871","blk":"0.376","tov":"1.576","pf":"2.176","pts":"8.671"},{"game_id":1018,"team_name":"LAL","player_id":"{\"mckinal01\"}","player_name":"{\"Alfonzo McKinnie\"}","fg":"2.118","fga":"4.247","fg_pct":"0.499","three_p":"0.788","three_pa":"1.741","three_p_pct":"0.453","ft":"0.094","fta":"0.424","ft_pct":"0.222","orb":"1.271","drb":"0.929","trb":"2.200","ast":"0.376","stl":"0.259","blk":"0.000","tov":"0.341","pf":"1.071","pts":"5.118"},{"game_id":1018,"team_name":"LAL","player_id":"{\"mclembe01\"}","player_name":"{\"Ben McLemore\"}","fg":"2.471","fga":"7.565","fg_pct":"0.327","three_p":"2.306","three_pa":"6.482","three_p_pct":"0.356","ft":"0.553","fta":"0.847","ft_pct":"0.653","orb":"0.071","drb":"1.918","trb":"1.988","ast":"0.459","stl":"0.235","blk":"0.506","tov":"0.706","pf":"1.388","pts":"7.800"},{"game_id":1018,"team_name":"LAL","player_id":"benchLAL","player_name":"Bench of LAL","fg":"3.684","fga":"6.156","fg_pct":"0.598","three_p":"0.434","three_pa":"0.912","three_p_pct":"0.476","ft":"1.538","fta":"2.482","ft_pct":"0.620","orb":"1.356","drb":"3.485","trb":"4.841","ast":"1.917","stl":"0.768","blk":"0.556","tov":"1.468","pf":"2.446","pts":"9.339"},{"game_id":1018,"team_name":"PHO","player_id":"{\"craigto01\"}","player_name":"{\"Torrey Craig\"}","fg":"3.212","fga":"7.353","fg_pct":"0.437","three_p":"1.012","three_pa":"3.471","three_p_pct":"0.292","ft":"0.541","fta":"0.659","ft_pct":"0.821","orb":"1.894","drb":"3.847","trb":"5.741","ast":"1.012","stl":"0.365","blk":"0.988","tov":"0.941","pf":"1.976","pts":"7.976"},{"game_id":1018,"team_name":"PHO","player_id":"{\"carteje01\"}","player_name":"{\"Jevon Carter\"}","fg":"1.588","fga":"3.906","fg_pct":"0.407","three_p":"1.165","three_pa":"2.871","three_p_pct":"0.406","ft":"0.118","fta":"0.235","ft_pct":"0.502","orb":"0.106","drb":"0.906","trb":"1.012","ast":"1.118","stl":"0.765","blk":"0.082","tov":"0.424","pf":"0.553","pts":"4.459"},{"game_id":1018,"team_name":"PHO","player_id":"{\"bridgmi01\"}","player_name":"{\"Mikal Bridges\"}","fg":"6.165","fga":"10.694","fg_pct":"0.576","three_p":"2.776","three_pa":"5.647","three_p_pct":"0.492","ft":"1.812","fta":"2.082","ft_pct":"0.870","orb":"1.141","drb":"2.271","trb":"3.412","ast":"1.800","stl":"1.718","blk":"1.176","tov":"0.659","pf":"1.753","pts":"16.918"},{"game_id":1018,"team_name":"PHO","player_id":"{\"bookede01\"}","player_name":"{\"Devin Booker\"}","fg":"9.976","fga":"19.800","fg_pct":"0.504","three_p":"1.212","three_pa":"4.176","three_p_pct":"0.290","ft":"5.588","fta":"6.282","ft_pct":"0.890","orb":"0.824","drb":"3.141","trb":"3.965","ast":"3.776","stl":"0.412","blk":"0.071","tov":"2.271","pf":"2.341","pts":"26.753"},{"game_id":1018,"team_name":"PHO","player_id":"{\"paulch01\"}","player_name":"{\"Chris Paul\"}","fg":"6.624","fga":"12.706","fg_pct":"0.521","three_p":"2.035","three_pa":"3.965","three_p_pct":"0.513","ft":"2.835","fta":"3.035","ft_pct":"0.934","orb":"0.188","drb":"3.812","trb":"4.000","ast":"9.694","stl":"1.165","blk":"0.576","tov":"2.282","pf":"2.271","pts":"18.118"},{"game_id":1018,"team_name":"PHO","player_id":"{\"aytonde01\"}","player_name":"{\"Deandre Ayton\"}","fg":"5.141","fga":"8.224","fg_pct":"0.625","three_p":"0.000","three_pa":"0.000","three_p_pct":"NaN","ft":"2.059","fta":"2.553","ft_pct":"0.807","orb":"3.412","drb":"6.612","trb":"10.024","ast":"1.659","stl":"1.012","blk":"1.529","tov":"0.494","pf":"2.576","pts":"12.341"},{"game_id":1018,"team_name":"PHO","player_id":"benchPHO","player_name":"Bench of PHO","fg":"2.748","fga":"6.269","fg_pct":"0.438","three_p":"1.405","three_pa":"3.556","three_p_pct":"0.395","ft":"0.789","fta":"1.141","ft_pct":"0.691","orb":"0.666","drb":"2.571","trb":"3.236","ast":"1.849","stl":"0.463","blk":"0.359","tov":"0.651","pf":"1.901","pts":"7.691"}]