[{"game_id":1112,"team_name":"MEM","player_id":"teamMEM","player_name":"Team name: MEM","ts_pct":"0.544","efg_pct":"0.506","three_par":"0.373","ftr":"0.274","orb_pct":"4.910","drb_pct":"14.479","trb_pct":"9.811","ast_pct":"13.382","stl_pct":"1.536","blk_pct":"3.203","tov_pct":"10.931","usg_pct":"19.064","ortg":"115.235","drtg":"117.179","bpm":"-0.841"},{"game_id":1112,"team_name":"UTA","player_id":"teamUTA","player_name":"Team name: UTA","ts_pct":"0.617","efg_pct":"0.580","three_par":"0.509","ftr":"0.307","orb_pct":"7.193","drb_pct":"17.063","trb_pct":"12.429","ast_pct":"10.345","stl_pct":"1.605","blk_pct":"1.303","tov_pct":"11.947","usg_pct":"22.379","ortg":"131.917","drtg":"128.241","bpm":"-0.099"}]