[{"game_id":1153,"team_name":"PHO","player_id":"teamPHO","player_name":"Team name: PHO","ts_pct":"0.602","efg_pct":"0.561","three_par":"0.433","ftr":"0.277","orb_pct":"3.833","drb_pct":"16.559","trb_pct":"10.838","ast_pct":"17.235","stl_pct":"1.375","blk_pct":"2.040","tov_pct":"11.209","usg_pct":"20.949","ortg":"120.529","drtg":"112.934","bpm":"1.683"},{"game_id":1153,"team_name":"LAC","player_id":"teamLAC","player_name":"Team name: LAC","ts_pct":"0.578","efg_pct":"0.536","three_par":"0.445","ftr":"0.283","orb_pct":"4.700","drb_pct":"18.727","trb_pct":"13.049","ast_pct":"12.443","stl_pct":"1.284","blk_pct":"2.683","tov_pct":"8.678","usg_pct":"18.443","ortg":"120.935","drtg":"131.671","bpm":"0.979"}]