[{"game_id":114,"team_name":"PHO","player_id":"{\"gallola01\"}","player_name":"{\"Langston Galloway\"}","ts_pct":"0.488","efg_pct":"0.478","three_par":"0.681","ftr":"0.191","orb_pct":"3.128","drb_pct":"6.766","trb_pct":"5.109","ast_pct":"11.459","stl_pct":"0.460","blk_pct":"0.202","tov_pct":"7.647","usg_pct":"19.706","ortg":"104.671","drtg":"113.541","bpm":"1.306"},{"game_id":114,"team_name":"PHO","player_id":"{\"crowdja01\"}","player_name":"{\"Jae Crowder\"}","ts_pct":"0.502","efg_pct":"0.460","three_par":"0.781","ftr":"0.200","orb_pct":"1.915","drb_pct":"14.242","trb_pct":"8.186","ast_pct":"10.661","stl_pct":"0.980","blk_pct":"0.501","tov_pct":"6.752","usg_pct":"15.329","ortg":"108.871","drtg":"109.506","bpm":"1.093"},{"game_id":114,"team_name":"PHO","player_id":"{\"bookede01\"}","player_name":"{\"Devin Booker\"}","ts_pct":"0.595","efg_pct":"0.553","three_par":"0.345","ftr":"0.366","orb_pct":"1.193","drb_pct":"14.186","trb_pct":"7.748","ast_pct":"21.382","stl_pct":"1.199","blk_pct":"0.926","tov_pct":"18.596","usg_pct":"30.184","ortg":"104.588","drtg":"108.271","bpm":"-0.353"},{"game_id":114,"team_name":"PHO","player_id":"{\"paulch01\"}","player_name":"{\"Chris Paul\"}","ts_pct":"0.566","efg_pct":"0.496","three_par":"0.304","ftr":"0.358","orb_pct":"2.898","drb_pct":"15.868","trb_pct":"9.591","ast_pct":"39.291","stl_pct":"1.159","blk_pct":"1.112","tov_pct":"15.892","usg_pct":"22.208","ortg":"119.165","drtg":"106.435","bpm":"3.800"},{"game_id":114,"team_name":"PHO","player_id":"{\"aytonde01\"}","player_name":"{\"Deandre Ayton\"}","ts_pct":"0.573","efg_pct":"0.557","three_par":"0.049","ftr":"0.285","orb_pct":"12.573","drb_pct":"28.682","trb_pct":"20.593","ast_pct":"9.362","stl_pct":"0.948","blk_pct":"3.039","tov_pct":"10.107","usg_pct":"20.039","ortg":"119.341","drtg":"103.953","bpm":"1.734"},{"game_id":114,"team_name":"PHO","player_id":"{\"bridgmi01\"}","player_name":"{\"Mikal Bridges\"}","ts_pct":"0.676","efg_pct":"0.625","three_par":"0.594","ftr":"0.271","orb_pct":"2.786","drb_pct":"14.851","trb_pct":"8.980","ast_pct":"4.629","stl_pct":"1.201","blk_pct":"3.409","tov_pct":"2.932","usg_pct":"14.980","ortg":"135.941","drtg":"106.365","bpm":"5.125"},{"game_id":114,"team_name":"PHO","player_id":"benchPHO","player_name":"Bench of PHO","ts_pct":"0.589","efg_pct":"0.571","three_par":"0.531","ftr":"0.144","orb_pct":"2.726","drb_pct":"16.013","trb_pct":"9.419","ast_pct":"12.559","stl_pct":"1.424","blk_pct":"0.886","tov_pct":"10.384","usg_pct":"18.962","ortg":"111.759","drtg":"107.396","bpm":"1.558"},{"game_id":114,"team_name":"TOR","player_id":"{\"vanvlfr01\"}","player_name":"{\"Fred VanVleet\"}","ts_pct":"0.544","efg_pct":"0.520","three_par":"0.550","ftr":"0.145","orb_pct":"2.278","drb_pct":"13.926","trb_pct":"7.776","ast_pct":"28.148","stl_pct":"1.961","blk_pct":"1.961","tov_pct":"7.916","usg_pct":"24.494","ortg":"111.976","drtg":"107.906","bpm":"6.456"},{"game_id":114,"team_name":"TOR","player_id":"{\"lowryky01\"}","player_name":"{\"Kyle Lowry\"}","ts_pct":"0.573","efg_pct":"0.501","three_par":"0.548","ftr":"0.394","orb_pct":"1.894","drb_pct":"12.652","trb_pct":"6.991","ast_pct":"29.961","stl_pct":"1.720","blk_pct":"0.400","tov_pct":"14.979","usg_pct":"22.084","ortg":"111.871","drtg":"109.918","bpm":"2.129"},{"game_id":114,"team_name":"TOR","player_id":"{\"siakapa01\"}","player_name":"{\"Pascal Siakam\"}","ts_pct":"0.485","efg_pct":"0.446","three_par":"0.329","ftr":"0.208","orb_pct":"4.202","drb_pct":"17.639","trb_pct":"10.600","ast_pct":"13.607","stl_pct":"0.979","blk_pct":"1.268","tov_pct":"14.745","usg_pct":"23.447","ortg":"92.647","drtg":"112.635","bpm":"-3.711"},{"game_id":114,"team_name":"TOR","player_id":"{\"anunoog01\"}","player_name":"{\"OG Anunoby\"}","ts_pct":"0.522","efg_pct":"0.473","three_par":"0.608","ftr":"0.424","orb_pct":"5.028","drb_pct":"12.789","trb_pct":"8.801","ast_pct":"7.402","stl_pct":"2.109","blk_pct":"1.738","tov_pct":"12.851","usg_pct":"14.964","ortg":"102.553","drtg":"108.141","bpm":"-1.444"},{"game_id":114,"team_name":"TOR","player_id":"{\"flynnma01\"}","player_name":"{\"Malachi Flynn\"}","ts_pct":"0.000","efg_pct":"0.000","three_par":"0.880","ftr":"0.000","orb_pct":"0.000","drb_pct":"0.000","trb_pct":"0.000","ast_pct":"3.069","stl_pct":"1.047","blk_pct":"0.000","tov_pct":"0.000","usg_pct":"21.081","ortg":"3.972","drtg":"112.194","bpm":"-24.003"},{"game_id":114,"team_name":"TOR","player_id":"{\"powelno01\"}","player_name":"{\"Norman Powell\"}","ts_pct":"0.448","efg_pct":"0.395","three_par":"0.436","ftr":"0.282","orb_pct":"0.501","drb_pct":"5.484","trb_pct":"2.922","ast_pct":"4.604","stl_pct":"2.155","blk_pct":"1.402","tov_pct":"9.471","usg_pct":"19.778","ortg":"81.871","drtg":"110.035","bpm":"-4.658"},{"game_id":114,"team_name":"TOR","player_id":"benchTOR","player_name":"Bench of TOR","ts_pct":"0.482","efg_pct":"0.475","three_par":"0.323","ftr":"0.272","orb_pct":"7.472","drb_pct":"20.075","trb_pct":"13.556","ast_pct":"9.204","stl_pct":"1.499","blk_pct":"3.883","tov_pct":"16.793","usg_pct":"17.647","ortg":"96.324","drtg":"104.869","bpm":"-1.661"}]