[{"game_id":1247,"team_name":"GSW","player_id":"teamGSW","player_name":"Team name: GSW","fg":"37.863","fga":"87.531","fg_pct":"0.433","three_p":"11.651","three_pa":"33.897","three_p_pct":"0.344","ft":"22.474","fta":"27.286","ft_pct":"0.824","orb":"10.869","drb":"32.326","trb":"43.194","ast":"27.229","stl":"7.863","blk":"3.874","tov":"15.680","pf":"21.891","pts":"109.851"},{"game_id":1247,"team_name":"SAS","player_id":"teamSAS","player_name":"Team name: SAS","fg":"40.543","fga":"87.023","fg_pct":"0.466","three_p":"7.211","three_pa":"21.886","three_p_pct":"0.329","ft":"19.457","fta":"25.326","ft_pct":"0.768","orb":"11.126","drb":"36.337","trb":"47.463","ast":"21.903","stl":"5.126","blk":"5.246","tov":"11.789","pf":"20.434","pts":"107.754"}]