[{"game_id":100,"team_name":"GSW","player_id":"{\"mannini01\"}","player_name":"{\"Nico Mannion\"}","ts_pct":"0.541","efg_pct":"0.512","three_par":"0.411","ftr":"0.251","orb_pct":"5.142","drb_pct":"12.142","trb_pct":"9.004","ast_pct":"11.853","stl_pct":"1.283","blk_pct":"1.535","tov_pct":"9.924","usg_pct":"18.632","ortg":"110.000","drtg":"110.000","bpm":"-1.642"},{"game_id":100,"team_name":"GSW","player_id":"{\"poolejo01\"}","player_name":"{\"Jordan Poole\"}","ts_pct":"0.613","efg_pct":"0.479","three_par":"0.542","ftr":"0.946","orb_pct":"2.494","drb_pct":"11.700","trb_pct":"6.586","ast_pct":"19.245","stl_pct":"2.624","blk_pct":"0.494","tov_pct":"18.389","usg_pct":"22.952","ortg":"111.953","drtg":"117.106","bpm":"3.505"},{"game_id":100,"team_name":"GSW","player_id":"{\"curryst01\"}","player_name":"{\"Stephen Curry\"}","ts_pct":"0.611","efg_pct":"0.537","three_par":"0.575","ftr":"0.360","orb_pct":"1.767","drb_pct":"14.615","trb_pct":"8.219","ast_pct":"37.846","stl_pct":"1.441","blk_pct":"1.231","tov_pct":"12.388","usg_pct":"33.834","ortg":"117.435","drtg":"115.529","bpm":"8.275"},{"game_id":100,"team_name":"GSW","player_id":"{\"wiggian01\"}","player_name":"{\"Andrew Wiggins\"}","ts_pct":"0.507","efg_pct":"0.474","three_par":"0.305","ftr":"0.332","orb_pct":"4.227","drb_pct":"13.068","trb_pct":"8.702","ast_pct":"11.268","stl_pct":"0.515","blk_pct":"3.681","tov_pct":"9.372","usg_pct":"24.649","ortg":"100.200","drtg":"118.318","bpm":"-3.135"},{"game_id":100,"team_name":"GSW","player_id":"{\"oubreke01\"}","player_name":"{\"Kelly Oubre Jr.\"}","ts_pct":"0.408","efg_pct":"0.385","three_par":"0.380","ftr":"0.185","orb_pct":"4.765","drb_pct":"15.867","trb_pct":"10.001","ast_pct":"3.609","stl_pct":"2.332","blk_pct":"2.716","tov_pct":"10.755","usg_pct":"21.901","ortg":"81.588","drtg":"111.318","bpm":"-7.391"},{"game_id":100,"team_name":"GSW","player_id":"{\"pascher01\"}","player_name":"{\"Eric Paschall\"}","ts_pct":"0.661","efg_pct":"0.619","three_par":"0.176","ftr":"0.523","orb_pct":"2.531","drb_pct":"10.795","trb_pct":"6.921","ast_pct":"16.229","stl_pct":"0.779","blk_pct":"1.186","tov_pct":"5.749","usg_pct":"19.718","ortg":"132.482","drtg":"119.682","bpm":"2.148"},{"game_id":100,"team_name":"GSW","player_id":"benchGSW","player_name":"Bench of GSW","ts_pct":"0.511","efg_pct":"0.456","three_par":"0.468","ftr":"0.333","orb_pct":"2.774","drb_pct":"16.845","trb_pct":"9.849","ast_pct":"17.073","stl_pct":"1.516","blk_pct":"1.874","tov_pct":"17.413","usg_pct":"15.408","ortg":"101.334","drtg":"115.502","bpm":"-2.948"},{"game_id":100,"team_name":"SAC","player_id":"{\"jamesju01\"}","player_name":"{\"Justin James\"}","ts_pct":"0.240","efg_pct":"0.237","three_par":"0.216","ftr":"0.149","orb_pct":"0.000","drb_pct":"2.838","trb_pct":"1.567","ast_pct":"5.847","stl_pct":"0.000","blk_pct":"0.000","tov_pct":"0.000","usg_pct":"17.364","ortg":"89.835","drtg":"124.824","bpm":"2.371"},{"game_id":100,"team_name":"SAC","player_id":"{\"woodaro01\"}","player_name":"{\"Robert Woodard II\"}","ts_pct":"0.347","efg_pct":"0.500","three_par":"0.500","ftr":"1.000","orb_pct":"0.000","drb_pct":"39.400","trb_pct":"20.900","ast_pct":"0.000","stl_pct":"0.000","blk_pct":"0.000","tov_pct":"25.800","usg_pct":"66.000","ortg":"43.000","drtg":"118.000","bpm":"-34.200"},{"game_id":100,"team_name":"SAC","player_id":"{\"ramseja01\"}","player_name":"{\"Jahmi'us Ramsey\"}","ts_pct":"1.000","efg_pct":"1.000","three_par":"0.000","ftr":"0.000","orb_pct":"0.000","drb_pct":"39.400","trb_pct":"20.900","ast_pct":"0.000","stl_pct":"0.000","blk_pct":"0.000","tov_pct":"0.000","usg_pct":"17.000","ortg":"200.000","drtg":"118.000","bpm":"11.500"},{"game_id":100,"team_name":"SAC","player_id":"{\"metuch01\"}","player_name":"{\"Chimezie Metu\"}","ts_pct":"0.748","efg_pct":"0.607","three_par":"0.047","ftr":"0.245","orb_pct":"3.300","drb_pct":"22.655","trb_pct":"13.054","ast_pct":"21.120","stl_pct":"1.899","blk_pct":"3.841","tov_pct":"24.079","usg_pct":"22.041","ortg":"122.247","drtg":"109.988","bpm":"5.301"},{"game_id":100,"team_name":"SAC","player_id":"{\"foxde01\"}","player_name":"{\"De'Aaron Fox\"}","ts_pct":"0.539","efg_pct":"0.485","three_par":"0.269","ftr":"0.423","orb_pct":"2.412","drb_pct":"6.568","trb_pct":"4.302","ast_pct":"30.896","stl_pct":"2.440","blk_pct":"2.125","tov_pct":"12.861","usg_pct":"29.089","ortg":"109.906","drtg":"112.859","bpm":"2.275"},{"game_id":100,"team_name":"SAC","player_id":"{\"hieldbu01\"}","player_name":"{\"Buddy Hield\"}","ts_pct":"0.605","efg_pct":"0.585","three_par":"0.706","ftr":"0.098","orb_pct":"0.968","drb_pct":"12.426","trb_pct":"6.200","ast_pct":"11.369","stl_pct":"0.913","blk_pct":"0.635","tov_pct":"13.281","usg_pct":"22.081","ortg":"106.812","drtg":"115.271","bpm":"-0.182"},{"game_id":100,"team_name":"SAC","player_id":"benchSAC","player_name":"Bench of SAC","ts_pct":"0.516","efg_pct":"0.482","three_par":"0.260","ftr":"0.313","orb_pct":"6.079","drb_pct":"19.087","trb_pct":"12.371","ast_pct":"8.619","stl_pct":"0.891","blk_pct":"1.777","tov_pct":"12.668","usg_pct":"18.610","ortg":"105.571","drtg":"113.869","bpm":"-2.758"}]