[{"game_id":1052,"team_name":"PHO","player_id":"{\"carteje01\"}","player_name":"{\"Jevon Carter\"}","fg":"1.435","fga":"3.106","fg_pct":"0.462","three_p":"1.106","three_pa":"2.329","three_p_pct":"0.475","ft":"0.094","fta":"0.188","ft_pct":"0.500","orb":"0.082","drb":"0.776","trb":"0.859","ast":"0.847","stl":"0.576","blk":"0.059","tov":"0.247","pf":"0.765","pts":"4.071"},{"game_id":1052,"team_name":"PHO","player_id":"{\"bridgmi01\"}","player_name":"{\"Mikal Bridges\"}","fg":"5.647","fga":"9.682","fg_pct":"0.583","three_p":"2.388","three_pa":"4.706","three_p_pct":"0.507","ft":"1.435","fta":"1.635","ft_pct":"0.878","orb":"0.741","drb":"2.294","trb":"3.035","ast":"2.035","stl":"1.529","blk":"1.306","tov":"0.812","pf":"1.659","pts":"15.118"},{"game_id":1052,"team_name":"PHO","player_id":"{\"crowdja01\"}","player_name":"{\"Jae Crowder\"}","fg":"3.612","fga":"8.624","fg_pct":"0.419","three_p":"3.318","three_pa":"7.471","three_p_pct":"0.444","ft":"0.988","fta":"1.506","ft_pct":"0.656","orb":"0.859","drb":"2.259","trb":"3.118","ast":"2.129","stl":"0.600","blk":"0.565","tov":"0.776","pf":"3.224","pts":"11.529"},{"game_id":1052,"team_name":"PHO","player_id":"{\"bookede01\"}","player_name":"{\"Devin Booker\"}","fg":"9.682","fga":"19.588","fg_pct":"0.494","three_p":"1.541","three_pa":"4.588","three_p_pct":"0.336","ft":"6.824","fta":"7.706","ft_pct":"0.886","orb":"0.859","drb":"3.894","trb":"4.753","ast":"3.424","stl":"0.435","blk":"0.047","tov":"2.447","pf":"2.400","pts":"27.729"},{"game_id":1052,"team_name":"PHO","player_id":"{\"paulch01\"}","player_name":"{\"Chris Paul\"}","fg":"6.682","fga":"13.094","fg_pct":"0.510","three_p":"1.718","three_pa":"3.824","three_p_pct":"0.449","ft":"2.612","fta":"2.741","ft_pct":"0.953","orb":"0.118","drb":"3.588","trb":"3.706","ast":"9.976","stl":"1.553","blk":"0.706","tov":"2.718","pf":"2.859","pts":"17.694"},{"game_id":1052,"team_name":"PHO","player_id":"{\"saricda01\"}","player_name":"{\"Dario Šarić\"}","fg":"1.165","fga":"3.165","fg_pct":"0.368","three_p":"0.541","three_pa":"1.659","three_p_pct":"0.326","ft":"1.035","fta":"1.247","ft_pct":"0.830","orb":"0.329","drb":"1.647","trb":"1.976","ast":"0.776","stl":"0.318","blk":"0.106","tov":"0.859","pf":"1.765","pts":"3.906"},{"game_id":1052,"team_name":"PHO","player_id":"benchPHO","player_name":"Bench of PHO","fg":"3.458","fga":"7.035","fg_pct":"0.492","three_p":"1.153","three_pa":"2.952","three_p_pct":"0.391","ft":"1.047","fta":"1.236","ft_pct":"0.847","orb":"0.850","drb":"3.203","trb":"4.053","ast":"1.908","stl":"0.403","blk":"0.562","tov":"0.590","pf":"1.809","pts":"9.116"},{"game_id":1052,"team_name":"POR","player_id":"{\"lillada01\"}","player_name":"{\"Damian Lillard\"}","fg":"9.765","fga":"18.365","fg_pct":"0.532","three_p":"4.729","three_pa":"9.812","three_p_pct":"0.482","ft":"6.812","fta":"7.165","ft_pct":"0.951","orb":"0.482","drb":"3.941","trb":"4.424","ast":"7.612","stl":"0.953","blk":"0.235","tov":"2.200","pf":"1.012","pts":"31.071"},{"game_id":1052,"team_name":"POR","player_id":"{\"powelno01\"}","player_name":"{\"Norman Powell\"}","fg":"5.988","fga":"13.894","fg_pct":"0.431","three_p":"2.106","three_pa":"5.776","three_p_pct":"0.365","ft":"3.318","fta":"3.741","ft_pct":"0.887","orb":"0.906","drb":"2.988","trb":"3.894","ast":"1.918","stl":"0.906","blk":"0.435","tov":"0.988","pf":"2.624","pts":"17.400"},{"game_id":1052,"team_name":"POR","player_id":"{\"mccolcj01\"}","player_name":"{\"CJ McCollum\"}","fg":"8.435","fga":"17.882","fg_pct":"0.472","three_p":"2.929","three_pa":"6.918","three_p_pct":"0.423","ft":"2.929","fta":"3.859","ft_pct":"0.759","orb":"0.471","drb":"3.165","trb":"3.635","ast":"4.541","stl":"0.553","blk":"0.459","tov":"1.106","pf":"1.694","pts":"22.729"},{"game_id":1052,"team_name":"POR","player_id":"{\"covinro01\"}","player_name":"{\"Robert Covington\"}","fg":"2.106","fga":"6.012","fg_pct":"0.350","three_p":"1.741","three_pa":"4.671","three_p_pct":"0.373","ft":"0.224","fta":"0.306","ft_pct":"0.732","orb":"0.906","drb":"5.647","trb":"6.553","ast":"1.318","stl":"1.224","blk":"1.106","tov":"0.153","pf":"3.118","pts":"6.176"},{"game_id":1052,"team_name":"POR","player_id":"{\"nurkiju01\"}","player_name":"{\"Jusuf Nurkić\"}","fg":"5.929","fga":"11.353","fg_pct":"0.522","three_p":"0.188","three_pa":"0.424","three_p_pct":"0.443","ft":"2.259","fta":"3.706","ft_pct":"0.610","orb":"3.106","drb":"7.424","trb":"10.529","ast":"3.953","stl":"1.271","blk":"1.376","tov":"1.388","pf":"2.176","pts":"14.306"},{"game_id":1052,"team_name":"POR","player_id":"{\"anthoca01\"}","player_name":"{\"Carmelo Anthony\"}","fg":"4.800","fga":"9.153","fg_pct":"0.524","three_p":"2.553","three_pa":"4.306","three_p_pct":"0.593","ft":"1.247","fta":"1.247","ft_pct":"1.000","orb":"0.247","drb":"2.165","trb":"2.412","ast":"1.012","stl":"0.459","blk":"0.129","tov":"0.353","pf":"2.094","pts":"13.400"},{"game_id":1052,"team_name":"POR","player_id":"benchPOR","player_name":"Bench of POR","fg":"2.632","fga":"6.017","fg_pct":"0.437","three_p":"0.801","three_pa":"2.253","three_p_pct":"0.356","ft":"0.859","fta":"1.101","ft_pct":"0.780","orb":"1.550","drb":"3.969","trb":"5.519","ast":"1.093","stl":"0.343","blk":"0.335","tov":"0.572","pf":"1.700","pts":"6.925"}]