[{"game_id":1165,"team_name":"ATL","player_id":"teamATL","player_name":"Team name: ATL","fg":"39.469","fga":"87.526","fg_pct":"0.451","three_p":"10.731","three_pa":"33.360","three_p_pct":"0.322","ft":"15.966","fta":"21.029","ft_pct":"0.759","orb":"9.566","drb":"32.154","trb":"41.720","ast":"19.897","stl":"7.497","blk":"3.657","tov":"11.794","pf":"22.223","pts":"105.634"},{"game_id":1165,"team_name":"MIL","player_id":"teamMIL","player_name":"Team name: MIL","fg":"42.120","fga":"90.851","fg_pct":"0.464","three_p":"10.737","three_pa":"35.114","three_p_pct":"0.306","ft":"14.040","fta":"20.069","ft_pct":"0.700","orb":"12.189","drb":"34.171","trb":"46.360","ast":"22.629","stl":"8.663","blk":"5.109","tov":"11.114","pf":"17.806","pts":"109.017"}]