[{"game_id":1261,"team_name":"WAS","player_id":"{\"bealbr01\"}","player_name":"{\"Bradley Beal\"}","ts_pct":"0.547","efg_pct":"0.501","three_par":"0.406","ftr":"0.319","orb_pct":"2.425","drb_pct":"12.108","trb_pct":"6.949","ast_pct":"27.820","stl_pct":"1.787","blk_pct":"0.831","tov_pct":"10.475","usg_pct":"33.582","ortg":"108.671","drtg":"115.212","bpm":"2.944"},{"game_id":1261,"team_name":"WAS","player_id":"{\"browntr01\"}","player_name":"{\"Troy Brown Jr.\"}","ts_pct":"0.539","efg_pct":"0.525","three_par":"0.376","ftr":"0.140","orb_pct":"4.601","drb_pct":"13.958","trb_pct":"8.918","ast_pct":"9.508","stl_pct":"1.582","blk_pct":"1.005","tov_pct":"9.039","usg_pct":"15.380","ortg":"113.447","drtg":"120.176","bpm":"-2.648"},{"game_id":1261,"team_name":"WAS","player_id":"{\"bryanth01\"}","player_name":"{\"Thomas Bryant\"}","ts_pct":"0.582","efg_pct":"0.546","three_par":"0.262","ftr":"0.300","orb_pct":"6.160","drb_pct":"31.495","trb_pct":"18.132","ast_pct":"12.192","stl_pct":"1.348","blk_pct":"4.941","tov_pct":"11.829","usg_pct":"18.639","ortg":"113.788","drtg":"110.118","bpm":"2.627"},{"game_id":1261,"team_name":"WAS","player_id":"{\"thomais02\"}","player_name":"{\"Isaiah Thomas\"}","ts_pct":"0.439","efg_pct":"0.409","three_par":"0.431","ftr":"0.196","orb_pct":"2.027","drb_pct":"9.542","trb_pct":"5.321","ast_pct":"38.158","stl_pct":"1.304","blk_pct":"0.688","tov_pct":"14.844","usg_pct":"29.834","ortg":"94.118","drtg":"120.482","bpm":"-3.304"},{"game_id":1261,"team_name":"WAS","player_id":"{\"bongais01\"}","player_name":"{\"Isaac Bonga\"}","ts_pct":"0.410","efg_pct":"0.384","three_par":"0.146","ftr":"0.517","orb_pct":"5.831","drb_pct":"11.571","trb_pct":"8.496","ast_pct":"11.425","stl_pct":"2.361","blk_pct":"2.531","tov_pct":"11.058","usg_pct":"11.946","ortg":"96.447","drtg":"111.506","bpm":"-3.944"},{"game_id":1261,"team_name":"WAS","player_id":"{\"bertada01\"}","player_name":"{\"Dāvis Bertāns\"}","ts_pct":"0.596","efg_pct":"0.593","three_par":"0.696","ftr":"0.262","orb_pct":"0.000","drb_pct":"11.253","trb_pct":"5.345","ast_pct":"7.100","stl_pct":"0.369","blk_pct":"0.426","tov_pct":"5.661","usg_pct":"13.662","ortg":"118.918","drtg":"120.435","bpm":"-1.684"},{"game_id":1261,"team_name":"WAS","player_id":"benchWAS","player_name":"Bench of WAS","ts_pct":"0.487","efg_pct":"0.473","three_par":"0.342","ftr":"0.168","orb_pct":"4.281","drb_pct":"13.138","trb_pct":"8.373","ast_pct":"9.229","stl_pct":"0.921","blk_pct":"1.281","tov_pct":"10.819","usg_pct":"17.657","ortg":"90.615","drtg":"114.376","bpm":"-3.823"},{"game_id":1261,"team_name":"DET","player_id":"{\"makerth01\"}","player_name":"{\"Thon Maker\"}","ts_pct":"0.331","efg_pct":"0.264","three_par":"0.367","ftr":"0.751","orb_pct":"4.915","drb_pct":"15.718","trb_pct":"10.365","ast_pct":"4.164","stl_pct":"1.304","blk_pct":"2.938","tov_pct":"10.511","usg_pct":"13.500","ortg":"79.588","drtg":"112.365","bpm":"-5.082"},{"game_id":1261,"team_name":"DET","player_id":"{\"drumman01\"}","player_name":"{\"Andre Drummond\"}","ts_pct":"0.585","efg_pct":"0.573","three_par":"0.042","ftr":"0.396","orb_pct":"15.727","drb_pct":"41.980","trb_pct":"28.904","ast_pct":"12.369","stl_pct":"2.209","blk_pct":"5.771","tov_pct":"17.951","usg_pct":"26.179","ortg":"106.929","drtg":"102.365","bpm":"2.666"},{"game_id":1261,"team_name":"DET","player_id":"{\"brownbr01\"}","player_name":"{\"Bruce Brown\"}","ts_pct":"0.439","efg_pct":"0.394","three_par":"0.281","ftr":"0.257","orb_pct":"1.544","drb_pct":"18.299","trb_pct":"9.595","ast_pct":"6.762","stl_pct":"1.486","blk_pct":"0.861","tov_pct":"26.009","usg_pct":"15.856","ortg":"69.518","drtg":"112.871","bpm":"-8.948"},{"game_id":1261,"team_name":"DET","player_id":"{\"kennalu01\"}","player_name":"{\"Luke Kennard\"}","ts_pct":"0.566","efg_pct":"0.533","three_par":"0.513","ftr":"0.192","orb_pct":"0.348","drb_pct":"9.052","trb_pct":"4.653","ast_pct":"16.506","stl_pct":"0.619","blk_pct":"0.205","tov_pct":"7.952","usg_pct":"18.629","ortg":"117.294","drtg":"116.918","bpm":"0.922"},{"game_id":1261,"team_name":"DET","player_id":"{\"snellto01\"}","player_name":"{\"Tony Snell\"}","ts_pct":"0.443","efg_pct":"0.427","three_par":"0.550","ftr":"0.056","orb_pct":"3.504","drb_pct":"6.562","trb_pct":"5.182","ast_pct":"8.695","stl_pct":"0.840","blk_pct":"3.028","tov_pct":"2.712","usg_pct":"10.540","ortg":"110.388","drtg":"112.388","bpm":"-1.322"},{"game_id":1261,"team_name":"DET","player_id":"{\"mykhasv01\"}","player_name":"{\"Svi Mykhailiuk\"}","ts_pct":"0.532","efg_pct":"0.514","three_par":"0.625","ftr":"0.125","orb_pct":"2.481","drb_pct":"7.938","trb_pct":"5.341","ast_pct":"12.960","stl_pct":"1.619","blk_pct":"1.404","tov_pct":"6.467","usg_pct":"18.608","ortg":"104.812","drtg":"116.518","bpm":"2.846"},{"game_id":1261,"team_name":"DET","player_id":"benchDET","player_name":"Bench of DET","ts_pct":"0.487","efg_pct":"0.461","three_par":"0.385","ftr":"0.314","orb_pct":"3.321","drb_pct":"12.740","trb_pct":"8.003","ast_pct":"6.480","stl_pct":"1.814","blk_pct":"1.767","tov_pct":"13.481","usg_pct":"21.397","ortg":"93.092","drtg":"111.366","bpm":"-4.081"}]