[{"game_id":1018,"team_name":"LAL","player_id":"teamLAL","player_name":"Team name: LAL","ts_pct":"0.545","efg_pct":"0.513","three_par":"0.405","ftr":"0.321","orb_pct":"5.282","drb_pct":"17.303","trb_pct":"10.992","ast_pct":"14.435","stl_pct":"1.448","blk_pct":"2.261","tov_pct":"15.025","usg_pct":"20.847","ortg":"108.199","drtg":"122.273","bpm":"-2.523"},{"game_id":1018,"team_name":"PHO","player_id":"teamPHO","player_name":"Team name: PHO","ts_pct":"0.599","efg_pct":"0.571","three_par":"0.480","ftr":"0.284","orb_pct":"4.396","drb_pct":"17.440","trb_pct":"10.735","ast_pct":"15.636","stl_pct":"1.788","blk_pct":"1.957","tov_pct":"9.854","usg_pct":"20.941","ortg":"125.375","drtg":"133.529","bpm":"-0.730"}]