[{"game_id":125,"team_name":"NYK","player_id":"teamNYK","player_name":"Team name: NYK","fg":"40.446","fga":"84.971","fg_pct":"0.476","three_p":"9.771","three_pa":"26.326","three_p_pct":"0.371","ft":"17.234","fta":"22.926","ft_pct":"0.752","orb":"9.731","drb":"36.663","trb":"46.394","ast":"24.451","stl":"7.954","blk":"5.017","tov":"15.811","pf":"21.571","pts":"107.897"},{"game_id":125,"team_name":"OKC","player_id":"teamOKC","player_name":"Team name: OKC","fg":"36.269","fga":"84.749","fg_pct":"0.428","three_p":"13.417","three_pa":"41.131","three_p_pct":"0.326","ft":"14.394","fta":"20.223","ft_pct":"0.712","orb":"7.714","drb":"37.606","trb":"45.320","ast":"21.657","stl":"6.834","blk":"5.029","tov":"16.400","pf":"17.046","pts":"100.349"}]