[{"game_id":1125,"team_name":"NYK","player_id":"teamNYK","player_name":"Team name: NYK","ts_pct":"0.531","efg_pct":"0.476","three_par":"0.327","ftr":"0.265","orb_pct":"3.564","drb_pct":"15.540","trb_pct":"9.490","ast_pct":"13.498","stl_pct":"2.152","blk_pct":"2.043","tov_pct":"8.666","usg_pct":"18.469","ortg":"110.795","drtg":"112.841","bpm":"0.241"},{"game_id":1125,"team_name":"ATL","player_id":"teamATL","player_name":"Team name: ATL","ts_pct":"0.581","efg_pct":"0.538","three_par":"0.387","ftr":"0.241","orb_pct":"4.299","drb_pct":"17.305","trb_pct":"11.308","ast_pct":"15.280","stl_pct":"1.319","blk_pct":"2.473","tov_pct":"11.860","usg_pct":"21.639","ortg":"117.784","drtg":"119.999","bpm":"-0.522"}]