[{"game_id":105,"team_name":"POR","player_id":"teamPOR","player_name":"Team name: POR","fg":"39.806","fga":"91.509","fg_pct":"0.435","three_p":"14.160","three_pa":"37.560","three_p_pct":"0.377","ft":"19.880","fta":"25.023","ft_pct":"0.794","orb":"9.189","drb":"33.663","trb":"42.851","ast":"20.257","stl":"8.234","blk":"3.331","tov":"12.886","pf":"22.257","pts":"113.651"},{"game_id":105,"team_name":"CHI","player_id":"teamCHI","player_name":"Team name: CHI","fg":"40.114","fga":"88.491","fg_pct":"0.453","three_p":"12.274","three_pa":"35.457","three_p_pct":"0.346","ft":"19.903","fta":"25.080","ft_pct":"0.794","orb":"9.251","drb":"33.554","trb":"42.806","ast":"23.537","stl":"9.074","blk":"4.194","tov":"17.051","pf":"22.983","pts":"112.406"}]