[{"game_id":1069,"team_name":"SAS","player_id":"{\"dienggo01\"}","player_name":"{\"Gorgui Dieng\"}","ts_pct":"0.598","efg_pct":"0.493","three_par":"0.294","ftr":"0.258","orb_pct":"7.835","drb_pct":"17.474","trb_pct":"12.446","ast_pct":"16.325","stl_pct":"3.068","blk_pct":"0.474","tov_pct":"16.364","usg_pct":"20.701","ortg":"103.094","drtg":"121.353","bpm":"0.314"},{"game_id":1069,"team_name":"SAS","player_id":"{\"eubandr01\"}","player_name":"{\"Drew Eubanks\"}","ts_pct":"0.571","efg_pct":"0.506","three_par":"0.010","ftr":"0.392","orb_pct":"17.069","drb_pct":"26.107","trb_pct":"21.053","ast_pct":"6.300","stl_pct":"0.306","blk_pct":"4.127","tov_pct":"12.996","usg_pct":"16.998","ortg":"122.624","drtg":"119.847","bpm":"-1.474"},{"game_id":1069,"team_name":"SAS","player_id":"{\"murrade01\"}","player_name":"{\"Dejounte Murray\"}","ts_pct":"0.501","efg_pct":"0.478","three_par":"0.151","ftr":"0.173","orb_pct":"4.585","drb_pct":"21.075","trb_pct":"12.036","ast_pct":"29.125","stl_pct":"1.633","blk_pct":"0.413","tov_pct":"9.741","usg_pct":"24.931","ortg":"107.529","drtg":"119.565","bpm":"0.360"},{"game_id":1069,"team_name":"SAS","player_id":"{\"poeltja01\"}","player_name":"{\"Jakob Poeltl\"}","ts_pct":"0.559","efg_pct":"0.543","three_par":"0.000","ftr":"0.208","orb_pct":"9.451","drb_pct":"17.622","trb_pct":"14.041","ast_pct":"11.959","stl_pct":"1.992","blk_pct":"4.998","tov_pct":"6.116","usg_pct":"12.395","ortg":"127.000","drtg":"114.988","bpm":"1.649"},{"game_id":1069,"team_name":"SAS","player_id":"{\"walkelo01\"}","player_name":"{\"Lonnie Walker IV\"}","ts_pct":"0.453","efg_pct":"0.447","three_par":"0.512","ftr":"0.027","orb_pct":"1.362","drb_pct":"10.747","trb_pct":"5.711","ast_pct":"12.502","stl_pct":"0.994","blk_pct":"0.153","tov_pct":"7.082","usg_pct":"20.242","ortg":"96.012","drtg":"123.753","bpm":"-3.642"},{"game_id":1069,"team_name":"SAS","player_id":"{\"vassede01\"}","player_name":"{\"Devin Vassell\"}","ts_pct":"0.548","efg_pct":"0.504","three_par":"0.470","ftr":"0.170","orb_pct":"1.792","drb_pct":"19.221","trb_pct":"10.266","ast_pct":"5.469","stl_pct":"0.955","blk_pct":"0.624","tov_pct":"3.254","usg_pct":"15.246","ortg":"110.765","drtg":"121.059","bpm":"-3.412"},{"game_id":1069,"team_name":"SAS","player_id":"benchSAS","player_name":"Bench of SAS","ts_pct":"0.498","efg_pct":"0.423","three_par":"0.206","ftr":"0.407","orb_pct":"2.495","drb_pct":"12.036","trb_pct":"7.135","ast_pct":"11.287","stl_pct":"1.580","blk_pct":"1.458","tov_pct":"10.000","usg_pct":"20.066","ortg":"101.888","drtg":"120.022","bpm":"-2.146"},{"game_id":1069,"team_name":"PHO","player_id":"{\"bridgmi01\"}","player_name":"{\"Mikal Bridges\"}","ts_pct":"0.777","efg_pct":"0.752","three_par":"0.463","ftr":"0.248","orb_pct":"2.701","drb_pct":"11.976","trb_pct":"7.156","ast_pct":"6.013","stl_pct":"2.540","blk_pct":"2.724","tov_pct":"7.200","usg_pct":"14.735","ortg":"147.094","drtg":"117.047","bpm":"6.088"},{"game_id":1069,"team_name":"PHO","player_id":"{\"carteje01\"}","player_name":"{\"Jevon Carter\"}","ts_pct":"0.802","efg_pct":"0.796","three_par":"0.847","ftr":"0.054","orb_pct":"0.418","drb_pct":"7.318","trb_pct":"4.146","ast_pct":"5.464","stl_pct":"0.966","blk_pct":"0.000","tov_pct":"5.141","usg_pct":"11.692","ortg":"146.965","drtg":"121.941","bpm":"-0.854"},{"game_id":1069,"team_name":"PHO","player_id":"{\"smithja04\"}","player_name":"{\"Jalen Smith\"}","ts_pct":"0.440","efg_pct":"0.428","three_par":"0.111","ftr":"0.565","orb_pct":"2.726","drb_pct":"17.365","trb_pct":"9.385","ast_pct":"0.000","stl_pct":"0.708","blk_pct":"0.994","tov_pct":"13.368","usg_pct":"18.187","ortg":"80.835","drtg":"118.141","bpm":"-7.018"},{"game_id":1069,"team_name":"PHO","player_id":"{\"craigto01\"}","player_name":"{\"Torrey Craig\"}","ts_pct":"0.596","efg_pct":"0.584","three_par":"0.550","ftr":"0.136","orb_pct":"9.054","drb_pct":"20.118","trb_pct":"15.251","ast_pct":"5.761","stl_pct":"1.142","blk_pct":"2.768","tov_pct":"8.056","usg_pct":"16.161","ortg":"126.376","drtg":"116.541","bpm":"-1.366"},{"game_id":1069,"team_name":"PHO","player_id":"{\"payneca01\"}","player_name":"{\"Cameron Payne\"}","ts_pct":"0.696","efg_pct":"0.671","three_par":"0.444","ftr":"0.139","orb_pct":"1.446","drb_pct":"14.187","trb_pct":"7.935","ast_pct":"27.353","stl_pct":"1.440","blk_pct":"2.028","tov_pct":"4.869","usg_pct":"21.596","ortg":"145.353","drtg":"118.106","bpm":"9.436"},{"game_id":1069,"team_name":"PHO","player_id":"{\"saricda01\"}","player_name":"{\"Dario Šarić\"}","ts_pct":"0.467","efg_pct":"0.406","three_par":"0.469","ftr":"0.465","orb_pct":"2.927","drb_pct":"16.105","trb_pct":"9.779","ast_pct":"5.154","stl_pct":"1.681","blk_pct":"0.453","tov_pct":"9.159","usg_pct":"17.867","ortg":"88.000","drtg":"117.271","bpm":"-6.606"},{"game_id":1069,"team_name":"PHO","player_id":"benchPHO","player_name":"Bench of PHO","ts_pct":"0.384","efg_pct":"0.361","three_par":"0.363","ftr":"0.199","orb_pct":"4.710","drb_pct":"16.834","trb_pct":"10.743","ast_pct":"8.291","stl_pct":"1.650","blk_pct":"0.827","tov_pct":"10.648","usg_pct":"18.738","ortg":"86.004","drtg":"114.178","bpm":"-6.276"}]