[{"game_id":1224,"team_name":"DEN","player_id":"{\"bartowi01\"}","player_name":"{\"Will Barton\"}","fg":"3.459","fga":"9.929","fg_pct":"0.348","three_p":"1.353","three_pa":"4.000","three_p_pct":"0.338","ft":"2.624","fta":"2.976","ft_pct":"0.882","orb":"1.553","drb":"3.271","trb":"4.824","ast":"1.800","stl":"0.776","blk":"0.824","tov":"0.682","pf":"1.259","pts":"10.894"},{"game_id":1224,"team_name":"DEN","player_id":"{\"harriga01\"}","player_name":"{\"Gary Harris\"}","fg":"4.776","fga":"10.835","fg_pct":"0.441","three_p":"1.212","three_pa":"3.671","three_p_pct":"0.330","ft":"2.859","fta":"3.165","ft_pct":"0.903","orb":"0.376","drb":"3.741","trb":"4.118","ast":"1.659","stl":"1.541","blk":"0.247","tov":"1.635","pf":"3.153","pts":"13.624"},{"game_id":1224,"team_name":"DEN","player_id":"{\"murraja01\"}","player_name":"{\"Jamal Murray\"}","fg":"6.976","fga":"18.047","fg_pct":"0.387","three_p":"2.176","three_pa":"6.306","three_p_pct":"0.345","ft":"5.647","fta":"6.165","ft_pct":"0.916","orb":"1.729","drb":"4.212","trb":"5.941","ast":"4.741","stl":"0.753","blk":"0.235","tov":"1.659","pf":"2.176","pts":"21.776"},{"game_id":1224,"team_name":"DEN","player_id":"{\"jokicni01\"}","player_name":"{\"Nikola Jokić\"}","fg":"8.576","fga":"17.835","fg_pct":"0.481","three_p":"1.341","three_pa":"3.871","three_p_pct":"0.346","ft":"4.294","fta":"5.400","ft_pct":"0.795","orb":"3.753","drb":"9.988","trb":"13.741","ast":"6.494","stl":"0.882","blk":"1.141","tov":"3.494","pf":"4.294","pts":"22.788"},{"game_id":1224,"team_name":"DEN","player_id":"{\"millspa01\"}","player_name":"{\"Paul Millsap\"}","fg":"4.788","fga":"11.106","fg_pct":"0.431","three_p":"0.976","three_pa":"2.600","three_p_pct":"0.375","ft":"3.259","fta":"4.153","ft_pct":"0.785","orb":"1.294","drb":"4.976","trb":"6.271","ast":"1.165","stl":"1.353","blk":"1.518","tov":"0.847","pf":"3.224","pts":"13.812"},{"game_id":1224,"team_name":"DEN","player_id":"{\"grantje01\"}","player_name":"{\"Jerami Grant\"}","fg":"4.224","fga":"8.894","fg_pct":"0.475","three_p":"1.812","three_pa":"4.341","three_p_pct":"0.417","ft":"1.953","fta":"2.588","ft_pct":"0.755","orb":"1.365","drb":"3.353","trb":"4.718","ast":"1.118","stl":"0.329","blk":"0.953","tov":"1.024","pf":"2.388","pts":"12.212"},{"game_id":1224,"team_name":"DEN","player_id":"benchDEN","player_name":"Bench of DEN","fg":"1.876","fga":"5.101","fg_pct":"0.368","three_p":"0.559","three_pa":"1.718","three_p_pct":"0.325","ft":"1.153","fta":"1.605","ft_pct":"0.718","orb":"1.298","drb":"2.201","trb":"3.499","ast":"1.272","stl":"0.469","blk":"0.562","tov":"0.532","pf":"1.844","pts":"5.465"},{"game_id":1224,"team_name":"DAL","player_id":"{\"porzikr01\"}","player_name":"{\"Kristaps Porziņģis\"}","fg":"7.600","fga":"16.329","fg_pct":"0.465","three_p":"2.424","three_pa":"5.882","three_p_pct":"0.412","ft":"4.141","fta":"6.106","ft_pct":"0.678","orb":"1.247","drb":"4.376","trb":"5.624","ast":"1.953","stl":"0.624","blk":"2.824","tov":"1.506","pf":"3.012","pts":"21.765"},{"game_id":1224,"team_name":"DAL","player_id":"{\"doncilu01\"}","player_name":"{\"Luka Dončić\"}","fg":"8.400","fga":"18.576","fg_pct":"0.452","three_p":"2.424","three_pa":"8.694","three_p_pct":"0.279","ft":"6.082","fta":"7.588","ft_pct":"0.802","orb":"1.412","drb":"9.494","trb":"10.906","ast":"7.918","stl":"1.565","blk":"0.106","tov":"3.965","pf":"2.494","pts":"25.306"},{"game_id":1224,"team_name":"DAL","player_id":"{\"klebima01\"}","player_name":"{\"Maxi Kleber\"}","fg":"2.224","fga":"5.412","fg_pct":"0.411","three_p":"1.082","three_pa":"3.353","three_p_pct":"0.323","ft":"1.118","fta":"1.529","ft_pct":"0.731","orb":"1.541","drb":"5.494","trb":"7.035","ast":"1.412","stl":"0.212","blk":"1.106","tov":"1.224","pf":"2.682","pts":"6.647"},{"game_id":1224,"team_name":"DAL","player_id":"{\"curryse01\"}","player_name":"{\"Seth Curry\"}","fg":"2.388","fga":"5.976","fg_pct":"0.400","three_p":"1.388","three_pa":"3.635","three_p_pct":"0.382","ft":"0.871","fta":"0.871","ft_pct":"1.000","orb":"0.271","drb":"1.482","trb":"1.753","ast":"1.118","stl":"1.106","blk":"0.224","tov":"0.776","pf":"2.071","pts":"7.035"},{"game_id":1224,"team_name":"DAL","player_id":"{\"wrighde01\"}","player_name":"{\"Delon Wright\"}","fg":"4.847","fga":"9.259","fg_pct":"0.523","three_p":"1.282","three_pa":"2.882","three_p_pct":"0.445","ft":"3.329","fta":"4.082","ft_pct":"0.816","orb":"1.000","drb":"6.000","trb":"7.000","ast":"6.165","stl":"1.941","blk":"0.388","tov":"1.376","pf":"1.776","pts":"14.306"},{"game_id":1224,"team_name":"DAL","player_id":"{\"finnedo01\"}","player_name":"{\"Dorian Finney-Smith\"}","fg":"3.071","fga":"8.035","fg_pct":"0.382","three_p":"0.812","three_pa":"3.776","three_p_pct":"0.215","ft":"1.565","fta":"2.341","ft_pct":"0.669","orb":"2.671","drb":"4.000","trb":"6.671","ast":"1.506","stl":"0.588","blk":"0.129","tov":"0.918","pf":"1.976","pts":"8.518"},{"game_id":1224,"team_name":"DAL","player_id":"benchDAL","player_name":"Bench of DAL","fg":"4.159","fga":"9.217","fg_pct":"0.451","three_p":"1.178","three_pa":"3.899","three_p_pct":"0.302","ft":"2.267","fta":"2.867","ft_pct":"0.791","orb":"1.183","drb":"2.822","trb":"4.006","ast":"2.430","stl":"0.343","blk":"0.270","tov":"0.994","pf":"2.120","pts":"11.763"}]