[{"game_id":1160,"team_name":"ATL","player_id":"{\"okongon01\"}","player_name":"{\"Onyeka Okongwu\"}","fg":"1.035","fga":"2.094","fg_pct":"0.494","three_p":"0.000","three_pa":"0.000","three_p_pct":"NaN","ft":"0.529","fta":"0.894","ft_pct":"0.592","orb":"1.106","drb":"1.600","trb":"2.706","ast":"0.188","stl":"0.376","blk":"0.776","tov":"0.212","pf":"1.247","pts":"2.600"},{"game_id":1160,"team_name":"ATL","player_id":"{\"youngtr01\"}","player_name":"{\"Trae Young\"}","fg":"9.588","fga":"23.835","fg_pct":"0.402","three_p":"2.753","three_pa":"9.482","three_p_pct":"0.290","ft":"7.882","fta":"9.459","ft_pct":"0.833","orb":"0.459","drb":"2.812","trb":"3.271","ast":"9.600","stl":"1.659","blk":"0.000","tov":"4.824","pf":"2.694","pts":"29.812"},{"game_id":1160,"team_name":"ATL","player_id":"{\"huertke01\"}","player_name":"{\"Kevin Huerter\"}","fg":"4.800","fga":"11.106","fg_pct":"0.432","three_p":"1.694","three_pa":"5.129","three_p_pct":"0.330","ft":"1.118","fta":"1.494","ft_pct":"0.748","orb":"0.459","drb":"3.494","trb":"3.953","ast":"1.953","stl":"0.494","blk":"0.565","tov":"1.224","pf":"3.094","pts":"12.412"},{"game_id":1160,"team_name":"ATL","player_id":"{\"gallida01\"}","player_name":"{\"Danilo Gallinari\"}","fg":"4.212","fga":"9.188","fg_pct":"0.458","three_p":"1.741","three_pa":"4.365","three_p_pct":"0.399","ft":"2.835","fta":"3.141","ft_pct":"0.903","orb":"0.329","drb":"3.388","trb":"3.718","ast":"0.600","stl":"0.176","blk":"0.000","tov":"0.635","pf":"2.682","pts":"13.000"},{"game_id":1160,"team_name":"ATL","player_id":"{\"bogdabo01\"}","player_name":"{\"Bogdan Bogdanović\"}","fg":"3.976","fga":"11.024","fg_pct":"0.361","three_p":"1.447","three_pa":"5.635","three_p_pct":"0.257","ft":"0.647","fta":"1.059","ft_pct":"0.611","orb":"0.376","drb":"2.718","trb":"3.094","ast":"2.129","stl":"1.482","blk":"0.165","tov":"1.588","pf":"2.553","pts":"10.047"},{"game_id":1160,"team_name":"ATL","player_id":"{\"capelca01\"}","player_name":"{\"Clint Capela\"}","fg":"4.541","fga":"7.953","fg_pct":"0.571","three_p":"0.000","three_pa":"0.000","three_p_pct":"NaN","ft":"0.682","fta":"1.871","ft_pct":"0.365","orb":"3.035","drb":"8.188","trb":"11.224","ast":"0.859","stl":"0.753","blk":"0.471","tov":"0.906","pf":"2.918","pts":"9.765"},{"game_id":1160,"team_name":"ATL","player_id":"benchATL","player_name":"Bench of ATL","fg":"3.178","fga":"6.477","fg_pct":"0.491","three_p":"0.613","three_pa":"2.118","three_p_pct":"0.289","ft":"1.069","fta":"1.272","ft_pct":"0.840","orb":"1.196","drb":"3.673","trb":"4.869","ast":"0.813","stl":"0.450","blk":"0.247","tov":"0.855","pf":"2.035","pts":"8.037"},{"game_id":1160,"team_name":"MIL","player_id":"{\"forbebr01\"}","player_name":"{\"Bryn Forbes\"}","fg":"1.988","fga":"4.918","fg_pct":"0.404","three_p":"1.271","three_pa":"3.812","three_p_pct":"0.333","ft":"0.424","fta":"0.518","ft_pct":"0.819","orb":"0.071","drb":"0.976","trb":"1.047","ast":"0.294","stl":"0.000","blk":"0.188","tov":"0.282","pf":"0.753","pts":"5.671"},{"game_id":1160,"team_name":"MIL","player_id":"{\"middlkh01\"}","player_name":"{\"Khris Middleton\"}","fg":"7.894","fga":"19.800","fg_pct":"0.399","three_p":"2.306","three_pa":"7.635","three_p_pct":"0.302","ft":"3.988","fta":"4.588","ft_pct":"0.869","orb":"1.282","drb":"6.635","trb":"7.918","ast":"4.965","stl":"2.035","blk":"0.294","tov":"2.765","pf":"2.282","pts":"22.082"},{"game_id":1160,"team_name":"MIL","player_id":"{\"holidjr01\"}","player_name":"{\"Jrue Holiday\"}","fg":"7.600","fga":"17.859","fg_pct":"0.426","three_p":"2.318","three_pa":"7.024","three_p_pct":"0.330","ft":"1.165","fta":"1.765","ft_pct":"0.660","orb":"1.106","drb":"3.635","trb":"4.741","ast":"7.200","stl":"1.282","blk":"0.294","tov":"2.094","pf":"2.694","pts":"18.682"},{"game_id":1160,"team_name":"MIL","player_id":"{\"antetgi01\"}","player_name":"{\"Giannis Antetokounmpo\"}","fg":"12.847","fga":"22.388","fg_pct":"0.574","three_p":"0.765","three_pa":"3.765","three_p_pct":"0.203","ft":"4.600","fta":"8.106","ft_pct":"0.567","orb":"2.200","drb":"10.094","trb":"12.294","ast":"5.282","stl":"0.694","blk":"1.000","tov":"3.224","pf":"2.706","pts":"31.059"},{"game_id":1160,"team_name":"MIL","player_id":"{\"tuckepj01\"}","player_name":"{\"P.J. Tucker\"}","fg":"1.671","fga":"4.518","fg_pct":"0.370","three_p":"0.847","three_pa":"2.812","three_p_pct":"0.301","ft":"0.271","fta":"0.424","ft_pct":"0.639","orb":"2.412","drb":"2.871","trb":"5.282","ast":"1.224","stl":"1.388","blk":"0.376","tov":"0.247","pf":"3.765","pts":"4.459"},{"game_id":1160,"team_name":"MIL","player_id":"{\"connapa01\"}","player_name":"{\"Pat Connaughton\"}","fg":"1.788","fga":"4.341","fg_pct":"0.412","three_p":"1.141","three_pa":"3.447","three_p_pct":"0.331","ft":"0.635","fta":"0.635","ft_pct":"1.000","orb":"0.824","drb":"2.765","trb":"3.588","ast":"0.682","stl":"0.588","blk":"0.353","tov":"0.529","pf":"1.612","pts":"5.353"},{"game_id":1160,"team_name":"MIL","player_id":"benchMIL","player_name":"Bench of MIL","fg":"2.478","fga":"5.072","fg_pct":"0.489","three_p":"0.783","three_pa":"1.924","three_p_pct":"0.407","ft":"0.673","fta":"0.834","ft_pct":"0.807","orb":"0.935","drb":"2.244","trb":"3.179","ast":"0.631","stl":"0.540","blk":"0.747","tov":"0.600","pf":"0.935","pts":"6.412"}]