[{"game_id":1094,"team_name":"UTA","player_id":"{\"onealro01\"}","player_name":"{\"Royce O'Neale\"}","ts_pct":"0.646","efg_pct":"0.642","three_par":"0.703","ftr":"0.074","orb_pct":"4.776","drb_pct":"14.181","trb_pct":"9.866","ast_pct":"10.279","stl_pct":"1.562","blk_pct":"0.959","tov_pct":"21.081","usg_pct":"11.249","ortg":"112.200","drtg":"109.635","bpm":"0.091"},{"game_id":1094,"team_name":"UTA","player_id":"{\"conlemi01\"}","player_name":"{\"Mike Conley\"}","ts_pct":"0.543","efg_pct":"0.486","three_par":"0.472","ftr":"0.305","orb_pct":"1.873","drb_pct":"13.580","trb_pct":"7.766","ast_pct":"47.139","stl_pct":"2.734","blk_pct":"0.864","tov_pct":"11.542","usg_pct":"25.221","ortg":"122.682","drtg":"100.953","bpm":"6.951"},{"game_id":1094,"team_name":"UTA","player_id":"{\"bogdabo02\"}","player_name":"{\"Bojan Bogdanović\"}","ts_pct":"0.622","efg_pct":"0.569","three_par":"0.373","ftr":"0.306","orb_pct":"2.476","drb_pct":"12.462","trb_pct":"7.562","ast_pct":"10.915","stl_pct":"1.242","blk_pct":"0.000","tov_pct":"14.295","usg_pct":"29.991","ortg":"112.529","drtg":"112.047","bpm":"0.980"},{"game_id":1094,"team_name":"UTA","player_id":"{\"inglejo01\"}","player_name":"{\"Joe Ingles\"}","ts_pct":"0.516","efg_pct":"0.489","three_par":"0.712","ftr":"0.149","orb_pct":"0.607","drb_pct":"11.480","trb_pct":"6.436","ast_pct":"28.616","stl_pct":"1.180","blk_pct":"0.000","tov_pct":"18.584","usg_pct":"17.947","ortg":"110.176","drtg":"112.459","bpm":"-0.846"},{"game_id":1094,"team_name":"UTA","player_id":"{\"clarkjo01\"}","player_name":"{\"Jordan Clarkson\"}","ts_pct":"0.587","efg_pct":"0.563","three_par":"0.496","ftr":"0.188","orb_pct":"1.753","drb_pct":"12.800","trb_pct":"7.524","ast_pct":"20.282","stl_pct":"1.612","blk_pct":"0.381","tov_pct":"7.409","usg_pct":"32.939","ortg":"119.859","drtg":"110.506","bpm":"5.013"},{"game_id":1094,"team_name":"UTA","player_id":"{\"goberru01\"}","player_name":"{\"Rudy Gobert\"}","ts_pct":"0.679","efg_pct":"0.663","three_par":"0.019","ftr":"0.562","orb_pct":"14.316","drb_pct":"38.749","trb_pct":"26.789","ast_pct":"5.892","stl_pct":"1.094","blk_pct":"4.687","tov_pct":"15.027","usg_pct":"17.736","ortg":"129.424","drtg":"102.376","bpm":"3.940"},{"game_id":1094,"team_name":"UTA","player_id":"benchUTA","player_name":"Bench of UTA","ts_pct":"0.612","efg_pct":"0.598","three_par":"0.496","ftr":"0.157","orb_pct":"5.835","drb_pct":"14.958","trb_pct":"10.649","ast_pct":"7.455","stl_pct":"1.591","blk_pct":"1.701","tov_pct":"3.986","usg_pct":"11.917","ortg":"139.947","drtg":"109.137","bpm":"2.225"},{"game_id":1094,"team_name":"MEM","player_id":"{\"tillmxa01\"}","player_name":"{\"Xavier Tillman Sr.\"}","ts_pct":"0.354","efg_pct":"0.363","three_par":"0.136","ftr":"0.387","orb_pct":"5.433","drb_pct":"11.740","trb_pct":"8.655","ast_pct":"5.742","stl_pct":"1.514","blk_pct":"7.838","tov_pct":"17.993","usg_pct":"14.996","ortg":"73.965","drtg":"110.294","bpm":"-6.145"},{"game_id":1094,"team_name":"MEM","player_id":"{\"valanjo01\"}","player_name":"{\"Jonas Valančiūnas\"}","ts_pct":"0.683","efg_pct":"0.666","three_par":"0.051","ftr":"0.393","orb_pct":"15.365","drb_pct":"32.999","trb_pct":"24.514","ast_pct":"10.218","stl_pct":"0.704","blk_pct":"4.298","tov_pct":"10.694","usg_pct":"19.524","ortg":"137.353","drtg":"105.282","bpm":"4.686"},{"game_id":1094,"team_name":"MEM","player_id":"{\"brookdi01\"}","player_name":"{\"Dillon Brooks\"}","ts_pct":"0.479","efg_pct":"0.450","three_par":"0.290","ftr":"0.202","orb_pct":"2.694","drb_pct":"7.531","trb_pct":"5.164","ast_pct":"13.739","stl_pct":"1.974","blk_pct":"1.404","tov_pct":"4.620","usg_pct":"26.299","ortg":"104.918","drtg":"113.224","bpm":"-2.326"},{"game_id":1094,"team_name":"MEM","player_id":"{\"moranja01\"}","player_name":"{\"Ja Morant\"}","ts_pct":"0.503","efg_pct":"0.479","three_par":"0.340","ftr":"0.336","orb_pct":"3.991","drb_pct":"10.886","trb_pct":"7.531","ast_pct":"29.984","stl_pct":"1.581","blk_pct":"0.311","tov_pct":"18.487","usg_pct":"27.059","ortg":"100.200","drtg":"114.141","bpm":"-2.611"},{"game_id":1094,"team_name":"MEM","player_id":"{\"anderky01\"}","player_name":"{\"Kyle Anderson\"}","ts_pct":"0.617","efg_pct":"0.553","three_par":"0.335","ftr":"0.377","orb_pct":"2.102","drb_pct":"16.160","trb_pct":"9.260","ast_pct":"20.835","stl_pct":"1.329","blk_pct":"3.936","tov_pct":"12.101","usg_pct":"16.638","ortg":"123.612","drtg":"110.412","bpm":"3.346"},{"game_id":1094,"team_name":"MEM","player_id":"{\"jacksja02\"}","player_name":"{\"Jaren Jackson Jr.\"}","ts_pct":"0.571","efg_pct":"0.490","three_par":"0.564","ftr":"0.478","orb_pct":"8.034","drb_pct":"13.193","trb_pct":"10.661","ast_pct":"7.978","stl_pct":"2.222","blk_pct":"6.115","tov_pct":"10.059","usg_pct":"23.498","ortg":"116.153","drtg":"107.729","bpm":"0.453"},{"game_id":1094,"team_name":"MEM","player_id":"benchMEM","player_name":"Bench of MEM","ts_pct":"0.519","efg_pct":"0.414","three_par":"0.517","ftr":"0.111","orb_pct":"0.988","drb_pct":"10.492","trb_pct":"5.792","ast_pct":"12.257","stl_pct":"1.476","blk_pct":"1.348","tov_pct":"12.857","usg_pct":"15.458","ortg":"105.661","drtg":"113.881","bpm":"-2.836"}]