[{"game_id":1137,"team_name":"MIL","player_id":"{\"holidjr01\"}","player_name":"{\"Jrue Holiday\"}","fg":"6.565","fga":"13.835","fg_pct":"0.475","three_p":"1.094","three_pa":"4.000","three_p_pct":"0.274","ft":"1.753","fta":"2.541","ft_pct":"0.690","orb":"1.929","drb":"3.882","trb":"5.812","ast":"7.965","stl":"1.212","blk":"0.282","tov":"2.129","pf":"0.906","pts":"15.976"},{"game_id":1137,"team_name":"MIL","player_id":"{\"middlkh01\"}","player_name":"{\"Khris Middleton\"}","fg":"7.071","fga":"16.635","fg_pct":"0.425","three_p":"1.988","three_pa":"6.376","three_p_pct":"0.312","ft":"2.835","fta":"3.224","ft_pct":"0.879","orb":"1.329","drb":"6.012","trb":"7.341","ast":"4.106","stl":"0.482","blk":"0.000","tov":"3.188","pf":"2.518","pts":"18.965"},{"game_id":1137,"team_name":"MIL","player_id":"{\"antetgi01\"}","player_name":"{\"Giannis Antetokounmpo\"}","fg":"10.082","fga":"18.471","fg_pct":"0.546","three_p":"0.541","three_pa":"3.529","three_p_pct":"0.153","ft":"4.129","fta":"7.482","ft_pct":"0.552","orb":"1.918","drb":"10.588","trb":"12.506","ast":"6.047","stl":"0.965","blk":"0.882","tov":"2.729","pf":"2.824","pts":"24.835"},{"game_id":1137,"team_name":"MIL","player_id":"{\"lopezbr01\"}","player_name":"{\"Brook Lopez\"}","fg":"6.529","fga":"10.965","fg_pct":"0.595","three_p":"0.506","three_pa":"2.012","three_p_pct":"0.251","ft":"2.376","fta":"2.753","ft_pct":"0.863","orb":"2.741","drb":"3.447","trb":"6.188","ast":"0.447","stl":"0.153","blk":"1.000","tov":"1.400","pf":"2.282","pts":"15.941"},{"game_id":1137,"team_name":"MIL","player_id":"{\"tuckepj01\"}","player_name":"{\"P.J. Tucker\"}","fg":"1.153","fga":"3.082","fg_pct":"0.374","three_p":"0.412","three_pa":"1.976","three_p_pct":"0.209","ft":"0.518","fta":"0.588","ft_pct":"0.881","orb":"1.447","drb":"2.071","trb":"3.518","ast":"0.765","stl":"0.482","blk":"0.000","tov":"0.529","pf":"2.400","pts":"3.235"},{"game_id":1137,"team_name":"MIL","player_id":"{\"forbebr01\"}","player_name":"{\"Bryn Forbes\"}","fg":"4.165","fga":"8.376","fg_pct":"0.497","three_p":"2.965","three_pa":"6.400","three_p_pct":"0.463","ft":"0.482","fta":"0.729","ft_pct":"0.661","orb":"0.153","drb":"1.835","trb":"1.988","ast":"0.612","stl":"0.165","blk":"0.047","tov":"0.706","pf":"1.212","pts":"11.776"},{"game_id":1137,"team_name":"MIL","player_id":"benchMIL","player_name":"Bench of MIL","fg":"1.924","fga":"4.386","fg_pct":"0.439","three_p":"0.767","three_pa":"2.253","three_p_pct":"0.340","ft":"0.715","fta":"0.948","ft_pct":"0.754","orb":"0.852","drb":"2.575","trb":"3.427","ast":"0.523","stl":"0.422","blk":"0.198","tov":"0.532","pf":"0.944","pts":"5.329"},{"game_id":1137,"team_name":"BRK","player_id":"{\"irvinky01\"}","player_name":"{\"Kyrie Irving\"}","fg":"8.706","fga":"17.671","fg_pct":"0.493","three_p":"3.129","three_pa":"7.529","three_p_pct":"0.416","ft":"2.776","fta":"3.035","ft_pct":"0.915","orb":"1.282","drb":"4.247","trb":"5.529","ast":"3.906","stl":"0.906","blk":"0.718","tov":"1.035","pf":"2.024","pts":"23.318"},{"game_id":1137,"team_name":"BRK","player_id":"{\"duranke01\"}","player_name":"{\"Kevin Durant\"}","fg":"10.153","fga":"18.612","fg_pct":"0.546","three_p":"2.447","three_pa":"5.094","three_p_pct":"0.480","ft":"6.482","fta":"7.094","ft_pct":"0.914","orb":"0.494","drb":"6.635","trb":"7.129","ast":"4.576","stl":"1.012","blk":"1.765","tov":"2.765","pf":"2.518","pts":"29.235"},{"game_id":1137,"team_name":"BRK","player_id":"{\"brownbr01\"}","player_name":"{\"Bruce Brown\"}","fg":"3.635","fga":"6.718","fg_pct":"0.541","three_p":"0.153","three_pa":"0.729","three_p_pct":"0.210","ft":"1.741","fta":"1.929","ft_pct":"0.903","orb":"1.671","drb":"4.271","trb":"5.941","ast":"2.541","stl":"0.918","blk":"0.729","tov":"0.635","pf":"2.588","pts":"9.165"},{"game_id":1137,"team_name":"BRK","player_id":"{\"harrijo01\"}","player_name":"{\"Joe Harris\"}","fg":"5.035","fga":"10.565","fg_pct":"0.477","three_p":"3.282","three_pa":"6.765","three_p_pct":"0.485","ft":"0.376","fta":"0.376","ft_pct":"1.000","orb":"0.318","drb":"2.741","trb":"3.059","ast":"2.129","stl":"0.553","blk":"0.200","tov":"1.000","pf":"3.094","pts":"13.729"},{"game_id":1137,"team_name":"BRK","player_id":"{\"griffbl01\"}","player_name":"{\"Blake Griffin\"}","fg":"2.953","fga":"5.706","fg_pct":"0.518","three_p":"0.765","three_pa":"2.176","three_p_pct":"0.352","ft":"0.859","fta":"1.106","ft_pct":"0.777","orb":"1.353","drb":"4.106","trb":"5.459","ast":"1.776","stl":"0.765","blk":"0.341","tov":"0.565","pf":"3.224","pts":"7.529"},{"game_id":1137,"team_name":"BRK","player_id":"{\"claxtni01\"}","player_name":"{\"Nic Claxton\"}","fg":"2.000","fga":"3.753","fg_pct":"0.533","three_p":"0.000","three_pa":"0.000","three_p_pct":"NaN","ft":"0.588","fta":"0.988","ft_pct":"0.595","orb":"1.424","drb":"2.529","trb":"3.953","ast":"0.412","stl":"0.435","blk":"1.471","tov":"0.424","pf":"1.812","pts":"4.588"},{"game_id":1137,"team_name":"BRK","player_id":"benchBRK","player_name":"Bench of BRK","fg":"2.519","fga":"6.221","fg_pct":"0.405","three_p":"1.303","three_pa":"3.065","three_p_pct":"0.425","ft":"0.405","fta":"0.490","ft_pct":"0.827","orb":"0.288","drb":"2.037","trb":"2.325","ast":"1.964","stl":"0.525","blk":"0.095","tov":"0.445","pf":"1.299","pts":"6.745"}]