[{"game_id":1034,"team_name":"GSW","player_id":"{\"wiggian01\"}","player_name":"{\"Andrew Wiggins\"}","fg":"7.741","fga":"16.835","fg_pct":"0.460","three_p":"1.988","three_pa":"5.565","three_p_pct":"0.357","ft":"2.176","fta":"2.565","ft_pct":"0.848","orb":"1.447","drb":"3.259","trb":"4.706","ast":"2.824","stl":"0.600","blk":"1.176","tov":"1.494","pf":"2.482","pts":"19.647"},{"game_id":1034,"team_name":"GSW","player_id":"{\"greendr01\"}","player_name":"{\"Draymond Green\"}","fg":"3.482","fga":"6.071","fg_pct":"0.574","three_p":"0.776","three_pa":"1.753","three_p_pct":"0.443","ft":"1.059","fta":"1.400","ft_pct":"0.756","orb":"0.671","drb":"8.518","trb":"9.188","ast":"10.212","stl":"1.576","blk":"1.024","tov":"3.282","pf":"2.400","pts":"8.800"},{"game_id":1034,"team_name":"GSW","player_id":"{\"curryst01\"}","player_name":"{\"Stephen Curry\"}","fg":"11.647","fga":"24.353","fg_pct":"0.478","three_p":"6.682","three_pa":"15.776","three_p_pct":"0.424","ft":"7.000","fta":"7.753","ft_pct":"0.903","orb":"0.471","drb":"4.671","trb":"5.141","ast":"4.835","stl":"1.494","blk":"0.059","tov":"3.200","pf":"2.059","pts":"36.976"},{"game_id":1034,"team_name":"GSW","player_id":"{\"bazemke01\"}","player_name":"{\"Kent Bazemore\"}","fg":"3.871","fga":"8.671","fg_pct":"0.446","three_p":"1.788","three_pa":"4.471","three_p_pct":"0.400","ft":"0.906","fta":"1.235","ft_pct":"0.734","orb":"0.294","drb":"5.706","trb":"6.000","ast":"1.682","stl":"1.224","blk":"0.800","tov":"1.529","pf":"2.671","pts":"10.435"},{"game_id":1034,"team_name":"GSW","player_id":"{\"toscaju01\"}","player_name":"{\"Juan Toscano-Anderson\"}","fg":"3.059","fga":"5.106","fg_pct":"0.599","three_p":"1.024","three_pa":"2.753","three_p_pct":"0.372","ft":"0.271","fta":"0.518","ft_pct":"0.523","orb":"0.459","drb":"6.071","trb":"6.529","ast":"4.624","stl":"1.600","blk":"0.835","tov":"1.929","pf":"2.776","pts":"7.412"},{"game_id":1034,"team_name":"GSW","player_id":"{\"looneke01\"}","player_name":"{\"Kevon Looney\"}","fg":"2.247","fga":"3.800","fg_pct":"0.591","three_p":"0.000","three_pa":"0.118","three_p_pct":"0.000","ft":"0.376","fta":"0.953","ft_pct":"0.395","orb":"1.788","drb":"5.929","trb":"7.718","ast":"1.812","stl":"0.200","blk":"0.459","tov":"0.518","pf":"2.788","pts":"4.871"},{"game_id":1034,"team_name":"GSW","player_id":"benchGSW","player_name":"Bench of GSW","fg":"4.439","fga":"9.604","fg_pct":"0.462","three_p":"2.781","three_pa":"6.939","three_p_pct":"0.401","ft":"1.323","fta":"1.565","ft_pct":"0.845","orb":"0.548","drb":"1.518","trb":"2.065","ast":"1.195","stl":"0.286","blk":"0.219","tov":"0.876","pf":"1.882","pts":"12.981"},{"game_id":1034,"team_name":"PHO","player_id":"{\"carteje01\"}","player_name":"{\"Jevon Carter\"}","fg":"1.447","fga":"3.412","fg_pct":"0.424","three_p":"1.071","three_pa":"2.529","three_p_pct":"0.423","ft":"0.106","fta":"0.212","ft_pct":"0.500","orb":"0.094","drb":"0.918","trb":"1.012","ast":"1.000","stl":"0.647","blk":"0.071","tov":"0.329","pf":"0.741","pts":"4.071"},{"game_id":1034,"team_name":"PHO","player_id":"{\"bookede01\"}","player_name":"{\"Devin Booker\"}","fg":"9.365","fga":"19.141","fg_pct":"0.489","three_p":"1.071","three_pa":"3.741","three_p_pct":"0.286","ft":"6.388","fta":"7.259","ft_pct":"0.880","orb":"0.882","drb":"3.435","trb":"4.318","ast":"3.247","stl":"0.482","blk":"0.059","tov":"2.318","pf":"2.447","pts":"26.188"},{"game_id":1034,"team_name":"PHO","player_id":"{\"bridgmi01\"}","player_name":"{\"Mikal Bridges\"}","fg":"6.153","fga":"10.259","fg_pct":"0.600","three_p":"2.718","three_pa":"5.212","three_p_pct":"0.521","ft":"1.612","fta":"1.847","ft_pct":"0.873","orb":"0.929","drb":"2.247","trb":"3.176","ast":"2.141","stl":"1.600","blk":"1.282","tov":"0.741","pf":"1.506","pts":"16.635"},{"game_id":1034,"team_name":"PHO","player_id":"{\"paulch01\"}","player_name":"{\"Chris Paul\"}","fg":"6.365","fga":"12.553","fg_pct":"0.507","three_p":"1.741","three_pa":"3.459","three_p_pct":"0.503","ft":"2.400","fta":"2.541","ft_pct":"0.945","orb":"0.129","drb":"3.894","trb":"4.024","ast":"9.847","stl":"1.647","blk":"0.624","tov":"2.753","pf":"2.718","pts":"16.871"},{"game_id":1034,"team_name":"PHO","player_id":"{\"aytonde01\"}","player_name":"{\"Deandre Ayton\"}","fg":"4.871","fga":"7.435","fg_pct":"0.655","three_p":"0.000","three_pa":"0.000","three_p_pct":"NaN","ft":"1.776","fta":"2.212","ft_pct":"0.803","orb":"3.118","drb":"6.494","trb":"9.612","ast":"1.776","stl":"0.965","blk":"1.447","tov":"0.600","pf":"2.718","pts":"11.518"},{"game_id":1034,"team_name":"PHO","player_id":"{\"crowdja01\"}","player_name":"{\"Jae Crowder\"}","fg":"3.047","fga":"8.059","fg_pct":"0.378","three_p":"2.706","three_pa":"6.753","three_p_pct":"0.401","ft":"0.753","fta":"1.259","ft_pct":"0.598","orb":"0.788","drb":"2.188","trb":"2.976","ast":"2.235","stl":"0.600","blk":"0.671","tov":"0.753","pf":"2.847","pts":"9.553"},{"game_id":1034,"team_name":"PHO","player_id":"benchPHO","player_name":"Bench of PHO","fg":"3.498","fga":"7.105","fg_pct":"0.492","three_p":"1.120","three_pa":"2.996","three_p_pct":"0.374","ft":"0.937","fta":"1.209","ft_pct":"0.775","orb":"0.984","drb":"3.138","trb":"4.122","ast":"1.639","stl":"0.388","blk":"0.547","tov":"0.746","pf":"1.897","pts":"9.052"}]