[{"game_id":1025,"team_name":"POR","player_id":"{\"littlna01\"}","player_name":"{\"Nassir Little\"}","fg":"1.341","fga":"3.106","fg_pct":"0.432","three_p":"0.200","three_pa":"0.988","three_p_pct":"0.202","ft":"0.341","fta":"0.635","ft_pct":"0.537","orb":"0.624","drb":"1.929","trb":"2.553","ast":"0.388","stl":"0.000","blk":"0.059","tov":"0.353","pf":"0.529","pts":"3.224"},{"game_id":1025,"team_name":"POR","player_id":"{\"lillada01\"}","player_name":"{\"Damian Lillard\"}","fg":"9.247","fga":"18.400","fg_pct":"0.503","three_p":"4.694","three_pa":"9.824","three_p_pct":"0.478","ft":"6.694","fta":"7.035","ft_pct":"0.952","orb":"0.365","drb":"3.753","trb":"4.118","ast":"7.906","stl":"1.318","blk":"0.165","tov":"2.506","pf":"1.153","pts":"29.882"},{"game_id":1025,"team_name":"POR","player_id":"{\"mccolcj01\"}","player_name":"{\"CJ McCollum\"}","fg":"7.918","fga":"17.212","fg_pct":"0.460","three_p":"2.671","three_pa":"6.800","three_p_pct":"0.393","ft":"2.847","fta":"3.459","ft_pct":"0.823","orb":"0.600","drb":"3.224","trb":"3.824","ast":"4.247","stl":"0.553","blk":"0.576","tov":"1.129","pf":"1.718","pts":"21.353"},{"game_id":1025,"team_name":"POR","player_id":"{\"powelno01\"}","player_name":"{\"Norman Powell\"}","fg":"5.847","fga":"13.529","fg_pct":"0.432","three_p":"1.988","three_pa":"5.212","three_p_pct":"0.381","ft":"3.435","fta":"3.682","ft_pct":"0.933","orb":"1.035","drb":"2.247","trb":"3.282","ast":"1.965","stl":"0.953","blk":"0.353","tov":"1.012","pf":"2.318","pts":"17.118"},{"game_id":1025,"team_name":"POR","player_id":"{\"covinro01\"}","player_name":"{\"Robert Covington\"}","fg":"2.059","fga":"7.000","fg_pct":"0.294","three_p":"1.706","three_pa":"5.071","three_p_pct":"0.336","ft":"0.506","fta":"0.612","ft_pct":"0.827","orb":"1.282","drb":"6.153","trb":"7.435","ast":"1.835","stl":"1.071","blk":"1.106","tov":"0.294","pf":"2.871","pts":"6.329"},{"game_id":1025,"team_name":"POR","player_id":"{\"nurkiju01\"}","player_name":"{\"Jusuf Nurkić\"}","fg":"5.988","fga":"10.612","fg_pct":"0.564","three_p":"0.282","three_pa":"0.400","three_p_pct":"0.705","ft":"1.988","fta":"3.341","ft_pct":"0.595","orb":"2.600","drb":"8.659","trb":"11.259","ast":"3.424","stl":"0.612","blk":"0.953","tov":"1.635","pf":"2.106","pts":"14.247"},{"game_id":1025,"team_name":"POR","player_id":"benchPOR","player_name":"Bench of POR","fg":"1.488","fga":"3.223","fg_pct":"0.462","three_p":"0.408","three_pa":"1.186","three_p_pct":"0.344","ft":"0.430","fta":"0.651","ft_pct":"0.661","orb":"0.614","drb":"1.554","trb":"2.168","ast":"0.668","stl":"0.238","blk":"0.242","tov":"0.421","pf":"1.102","pts":"3.813"},{"game_id":1025,"team_name":"HOU","player_id":"{\"martike04\"}","player_name":"{\"Kenyon Martin Jr.\"}","fg":"7.000","fga":"13.129","fg_pct":"0.533","three_p":"1.965","three_pa":"4.459","three_p_pct":"0.441","ft":"1.588","fta":"2.271","ft_pct":"0.699","orb":"1.729","drb":"5.059","trb":"6.788","ast":"2.212","stl":"0.824","blk":"0.871","tov":"0.976","pf":"2.765","pts":"17.553"},{"game_id":1025,"team_name":"HOU","player_id":"{\"tateja01\"}","player_name":"{\"Jae'Sean Tate\"}","fg":"5.035","fga":"12.071","fg_pct":"0.417","three_p":"0.882","three_pa":"3.612","three_p_pct":"0.244","ft":"1.294","fta":"2.659","ft_pct":"0.487","orb":"1.435","drb":"4.165","trb":"5.600","ast":"4.459","stl":"1.741","blk":"0.141","tov":"2.259","pf":"3.282","pts":"12.247"},{"game_id":1025,"team_name":"HOU","player_id":"{\"thomakh01\"}","player_name":"{\"Khyri Thomas\"}","fg":"2.894","fga":"5.965","fg_pct":"0.485","three_p":"1.412","three_pa":"3.718","three_p_pct":"0.380","ft":"0.929","fta":"1.118","ft_pct":"0.831","orb":"0.553","drb":"0.753","trb":"1.306","ast":"0.906","stl":"1.518","blk":"0.447","tov":"0.600","pf":"1.435","pts":"8.129"},{"game_id":1025,"team_name":"HOU","player_id":"{\"olynyke01\"}","player_name":"{\"Kelly Olynyk\"}","fg":"6.694","fga":"12.918","fg_pct":"0.518","three_p":"1.447","three_pa":"4.482","three_p_pct":"0.323","ft":"5.224","fta":"6.482","ft_pct":"0.806","orb":"2.400","drb":"7.718","trb":"10.118","ast":"5.400","stl":"1.918","blk":"0.812","tov":"2.953","pf":"3.012","pts":"20.059"},{"game_id":1025,"team_name":"HOU","player_id":"{\"augusdj01\"}","player_name":"{\"D.J. Augustin\"}","fg":"2.518","fga":"6.682","fg_pct":"0.377","three_p":"1.565","three_pa":"3.729","three_p_pct":"0.420","ft":"2.247","fta":"2.588","ft_pct":"0.868","orb":"0.259","drb":"1.400","trb":"1.659","ast":"3.506","stl":"0.165","blk":"0.000","tov":"1.353","pf":"0.929","pts":"8.847"},{"game_id":1025,"team_name":"HOU","player_id":"{\"brookar01\"}","player_name":"{\"Armoni Brooks\"}","fg":"3.835","fga":"10.094","fg_pct":"0.380","three_p":"3.047","three_pa":"8.165","three_p_pct":"0.373","ft":"0.482","fta":"0.659","ft_pct":"0.731","orb":"0.447","drb":"2.718","trb":"3.165","ast":"2.200","stl":"0.706","blk":"0.435","tov":"1.435","pf":"1.988","pts":"11.200"},{"game_id":1025,"team_name":"HOU","player_id":"benchHOU","player_name":"Bench of HOU","fg":"2.475","fga":"5.688","fg_pct":"0.435","three_p":"1.110","three_pa":"3.236","three_p_pct":"0.343","ft":"0.754","fta":"1.049","ft_pct":"0.719","orb":"0.657","drb":"2.279","trb":"2.936","ast":"1.473","stl":"0.504","blk":"0.370","tov":"0.888","pf":"1.623","pts":"7.012"}]