[{"game_id":1031,"team_name":"IND","player_id":"teamIND","player_name":"Team name: IND","fg":"46.749","fga":"92.514","fg_pct":"0.505","three_p":"11.400","three_pa":"28.931","three_p_pct":"0.394","ft":"18.417","fta":"22.697","ft_pct":"0.811","orb":"7.800","drb":"36.560","trb":"44.360","ast":"30.234","stl":"8.057","blk":"7.674","tov":"13.811","pf":"19.709","pts":"123.314"},{"game_id":1031,"team_name":"PHI","player_id":"teamPHI","player_name":"Team name: PHI","fg":"42.971","fga":"87.954","fg_pct":"0.489","three_p":"12.057","three_pa":"31.251","three_p_pct":"0.386","ft":"18.909","fta":"24.040","ft_pct":"0.787","orb":"10.617","drb":"34.531","trb":"45.149","ast":"24.634","stl":"10.200","blk":"6.126","tov":"12.143","pf":"18.280","pts":"116.909"}]