[{"game_id":1239,"team_name":"LAC","player_id":"teamLAC","player_name":"Team name: LAC","fg":"41.200","fga":"85.017","fg_pct":"0.485","three_p":"11.760","three_pa":"30.909","three_p_pct":"0.380","ft":"21.909","fta":"27.074","ft_pct":"0.809","orb":"9.029","drb":"31.720","trb":"40.749","ast":"24.366","stl":"7.354","blk":"4.131","tov":"15.069","pf":"25.360","pts":"116.069"},{"game_id":1239,"team_name":"SAS","player_id":"teamSAS","player_name":"Team name: SAS","fg":"41.097","fga":"87.640","fg_pct":"0.469","three_p":"7.217","three_pa":"21.474","three_p_pct":"0.336","ft":"19.246","fta":"24.709","ft_pct":"0.779","orb":"11.326","drb":"35.886","trb":"47.211","ast":"22.669","stl":"4.926","blk":"5.171","tov":"10.749","pf":"19.177","pts":"108.657"}]