[{"game_id":1249,"team_name":"DET","player_id":"teamDET","player_name":"Team name: DET","fg":"38.817","fga":"87.200","fg_pct":"0.445","three_p":"10.571","three_pa":"29.269","three_p_pct":"0.361","ft":"16.194","fta":"21.777","ft_pct":"0.744","orb":"9.646","drb":"32.891","trb":"42.537","ast":"23.046","stl":"6.931","blk":"4.640","tov":"15.571","pf":"21.766","pts":"104.400"},{"game_id":1249,"team_name":"BRK","player_id":"teamBRK","player_name":"Team name: BRK","fg":"40.577","fga":"91.474","fg_pct":"0.444","three_p":"13.257","three_pa":"35.040","three_p_pct":"0.378","ft":"21.971","fta":"29.749","ft_pct":"0.739","orb":"11.777","drb":"35.017","trb":"46.794","ast":"21.594","stl":"7.646","blk":"4.429","tov":"17.069","pf":"22.966","pts":"116.383"}]