[{"game_id":1250,"team_name":"ORL","player_id":"teamORL","player_name":"Team name: ORL","ts_pct":"0.509","efg_pct":"0.457","three_par":"0.400","ftr":"0.243","orb_pct":"4.801","drb_pct":"17.384","trb_pct":"10.542","ast_pct":"17.152","stl_pct":"1.830","blk_pct":"1.750","tov_pct":"13.945","usg_pct":"21.963","ortg":"101.117","drtg":"115.465","bpm":"-0.956"},{"game_id":1250,"team_name":"DEN","player_id":"teamDEN","player_name":"Team name: DEN","ts_pct":"0.503","efg_pct":"0.457","three_par":"0.326","ftr":"0.346","orb_pct":"5.033","drb_pct":"14.323","trb_pct":"9.561","ast_pct":"13.544","stl_pct":"1.197","blk_pct":"1.791","tov_pct":"8.588","usg_pct":"18.994","ortg":"107.925","drtg":"113.201","bpm":"-0.788"}]