[{"game_id":1238,"team_name":"NOP","player_id":"{\"hayesja02\"}","player_name":"{\"Jaxson Hayes\"}","fg":"9.000","fga":"11.000","fg_pct":"0.818","three_p":"0.000","three_pa":"1.000","three_p_pct":"0.000","ft":"1.000","fta":"3.000","ft_pct":"0.333","orb":"1.000","drb":"2.000","trb":"3.000","ast":"1.000","stl":"1.000","blk":"1.000","tov":"0.000","pf":"3.000","pts":"19.000"},{"game_id":1238,"team_name":"NOP","player_id":"{\"ingrabr01\"}","player_name":"{\"Brandon Ingram\"}","fg":"10.494","fga":"19.718","fg_pct":"0.532","three_p":"2.624","three_pa":"5.118","three_p_pct":"0.513","ft":"3.976","fta":"5.400","ft_pct":"0.736","orb":"1.271","drb":"7.318","trb":"8.588","ast":"3.729","stl":"0.494","blk":"1.024","tov":"2.318","pf":"3.494","pts":"27.588"},{"game_id":1238,"team_name":"NOP","player_id":"{\"okafoja01\"}","player_name":"{\"Jahlil Okafor\"}","fg":"5.259","fga":"7.812","fg_pct":"0.673","three_p":"0.094","three_pa":"0.200","three_p_pct":"0.470","ft":"0.871","fta":"1.259","ft_pct":"0.692","orb":"1.624","drb":"4.176","trb":"5.800","ast":"1.129","stl":"0.365","blk":"0.835","tov":"1.659","pf":"2.447","pts":"11.482"},{"game_id":1238,"team_name":"NOP","player_id":"{\"willike04\"}","player_name":"{\"Kenrich Williams\"}","fg":"2.788","fga":"6.624","fg_pct":"0.421","three_p":"1.459","three_pa":"4.000","three_p_pct":"0.365","ft":"0.800","fta":"1.388","ft_pct":"0.576","orb":"1.812","drb":"3.600","trb":"5.412","ast":"2.988","stl":"1.635","blk":"0.859","tov":"0.600","pf":"2.729","pts":"7.835"},{"game_id":1238,"team_name":"NOP","player_id":"{\"holidjr01\"}","player_name":"{\"Jrue Holiday\"}","fg":"7.482","fga":"16.776","fg_pct":"0.446","three_p":"1.882","three_pa":"6.094","three_p_pct":"0.309","ft":"2.224","fta":"2.906","ft_pct":"0.765","orb":"0.694","drb":"3.329","trb":"4.024","ast":"6.224","stl":"1.600","blk":"0.506","tov":"2.882","pf":"1.976","pts":"19.071"},{"game_id":1238,"team_name":"NOP","player_id":"{\"balllo01\"}","player_name":"{\"Lonzo Ball\"}","fg":"4.835","fga":"12.035","fg_pct":"0.402","three_p":"2.365","three_pa":"6.976","three_p_pct":"0.339","ft":"0.894","fta":"1.224","ft_pct":"0.730","orb":"1.000","drb":"4.341","trb":"5.341","ast":"8.059","stl":"1.706","blk":"0.153","tov":"1.635","pf":"2.353","pts":"12.929"},{"game_id":1238,"team_name":"NOP","player_id":"benchNOP","player_name":"Bench of NOP","fg":"3.523","fga":"8.553","fg_pct":"0.412","three_p":"1.704","three_pa":"4.707","three_p_pct":"0.362","ft":"1.253","fta":"1.600","ft_pct":"0.783","orb":"0.594","drb":"2.109","trb":"2.702","ast":"2.099","stl":"0.590","blk":"0.227","tov":"1.295","pf":"2.011","pts":"10.004"},{"game_id":1238,"team_name":"DEN","player_id":"{\"vandeja01\"}","player_name":"{\"Jarred Vanderbilt\"}","fg":"0.565","fga":"0.965","fg_pct":"0.585","three_p":"0.000","three_pa":"0.000","three_p_pct":"NaN","ft":"0.400","fta":"0.482","ft_pct":"0.830","orb":"0.294","drb":"0.635","trb":"0.929","ast":"0.094","stl":"0.365","blk":"0.153","tov":"0.541","pf":"0.588","pts":"1.529"},{"game_id":1238,"team_name":"DEN","player_id":"{\"hernaju01\"}","player_name":"{\"Juancho Hernangómez\"}","fg":"0.400","fga":"1.035","fg_pct":"0.386","three_p":"0.235","three_pa":"0.529","three_p_pct":"0.444","ft":"0.000","fta":"0.000","ft_pct":"NaN","orb":"0.082","drb":"0.859","trb":"0.941","ast":"0.424","stl":"0.153","blk":"0.000","tov":"0.129","pf":"0.741","pts":"1.035"},{"game_id":1238,"team_name":"DEN","player_id":"{\"harriga01\"}","player_name":"{\"Gary Harris\"}","fg":"4.988","fga":"11.471","fg_pct":"0.435","three_p":"1.624","three_pa":"4.576","three_p_pct":"0.355","ft":"2.506","fta":"2.741","ft_pct":"0.914","orb":"0.624","drb":"3.588","trb":"4.212","ast":"2.000","stl":"1.482","blk":"0.129","tov":"1.682","pf":"3.153","pts":"14.106"},{"game_id":1238,"team_name":"DEN","player_id":"{\"beaslma01\"}","player_name":"{\"Malik Beasley\"}","fg":"2.635","fga":"6.682","fg_pct":"0.394","three_p":"1.294","three_pa":"3.518","three_p_pct":"0.368","ft":"1.235","fta":"1.529","ft_pct":"0.808","orb":"0.576","drb":"1.271","trb":"1.847","ast":"0.776","stl":"0.718","blk":"0.141","tov":"0.588","pf":"2.059","pts":"7.800"},{"game_id":1238,"team_name":"DEN","player_id":"{\"jokicni01\"}","player_name":"{\"Nikola Jokić\"}","fg":"7.741","fga":"16.294","fg_pct":"0.475","three_p":"1.059","three_pa":"3.400","three_p_pct":"0.311","ft":"3.624","fta":"4.600","ft_pct":"0.788","orb":"3.541","drb":"9.800","trb":"13.341","ast":"6.988","stl":"1.118","blk":"0.941","tov":"3.624","pf":"4.141","pts":"20.165"},{"game_id":1238,"team_name":"DEN","player_id":"{\"murraja01\"}","player_name":"{\"Jamal Murray\"}","fg":"6.894","fga":"17.318","fg_pct":"0.398","three_p":"1.800","three_pa":"5.929","three_p_pct":"0.304","ft":"5.188","fta":"5.659","ft_pct":"0.917","orb":"1.518","drb":"4.659","trb":"6.176","ast":"4.035","stl":"0.588","blk":"0.212","tov":"1.435","pf":"2.282","pts":"20.776"},{"game_id":1238,"team_name":"DEN","player_id":"benchDEN","player_name":"Bench of DEN","fg":"2.479","fga":"5.846","fg_pct":"0.424","three_p":"0.657","three_pa":"1.872","three_p_pct":"0.351","ft":"1.268","fta":"1.735","ft_pct":"0.731","orb":"1.084","drb":"2.515","trb":"3.598","ast":"1.296","stl":"0.403","blk":"0.610","tov":"0.642","pf":"1.731","pts":"7.083"}]