[{"game_id":1233,"team_name":"WAS","player_id":"teamWAS","player_name":"Team name: WAS","fg":"42.091","fga":"95.166","fg_pct":"0.442","three_p":"10.851","three_pa":"34.063","three_p_pct":"0.319","ft":"15.206","fta":"20.383","ft_pct":"0.746","orb":"11.337","drb":"34.989","trb":"46.326","ast":"25.057","stl":"6.914","blk":"4.994","tov":"12.314","pf":"19.589","pts":"110.240"},{"game_id":1233,"team_name":"HOU","player_id":"teamHOU","player_name":"Team name: HOU","fg":"37.931","fga":"86.354","fg_pct":"0.439","three_p":"14.566","three_pa":"43.503","three_p_pct":"0.335","ft":"21.583","fta":"27.326","ft_pct":"0.790","orb":"10.063","drb":"34.131","trb":"44.194","ast":"20.389","stl":"7.674","blk":"4.771","tov":"15.103","pf":"22.429","pts":"112.011"}]