[{"game_id":1040,"team_name":"DAL","player_id":"{\"burketr01\"}","player_name":"{\"Trey Burke\"}","ts_pct":"0.510","efg_pct":"0.428","three_par":"0.426","ftr":"0.287","orb_pct":"3.126","drb_pct":"2.500","trb_pct":"2.688","ast_pct":"7.253","stl_pct":"1.162","blk_pct":"2.286","tov_pct":"6.331","usg_pct":"22.065","ortg":"106.365","drtg":"118.129","bpm":"-6.393"},{"game_id":1040,"team_name":"DAL","player_id":"{\"mellini01\"}","player_name":"{\"Nicolò Melli\"}","ts_pct":"0.397","efg_pct":"0.440","three_par":"0.528","ftr":"0.412","orb_pct":"5.055","drb_pct":"18.426","trb_pct":"11.592","ast_pct":"6.839","stl_pct":"0.382","blk_pct":"0.476","tov_pct":"3.493","usg_pct":"16.929","ortg":"92.541","drtg":"119.376","bpm":"-6.214"},{"game_id":1040,"team_name":"DAL","player_id":"{\"greenjo02\"}","player_name":"{\"Josh Green\"}","ts_pct":"0.538","efg_pct":"0.535","three_par":"0.226","ftr":"0.235","orb_pct":"9.041","drb_pct":"11.159","trb_pct":"10.284","ast_pct":"9.774","stl_pct":"3.400","blk_pct":"0.000","tov_pct":"6.064","usg_pct":"11.095","ortg":"129.694","drtg":"111.682","bpm":"-0.913"},{"game_id":1040,"team_name":"DAL","player_id":"{\"hintona01\"}","player_name":"{\"Nate Hinton\"}","ts_pct":"0.387","efg_pct":"0.381","three_par":"0.305","ftr":"0.126","orb_pct":"4.367","drb_pct":"14.867","trb_pct":"10.285","ast_pct":"10.484","stl_pct":"3.341","blk_pct":"0.880","tov_pct":"2.647","usg_pct":"16.156","ortg":"81.188","drtg":"106.094","bpm":"0.662"},{"game_id":1040,"team_name":"DAL","player_id":"{\"marjabo01\"}","player_name":"{\"Boban Marjanović\"}","ts_pct":"0.602","efg_pct":"0.517","three_par":"0.064","ftr":"0.442","orb_pct":"19.342","drb_pct":"32.567","trb_pct":"24.849","ast_pct":"2.922","stl_pct":"0.494","blk_pct":"1.992","tov_pct":"1.400","usg_pct":"21.781","ortg":"135.800","drtg":"111.471","bpm":"1.467"},{"game_id":1040,"team_name":"DAL","player_id":"{\"beyty01\"}","player_name":"{\"Tyler Bey\"}","ts_pct":"0.329","efg_pct":"0.324","three_par":"0.160","ftr":"0.021","orb_pct":"12.311","drb_pct":"14.469","trb_pct":"13.445","ast_pct":"7.153","stl_pct":"0.000","blk_pct":"0.000","tov_pct":"8.112","usg_pct":"16.234","ortg":"75.588","drtg":"116.353","bpm":"-7.858"},{"game_id":1040,"team_name":"DAL","player_id":"benchDAL","player_name":"Bench of DAL","ts_pct":"0.626","efg_pct":"0.598","three_par":"0.395","ftr":"0.274","orb_pct":"5.189","drb_pct":"17.513","trb_pct":"11.213","ast_pct":"15.867","stl_pct":"1.428","blk_pct":"1.765","tov_pct":"12.038","usg_pct":"21.189","ortg":"123.120","drtg":"114.607","bpm":"0.855"},{"game_id":1040,"team_name":"NOP","player_id":"{\"nunnaja01\"}","player_name":"{\"James Nunnally\"}","ts_pct":"0.538","efg_pct":"0.457","three_par":"0.638","ftr":"0.000","orb_pct":"7.576","drb_pct":"6.633","trb_pct":"7.291","ast_pct":"5.104","stl_pct":"0.000","blk_pct":"0.000","tov_pct":"2.941","usg_pct":"13.307","ortg":"113.200","drtg":"119.176","bpm":"1.220"},{"game_id":1040,"team_name":"NOP","player_id":"{\"alexani01\"}","player_name":"{\"Nickeil Alexander-Walker\"}","ts_pct":"0.528","efg_pct":"0.518","three_par":"0.463","ftr":"0.150","orb_pct":"1.487","drb_pct":"13.768","trb_pct":"7.759","ast_pct":"16.884","stl_pct":"2.073","blk_pct":"2.394","tov_pct":"10.668","usg_pct":"24.753","ortg":"101.176","drtg":"110.635","bpm":"-0.981"},{"game_id":1040,"team_name":"NOP","player_id":"{\"marshna01\"}","player_name":"{\"Naji Marshall\"}","ts_pct":"0.498","efg_pct":"0.474","three_par":"0.422","ftr":"0.191","orb_pct":"3.869","drb_pct":"20.158","trb_pct":"11.711","ast_pct":"15.104","stl_pct":"2.244","blk_pct":"1.809","tov_pct":"10.585","usg_pct":"16.778","ortg":"105.365","drtg":"105.918","bpm":"-0.133"},{"game_id":1040,"team_name":"NOP","player_id":"{\"hernawi01\"}","player_name":"{\"Willy Hernangómez\"}","ts_pct":"0.583","efg_pct":"0.551","three_par":"0.017","ftr":"0.355","orb_pct":"13.011","drb_pct":"26.249","trb_pct":"19.409","ast_pct":"10.493","stl_pct":"1.913","blk_pct":"1.826","tov_pct":"17.034","usg_pct":"18.338","ortg":"118.800","drtg":"104.941","bpm":"-0.272"},{"game_id":1040,"team_name":"NOP","player_id":"{\"gabriwe01\"}","player_name":"{\"Wenyen Gabriel\"}","ts_pct":"0.371","efg_pct":"0.343","three_par":"0.389","ftr":"0.274","orb_pct":"10.533","drb_pct":"15.232","trb_pct":"12.964","ast_pct":"1.480","stl_pct":"4.079","blk_pct":"4.599","tov_pct":"28.435","usg_pct":"17.360","ortg":"77.059","drtg":"102.129","bpm":"-5.682"},{"game_id":1040,"team_name":"NOP","player_id":"{\"bledser01\"}","player_name":"{\"Eric Bledsoe\"}","ts_pct":"0.523","efg_pct":"0.500","three_par":"0.396","ftr":"0.386","orb_pct":"1.536","drb_pct":"12.313","trb_pct":"6.636","ast_pct":"21.651","stl_pct":"2.048","blk_pct":"1.279","tov_pct":"11.071","usg_pct":"20.469","ortg":"107.400","drtg":"108.565","bpm":"-0.053"},{"game_id":1040,"team_name":"NOP","player_id":"benchNOP","player_name":"Bench of NOP","ts_pct":"0.451","efg_pct":"0.417","three_par":"0.264","ftr":"0.261","orb_pct":"5.042","drb_pct":"12.180","trb_pct":"8.593","ast_pct":"9.852","stl_pct":"1.446","blk_pct":"2.419","tov_pct":"8.930","usg_pct":"16.442","ortg":"93.799","drtg":"109.739","bpm":"-4.264"}]