[{"game_id":114,"team_name":"PHO","player_id":"teamPHO","player_name":"Team name: PHO","ts_pct":"0.581","efg_pct":"0.542","three_par":"0.492","ftr":"0.233","orb_pct":"6.185","drb_pct":"17.134","trb_pct":"11.839","ast_pct":"15.973","stl_pct":"1.301","blk_pct":"1.613","tov_pct":"13.674","usg_pct":"21.905","ortg":"120.955","drtg":"118.942","bpm":"-0.337"},{"game_id":114,"team_name":"TOR","player_id":"teamTOR","player_name":"Team name: TOR","ts_pct":"0.479","efg_pct":"0.451","three_par":"0.488","ftr":"0.228","orb_pct":"3.757","drb_pct":"16.841","trb_pct":"9.948","ast_pct":"13.375","stl_pct":"1.506","blk_pct":"3.098","tov_pct":"15.172","usg_pct":"19.341","ortg":"98.489","drtg":"112.916","bpm":"-1.751"}]