[{"game_id":124,"team_name":"NOP","player_id":"teamNOP","player_name":"Team name: NOP","fg":"40.286","fga":"86.766","fg_pct":"0.464","three_p":"9.251","three_pa":"30.360","three_p_pct":"0.305","ft":"18.954","fta":"26.177","ft_pct":"0.724","orb":"10.937","drb":"37.440","trb":"48.377","ast":"22.874","stl":"8.457","blk":"3.960","tov":"15.497","pf":"17.834","pts":"108.777"},{"game_id":124,"team_name":"CHO","player_id":"teamCHO","player_name":"Team name: CHO","fg":"38.926","fga":"89.326","fg_pct":"0.436","three_p":"13.251","three_pa":"36.354","three_p_pct":"0.364","ft":"17.697","fta":"23.531","ft_pct":"0.752","orb":"10.817","drb":"33.949","trb":"44.766","ast":"28.091","stl":"9.040","blk":"5.114","tov":"13.726","pf":"19.457","pts":"108.800"}]