[{"game_id":107,"team_name":"ORL","player_id":"{\"fultzma01\"}","player_name":"{\"Markelle Fultz\"}","fg":"5.341","fga":"13.918","fg_pct":"0.384","three_p":"0.706","three_pa":"2.518","three_p_pct":"0.280","ft":"1.753","fta":"2.059","ft_pct":"0.851","orb":"0.541","drb":"2.788","trb":"3.329","ast":"6.247","stl":"0.976","blk":"0.282","tov":"2.659","pf":"2.753","pts":"13.141"},{"game_id":107,"team_name":"ORL","player_id":"{\"vucevni01\"}","player_name":"{\"Nikola Vučević\"}","fg":"9.012","fga":"17.424","fg_pct":"0.517","three_p":"2.812","three_pa":"6.165","three_p_pct":"0.456","ft":"1.882","fta":"2.447","ft_pct":"0.769","orb":"1.894","drb":"8.929","trb":"10.824","ast":"3.376","stl":"1.071","blk":"0.659","tov":"0.976","pf":"1.294","pts":"22.718"},{"game_id":107,"team_name":"ORL","player_id":"{\"bambamo01\"}","player_name":"{\"Mo Bamba\"}","fg":"1.071","fga":"3.047","fg_pct":"0.351","three_p":"0.341","three_pa":"1.306","three_p_pct":"0.261","ft":"0.353","fta":"0.635","ft_pct":"0.556","orb":"1.482","drb":"2.024","trb":"3.506","ast":"0.706","stl":"0.365","blk":"0.553","tov":"0.306","pf":"1.306","pts":"2.835"},{"game_id":107,"team_name":"ORL","player_id":"{\"maneka01\"}","player_name":"{\"Karim Mané\"}","fg":"0.000","fga":"1.440","fg_pct":"0.000","three_p":"0.000","three_pa":"0.000","three_p_pct":"NaN","ft":"0.000","fta":"0.000","ft_pct":"NaN","orb":"0.000","drb":"1.920","trb":"1.920","ast":"0.000","stl":"0.000","blk":"0.000","tov":"0.000","pf":"0.480","pts":"0.000"},{"game_id":107,"team_name":"ORL","player_id":"{\"anthoco01\"}","player_name":"{\"Cole Anthony\"}","fg":"2.614","fga":"9.329","fg_pct":"0.280","three_p":"0.600","three_pa":"2.443","three_p_pct":"0.246","ft":"2.871","fta":"3.057","ft_pct":"0.939","orb":"1.457","drb":"3.671","trb":"5.129","ast":"3.214","stl":"0.343","blk":"0.186","tov":"0.800","pf":"1.957","pts":"8.700"},{"game_id":107,"team_name":"ORL","player_id":"{\"bacondw01\"}","player_name":"{\"Dwayne Bacon\"}","fg":"2.718","fga":"6.482","fg_pct":"0.419","three_p":"0.624","three_pa":"1.988","three_p_pct":"0.314","ft":"0.600","fta":"0.729","ft_pct":"0.823","orb":"0.188","drb":"3.388","trb":"3.576","ast":"0.929","stl":"0.435","blk":"0.106","tov":"1.129","pf":"1.247","pts":"6.659"},{"game_id":107,"team_name":"ORL","player_id":"benchORL","player_name":"Bench of ORL","fg":"3.370","fga":"7.662","fg_pct":"0.440","three_p":"1.117","three_pa":"3.296","three_p_pct":"0.339","ft":"1.572","fta":"1.941","ft_pct":"0.810","orb":"1.237","drb":"3.506","trb":"4.743","ast":"1.176","stl":"0.785","blk":"0.312","tov":"1.036","pf":"1.864","pts":"9.429"},{"game_id":107,"team_name":"CLE","player_id":"{\"boldema01\"}","player_name":"{\"Marques Bolden\"}","fg":"0.200","fga":"0.436","fg_pct":"0.459","three_p":"0.000","three_pa":"0.000","three_p_pct":"NaN","ft":"0.655","fta":"1.236","ft_pct":"0.530","orb":"0.000","drb":"0.782","trb":"0.782","ast":"0.000","stl":"0.400","blk":"0.000","tov":"0.000","pf":"0.164","pts":"1.055"},{"game_id":107,"team_name":"CLE","player_id":"{\"sextoco01\"}","player_name":"{\"Collin Sexton\"}","fg":"10.035","fga":"18.118","fg_pct":"0.554","three_p":"1.612","three_pa":"3.353","three_p_pct":"0.481","ft":"3.882","fta":"4.565","ft_pct":"0.850","orb":"0.471","drb":"1.706","trb":"2.176","ast":"3.553","stl":"1.435","blk":"0.129","tov":"3.106","pf":"2.929","pts":"25.565"},{"game_id":107,"team_name":"CLE","player_id":"{\"osmande01\"}","player_name":"{\"Cedi Osman\"}","fg":"4.329","fga":"11.518","fg_pct":"0.376","three_p":"2.471","three_pa":"6.341","three_p_pct":"0.390","ft":"1.424","fta":"1.929","ft_pct":"0.738","orb":"0.753","drb":"2.976","trb":"3.729","ast":"2.682","stl":"0.847","blk":"0.329","tov":"0.918","pf":"2.165","pts":"12.553"},{"game_id":107,"team_name":"CLE","player_id":"{\"nancela02\"}","player_name":"{\"Larry Nance Jr.\"}","fg":"3.682","fga":"7.965","fg_pct":"0.462","three_p":"1.106","three_pa":"3.471","three_p_pct":"0.319","ft":"0.835","fta":"1.106","ft_pct":"0.755","orb":"1.800","drb":"4.682","trb":"6.482","ast":"4.553","stl":"2.341","blk":"0.600","tov":"1.459","pf":"1.741","pts":"9.306"},{"game_id":107,"team_name":"CLE","player_id":"{\"okorois01\"}","player_name":"{\"Isaac Okoro\"}","fg":"1.920","fga":"4.480","fg_pct":"0.429","three_p":"0.480","three_pa":"2.520","three_p_pct":"0.190","ft":"0.960","fta":"0.960","ft_pct":"1.000","orb":"0.000","drb":"3.000","trb":"3.000","ast":"2.400","stl":"0.520","blk":"0.000","tov":"2.000","pf":"2.560","pts":"5.280"},{"game_id":107,"team_name":"CLE","player_id":"{\"drumman01\"}","player_name":"{\"Andre Drummond\"}","fg":"7.129","fga":"14.788","fg_pct":"0.482","three_p":"0.000","three_pa":"0.800","three_p_pct":"0.000","ft":"2.765","fta":"5.165","ft_pct":"0.535","orb":"3.647","drb":"9.824","trb":"13.471","ast":"2.871","stl":"1.741","blk":"1.776","tov":"3.000","pf":"2.788","pts":"17.024"},{"game_id":107,"team_name":"CLE","player_id":"benchCLE","player_name":"Bench of CLE","fg":"1.661","fga":"4.216","fg_pct":"0.394","three_p":"0.482","three_pa":"1.306","three_p_pct":"0.369","ft":"0.656","fta":"1.151","ft_pct":"0.570","orb":"0.714","drb":"1.672","trb":"2.386","ast":"0.636","stl":"0.623","blk":"0.326","tov":"0.641","pf":"1.342","pts":"4.460"}]