[{"game_id":104,"team_name":"LAC","player_id":"teamLAC","player_name":"Team name: LAC","ts_pct":"0.617","efg_pct":"0.590","three_par":"0.452","ftr":"0.310","orb_pct":"4.775","drb_pct":"18.389","trb_pct":"11.478","ast_pct":"16.666","stl_pct":"1.381","blk_pct":"2.265","tov_pct":"11.720","usg_pct":"21.235","ortg":"125.925","drtg":"138.881","bpm":"-1.535"},{"game_id":104,"team_name":"SAS","player_id":"teamSAS","player_name":"Team name: SAS","ts_pct":"0.537","efg_pct":"0.501","three_par":"0.298","ftr":"0.309","orb_pct":"4.325","drb_pct":"15.742","trb_pct":"10.055","ast_pct":"14.505","stl_pct":"1.402","blk_pct":"2.345","tov_pct":"11.861","usg_pct":"20.372","ortg":"105.530","drtg":"115.003","bpm":"-0.946"}]