[{"game_id":1141,"team_name":"LAC","player_id":"{\"georgpa01\"}","player_name":"{\"Paul George\"}","fg":"7.000","fga":"16.941","fg_pct":"0.413","three_p":"2.412","three_pa":"7.282","three_p_pct":"0.331","ft":"6.718","fta":"7.518","ft_pct":"0.894","orb":"0.824","drb":"8.576","trb":"9.400","ast":"5.447","stl":"0.647","blk":"0.671","tov":"3.247","pf":"3.400","pts":"23.129"},{"game_id":1141,"team_name":"LAC","player_id":"{\"leonaka01\"}","player_name":"{\"Kawhi Leonard\"}","fg":"10.506","fga":"18.188","fg_pct":"0.578","three_p":"2.141","three_pa":"5.094","three_p_pct":"0.420","ft":"5.212","fta":"5.800","ft_pct":"0.899","orb":"1.906","drb":"4.976","trb":"6.882","ast":"4.765","stl":"2.000","blk":"0.694","tov":"2.271","pf":"3.000","pts":"28.365"},{"game_id":1141,"team_name":"LAC","player_id":"{\"batumni01\"}","player_name":"{\"Nicolas Batum\"}","fg":"2.729","fga":"5.706","fg_pct":"0.478","three_p":"1.271","three_pa":"3.612","three_p_pct":"0.352","ft":"1.494","fta":"1.835","ft_pct":"0.814","orb":"0.965","drb":"3.976","trb":"4.941","ast":"2.200","stl":"1.494","blk":"0.471","tov":"0.506","pf":"1.447","pts":"8.224"},{"game_id":1141,"team_name":"LAC","player_id":"{\"coffeam01\"}","player_name":"{\"Amir Coffey\"}","fg":"1.071","fga":"2.612","fg_pct":"0.410","three_p":"0.447","three_pa":"1.118","three_p_pct":"0.400","ft":"1.329","fta":"1.565","ft_pct":"0.849","orb":"0.294","drb":"0.835","trb":"1.129","ast":"0.553","stl":"0.176","blk":"0.000","tov":"0.294","pf":"1.388","pts":"3.918"},{"game_id":1141,"team_name":"LAC","player_id":"{\"ferreyo01\"}","player_name":"{\"Yogi Ferrell\"}","fg":"0.988","fga":"3.118","fg_pct":"0.317","three_p":"0.424","three_pa":"1.682","three_p_pct":"0.252","ft":"0.447","fta":"0.447","ft_pct":"1.000","orb":"0.235","drb":"1.200","trb":"1.435","ast":"1.024","stl":"0.329","blk":"0.212","tov":"0.000","pf":"0.659","pts":"2.847"},{"game_id":1141,"team_name":"LAC","player_id":"{\"jacksre01\"}","player_name":"{\"Reggie Jackson\"}","fg":"5.776","fga":"12.059","fg_pct":"0.479","three_p":"3.329","three_pa":"7.565","three_p_pct":"0.440","ft":"2.012","fta":"2.247","ft_pct":"0.895","orb":"0.259","drb":"2.588","trb":"2.847","ast":"2.482","stl":"0.388","blk":"0.059","tov":"1.306","pf":"2.788","pts":"16.894"},{"game_id":1141,"team_name":"LAC","player_id":"benchLAC","player_name":"Bench of LAC","fg":"2.124","fga":"4.902","fg_pct":"0.433","three_p":"0.725","three_pa":"2.087","three_p_pct":"0.347","ft":"0.658","fta":"0.852","ft_pct":"0.772","orb":"0.866","drb":"1.824","trb":"2.690","ast":"0.766","stl":"0.348","blk":"0.451","tov":"0.337","pf":"1.590","pts":"5.632"},{"game_id":1141,"team_name":"UTA","player_id":"{\"onimi01\"}","player_name":"{\"Miye Oni\"}","fg":"0.165","fga":"0.776","fg_pct":"0.213","three_p":"0.165","three_pa":"0.729","three_p_pct":"0.226","ft":"0.000","fta":"0.000","ft_pct":"NaN","orb":"0.565","drb":"0.071","trb":"0.635","ast":"0.188","stl":"0.188","blk":"0.000","tov":"0.000","pf":"1.259","pts":"0.494"},{"game_id":1141,"team_name":"UTA","player_id":"{\"bogdabo02\"}","player_name":"{\"Bojan Bogdanović\"}","fg":"5.776","fga":"12.235","fg_pct":"0.472","three_p":"2.518","three_pa":"5.553","three_p_pct":"0.453","ft":"3.447","fta":"3.894","ft_pct":"0.885","orb":"0.435","drb":"4.212","trb":"4.647","ast":"1.706","stl":"0.976","blk":"0.000","tov":"2.165","pf":"1.624","pts":"17.518"},{"game_id":1141,"team_name":"UTA","player_id":"{\"onealro01\"}","player_name":"{\"Royce O'Neale\"}","fg":"3.200","fga":"6.612","fg_pct":"0.484","three_p":"2.035","three_pa":"4.671","three_p_pct":"0.436","ft":"1.094","fta":"1.318","ft_pct":"0.830","orb":"1.424","drb":"5.259","trb":"6.682","ast":"2.188","stl":"1.176","blk":"0.400","tov":"0.541","pf":"3.306","pts":"9.529"},{"game_id":1141,"team_name":"UTA","player_id":"{\"thomama02\"}","player_name":"{\"Matt Thomas\"}","fg":"0.647","fga":"2.471","fg_pct":"0.262","three_p":"0.271","three_pa":"1.318","three_p_pct":"0.206","ft":"0.494","fta":"0.600","ft_pct":"0.823","orb":"0.176","drb":"0.929","trb":"1.106","ast":"0.447","stl":"0.141","blk":"0.000","tov":"0.188","pf":"0.329","pts":"2.059"},{"game_id":1141,"team_name":"UTA","player_id":"{\"forretr01\"}","player_name":"{\"Trent Forrest\"}","fg":"1.776","fga":"4.188","fg_pct":"0.424","three_p":"0.353","three_pa":"1.694","three_p_pct":"0.208","ft":"1.329","fta":"1.329","ft_pct":"1.000","orb":"1.200","drb":"1.847","trb":"3.047","ast":"1.400","stl":"0.518","blk":"0.129","tov":"1.082","pf":"1.224","pts":"5.235"},{"game_id":1141,"team_name":"UTA","player_id":"{\"ilyaser01\"}","player_name":"{\"Ersan İlyasova\"}","fg":"1.365","fga":"3.659","fg_pct":"0.373","three_p":"1.224","three_pa":"2.565","three_p_pct":"0.477","ft":"0.282","fta":"0.282","ft_pct":"1.000","orb":"0.482","drb":"1.341","trb":"1.824","ast":"0.224","stl":"0.565","blk":"0.235","tov":"0.588","pf":"1.906","pts":"4.235"},{"game_id":1141,"team_name":"UTA","player_id":"benchUTA","player_name":"Bench of UTA","fg":"4.740","fga":"9.681","fg_pct":"0.490","three_p":"1.693","three_pa":"4.410","three_p_pct":"0.384","ft":"2.297","fta":"2.927","ft_pct":"0.785","orb":"0.924","drb":"3.505","trb":"4.429","ast":"1.951","stl":"0.428","blk":"0.636","tov":"1.341","pf":"1.767","pts":"13.469"}]