[{"game_id":1234,"team_name":"SAC","player_id":"{\"dedmode01\"}","player_name":"{\"Dewayne Dedmon\"}","fg":"3.482","fga":"7.271","fg_pct":"0.479","three_p":"1.165","three_pa":"3.224","three_p_pct":"0.361","ft":"1.212","fta":"1.365","ft_pct":"0.888","orb":"1.847","drb":"4.941","trb":"6.788","ast":"0.529","stl":"0.635","blk":"0.835","tov":"2.282","pf":"3.482","pts":"9.341"},{"game_id":1234,"team_name":"SAC","player_id":"{\"barneha02\"}","player_name":"{\"Harrison Barnes\"}","fg":"4.506","fga":"9.624","fg_pct":"0.468","three_p":"1.165","three_pa":"3.082","three_p_pct":"0.378","ft":"2.035","fta":"2.765","ft_pct":"0.736","orb":"0.882","drb":"4.153","trb":"5.035","ast":"1.176","stl":"0.471","blk":"0.094","tov":"0.776","pf":"0.729","pts":"12.212"},{"game_id":1234,"team_name":"SAC","player_id":"{\"hieldbu01\"}","player_name":"{\"Buddy Hield\"}","fg":"5.376","fga":"13.765","fg_pct":"0.391","three_p":"3.047","three_pa":"7.812","three_p_pct":"0.390","ft":"0.906","fta":"0.953","ft_pct":"0.951","orb":"0.953","drb":"3.000","trb":"3.953","ast":"2.329","stl":"0.588","blk":"0.435","tov":"2.341","pf":"2.129","pts":"14.706"},{"game_id":1234,"team_name":"SAC","player_id":"{\"foxde01\"}","player_name":"{\"De'Aaron Fox\"}","fg":"5.541","fga":"12.212","fg_pct":"0.454","three_p":"1.259","three_pa":"3.318","three_p_pct":"0.379","ft":"3.165","fta":"4.424","ft_pct":"0.715","orb":"0.247","drb":"2.518","trb":"2.765","ast":"6.624","stl":"0.847","blk":"0.153","tov":"2.635","pf":"2.106","pts":"15.506"},{"game_id":1234,"team_name":"SAC","player_id":"{\"holmeri01\"}","player_name":"{\"Richaun Holmes\"}","fg":"4.306","fga":"7.400","fg_pct":"0.582","three_p":"0.000","three_pa":"0.000","three_p_pct":"NaN","ft":"2.247","fta":"3.035","ft_pct":"0.740","orb":"1.976","drb":"4.482","trb":"6.459","ast":"0.882","stl":"0.400","blk":"1.224","tov":"0.882","pf":"3.624","pts":"10.859"},{"game_id":1234,"team_name":"SAC","player_id":"{\"gabriwe01\"}","player_name":"{\"Wenyen Gabriel\"}","fg":"1.083","fga":"3.583","fg_pct":"0.302","three_p":"0.361","three_pa":"1.778","three_p_pct":"0.203","ft":"0.667","fta":"0.972","ft_pct":"0.686","orb":"0.667","drb":"0.722","trb":"1.389","ast":"1.083","stl":"0.333","blk":"0.000","tov":"0.639","pf":"0.694","pts":"3.194"},{"game_id":1234,"team_name":"SAC","player_id":"benchSAC","player_name":"Bench of SAC","fg":"3.045","fga":"7.407","fg_pct":"0.411","three_p":"1.389","three_pa":"3.583","three_p_pct":"0.388","ft":"1.001","fta":"1.209","ft_pct":"0.828","orb":"0.608","drb":"2.268","trb":"2.877","ast":"1.973","stl":"0.784","blk":"0.220","tov":"0.843","pf":"1.605","pts":"8.481"},{"game_id":1234,"team_name":"CHO","player_id":"{\"martico01\"}","player_name":"{\"Cody Martin\"}","fg":"0.639","fga":"1.917","fg_pct":"0.333","three_p":"0.000","three_pa":"0.972","three_p_pct":"0.000","ft":"0.944","fta":"1.278","ft_pct":"0.739","orb":"0.000","drb":"1.222","trb":"1.222","ast":"0.306","stl":"0.611","blk":"0.000","tov":"0.000","pf":"0.306","pts":"2.222"},{"game_id":1234,"team_name":"CHO","player_id":"{\"washipj01\"}","player_name":"{\"P.J. Washington\"}","fg":"4.565","fga":"9.696","fg_pct":"0.471","three_p":"2.587","three_pa":"5.283","three_p_pct":"0.490","ft":"1.739","fta":"2.804","ft_pct":"0.620","orb":"0.978","drb":"5.826","trb":"6.804","ast":"0.478","stl":"1.283","blk":"0.717","tov":"2.935","pf":"3.087","pts":"13.457"},{"game_id":1234,"team_name":"CHO","player_id":"{\"zelleco01\"}","player_name":"{\"Cody Zeller\"}","fg":"5.365","fga":"9.882","fg_pct":"0.543","three_p":"0.718","three_pa":"1.482","three_p_pct":"0.484","ft":"1.953","fta":"2.741","ft_pct":"0.713","orb":"2.929","drb":"6.235","trb":"9.165","ast":"1.576","stl":"1.000","blk":"0.859","tov":"1.200","pf":"3.847","pts":"13.400"},{"game_id":1234,"team_name":"CHO","player_id":"{\"roziete01\"}","player_name":"{\"Terry Rozier\"}","fg":"3.647","fga":"9.659","fg_pct":"0.378","three_p":"1.565","three_pa":"5.059","three_p_pct":"0.309","ft":"1.400","fta":"1.506","ft_pct":"0.930","orb":"0.188","drb":"3.659","trb":"3.847","ast":"3.341","stl":"0.671","blk":"0.247","tov":"2.188","pf":"2.459","pts":"10.259"},{"game_id":1234,"team_name":"CHO","player_id":"{\"bridgmi02\"}","player_name":"{\"Miles Bridges\"}","fg":"4.835","fga":"10.106","fg_pct":"0.478","three_p":"1.518","three_pa":"4.400","three_p_pct":"0.345","ft":"1.812","fta":"2.165","ft_pct":"0.837","orb":"1.376","drb":"3.553","trb":"4.929","ast":"2.941","stl":"0.682","blk":"1.129","tov":"1.541","pf":"1.329","pts":"13.000"},{"game_id":1234,"team_name":"CHO","player_id":"{\"grahade01\"}","player_name":"{\"Devonte' Graham\"}","fg":"3.529","fga":"9.165","fg_pct":"0.385","three_p":"2.294","three_pa":"5.118","three_p_pct":"0.448","ft":"2.094","fta":"2.353","ft_pct":"0.890","orb":"0.529","drb":"1.835","trb":"2.365","ast":"5.329","stl":"0.200","blk":"0.153","tov":"1.506","pf":"1.494","pts":"11.447"},{"game_id":1234,"team_name":"CHO","player_id":"benchCHO","player_name":"Bench of CHO","fg":"3.243","fga":"7.902","fg_pct":"0.410","three_p":"0.983","three_pa":"3.473","three_p_pct":"0.283","ft":"0.485","fta":"0.726","ft_pct":"0.668","orb":"0.356","drb":"2.345","trb":"2.700","ast":"1.480","stl":"0.632","blk":"0.272","tov":"1.016","pf":"1.967","pts":"7.955"}]