[{"game_id":1251,"team_name":"MEM","player_id":"teamMEM","player_name":"Team name: MEM","ts_pct":"0.544","efg_pct":"0.499","three_par":"0.395","ftr":"0.277","orb_pct":"4.837","drb_pct":"15.938","trb_pct":"10.254","ast_pct":"16.735","stl_pct":"1.816","blk_pct":"2.051","tov_pct":"13.488","usg_pct":"20.824","ortg":"108.513","drtg":"117.645","bpm":"-2.135"},{"game_id":1251,"team_name":"PHO","player_id":"teamPHO","player_name":"Team name: PHO","ts_pct":"0.562","efg_pct":"0.519","three_par":"0.411","ftr":"0.265","orb_pct":"3.935","drb_pct":"14.470","trb_pct":"9.122","ast_pct":"15.707","stl_pct":"1.626","blk_pct":"1.376","tov_pct":"13.275","usg_pct":"20.271","ortg":"108.856","drtg":"111.773","bpm":"-1.274"}]