[{"game_id":1005,"team_name":"IND","player_id":"{\"sabondo01\"}","player_name":"{\"Domantas Sabonis\"}","fg":"9.329","fga":"15.071","fg_pct":"0.619","three_p":"1.306","three_pa":"3.000","three_p_pct":"0.435","ft":"3.235","fta":"4.129","ft_pct":"0.783","orb":"1.824","drb":"12.235","trb":"14.059","ast":"8.035","stl":"1.376","blk":"0.188","tov":"4.000","pf":"2.847","pts":"23.200"},{"game_id":1005,"team_name":"IND","player_id":"{\"leverca01\"}","player_name":"{\"Caris LeVert\"}","fg":"9.400","fga":"19.706","fg_pct":"0.477","three_p":"2.035","three_pa":"4.541","three_p_pct":"0.448","ft":"4.153","fta":"5.094","ft_pct":"0.815","orb":"0.259","drb":"3.576","trb":"3.835","ast":"5.482","stl":"1.024","blk":"1.271","tov":"2.224","pf":"2.741","pts":"24.988"},{"game_id":1005,"team_name":"IND","player_id":"{\"sumneed01\"}","player_name":"{\"Edmond Sumner\"}","fg":"4.388","fga":"8.071","fg_pct":"0.544","three_p":"1.165","three_pa":"2.318","three_p_pct":"0.503","ft":"2.165","fta":"2.482","ft_pct":"0.872","orb":"0.376","drb":"2.000","trb":"2.376","ast":"1.729","stl":"0.741","blk":"0.235","tov":"0.753","pf":"2.541","pts":"12.106"},{"game_id":1005,"team_name":"IND","player_id":"{\"holidju01\"}","player_name":"{\"Justin Holiday\"}","fg":"2.988","fga":"7.106","fg_pct":"0.420","three_p":"2.000","three_pa":"4.788","three_p_pct":"0.418","ft":"0.894","fta":"1.071","ft_pct":"0.835","orb":"0.165","drb":"3.129","trb":"3.294","ast":"1.788","stl":"0.259","blk":"1.165","tov":"0.471","pf":"1.118","pts":"8.871"},{"game_id":1005,"team_name":"IND","player_id":"{\"mcderdo01\"}","player_name":"{\"Doug McDermott\"}","fg":"5.671","fga":"9.647","fg_pct":"0.588","three_p":"1.400","three_pa":"3.282","three_p_pct":"0.427","ft":"1.506","fta":"1.929","ft_pct":"0.781","orb":"0.706","drb":"1.859","trb":"2.565","ast":"0.929","stl":"0.259","blk":"0.129","tov":"0.882","pf":"2.082","pts":"14.247"},{"game_id":1005,"team_name":"IND","player_id":"{\"brissos01\"}","player_name":"{\"Oshae Brissett\"}","fg":"3.906","fga":"8.953","fg_pct":"0.436","three_p":"1.906","three_pa":"4.847","three_p_pct":"0.393","ft":"3.106","fta":"3.965","ft_pct":"0.783","orb":"1.800","drb":"6.212","trb":"8.012","ast":"0.835","stl":"1.141","blk":"1.506","tov":"0.812","pf":"1.929","pts":"12.824"},{"game_id":1005,"team_name":"IND","player_id":"benchIND","player_name":"Bench of IND","fg":"2.951","fga":"6.489","fg_pct":"0.455","three_p":"0.648","three_pa":"1.906","three_p_pct":"0.340","ft":"0.948","fta":"1.073","ft_pct":"0.884","orb":"0.963","drb":"2.299","trb":"3.262","ast":"3.226","stl":"1.071","blk":"0.719","tov":"1.383","pf":"1.574","pts":"7.497"},{"game_id":1005,"team_name":"WAS","player_id":"{\"westbru01\"}","player_name":"{\"Russell Westbrook\"}","fg":"8.447","fga":"18.282","fg_pct":"0.462","three_p":"0.824","three_pa":"3.106","three_p_pct":"0.265","ft":"4.035","fta":"5.412","ft_pct":"0.746","orb":"1.788","drb":"12.376","trb":"14.165","ast":"14.694","stl":"1.600","blk":"0.353","tov":"4.247","pf":"3.494","pts":"21.753"},{"game_id":1005,"team_name":"WAS","player_id":"{\"bealbr01\"}","player_name":"{\"Bradley Beal\"}","fg":"11.671","fga":"23.588","fg_pct":"0.495","three_p":"1.682","three_pa":"4.376","three_p_pct":"0.384","ft":"5.859","fta":"7.035","ft_pct":"0.833","orb":"1.118","drb":"3.212","trb":"4.329","ast":"3.576","stl":"0.953","blk":"0.247","tov":"2.518","pf":"2.047","pts":"30.882"},{"game_id":1005,"team_name":"WAS","player_id":"{\"hachiru01\"}","player_name":"{\"Rui Hachimura\"}","fg":"5.282","fga":"10.424","fg_pct":"0.507","three_p":"0.624","three_pa":"1.576","three_p_pct":"0.396","ft":"2.118","fta":"2.659","ft_pct":"0.797","orb":"0.776","drb":"3.376","trb":"4.153","ast":"1.082","stl":"0.812","blk":"0.353","tov":"1.035","pf":"2.047","pts":"13.306"},{"game_id":1005,"team_name":"WAS","player_id":"{\"bertada01\"}","player_name":"{\"Dāvis Bertāns\"}","fg":"2.929","fga":"7.894","fg_pct":"0.371","three_p":"2.471","three_pa":"6.965","three_p_pct":"0.355","ft":"2.094","fta":"2.353","ft_pct":"0.890","orb":"0.318","drb":"2.624","trb":"2.941","ast":"0.953","stl":"0.353","blk":"0.282","tov":"0.341","pf":"2.600","pts":"10.424"},{"game_id":1005,"team_name":"WAS","player_id":"{\"netora01\"}","player_name":"{\"Raul Neto\"}","fg":"4.047","fga":"7.282","fg_pct":"0.556","three_p":"1.800","three_pa":"2.988","three_p_pct":"0.602","ft":"2.506","fta":"2.612","ft_pct":"0.959","orb":"0.576","drb":"2.565","trb":"3.141","ast":"3.247","stl":"1.341","blk":"0.129","tov":"0.976","pf":"2.153","pts":"12.400"},{"game_id":1005,"team_name":"WAS","player_id":"{\"mathega01\"}","player_name":"{\"Garrison Mathews\"}","fg":"1.059","fga":"2.576","fg_pct":"0.411","three_p":"0.765","three_pa":"2.129","three_p_pct":"0.359","ft":"1.859","fta":"2.153","ft_pct":"0.863","orb":"0.188","drb":"0.800","trb":"0.988","ast":"0.200","stl":"0.247","blk":"0.000","tov":"0.000","pf":"1.000","pts":"4.741"},{"game_id":1005,"team_name":"WAS","player_id":"benchWAS","player_name":"Bench of WAS","fg":"3.027","fga":"5.370","fg_pct":"0.564","three_p":"0.159","three_pa":"0.417","three_p_pct":"0.381","ft":"1.408","fta":"1.927","ft_pct":"0.731","orb":"1.438","drb":"2.200","trb":"3.637","ast":"1.012","stl":"0.484","blk":"0.826","tov":"0.602","pf":"1.521","pts":"7.621"}]