[{"game_id":1016,"team_name":"ORL","player_id":"{\"brazdig01\"}","player_name":"{\"Ignas Brazdeikis\"}","fg":"1.588","fga":"4.529","fg_pct":"0.351","three_p":"0.424","three_pa":"0.894","three_p_pct":"0.474","ft":"0.741","fta":"1.024","ft_pct":"0.724","orb":"0.647","drb":"1.765","trb":"2.412","ast":"0.953","stl":"0.259","blk":"0.000","tov":"0.682","pf":"1.235","pts":"4.341"},{"game_id":1016,"team_name":"ORL","player_id":"{\"hamptrj01\"}","player_name":"{\"R.J. Hampton\"}","fg":"4.765","fga":"10.835","fg_pct":"0.440","three_p":"0.800","three_pa":"2.518","three_p_pct":"0.318","ft":"2.753","fta":"3.788","ft_pct":"0.727","orb":"0.635","drb":"5.071","trb":"5.706","ast":"3.729","stl":"0.576","blk":"0.435","tov":"1.271","pf":"1.765","pts":"13.082"},{"game_id":1016,"team_name":"ORL","player_id":"{\"wagnemo01\"}","player_name":"{\"Moritz Wagner\"}","fg":"2.624","fga":"6.871","fg_pct":"0.382","three_p":"1.071","three_pa":"3.024","three_p_pct":"0.354","ft":"2.400","fta":"2.635","ft_pct":"0.911","orb":"0.494","drb":"2.976","trb":"3.471","ast":"1.176","stl":"0.435","blk":"0.824","tov":"1.188","pf":"2.788","pts":"8.718"},{"game_id":1016,"team_name":"ORL","player_id":"{\"anthoco01\"}","player_name":"{\"Cole Anthony\"}","fg":"5.082","fga":"12.200","fg_pct":"0.417","three_p":"1.588","three_pa":"3.635","three_p_pct":"0.437","ft":"3.094","fta":"3.741","ft_pct":"0.827","orb":"0.753","drb":"4.082","trb":"4.835","ast":"4.059","stl":"0.659","blk":"0.306","tov":"2.659","pf":"2.518","pts":"14.847"},{"game_id":1016,"team_name":"ORL","player_id":"{\"randlch01\"}","player_name":"{\"Chasson Randle\"}","fg":"2.882","fga":"7.318","fg_pct":"0.394","three_p":"1.224","three_pa":"3.635","three_p_pct":"0.337","ft":"1.400","fta":"1.941","ft_pct":"0.721","orb":"0.247","drb":"1.800","trb":"2.047","ast":"2.024","stl":"0.318","blk":"0.000","tov":"1.165","pf":"1.235","pts":"8.388"},{"game_id":1016,"team_name":"ORL","player_id":"{\"harriga01\"}","player_name":"{\"Gary Harris\"}","fg":"3.576","fga":"9.624","fg_pct":"0.372","three_p":"1.224","three_pa":"3.176","three_p_pct":"0.385","ft":"1.800","fta":"2.071","ft_pct":"0.869","orb":"0.576","drb":"1.847","trb":"2.424","ast":"2.271","stl":"0.753","blk":"0.482","tov":"1.153","pf":"1.988","pts":"10.176"},{"game_id":1016,"team_name":"ORL","player_id":"benchORL","player_name":"Bench of ORL","fg":"3.279","fga":"7.164","fg_pct":"0.458","three_p":"0.389","three_pa":"1.895","three_p_pct":"0.205","ft":"1.573","fta":"2.069","ft_pct":"0.760","orb":"1.366","drb":"3.281","trb":"4.647","ast":"0.941","stl":"0.775","blk":"0.819","tov":"0.654","pf":"1.102","pts":"8.520"},{"game_id":1016,"team_name":"MIN","player_id":"{\"laymaja01\"}","player_name":"{\"Jake Layman\"}","fg":"1.306","fga":"2.400","fg_pct":"0.544","three_p":"0.235","three_pa":"0.882","three_p_pct":"0.266","ft":"0.353","fta":"0.765","ft_pct":"0.461","orb":"0.000","drb":"0.329","trb":"0.329","ast":"0.259","stl":"0.424","blk":"0.118","tov":"0.353","pf":"0.529","pts":"3.200"},{"game_id":1016,"team_name":"MIN","player_id":"{\"davised01\"}","player_name":"{\"Ed Davis\"}","fg":"0.706","fga":"1.294","fg_pct":"0.546","three_p":"0.000","three_pa":"0.000","three_p_pct":"NaN","ft":"0.600","fta":"0.753","ft_pct":"0.797","orb":"1.765","drb":"2.718","trb":"4.482","ast":"0.753","stl":"0.647","blk":"0.741","tov":"0.400","pf":"2.129","pts":"2.012"},{"game_id":1016,"team_name":"MIN","player_id":"{\"russeda01\"}","player_name":"{\"D'Angelo Russell\"}","fg":"6.529","fga":"14.824","fg_pct":"0.440","three_p":"2.694","three_pa":"7.776","three_p_pct":"0.346","ft":"2.224","fta":"3.153","ft_pct":"0.705","orb":"0.447","drb":"2.259","trb":"2.706","ast":"8.082","stl":"0.976","blk":"0.212","tov":"2.776","pf":"1.153","pts":"17.976"},{"game_id":1016,"team_name":"MIN","player_id":"{\"edwaran01\"}","player_name":"{\"Anthony Edwards\"}","fg":"9.647","fga":"19.153","fg_pct":"0.504","three_p":"3.247","three_pa":"8.588","three_p_pct":"0.378","ft":"2.988","fta":"4.176","ft_pct":"0.716","orb":"1.094","drb":"5.553","trb":"6.647","ast":"3.953","stl":"1.141","blk":"0.812","tov":"3.329","pf":"2.788","pts":"25.529"},{"game_id":1016,"team_name":"MIN","player_id":"{\"townska01\"}","player_name":"{\"Karl-Anthony Towns\"}","fg":"7.882","fga":"17.082","fg_pct":"0.461","three_p":"2.565","three_pa":"6.682","three_p_pct":"0.384","ft":"6.471","fta":"7.718","ft_pct":"0.838","orb":"1.847","drb":"7.200","trb":"9.047","ast":"4.447","stl":"0.800","blk":"0.318","tov":"3.624","pf":"4.318","pts":"24.800"},{"game_id":1016,"team_name":"MIN","player_id":"{\"rubiori01\"}","player_name":"{\"Ricky Rubio\"}","fg":"3.094","fga":"7.506","fg_pct":"0.412","three_p":"1.235","three_pa":"3.694","three_p_pct":"0.334","ft":"1.871","fta":"2.071","ft_pct":"0.903","orb":"0.459","drb":"3.035","trb":"3.494","ast":"5.824","stl":"1.859","blk":"0.000","tov":"1.176","pf":"1.624","pts":"9.294"},{"game_id":1016,"team_name":"MIN","player_id":"benchMIN","player_name":"Bench of MIN","fg":"2.383","fga":"5.084","fg_pct":"0.469","three_p":"0.464","three_pa":"1.650","three_p_pct":"0.281","ft":"0.679","fta":"1.079","ft_pct":"0.629","orb":"1.135","drb":"2.428","trb":"3.563","ast":"1.423","stl":"0.670","blk":"0.421","tov":"0.605","pf":"1.685","pts":"5.909"}]