[{"game_id":1218,"team_name":"NOP","player_id":"{\"hartjo01\"}","player_name":"{\"Josh Hart\"}","fg":"3.682","fga":"8.224","fg_pct":"0.448","three_p":"2.012","three_pa":"5.129","three_p_pct":"0.392","ft":"1.788","fta":"2.082","ft_pct":"0.859","orb":"0.929","drb":"3.647","trb":"4.576","ast":"1.082","stl":"1.176","blk":"0.494","tov":"0.882","pf":"1.976","pts":"11.165"},{"game_id":1218,"team_name":"NOP","player_id":"{\"balllo01\"}","player_name":"{\"Lonzo Ball\"}","fg":"5.106","fga":"12.506","fg_pct":"0.408","three_p":"2.482","three_pa":"7.153","three_p_pct":"0.347","ft":"0.694","fta":"1.200","ft_pct":"0.578","orb":"1.118","drb":"4.565","trb":"5.682","ast":"7.765","stl":"1.671","blk":"0.176","tov":"1.600","pf":"2.588","pts":"13.388"},{"game_id":1218,"team_name":"NOP","player_id":"{\"ingrabr01\"}","player_name":"{\"Brandon Ingram\"}","fg":"10.388","fga":"18.835","fg_pct":"0.552","three_p":"2.235","three_pa":"4.212","three_p_pct":"0.531","ft":"4.271","fta":"5.600","ft_pct":"0.763","orb":"0.965","drb":"7.235","trb":"8.200","ast":"3.188","stl":"0.212","blk":"1.012","tov":"2.459","pf":"3.788","pts":"27.282"},{"game_id":1218,"team_name":"NOP","player_id":"{\"willike04\"}","player_name":"{\"Kenrich Williams\"}","fg":"2.247","fga":"6.129","fg_pct":"0.367","three_p":"1.224","three_pa":"3.729","three_p_pct":"0.328","ft":"0.718","fta":"0.859","ft_pct":"0.836","orb":"1.682","drb":"3.588","trb":"5.271","ast":"3.247","stl":"1.412","blk":"0.800","tov":"0.812","pf":"2.800","pts":"6.435"},{"game_id":1218,"team_name":"NOP","player_id":"{\"redicjj01\"}","player_name":"{\"J.J. Redick\"}","fg":"4.000","fga":"9.635","fg_pct":"0.415","three_p":"3.047","three_pa":"7.059","three_p_pct":"0.432","ft":"1.106","fta":"1.176","ft_pct":"0.940","orb":"0.200","drb":"1.529","trb":"1.729","ast":"1.729","stl":"0.118","blk":"0.165","tov":"2.259","pf":"2.388","pts":"12.153"},{"game_id":1218,"team_name":"NOP","player_id":"{\"alexani01\"}","player_name":"{\"Nickeil Alexander-Walker\"}","fg":"1.333","fga":"7.500","fg_pct":"0.178","three_p":"0.972","three_pa":"4.528","three_p_pct":"0.215","ft":"0.000","fta":"0.000","ft_pct":"NaN","orb":"0.306","drb":"1.611","trb":"1.917","ast":"2.611","stl":"0.611","blk":"0.000","tov":"1.000","pf":"1.667","pts":"3.639"},{"game_id":1218,"team_name":"NOP","player_id":"benchNOP","player_name":"Bench of NOP","fg":"3.933","fga":"7.335","fg_pct":"0.536","three_p":"0.843","three_pa":"2.124","three_p_pct":"0.397","ft":"1.246","fta":"1.642","ft_pct":"0.759","orb":"0.876","drb":"2.266","trb":"3.143","ast":"1.492","stl":"0.304","blk":"0.278","tov":"1.093","pf":"1.869","pts":"10.153"},{"game_id":1218,"team_name":"GSW","player_id":"{\"chrisma01\"}","player_name":"{\"Marquese Chriss\"}","fg":"1.859","fga":"4.894","fg_pct":"0.380","three_p":"0.047","three_pa":"0.988","three_p_pct":"0.048","ft":"2.094","fta":"2.729","ft_pct":"0.767","orb":"1.459","drb":"2.635","trb":"4.094","ast":"0.729","stl":"1.259","blk":"0.000","tov":"0.988","pf":"2.412","pts":"5.859"},{"game_id":1218,"team_name":"GSW","player_id":"{\"bowmaky01\"}","player_name":"{\"Ky Bowman\"}","fg":"1.040","fga":"4.160","fg_pct":"0.250","three_p":"0.000","three_pa":"0.520","three_p_pct":"0.000","ft":"0.520","fta":"0.520","ft_pct":"1.000","orb":"0.000","drb":"0.000","trb":"0.000","ast":"0.480","stl":"0.000","blk":"0.000","tov":"0.000","pf":"0.000","pts":"2.600"},{"game_id":1218,"team_name":"GSW","player_id":"{\"greendr01\"}","player_name":"{\"Draymond Green\"}","fg":"4.365","fga":"9.482","fg_pct":"0.460","three_p":"0.906","three_pa":"3.082","three_p_pct":"0.294","ft":"2.812","fta":"3.259","ft_pct":"0.863","orb":"1.059","drb":"8.482","trb":"9.541","ast":"7.659","stl":"1.847","blk":"0.835","tov":"3.612","pf":"3.694","pts":"12.447"},{"game_id":1218,"team_name":"GSW","player_id":"{\"russeda01\"}","player_name":"{\"D'Angelo Russell\"}","fg":"6.435","fga":"17.024","fg_pct":"0.378","three_p":"2.518","three_pa":"6.424","three_p_pct":"0.392","ft":"2.094","fta":"2.353","ft_pct":"0.890","orb":"0.553","drb":"2.482","trb":"3.035","ast":"4.541","stl":"0.953","blk":"0.176","tov":"2.224","pf":"2.035","pts":"17.482"},{"game_id":1218,"team_name":"GSW","player_id":"{\"evansja02\"}","player_name":"{\"Jacob Evans\"}","fg":"0.965","fga":"2.565","fg_pct":"0.376","three_p":"0.718","three_pa":"1.482","three_p_pct":"0.484","ft":"0.612","fta":"0.612","ft_pct":"1.000","orb":"0.188","drb":"0.600","trb":"0.788","ast":"0.565","stl":"0.000","blk":"0.000","tov":"0.341","pf":"0.447","pts":"3.259"},{"game_id":1218,"team_name":"GSW","player_id":"{\"curryst01\"}","player_name":"{\"Stephen Curry\"}","fg":"8.647","fga":"21.094","fg_pct":"0.410","three_p":"3.565","three_pa":"11.424","three_p_pct":"0.312","ft":"7.718","fta":"8.106","ft_pct":"0.952","orb":"1.306","drb":"4.635","trb":"5.941","ast":"5.824","stl":"1.071","blk":"0.129","tov":"3.541","pf":"2.000","pts":"28.576"},{"game_id":1218,"team_name":"GSW","player_id":"benchGSW","player_name":"Bench of GSW","fg":"2.568","fga":"7.317","fg_pct":"0.351","three_p":"0.634","three_pa":"2.910","three_p_pct":"0.218","ft":"1.451","fta":"1.663","ft_pct":"0.873","orb":"0.941","drb":"2.497","trb":"3.438","ast":"1.306","stl":"0.782","blk":"0.118","tov":"0.640","pf":"0.952","pts":"7.219"}]