[{"game_id":1148,"team_name":"UTA","player_id":"{\"niangge01\"}","player_name":"{\"Georges Niang\"}","fg":"1.000","fga":"3.882","fg_pct":"0.258","three_p":"0.894","three_pa":"3.047","three_p_pct":"0.293","ft":"0.353","fta":"0.353","ft_pct":"1.000","orb":"0.165","drb":"1.671","trb":"1.835","ast":"0.953","stl":"0.000","blk":"0.106","tov":"0.812","pf":"2.059","pts":"3.247"},{"game_id":1148,"team_name":"UTA","player_id":"{\"favorde01\"}","player_name":"{\"Derrick Favors\"}","fg":"1.588","fga":"2.447","fg_pct":"0.649","three_p":"0.000","three_pa":"0.000","three_p_pct":"NaN","ft":"0.306","fta":"0.694","ft_pct":"0.441","orb":"2.059","drb":"2.341","trb":"4.400","ast":"0.271","stl":"0.165","blk":"0.941","tov":"0.624","pf":"2.482","pts":"3.482"},{"game_id":1148,"team_name":"UTA","player_id":"{\"onimi01\"}","player_name":"{\"Miye Oni\"}","fg":"0.118","fga":"0.859","fg_pct":"0.137","three_p":"0.118","three_pa":"0.859","three_p_pct":"0.137","ft":"0.000","fta":"0.000","ft_pct":"NaN","orb":"0.424","drb":"0.047","trb":"0.471","ast":"0.071","stl":"0.141","blk":"0.000","tov":"0.000","pf":"1.000","pts":"0.353"},{"game_id":1148,"team_name":"UTA","player_id":"{\"goberru01\"}","player_name":"{\"Rudy Gobert\"}","fg":"5.188","fga":"7.224","fg_pct":"0.718","three_p":"0.000","three_pa":"0.188","three_p_pct":"0.000","ft":"3.871","fta":"5.765","ft_pct":"0.671","orb":"3.294","drb":"9.388","trb":"12.682","ast":"0.565","stl":"0.400","blk":"2.306","tov":"1.282","pf":"3.847","pts":"14.247"},{"game_id":1148,"team_name":"UTA","player_id":"{\"onealro01\"}","player_name":"{\"Royce O'Neale\"}","fg":"3.424","fga":"6.812","fg_pct":"0.503","three_p":"2.365","three_pa":"5.153","three_p_pct":"0.459","ft":"0.906","fta":"1.082","ft_pct":"0.837","orb":"1.082","drb":"5.682","trb":"6.765","ast":"2.118","stl":"1.188","blk":"0.271","tov":"0.871","pf":"3.694","pts":"10.118"},{"game_id":1148,"team_name":"UTA","player_id":"{\"bogdabo02\"}","player_name":"{\"Bojan Bogdanović\"}","fg":"5.188","fga":"11.576","fg_pct":"0.448","three_p":"2.353","three_pa":"5.412","three_p_pct":"0.435","ft":"3.565","fta":"4.000","ft_pct":"0.891","orb":"0.294","drb":"4.153","trb":"4.447","ast":"2.106","stl":"1.035","blk":"0.000","tov":"1.906","pf":"2.412","pts":"16.294"},{"game_id":1148,"team_name":"UTA","player_id":"benchUTA","player_name":"Bench of UTA","fg":"7.117","fga":"15.819","fg_pct":"0.450","three_p":"3.679","three_pa":"8.738","three_p_pct":"0.421","ft":"3.142","fta":"3.654","ft_pct":"0.860","orb":"0.323","drb":"3.046","trb":"3.369","ast":"3.545","stl":"0.799","blk":"0.159","tov":"2.078","pf":"1.966","pts":"21.054"},{"game_id":1148,"team_name":"LAC","player_id":"{\"rondora01\"}","player_name":"{\"Rajon Rondo\"}","fg":"1.553","fga":"4.741","fg_pct":"0.328","three_p":"0.906","three_pa":"2.482","three_p_pct":"0.365","ft":"0.659","fta":"1.012","ft_pct":"0.651","orb":"0.259","drb":"2.459","trb":"2.718","ast":"4.788","stl":"0.329","blk":"0.294","tov":"1.459","pf":"1.800","pts":"4.671"},{"game_id":1148,"team_name":"LAC","player_id":"{\"zubaciv01\"}","player_name":"{\"Ivica Zubac\"}","fg":"1.753","fga":"2.788","fg_pct":"0.629","three_p":"0.000","three_pa":"0.000","three_p_pct":"NaN","ft":"1.588","fta":"2.424","ft_pct":"0.655","orb":"1.965","drb":"2.776","trb":"4.741","ast":"0.612","stl":"0.000","blk":"0.906","tov":"1.129","pf":"2.365","pts":"5.094"},{"game_id":1148,"team_name":"LAC","player_id":"{\"batumni01\"}","player_name":"{\"Nicolas Batum\"}","fg":"3.035","fga":"6.459","fg_pct":"0.470","three_p":"1.553","three_pa":"4.188","three_p_pct":"0.371","ft":"1.612","fta":"2.024","ft_pct":"0.796","orb":"1.071","drb":"4.482","trb":"5.553","ast":"2.529","stl":"1.788","blk":"0.529","tov":"0.506","pf":"1.365","pts":"9.235"},{"game_id":1148,"team_name":"LAC","player_id":"{\"georgpa01\"}","player_name":"{\"Paul George\"}","fg":"7.882","fga":"18.235","fg_pct":"0.432","three_p":"3.094","three_pa":"7.847","three_p_pct":"0.394","ft":"6.647","fta":"7.506","ft_pct":"0.886","orb":"0.976","drb":"7.588","trb":"8.565","ast":"5.176","stl":"0.718","blk":"0.529","tov":"3.518","pf":"3.647","pts":"25.506"},{"game_id":1148,"team_name":"LAC","player_id":"{\"morrima03\"}","player_name":"{\"Marcus Morris\"}","fg":"4.388","fga":"10.365","fg_pct":"0.423","three_p":"2.294","three_pa":"5.471","three_p_pct":"0.419","ft":"1.612","fta":"1.812","ft_pct":"0.890","orb":"1.071","drb":"3.882","trb":"4.953","ast":"1.553","stl":"0.729","blk":"0.329","tov":"0.271","pf":"2.788","pts":"12.682"},{"game_id":1148,"team_name":"LAC","player_id":"{\"jacksre01\"}","player_name":"{\"Reggie Jackson\"}","fg":"5.624","fga":"10.812","fg_pct":"0.520","three_p":"3.259","three_pa":"6.800","three_p_pct":"0.479","ft":"1.612","fta":"1.800","ft_pct":"0.896","orb":"0.153","drb":"2.318","trb":"2.471","ast":"2.694","stl":"0.435","blk":"0.000","tov":"1.024","pf":"2.976","pts":"16.118"},{"game_id":1148,"team_name":"LAC","player_id":"benchLAC","player_name":"Bench of LAC","fg":"1.878","fga":"4.233","fg_pct":"0.444","three_p":"0.633","three_pa":"1.769","three_p_pct":"0.358","ft":"0.727","fta":"0.841","ft_pct":"0.864","orb":"0.335","drb":"1.428","trb":"1.763","ast":"0.595","stl":"0.352","blk":"0.248","tov":"0.381","pf":"1.257","pts":"5.117"}]