[{"game_id":1224,"team_name":"DEN","player_id":"teamDEN","player_name":"Team name: DEN","fg":"38.034","fga":"92.337","fg_pct":"0.412","three_p":"10.046","three_pa":"29.469","three_p_pct":"0.341","ft":"24.000","fta":"29.240","ft_pct":"0.821","orb":"14.606","drb":"35.749","trb":"50.354","ast":"21.623","stl":"7.274","blk":"6.171","tov":"11.006","pf":"22.491","pts":"110.114"},{"game_id":1224,"team_name":"DAL","player_id":"teamDAL","player_name":"Team name: DAL","fg":"40.520","fga":"91.480","fg_pct":"0.443","three_p":"12.880","three_pa":"40.783","three_p_pct":"0.316","ft":"20.354","fta":"26.846","ft_pct":"0.758","orb":"10.777","drb":"38.463","trb":"49.240","ast":"25.366","stl":"5.234","blk":"4.509","tov":"11.760","pf":"20.400","pts":"114.274"}]