[{"game_id":1053,"team_name":"DET","player_id":"{\"beysa01\"}","player_name":"{\"Saddiq Bey\"}","ts_pct":"0.599","efg_pct":"0.574","three_par":"0.596","ftr":"0.195","orb_pct":"2.974","drb_pct":"20.035","trb_pct":"11.707","ast_pct":"7.967","stl_pct":"0.738","blk_pct":"1.625","tov_pct":"6.592","usg_pct":"20.315","ortg":"115.012","drtg":"112.788","bpm":"0.844"},{"game_id":1053,"team_name":"DET","player_id":"{\"hayeski01\"}","player_name":"{\"Killian Hayes\"}","ts_pct":"0.410","efg_pct":"0.396","three_par":"0.315","ftr":"0.096","orb_pct":"0.979","drb_pct":"12.198","trb_pct":"6.647","ast_pct":"35.608","stl_pct":"1.679","blk_pct":"0.732","tov_pct":"33.242","usg_pct":"20.878","ortg":"81.706","drtg":"114.118","bpm":"-6.780"},{"game_id":1053,"team_name":"DET","player_id":"{\"diallha01\"}","player_name":"{\"Hamidou Diallo\"}","ts_pct":"0.463","efg_pct":"0.419","three_par":"0.217","ftr":"0.493","orb_pct":"5.761","drb_pct":"19.089","trb_pct":"12.959","ast_pct":"5.109","stl_pct":"0.888","blk_pct":"1.541","tov_pct":"12.007","usg_pct":"21.642","ortg":"91.718","drtg":"112.812","bpm":"-5.854"},{"game_id":1053,"team_name":"DET","player_id":"{\"cookty01\"}","player_name":"{\"Tyler Cook\"}","ts_pct":"0.605","efg_pct":"0.556","three_par":"0.088","ftr":"0.201","orb_pct":"3.185","drb_pct":"21.876","trb_pct":"12.622","ast_pct":"3.922","stl_pct":"0.921","blk_pct":"0.673","tov_pct":"6.994","usg_pct":"12.899","ortg":"111.271","drtg":"113.106","bpm":"-2.833"},{"game_id":1053,"team_name":"DET","player_id":"{\"jacksjo02\"}","player_name":"{\"Josh Jackson\"}","ts_pct":"0.530","efg_pct":"0.478","three_par":"0.402","ftr":"0.431","orb_pct":"2.952","drb_pct":"10.594","trb_pct":"7.039","ast_pct":"17.306","stl_pct":"1.280","blk_pct":"2.722","tov_pct":"21.882","usg_pct":"26.406","ortg":"87.494","drtg":"114.882","bpm":"-5.605"},{"game_id":1053,"team_name":"DET","player_id":"{\"okafoja01\"}","player_name":"{\"Jahlil Okafor\"}","ts_pct":"0.649","efg_pct":"0.664","three_par":"0.044","ftr":"0.433","orb_pct":"4.022","drb_pct":"15.742","trb_pct":"10.222","ast_pct":"4.395","stl_pct":"1.179","blk_pct":"0.645","tov_pct":"26.816","usg_pct":"20.412","ortg":"95.694","drtg":"112.906","bpm":"-6.946"},{"game_id":1053,"team_name":"DET","player_id":"benchDET","player_name":"Bench of DET","ts_pct":"0.374","efg_pct":"0.362","three_par":"0.370","ftr":"0.228","orb_pct":"1.743","drb_pct":"17.239","trb_pct":"9.552","ast_pct":"19.190","stl_pct":"1.254","blk_pct":"0.748","tov_pct":"13.547","usg_pct":"16.616","ortg":"79.654","drtg":"111.876","bpm":"-4.863"},{"game_id":1053,"team_name":"DEN","player_id":"{\"bolbo01\"}","player_name":"{\"Bol Bol\"}","ts_pct":"0.248","efg_pct":"0.224","three_par":"0.284","ftr":"0.271","orb_pct":"0.000","drb_pct":"15.192","trb_pct":"7.149","ast_pct":"6.231","stl_pct":"2.165","blk_pct":"7.024","tov_pct":"28.621","usg_pct":"25.455","ortg":"47.200","drtg":"105.988","bpm":"-8.382"},{"game_id":1053,"team_name":"DEN","player_id":"{\"howarma02\"}","player_name":"{\"Markus Howard\"}","ts_pct":"0.367","efg_pct":"0.340","three_par":"0.548","ftr":"0.145","orb_pct":"1.074","drb_pct":"9.082","trb_pct":"5.204","ast_pct":"9.164","stl_pct":"2.216","blk_pct":"0.000","tov_pct":"33.480","usg_pct":"28.689","ortg":"80.435","drtg":"111.612","bpm":"-11.136"},{"game_id":1053,"team_name":"DEN","player_id":"{\"cancavl01\"}","player_name":"{\"Vlatko Čančar\"}","ts_pct":"0.540","efg_pct":"0.530","three_par":"0.599","ftr":"0.177","orb_pct":"6.673","drb_pct":"14.246","trb_pct":"10.860","ast_pct":"7.626","stl_pct":"0.551","blk_pct":"0.000","tov_pct":"5.594","usg_pct":"15.492","ortg":"112.729","drtg":"114.835","bpm":"0.305"},{"game_id":1053,"team_name":"DEN","player_id":"{\"jokicni01\"}","player_name":"{\"Nikola Jokić\"}","ts_pct":"0.687","efg_pct":"0.603","three_par":"0.187","ftr":"0.513","orb_pct":"9.722","drb_pct":"27.246","trb_pct":"18.389","ast_pct":"33.579","stl_pct":"1.319","blk_pct":"2.582","tov_pct":"12.929","usg_pct":"32.140","ortg":"132.918","drtg":"109.494","bpm":"12.105"},{"game_id":1053,"team_name":"DEN","player_id":"{\"portemi01\"}","player_name":"{\"Michael Porter Jr.\"}","ts_pct":"0.726","efg_pct":"0.709","three_par":"0.486","ftr":"0.118","orb_pct":"1.655","drb_pct":"18.721","trb_pct":"10.059","ast_pct":"9.646","stl_pct":"1.466","blk_pct":"1.418","tov_pct":"10.795","usg_pct":"25.155","ortg":"125.647","drtg":"113.224","bpm":"6.322"},{"game_id":1053,"team_name":"DEN","player_id":"{\"riverau01\"}","player_name":"{\"Austin Rivers\"}","ts_pct":"0.544","efg_pct":"0.536","three_par":"0.691","ftr":"0.178","orb_pct":"0.494","drb_pct":"9.699","trb_pct":"4.695","ast_pct":"12.769","stl_pct":"2.587","blk_pct":"0.160","tov_pct":"11.438","usg_pct":"15.058","ortg":"107.988","drtg":"112.988","bpm":"0.108"},{"game_id":1053,"team_name":"DEN","player_id":"benchDEN","player_name":"Bench of DEN","ts_pct":"0.408","efg_pct":"0.376","three_par":"0.321","ftr":"0.218","orb_pct":"4.692","drb_pct":"16.695","trb_pct":"10.602","ast_pct":"9.795","stl_pct":"1.346","blk_pct":"3.010","tov_pct":"9.978","usg_pct":"16.452","ortg":"94.977","drtg":"111.568","bpm":"-5.392"}]