[{"game_id":1240,"team_name":"ORL","player_id":"{\"jeffeam01\"}","player_name":"{\"Amile Jefferson\"}","fg":"1.259","fga":"1.706","fg_pct":"0.738","three_p":"0.000","three_pa":"0.000","three_p_pct":"NaN","ft":"0.506","fta":"0.635","ft_pct":"0.797","orb":"0.588","drb":"1.553","trb":"2.141","ast":"0.388","stl":"0.282","blk":"0.329","tov":"0.153","pf":"0.718","pts":"3.024"},{"game_id":1240,"team_name":"ORL","player_id":"{\"frazime01\"}","player_name":"{\"Melvin Frazier\"}","fg":"0.800","fga":"2.224","fg_pct":"0.360","three_p":"0.000","three_pa":"0.494","three_p_pct":"0.000","ft":"0.235","fta":"0.706","ft_pct":"0.333","orb":"0.353","drb":"0.541","trb":"0.894","ast":"0.094","stl":"0.141","blk":"0.000","tov":"0.000","pf":"0.271","pts":"1.835"},{"game_id":1240,"team_name":"ORL","player_id":"{\"magetjo01\"}","player_name":"{\"Josh Magette\"}","fg":"1.212","fga":"3.882","fg_pct":"0.312","three_p":"0.718","three_pa":"1.976","three_p_pct":"0.363","ft":"0.282","fta":"0.282","ft_pct":"1.000","orb":"0.094","drb":"1.353","trb":"1.447","ast":"4.165","stl":"0.659","blk":"0.153","tov":"0.800","pf":"1.224","pts":"3.424"},{"game_id":1240,"team_name":"ORL","player_id":"{\"isaacjo01\"}","player_name":"{\"Jonathan Isaac\"}","fg":"3.000","fga":"7.341","fg_pct":"0.409","three_p":"1.129","three_pa":"3.341","three_p_pct":"0.338","ft":"1.929","fta":"2.118","ft_pct":"0.911","orb":"1.247","drb":"4.941","trb":"6.188","ast":"1.024","stl":"0.882","blk":"1.882","tov":"1.282","pf":"1.647","pts":"9.059"},{"game_id":1240,"team_name":"ORL","player_id":"{\"gordoaa01\"}","player_name":"{\"Aaron Gordon\"}","fg":"4.765","fga":"11.153","fg_pct":"0.427","three_p":"1.224","three_pa":"3.541","three_p_pct":"0.346","ft":"1.788","fta":"2.812","ft_pct":"0.636","orb":"2.106","drb":"4.671","trb":"6.776","ast":"3.212","stl":"1.106","blk":"0.624","tov":"1.871","pf":"2.729","pts":"12.541"},{"game_id":1240,"team_name":"ORL","player_id":"{\"vucevni01\"}","player_name":"{\"Nikola Vučević\"}","fg":"5.529","fga":"14.576","fg_pct":"0.379","three_p":"0.835","three_pa":"3.388","three_p_pct":"0.246","ft":"2.294","fta":"2.800","ft_pct":"0.819","orb":"2.682","drb":"7.294","trb":"9.976","ast":"2.741","stl":"0.624","blk":"0.753","tov":"1.718","pf":"2.024","pts":"14.188"},{"game_id":1240,"team_name":"ORL","player_id":"benchORL","player_name":"Bench of ORL","fg":"3.318","fga":"7.970","fg_pct":"0.416","three_p":"0.952","three_pa":"3.222","three_p_pct":"0.295","ft":"1.519","fta":"1.948","ft_pct":"0.780","orb":"0.747","drb":"2.632","trb":"3.378","ast":"2.016","stl":"0.574","blk":"0.338","tov":"1.206","pf":"1.679","pts":"9.106"},{"game_id":1240,"team_name":"MIL","player_id":"{\"antetth01\"}","player_name":"{\"Thanasis Antetokounmpo\"}","fg":"1.520","fga":"2.040","fg_pct":"0.745","three_p":"0.000","three_pa":"0.520","three_p_pct":"0.000","ft":"0.000","fta":"0.000","ft_pct":"NaN","orb":"0.000","drb":"0.520","trb":"0.520","ast":"0.000","stl":"0.000","blk":"0.000","tov":"0.000","pf":"1.000","pts":"3.040"},{"game_id":1240,"team_name":"MIL","player_id":"{\"wilsodj01\"}","player_name":"{\"D.J. Wilson\"}","fg":"1.059","fga":"2.576","fg_pct":"0.411","three_p":"0.188","three_pa":"0.953","three_p_pct":"0.197","ft":"0.259","fta":"0.259","ft_pct":"1.000","orb":"0.271","drb":"1.471","trb":"1.741","ast":"0.506","stl":"0.047","blk":"0.141","tov":"0.718","pf":"0.753","pts":"2.565"},{"game_id":1240,"team_name":"MIL","player_id":"{\"antetgi01\"}","player_name":"{\"Giannis Antetokounmpo\"}","fg":"8.376","fga":"16.882","fg_pct":"0.496","three_p":"0.824","three_pa":"3.471","three_p_pct":"0.237","ft":"5.329","fta":"9.612","ft_pct":"0.554","orb":"1.894","drb":"11.224","trb":"13.118","ast":"6.682","stl":"1.176","blk":"2.165","tov":"3.894","pf":"4.106","pts":"22.906"},{"game_id":1240,"team_name":"MIL","player_id":"{\"bledser01\"}","player_name":"{\"Eric Bledsoe\"}","fg":"3.741","fga":"11.059","fg_pct":"0.338","three_p":"0.812","three_pa":"4.047","three_p_pct":"0.201","ft":"2.153","fta":"3.400","ft_pct":"0.633","orb":"0.835","drb":"3.482","trb":"4.318","ast":"4.341","stl":"0.635","blk":"0.000","tov":"1.894","pf":"2.376","pts":"10.447"},{"game_id":1240,"team_name":"MIL","player_id":"{\"lopezbr01\"}","player_name":"{\"Brook Lopez\"}","fg":"4.153","fga":"9.635","fg_pct":"0.431","three_p":"1.612","three_pa":"5.329","three_p_pct":"0.302","ft":"3.635","fta":"4.000","ft_pct":"0.909","orb":"0.635","drb":"4.718","trb":"5.353","ast":"1.624","stl":"0.741","blk":"1.953","tov":"1.259","pf":"2.635","pts":"13.553"},{"game_id":1240,"team_name":"MIL","player_id":"{\"brownst02\"}","player_name":"{\"Sterling Brown\"}","fg":"0.647","fga":"2.271","fg_pct":"0.285","three_p":"0.165","three_pa":"1.212","three_p_pct":"0.136","ft":"0.353","fta":"0.400","ft_pct":"0.882","orb":"0.141","drb":"1.259","trb":"1.400","ast":"0.635","stl":"0.153","blk":"0.000","tov":"0.271","pf":"1.082","pts":"1.812"},{"game_id":1240,"team_name":"MIL","player_id":"benchMIL","player_name":"Bench of MIL","fg":"3.472","fga":"7.401","fg_pct":"0.469","three_p":"1.416","three_pa":"3.889","three_p_pct":"0.364","ft":"0.877","fta":"1.195","ft_pct":"0.734","orb":"0.729","drb":"2.961","trb":"3.689","ast":"1.772","stl":"0.539","blk":"0.311","tov":"0.891","pf":"1.880","pts":"9.237"}]