[{"game_id":1090,"team_name":"DEN","player_id":"{\"portemi01\"}","player_name":"{\"Michael Porter Jr.\"}","ts_pct":"0.651","efg_pct":"0.631","three_par":"0.555","ftr":"0.097","orb_pct":"2.756","drb_pct":"18.842","trb_pct":"10.612","ast_pct":"9.308","stl_pct":"1.448","blk_pct":"0.569","tov_pct":"10.844","usg_pct":"25.005","ortg":"116.271","drtg":"116.000","bpm":"2.569"},{"game_id":1090,"team_name":"DEN","player_id":"{\"jokicni01\"}","player_name":"{\"Nikola Jokić\"}","ts_pct":"0.672","efg_pct":"0.595","three_par":"0.154","ftr":"0.476","orb_pct":"10.334","drb_pct":"27.200","trb_pct":"18.742","ast_pct":"38.371","stl_pct":"1.186","blk_pct":"1.718","tov_pct":"10.112","usg_pct":"34.095","ortg":"135.071","drtg":"112.494","bpm":"12.862"},{"game_id":1090,"team_name":"DEN","player_id":"{\"riverau01\"}","player_name":"{\"Austin Rivers\"}","ts_pct":"0.561","efg_pct":"0.554","three_par":"0.624","ftr":"0.139","orb_pct":"1.118","drb_pct":"10.125","trb_pct":"5.154","ast_pct":"14.198","stl_pct":"2.014","blk_pct":"0.000","tov_pct":"11.156","usg_pct":"15.149","ortg":"111.659","drtg":"116.718","bpm":"-1.166"},{"game_id":1090,"team_name":"DEN","player_id":"{\"campafa01\"}","player_name":"{\"Facundo Campazzo\"}","ts_pct":"0.509","efg_pct":"0.414","three_par":"0.632","ftr":"0.474","orb_pct":"1.591","drb_pct":"14.153","trb_pct":"7.514","ast_pct":"23.348","stl_pct":"3.169","blk_pct":"0.654","tov_pct":"15.405","usg_pct":"14.444","ortg":"113.035","drtg":"114.071","bpm":"0.254"},{"game_id":1090,"team_name":"DEN","player_id":"{\"gordoaa01\"}","player_name":"{\"Aaron Gordon\"}","ts_pct":"0.450","efg_pct":"0.432","three_par":"0.282","ftr":"0.181","orb_pct":"7.986","drb_pct":"12.018","trb_pct":"9.971","ast_pct":"9.815","stl_pct":"0.953","blk_pct":"1.988","tov_pct":"9.238","usg_pct":"16.564","ortg":"100.424","drtg":"115.988","bpm":"-4.172"},{"game_id":1090,"team_name":"DEN","player_id":"{\"morrimo01\"}","player_name":"{\"Monte Morris\"}","ts_pct":"0.579","efg_pct":"0.553","three_par":"0.231","ftr":"0.132","orb_pct":"1.416","drb_pct":"5.841","trb_pct":"3.654","ast_pct":"22.119","stl_pct":"2.365","blk_pct":"1.024","tov_pct":"8.062","usg_pct":"20.136","ortg":"119.459","drtg":"115.482","bpm":"1.178"},{"game_id":1090,"team_name":"DEN","player_id":"benchDEN","player_name":"Bench of DEN","ts_pct":"0.511","efg_pct":"0.487","three_par":"0.468","ftr":"0.186","orb_pct":"4.942","drb_pct":"11.642","trb_pct":"8.255","ast_pct":"12.303","stl_pct":"2.024","blk_pct":"1.619","tov_pct":"18.043","usg_pct":"23.029","ortg":"103.270","drtg":"114.120","bpm":"-3.465"},{"game_id":1090,"team_name":"POR","player_id":"{\"lillada01\"}","player_name":"{\"Damian Lillard\"}","ts_pct":"0.743","efg_pct":"0.691","three_par":"0.515","ftr":"0.360","orb_pct":"1.125","drb_pct":"11.551","trb_pct":"6.567","ast_pct":"34.531","stl_pct":"0.987","blk_pct":"0.522","tov_pct":"10.649","usg_pct":"29.419","ortg":"144.471","drtg":"117.647","bpm":"12.000"},{"game_id":1090,"team_name":"POR","player_id":"{\"powelno01\"}","player_name":"{\"Norman Powell\"}","ts_pct":"0.602","efg_pct":"0.550","three_par":"0.438","ftr":"0.315","orb_pct":"1.831","drb_pct":"9.631","trb_pct":"5.901","ast_pct":"6.993","stl_pct":"1.147","blk_pct":"0.832","tov_pct":"7.680","usg_pct":"19.342","ortg":"117.435","drtg":"117.541","bpm":"-0.822"},{"game_id":1090,"team_name":"POR","player_id":"{\"mccolcj01\"}","player_name":"{\"CJ McCollum\"}","ts_pct":"0.595","efg_pct":"0.571","three_par":"0.425","ftr":"0.173","orb_pct":"1.701","drb_pct":"7.513","trb_pct":"4.604","ast_pct":"20.515","stl_pct":"0.802","blk_pct":"0.867","tov_pct":"6.749","usg_pct":"26.367","ortg":"121.259","drtg":"118.612","bpm":"2.953"},{"game_id":1090,"team_name":"POR","player_id":"{\"covinro01\"}","player_name":"{\"Robert Covington\"}","ts_pct":"0.546","efg_pct":"0.535","three_par":"0.813","ftr":"0.138","orb_pct":"3.309","drb_pct":"17.208","trb_pct":"10.435","ast_pct":"5.442","stl_pct":"2.133","blk_pct":"2.978","tov_pct":"1.984","usg_pct":"9.353","ortg":"123.400","drtg":"110.671","bpm":"0.176"},{"game_id":1090,"team_name":"POR","player_id":"{\"nurkiju01\"}","player_name":"{\"Jusuf Nurkić\"}","ts_pct":"0.574","efg_pct":"0.568","three_par":"0.050","ftr":"0.329","orb_pct":"13.138","drb_pct":"31.485","trb_pct":"22.818","ast_pct":"21.965","stl_pct":"2.458","blk_pct":"5.539","tov_pct":"14.380","usg_pct":"24.938","ortg":"116.612","drtg":"104.271","bpm":"5.975"},{"game_id":1090,"team_name":"POR","player_id":"{\"simonan01\"}","player_name":"{\"Anfernee Simons\"}","ts_pct":"0.548","efg_pct":"0.509","three_par":"0.766","ftr":"0.156","orb_pct":"0.868","drb_pct":"9.367","trb_pct":"5.034","ast_pct":"6.066","stl_pct":"0.516","blk_pct":"0.296","tov_pct":"6.680","usg_pct":"12.012","ortg":"113.012","drtg":"119.306","bpm":"-5.473"},{"game_id":1090,"team_name":"POR","player_id":"benchPOR","player_name":"Bench of POR","ts_pct":"0.609","efg_pct":"0.574","three_par":"0.299","ftr":"0.280","orb_pct":"7.907","drb_pct":"22.740","trb_pct":"15.777","ast_pct":"5.596","stl_pct":"0.539","blk_pct":"1.853","tov_pct":"6.843","usg_pct":"18.246","ortg":"123.973","drtg":"113.693","bpm":"-0.112"}]