[{"game_id":1132,"team_name":"BRK","player_id":"teamBRK","player_name":"Team name: BRK","ts_pct":"0.572","efg_pct":"0.538","three_par":"0.372","ftr":"0.242","orb_pct":"5.518","drb_pct":"16.370","trb_pct":"11.577","ast_pct":"13.482","stl_pct":"1.373","blk_pct":"2.986","tov_pct":"8.532","usg_pct":"20.350","ortg":"120.403","drtg":"132.781","bpm":"-2.600"},{"game_id":1132,"team_name":"MIL","player_id":"teamMIL","player_name":"Team name: MIL","ts_pct":"0.546","efg_pct":"0.503","three_par":"0.496","ftr":"0.262","orb_pct":"6.750","drb_pct":"16.747","trb_pct":"11.787","ast_pct":"13.771","stl_pct":"2.184","blk_pct":"1.316","tov_pct":"9.910","usg_pct":"20.990","ortg":"123.078","drtg":"125.625","bpm":"0.686"}]