[{"game_id":1029,"team_name":"TOR","player_id":"{\"bouchch01\"}","player_name":"{\"Chris Boucher\"}","ts_pct":"0.591","efg_pct":"0.536","three_par":"0.417","ftr":"0.328","orb_pct":"10.056","drb_pct":"26.085","trb_pct":"18.341","ast_pct":"6.895","stl_pct":"0.926","blk_pct":"4.196","tov_pct":"8.225","usg_pct":"19.466","ortg":"124.082","drtg":"106.294","bpm":"0.239"},{"game_id":1029,"team_name":"TOR","player_id":"{\"trentga02\"}","player_name":"{\"Gary Trent Jr.\"}","ts_pct":"0.450","efg_pct":"0.423","three_par":"0.486","ftr":"0.140","orb_pct":"1.482","drb_pct":"12.620","trb_pct":"7.020","ast_pct":"5.227","stl_pct":"2.391","blk_pct":"0.318","tov_pct":"4.640","usg_pct":"24.755","ortg":"91.553","drtg":"114.235","bpm":"-4.387"},{"game_id":1029,"team_name":"TOR","player_id":"{\"birchkh01\"}","player_name":"{\"Khem Birch\"}","ts_pct":"0.597","efg_pct":"0.584","three_par":"0.171","ftr":"0.288","orb_pct":"10.484","drb_pct":"19.494","trb_pct":"14.691","ast_pct":"11.361","stl_pct":"1.427","blk_pct":"3.601","tov_pct":"9.126","usg_pct":"16.094","ortg":"124.612","drtg":"114.176","bpm":"1.006"},{"game_id":1029,"team_name":"TOR","player_id":"{\"flynnma01\"}","player_name":"{\"Malachi Flynn\"}","ts_pct":"0.475","efg_pct":"0.395","three_par":"0.427","ftr":"0.242","orb_pct":"0.944","drb_pct":"15.364","trb_pct":"7.586","ast_pct":"17.729","stl_pct":"1.296","blk_pct":"0.000","tov_pct":"15.586","usg_pct":"19.108","ortg":"91.400","drtg":"117.071","bpm":"-5.772"},{"game_id":1029,"team_name":"TOR","player_id":"{\"harrija01\"}","player_name":"{\"Jalen Harris\"}","ts_pct":"0.561","efg_pct":"0.548","three_par":"0.450","ftr":"0.051","orb_pct":"6.106","drb_pct":"9.581","trb_pct":"7.538","ast_pct":"14.255","stl_pct":"2.925","blk_pct":"0.000","tov_pct":"14.216","usg_pct":"16.904","ortg":"116.859","drtg":"112.424","bpm":"-1.249"},{"game_id":1029,"team_name":"TOR","player_id":"{\"gillefr01\"}","player_name":"{\"Freddie Gillespie\"}","ts_pct":"0.574","efg_pct":"0.527","three_par":"0.000","ftr":"0.639","orb_pct":"12.972","drb_pct":"19.834","trb_pct":"16.092","ast_pct":"2.299","stl_pct":"1.629","blk_pct":"5.168","tov_pct":"9.408","usg_pct":"14.082","ortg":"125.847","drtg":"111.988","bpm":"-2.984"},{"game_id":1029,"team_name":"TOR","player_id":"benchTOR","player_name":"Bench of TOR","ts_pct":"0.467","efg_pct":"0.417","three_par":"0.503","ftr":"0.243","orb_pct":"2.843","drb_pct":"13.850","trb_pct":"7.968","ast_pct":"11.039","stl_pct":"2.805","blk_pct":"1.165","tov_pct":"16.492","usg_pct":"13.697","ortg":"94.600","drtg":"112.828","bpm":"-3.425"},{"game_id":1029,"team_name":"LAC","player_id":"{\"couside01\"}","player_name":"{\"DeMarcus Cousins\"}","ts_pct":"0.643","efg_pct":"0.634","three_par":"0.210","ftr":"0.148","orb_pct":"12.031","drb_pct":"25.028","trb_pct":"18.767","ast_pct":"13.493","stl_pct":"2.268","blk_pct":"3.045","tov_pct":"16.324","usg_pct":"25.467","ortg":"115.106","drtg":"103.953","bpm":"4.758"},{"game_id":1029,"team_name":"LAC","player_id":"{\"kennalu01\"}","player_name":"{\"Luke Kennard\"}","ts_pct":"0.511","efg_pct":"0.505","three_par":"0.533","ftr":"0.044","orb_pct":"1.716","drb_pct":"6.712","trb_pct":"4.196","ast_pct":"16.211","stl_pct":"0.754","blk_pct":"0.244","tov_pct":"6.736","usg_pct":"14.684","ortg":"137.953","drtg":"115.082","bpm":"0.492"},{"game_id":1029,"team_name":"LAC","player_id":"{\"scrubja01\"}","player_name":"{\"Jay Scrubb\"}","ts_pct":"0.541","efg_pct":"0.512","three_par":"0.411","ftr":"0.251","orb_pct":"5.142","drb_pct":"12.142","trb_pct":"9.004","ast_pct":"11.853","stl_pct":"1.283","blk_pct":"1.535","tov_pct":"9.924","usg_pct":"18.632","ortg":"110.000","drtg":"110.000","bpm":"-1.642"},{"game_id":1029,"team_name":"LAC","player_id":"{\"georgpa01\"}","player_name":"{\"Paul George\"}","ts_pct":"0.559","efg_pct":"0.517","three_par":"0.433","ftr":"0.276","orb_pct":"2.344","drb_pct":"23.141","trb_pct":"13.327","ast_pct":"20.206","stl_pct":"1.332","blk_pct":"1.241","tov_pct":"14.526","usg_pct":"31.879","ortg":"101.694","drtg":"109.059","bpm":"0.944"},{"game_id":1029,"team_name":"LAC","player_id":"{\"zubaciv01\"}","player_name":"{\"Ivica Zubac\"}","ts_pct":"0.703","efg_pct":"0.661","three_par":"0.000","ftr":"0.598","orb_pct":"10.654","drb_pct":"21.384","trb_pct":"16.451","ast_pct":"9.089","stl_pct":"0.226","blk_pct":"2.706","tov_pct":"15.754","usg_pct":"14.772","ortg":"133.341","drtg":"111.071","bpm":"0.691"},{"game_id":1029,"team_name":"LAC","player_id":"{\"leonaka01\"}","player_name":"{\"Kawhi Leonard\"}","ts_pct":"0.634","efg_pct":"0.571","three_par":"0.366","ftr":"0.367","orb_pct":"3.626","drb_pct":"19.753","trb_pct":"12.447","ast_pct":"29.589","stl_pct":"0.664","blk_pct":"1.074","tov_pct":"14.844","usg_pct":"27.628","ortg":"122.612","drtg":"110.235","bpm":"5.658"},{"game_id":1029,"team_name":"LAC","player_id":"benchLAC","player_name":"Bench of LAC","ts_pct":"0.472","efg_pct":"0.449","three_par":"0.406","ftr":"0.198","orb_pct":"4.654","drb_pct":"11.447","trb_pct":"8.126","ast_pct":"16.351","stl_pct":"1.256","blk_pct":"1.617","tov_pct":"10.078","usg_pct":"16.024","ortg":"102.573","drtg":"112.430","bpm":"0.871"}]