[{"game_id":1149,"team_name":"MIL","player_id":"teamMIL","player_name":"Team name: MIL","ts_pct":"0.493","efg_pct":"0.461","three_par":"0.488","ftr":"0.194","orb_pct":"5.215","drb_pct":"16.625","trb_pct":"10.863","ast_pct":"12.178","stl_pct":"2.059","blk_pct":"2.863","tov_pct":"10.036","usg_pct":"19.528","ortg":"105.646","drtg":"117.849","bpm":"2.033"},{"game_id":1149,"team_name":"BRK","player_id":"teamBRK","player_name":"Team name: BRK","ts_pct":"0.542","efg_pct":"0.509","three_par":"0.424","ftr":"0.184","orb_pct":"4.796","drb_pct":"17.469","trb_pct":"11.517","ast_pct":"13.671","stl_pct":"1.480","blk_pct":"2.760","tov_pct":"10.099","usg_pct":"20.050","ortg":"113.605","drtg":"123.167","bpm":"-0.713"}]