[{"game_id":1020,"team_name":"ATL","player_id":"teamATL","player_name":"Team name: ATL","ts_pct":"0.621","efg_pct":"0.577","three_par":"0.382","ftr":"0.354","orb_pct":"5.134","drb_pct":"17.544","trb_pct":"11.622","ast_pct":"15.925","stl_pct":"1.531","blk_pct":"1.871","tov_pct":"14.545","usg_pct":"21.513","ortg":"123.159","drtg":"129.554","bpm":"-0.841"},{"game_id":1020,"team_name":"WAS","player_id":"teamWAS","player_name":"Team name: WAS","ts_pct":"0.619","efg_pct":"0.586","three_par":"0.321","ftr":"0.369","orb_pct":"6.314","drb_pct":"15.972","trb_pct":"11.306","ast_pct":"13.423","stl_pct":"1.363","blk_pct":"2.346","tov_pct":"11.151","usg_pct":"21.728","ortg":"129.877","drtg":"133.160","bpm":"-2.427"}]