[{"game_id":1041,"team_name":"UTA","player_id":"{\"thomama02\"}","player_name":"{\"Matt Thomas\"}","ts_pct":"0.654","efg_pct":"0.548","three_par":"0.280","ftr":"0.612","orb_pct":"4.527","drb_pct":"15.607","trb_pct":"10.347","ast_pct":"14.174","stl_pct":"0.000","blk_pct":"0.000","tov_pct":"4.140","usg_pct":"24.182","ortg":"129.212","drtg":"113.082","bpm":"5.531"},{"game_id":1041,"team_name":"UTA","player_id":"{\"goberru01\"}","player_name":"{\"Rudy Gobert\"}","ts_pct":"0.697","efg_pct":"0.668","three_par":"0.000","ftr":"0.474","orb_pct":"11.540","drb_pct":"33.279","trb_pct":"22.920","ast_pct":"4.698","stl_pct":"1.118","blk_pct":"5.833","tov_pct":"19.655","usg_pct":"17.352","ortg":"123.612","drtg":"105.447","bpm":"1.655"},{"game_id":1041,"team_name":"UTA","player_id":"{\"bogdabo02\"}","player_name":"{\"Bojan Bogdanović\"}","ts_pct":"0.677","efg_pct":"0.623","three_par":"0.425","ftr":"0.323","orb_pct":"2.247","drb_pct":"12.185","trb_pct":"7.385","ast_pct":"8.925","stl_pct":"1.736","blk_pct":"0.176","tov_pct":"13.439","usg_pct":"30.193","ortg":"118.859","drtg":"113.059","bpm":"3.066"},{"game_id":1041,"team_name":"UTA","player_id":"{\"inglejo01\"}","player_name":"{\"Joe Ingles\"}","ts_pct":"0.542","efg_pct":"0.523","three_par":"0.725","ftr":"0.137","orb_pct":"1.152","drb_pct":"11.002","trb_pct":"6.573","ast_pct":"29.729","stl_pct":"0.991","blk_pct":"0.218","tov_pct":"18.760","usg_pct":"18.389","ortg":"113.082","drtg":"115.118","bpm":"-0.384"},{"game_id":1041,"team_name":"UTA","player_id":"{\"onealro01\"}","player_name":"{\"Royce O'Neale\"}","ts_pct":"0.694","efg_pct":"0.688","three_par":"0.655","ftr":"0.040","orb_pct":"3.934","drb_pct":"15.240","trb_pct":"10.204","ast_pct":"11.088","stl_pct":"2.122","blk_pct":"0.222","tov_pct":"18.762","usg_pct":"10.621","ortg":"125.635","drtg":"111.553","bpm":"2.508"},{"game_id":1041,"team_name":"UTA","player_id":"{\"clarkjo01\"}","player_name":"{\"Jordan Clarkson\"}","ts_pct":"0.522","efg_pct":"0.494","three_par":"0.471","ftr":"0.196","orb_pct":"1.504","drb_pct":"15.381","trb_pct":"8.948","ast_pct":"20.528","stl_pct":"1.593","blk_pct":"0.654","tov_pct":"7.219","usg_pct":"32.865","ortg":"110.541","drtg":"112.506","bpm":"0.558"},{"game_id":1041,"team_name":"UTA","player_id":"benchUTA","player_name":"Bench of UTA","ts_pct":"0.461","efg_pct":"0.436","three_par":"0.463","ftr":"0.147","orb_pct":"5.110","drb_pct":"13.849","trb_pct":"9.836","ast_pct":"9.175","stl_pct":"0.940","blk_pct":"3.068","tov_pct":"10.697","usg_pct":"15.165","ortg":"97.086","drtg":"108.018","bpm":"-1.705"},{"game_id":1041,"team_name":"POR","player_id":"{\"powelno01\"}","player_name":"{\"Norman Powell\"}","ts_pct":"0.556","efg_pct":"0.507","three_par":"0.389","ftr":"0.288","orb_pct":"3.065","drb_pct":"8.359","trb_pct":"5.673","ast_pct":"9.124","stl_pct":"1.194","blk_pct":"0.726","tov_pct":"6.195","usg_pct":"21.309","ortg":"115.118","drtg":"116.282","bpm":"-1.324"},{"game_id":1041,"team_name":"POR","player_id":"{\"mccolcj01\"}","player_name":"{\"CJ McCollum\"}","ts_pct":"0.576","efg_pct":"0.542","three_par":"0.408","ftr":"0.241","orb_pct":"1.211","drb_pct":"9.352","trb_pct":"5.319","ast_pct":"19.429","stl_pct":"0.854","blk_pct":"1.465","tov_pct":"5.614","usg_pct":"25.126","ortg":"121.012","drtg":"115.071","bpm":"2.135"},{"game_id":1041,"team_name":"POR","player_id":"{\"lillada01\"}","player_name":"{\"Damian Lillard\"}","ts_pct":"0.720","efg_pct":"0.656","three_par":"0.543","ftr":"0.389","orb_pct":"1.747","drb_pct":"12.726","trb_pct":"7.236","ast_pct":"34.420","stl_pct":"1.580","blk_pct":"0.325","tov_pct":"9.759","usg_pct":"29.256","ortg":"143.282","drtg":"113.741","bpm":"12.262"},{"game_id":1041,"team_name":"POR","player_id":"{\"nurkiju01\"}","player_name":"{\"Jusuf Nurkić\"}","ts_pct":"0.593","efg_pct":"0.581","three_par":"0.050","ftr":"0.272","orb_pct":"11.989","drb_pct":"30.388","trb_pct":"21.107","ast_pct":"22.180","stl_pct":"1.634","blk_pct":"3.868","tov_pct":"11.475","usg_pct":"23.998","ortg":"123.976","drtg":"106.235","bpm":"5.593"},{"game_id":1041,"team_name":"POR","player_id":"{\"covinro01\"}","player_name":"{\"Robert Covington\"}","ts_pct":"0.483","efg_pct":"0.473","three_par":"0.797","ftr":"0.100","orb_pct":"3.214","drb_pct":"18.107","trb_pct":"10.641","ast_pct":"5.842","stl_pct":"1.640","blk_pct":"3.726","tov_pct":"2.333","usg_pct":"9.379","ortg":"113.788","drtg":"109.353","bpm":"-0.679"},{"game_id":1041,"team_name":"POR","player_id":"{\"anthoca01\"}","player_name":"{\"Carmelo Anthony\"}","ts_pct":"0.686","efg_pct":"0.659","three_par":"0.506","ftr":"0.165","orb_pct":"0.635","drb_pct":"11.425","trb_pct":"6.207","ast_pct":"6.088","stl_pct":"1.261","blk_pct":"0.809","tov_pct":"3.995","usg_pct":"19.294","ortg":"132.176","drtg":"114.106","bpm":"3.252"},{"game_id":1041,"team_name":"POR","player_id":"benchPOR","player_name":"Bench of POR","ts_pct":"0.499","efg_pct":"0.455","three_par":"0.328","ftr":"0.231","orb_pct":"9.470","drb_pct":"21.671","trb_pct":"15.459","ast_pct":"8.341","stl_pct":"0.461","blk_pct":"0.935","tov_pct":"9.696","usg_pct":"17.368","ortg":"110.801","drtg":"114.013","bpm":"-2.942"}]