[{"game_id":1161,"team_name":"PHO","player_id":"{\"naderab01\"}","player_name":"{\"Abdel Nader\"}","ts_pct":"0.593","efg_pct":"0.556","three_par":"0.344","ftr":"0.313","orb_pct":"5.072","drb_pct":"19.198","trb_pct":"12.771","ast_pct":"5.453","stl_pct":"1.113","blk_pct":"3.019","tov_pct":"16.901","usg_pct":"17.499","ortg":"90.047","drtg":"101.576","bpm":"-3.285"},{"game_id":1161,"team_name":"PHO","player_id":"{\"bookede01\"}","player_name":"{\"Devin Booker\"}","ts_pct":"0.551","efg_pct":"0.478","three_par":"0.301","ftr":"0.349","orb_pct":"1.682","drb_pct":"15.831","trb_pct":"9.431","ast_pct":"17.346","stl_pct":"1.122","blk_pct":"0.112","tov_pct":"14.719","usg_pct":"32.264","ortg":"102.906","drtg":"109.953","bpm":"-1.096"},{"game_id":1161,"team_name":"PHO","player_id":"{\"aytonde01\"}","player_name":"{\"Deandre Ayton\"}","ts_pct":"0.675","efg_pct":"0.657","three_par":"0.000","ftr":"0.243","orb_pct":"10.562","drb_pct":"23.059","trb_pct":"17.320","ast_pct":"5.398","stl_pct":"0.852","blk_pct":"2.784","tov_pct":"7.194","usg_pct":"17.551","ortg":"134.224","drtg":"105.718","bpm":"3.799"},{"game_id":1161,"team_name":"PHO","player_id":"{\"paulch01\"}","player_name":"{\"Chris Paul\"}","ts_pct":"0.548","efg_pct":"0.490","three_par":"0.192","ftr":"0.279","orb_pct":"0.907","drb_pct":"10.534","trb_pct":"6.182","ast_pct":"44.636","stl_pct":"2.206","blk_pct":"0.349","tov_pct":"8.794","usg_pct":"25.074","ortg":"123.659","drtg":"105.106","bpm":"5.891"},{"game_id":1161,"team_name":"PHO","player_id":"{\"bridgmi01\"}","player_name":"{\"Mikal Bridges\"}","ts_pct":"0.589","efg_pct":"0.571","three_par":"0.470","ftr":"0.135","orb_pct":"5.015","drb_pct":"11.611","trb_pct":"8.524","ast_pct":"8.374","stl_pct":"1.461","blk_pct":"2.665","tov_pct":"5.806","usg_pct":"14.612","ortg":"121.553","drtg":"108.282","bpm":"2.674"},{"game_id":1161,"team_name":"PHO","player_id":"{\"crowdja01\"}","player_name":"{\"Jae Crowder\"}","ts_pct":"0.602","efg_pct":"0.557","three_par":"0.810","ftr":"0.171","orb_pct":"1.449","drb_pct":"16.325","trb_pct":"9.373","ast_pct":"4.736","stl_pct":"0.452","blk_pct":"1.887","tov_pct":"8.907","usg_pct":"11.999","ortg":"111.200","drtg":"109.976","bpm":"-0.126"},{"game_id":1161,"team_name":"PHO","player_id":"benchPHO","player_name":"Bench of PHO","ts_pct":"0.569","efg_pct":"0.527","three_par":"0.427","ftr":"0.277","orb_pct":"4.825","drb_pct":"16.240","trb_pct":"10.642","ast_pct":"11.554","stl_pct":"0.958","blk_pct":"1.414","tov_pct":"10.158","usg_pct":"16.577","ortg":"113.843","drtg":"108.616","bpm":"-1.177"},{"game_id":1161,"team_name":"LAC","player_id":"{\"georgpa01\"}","player_name":"{\"Paul George\"}","ts_pct":"0.532","efg_pct":"0.460","three_par":"0.414","ftr":"0.450","orb_pct":"2.391","drb_pct":"24.766","trb_pct":"13.611","ast_pct":"24.607","stl_pct":"1.395","blk_pct":"1.380","tov_pct":"11.400","usg_pct":"34.278","ortg":"107.976","drtg":"111.706","bpm":"2.464"},{"game_id":1161,"team_name":"LAC","player_id":"{\"morrima03\"}","player_name":"{\"Marcus Morris\"}","ts_pct":"0.493","efg_pct":"0.481","three_par":"0.419","ftr":"0.154","orb_pct":"2.316","drb_pct":"13.808","trb_pct":"8.005","ast_pct":"8.626","stl_pct":"0.801","blk_pct":"2.266","tov_pct":"3.789","usg_pct":"17.229","ortg":"106.835","drtg":"117.400","bpm":"-2.614"},{"game_id":1161,"team_name":"LAC","player_id":"{\"jacksre01\"}","player_name":"{\"Reggie Jackson\"}","ts_pct":"0.637","efg_pct":"0.620","three_par":"0.513","ftr":"0.118","orb_pct":"1.048","drb_pct":"8.519","trb_pct":"4.629","ast_pct":"16.705","stl_pct":"2.012","blk_pct":"0.285","tov_pct":"9.279","usg_pct":"23.744","ortg":"125.518","drtg":"116.753","bpm":"3.785"},{"game_id":1161,"team_name":"LAC","player_id":"{\"beverpa01\"}","player_name":"{\"Patrick Beverley\"}","ts_pct":"0.555","efg_pct":"0.541","three_par":"0.524","ftr":"0.224","orb_pct":"5.138","drb_pct":"11.854","trb_pct":"8.462","ast_pct":"11.108","stl_pct":"2.128","blk_pct":"4.427","tov_pct":"5.689","usg_pct":"10.555","ortg":"125.624","drtg":"113.259","bpm":"1.686"},{"game_id":1161,"team_name":"LAC","player_id":"{\"batumni01\"}","player_name":"{\"Nicolas Batum\"}","ts_pct":"0.721","efg_pct":"0.718","three_par":"0.737","ftr":"0.066","orb_pct":"3.011","drb_pct":"18.312","trb_pct":"10.355","ast_pct":"11.820","stl_pct":"2.094","blk_pct":"2.602","tov_pct":"2.649","usg_pct":"10.033","ortg":"156.647","drtg":"111.859","bpm":"4.653"},{"game_id":1161,"team_name":"LAC","player_id":"{\"mannte01\"}","player_name":"{\"Terance Mann\"}","ts_pct":"0.651","efg_pct":"0.627","three_par":"0.388","ftr":"0.250","orb_pct":"4.104","drb_pct":"9.049","trb_pct":"6.548","ast_pct":"6.047","stl_pct":"1.525","blk_pct":"0.367","tov_pct":"2.278","usg_pct":"14.654","ortg":"136.259","drtg":"117.671","bpm":"1.561"},{"game_id":1161,"team_name":"LAC","player_id":"benchLAC","player_name":"Bench of LAC","ts_pct":"0.358","efg_pct":"0.333","three_par":"0.249","ftr":"0.106","orb_pct":"3.241","drb_pct":"17.173","trb_pct":"12.590","ast_pct":"4.319","stl_pct":"0.688","blk_pct":"1.164","tov_pct":"3.838","usg_pct":"14.207","ortg":"72.421","drtg":"111.461","bpm":"4.054"}]