[{"game_id":1131,"team_name":"LAC","player_id":"{\"rondora01\"}","player_name":"{\"Rajon Rondo\"}","ts_pct":"0.524","efg_pct":"0.510","three_par":"0.489","ftr":"0.230","orb_pct":"1.745","drb_pct":"13.582","trb_pct":"7.951","ast_pct":"35.555","stl_pct":"1.155","blk_pct":"1.609","tov_pct":"22.795","usg_pct":"16.280","ortg":"99.306","drtg":"114.165","bpm":"-2.233"},{"game_id":1131,"team_name":"LAC","player_id":"{\"georgpa01\"}","player_name":"{\"Paul George\"}","ts_pct":"0.582","efg_pct":"0.531","three_par":"0.445","ftr":"0.332","orb_pct":"2.221","drb_pct":"23.153","trb_pct":"13.466","ast_pct":"21.474","stl_pct":"0.653","blk_pct":"2.079","tov_pct":"14.834","usg_pct":"27.704","ortg":"111.376","drtg":"110.706","bpm":"1.667"},{"game_id":1131,"team_name":"LAC","player_id":"{\"leonaka01\"}","player_name":"{\"Kawhi Leonard\"}","ts_pct":"0.709","efg_pct":"0.655","three_par":"0.324","ftr":"0.408","orb_pct":"4.907","drb_pct":"15.132","trb_pct":"10.379","ast_pct":"21.993","stl_pct":"2.326","blk_pct":"1.932","tov_pct":"12.652","usg_pct":"29.304","ortg":"133.494","drtg":"109.118","bpm":"11.075"},{"game_id":1131,"team_name":"LAC","player_id":"{\"batumni01\"}","player_name":"{\"Nicolas Batum\"}","ts_pct":"0.621","efg_pct":"0.574","three_par":"0.592","ftr":"0.288","orb_pct":"3.320","drb_pct":"16.925","trb_pct":"10.594","ast_pct":"8.892","stl_pct":"2.049","blk_pct":"1.112","tov_pct":"3.847","usg_pct":"12.371","ortg":"133.353","drtg":"111.965","bpm":"3.759"},{"game_id":1131,"team_name":"LAC","player_id":"{\"morrima03\"}","player_name":"{\"Marcus Morris\"}","ts_pct":"0.550","efg_pct":"0.515","three_par":"0.498","ftr":"0.208","orb_pct":"3.546","drb_pct":"11.111","trb_pct":"7.665","ast_pct":"5.273","stl_pct":"0.842","blk_pct":"1.346","tov_pct":"5.788","usg_pct":"16.302","ortg":"109.741","drtg":"115.471","bpm":"-2.242"},{"game_id":1131,"team_name":"LAC","player_id":"{\"jacksre01\"}","player_name":"{\"Reggie Jackson\"}","ts_pct":"0.580","efg_pct":"0.559","three_par":"0.684","ftr":"0.144","orb_pct":"1.512","drb_pct":"10.346","trb_pct":"6.318","ast_pct":"14.362","stl_pct":"0.788","blk_pct":"0.767","tov_pct":"8.395","usg_pct":"23.120","ortg":"114.694","drtg":"116.624","bpm":"1.419"},{"game_id":1131,"team_name":"LAC","player_id":"benchLAC","player_name":"Bench of LAC","ts_pct":"0.492","efg_pct":"0.434","three_par":"0.271","ftr":"0.271","orb_pct":"8.146","drb_pct":"14.711","trb_pct":"11.534","ast_pct":"9.779","stl_pct":"0.704","blk_pct":"2.021","tov_pct":"4.412","usg_pct":"12.723","ortg":"113.788","drtg":"110.457","bpm":"-2.332"},{"game_id":1131,"team_name":"DAL","player_id":"{\"klebima01\"}","player_name":"{\"Maxi Kleber\"}","ts_pct":"0.459","efg_pct":"0.440","three_par":"0.716","ftr":"0.218","orb_pct":"4.746","drb_pct":"13.301","trb_pct":"8.913","ast_pct":"6.668","stl_pct":"0.395","blk_pct":"0.480","tov_pct":"1.609","usg_pct":"9.541","ortg":"109.553","drtg":"122.647","bpm":"-2.687"},{"game_id":1131,"team_name":"DAL","player_id":"{\"burketr01\"}","player_name":"{\"Trey Burke\"}","ts_pct":"0.334","efg_pct":"0.274","three_par":"0.548","ftr":"0.227","orb_pct":"4.520","drb_pct":"4.405","trb_pct":"4.486","ast_pct":"9.305","stl_pct":"0.884","blk_pct":"1.092","tov_pct":"4.465","usg_pct":"21.059","ortg":"76.553","drtg":"121.224","bpm":"-10.615"},{"game_id":1131,"team_name":"DAL","player_id":"{\"richajo01\"}","player_name":"{\"Josh Richardson\"}","ts_pct":"0.500","efg_pct":"0.404","three_par":"0.342","ftr":"0.383","orb_pct":"3.385","drb_pct":"10.233","trb_pct":"7.044","ast_pct":"11.635","stl_pct":"1.206","blk_pct":"0.179","tov_pct":"11.540","usg_pct":"21.722","ortg":"100.129","drtg":"122.435","bpm":"-5.286"},{"game_id":1131,"team_name":"DAL","player_id":"{\"poweldw01\"}","player_name":"{\"Dwight Powell\"}","ts_pct":"0.476","efg_pct":"0.455","three_par":"0.000","ftr":"0.584","orb_pct":"5.889","drb_pct":"14.742","trb_pct":"10.507","ast_pct":"16.580","stl_pct":"1.799","blk_pct":"0.852","tov_pct":"8.807","usg_pct":"9.609","ortg":"159.765","drtg":"119.894","bpm":"7.511"},{"game_id":1131,"team_name":"DAL","player_id":"{\"doncilu01\"}","player_name":"{\"Luka Dončić\"}","ts_pct":"0.541","efg_pct":"0.524","three_par":"0.409","ftr":"0.245","orb_pct":"1.900","drb_pct":"25.091","trb_pct":"12.694","ast_pct":"52.948","stl_pct":"1.961","blk_pct":"0.985","tov_pct":"12.862","usg_pct":"39.620","ortg":"109.200","drtg":"117.553","bpm":"8.806"},{"game_id":1131,"team_name":"DAL","player_id":"{\"porzikr01\"}","player_name":"{\"Kristaps Porziņģis\"}","ts_pct":"0.593","efg_pct":"0.566","three_par":"0.394","ftr":"0.168","orb_pct":"3.604","drb_pct":"14.728","trb_pct":"9.068","ast_pct":"6.188","stl_pct":"1.566","blk_pct":"2.275","tov_pct":"3.465","usg_pct":"18.133","ortg":"125.082","drtg":"117.835","bpm":"1.616"},{"game_id":1131,"team_name":"DAL","player_id":"benchDAL","player_name":"Bench of DAL","ts_pct":"0.565","efg_pct":"0.509","three_par":"0.396","ftr":"0.208","orb_pct":"6.218","drb_pct":"15.655","trb_pct":"10.461","ast_pct":"9.427","stl_pct":"0.699","blk_pct":"0.475","tov_pct":"8.742","usg_pct":"20.591","ortg":"113.213","drtg":"121.752","bpm":"-0.802"}]