[{"game_id":1239,"team_name":"LAC","player_id":"{\"mcgruro01\"}","player_name":"{\"Rodney McGruder\"}","ts_pct":"0.212","efg_pct":"0.210","three_par":"0.384","ftr":"0.157","orb_pct":"7.940","drb_pct":"15.673","trb_pct":"11.540","ast_pct":"6.234","stl_pct":"1.033","blk_pct":"1.035","tov_pct":"9.266","usg_pct":"12.149","ortg":"57.165","drtg":"108.306","bpm":"-5.678"},{"game_id":1239,"team_name":"LAC","player_id":"{\"leonaka01\"}","player_name":"{\"Kawhi Leonard\"}","ts_pct":"0.608","efg_pct":"0.537","three_par":"0.299","ftr":"0.430","orb_pct":"4.258","drb_pct":"22.135","trb_pct":"13.462","ast_pct":"34.915","stl_pct":"2.688","blk_pct":"3.978","tov_pct":"10.801","usg_pct":"33.593","ortg":"122.882","drtg":"105.388","bpm":"10.252"},{"game_id":1239,"team_name":"LAC","player_id":"{\"beverpa01\"}","player_name":"{\"Patrick Beverley\"}","ts_pct":"0.474","efg_pct":"0.468","three_par":"0.591","ftr":"0.151","orb_pct":"4.659","drb_pct":"19.421","trb_pct":"12.031","ast_pct":"12.584","stl_pct":"2.619","blk_pct":"1.171","tov_pct":"19.782","usg_pct":"15.796","ortg":"94.259","drtg":"112.224","bpm":"-2.600"},{"game_id":1239,"team_name":"LAC","player_id":"{\"willilo02\"}","player_name":"{\"Lou Williams\"}","ts_pct":"0.563","efg_pct":"0.479","three_par":"0.267","ftr":"0.537","orb_pct":"2.216","drb_pct":"10.259","trb_pct":"6.214","ast_pct":"30.552","stl_pct":"0.958","blk_pct":"0.146","tov_pct":"13.034","usg_pct":"33.022","ortg":"111.647","drtg":"119.376","bpm":"-0.524"},{"game_id":1239,"team_name":"LAC","player_id":"{\"harremo01\"}","player_name":"{\"Montrezl Harrell\"}","ts_pct":"0.716","efg_pct":"0.713","three_par":"0.009","ftr":"0.435","orb_pct":"8.545","drb_pct":"16.226","trb_pct":"12.447","ast_pct":"12.659","stl_pct":"1.081","blk_pct":"2.152","tov_pct":"14.392","usg_pct":"24.486","ortg":"128.294","drtg":"116.000","bpm":"2.724"},{"game_id":1239,"team_name":"LAC","player_id":"{\"shamela01\"}","player_name":"{\"Landry Shamet\"}","ts_pct":"0.583","efg_pct":"0.499","three_par":"0.733","ftr":"0.274","orb_pct":"0.184","drb_pct":"6.706","trb_pct":"3.389","ast_pct":"8.474","stl_pct":"0.954","blk_pct":"0.294","tov_pct":"13.424","usg_pct":"12.461","ortg":"109.271","drtg":"120.235","bpm":"-3.801"},{"game_id":1239,"team_name":"LAC","player_id":"benchLAC","player_name":"Bench of LAC","ts_pct":"0.592","efg_pct":"0.579","three_par":"0.397","ftr":"0.265","orb_pct":"7.800","drb_pct":"18.079","trb_pct":"12.923","ast_pct":"5.491","stl_pct":"1.084","blk_pct":"3.310","tov_pct":"12.189","usg_pct":"14.579","ortg":"114.545","drtg":"113.067","bpm":"0.404"},{"game_id":1239,"team_name":"SAS","player_id":"{\"walkelo01\"}","player_name":"{\"Lonnie Walker IV\"}","ts_pct":"0.449","efg_pct":"0.455","three_par":"0.106","ftr":"0.039","orb_pct":"0.000","drb_pct":"20.027","trb_pct":"9.539","ast_pct":"13.153","stl_pct":"0.241","blk_pct":"0.465","tov_pct":"0.000","usg_pct":"21.913","ortg":"99.000","drtg":"118.565","bpm":"-10.627"},{"game_id":1239,"team_name":"SAS","player_id":"{\"aldrila01\"}","player_name":"{\"LaMarcus Aldridge\"}","ts_pct":"0.546","efg_pct":"0.499","three_par":"0.097","ftr":"0.290","orb_pct":"8.376","drb_pct":"19.732","trb_pct":"13.852","ast_pct":"11.716","stl_pct":"1.084","blk_pct":"4.047","tov_pct":"8.349","usg_pct":"26.012","ortg":"112.588","drtg":"108.624","bpm":"2.720"},{"game_id":1239,"team_name":"SAS","player_id":"{\"derozde01\"}","player_name":"{\"DeMar DeRozan\"}","ts_pct":"0.555","efg_pct":"0.486","three_par":"0.017","ftr":"0.450","orb_pct":"2.831","drb_pct":"14.861","trb_pct":"8.754","ast_pct":"16.106","stl_pct":"1.716","blk_pct":"0.715","tov_pct":"10.759","usg_pct":"27.792","ortg":"110.682","drtg":"111.188","bpm":"0.845"},{"game_id":1239,"team_name":"SAS","player_id":"{\"gayru01\"}","player_name":"{\"Rudy Gay\"}","ts_pct":"0.522","efg_pct":"0.463","three_par":"0.369","ftr":"0.376","orb_pct":"7.294","drb_pct":"22.335","trb_pct":"14.689","ast_pct":"11.808","stl_pct":"0.965","blk_pct":"3.071","tov_pct":"13.171","usg_pct":"21.534","ortg":"106.259","drtg":"109.341","bpm":"0.269"},{"game_id":1239,"team_name":"SAS","player_id":"{\"forbebr01\"}","player_name":"{\"Bryn Forbes\"}","ts_pct":"0.615","efg_pct":"0.586","three_par":"0.562","ftr":"0.193","orb_pct":"1.466","drb_pct":"12.256","trb_pct":"7.144","ast_pct":"4.556","stl_pct":"0.112","blk_pct":"0.247","tov_pct":"5.547","usg_pct":"15.764","ortg":"121.506","drtg":"115.565","bpm":"-1.325"},{"game_id":1239,"team_name":"SAS","player_id":"{\"whitede01\"}","player_name":"{\"Derrick White\"}","ts_pct":"0.620","efg_pct":"0.572","three_par":"0.245","ftr":"0.431","orb_pct":"1.440","drb_pct":"9.839","trb_pct":"5.571","ast_pct":"15.896","stl_pct":"0.654","blk_pct":"1.653","tov_pct":"10.625","usg_pct":"21.211","ortg":"121.294","drtg":"113.765","bpm":"0.271"},{"game_id":1239,"team_name":"SAS","player_id":"benchSAS","player_name":"Bench of SAS","ts_pct":"0.469","efg_pct":"0.450","three_par":"0.337","ftr":"0.216","orb_pct":"6.258","drb_pct":"15.281","trb_pct":"10.804","ast_pct":"17.771","stl_pct":"1.376","blk_pct":"1.436","tov_pct":"10.712","usg_pct":"17.481","ortg":"105.954","drtg":"111.011","bpm":"-1.390"}]