[{"game_id":1144,"team_name":"ATL","player_id":"teamATL","player_name":"Team name: ATL","ts_pct":"0.539","efg_pct":"0.503","three_par":"0.390","ftr":"0.261","orb_pct":"5.631","drb_pct":"17.105","trb_pct":"11.991","ast_pct":"12.875","stl_pct":"1.263","blk_pct":"2.338","tov_pct":"11.529","usg_pct":"21.378","ortg":"107.470","drtg":"124.885","bpm":"-0.406"},{"game_id":1144,"team_name":"PHI","player_id":"teamPHI","player_name":"Team name: PHI","ts_pct":"0.673","efg_pct":"0.636","three_par":"0.418","ftr":"0.445","orb_pct":"5.931","drb_pct":"17.497","trb_pct":"11.835","ast_pct":"16.168","stl_pct":"2.055","blk_pct":"2.617","tov_pct":"12.405","usg_pct":"24.301","ortg":"138.403","drtg":"139.627","bpm":"-0.586"}]