[{"game_id":1028,"team_name":"DET","player_id":"teamDET","player_name":"Team name: DET","fg":"39.074","fga":"84.223","fg_pct":"0.464","three_p":"10.411","three_pa":"30.577","three_p_pct":"0.340","ft":"13.726","fta":"20.069","ft_pct":"0.684","orb":"8.714","drb":"34.914","trb":"43.629","ast":"22.977","stl":"5.663","blk":"5.520","tov":"13.874","pf":"19.714","pts":"102.286"},{"game_id":1028,"team_name":"MIN","player_id":"teamMIN","player_name":"Team name: MIN","fg":"44.714","fga":"92.469","fg_pct":"0.484","three_p":"14.811","three_pa":"40.869","three_p_pct":"0.362","ft":"17.731","fta":"24.823","ft_pct":"0.714","orb":"11.469","drb":"36.217","trb":"47.686","ast":"29.337","stl":"8.286","blk":"5.040","tov":"13.926","pf":"21.686","pts":"121.971"}]