[{"game_id":1136,"team_name":"PHO","player_id":"{\"carteje01\"}","player_name":"{\"Jevon Carter\"}","ts_pct":"0.419","efg_pct":"0.416","three_par":"0.505","ftr":"0.104","orb_pct":"0.882","drb_pct":"13.774","trb_pct":"8.024","ast_pct":"5.885","stl_pct":"0.534","blk_pct":"0.000","tov_pct":"0.976","usg_pct":"10.631","ortg":"88.188","drtg":"116.082","bpm":"-4.487"},{"game_id":1136,"team_name":"PHO","player_id":"{\"smithja04\"}","player_name":"{\"Jalen Smith\"}","ts_pct":"0.558","efg_pct":"0.549","three_par":"0.263","ftr":"0.424","orb_pct":"1.854","drb_pct":"21.139","trb_pct":"11.405","ast_pct":"7.744","stl_pct":"0.405","blk_pct":"1.179","tov_pct":"20.075","usg_pct":"16.458","ortg":"114.988","drtg":"113.871","bpm":"-2.236"},{"game_id":1136,"team_name":"PHO","player_id":"{\"mooreet01\"}","player_name":"{\"E'Twaun Moore\"}","ts_pct":"0.412","efg_pct":"0.389","three_par":"0.277","ftr":"0.079","orb_pct":"3.111","drb_pct":"15.262","trb_pct":"9.193","ast_pct":"22.851","stl_pct":"0.929","blk_pct":"1.502","tov_pct":"8.738","usg_pct":"16.889","ortg":"122.082","drtg":"110.647","bpm":"2.885"},{"game_id":1136,"team_name":"PHO","player_id":"{\"kaminfr01\"}","player_name":"{\"Frank Kaminsky\"}","ts_pct":"0.333","efg_pct":"0.296","three_par":"0.278","ftr":"0.156","orb_pct":"4.632","drb_pct":"23.212","trb_pct":"15.094","ast_pct":"32.809","stl_pct":"1.188","blk_pct":"5.825","tov_pct":"16.327","usg_pct":"19.376","ortg":"88.612","drtg":"103.965","bpm":"-1.229"},{"game_id":1136,"team_name":"PHO","player_id":"{\"gallola01\"}","player_name":"{\"Langston Galloway\"}","ts_pct":"0.343","efg_pct":"0.325","three_par":"0.459","ftr":"0.185","orb_pct":"1.548","drb_pct":"13.945","trb_pct":"7.765","ast_pct":"4.338","stl_pct":"2.405","blk_pct":"0.000","tov_pct":"10.000","usg_pct":"20.891","ortg":"62.812","drtg":"107.035","bpm":"-9.352"},{"game_id":1136,"team_name":"PHO","player_id":"{\"bookede01\"}","player_name":"{\"Devin Booker\"}","ts_pct":"0.637","efg_pct":"0.568","three_par":"0.317","ftr":"0.420","orb_pct":"1.438","drb_pct":"13.918","trb_pct":"8.205","ast_pct":"22.026","stl_pct":"0.632","blk_pct":"0.268","tov_pct":"15.165","usg_pct":"30.656","ortg":"115.812","drtg":"110.576","bpm":"2.654"},{"game_id":1136,"team_name":"PHO","player_id":"benchPHO","player_name":"Bench of PHO","ts_pct":"0.597","efg_pct":"0.554","three_par":"0.438","ftr":"0.295","orb_pct":"4.198","drb_pct":"15.302","trb_pct":"10.022","ast_pct":"15.333","stl_pct":"1.831","blk_pct":"1.716","tov_pct":"8.741","usg_pct":"18.185","ortg":"119.830","drtg":"107.681","bpm":"2.106"},{"game_id":1136,"team_name":"DEN","player_id":"{\"mcgeeja01\"}","player_name":"{\"JaVale McGee\"}","ts_pct":"0.318","efg_pct":"0.297","three_par":"0.103","ftr":"0.118","orb_pct":"9.518","drb_pct":"31.634","trb_pct":"19.219","ast_pct":"5.765","stl_pct":"1.315","blk_pct":"10.116","tov_pct":"8.447","usg_pct":"17.978","ortg":"68.024","drtg":"108.388","bpm":"-6.087"},{"game_id":1136,"team_name":"DEN","player_id":"{\"nnajize01\"}","player_name":"{\"Zeke Nnaji\"}","ts_pct":"0.508","efg_pct":"0.508","three_par":"0.702","ftr":"0.000","orb_pct":"3.249","drb_pct":"13.802","trb_pct":"8.355","ast_pct":"13.076","stl_pct":"3.209","blk_pct":"0.000","tov_pct":"0.000","usg_pct":"18.406","ortg":"126.518","drtg":"114.647","bpm":"-1.946"},{"game_id":1136,"team_name":"DEN","player_id":"{\"harrish01\"}","player_name":"{\"Shaquille Harrison\"}","ts_pct":"0.501","efg_pct":"0.371","three_par":"0.129","ftr":"0.188","orb_pct":"0.388","drb_pct":"29.402","trb_pct":"18.776","ast_pct":"1.895","stl_pct":"1.291","blk_pct":"3.367","tov_pct":"23.374","usg_pct":"16.253","ortg":"90.929","drtg":"115.059","bpm":"6.724"},{"game_id":1136,"team_name":"DEN","player_id":"{\"cancavl01\"}","player_name":"{\"Vlatko Čančar\"}","ts_pct":"0.442","efg_pct":"0.448","three_par":"0.285","ftr":"0.792","orb_pct":"3.574","drb_pct":"8.296","trb_pct":"5.582","ast_pct":"5.767","stl_pct":"3.806","blk_pct":"1.595","tov_pct":"2.464","usg_pct":"10.755","ortg":"93.341","drtg":"114.271","bpm":"3.975"},{"game_id":1136,"team_name":"DEN","player_id":"{\"jokicni01\"}","player_name":"{\"Nikola Jokić\"}","ts_pct":"0.605","efg_pct":"0.567","three_par":"0.213","ftr":"0.230","orb_pct":"9.535","drb_pct":"24.934","trb_pct":"16.881","ast_pct":"25.852","stl_pct":"1.194","blk_pct":"2.549","tov_pct":"9.973","usg_pct":"36.058","ortg":"120.906","drtg":"119.871","bpm":"7.676"},{"game_id":1136,"team_name":"DEN","player_id":"{\"campafa01\"}","player_name":"{\"Facundo Campazzo\"}","ts_pct":"0.550","efg_pct":"0.466","three_par":"0.625","ftr":"0.396","orb_pct":"3.188","drb_pct":"10.421","trb_pct":"6.471","ast_pct":"23.880","stl_pct":"2.695","blk_pct":"1.587","tov_pct":"17.348","usg_pct":"15.954","ortg":"114.894","drtg":"121.082","bpm":"-0.962"},{"game_id":1136,"team_name":"DEN","player_id":"benchDEN","player_name":"Bench of DEN","ts_pct":"0.565","efg_pct":"0.540","three_par":"0.477","ftr":"0.197","orb_pct":"4.483","drb_pct":"13.611","trb_pct":"8.860","ast_pct":"14.616","stl_pct":"1.171","blk_pct":"0.976","tov_pct":"8.985","usg_pct":"17.726","ortg":"123.792","drtg":"123.066","bpm":"-0.500"}]