[{"game_id":1070,"team_name":"GSW","player_id":"{\"curryst01\"}","player_name":"{\"Stephen Curry\"}","fg":"10.988","fga":"24.306","fg_pct":"0.452","three_p":"5.929","three_pa":"15.365","three_p_pct":"0.386","ft":"6.918","fta":"7.576","ft_pct":"0.913","orb":"0.424","drb":"4.271","trb":"4.694","ast":"5.094","stl":"1.482","blk":"0.047","tov":"3.153","pf":"2.012","pts":"34.824"},{"game_id":1070,"team_name":"GSW","player_id":"{\"greendr01\"}","player_name":"{\"Draymond Green\"}","fg":"3.682","fga":"6.388","fg_pct":"0.576","three_p":"0.859","three_pa":"1.800","three_p_pct":"0.477","ft":"1.259","fta":"1.565","ft_pct":"0.804","orb":"0.859","drb":"8.282","trb":"9.141","ast":"10.000","stl":"2.012","blk":"0.894","tov":"2.953","pf":"2.529","pts":"9.482"},{"game_id":1070,"team_name":"GSW","player_id":"{\"wiggian01\"}","player_name":"{\"Andrew Wiggins\"}","fg":"9.200","fga":"18.082","fg_pct":"0.509","three_p":"1.953","three_pa":"5.635","three_p_pct":"0.347","ft":"2.129","fta":"2.541","ft_pct":"0.838","orb":"1.941","drb":"3.024","trb":"4.965","ast":"2.859","stl":"0.624","blk":"0.953","tov":"1.435","pf":"2.588","pts":"22.482"},{"game_id":1070,"team_name":"GSW","player_id":"{\"looneke01\"}","player_name":"{\"Kevon Looney\"}","fg":"1.988","fga":"3.494","fg_pct":"0.569","three_p":"0.000","three_pa":"0.047","three_p_pct":"0.000","ft":"0.906","fta":"1.659","ft_pct":"0.546","orb":"1.659","drb":"6.094","trb":"7.753","ast":"2.082","stl":"0.153","blk":"0.365","tov":"0.424","pf":"2.859","pts":"4.882"},{"game_id":1070,"team_name":"GSW","player_id":"{\"bazemke01\"}","player_name":"{\"Kent Bazemore\"}","fg":"4.741","fga":"9.671","fg_pct":"0.490","three_p":"1.753","three_pa":"4.412","three_p_pct":"0.397","ft":"0.847","fta":"1.306","ft_pct":"0.649","orb":"0.200","drb":"5.235","trb":"5.435","ast":"1.741","stl":"1.435","blk":"0.612","tov":"1.459","pf":"2.965","pts":"12.082"},{"game_id":1070,"team_name":"GSW","player_id":"{\"toscaju01\"}","player_name":"{\"Juan Toscano-Anderson\"}","fg":"2.941","fga":"5.353","fg_pct":"0.549","three_p":"1.082","three_pa":"2.941","three_p_pct":"0.368","ft":"0.506","fta":"0.682","ft_pct":"0.742","orb":"0.459","drb":"6.365","trb":"6.824","ast":"5.541","stl":"1.247","blk":"0.788","tov":"1.765","pf":"2.753","pts":"7.471"},{"game_id":1070,"team_name":"GSW","player_id":"benchGSW","player_name":"Bench of GSW","fg":"5.428","fga":"11.257","fg_pct":"0.482","three_p":"3.123","three_pa":"7.696","three_p_pct":"0.406","ft":"2.284","fta":"2.547","ft_pct":"0.897","orb":"0.529","drb":"1.749","trb":"2.278","ast":"1.502","stl":"0.237","blk":"0.304","tov":"0.828","pf":"1.801","pts":"16.262"},{"game_id":1070,"team_name":"MEM","player_id":"{\"moranja01\"}","player_name":"{\"Ja Morant\"}","fg":"5.859","fga":"13.894","fg_pct":"0.422","three_p":"1.647","three_pa":"4.718","three_p_pct":"0.349","ft":"3.576","fta":"5.306","ft_pct":"0.674","orb":"1.165","drb":"3.859","trb":"5.024","ast":"7.800","stl":"0.800","blk":"0.318","tov":"4.035","pf":"1.212","pts":"16.941"},{"game_id":1070,"team_name":"MEM","player_id":"{\"valanjo01\"}","player_name":"{\"Jonas Valančiūnas\"}","fg":"7.035","fga":"10.647","fg_pct":"0.661","three_p":"0.129","three_pa":"0.424","three_p_pct":"0.304","ft":"2.471","fta":"3.059","ft_pct":"0.808","orb":"3.765","drb":"9.282","trb":"13.047","ast":"1.859","stl":"0.541","blk":"2.271","tov":"1.435","pf":"3.176","pts":"16.671"},{"game_id":1070,"team_name":"MEM","player_id":"{\"jacksja02\"}","player_name":"{\"Jaren Jackson Jr.\"}","fg":"4.729","fga":"11.118","fg_pct":"0.425","three_p":"1.682","three_pa":"5.529","three_p_pct":"0.304","ft":"3.059","fta":"3.671","ft_pct":"0.833","orb":"1.553","drb":"3.894","trb":"5.447","ast":"1.059","stl":"1.059","blk":"1.600","tov":"1.447","pf":"3.529","pts":"14.200"},{"game_id":1070,"team_name":"MEM","player_id":"{\"brookdi01\"}","player_name":"{\"Dillon Brooks\"}","fg":"7.894","fga":"18.588","fg_pct":"0.425","three_p":"2.165","three_pa":"6.553","three_p_pct":"0.330","ft":"2.529","fta":"3.565","ft_pct":"0.709","orb":"0.847","drb":"2.176","trb":"3.024","ast":"2.176","stl":"1.329","blk":"0.588","tov":"1.435","pf":"3.424","pts":"20.482"},{"game_id":1070,"team_name":"MEM","player_id":"{\"anderky01\"}","player_name":"{\"Kyle Anderson\"}","fg":"4.894","fga":"9.412","fg_pct":"0.520","three_p":"1.871","three_pa":"3.941","three_p_pct":"0.475","ft":"2.518","fta":"3.271","ft_pct":"0.770","orb":"0.259","drb":"4.082","trb":"4.341","ast":"4.459","stl":"0.894","blk":"1.082","tov":"1.459","pf":"1.494","pts":"14.176"},{"game_id":1070,"team_name":"MEM","player_id":"{\"banede01\"}","player_name":"{\"Desmond Bane\"}","fg":"3.565","fga":"7.941","fg_pct":"0.449","three_p":"1.694","three_pa":"5.306","three_p_pct":"0.319","ft":"0.447","fta":"0.647","ft_pct":"0.691","orb":"0.459","drb":"3.153","trb":"3.612","ast":"2.153","stl":"0.506","blk":"0.482","tov":"1.047","pf":"1.118","pts":"9.271"},{"game_id":1070,"team_name":"MEM","player_id":"benchMEM","player_name":"Bench of MEM","fg":"2.544","fga":"5.292","fg_pct":"0.481","three_p":"0.588","three_pa":"1.917","three_p_pct":"0.307","ft":"0.910","fta":"1.154","ft_pct":"0.789","orb":"1.057","drb":"2.719","trb":"3.776","ast":"1.774","stl":"0.726","blk":"0.697","tov":"0.941","pf":"0.934","pts":"6.586"}]