[{"game_id":1238,"team_name":"NOP","player_id":"{\"hayesja02\"}","player_name":"{\"Jaxson Hayes\"}","ts_pct":"0.771","efg_pct":"0.818","three_par":"0.091","ftr":"0.273","orb_pct":"3.800","drb_pct":"8.300","trb_pct":"6.000","ast_pct":"6.800","stl_pct":"1.800","blk_pct":"2.900","tov_pct":"0.000","usg_pct":"19.600","ortg":"149.000","drtg":"122.000","bpm":"3.400"},{"game_id":1238,"team_name":"NOP","player_id":"{\"ingrabr01\"}","player_name":"{\"Brandon Ingram\"}","ts_pct":"0.625","efg_pct":"0.597","three_par":"0.249","ftr":"0.292","orb_pct":"3.888","drb_pct":"21.824","trb_pct":"12.588","ast_pct":"17.408","stl_pct":"0.666","blk_pct":"2.534","tov_pct":"9.236","usg_pct":"28.284","ortg":"118.271","drtg":"116.435","bpm":"3.942"},{"game_id":1238,"team_name":"NOP","player_id":"{\"okafoja01\"}","player_name":"{\"Jahlil Okafor\"}","ts_pct":"0.732","efg_pct":"0.731","three_par":"0.011","ftr":"0.212","orb_pct":"9.296","drb_pct":"23.533","trb_pct":"16.321","ast_pct":"8.482","stl_pct":"0.800","blk_pct":"4.048","tov_pct":"16.493","usg_pct":"19.778","ortg":"125.518","drtg":"114.635","bpm":"-1.087"},{"game_id":1238,"team_name":"NOP","player_id":"{\"willike04\"}","player_name":"{\"Kenrich Williams\"}","ts_pct":"0.497","efg_pct":"0.474","three_par":"0.604","ftr":"0.225","orb_pct":"6.839","drb_pct":"13.752","trb_pct":"10.347","ast_pct":"12.807","stl_pct":"2.613","blk_pct":"2.644","tov_pct":"7.314","usg_pct":"11.814","ortg":"114.824","drtg":"113.776","bpm":"1.834"},{"game_id":1238,"team_name":"NOP","player_id":"{\"holidjr01\"}","player_name":"{\"Jrue Holiday\"}","ts_pct":"0.513","efg_pct":"0.482","three_par":"0.359","ftr":"0.188","orb_pct":"2.022","drb_pct":"10.376","trb_pct":"6.212","ast_pct":"25.812","stl_pct":"2.228","blk_pct":"1.114","tov_pct":"12.859","usg_pct":"24.966","ortg":"105.447","drtg":"111.800","bpm":"1.194"},{"game_id":1238,"team_name":"NOP","player_id":"{\"balllo01\"}","player_name":"{\"Lonzo Ball\"}","ts_pct":"0.516","efg_pct":"0.496","three_par":"0.566","ftr":"0.112","orb_pct":"2.588","drb_pct":"13.518","trb_pct":"8.234","ast_pct":"34.571","stl_pct":"2.359","blk_pct":"0.949","tov_pct":"11.458","usg_pct":"17.782","ortg":"118.706","drtg":"112.612","bpm":"2.965"},{"game_id":1238,"team_name":"NOP","player_id":"benchNOP","player_name":"Bench of NOP","ts_pct":"0.530","efg_pct":"0.511","three_par":"0.552","ftr":"0.178","orb_pct":"2.734","drb_pct":"10.214","trb_pct":"6.346","ast_pct":"13.938","stl_pct":"1.193","blk_pct":"0.609","tov_pct":"13.244","usg_pct":"19.301","ortg":"99.938","drtg":"118.372","bpm":"-3.556"},{"game_id":1238,"team_name":"DEN","player_id":"{\"vandeja01\"}","player_name":"{\"Jarred Vanderbilt\"}","ts_pct":"0.242","efg_pct":"0.239","three_par":"0.000","ftr":"0.297","orb_pct":"3.479","drb_pct":"20.987","trb_pct":"11.653","ast_pct":"2.014","stl_pct":"3.274","blk_pct":"6.989","tov_pct":"10.824","usg_pct":"11.172","ortg":"56.824","drtg":"107.859","bpm":"3.669"},{"game_id":1238,"team_name":"DEN","player_id":"{\"hernaju01\"}","player_name":"{\"Juancho Hernangómez\"}","ts_pct":"0.163","efg_pct":"0.163","three_par":"0.239","ftr":"0.000","orb_pct":"0.313","drb_pct":"11.454","trb_pct":"6.051","ast_pct":"4.440","stl_pct":"0.815","blk_pct":"0.000","tov_pct":"6.471","usg_pct":"8.804","ortg":"68.800","drtg":"116.294","bpm":"-3.645"},{"game_id":1238,"team_name":"DEN","player_id":"{\"harriga01\"}","player_name":"{\"Gary Harris\"}","ts_pct":"0.562","efg_pct":"0.512","three_par":"0.388","ftr":"0.266","orb_pct":"1.738","drb_pct":"10.087","trb_pct":"5.882","ast_pct":"8.894","stl_pct":"2.081","blk_pct":"0.276","tov_pct":"11.118","usg_pct":"17.396","ortg":"112.047","drtg":"110.729","bpm":"-0.752"},{"game_id":1238,"team_name":"DEN","player_id":"{\"beaslma01\"}","player_name":"{\"Malik Beasley\"}","ts_pct":"0.488","efg_pct":"0.453","three_par":"0.593","ftr":"0.229","orb_pct":"2.908","drb_pct":"6.844","trb_pct":"5.074","ast_pct":"7.456","stl_pct":"1.862","blk_pct":"0.635","tov_pct":"6.620","usg_pct":"21.087","ortg":"101.224","drtg":"111.565","bpm":"-4.260"},{"game_id":1238,"team_name":"DEN","player_id":"{\"jokicni01\"}","player_name":"{\"Nikola Jokić\"}","ts_pct":"0.550","efg_pct":"0.510","three_par":"0.204","ftr":"0.277","orb_pct":"10.314","drb_pct":"28.826","trb_pct":"19.269","ast_pct":"33.678","stl_pct":"1.721","blk_pct":"1.893","tov_pct":"17.527","usg_pct":"26.504","ortg":"109.671","drtg":"103.447","bpm":"6.504"},{"game_id":1238,"team_name":"DEN","player_id":"{\"murraja01\"}","player_name":"{\"Jamal Murray\"}","ts_pct":"0.524","efg_pct":"0.451","three_par":"0.347","ftr":"0.324","orb_pct":"3.769","drb_pct":"13.189","trb_pct":"8.276","ast_pct":"18.664","stl_pct":"0.802","blk_pct":"0.474","tov_pct":"6.245","usg_pct":"24.375","ortg":"115.988","drtg":"112.729","bpm":"1.440"},{"game_id":1238,"team_name":"DEN","player_id":"benchDEN","player_name":"Bench of DEN","ts_pct":"0.509","efg_pct":"0.470","three_par":"0.327","ftr":"0.368","orb_pct":"5.376","drb_pct":"12.518","trb_pct":"9.067","ast_pct":"11.612","stl_pct":"1.012","blk_pct":"2.393","tov_pct":"8.056","usg_pct":"16.762","ortg":"108.066","drtg":"110.467","bpm":"-2.018"}]