[{"game_id":1075,"team_name":"CHI","player_id":"teamCHI","player_name":"Team name: CHI","ts_pct":"0.587","efg_pct":"0.550","three_par":"0.411","ftr":"0.295","orb_pct":"4.709","drb_pct":"17.456","trb_pct":"11.003","ast_pct":"17.321","stl_pct":"2.266","blk_pct":"1.390","tov_pct":"13.074","usg_pct":"22.297","ortg":"121.298","drtg":"124.148","bpm":"0.531"},{"game_id":1075,"team_name":"MIL","player_id":"teamMIL","player_name":"Team name: MIL","ts_pct":"0.584","efg_pct":"0.545","three_par":"0.457","ftr":"0.295","orb_pct":"5.388","drb_pct":"14.830","trb_pct":"10.259","ast_pct":"14.717","stl_pct":"1.884","blk_pct":"1.618","tov_pct":"11.411","usg_pct":"19.879","ortg":"121.907","drtg":"128.254","bpm":"0.273"}]