[{"game_id":1103,"team_name":"MIA","player_id":"teamMIA","player_name":"Team name: MIA","fg":"41.594","fga":"86.623","fg_pct":"0.480","three_p":"15.006","three_pa":"37.286","three_p_pct":"0.402","ft":"16.126","fta":"21.114","ft_pct":"0.764","orb":"8.777","drb":"32.074","trb":"40.851","ast":"26.314","stl":"8.000","blk":"3.474","tov":"13.057","pf":"18.811","pts":"114.320"},{"game_id":1103,"team_name":"MIL","player_id":"teamMIL","player_name":"Team name: MIL","fg":"45.669","fga":"93.577","fg_pct":"0.488","three_p":"13.354","three_pa":"38.103","three_p_pct":"0.350","ft":"20.234","fta":"26.869","ft_pct":"0.753","orb":"12.566","drb":"39.383","trb":"51.949","ast":"25.411","stl":"7.806","blk":"4.040","tov":"12.994","pf":"17.674","pts":"124.926"}]