[{"game_id":1232,"team_name":"OKC","player_id":"teamOKC","player_name":"Team name: OKC","fg":"38.629","fga":"86.274","fg_pct":"0.448","three_p":"11.691","three_pa":"32.166","three_p_pct":"0.363","ft":"17.291","fta":"23.989","ft_pct":"0.721","orb":"9.686","drb":"37.217","trb":"46.903","ast":"22.257","stl":"6.657","blk":"4.823","tov":"15.680","pf":"23.543","pts":"106.240"},{"game_id":1232,"team_name":"POR","player_id":"teamPOR","player_name":"Team name: POR","fg":"39.737","fga":"89.537","fg_pct":"0.444","three_p":"10.749","three_pa":"31.371","three_p_pct":"0.343","ft":"19.623","fta":"24.211","ft_pct":"0.810","orb":"9.606","drb":"34.994","trb":"44.600","ast":"19.834","stl":"6.360","blk":"4.851","tov":"13.457","pf":"23.463","pts":"109.846"}]