[{"game_id":1116,"team_name":"DAL","player_id":"teamDAL","player_name":"Team name: DAL","fg":"42.154","fga":"87.069","fg_pct":"0.484","three_p":"15.857","three_pa":"37.817","three_p_pct":"0.419","ft":"15.903","fta":"20.760","ft_pct":"0.766","orb":"9.943","drb":"30.383","trb":"40.326","ast":"24.457","stl":"5.840","blk":"3.686","tov":"10.600","pf":"19.657","pts":"116.069"},{"game_id":1116,"team_name":"LAC","player_id":"teamLAC","player_name":"Team name: LAC","fg":"41.474","fga":"83.829","fg_pct":"0.495","three_p":"12.897","three_pa":"36.000","three_p_pct":"0.358","ft":"16.571","fta":"18.926","ft_pct":"0.876","orb":"8.926","drb":"32.891","trb":"41.817","ast":"24.103","stl":"6.703","blk":"4.309","tov":"12.251","pf":"18.017","pts":"112.417"}]