[{"game_id":1024,"team_name":"SAS","player_id":"{\"bateske01\"}","player_name":"{\"Keita Bates-Diop\"}","fg":"0.741","fga":"1.365","fg_pct":"0.543","three_p":"0.000","three_pa":"0.129","three_p_pct":"0.000","ft":"0.447","fta":"0.918","ft_pct":"0.487","orb":"0.118","drb":"1.271","trb":"1.388","ast":"0.176","stl":"0.494","blk":"0.329","tov":"0.353","pf":"0.494","pts":"1.929"},{"game_id":1024,"team_name":"SAS","player_id":"{\"samanlu01\"}","player_name":"{\"Luka Šamanić\"}","fg":"1.976","fga":"4.341","fg_pct":"0.455","three_p":"0.459","three_pa":"1.165","three_p_pct":"0.394","ft":"0.706","fta":"1.059","ft_pct":"0.667","orb":"0.506","drb":"1.859","trb":"2.365","ast":"0.424","stl":"0.247","blk":"0.376","tov":"0.588","pf":"1.612","pts":"5.118"},{"game_id":1024,"team_name":"SAS","player_id":"{\"jonestr01\"}","player_name":"{\"Tre Jones\"}","fg":"1.435","fga":"3.165","fg_pct":"0.453","three_p":"0.247","three_pa":"0.329","three_p_pct":"0.751","ft":"0.353","fta":"0.353","ft_pct":"1.000","orb":"0.294","drb":"0.659","trb":"0.953","ast":"1.471","stl":"0.353","blk":"0.000","tov":"0.212","pf":"0.659","pts":"3.471"},{"game_id":1024,"team_name":"SAS","player_id":"{\"dienggo01\"}","player_name":"{\"Gorgui Dieng\"}","fg":"1.471","fga":"3.553","fg_pct":"0.414","three_p":"0.447","three_pa":"1.800","three_p_pct":"0.248","ft":"1.412","fta":"1.694","ft_pct":"0.834","orb":"0.671","drb":"1.729","trb":"2.400","ast":"1.424","stl":"0.682","blk":"0.059","tov":"0.529","pf":"1.247","pts":"4.800"},{"game_id":1024,"team_name":"SAS","player_id":"{\"murrade01\"}","player_name":"{\"Dejounte Murray\"}","fg":"7.212","fga":"15.471","fg_pct":"0.466","three_p":"0.600","three_pa":"2.988","three_p_pct":"0.201","ft":"1.659","fta":"2.035","ft_pct":"0.815","orb":"1.447","drb":"5.271","trb":"6.718","ast":"5.941","stl":"0.918","blk":"0.000","tov":"2.706","pf":"2.400","pts":"16.682"},{"game_id":1024,"team_name":"SAS","player_id":"{\"poeltja01\"}","player_name":"{\"Jakob Poeltl\"}","fg":"3.800","fga":"6.294","fg_pct":"0.604","three_p":"0.000","three_pa":"0.000","three_p_pct":"NaN","ft":"1.529","fta":"1.882","ft_pct":"0.812","orb":"2.188","drb":"4.471","trb":"6.659","ast":"2.118","stl":"0.965","blk":"1.988","tov":"1.047","pf":"3.376","pts":"9.129"},{"game_id":1024,"team_name":"SAS","player_id":"benchSAS","player_name":"Bench of SAS","fg":"4.333","fga":"9.784","fg_pct":"0.443","three_p":"0.923","three_pa":"2.852","three_p_pct":"0.324","ft":"2.320","fta":"2.716","ft_pct":"0.854","orb":"0.540","drb":"2.991","trb":"3.531","ast":"2.219","stl":"0.708","blk":"0.305","tov":"0.927","pf":"1.698","pts":"11.910"},{"game_id":1024,"team_name":"MIL","player_id":"{\"antetth01\"}","player_name":"{\"Thanasis Antetokounmpo\"}","fg":"0.294","fga":"1.106","fg_pct":"0.266","three_p":"0.000","three_pa":"0.341","three_p_pct":"0.000","ft":"0.588","fta":"0.871","ft_pct":"0.675","orb":"0.576","drb":"0.753","trb":"1.329","ast":"0.694","stl":"0.047","blk":"0.000","tov":"0.400","pf":"1.176","pts":"1.176"},{"game_id":1024,"team_name":"MIL","player_id":"{\"teaguje01\"}","player_name":"{\"Jeff Teague\"}","fg":"1.765","fga":"3.506","fg_pct":"0.503","three_p":"0.141","three_pa":"0.941","three_p_pct":"0.150","ft":"1.400","fta":"1.671","ft_pct":"0.838","orb":"0.318","drb":"1.153","trb":"1.471","ast":"2.541","stl":"0.376","blk":"0.000","tov":"1.506","pf":"0.635","pts":"5.071"},{"game_id":1024,"team_name":"MIL","player_id":"{\"nworajo01\"}","player_name":"{\"Jordan Nwora\"}","fg":"2.200","fga":"4.459","fg_pct":"0.493","three_p":"1.165","three_pa":"2.600","three_p_pct":"0.448","ft":"0.447","fta":"0.447","ft_pct":"1.000","orb":"0.094","drb":"1.376","trb":"1.471","ast":"0.259","stl":"0.600","blk":"0.188","tov":"0.671","pf":"0.835","pts":"6.012"},{"game_id":1024,"team_name":"MIL","player_id":"{\"merrisa01\"}","player_name":"{\"Sam Merrill\"}","fg":"1.600","fga":"3.035","fg_pct":"0.527","three_p":"1.059","three_pa":"2.024","three_p_pct":"0.523","ft":"0.212","fta":"0.212","ft_pct":"1.000","orb":"0.118","drb":"0.835","trb":"0.953","ast":"0.741","stl":"0.165","blk":"0.059","tov":"0.400","pf":"0.765","pts":"4.471"},{"game_id":1024,"team_name":"MIL","player_id":"{\"middlkh01\"}","player_name":"{\"Khris Middleton\"}","fg":"7.965","fga":"17.894","fg_pct":"0.445","three_p":"2.788","three_pa":"6.694","three_p_pct":"0.416","ft":"3.906","fta":"4.094","ft_pct":"0.954","orb":"0.565","drb":"5.012","trb":"5.576","ast":"4.682","stl":"1.071","blk":"0.000","tov":"1.835","pf":"1.965","pts":"22.624"},{"game_id":1024,"team_name":"MIL","player_id":"{\"holidjr01\"}","player_name":"{\"Jrue Holiday\"}","fg":"7.800","fga":"15.859","fg_pct":"0.492","three_p":"2.412","three_pa":"5.918","three_p_pct":"0.408","ft":"2.259","fta":"3.565","ft_pct":"0.634","orb":"1.106","drb":"3.965","trb":"5.071","ast":"7.518","stl":"1.282","blk":"1.118","tov":"2.965","pf":"2.094","pts":"20.271"},{"game_id":1024,"team_name":"MIL","player_id":"benchMIL","player_name":"Bench of MIL","fg":"4.871","fga":"9.253","fg_pct":"0.526","three_p":"1.433","three_pa":"3.659","three_p_pct":"0.392","ft":"1.725","fta":"2.297","ft_pct":"0.751","orb":"1.203","drb":"4.525","trb":"5.728","ast":"2.090","stl":"0.797","blk":"0.730","tov":"1.318","pf":"2.422","pts":"12.900"}]