[{"game_id":1038,"team_name":"BRK","player_id":"{\"luwawti01\"}","player_name":"{\"Timothé Luwawu-Cabarrot\"}","fg":"2.224","fga":"5.612","fg_pct":"0.396","three_p":"1.106","three_pa":"3.635","three_p_pct":"0.304","ft":"0.741","fta":"0.812","ft_pct":"0.913","orb":"0.482","drb":"1.188","trb":"1.671","ast":"0.753","stl":"0.224","blk":"0.000","tov":"0.565","pf":"1.047","pts":"6.294"},{"game_id":1038,"team_name":"BRK","player_id":"{\"shamela01\"}","player_name":"{\"Landry Shamet\"}","fg":"2.000","fga":"6.788","fg_pct":"0.295","three_p":"1.224","three_pa":"4.753","three_p_pct":"0.258","ft":"1.118","fta":"1.506","ft_pct":"0.742","orb":"0.000","drb":"1.812","trb":"1.812","ast":"2.200","stl":"0.659","blk":"0.388","tov":"0.647","pf":"1.635","pts":"6.341"},{"game_id":1038,"team_name":"BRK","player_id":"{\"brownbr01\"}","player_name":"{\"Bruce Brown\"}","fg":"3.565","fga":"5.776","fg_pct":"0.617","three_p":"0.435","three_pa":"0.988","three_p_pct":"0.440","ft":"0.941","fta":"1.388","ft_pct":"0.678","orb":"2.282","drb":"4.047","trb":"6.329","ast":"1.082","stl":"0.565","blk":"0.541","tov":"0.412","pf":"2.059","pts":"8.506"},{"game_id":1038,"team_name":"BRK","player_id":"{\"duranke01\"}","player_name":"{\"Kevin Durant\"}","fg":"9.859","fga":"17.824","fg_pct":"0.553","three_p":"2.624","three_pa":"5.341","three_p_pct":"0.491","ft":"5.659","fta":"6.365","ft_pct":"0.889","orb":"0.341","drb":"6.835","trb":"7.176","ast":"5.588","stl":"1.188","blk":"1.447","tov":"2.847","pf":"2.329","pts":"28.000"},{"game_id":1038,"team_name":"BRK","player_id":"{\"jamesmi02\"}","player_name":"{\"Mike James\"}","fg":"1.882","fga":"5.471","fg_pct":"0.344","three_p":"0.600","three_pa":"2.118","three_p_pct":"0.283","ft":"2.365","fta":"2.612","ft_pct":"0.905","orb":"0.212","drb":"2.224","trb":"2.435","ast":"3.612","stl":"0.494","blk":"0.153","tov":"1.741","pf":"0.694","pts":"6.729"},{"game_id":1038,"team_name":"BRK","player_id":"{\"hardeja01\"}","player_name":"{\"James Harden\"}","fg":"7.435","fga":"17.953","fg_pct":"0.414","three_p":"1.576","three_pa":"6.365","three_p_pct":"0.248","ft":"7.894","fta":"8.953","ft_pct":"0.882","orb":"0.659","drb":"7.235","trb":"7.894","ast":"9.635","stl":"1.141","blk":"0.424","tov":"3.247","pf":"2.212","pts":"24.341"},{"game_id":1038,"team_name":"BRK","player_id":"benchBRK","player_name":"Bench of BRK","fg":"2.645","fga":"5.287","fg_pct":"0.500","three_p":"0.957","three_pa":"2.432","three_p_pct":"0.394","ft":"1.046","fta":"1.441","ft_pct":"0.726","orb":"1.072","drb":"3.548","trb":"4.620","ast":"1.439","stl":"0.557","blk":"0.362","tov":"0.616","pf":"1.949","pts":"7.293"},{"game_id":1038,"team_name":"SAS","player_id":"{\"bateske01\"}","player_name":"{\"Keita Bates-Diop\"}","fg":"0.576","fga":"1.082","fg_pct":"0.532","three_p":"0.000","three_pa":"0.118","three_p_pct":"0.000","ft":"0.388","fta":"0.812","ft_pct":"0.478","orb":"0.106","drb":"1.400","trb":"1.506","ast":"0.153","stl":"0.435","blk":"0.447","tov":"0.624","pf":"0.400","pts":"1.541"},{"game_id":1038,"team_name":"SAS","player_id":"{\"jonestr01\"}","player_name":"{\"Tre Jones\"}","fg":"1.294","fga":"2.718","fg_pct":"0.476","three_p":"0.224","three_pa":"0.294","three_p_pct":"0.762","ft":"0.306","fta":"0.306","ft_pct":"1.000","orb":"0.271","drb":"0.541","trb":"0.812","ast":"1.424","stl":"0.306","blk":"0.000","tov":"0.176","pf":"0.588","pts":"3.118"},{"game_id":1038,"team_name":"SAS","player_id":"{\"samanlu01\"}","player_name":"{\"Luka Šamanić\"}","fg":"1.671","fga":"3.741","fg_pct":"0.447","three_p":"0.376","three_pa":"1.000","three_p_pct":"0.376","ft":"0.647","fta":"0.918","ft_pct":"0.705","orb":"0.459","drb":"1.682","trb":"2.141","ast":"0.376","stl":"0.212","blk":"0.329","tov":"0.635","pf":"1.447","pts":"4.365"},{"game_id":1038,"team_name":"SAS","player_id":"{\"murrade01\"}","player_name":"{\"Dejounte Murray\"}","fg":"7.482","fga":"15.471","fg_pct":"0.484","three_p":"0.776","three_pa":"2.859","three_p_pct":"0.271","ft":"1.847","fta":"2.259","ft_pct":"0.818","orb":"1.576","drb":"4.965","trb":"6.541","ast":"6.365","stl":"0.953","blk":"0.000","tov":"2.424","pf":"2.235","pts":"17.588"},{"game_id":1038,"team_name":"SAS","player_id":"{\"derozde01\"}","player_name":"{\"DeMar DeRozan\"}","fg":"7.494","fga":"15.788","fg_pct":"0.475","three_p":"0.000","three_pa":"0.494","three_p_pct":"0.000","ft":"7.294","fta":"8.271","ft_pct":"0.882","orb":"0.235","drb":"3.094","trb":"3.329","ast":"5.741","stl":"1.176","blk":"0.235","tov":"2.047","pf":"2.306","pts":"22.282"},{"game_id":1038,"team_name":"SAS","player_id":"{\"poeltja01\"}","player_name":"{\"Jakob Poeltl\"}","fg":"3.859","fga":"6.694","fg_pct":"0.576","three_p":"0.000","three_pa":"0.000","three_p_pct":"NaN","ft":"1.388","fta":"1.694","ft_pct":"0.819","orb":"2.000","drb":"5.047","trb":"7.047","ast":"3.047","stl":"0.976","blk":"2.000","tov":"0.835","pf":"3.059","pts":"9.106"},{"game_id":1038,"team_name":"SAS","player_id":"benchSAS","player_name":"Bench of SAS","fg":"3.736","fga":"7.914","fg_pct":"0.472","three_p":"1.218","three_pa":"3.288","three_p_pct":"0.370","ft":"1.116","fta":"1.373","ft_pct":"0.813","orb":"0.634","drb":"2.870","trb":"3.503","ast":"1.207","stl":"0.552","blk":"0.269","tov":"0.702","pf":"1.502","pts":"9.806"}]