[{"game_id":1098,"team_name":"PHO","player_id":"{\"craigto01\"}","player_name":"{\"Torrey Craig\"}","ts_pct":"0.526","efg_pct":"0.516","three_par":"0.440","ftr":"0.111","orb_pct":"7.767","drb_pct":"16.381","trb_pct":"12.585","ast_pct":"6.241","stl_pct":"1.088","blk_pct":"1.184","tov_pct":"5.518","usg_pct":"13.912","ortg":"113.059","drtg":"116.694","bpm":"-1.841"},{"game_id":1098,"team_name":"PHO","player_id":"{\"aytonde01\"}","player_name":"{\"Deandre Ayton\"}","ts_pct":"0.747","efg_pct":"0.724","three_par":"0.000","ftr":"0.281","orb_pct":"13.878","drb_pct":"24.953","trb_pct":"19.669","ast_pct":"6.158","stl_pct":"1.135","blk_pct":"4.115","tov_pct":"9.633","usg_pct":"13.192","ortg":"148.812","drtg":"116.565","bpm":"3.055"},{"game_id":1098,"team_name":"PHO","player_id":"{\"bookede01\"}","player_name":"{\"Devin Booker\"}","ts_pct":"0.591","efg_pct":"0.502","three_par":"0.271","ftr":"0.419","orb_pct":"2.576","drb_pct":"13.264","trb_pct":"7.974","ast_pct":"19.832","stl_pct":"0.582","blk_pct":"0.000","tov_pct":"11.271","usg_pct":"32.968","ortg":"114.976","drtg":"119.882","bpm":"-0.492"},{"game_id":1098,"team_name":"PHO","player_id":"{\"payneca01\"}","player_name":"{\"Cameron Payne\"}","ts_pct":"0.634","efg_pct":"0.612","three_par":"0.423","ftr":"0.120","orb_pct":"0.494","drb_pct":"16.259","trb_pct":"8.500","ast_pct":"24.659","stl_pct":"1.266","blk_pct":"1.393","tov_pct":"7.075","usg_pct":"23.625","ortg":"131.082","drtg":"115.941","bpm":"4.866"},{"game_id":1098,"team_name":"PHO","player_id":"{\"crowdja01\"}","player_name":"{\"Jae Crowder\"}","ts_pct":"0.535","efg_pct":"0.522","three_par":"0.811","ftr":"0.151","orb_pct":"3.865","drb_pct":"13.275","trb_pct":"8.441","ast_pct":"11.865","stl_pct":"1.601","blk_pct":"2.347","tov_pct":"13.125","usg_pct":"17.381","ortg":"105.447","drtg":"114.235","bpm":"-0.821"},{"game_id":1098,"team_name":"PHO","player_id":"{\"bridgmi01\"}","player_name":"{\"Mikal Bridges\"}","ts_pct":"0.770","efg_pct":"0.749","three_par":"0.422","ftr":"0.175","orb_pct":"2.536","drb_pct":"12.540","trb_pct":"7.505","ast_pct":"8.898","stl_pct":"2.016","blk_pct":"1.882","tov_pct":"5.179","usg_pct":"15.812","ortg":"151.541","drtg":"116.365","bpm":"7.296"},{"game_id":1098,"team_name":"PHO","player_id":"benchPHO","player_name":"Bench of PHO","ts_pct":"0.497","efg_pct":"0.460","three_par":"0.441","ftr":"0.219","orb_pct":"4.118","drb_pct":"13.264","trb_pct":"8.801","ast_pct":"19.729","stl_pct":"2.037","blk_pct":"1.124","tov_pct":"9.623","usg_pct":"19.889","ortg":"105.005","drtg":"116.700","bpm":"-1.858"},{"game_id":1098,"team_name":"LAL","player_id":"{\"hortota01\"}","player_name":"{\"Talen Horton-Tucker\"}","ts_pct":"0.588","efg_pct":"0.569","three_par":"0.303","ftr":"0.293","orb_pct":"1.279","drb_pct":"7.682","trb_pct":"4.315","ast_pct":"23.119","stl_pct":"4.038","blk_pct":"0.412","tov_pct":"19.258","usg_pct":"22.807","ortg":"99.800","drtg":"106.318","bpm":"-0.481"},{"game_id":1098,"team_name":"LAL","player_id":"{\"matthwe02\"}","player_name":"{\"Wesley Matthews\"}","ts_pct":"0.557","efg_pct":"0.477","three_par":"0.791","ftr":"0.386","orb_pct":"3.095","drb_pct":"5.154","trb_pct":"4.092","ast_pct":"6.914","stl_pct":"2.074","blk_pct":"0.596","tov_pct":"6.321","usg_pct":"14.120","ortg":"111.859","drtg":"111.976","bpm":"-0.235"},{"game_id":1098,"team_name":"LAL","player_id":"{\"davisan02\"}","player_name":"{\"Anthony Davis\"}","ts_pct":"0.473","efg_pct":"0.416","three_par":"0.168","ftr":"0.368","orb_pct":"3.191","drb_pct":"22.976","trb_pct":"12.533","ast_pct":"14.291","stl_pct":"1.518","blk_pct":"2.761","tov_pct":"7.300","usg_pct":"29.967","ortg":"98.424","drtg":"106.659","bpm":"-0.193"},{"game_id":1098,"team_name":"LAL","player_id":"{\"jamesle01\"}","player_name":"{\"LeBron James\"}","ts_pct":"0.605","efg_pct":"0.577","three_par":"0.353","ftr":"0.377","orb_pct":"5.115","drb_pct":"18.880","trb_pct":"12.341","ast_pct":"48.809","stl_pct":"2.146","blk_pct":"0.993","tov_pct":"16.558","usg_pct":"31.487","ortg":"116.000","drtg":"107.529","bpm":"7.882"},{"game_id":1098,"team_name":"LAL","player_id":"{\"morrima02\"}","player_name":"{\"Markieff Morris\"}","ts_pct":"0.234","efg_pct":"0.211","three_par":"0.385","ftr":"0.171","orb_pct":"3.654","drb_pct":"19.555","trb_pct":"11.405","ast_pct":"12.196","stl_pct":"1.280","blk_pct":"1.182","tov_pct":"15.194","usg_pct":"18.648","ortg":"64.118","drtg":"111.224","bpm":"-9.254"},{"game_id":1098,"team_name":"LAL","player_id":"{\"schrode01\"}","player_name":"{\"Dennis Schröder\"}","ts_pct":"0.539","efg_pct":"0.509","three_par":"0.389","ftr":"0.322","orb_pct":"1.813","drb_pct":"8.468","trb_pct":"4.918","ast_pct":"28.286","stl_pct":"1.866","blk_pct":"0.819","tov_pct":"14.444","usg_pct":"21.154","ortg":"107.424","drtg":"113.753","bpm":"-0.418"},{"game_id":1098,"team_name":"LAL","player_id":"benchLAL","player_name":"Bench of LAL","ts_pct":"0.563","efg_pct":"0.527","three_par":"0.372","ftr":"0.220","orb_pct":"6.265","drb_pct":"19.367","trb_pct":"12.455","ast_pct":"14.576","stl_pct":"1.539","blk_pct":"2.427","tov_pct":"13.083","usg_pct":"14.962","ortg":"125.207","drtg":"108.264","bpm":"0.664"}]