[{"game_id":1071,"team_name":"ATL","player_id":"{\"hillso01\"}","player_name":"{\"Solomon Hill\"}","fg":"0.624","fga":"1.976","fg_pct":"0.316","three_p":"0.318","three_pa":"1.306","three_p_pct":"0.243","ft":"0.859","fta":"1.059","ft_pct":"0.811","orb":"0.471","drb":"2.435","trb":"2.906","ast":"1.129","stl":"0.376","blk":"0.071","tov":"0.435","pf":"1.106","pts":"2.424"},{"game_id":1071,"team_name":"ATL","player_id":"{\"okongon01\"}","player_name":"{\"Onyeka Okongwu\"}","fg":"2.494","fga":"3.576","fg_pct":"0.697","three_p":"0.000","three_pa":"0.071","three_p_pct":"0.000","ft":"0.765","fta":"1.059","ft_pct":"0.722","orb":"1.765","drb":"1.671","trb":"3.435","ast":"0.624","stl":"0.424","blk":"0.624","tov":"0.965","pf":"1.800","pts":"5.753"},{"game_id":1071,"team_name":"ATL","player_id":"{\"mayssk01\"}","player_name":"{\"Skylar Mays\"}","fg":"1.353","fga":"2.588","fg_pct":"0.523","three_p":"0.259","three_pa":"0.882","three_p_pct":"0.294","ft":"0.435","fta":"0.435","ft_pct":"1.000","orb":"0.118","drb":"0.706","trb":"0.824","ast":"0.329","stl":"0.518","blk":"0.000","tov":"0.188","pf":"0.353","pts":"3.400"},{"game_id":1071,"team_name":"ATL","player_id":"{\"knighna01\"}","player_name":"{\"Nathan Knight\"}","fg":"0.576","fga":"2.953","fg_pct":"0.195","three_p":"0.000","three_pa":"1.129","three_p_pct":"0.000","ft":"1.588","fta":"1.800","ft_pct":"0.882","orb":"0.671","drb":"1.129","trb":"1.800","ast":"0.341","stl":"0.247","blk":"0.200","tov":"0.224","pf":"0.482","pts":"2.741"},{"game_id":1071,"team_name":"ATL","player_id":"{\"huntede01\"}","player_name":"{\"De'Andre Hunter\"}","fg":"4.141","fga":"9.459","fg_pct":"0.438","three_p":"0.718","three_pa":"3.388","three_p_pct":"0.212","ft":"2.235","fta":"2.565","ft_pct":"0.871","orb":"0.341","drb":"2.753","trb":"3.094","ast":"1.706","stl":"1.000","blk":"0.553","tov":"1.035","pf":"1.588","pts":"11.235"},{"game_id":1071,"team_name":"ATL","player_id":"{\"snellto01\"}","player_name":"{\"Tony Snell\"}","fg":"1.271","fga":"2.694","fg_pct":"0.472","three_p":"0.918","three_pa":"1.682","three_p_pct":"0.546","ft":"0.341","fta":"0.341","ft_pct":"1.000","orb":"0.565","drb":"2.141","trb":"2.706","ast":"1.012","stl":"0.482","blk":"0.200","tov":"0.176","pf":"1.612","pts":"3.800"},{"game_id":1071,"team_name":"ATL","player_id":"benchATL","player_name":"Bench of ATL","fg":"4.070","fga":"8.503","fg_pct":"0.479","three_p":"0.992","three_pa":"2.766","three_p_pct":"0.359","ft":"2.902","fta":"3.180","ft_pct":"0.913","orb":"0.465","drb":"2.744","trb":"3.209","ast":"3.079","stl":"0.306","blk":"0.282","tov":"1.797","pf":"1.280","pts":"12.034"},{"game_id":1071,"team_name":"HOU","player_id":"{\"lamban01\"}","player_name":"{\"Anthony Lamb\"}","fg":"3.459","fga":"7.153","fg_pct":"0.484","three_p":"1.800","three_pa":"4.176","three_p_pct":"0.431","ft":"1.012","fta":"1.129","ft_pct":"0.896","orb":"1.259","drb":"2.918","trb":"4.176","ast":"1.682","stl":"0.294","blk":"0.294","tov":"1.294","pf":"1.918","pts":"9.729"},{"game_id":1071,"team_name":"HOU","player_id":"{\"martike04\"}","player_name":"{\"Kenyon Martin Jr.\"}","fg":"6.929","fga":"12.776","fg_pct":"0.542","three_p":"2.188","three_pa":"4.976","three_p_pct":"0.440","ft":"2.000","fta":"2.800","ft_pct":"0.714","orb":"1.482","drb":"6.894","trb":"8.376","ast":"2.494","stl":"0.800","blk":"1.000","tov":"1.306","pf":"2.729","pts":"18.047"},{"game_id":1071,"team_name":"HOU","player_id":"{\"brookar01\"}","player_name":"{\"Armoni Brooks\"}","fg":"5.365","fga":"11.318","fg_pct":"0.474","three_p":"3.659","three_pa":"8.447","three_p_pct":"0.433","ft":"0.588","fta":"0.800","ft_pct":"0.735","orb":"0.600","drb":"2.494","trb":"3.094","ast":"1.965","stl":"0.671","blk":"0.412","tov":"0.976","pf":"1.929","pts":"14.976"},{"game_id":1071,"team_name":"HOU","player_id":"{\"reynoca01\"}","player_name":"{\"Cameron Reynolds\"}","fg":"1.776","fga":"3.282","fg_pct":"0.541","three_p":"0.894","three_pa":"1.859","three_p_pct":"0.481","ft":"0.118","fta":"0.118","ft_pct":"1.000","orb":"0.000","drb":"1.294","trb":"1.294","ast":"0.329","stl":"0.141","blk":"0.000","tov":"0.318","pf":"1.082","pts":"4.565"},{"game_id":1071,"team_name":"HOU","player_id":"{\"oliveca01\"}","player_name":"{\"Cameron Oliver\"}","fg":"4.528","fga":"7.833","fg_pct":"0.578","three_p":"1.333","three_pa":"3.306","three_p_pct":"0.403","ft":"0.333","fta":"1.000","ft_pct":"0.333","orb":"0.306","drb":"2.722","trb":"3.028","ast":"1.306","stl":"0.639","blk":"0.333","tov":"0.694","pf":"3.028","pts":"10.722"},{"game_id":1071,"team_name":"HOU","player_id":"{\"olynyke01\"}","player_name":"{\"Kelly Olynyk\"}","fg":"6.435","fga":"13.106","fg_pct":"0.491","three_p":"1.682","three_pa":"4.318","three_p_pct":"0.390","ft":"6.765","fta":"8.388","ft_pct":"0.807","orb":"1.871","drb":"7.471","trb":"9.341","ast":"7.259","stl":"2.129","blk":"0.600","tov":"3.212","pf":"3.882","pts":"21.318"},{"game_id":1071,"team_name":"HOU","player_id":"benchHOU","player_name":"Bench of HOU","fg":"4.202","fga":"9.561","fg_pct":"0.439","three_p":"1.714","three_pa":"4.249","three_p_pct":"0.403","ft":"2.351","fta":"3.225","ft_pct":"0.729","orb":"0.852","drb":"2.542","trb":"3.394","ast":"3.841","stl":"0.568","blk":"0.073","tov":"1.946","pf":"2.255","pts":"12.470"}]