[{"game_id":1066,"team_name":"NYK","player_id":"teamNYK","player_name":"Team name: NYK","ts_pct":"0.585","efg_pct":"0.552","three_par":"0.335","ftr":"0.207","orb_pct":"3.677","drb_pct":"18.519","trb_pct":"11.361","ast_pct":"14.972","stl_pct":"1.361","blk_pct":"2.277","tov_pct":"9.009","usg_pct":"19.608","ortg":"122.675","drtg":"122.426","bpm":"-1.152"},{"game_id":1066,"team_name":"BOS","player_id":"teamBOS","player_name":"Team name: BOS","ts_pct":"0.601","efg_pct":"0.587","three_par":"0.441","ftr":"0.207","orb_pct":"4.561","drb_pct":"17.339","trb_pct":"10.664","ast_pct":"14.612","stl_pct":"1.314","blk_pct":"2.928","tov_pct":"13.021","usg_pct":"20.130","ortg":"119.957","drtg":"130.537","bpm":"-2.156"}]