[{"game_id":1228,"team_name":"PHI","player_id":"teamPHI","player_name":"Team name: PHI","ts_pct":"0.520","efg_pct":"0.468","three_par":"0.396","ftr":"0.312","orb_pct":"6.609","drb_pct":"16.758","trb_pct":"11.756","ast_pct":"15.703","stl_pct":"1.389","blk_pct":"2.095","tov_pct":"18.058","usg_pct":"21.578","ortg":"106.409","drtg":"115.070","bpm":"-1.367"},{"game_id":1228,"team_name":"MIN","player_id":"teamMIN","player_name":"Team name: MIN","ts_pct":"0.572","efg_pct":"0.541","three_par":"0.427","ftr":"0.290","orb_pct":"4.000","drb_pct":"16.285","trb_pct":"10.033","ast_pct":"14.995","stl_pct":"1.830","blk_pct":"1.230","tov_pct":"11.547","usg_pct":"20.119","ortg":"113.194","drtg":"116.755","bpm":"-1.788"}]