[{"game_id":1233,"team_name":"WAS","player_id":"{\"bealbr01\"}","player_name":"{\"Bradley Beal\"}","fg":"7.647","fga":"20.165","fg_pct":"0.379","three_p":"2.082","three_pa":"7.365","three_p_pct":"0.283","ft":"3.000","fta":"4.106","ft_pct":"0.731","orb":"0.565","drb":"3.788","trb":"4.353","ast":"5.871","stl":"1.094","blk":"0.506","tov":"1.929","pf":"1.824","pts":"20.376"},{"game_id":1233,"team_name":"WAS","player_id":"{\"hachiru01\"}","player_name":"{\"Rui Hachimura\"}","fg":"7.694","fga":"16.306","fg_pct":"0.472","three_p":"0.000","three_pa":"2.611","three_p_pct":"0.000","ft":"1.000","fta":"1.000","ft_pct":"1.000","orb":"2.639","drb":"4.972","trb":"7.611","ast":"1.750","stl":"0.694","blk":"0.361","tov":"1.056","pf":"0.944","pts":"16.389"},{"game_id":1233,"team_name":"WAS","player_id":"{\"bryanth01\"}","player_name":"{\"Thomas Bryant\"}","fg":"6.518","fga":"11.471","fg_pct":"0.568","three_p":"1.047","three_pa":"3.294","three_p_pct":"0.318","ft":"2.012","fta":"2.788","ft_pct":"0.722","orb":"2.400","drb":"7.329","trb":"9.729","ast":"2.188","stl":"0.435","blk":"1.424","tov":"1.765","pf":"1.765","pts":"16.094"},{"game_id":1233,"team_name":"WAS","player_id":"{\"bertada01\"}","player_name":"{\"Dāvis Bertāns\"}","fg":"2.976","fga":"6.235","fg_pct":"0.477","three_p":"1.988","three_pa":"4.518","three_p_pct":"0.440","ft":"0.988","fta":"1.318","ft_pct":"0.750","orb":"0.000","drb":"2.235","trb":"2.235","ast":"0.941","stl":"0.318","blk":"0.224","tov":"0.624","pf":"1.976","pts":"8.929"},{"game_id":1233,"team_name":"WAS","player_id":"{\"bongais01\"}","player_name":"{\"Isaac Bonga\"}","fg":"1.247","fga":"3.200","fg_pct":"0.390","three_p":"0.129","three_pa":"0.718","three_p_pct":"0.180","ft":"0.541","fta":"1.082","ft_pct":"0.500","orb":"0.741","drb":"2.353","trb":"3.094","ast":"1.776","stl":"0.965","blk":"0.424","tov":"0.341","pf":"2.141","pts":"3.165"},{"game_id":1233,"team_name":"WAS","player_id":"{\"thomais02\"}","player_name":"{\"Isaiah Thomas\"}","fg":"3.000","fga":"8.976","fg_pct":"0.334","three_p":"1.188","three_pa":"4.035","three_p_pct":"0.294","ft":"1.047","fta":"1.800","ft_pct":"0.582","orb":"0.259","drb":"0.965","trb":"1.224","ast":"2.435","stl":"0.529","blk":"0.000","tov":"1.188","pf":"1.188","pts":"8.235"},{"game_id":1233,"team_name":"WAS","player_id":"benchWAS","player_name":"Bench of WAS","fg":"3.800","fga":"8.928","fg_pct":"0.426","three_p":"0.946","three_pa":"2.910","three_p_pct":"0.325","ft":"0.982","fta":"1.350","ft_pct":"0.727","orb":"0.812","drb":"2.937","trb":"3.749","ast":"2.298","stl":"0.490","blk":"0.441","tov":"1.471","pf":"2.297","pts":"9.529"},{"game_id":1233,"team_name":"HOU","player_id":"{\"mclembe01\"}","player_name":"{\"Ben McLemore\"}","fg":"1.400","fga":"3.329","fg_pct":"0.421","three_p":"0.929","three_pa":"2.482","three_p_pct":"0.374","ft":"0.400","fta":"0.600","ft_pct":"0.667","orb":"0.165","drb":"0.482","trb":"0.647","ast":"0.176","stl":"0.259","blk":"0.118","tov":"0.447","pf":"0.871","pts":"4.129"},{"game_id":1233,"team_name":"HOU","player_id":"{\"anderry01\"}","player_name":"{\"Ryan Anderson\"}","fg":"0.129","fga":"0.871","fg_pct":"0.148","three_p":"0.129","three_pa":"0.588","three_p_pct":"0.219","ft":"0.082","fta":"0.165","ft_pct":"0.497","orb":"0.435","drb":"0.635","trb":"1.071","ast":"0.165","stl":"0.118","blk":"0.000","tov":"0.176","pf":"0.165","pts":"0.471"},{"game_id":1233,"team_name":"HOU","player_id":"{\"hardeja01\"}","player_name":"{\"James Harden\"}","fg":"8.976","fga":"23.200","fg_pct":"0.387","three_p":"3.459","three_pa":"13.106","three_p_pct":"0.264","ft":"10.941","fta":"12.447","ft_pct":"0.879","orb":"0.682","drb":"5.306","trb":"5.988","ast":"6.812","stl":"1.788","blk":"0.765","tov":"4.894","pf":"4.012","pts":"32.353"},{"game_id":1233,"team_name":"HOU","player_id":"{\"westbru01\"}","player_name":"{\"Russell Westbrook\"}","fg":"8.318","fga":"19.506","fg_pct":"0.426","three_p":"1.918","three_pa":"5.506","three_p_pct":"0.348","ft":"4.812","fta":"6.047","ft_pct":"0.796","orb":"2.094","drb":"8.600","trb":"10.694","ast":"10.624","stl":"1.165","blk":"0.518","tov":"4.247","pf":"3.588","pts":"23.365"},{"game_id":1233,"team_name":"HOU","player_id":"{\"chandty01\"}","player_name":"{\"Tyson Chandler\"}","fg":"1.012","fga":"1.141","fg_pct":"0.887","three_p":"0.000","three_pa":"0.000","three_p_pct":"NaN","ft":"0.306","fta":"0.741","ft_pct":"0.413","orb":"0.459","drb":"1.988","trb":"2.447","ast":"0.200","stl":"0.200","blk":"0.118","tov":"0.682","pf":"1.306","pts":"2.329"},{"game_id":1233,"team_name":"HOU","player_id":"{\"tuckepj01\"}","player_name":"{\"P.J. Tucker\"}","fg":"4.776","fga":"8.624","fg_pct":"0.554","three_p":"2.953","three_pa":"5.141","three_p_pct":"0.574","ft":"1.165","fta":"1.259","ft_pct":"0.925","orb":"1.929","drb":"5.824","trb":"7.753","ast":"1.694","stl":"1.529","blk":"0.847","tov":"1.047","pf":"3.671","pts":"13.671"},{"game_id":1233,"team_name":"HOU","player_id":"benchHOU","player_name":"Bench of HOU","fg":"3.361","fga":"8.142","fg_pct":"0.413","three_p":"1.214","three_pa":"4.038","three_p_pct":"0.301","ft":"1.064","fta":"1.596","ft_pct":"0.667","orb":"0.978","drb":"3.207","trb":"4.185","ast":"1.013","stl":"0.500","blk":"0.552","tov":"1.148","pf":"2.103","pts":"9.000"}]