[{"game_id":1256,"team_name":"IND","player_id":"{\"warretj01\"}","player_name":"{\"T.J. Warren\"}","ts_pct":"0.480","efg_pct":"0.457","three_par":"0.168","ftr":"0.157","orb_pct":"2.202","drb_pct":"7.822","trb_pct":"4.824","ast_pct":"3.587","stl_pct":"1.976","blk_pct":"0.888","tov_pct":"8.946","usg_pct":"19.115","ortg":"89.165","drtg":"112.247","bpm":"-5.908"},{"game_id":1256,"team_name":"IND","player_id":"{\"lambje01\"}","player_name":"{\"Jeremy Lamb\"}","ts_pct":"0.639","efg_pct":"0.589","three_par":"0.350","ftr":"0.369","orb_pct":"3.682","drb_pct":"17.284","trb_pct":"10.382","ast_pct":"14.032","stl_pct":"2.932","blk_pct":"1.094","tov_pct":"6.789","usg_pct":"23.827","ortg":"126.094","drtg":"108.106","bpm":"6.045"},{"game_id":1256,"team_name":"IND","player_id":"{\"brogdma01\"}","player_name":"{\"Malcolm Brogdon\"}","ts_pct":"0.564","efg_pct":"0.502","three_par":"0.376","ftr":"0.308","orb_pct":"2.821","drb_pct":"16.194","trb_pct":"9.329","ast_pct":"37.239","stl_pct":"1.924","blk_pct":"0.992","tov_pct":"12.306","usg_pct":"25.155","ortg":"113.506","drtg":"107.106","bpm":"6.678"},{"game_id":1256,"team_name":"IND","player_id":"{\"holidju01\"}","player_name":"{\"Justin Holiday\"}","ts_pct":"0.542","efg_pct":"0.536","three_par":"0.649","ftr":"0.042","orb_pct":"2.342","drb_pct":"15.681","trb_pct":"8.736","ast_pct":"8.276","stl_pct":"2.255","blk_pct":"2.127","tov_pct":"8.674","usg_pct":"14.842","ortg":"108.788","drtg":"106.588","bpm":"0.958"},{"game_id":1256,"team_name":"IND","player_id":"{\"leaftj01\"}","player_name":"{\"T.J. Leaf\"}","ts_pct":"0.364","efg_pct":"0.318","three_par":"0.250","ftr":"0.147","orb_pct":"9.073","drb_pct":"20.504","trb_pct":"14.354","ast_pct":"3.656","stl_pct":"1.595","blk_pct":"2.393","tov_pct":"7.599","usg_pct":"19.289","ortg":"73.329","drtg":"104.988","bpm":"-6.629"},{"game_id":1256,"team_name":"IND","player_id":"{\"sampsja02\"}","player_name":"{\"JaKarr Sampson\"}","ts_pct":"0.538","efg_pct":"0.508","three_par":"0.192","ftr":"0.267","orb_pct":"6.532","drb_pct":"16.996","trb_pct":"11.618","ast_pct":"3.205","stl_pct":"0.933","blk_pct":"5.249","tov_pct":"5.028","usg_pct":"22.540","ortg":"108.506","drtg":"102.271","bpm":"-1.218"},{"game_id":1256,"team_name":"IND","player_id":"benchIND","player_name":"Bench of IND","ts_pct":"0.391","efg_pct":"0.368","three_par":"0.247","ftr":"0.118","orb_pct":"3.434","drb_pct":"10.738","trb_pct":"7.052","ast_pct":"14.036","stl_pct":"1.250","blk_pct":"2.832","tov_pct":"10.596","usg_pct":"17.554","ortg":"91.152","drtg":"106.518","bpm":"-4.369"},{"game_id":1256,"team_name":"CHI","player_id":"{\"lavinza01\"}","player_name":"{\"Zach LaVine\"}","ts_pct":"0.546","efg_pct":"0.507","three_par":"0.369","ftr":"0.288","orb_pct":"3.693","drb_pct":"9.679","trb_pct":"6.818","ast_pct":"20.496","stl_pct":"1.656","blk_pct":"1.108","tov_pct":"15.834","usg_pct":"29.479","ortg":"100.341","drtg":"113.741","bpm":"-0.471"},{"game_id":1256,"team_name":"CHI","player_id":"{\"markkla01\"}","player_name":"{\"Lauri Markkanen\"}","ts_pct":"0.512","efg_pct":"0.444","three_par":"0.474","ftr":"0.371","orb_pct":"6.142","drb_pct":"28.733","trb_pct":"16.546","ast_pct":"12.220","stl_pct":"1.832","blk_pct":"1.932","tov_pct":"9.956","usg_pct":"26.649","ortg":"106.141","drtg":"105.988","bpm":"1.413"},{"game_id":1256,"team_name":"CHI","player_id":"{\"cartewe01\"}","player_name":"{\"Wendell Carter Jr.\"}","ts_pct":"0.594","efg_pct":"0.559","three_par":"0.114","ftr":"0.484","orb_pct":"9.996","drb_pct":"25.441","trb_pct":"17.064","ast_pct":"5.664","stl_pct":"1.021","blk_pct":"3.132","tov_pct":"10.873","usg_pct":"18.372","ortg":"119.365","drtg":"110.553","bpm":"-1.495"},{"game_id":1256,"team_name":"CHI","player_id":"{\"porteot01\"}","player_name":"{\"Otto Porter Jr.\"}","ts_pct":"0.525","efg_pct":"0.480","three_par":"0.452","ftr":"0.293","orb_pct":"3.841","drb_pct":"13.140","trb_pct":"8.075","ast_pct":"8.774","stl_pct":"1.209","blk_pct":"0.522","tov_pct":"6.541","usg_pct":"18.705","ortg":"107.529","drtg":"117.412","bpm":"-2.138"},{"game_id":1256,"team_name":"CHI","player_id":"{\"satorto01\"}","player_name":"{\"Tomáš Satoranský\"}","ts_pct":"0.486","efg_pct":"0.430","three_par":"0.368","ftr":"0.295","orb_pct":"2.986","drb_pct":"4.888","trb_pct":"3.826","ast_pct":"25.898","stl_pct":"1.658","blk_pct":"0.784","tov_pct":"16.913","usg_pct":"13.979","ortg":"106.659","drtg":"116.200","bpm":"-2.944"},{"game_id":1256,"team_name":"CHI","player_id":"{\"youngth01\"}","player_name":"{\"Thaddeus Young\"}","ts_pct":"0.529","efg_pct":"0.526","three_par":"0.410","ftr":"0.060","orb_pct":"4.568","drb_pct":"16.394","trb_pct":"9.891","ast_pct":"12.742","stl_pct":"2.529","blk_pct":"1.441","tov_pct":"12.342","usg_pct":"20.193","ortg":"102.400","drtg":"107.941","bpm":"0.922"},{"game_id":1256,"team_name":"CHI","player_id":"benchCHI","player_name":"Bench of CHI","ts_pct":"0.467","efg_pct":"0.441","three_par":"0.394","ftr":"0.201","orb_pct":"2.912","drb_pct":"12.469","trb_pct":"7.459","ast_pct":"16.128","stl_pct":"1.633","blk_pct":"1.711","tov_pct":"5.906","usg_pct":"18.595","ortg":"101.267","drtg":"111.626","bpm":"-2.660"}]