[{"game_id":1170,"team_name":"PHO","player_id":"teamPHO","player_name":"Team name: PHO","ts_pct":"0.550","efg_pct":"0.527","three_par":"0.369","ftr":"0.180","orb_pct":"4.019","drb_pct":"14.995","trb_pct":"9.631","ast_pct":"12.696","stl_pct":"0.870","blk_pct":"1.002","tov_pct":"9.738","usg_pct":"18.528","ortg":"110.934","drtg":"117.236","bpm":"0.260"},{"game_id":1170,"team_name":"MIL","player_id":"teamMIL","player_name":"Team name: MIL","ts_pct":"0.524","efg_pct":"0.484","three_par":"0.434","ftr":"0.188","orb_pct":"6.509","drb_pct":"16.343","trb_pct":"11.334","ast_pct":"11.891","stl_pct":"2.725","blk_pct":"1.110","tov_pct":"8.343","usg_pct":"19.791","ortg":"112.287","drtg":"115.987","bpm":"0.236"}]