[{"game_id":1249,"team_name":"DET","player_id":"{\"makerth01\"}","player_name":"{\"Thon Maker\"}","ts_pct":"0.315","efg_pct":"0.254","three_par":"0.439","ftr":"0.636","orb_pct":"3.648","drb_pct":"12.318","trb_pct":"7.955","ast_pct":"4.774","stl_pct":"1.432","blk_pct":"3.600","tov_pct":"11.868","usg_pct":"12.398","ortg":"75.682","drtg":"113.765","bpm":"-5.198"},{"game_id":1249,"team_name":"DET","player_id":"{\"woodch01\"}","player_name":"{\"Christian Wood\"}","ts_pct":"0.589","efg_pct":"0.554","three_par":"0.296","ftr":"0.569","orb_pct":"7.535","drb_pct":"21.061","trb_pct":"14.784","ast_pct":"1.241","stl_pct":"0.075","blk_pct":"4.131","tov_pct":"20.500","usg_pct":"23.188","ortg":"108.753","drtg":"111.612","bpm":"-0.208"},{"game_id":1249,"team_name":"DET","player_id":"{\"brownbr01\"}","player_name":"{\"Bruce Brown\"}","ts_pct":"0.438","efg_pct":"0.399","three_par":"0.306","ftr":"0.220","orb_pct":"1.727","drb_pct":"19.561","trb_pct":"10.245","ast_pct":"3.186","stl_pct":"1.286","blk_pct":"0.968","tov_pct":"30.371","usg_pct":"14.008","ortg":"63.447","drtg":"114.235","bpm":"-10.526"},{"game_id":1249,"team_name":"DET","player_id":"{\"drumman01\"}","player_name":"{\"Andre Drummond\"}","ts_pct":"0.566","efg_pct":"0.557","three_par":"0.036","ftr":"0.413","orb_pct":"16.486","drb_pct":"40.900","trb_pct":"28.573","ast_pct":"10.088","stl_pct":"1.973","blk_pct":"4.751","tov_pct":"17.986","usg_pct":"26.241","ortg":"103.659","drtg":"105.529","bpm":"0.554"},{"game_id":1249,"team_name":"DET","player_id":"{\"kennalu01\"}","player_name":"{\"Luke Kennard\"}","ts_pct":"0.573","efg_pct":"0.547","three_par":"0.527","ftr":"0.180","orb_pct":"0.392","drb_pct":"9.528","trb_pct":"4.851","ast_pct":"16.269","stl_pct":"0.705","blk_pct":"0.239","tov_pct":"7.876","usg_pct":"17.620","ortg":"118.788","drtg":"117.965","bpm":"1.359"},{"game_id":1249,"team_name":"DET","player_id":"{\"morrima02\"}","player_name":"{\"Markieff Morris\"}","ts_pct":"0.540","efg_pct":"0.521","three_par":"0.470","ftr":"0.262","orb_pct":"3.459","drb_pct":"14.660","trb_pct":"9.064","ast_pct":"8.801","stl_pct":"1.004","blk_pct":"1.449","tov_pct":"16.841","usg_pct":"20.039","ortg":"91.659","drtg":"113.694","bpm":"-6.221"},{"game_id":1249,"team_name":"DET","player_id":"benchDET","player_name":"Bench of DET","ts_pct":"0.497","efg_pct":"0.471","three_par":"0.546","ftr":"0.220","orb_pct":"2.703","drb_pct":"8.161","trb_pct":"5.476","ast_pct":"10.006","stl_pct":"1.346","blk_pct":"1.846","tov_pct":"5.800","usg_pct":"15.112","ortg":"107.753","drtg":"115.176","bpm":"0.192"},{"game_id":1249,"team_name":"BRK","player_id":"{\"irvinky01\"}","player_name":"{\"Kyrie Irving\"}","ts_pct":"0.538","efg_pct":"0.482","three_par":"0.373","ftr":"0.285","orb_pct":"2.139","drb_pct":"12.361","trb_pct":"7.368","ast_pct":"35.009","stl_pct":"1.680","blk_pct":"1.448","tov_pct":"11.451","usg_pct":"32.979","ortg":"110.682","drtg":"110.447","bpm":"5.782"},{"game_id":1249,"team_name":"BRK","player_id":"{\"princta02\"}","player_name":"{\"Taurean Prince\"}","ts_pct":"0.532","efg_pct":"0.506","three_par":"0.598","ftr":"0.244","orb_pct":"2.009","drb_pct":"15.189","trb_pct":"8.846","ast_pct":"7.419","stl_pct":"1.189","blk_pct":"1.622","tov_pct":"11.733","usg_pct":"19.268","ortg":"103.718","drtg":"114.000","bpm":"-2.098"},{"game_id":1249,"team_name":"BRK","player_id":"{\"harrijo01\"}","player_name":"{\"Joe Harris\"}","ts_pct":"0.622","efg_pct":"0.596","three_par":"0.561","ftr":"0.131","orb_pct":"3.771","drb_pct":"10.156","trb_pct":"6.986","ast_pct":"4.402","stl_pct":"1.280","blk_pct":"0.222","tov_pct":"16.820","usg_pct":"14.614","ortg":"107.976","drtg":"115.388","bpm":"-2.491"},{"game_id":1249,"team_name":"BRK","player_id":"{\"jordade01\"}","player_name":"{\"DeAndre Jordan\"}","ts_pct":"0.569","efg_pct":"0.466","three_par":"0.000","ftr":"0.994","orb_pct":"12.751","drb_pct":"32.538","trb_pct":"22.484","ast_pct":"13.793","stl_pct":"0.794","blk_pct":"2.573","tov_pct":"21.819","usg_pct":"14.332","ortg":"110.612","drtg":"111.835","bpm":"-1.126"},{"game_id":1249,"team_name":"BRK","player_id":"{\"leverca01\"}","player_name":"{\"Caris LeVert\"}","ts_pct":"0.580","efg_pct":"0.545","three_par":"0.313","ftr":"0.378","orb_pct":"4.208","drb_pct":"10.275","trb_pct":"7.175","ast_pct":"19.660","stl_pct":"1.588","blk_pct":"0.344","tov_pct":"17.665","usg_pct":"27.145","ortg":"105.588","drtg":"114.553","bpm":"-0.200"},{"game_id":1249,"team_name":"BRK","player_id":"{\"templga01\"}","player_name":"{\"Garrett Temple\"}","ts_pct":"0.630","efg_pct":"0.462","three_par":"0.570","ftr":"0.721","orb_pct":"1.867","drb_pct":"11.816","trb_pct":"6.694","ast_pct":"8.404","stl_pct":"2.842","blk_pct":"1.724","tov_pct":"7.881","usg_pct":"12.014","ortg":"128.882","drtg":"113.082","bpm":"1.669"},{"game_id":1249,"team_name":"BRK","player_id":"benchBRK","player_name":"Bench of BRK","ts_pct":"0.481","efg_pct":"0.468","three_par":"0.204","ftr":"0.491","orb_pct":"7.269","drb_pct":"16.685","trb_pct":"11.890","ast_pct":"12.528","stl_pct":"1.086","blk_pct":"1.796","tov_pct":"19.100","usg_pct":"19.205","ortg":"94.912","drtg":"112.719","bpm":"-3.436"}]