[{"game_id":1134,"team_name":"PHI","player_id":"teamPHI","player_name":"Team name: PHI","ts_pct":"0.674","efg_pct":"0.626","three_par":"0.451","ftr":"0.425","orb_pct":"5.980","drb_pct":"17.949","trb_pct":"11.984","ast_pct":"15.755","stl_pct":"2.059","blk_pct":"2.470","tov_pct":"13.348","usg_pct":"24.438","ortg":"137.259","drtg":"140.251","bpm":"-1.945"},{"game_id":1134,"team_name":"ATL","player_id":"teamATL","player_name":"Team name: ATL","ts_pct":"0.553","efg_pct":"0.511","three_par":"0.409","ftr":"0.224","orb_pct":"4.331","drb_pct":"16.227","trb_pct":"10.710","ast_pct":"13.707","stl_pct":"1.331","blk_pct":"2.450","tov_pct":"11.544","usg_pct":"20.427","ortg":"110.410","drtg":"112.968","bpm":"-0.344"}]