[{"game_id":1063,"team_name":"MIN","player_id":"{\"edwaran01\"}","player_name":"{\"Anthony Edwards\"}","fg":"9.118","fga":"17.682","fg_pct":"0.516","three_p":"2.988","three_pa":"7.788","three_p_pct":"0.384","ft":"3.812","fta":"5.506","ft_pct":"0.692","orb":"1.200","drb":"5.635","trb":"6.835","ast":"4.165","stl":"0.894","blk":"0.976","tov":"2.965","pf":"2.882","pts":"25.035"},{"game_id":1063,"team_name":"MIN","player_id":"{\"townska01\"}","player_name":"{\"Karl-Anthony Towns\"}","fg":"8.235","fga":"17.800","fg_pct":"0.463","three_p":"2.906","three_pa":"7.353","three_p_pct":"0.395","ft":"5.635","fta":"6.988","ft_pct":"0.806","orb":"2.471","drb":"6.565","trb":"9.035","ast":"4.306","stl":"1.071","blk":"0.306","tov":"3.388","pf":"4.071","pts":"25.012"},{"game_id":1063,"team_name":"MIN","player_id":"{\"russeda01\"}","player_name":"{\"D'Angelo Russell\"}","fg":"6.447","fga":"15.847","fg_pct":"0.407","three_p":"3.012","three_pa":"8.282","three_p_pct":"0.364","ft":"2.541","fta":"4.024","ft_pct":"0.631","orb":"0.471","drb":"3.071","trb":"3.541","ast":"7.518","stl":"1.118","blk":"0.353","tov":"2.282","pf":"1.388","pts":"18.447"},{"game_id":1063,"team_name":"MIN","player_id":"{\"rubiori01\"}","player_name":"{\"Ricky Rubio\"}","fg":"4.047","fga":"9.129","fg_pct":"0.443","three_p":"1.812","three_pa":"5.094","three_p_pct":"0.356","ft":"1.718","fta":"1.835","ft_pct":"0.936","orb":"0.741","drb":"2.894","trb":"3.635","ast":"5.106","stl":"1.753","blk":"0.141","tov":"1.118","pf":"2.082","pts":"11.624"},{"game_id":1063,"team_name":"MIN","player_id":"{\"mcdanja02\"}","player_name":"{\"Jaden McDaniels\"}","fg":"2.094","fga":"5.082","fg_pct":"0.412","three_p":"0.965","three_pa":"3.200","three_p_pct":"0.302","ft":"0.459","fta":"0.682","ft_pct":"0.673","orb":"0.741","drb":"3.329","trb":"4.071","ast":"1.282","stl":"0.847","blk":"0.824","tov":"0.659","pf":"3.165","pts":"5.612"},{"game_id":1063,"team_name":"MIN","player_id":"{\"hernaju01\"}","player_name":"{\"Juancho Hernangómez\"}","fg":"3.188","fga":"7.600","fg_pct":"0.419","three_p":"1.647","three_pa":"4.612","three_p_pct":"0.357","ft":"1.318","fta":"2.694","ft_pct":"0.489","orb":"1.129","drb":"3.047","trb":"4.176","ast":"0.776","stl":"0.459","blk":"0.271","tov":"0.706","pf":"0.918","pts":"9.341"},{"game_id":1063,"team_name":"MIN","player_id":"benchMIN","player_name":"Bench of MIN","fg":"2.388","fga":"4.782","fg_pct":"0.499","three_p":"0.425","three_pa":"1.630","three_p_pct":"0.261","ft":"0.581","fta":"1.018","ft_pct":"0.571","orb":"0.931","drb":"2.461","trb":"3.392","ast":"1.029","stl":"0.580","blk":"0.531","tov":"0.703","pf":"1.545","pts":"5.782"},{"game_id":1063,"team_name":"BOS","player_id":"{\"fallta01\"}","player_name":"{\"Tacko Fall\"}","fg":"1.106","fga":"1.400","fg_pct":"0.790","three_p":"0.000","three_pa":"0.000","three_p_pct":"NaN","ft":"0.118","fta":"0.412","ft_pct":"0.286","orb":"0.482","drb":"1.882","trb":"2.365","ast":"0.106","stl":"0.129","blk":"1.024","tov":"0.294","pf":"0.918","pts":"2.329"},{"game_id":1063,"team_name":"BOS","player_id":"{\"kornelu01\"}","player_name":"{\"Luke Kornet\"}","fg":"1.576","fga":"3.082","fg_pct":"0.511","three_p":"0.318","three_pa":"1.259","three_p_pct":"0.253","ft":"0.059","fta":"0.059","ft_pct":"1.000","orb":"0.541","drb":"1.835","trb":"2.376","ast":"1.071","stl":"0.153","blk":"1.094","tov":"0.341","pf":"0.847","pts":"3.529"},{"game_id":1063,"team_name":"BOS","player_id":"{\"tatumja01\"}","player_name":"{\"Jayson Tatum\"}","fg":"10.753","fga":"21.776","fg_pct":"0.494","three_p":"2.953","three_pa":"7.529","three_p_pct":"0.392","ft":"5.729","fta":"7.000","ft_pct":"0.818","orb":"1.059","drb":"5.918","trb":"6.976","ast":"4.200","stl":"1.153","blk":"1.094","tov":"2.918","pf":"2.647","pts":"30.188"},{"game_id":1063,"team_name":"BOS","player_id":"{\"pritcpa01\"}","player_name":"{\"Payton Pritchard\"}","fg":"2.965","fga":"6.929","fg_pct":"0.428","three_p":"1.918","three_pa":"4.812","three_p_pct":"0.399","ft":"0.929","fta":"1.141","ft_pct":"0.814","orb":"0.329","drb":"2.329","trb":"2.659","ast":"1.306","stl":"0.365","blk":"0.000","tov":"0.435","pf":"1.153","pts":"8.776"},{"game_id":1063,"team_name":"BOS","player_id":"{\"fournev01\"}","player_name":"{\"Evan Fournier\"}","fg":"6.306","fga":"12.918","fg_pct":"0.488","three_p":"3.247","three_pa":"6.612","three_p_pct":"0.491","ft":"0.471","fta":"0.671","ft_pct":"0.702","orb":"0.459","drb":"3.812","trb":"4.271","ast":"3.624","stl":"1.341","blk":"0.741","tov":"1.012","pf":"2.741","pts":"16.329"},{"game_id":1063,"team_name":"BOS","player_id":"{\"ojelese01\"}","player_name":"{\"Semi Ojeleye\"}","fg":"1.024","fga":"2.388","fg_pct":"0.429","three_p":"0.494","three_pa":"1.576","three_p_pct":"0.313","ft":"0.000","fta":"0.000","ft_pct":"NaN","orb":"0.353","drb":"1.247","trb":"1.600","ast":"0.282","stl":"0.494","blk":"0.000","tov":"0.282","pf":"0.365","pts":"2.541"},{"game_id":1063,"team_name":"BOS","player_id":"benchBOS","player_name":"Bench of BOS","fg":"1.782","fga":"3.890","fg_pct":"0.458","three_p":"0.570","three_pa":"1.653","three_p_pct":"0.345","ft":"0.574","fta":"0.655","ft_pct":"0.876","orb":"0.619","drb":"1.774","trb":"2.393","ast":"1.020","stl":"0.318","blk":"0.294","tov":"0.541","pf":"1.738","pts":"4.708"}]