[{"game_id":1145,"team_name":"LAC","player_id":"teamLAC","player_name":"Team name: LAC","fg":"40.063","fga":"82.211","fg_pct":"0.487","three_p":"14.257","three_pa":"36.069","three_p_pct":"0.395","ft":"19.217","fta":"22.640","ft_pct":"0.849","orb":"8.691","drb":"32.594","trb":"41.286","ast":"21.966","stl":"6.280","blk":"4.446","tov":"9.926","pf":"21.074","pts":"113.600"},{"game_id":1145,"team_name":"UTA","player_id":"teamUTA","player_name":"Team name: UTA","fg":"40.657","fga":"85.966","fg_pct":"0.473","three_p":"17.343","three_pa":"41.989","three_p_pct":"0.413","ft":"19.297","fta":"23.657","ft_pct":"0.816","orb":"9.446","drb":"35.006","trb":"44.451","ast":"20.914","stl":"5.954","blk":"4.577","tov":"12.423","pf":"19.869","pts":"117.954"}]