[{"game_id":1140,"team_name":"DEN","player_id":"{\"millspa01\"}","player_name":"{\"Paul Millsap\"}","fg":"2.800","fga":"6.188","fg_pct":"0.452","three_p":"0.882","three_pa":"2.824","three_p_pct":"0.312","ft":"1.012","fta":"1.647","ft_pct":"0.614","orb":"1.059","drb":"2.859","trb":"3.918","ast":"1.788","stl":"0.412","blk":"0.682","tov":"1.129","pf":"1.624","pts":"7.494"},{"game_id":1140,"team_name":"DEN","player_id":"{\"jokicni01\"}","player_name":"{\"Nikola Jokić\"}","fg":"11.071","fga":"21.576","fg_pct":"0.513","three_p":"1.906","three_pa":"4.824","three_p_pct":"0.395","ft":"4.647","fta":"5.141","ft_pct":"0.904","orb":"2.918","drb":"7.329","trb":"10.247","ast":"4.871","stl":"0.824","blk":"0.894","tov":"2.659","pf":"2.294","pts":"28.694"},{"game_id":1140,"team_name":"DEN","player_id":"{\"gordoaa01\"}","player_name":"{\"Aaron Gordon\"}","fg":"4.565","fga":"9.541","fg_pct":"0.478","three_p":"0.941","three_pa":"2.271","three_p_pct":"0.414","ft":"1.600","fta":"2.447","ft_pct":"0.654","orb":"2.059","drb":"2.859","trb":"4.918","ast":"1.976","stl":"0.600","blk":"0.318","tov":"0.894","pf":"1.882","pts":"11.671"},{"game_id":1140,"team_name":"DEN","player_id":"{\"morrimo01\"}","player_name":"{\"Monte Morris\"}","fg":"4.153","fga":"10.918","fg_pct":"0.380","three_p":"1.365","three_pa":"3.812","three_p_pct":"0.358","ft":"2.106","fta":"2.671","ft_pct":"0.788","orb":"0.918","drb":"1.871","trb":"2.788","ast":"5.259","stl":"1.259","blk":"0.082","tov":"0.612","pf":"0.941","pts":"11.776"},{"game_id":1140,"team_name":"DEN","player_id":"{\"portemi01\"}","player_name":"{\"Michael Porter Jr.\"}","fg":"5.929","fga":"12.706","fg_pct":"0.467","three_p":"2.788","three_pa":"7.318","three_p_pct":"0.381","ft":"1.506","fta":"1.753","ft_pct":"0.859","orb":"1.024","drb":"5.365","trb":"6.388","ast":"1.624","stl":"0.671","blk":"0.141","tov":"1.459","pf":"3.094","pts":"16.153"},{"game_id":1140,"team_name":"DEN","player_id":"{\"bartowi01\"}","player_name":"{\"Will Barton\"}","fg":"3.729","fga":"9.482","fg_pct":"0.393","three_p":"1.812","three_pa":"4.553","three_p_pct":"0.398","ft":"2.518","fta":"2.941","ft_pct":"0.856","orb":"0.435","drb":"2.153","trb":"2.588","ast":"3.341","stl":"0.659","blk":"0.271","tov":"1.588","pf":"1.624","pts":"11.788"},{"game_id":1140,"team_name":"DEN","player_id":"benchDEN","player_name":"Bench of DEN","fg":"1.867","fga":"4.396","fg_pct":"0.425","three_p":"0.936","three_pa":"2.489","three_p_pct":"0.376","ft":"0.842","fta":"1.043","ft_pct":"0.807","orb":"0.494","drb":"1.825","trb":"2.318","ast":"1.604","stl":"0.446","blk":"0.205","tov":"0.620","pf":"1.485","pts":"5.511"},{"game_id":1140,"team_name":"PHO","player_id":"{\"saricda01\"}","player_name":"{\"Dario Šarić\"}","fg":"2.365","fga":"5.271","fg_pct":"0.449","three_p":"0.600","three_pa":"1.588","three_p_pct":"0.378","ft":"1.282","fta":"1.494","ft_pct":"0.858","orb":"0.588","drb":"2.224","trb":"2.812","ast":"1.047","stl":"0.682","blk":"0.106","tov":"0.741","pf":"1.600","pts":"6.612"},{"game_id":1140,"team_name":"PHO","player_id":"{\"bookede01\"}","player_name":"{\"Devin Booker\"}","fg":"8.929","fga":"17.753","fg_pct":"0.503","three_p":"2.459","three_pa":"5.941","three_p_pct":"0.414","ft":"5.988","fta":"6.541","ft_pct":"0.915","orb":"0.424","drb":"5.965","trb":"6.388","ast":"4.647","stl":"0.588","blk":"0.129","tov":"3.482","pf":"2.706","pts":"26.306"},{"game_id":1140,"team_name":"PHO","player_id":"{\"paulch01\"}","player_name":"{\"Chris Paul\"}","fg":"5.247","fga":"10.682","fg_pct":"0.491","three_p":"0.929","three_pa":"2.071","three_p_pct":"0.449","ft":"1.953","fta":"2.212","ft_pct":"0.883","orb":"0.471","drb":"3.482","trb":"3.953","ast":"9.518","stl":"0.800","blk":"0.224","tov":"1.176","pf":"1.976","pts":"13.376"},{"game_id":1140,"team_name":"PHO","player_id":"{\"aytonde01\"}","player_name":"{\"Deandre Ayton\"}","fg":"6.471","fga":"8.776","fg_pct":"0.737","three_p":"0.000","three_pa":"0.000","three_p_pct":"NaN","ft":"1.753","fta":"2.624","ft_pct":"0.668","orb":"2.506","drb":"7.188","trb":"9.694","ast":"0.541","stl":"0.494","blk":"0.529","tov":"1.235","pf":"2.341","pts":"14.694"},{"game_id":1140,"team_name":"PHO","player_id":"{\"crowdja01\"}","player_name":"{\"Jae Crowder\"}","fg":"3.894","fga":"9.035","fg_pct":"0.431","three_p":"2.659","three_pa":"7.094","three_p_pct":"0.375","ft":"1.118","fta":"1.318","ft_pct":"0.848","orb":"0.353","drb":"4.447","trb":"4.800","ast":"1.518","stl":"0.941","blk":"0.882","tov":"0.471","pf":"2.600","pts":"11.565"},{"game_id":1140,"team_name":"PHO","player_id":"{\"bridgmi01\"}","player_name":"{\"Mikal Bridges\"}","fg":"4.565","fga":"9.682","fg_pct":"0.471","three_p":"2.318","three_pa":"6.059","three_p_pct":"0.383","ft":"1.259","fta":"1.259","ft_pct":"1.000","orb":"0.894","drb":"3.000","trb":"3.894","ast":"1.718","stl":"1.365","blk":"0.671","tov":"0.329","pf":"1.518","pts":"12.706"},{"game_id":1140,"team_name":"PHO","player_id":"benchPHO","player_name":"Bench of PHO","fg":"2.335","fga":"5.887","fg_pct":"0.397","three_p":"0.960","three_pa":"2.717","three_p_pct":"0.353","ft":"0.961","fta":"1.143","ft_pct":"0.841","orb":"0.614","drb":"2.514","trb":"3.128","ast":"1.778","stl":"0.583","blk":"0.428","tov":"0.667","pf":"1.375","pts":"6.592"}]