[{"game_id":1169,"team_name":"MIL","player_id":"{\"holidjr01\"}","player_name":"{\"Jrue Holiday\"}","ts_pct":"0.502","efg_pct":"0.472","three_par":"0.361","ftr":"0.156","orb_pct":"3.372","drb_pct":"12.378","trb_pct":"7.706","ast_pct":"32.916","stl_pct":"2.311","blk_pct":"1.959","tov_pct":"11.502","usg_pct":"23.128","ortg":"114.000","drtg":"114.941","bpm":"3.340"},{"game_id":1169,"team_name":"MIL","player_id":"{\"antetgi01\"}","player_name":"{\"Giannis Antetokounmpo\"}","ts_pct":"0.624","efg_pct":"0.626","three_par":"0.124","ftr":"0.581","orb_pct":"9.611","drb_pct":"27.319","trb_pct":"17.809","ast_pct":"25.465","stl_pct":"1.684","blk_pct":"2.653","tov_pct":"7.547","usg_pct":"29.846","ortg":"130.647","drtg":"112.718","bpm":"11.451"},{"game_id":1169,"team_name":"MIL","player_id":"{\"middlkh01\"}","player_name":"{\"Khris Middleton\"}","ts_pct":"0.549","efg_pct":"0.517","three_par":"0.394","ftr":"0.161","orb_pct":"2.475","drb_pct":"18.516","trb_pct":"10.007","ast_pct":"21.988","stl_pct":"1.579","blk_pct":"0.173","tov_pct":"12.033","usg_pct":"27.360","ortg":"113.459","drtg":"116.518","bpm":"1.824"},{"game_id":1169,"team_name":"MIL","player_id":"{\"tuckepj01\"}","player_name":"{\"P.J. Tucker\"}","ts_pct":"0.496","efg_pct":"0.484","three_par":"0.580","ftr":"0.094","orb_pct":"6.578","drb_pct":"9.952","trb_pct":"8.309","ast_pct":"4.909","stl_pct":"1.781","blk_pct":"0.000","tov_pct":"9.413","usg_pct":"6.782","ortg":"127.024","drtg":"117.529","bpm":"-2.328"},{"game_id":1169,"team_name":"MIL","player_id":"{\"lopezbr01\"}","player_name":"{\"Brook Lopez\"}","ts_pct":"0.634","efg_pct":"0.600","three_par":"0.342","ftr":"0.216","orb_pct":"6.694","drb_pct":"12.994","trb_pct":"9.608","ast_pct":"0.879","stl_pct":"1.572","blk_pct":"3.920","tov_pct":"11.245","usg_pct":"19.479","ortg":"118.106","drtg":"114.694","bpm":"0.206"},{"game_id":1169,"team_name":"MIL","player_id":"{\"connapa01\"}","player_name":"{\"Pat Connaughton\"}","ts_pct":"0.772","efg_pct":"0.756","three_par":"0.794","ftr":"0.098","orb_pct":"5.306","drb_pct":"14.352","trb_pct":"9.611","ast_pct":"4.812","stl_pct":"0.853","blk_pct":"0.464","tov_pct":"6.729","usg_pct":"10.847","ortg":"151.435","drtg":"118.847","bpm":"2.168"},{"game_id":1169,"team_name":"MIL","player_id":"benchMIL","player_name":"Bench of MIL","ts_pct":"0.491","efg_pct":"0.386","three_par":"0.312","ftr":"0.164","orb_pct":"8.767","drb_pct":"11.392","trb_pct":"9.945","ast_pct":"9.226","stl_pct":"2.704","blk_pct":"0.458","tov_pct":"11.064","usg_pct":"17.306","ortg":"110.577","drtg":"115.074","bpm":"-3.077"},{"game_id":1169,"team_name":"PHO","player_id":"{\"bookede01\"}","player_name":"{\"Devin Booker\"}","ts_pct":"0.511","efg_pct":"0.454","three_par":"0.287","ftr":"0.283","orb_pct":"2.869","drb_pct":"8.946","trb_pct":"5.924","ast_pct":"13.833","stl_pct":"1.329","blk_pct":"0.833","tov_pct":"10.647","usg_pct":"34.224","ortg":"101.082","drtg":"119.235","bpm":"-1.976"},{"game_id":1169,"team_name":"PHO","player_id":"{\"crowdja01\"}","player_name":"{\"Jae Crowder\"}","ts_pct":"0.609","efg_pct":"0.571","three_par":"0.766","ftr":"0.174","orb_pct":"1.573","drb_pct":"18.928","trb_pct":"10.654","ast_pct":"7.848","stl_pct":"1.174","blk_pct":"1.599","tov_pct":"6.501","usg_pct":"12.120","ortg":"127.588","drtg":"115.541","bpm":"1.787"},{"game_id":1169,"team_name":"PHO","player_id":"{\"bridgmi01\"}","player_name":"{\"Mikal Bridges\"}","ts_pct":"0.697","efg_pct":"0.677","three_par":"0.434","ftr":"0.102","orb_pct":"2.774","drb_pct":"11.900","trb_pct":"7.546","ast_pct":"6.818","stl_pct":"0.824","blk_pct":"1.536","tov_pct":"13.279","usg_pct":"13.314","ortg":"127.129","drtg":"118.729","bpm":"1.564"},{"game_id":1169,"team_name":"PHO","player_id":"{\"paulch01\"}","player_name":"{\"Chris Paul\"}","ts_pct":"0.593","efg_pct":"0.569","three_par":"0.246","ftr":"0.148","orb_pct":"1.368","drb_pct":"7.089","trb_pct":"4.401","ast_pct":"38.112","stl_pct":"1.341","blk_pct":"0.352","tov_pct":"13.749","usg_pct":"26.924","ortg":"120.365","drtg":"119.682","bpm":"4.455"},{"game_id":1169,"team_name":"PHO","player_id":"{\"aytonde01\"}","player_name":"{\"Deandre Ayton\"}","ts_pct":"0.628","efg_pct":"0.602","three_par":"0.000","ftr":"0.240","orb_pct":"10.014","drb_pct":"29.368","trb_pct":"20.287","ast_pct":"6.196","stl_pct":"1.645","blk_pct":"3.624","tov_pct":"10.671","usg_pct":"16.862","ortg":"127.400","drtg":"109.941","bpm":"4.061"},{"game_id":1169,"team_name":"PHO","player_id":"{\"johnsca02\"}","player_name":"{\"Cameron Johnson\"}","ts_pct":"0.825","efg_pct":"0.798","three_par":"0.644","ftr":"0.165","orb_pct":"5.219","drb_pct":"11.791","trb_pct":"8.526","ast_pct":"4.568","stl_pct":"1.432","blk_pct":"0.728","tov_pct":"12.742","usg_pct":"13.744","ortg":"143.118","drtg":"118.553","bpm":"4.639"},{"game_id":1169,"team_name":"PHO","player_id":"benchPHO","player_name":"Bench of PHO","ts_pct":"0.410","efg_pct":"0.403","three_par":"0.357","ftr":"0.151","orb_pct":"2.888","drb_pct":"13.883","trb_pct":"8.817","ast_pct":"17.727","stl_pct":"0.971","blk_pct":"1.589","tov_pct":"10.002","usg_pct":"18.124","ortg":"87.139","drtg":"115.232","bpm":"-3.868"}]