[{"game_id":1151,"team_name":"LAC","player_id":"teamLAC","player_name":"Team name: LAC","ts_pct":"0.588","efg_pct":"0.540","three_par":"0.428","ftr":"0.293","orb_pct":"5.011","drb_pct":"18.056","trb_pct":"12.319","ast_pct":"12.517","stl_pct":"1.145","blk_pct":"2.492","tov_pct":"9.267","usg_pct":"18.779","ortg":"122.981","drtg":"126.809","bpm":"1.385"},{"game_id":1151,"team_name":"UTA","player_id":"teamUTA","player_name":"Team name: UTA","ts_pct":"0.532","efg_pct":"0.503","three_par":"0.456","ftr":"0.273","orb_pct":"4.867","drb_pct":"15.356","trb_pct":"10.285","ast_pct":"10.643","stl_pct":"0.956","blk_pct":"1.399","tov_pct":"12.315","usg_pct":"19.127","ortg":"114.165","drtg":"129.927","bpm":"-2.031"}]