[{"game_id":1250,"team_name":"ORL","player_id":"teamORL","player_name":"Team name: ORL","fg":"33.983","fga":"87.257","fg_pct":"0.389","three_p":"10.177","three_pa":"34.366","three_p_pct":"0.296","ft":"15.326","fta":"19.989","ft_pct":"0.767","orb":"10.526","drb":"34.377","trb":"44.903","ast":"20.303","stl":"7.571","blk":"4.669","tov":"13.760","pf":"17.903","pts":"93.469"},{"game_id":1250,"team_name":"DEN","player_id":"teamDEN","player_name":"Team name: DEN","fg":"39.291","fga":"92.051","fg_pct":"0.427","three_p":"9.926","three_pa":"29.394","three_p_pct":"0.338","ft":"21.326","fta":"25.754","ft_pct":"0.828","orb":"13.206","drb":"35.674","trb":"48.880","ast":"22.274","stl":"6.611","blk":"5.189","tov":"11.337","pf":"23.131","pts":"109.834"}]