[{"game_id":1004,"team_name":"SAC","player_id":"teamSAC","player_name":"Team name: SAC","ts_pct":"0.537","efg_pct":"0.509","three_par":"0.352","ftr":"0.276","orb_pct":"4.092","drb_pct":"13.736","trb_pct":"8.976","ast_pct":"13.229","stl_pct":"1.880","blk_pct":"2.082","tov_pct":"13.214","usg_pct":"20.110","ortg":"105.155","drtg":"119.576","bpm":"-3.034"},{"game_id":1004,"team_name":"SAS","player_id":"teamSAS","player_name":"Team name: SAS","ts_pct":"0.592","efg_pct":"0.537","three_par":"0.340","ftr":"0.421","orb_pct":"4.323","drb_pct":"16.404","trb_pct":"10.229","ast_pct":"14.973","stl_pct":"1.650","blk_pct":"1.835","tov_pct":"10.115","usg_pct":"21.154","ortg":"117.865","drtg":"133.589","bpm":"-2.013"}]