[{"game_id":1139,"team_name":"ATL","player_id":"teamATL","player_name":"Team name: ATL","fg":"40.114","fga":"85.943","fg_pct":"0.467","three_p":"12.811","three_pa":"34.823","three_p_pct":"0.368","ft":"17.526","fta":"21.080","ft_pct":"0.831","orb":"8.503","drb":"36.703","trb":"45.206","ast":"21.806","stl":"5.800","blk":"5.817","tov":"11.937","pf":"19.783","pts":"110.566"},{"game_id":1139,"team_name":"PHI","player_id":"teamPHI","player_name":"Team name: PHI","fg":"44.789","fga":"88.091","fg_pct":"0.508","three_p":"12.006","three_pa":"30.326","three_p_pct":"0.396","ft":"19.629","fta":"27.469","ft_pct":"0.715","orb":"8.783","drb":"33.269","trb":"42.051","ast":"27.594","stl":"9.091","blk":"6.417","tov":"11.360","pf":"22.926","pts":"121.211"}]