[{"game_id":1222,"team_name":"LAC","player_id":"{\"shamela01\"}","player_name":"{\"Landry Shamet\"}","ts_pct":"0.600","efg_pct":"0.524","three_par":"0.785","ftr":"0.274","orb_pct":"0.275","drb_pct":"6.207","trb_pct":"3.142","ast_pct":"8.881","stl_pct":"0.836","blk_pct":"0.353","tov_pct":"9.301","usg_pct":"11.226","ortg":"117.176","drtg":"124.859","bpm":"-3.196"},{"game_id":1222,"team_name":"LAC","player_id":"{\"beverpa01\"}","player_name":"{\"Patrick Beverley\"}","ts_pct":"0.544","efg_pct":"0.536","three_par":"0.644","ftr":"0.190","orb_pct":"4.368","drb_pct":"22.114","trb_pct":"13.214","ast_pct":"16.421","stl_pct":"2.521","blk_pct":"1.642","tov_pct":"19.732","usg_pct":"13.426","ortg":"107.988","drtg":"115.094","bpm":"0.811"},{"game_id":1222,"team_name":"LAC","player_id":"{\"leonaka01\"}","player_name":"{\"Kawhi Leonard\"}","ts_pct":"0.588","efg_pct":"0.518","three_par":"0.308","ftr":"0.437","orb_pct":"5.464","drb_pct":"22.095","trb_pct":"13.959","ast_pct":"33.266","stl_pct":"2.589","blk_pct":"2.846","tov_pct":"11.559","usg_pct":"33.813","ortg":"119.035","drtg":"108.106","bpm":"8.073"},{"game_id":1222,"team_name":"LAC","player_id":"{\"willilo02\"}","player_name":"{\"Lou Williams\"}","ts_pct":"0.551","efg_pct":"0.462","three_par":"0.251","ftr":"0.526","orb_pct":"2.700","drb_pct":"8.788","trb_pct":"5.782","ast_pct":"34.340","stl_pct":"1.026","blk_pct":"0.219","tov_pct":"11.593","usg_pct":"31.247","ortg":"113.506","drtg":"123.282","bpm":"-0.618"},{"game_id":1222,"team_name":"LAC","player_id":"{\"harremo01\"}","player_name":"{\"Montrezl Harrell\"}","ts_pct":"0.748","efg_pct":"0.754","three_par":"0.012","ftr":"0.554","orb_pct":"8.413","drb_pct":"15.820","trb_pct":"12.376","ast_pct":"16.544","stl_pct":"0.876","blk_pct":"1.951","tov_pct":"14.595","usg_pct":"23.225","ortg":"135.165","drtg":"120.918","bpm":"4.608"},{"game_id":1222,"team_name":"LAC","player_id":"{\"pattepa01\"}","player_name":"{\"Patrick Patterson\"}","ts_pct":"0.237","efg_pct":"0.233","three_par":"0.463","ftr":"0.092","orb_pct":"7.979","drb_pct":"15.534","trb_pct":"11.624","ast_pct":"1.278","stl_pct":"0.000","blk_pct":"0.551","tov_pct":"6.795","usg_pct":"9.767","ortg":"74.471","drtg":"118.400","bpm":"-7.746"},{"game_id":1222,"team_name":"LAC","player_id":"benchLAC","player_name":"Bench of LAC","ts_pct":"0.593","efg_pct":"0.556","three_par":"0.356","ftr":"0.242","orb_pct":"6.037","drb_pct":"17.715","trb_pct":"12.555","ast_pct":"6.422","stl_pct":"1.558","blk_pct":"4.091","tov_pct":"8.006","usg_pct":"13.499","ortg":"119.725","drtg":"114.626","bpm":"1.811"},{"game_id":1222,"team_name":"CHO","player_id":"{\"bridgmi02\"}","player_name":"{\"Miles Bridges\"}","ts_pct":"0.591","efg_pct":"0.571","three_par":"0.432","ftr":"0.234","orb_pct":"3.291","drb_pct":"13.549","trb_pct":"8.399","ast_pct":"12.433","stl_pct":"0.879","blk_pct":"3.149","tov_pct":"13.079","usg_pct":"16.928","ortg":"112.353","drtg":"118.082","bpm":"0.854"},{"game_id":1222,"team_name":"CHO","player_id":"{\"martico01\"}","player_name":"{\"Cody Martin\"}","ts_pct":"0.612","efg_pct":"0.640","three_par":"0.240","ftr":"1.280","orb_pct":"0.000","drb_pct":"11.568","trb_pct":"5.664","ast_pct":"3.888","stl_pct":"2.544","blk_pct":"0.000","tov_pct":"0.000","usg_pct":"29.168","ortg":"126.080","drtg":"117.440","bpm":"13.028"},{"game_id":1222,"team_name":"CHO","player_id":"{\"roziete01\"}","player_name":"{\"Terry Rozier\"}","ts_pct":"0.462","efg_pct":"0.423","three_par":"0.559","ftr":"0.202","orb_pct":"1.175","drb_pct":"17.011","trb_pct":"9.045","ast_pct":"25.976","stl_pct":"1.360","blk_pct":"1.022","tov_pct":"15.900","usg_pct":"21.300","ortg":"89.400","drtg":"113.271","bpm":"-1.620"},{"game_id":1222,"team_name":"CHO","player_id":"{\"grahade01\"}","player_name":"{\"Devonte' Graham\"}","ts_pct":"0.480","efg_pct":"0.422","three_par":"0.563","ftr":"0.248","orb_pct":"3.165","drb_pct":"9.740","trb_pct":"6.616","ast_pct":"26.367","stl_pct":"0.725","blk_pct":"0.000","tov_pct":"10.876","usg_pct":"20.844","ortg":"101.271","drtg":"121.318","bpm":"-3.726"},{"game_id":1222,"team_name":"CHO","player_id":"{\"washipj01\"}","player_name":"{\"P.J. Washington\"}","ts_pct":"0.583","efg_pct":"0.541","three_par":"0.468","ftr":"0.326","orb_pct":"3.306","drb_pct":"18.694","trb_pct":"10.719","ast_pct":"2.678","stl_pct":"1.400","blk_pct":"2.347","tov_pct":"23.233","usg_pct":"18.100","ortg":"90.778","drtg":"117.861","bpm":"-4.053"},{"game_id":1222,"team_name":"CHO","player_id":"{\"zelleco01\"}","player_name":"{\"Cody Zeller\"}","ts_pct":"0.592","efg_pct":"0.557","three_par":"0.092","ftr":"0.328","orb_pct":"9.958","drb_pct":"22.561","trb_pct":"16.282","ast_pct":"9.696","stl_pct":"1.973","blk_pct":"3.061","tov_pct":"8.336","usg_pct":"18.749","ortg":"121.447","drtg":"112.741","bpm":"0.845"},{"game_id":1222,"team_name":"CHO","player_id":"benchCHO","player_name":"Bench of CHO","ts_pct":"0.431","efg_pct":"0.434","three_par":"0.389","ftr":"0.181","orb_pct":"3.030","drb_pct":"13.383","trb_pct":"8.069","ast_pct":"10.777","stl_pct":"1.200","blk_pct":"1.207","tov_pct":"13.642","usg_pct":"16.683","ortg":"89.007","drtg":"119.354","bpm":"-6.400"}]