[{"game_id":1068,"team_name":"WAS","player_id":"teamWAS","player_name":"Team name: WAS","ts_pct":"0.586","efg_pct":"0.546","three_par":"0.292","ftr":"0.356","orb_pct":"5.493","drb_pct":"15.773","trb_pct":"10.546","ast_pct":"12.511","stl_pct":"1.479","blk_pct":"2.292","tov_pct":"9.565","usg_pct":"20.998","ortg":"121.881","drtg":"127.270","bpm":"-2.202"},{"game_id":1068,"team_name":"CHO","player_id":"teamCHO","player_name":"Team name: CHO","ts_pct":"0.482","efg_pct":"0.441","three_par":"0.314","ftr":"0.299","orb_pct":"5.946","drb_pct":"14.576","trb_pct":"10.096","ast_pct":"15.221","stl_pct":"1.283","blk_pct":"1.957","tov_pct":"10.513","usg_pct":"19.037","ortg":"105.011","drtg":"118.139","bpm":"-2.792"}]