[{"game_id":1123,"team_name":"UTA","player_id":"{\"forretr01\"}","player_name":"{\"Trent Forrest\"}","fg":"2.059","fga":"4.729","fg_pct":"0.435","three_p":"0.400","three_pa":"2.012","three_p_pct":"0.199","ft":"1.506","fta":"1.506","ft_pct":"1.000","orb":"1.329","drb":"2.153","trb":"3.482","ast":"1.729","stl":"0.576","blk":"0.200","tov":"1.259","pf":"1.471","pts":"6.024"},{"game_id":1123,"team_name":"UTA","player_id":"{\"onealro01\"}","player_name":"{\"Royce O'Neale\"}","fg":"3.035","fga":"6.871","fg_pct":"0.442","three_p":"2.424","three_pa":"5.012","three_p_pct":"0.484","ft":"0.224","fta":"0.329","ft_pct":"0.681","orb":"1.365","drb":"4.894","trb":"6.259","ast":"2.035","stl":"0.918","blk":"0.200","tov":"0.859","pf":"2.847","pts":"8.718"},{"game_id":1123,"team_name":"UTA","player_id":"{\"goberru01\"}","player_name":"{\"Rudy Gobert\"}","fg":"5.859","fga":"8.129","fg_pct":"0.721","three_p":"0.000","three_pa":"0.106","three_p_pct":"0.000","ft":"3.259","fta":"5.659","ft_pct":"0.576","orb":"3.753","drb":"10.235","trb":"13.988","ast":"1.129","stl":"0.282","blk":"2.494","tov":"1.518","pf":"3.235","pts":"14.976"},{"game_id":1123,"team_name":"UTA","player_id":"{\"bogdabo02\"}","player_name":"{\"Bojan Bogdanović\"}","fg":"6.671","fga":"13.976","fg_pct":"0.477","three_p":"2.459","three_pa":"5.929","three_p_pct":"0.415","ft":"4.353","fta":"4.847","ft_pct":"0.898","orb":"0.624","drb":"3.753","trb":"4.376","ast":"1.635","stl":"0.835","blk":"0.000","tov":"2.635","pf":"1.753","pts":"20.153"},{"game_id":1123,"team_name":"UTA","player_id":"{\"clarkjo01\"}","player_name":"{\"Jordan Clarkson\"}","fg":"7.647","fga":"17.153","fg_pct":"0.446","three_p":"3.035","three_pa":"9.153","three_p_pct":"0.332","ft":"3.871","fta":"4.165","ft_pct":"0.929","orb":"0.647","drb":"3.200","trb":"3.847","ast":"1.965","stl":"0.612","blk":"0.435","tov":"2.094","pf":"1.682","pts":"22.200"},{"game_id":1123,"team_name":"UTA","player_id":"{\"mitchdo01\"}","player_name":"{\"Donovan Mitchell\"}","fg":"9.612","fga":"23.000","fg_pct":"0.418","three_p":"2.941","three_pa":"9.224","three_p_pct":"0.319","ft":"7.859","fta":"9.071","ft_pct":"0.866","orb":"0.518","drb":"2.812","trb":"3.329","ast":"4.024","stl":"0.929","blk":"0.353","tov":"2.506","pf":"1.953","pts":"30.024"},{"game_id":1123,"team_name":"UTA","player_id":"benchUTA","player_name":"Bench of UTA","fg":"1.891","fga":"4.221","fg_pct":"0.448","three_p":"0.965","three_pa":"2.389","three_p_pct":"0.404","ft":"0.706","fta":"0.792","ft_pct":"0.891","orb":"0.405","drb":"1.763","trb":"2.168","ast":"1.877","stl":"0.367","blk":"0.155","tov":"0.658","pf":"1.065","pts":"5.454"},{"game_id":1123,"team_name":"MEM","player_id":"{\"brookdi01\"}","player_name":"{\"Dillon Brooks\"}","fg":"9.494","fga":"20.212","fg_pct":"0.470","three_p":"1.094","three_pa":"4.282","three_p_pct":"0.255","ft":"3.282","fta":"4.118","ft_pct":"0.797","orb":"0.953","drb":"2.929","trb":"3.882","ast":"2.624","stl":"1.541","blk":"0.588","tov":"1.329","pf":"4.224","pts":"23.365"},{"game_id":1123,"team_name":"MEM","player_id":"{\"moranja01\"}","player_name":"{\"Ja Morant\"}","fg":"9.682","fga":"21.247","fg_pct":"0.456","three_p":"1.835","three_pa":"6.094","three_p_pct":"0.301","ft":"5.141","fta":"7.200","ft_pct":"0.714","orb":"1.329","drb":"3.494","trb":"4.824","ast":"7.741","stl":"0.976","blk":"0.000","tov":"3.647","pf":"1.859","pts":"26.341"},{"game_id":1123,"team_name":"MEM","player_id":"{\"jacksja02\"}","player_name":"{\"Jaren Jackson Jr.\"}","fg":"4.141","fga":"10.341","fg_pct":"0.400","three_p":"1.647","three_pa":"5.506","three_p_pct":"0.299","ft":"3.094","fta":"3.624","ft_pct":"0.854","orb":"1.812","drb":"3.306","trb":"5.118","ast":"1.541","stl":"1.188","blk":"1.282","tov":"1.129","pf":"4.129","pts":"13.024"},{"game_id":1123,"team_name":"MEM","player_id":"{\"valanjo01\"}","player_name":"{\"Jonas Valančiūnas\"}","fg":"7.118","fga":"11.494","fg_pct":"0.619","three_p":"0.106","three_pa":"0.812","three_p_pct":"0.131","ft":"2.529","fta":"3.224","ft_pct":"0.784","orb":"4.482","drb":"8.682","trb":"13.165","ast":"2.471","stl":"0.282","blk":"1.235","tov":"1.435","pf":"3.365","pts":"16.871"},{"game_id":1123,"team_name":"MEM","player_id":"{\"winslju01\"}","player_name":"{\"Justise Winslow\"}","fg":"2.635","fga":"6.859","fg_pct":"0.384","three_p":"0.682","three_pa":"1.624","three_p_pct":"0.420","ft":"1.259","fta":"2.271","ft_pct":"0.554","orb":"0.635","drb":"4.165","trb":"4.800","ast":"2.247","stl":"0.235","blk":"0.459","tov":"1.082","pf":"1.588","pts":"7.212"},{"game_id":1123,"team_name":"MEM","player_id":"{\"clarkbr01\"}","player_name":"{\"Brandon Clarke\"}","fg":"2.859","fga":"5.482","fg_pct":"0.522","three_p":"0.082","three_pa":"0.988","three_p_pct":"0.083","ft":"1.294","fta":"1.671","ft_pct":"0.774","orb":"2.235","drb":"2.788","trb":"5.024","ast":"0.729","stl":"0.847","blk":"0.800","tov":"0.176","pf":"1.165","pts":"7.094"},{"game_id":1123,"team_name":"MEM","player_id":"benchMEM","player_name":"Bench of MEM","fg":"2.367","fga":"5.114","fg_pct":"0.463","three_p":"0.845","three_pa":"2.205","three_p_pct":"0.383","ft":"0.684","fta":"0.912","ft_pct":"0.750","orb":"0.739","drb":"2.610","trb":"3.349","ast":"1.497","stl":"0.679","blk":"0.470","tov":"0.595","pf":"1.149","pts":"6.263"}]