[{"game_id":1136,"team_name":"PHO","player_id":"teamPHO","player_name":"Team name: PHO","fg":"41.366","fga":"85.583","fg_pct":"0.483","three_p":"12.491","three_pa":"33.160","three_p_pct":"0.377","ft":"16.914","fta":"19.731","ft_pct":"0.857","orb":"7.994","drb":"35.171","trb":"43.166","ast":"26.554","stl":"7.257","blk":"4.480","tov":"10.834","pf":"18.343","pts":"112.137"},{"game_id":1136,"team_name":"DEN","player_id":"teamDEN","player_name":"Team name: DEN","fg":"43.200","fga":"91.886","fg_pct":"0.470","three_p":"14.297","three_pa":"37.240","three_p_pct":"0.384","ft":"16.211","fta":"19.686","ft_pct":"0.823","orb":"11.417","drb":"32.823","trb":"44.240","ast":"26.131","stl":"6.794","blk":"3.954","tov":"10.360","pf":"19.851","pts":"116.909"}]