[{"game_id":1094,"team_name":"UTA","player_id":"{\"onealro01\"}","player_name":"{\"Royce O'Neale\"}","fg":"2.647","fga":"5.988","fg_pct":"0.442","three_p":"1.612","three_pa":"4.094","three_p_pct":"0.394","ft":"0.365","fta":"0.518","ft_pct":"0.705","orb":"1.400","drb":"4.082","trb":"5.482","ast":"2.365","stl":"0.929","blk":"0.365","tov":"1.459","pf":"2.082","pts":"7.271"},{"game_id":1094,"team_name":"UTA","player_id":"{\"conlemi01\"}","player_name":"{\"Mike Conley\"}","fg":"4.882","fga":"12.094","fg_pct":"0.404","three_p":"2.412","three_pa":"5.894","three_p_pct":"0.409","ft":"2.812","fta":"3.341","ft_pct":"0.842","orb":"0.529","drb":"3.424","trb":"3.953","ast":"8.035","stl":"1.518","blk":"0.282","tov":"2.035","pf":"1.753","pts":"14.988"},{"game_id":1094,"team_name":"UTA","player_id":"{\"bogdabo02\"}","player_name":"{\"Bojan Bogdanović\"}","fg":"8.365","fga":"16.776","fg_pct":"0.499","three_p":"2.753","three_pa":"6.388","three_p_pct":"0.431","ft":"4.518","fta":"5.000","ft_pct":"0.904","orb":"0.729","drb":"3.776","trb":"4.506","ast":"2.047","stl":"0.776","blk":"0.000","tov":"3.129","pf":"1.671","pts":"24.000"},{"game_id":1094,"team_name":"UTA","player_id":"{\"inglejo01\"}","player_name":"{\"Joe Ingles\"}","fg":"3.647","fga":"9.435","fg_pct":"0.387","three_p":"2.024","three_pa":"6.588","three_p_pct":"0.307","ft":"1.259","fta":"1.494","ft_pct":"0.843","orb":"0.165","drb":"3.400","trb":"3.565","ast":"6.400","stl":"0.741","blk":"0.000","tov":"2.212","pf":"1.565","pts":"10.576"},{"game_id":1094,"team_name":"UTA","player_id":"{\"clarkjo01\"}","player_name":"{\"Jordan Clarkson\"}","fg":"9.365","fga":"19.965","fg_pct":"0.469","three_p":"3.694","three_pa":"9.988","three_p_pct":"0.370","ft":"2.988","fta":"3.659","ft_pct":"0.817","orb":"0.518","drb":"3.741","trb":"4.259","ast":"3.494","stl":"1.047","blk":"0.106","tov":"1.788","pf":"2.247","pts":"25.412"},{"game_id":1094,"team_name":"UTA","player_id":"{\"goberru01\"}","player_name":"{\"Rudy Gobert\"}","fg":"5.424","fga":"8.176","fg_pct":"0.663","three_p":"0.000","three_pa":"0.153","three_p_pct":"0.000","ft":"2.871","fta":"4.541","ft_pct":"0.632","orb":"3.835","drb":"10.965","trb":"14.800","ast":"1.165","stl":"0.671","blk":"1.635","tov":"1.847","pf":"1.800","pts":"13.718"},{"game_id":1094,"team_name":"UTA","player_id":"benchUTA","player_name":"Bench of UTA","fg":"2.307","fga":"4.426","fg_pct":"0.521","three_p":"1.029","three_pa":"2.327","three_p_pct":"0.442","ft":"0.545","fta":"0.647","ft_pct":"0.842","orb":"0.730","drb":"2.366","trb":"3.096","ast":"0.767","stl":"0.522","blk":"0.283","tov":"0.334","pf":"1.475","pts":"6.188"},{"game_id":1094,"team_name":"MEM","player_id":"{\"tillmxa01\"}","player_name":"{\"Xavier Tillman Sr.\"}","fg":"2.341","fga":"4.129","fg_pct":"0.567","three_p":"0.471","three_pa":"0.894","three_p_pct":"0.527","ft":"0.388","fta":"1.129","ft_pct":"0.344","orb":"1.259","drb":"2.600","trb":"3.859","ast":"0.835","stl":"0.718","blk":"0.706","tov":"0.988","pf":"0.765","pts":"5.541"},{"game_id":1094,"team_name":"MEM","player_id":"{\"valanjo01\"}","player_name":"{\"Jonas Valančiūnas\"}","fg":"7.659","fga":"11.400","fg_pct":"0.672","three_p":"0.153","three_pa":"0.459","three_p_pct":"0.333","ft":"2.906","fta":"4.059","ft_pct":"0.716","orb":"4.682","drb":"10.506","trb":"15.188","ast":"1.894","stl":"0.412","blk":"1.929","tov":"1.435","pf":"3.259","pts":"18.376"},{"game_id":1094,"team_name":"MEM","player_id":"{\"brookdi01\"}","player_name":"{\"Dillon Brooks\"}","fg":"7.953","fga":"19.271","fg_pct":"0.413","three_p":"1.365","three_pa":"5.341","three_p_pct":"0.256","ft":"2.518","fta":"3.400","ft_pct":"0.741","orb":"0.871","drb":"2.647","trb":"3.518","ast":"3.035","stl":"1.459","blk":"0.588","tov":"0.941","pf":"4.176","pts":"19.788"},{"game_id":1094,"team_name":"MEM","player_id":"{\"moranja01\"}","player_name":"{\"Ja Morant\"}","fg":"7.635","fga":"17.847","fg_pct":"0.428","three_p":"2.141","three_pa":"5.894","three_p_pct":"0.363","ft":"2.871","fta":"4.741","ft_pct":"0.606","orb":"1.329","drb":"3.929","trb":"5.259","ast":"7.565","stl":"1.282","blk":"0.129","tov":"4.224","pf":"1.188","pts":"20.282"},{"game_id":1094,"team_name":"MEM","player_id":"{\"anderky01\"}","player_name":"{\"Kyle Anderson\"}","fg":"4.047","fga":"8.824","fg_pct":"0.459","three_p":"1.388","three_pa":"2.941","three_p_pct":"0.472","ft":"2.612","fta":"3.024","ft_pct":"0.864","orb":"0.694","drb":"4.788","trb":"5.482","ast":"4.576","stl":"0.788","blk":"1.659","tov":"1.424","pf":"1.647","pts":"12.094"},{"game_id":1094,"team_name":"MEM","player_id":"{\"jacksja02\"}","player_name":"{\"Jaren Jackson Jr.\"}","fg":"3.871","fga":"9.800","fg_pct":"0.395","three_p":"1.800","three_pa":"5.471","three_p_pct":"0.329","ft":"3.259","fta":"3.788","ft_pct":"0.860","orb":"1.682","drb":"3.188","trb":"4.871","ast":"1.447","stl":"1.247","blk":"1.671","tov":"1.306","pf":"3.576","pts":"12.800"},{"game_id":1094,"team_name":"MEM","player_id":"benchMEM","player_name":"Bench of MEM","fg":"2.086","fga":"5.581","fg_pct":"0.374","three_p":"0.958","three_pa":"3.152","three_p_pct":"0.304","ft":"0.872","fta":"0.959","ft_pct":"0.909","orb":"0.240","drb":"2.070","trb":"2.310","ast":"1.688","stl":"0.672","blk":"0.336","tov":"0.824","pf":"1.060","pts":"6.001"}]