[{"game_id":1262,"team_name":"BRK","player_id":"{\"kurucro01\"}","player_name":"{\"Rodions Kurucs\"}","ts_pct":"0.327","efg_pct":"0.330","three_par":"0.172","ftr":"0.347","orb_pct":"8.045","drb_pct":"17.872","trb_pct":"12.771","ast_pct":"3.591","stl_pct":"1.122","blk_pct":"0.000","tov_pct":"25.649","usg_pct":"14.715","ortg":"67.647","drtg":"113.106","bpm":"-8.407"},{"game_id":1262,"team_name":"BRK","player_id":"{\"princta02\"}","player_name":"{\"Taurean Prince\"}","ts_pct":"0.565","efg_pct":"0.552","three_par":"0.609","ftr":"0.207","orb_pct":"1.805","drb_pct":"13.871","trb_pct":"8.060","ast_pct":"6.507","stl_pct":"1.224","blk_pct":"1.341","tov_pct":"11.089","usg_pct":"19.482","ortg":"107.247","drtg":"113.541","bpm":"-0.736"},{"game_id":1262,"team_name":"BRK","player_id":"{\"leverca01\"}","player_name":"{\"Caris LeVert\"}","ts_pct":"0.549","efg_pct":"0.515","three_par":"0.295","ftr":"0.352","orb_pct":"4.884","drb_pct":"10.813","trb_pct":"7.756","ast_pct":"17.527","stl_pct":"1.319","blk_pct":"0.153","tov_pct":"16.606","usg_pct":"27.089","ortg":"101.106","drtg":"114.753","bpm":"-2.129"},{"game_id":1262,"team_name":"BRK","player_id":"{\"irvinky01\"}","player_name":"{\"Kyrie Irving\"}","ts_pct":"0.522","efg_pct":"0.463","three_par":"0.366","ftr":"0.282","orb_pct":"2.351","drb_pct":"15.441","trb_pct":"8.873","ast_pct":"36.086","stl_pct":"1.484","blk_pct":"1.296","tov_pct":"10.746","usg_pct":"32.622","ortg":"109.976","drtg":"110.882","bpm":"5.180"},{"game_id":1262,"team_name":"BRK","player_id":"{\"harrijo01\"}","player_name":"{\"Joe Harris\"}","ts_pct":"0.656","efg_pct":"0.634","three_par":"0.567","ftr":"0.113","orb_pct":"3.353","drb_pct":"9.780","trb_pct":"6.555","ast_pct":"5.416","stl_pct":"1.154","blk_pct":"0.198","tov_pct":"15.381","usg_pct":"14.742","ortg":"114.624","drtg":"115.176","bpm":"-1.118"},{"game_id":1262,"team_name":"BRK","player_id":"{\"allenja01\"}","player_name":"{\"Jarrett Allen\"}","ts_pct":"0.611","efg_pct":"0.633","three_par":"0.000","ftr":"0.649","orb_pct":"13.784","drb_pct":"23.353","trb_pct":"18.593","ast_pct":"7.199","stl_pct":"0.648","blk_pct":"3.105","tov_pct":"16.306","usg_pct":"14.338","ortg":"117.329","drtg":"111.282","bpm":"0.156"},{"game_id":1262,"team_name":"BRK","player_id":"benchBRK","player_name":"Bench of BRK","ts_pct":"0.544","efg_pct":"0.451","three_par":"0.353","ftr":"0.595","orb_pct":"4.770","drb_pct":"17.487","trb_pct":"11.036","ast_pct":"15.456","stl_pct":"1.648","blk_pct":"2.101","tov_pct":"15.169","usg_pct":"17.487","ortg":"108.375","drtg":"111.806","bpm":"-0.958"},{"game_id":1262,"team_name":"NOP","player_id":"{\"favorde01\"}","player_name":"{\"Derrick Favors\"}","ts_pct":"0.632","efg_pct":"0.614","three_par":"0.059","ftr":"0.337","orb_pct":"13.709","drb_pct":"21.041","trb_pct":"17.168","ast_pct":"9.386","stl_pct":"1.366","blk_pct":"5.780","tov_pct":"15.402","usg_pct":"19.901","ortg":"122.529","drtg":"108.259","bpm":"2.688"},{"game_id":1262,"team_name":"NOP","player_id":"{\"willike04\"}","player_name":"{\"Kenrich Williams\"}","ts_pct":"0.456","efg_pct":"0.438","three_par":"0.699","ftr":"0.182","orb_pct":"5.962","drb_pct":"11.564","trb_pct":"8.732","ast_pct":"14.325","stl_pct":"1.941","blk_pct":"2.687","tov_pct":"9.446","usg_pct":"11.825","ortg":"107.647","drtg":"113.365","bpm":"-1.189"},{"game_id":1262,"team_name":"NOP","player_id":"{\"alexani01\"}","player_name":"{\"Nickeil Alexander-Walker\"}","ts_pct":"0.287","efg_pct":"0.259","three_par":"0.467","ftr":"0.114","orb_pct":"3.314","drb_pct":"18.600","trb_pct":"11.024","ast_pct":"24.443","stl_pct":"1.317","blk_pct":"0.000","tov_pct":"7.121","usg_pct":"24.390","ortg":"77.714","drtg":"114.794","bpm":"-10.337"},{"game_id":1262,"team_name":"NOP","player_id":"{\"ingrabr01\"}","player_name":"{\"Brandon Ingram\"}","ts_pct":"0.623","efg_pct":"0.609","three_par":"0.231","ftr":"0.424","orb_pct":"3.582","drb_pct":"20.648","trb_pct":"11.928","ast_pct":"17.672","stl_pct":"0.541","blk_pct":"3.074","tov_pct":"10.175","usg_pct":"26.625","ortg":"117.153","drtg":"114.647","bpm":"3.918"},{"game_id":1262,"team_name":"NOP","player_id":"{\"holidjr01\"}","player_name":"{\"Jrue Holiday\"}","ts_pct":"0.507","efg_pct":"0.478","three_par":"0.370","ftr":"0.144","orb_pct":"1.319","drb_pct":"10.815","trb_pct":"6.198","ast_pct":"26.841","stl_pct":"2.059","blk_pct":"0.766","tov_pct":"12.766","usg_pct":"24.542","ortg":"103.894","drtg":"111.729","bpm":"0.279"},{"game_id":1262,"team_name":"NOP","player_id":"{\"hartjo01\"}","player_name":"{\"Josh Hart\"}","ts_pct":"0.579","efg_pct":"0.557","three_par":"0.688","ftr":"0.165","orb_pct":"4.568","drb_pct":"19.847","trb_pct":"11.874","ast_pct":"7.268","stl_pct":"1.854","blk_pct":"1.659","tov_pct":"14.814","usg_pct":"14.159","ortg":"108.271","drtg":"111.765","bpm":"0.441"},{"game_id":1262,"team_name":"NOP","player_id":"benchNOP","player_name":"Bench of NOP","ts_pct":"0.605","efg_pct":"0.600","three_par":"0.358","ftr":"0.254","orb_pct":"4.416","drb_pct":"12.293","trb_pct":"8.523","ast_pct":"15.034","stl_pct":"1.380","blk_pct":"1.412","tov_pct":"12.402","usg_pct":"20.060","ortg":"115.255","drtg":"114.824","bpm":"-0.911"}]