[{"game_id":117,"team_name":"BRK","player_id":"teamBRK","player_name":"Team name: BRK","fg":"41.514","fga":"89.709","fg_pct":"0.463","three_p":"14.760","three_pa":"39.371","three_p_pct":"0.375","ft":"19.983","fta":"24.886","ft_pct":"0.803","orb":"9.451","drb":"37.634","trb":"47.086","ast":"24.880","stl":"7.440","blk":"6.114","tov":"15.257","pf":"20.086","pts":"117.771"},{"game_id":117,"team_name":"PHI","player_id":"teamPHI","player_name":"Team name: PHI","fg":"40.594","fga":"85.926","fg_pct":"0.472","three_p":"12.109","three_pa":"32.703","three_p_pct":"0.370","ft":"20.229","fta":"26.640","ft_pct":"0.759","orb":"9.149","drb":"37.880","trb":"47.029","ast":"24.931","stl":"8.549","blk":"6.909","tov":"15.023","pf":"20.280","pts":"113.526"}]