[{"game_id":111,"team_name":"NYK","player_id":"{\"quickim01\"}","player_name":"{\"Immanuel Quickley\"}","ts_pct":"0.784","efg_pct":"0.651","three_par":"0.423","ftr":"0.782","orb_pct":"0.000","drb_pct":"9.183","trb_pct":"4.781","ast_pct":"12.911","stl_pct":"2.039","blk_pct":"1.661","tov_pct":"16.094","usg_pct":"21.697","ortg":"133.417","drtg":"112.556","bpm":"4.469"},{"game_id":111,"team_name":"NYK","player_id":"{\"paytoel01\"}","player_name":"{\"Elfrid Payton\"}","ts_pct":"0.461","efg_pct":"0.453","three_par":"0.144","ftr":"0.177","orb_pct":"5.220","drb_pct":"10.988","trb_pct":"8.121","ast_pct":"30.859","stl_pct":"1.213","blk_pct":"1.087","tov_pct":"16.782","usg_pct":"25.369","ortg":"90.776","drtg":"110.424","bpm":"-3.102"},{"game_id":111,"team_name":"NYK","player_id":"{\"robinmi01\"}","player_name":"{\"Mitchell Robinson\"}","ts_pct":"0.642","efg_pct":"0.645","three_par":"0.000","ftr":"0.275","orb_pct":"14.308","drb_pct":"14.935","trb_pct":"14.605","ast_pct":"1.165","stl_pct":"2.452","blk_pct":"5.779","tov_pct":"7.001","usg_pct":"12.269","ortg":"134.153","drtg":"103.047","bpm":"2.015"},{"game_id":111,"team_name":"NYK","player_id":"{\"randlju01\"}","player_name":"{\"Julius Randle\"}","ts_pct":"0.596","efg_pct":"0.548","three_par":"0.234","ftr":"0.392","orb_pct":"5.582","drb_pct":"25.247","trb_pct":"16.059","ast_pct":"28.399","stl_pct":"1.255","blk_pct":"0.922","tov_pct":"19.468","usg_pct":"26.728","ortg":"109.106","drtg":"106.400","bpm":"2.600"},{"game_id":111,"team_name":"NYK","player_id":"{\"barrerj01\"}","player_name":"{\"RJ Barrett\"}","ts_pct":"0.507","efg_pct":"0.450","three_par":"0.301","ftr":"0.334","orb_pct":"2.876","drb_pct":"16.721","trb_pct":"10.082","ast_pct":"14.428","stl_pct":"1.596","blk_pct":"0.148","tov_pct":"8.344","usg_pct":"23.804","ortg":"105.635","drtg":"108.753","bpm":"-1.671"},{"game_id":111,"team_name":"NYK","player_id":"{\"riverau01\"}","player_name":"{\"Austin Rivers\"}","ts_pct":"0.500","efg_pct":"0.487","three_par":"0.634","ftr":"0.180","orb_pct":"0.000","drb_pct":"9.628","trb_pct":"4.566","ast_pct":"16.471","stl_pct":"1.553","blk_pct":"0.000","tov_pct":"14.364","usg_pct":"18.332","ortg":"86.412","drtg":"114.812","bpm":"-4.672"},{"game_id":111,"team_name":"NYK","player_id":"benchNYK","player_name":"Bench of NYK","ts_pct":"0.490","efg_pct":"0.482","three_par":"0.595","ftr":"0.136","orb_pct":"1.133","drb_pct":"11.967","trb_pct":"6.944","ast_pct":"8.873","stl_pct":"0.894","blk_pct":"2.303","tov_pct":"15.848","usg_pct":"14.191","ortg":"90.153","drtg":"110.176","bpm":"-3.652"},{"game_id":111,"team_name":"UTA","player_id":"{\"mitchdo01\"}","player_name":"{\"Donovan Mitchell\"}","ts_pct":"0.536","efg_pct":"0.504","three_par":"0.471","ftr":"0.206","orb_pct":"2.692","drb_pct":"10.565","trb_pct":"6.366","ast_pct":"26.500","stl_pct":"1.099","blk_pct":"0.494","tov_pct":"15.131","usg_pct":"33.360","ortg":"102.718","drtg":"114.894","bpm":"1.941"},{"game_id":111,"team_name":"UTA","player_id":"{\"goberru01\"}","player_name":"{\"Rudy Gobert\"}","ts_pct":"0.571","efg_pct":"0.540","three_par":"0.000","ftr":"0.583","orb_pct":"11.342","drb_pct":"33.100","trb_pct":"22.594","ast_pct":"8.595","stl_pct":"0.815","blk_pct":"5.499","tov_pct":"11.040","usg_pct":"18.691","ortg":"116.224","drtg":"105.671","bpm":"3.186"},{"game_id":111,"team_name":"UTA","player_id":"{\"onealro01\"}","player_name":"{\"Royce O'Neale\"}","ts_pct":"0.654","efg_pct":"0.693","three_par":"0.726","ftr":"0.271","orb_pct":"4.055","drb_pct":"18.836","trb_pct":"11.485","ast_pct":"5.826","stl_pct":"0.784","blk_pct":"0.864","tov_pct":"17.614","usg_pct":"9.660","ortg":"113.400","drtg":"113.106","bpm":"-0.174"},{"game_id":111,"team_name":"UTA","player_id":"{\"conlemi01\"}","player_name":"{\"Mike Conley\"}","ts_pct":"0.576","efg_pct":"0.550","three_par":"0.531","ftr":"0.226","orb_pct":"3.264","drb_pct":"10.202","trb_pct":"6.704","ast_pct":"27.541","stl_pct":"1.793","blk_pct":"0.460","tov_pct":"14.338","usg_pct":"23.640","ortg":"112.859","drtg":"113.671","bpm":"4.098"},{"game_id":111,"team_name":"UTA","player_id":"{\"bogdabo02\"}","player_name":"{\"Bojan Bogdanović\"}","ts_pct":"0.463","efg_pct":"0.424","three_par":"0.510","ftr":"0.189","orb_pct":"1.753","drb_pct":"8.236","trb_pct":"5.025","ast_pct":"7.899","stl_pct":"0.536","blk_pct":"0.188","tov_pct":"10.212","usg_pct":"19.684","ortg":"92.082","drtg":"116.706","bpm":"-3.881"},{"game_id":111,"team_name":"UTA","player_id":"{\"inglejo01\"}","player_name":"{\"Joe Ingles\"}","ts_pct":"0.569","efg_pct":"0.540","three_par":"0.592","ftr":"0.143","orb_pct":"2.992","drb_pct":"14.014","trb_pct":"8.582","ast_pct":"17.731","stl_pct":"0.736","blk_pct":"0.518","tov_pct":"14.169","usg_pct":"14.684","ortg":"116.106","drtg":"113.953","bpm":"-1.024"},{"game_id":111,"team_name":"UTA","player_id":"benchUTA","player_name":"Bench of UTA","ts_pct":"0.499","efg_pct":"0.480","three_par":"0.322","ftr":"0.169","orb_pct":"6.606","drb_pct":"17.027","trb_pct":"11.935","ast_pct":"10.608","stl_pct":"1.297","blk_pct":"1.625","tov_pct":"12.565","usg_pct":"18.350","ortg":"113.402","drtg":"111.916","bpm":"0.754"}]