[{"game_id":1098,"team_name":"PHO","player_id":"{\"craigto01\"}","player_name":"{\"Torrey Craig\"}","fg":"2.941","fga":"5.871","fg_pct":"0.501","three_p":"0.976","three_pa":"2.729","three_p_pct":"0.358","ft":"0.494","fta":"0.541","ft_pct":"0.913","orb":"1.341","drb":"3.059","trb":"4.400","ast":"1.235","stl":"0.529","blk":"0.400","tov":"0.376","pf":"2.059","pts":"7.353"},{"game_id":1098,"team_name":"PHO","player_id":"{\"aytonde01\"}","player_name":"{\"Deandre Ayton\"}","fg":"5.376","fga":"7.400","fg_pct":"0.726","three_p":"0.000","three_pa":"0.000","three_p_pct":"NaN","ft":"1.482","fta":"1.882","ft_pct":"0.787","orb":"3.588","drb":"6.600","trb":"10.188","ast":"1.224","stl":"0.635","blk":"1.553","tov":"0.776","pf":"2.271","pts":"12.235"},{"game_id":1098,"team_name":"PHO","player_id":"{\"bookede01\"}","player_name":"{\"Devin Booker\"}","fg":"9.306","fga":"19.541","fg_pct":"0.476","three_p":"1.753","three_pa":"5.318","three_p_pct":"0.330","ft":"6.706","fta":"7.329","ft_pct":"0.915","orb":"0.788","drb":"4.035","trb":"4.824","ast":"4.118","stl":"0.447","blk":"0.000","tov":"3.047","pf":"2.435","pts":"27.071"},{"game_id":1098,"team_name":"PHO","player_id":"{\"payneca01\"}","player_name":"{\"Cameron Payne\"}","fg":"4.918","fga":"9.424","fg_pct":"0.522","three_p":"2.106","three_pa":"3.859","three_p_pct":"0.546","ft":"1.200","fta":"1.200","ft_pct":"1.000","orb":"0.118","drb":"2.835","trb":"2.953","ast":"3.800","stl":"0.600","blk":"0.341","tov":"0.835","pf":"1.271","pts":"13.141"},{"game_id":1098,"team_name":"PHO","player_id":"{\"crowdja01\"}","player_name":"{\"Jae Crowder\"}","fg":"3.153","fga":"8.506","fg_pct":"0.371","three_p":"2.329","three_pa":"6.812","three_p_pct":"0.342","ft":"0.965","fta":"1.282","ft_pct":"0.753","orb":"0.671","drb":"2.976","trb":"3.647","ast":"2.106","stl":"0.776","blk":"0.647","tov":"0.976","pf":"2.988","pts":"9.600"},{"game_id":1098,"team_name":"PHO","player_id":"{\"bridgmi01\"}","player_name":"{\"Mikal Bridges\"}","fg":"5.176","fga":"8.988","fg_pct":"0.576","three_p":"2.094","three_pa":"3.918","three_p_pct":"0.534","ft":"1.600","fta":"1.600","ft_pct":"1.000","orb":"0.765","drb":"3.082","trb":"3.847","ast":"1.294","stl":"1.388","blk":"0.776","tov":"0.600","pf":"1.529","pts":"14.047"},{"game_id":1098,"team_name":"PHO","player_id":"benchPHO","player_name":"Bench of PHO","fg":"3.917","fga":"9.066","fg_pct":"0.432","three_p":"1.093","three_pa":"3.706","three_p_pct":"0.295","ft":"1.569","fta":"1.855","ft_pct":"0.846","orb":"0.717","drb":"2.883","trb":"3.600","ast":"3.948","stl":"1.031","blk":"0.274","tov":"1.112","pf":"1.927","pts":"10.496"},{"game_id":1098,"team_name":"LAL","player_id":"{\"hortota01\"}","player_name":"{\"Talen Horton-Tucker\"}","fg":"3.200","fga":"6.482","fg_pct":"0.494","three_p":"0.776","three_pa":"1.506","three_p_pct":"0.515","ft":"1.671","fta":"2.412","ft_pct":"0.693","orb":"0.318","drb":"1.176","trb":"1.494","ast":"3.482","stl":"1.035","blk":"0.118","tov":"2.035","pf":"1.612","pts":"8.847"},{"game_id":1098,"team_name":"LAL","player_id":"{\"matthwe02\"}","player_name":"{\"Wesley Matthews\"}","fg":"1.824","fga":"4.612","fg_pct":"0.395","three_p":"1.153","three_pa":"3.541","three_p_pct":"0.326","ft":"0.494","fta":"0.553","ft_pct":"0.893","orb":"0.635","drb":"0.918","trb":"1.553","ast":"0.847","stl":"0.612","blk":"0.153","tov":"0.376","pf":"1.059","pts":"5.294"},{"game_id":1098,"team_name":"LAL","player_id":"{\"davisan02\"}","player_name":"{\"Anthony Davis\"}","fg":"7.847","fga":"18.882","fg_pct":"0.416","three_p":"0.576","three_pa":"3.165","three_p_pct":"0.182","ft":"5.706","fta":"7.200","ft_pct":"0.792","orb":"1.153","drb":"7.094","trb":"8.247","ast":"3.000","stl":"1.176","blk":"1.188","tov":"1.871","pf":"1.400","pts":"21.976"},{"game_id":1098,"team_name":"LAL","player_id":"{\"jamesle01\"}","player_name":"{\"LeBron James\"}","fg":"7.906","fga":"15.671","fg_pct":"0.504","three_p":"2.118","three_pa":"5.153","three_p_pct":"0.411","ft":"3.447","fta":"5.141","ft_pct":"0.670","orb":"1.471","drb":"5.424","trb":"6.894","ast":"7.929","stl":"1.388","blk":"0.365","tov":"3.447","pf":"1.259","pts":"21.376"},{"game_id":1098,"team_name":"LAL","player_id":"{\"morrima02\"}","player_name":"{\"Markieff Morris\"}","fg":"1.447","fga":"5.412","fg_pct":"0.267","three_p":"0.424","three_pa":"2.129","three_p_pct":"0.199","ft":"0.494","fta":"0.835","ft_pct":"0.592","orb":"0.529","drb":"2.506","trb":"3.035","ast":"1.482","stl":"0.471","blk":"0.153","tov":"0.529","pf":"1.306","pts":"3.812"},{"game_id":1098,"team_name":"LAL","player_id":"{\"schrode01\"}","player_name":"{\"Dennis Schröder\"}","fg":"5.212","fga":"12.071","fg_pct":"0.432","three_p":"1.318","three_pa":"4.576","three_p_pct":"0.288","ft":"2.400","fta":"3.106","ft_pct":"0.773","orb":"0.565","drb":"2.282","trb":"2.847","ast":"6.224","stl":"1.176","blk":"0.294","tov":"2.365","pf":"2.671","pts":"14.141"},{"game_id":1098,"team_name":"LAL","player_id":"benchLAL","player_name":"Bench of LAL","fg":"3.421","fga":"6.929","fg_pct":"0.494","three_p":"1.081","three_pa":"2.713","three_p_pct":"0.398","ft":"1.214","fta":"1.845","ft_pct":"0.658","orb":"1.306","drb":"3.791","trb":"5.097","ast":"2.403","stl":"0.831","blk":"0.647","tov":"1.114","pf":"2.315","pts":"9.137"}]