[{"game_id":1129,"team_name":"BRK","player_id":"teamBRK","player_name":"Team name: BRK","ts_pct":"0.597","efg_pct":"0.559","three_par":"0.381","ftr":"0.284","orb_pct":"5.969","drb_pct":"15.116","trb_pct":"11.097","ast_pct":"13.968","stl_pct":"1.494","blk_pct":"3.083","tov_pct":"9.802","usg_pct":"20.253","ortg":"124.666","drtg":"130.587","bpm":"-1.739"},{"game_id":1129,"team_name":"MIL","player_id":"teamMIL","player_name":"Team name: MIL","ts_pct":"0.566","efg_pct":"0.535","three_par":"0.515","ftr":"0.259","orb_pct":"6.792","drb_pct":"16.562","trb_pct":"11.783","ast_pct":"13.648","stl_pct":"2.318","blk_pct":"1.424","tov_pct":"10.645","usg_pct":"21.436","ortg":"125.813","drtg":"127.373","bpm":"0.465"}]