[{"game_id":1041,"team_name":"UTA","player_id":"{\"thomama02\"}","player_name":"{\"Matt Thomas\"}","fg":"1.847","fga":"3.447","fg_pct":"0.536","three_p":"0.706","three_pa":"1.812","three_p_pct":"0.390","ft":"0.776","fta":"0.929","ft_pct":"0.835","orb":"0.318","drb":"0.965","trb":"1.282","ast":"0.518","stl":"0.000","blk":"0.000","tov":"0.247","pf":"0.188","pts":"5.176"},{"game_id":1041,"team_name":"UTA","player_id":"{\"goberru01\"}","player_name":"{\"Rudy Gobert\"}","fg":"5.294","fga":"7.871","fg_pct":"0.673","three_p":"0.000","three_pa":"0.000","three_p_pct":"NaN","ft":"2.518","fta":"3.576","ft_pct":"0.704","orb":"2.929","drb":"9.165","trb":"12.094","ast":"0.976","stl":"0.706","blk":"1.918","tov":"2.400","pf":"1.953","pts":"13.106"},{"game_id":1041,"team_name":"UTA","player_id":"{\"bogdabo02\"}","player_name":"{\"Bojan Bogdanović\"}","fg":"9.365","fga":"17.471","fg_pct":"0.536","three_p":"3.541","three_pa":"7.482","three_p_pct":"0.473","ft":"4.894","fta":"5.341","ft_pct":"0.916","orb":"0.671","drb":"3.706","trb":"4.376","ast":"1.812","stl":"1.118","blk":"0.071","tov":"3.000","pf":"2.024","pts":"27.165"},{"game_id":1041,"team_name":"UTA","player_id":"{\"inglejo01\"}","player_name":"{\"Joe Ingles\"}","fg":"3.953","fga":"9.753","fg_pct":"0.405","three_p":"2.153","three_pa":"6.929","three_p_pct":"0.311","ft":"1.047","fta":"1.282","ft_pct":"0.817","orb":"0.329","drb":"3.224","trb":"3.553","ast":"6.871","stl":"0.635","blk":"0.059","tov":"2.365","pf":"1.541","pts":"11.106"},{"game_id":1041,"team_name":"UTA","player_id":"{\"onealro01\"}","player_name":"{\"Royce O'Neale\"}","fg":"3.024","fga":"5.906","fg_pct":"0.512","three_p":"1.800","three_pa":"3.976","three_p_pct":"0.453","ft":"0.282","fta":"0.282","ft_pct":"1.000","orb":"1.200","drb":"4.424","trb":"5.624","ast":"2.635","stl":"1.294","blk":"0.106","tov":"1.259","pf":"1.765","pts":"8.129"},{"game_id":1041,"team_name":"UTA","player_id":"{\"clarkjo01\"}","player_name":"{\"Jordan Clarkson\"}","fg":"8.412","fga":"20.024","fg_pct":"0.420","three_p":"3.012","three_pa":"9.553","three_p_pct":"0.315","ft":"2.835","fta":"3.729","ft_pct":"0.760","orb":"0.459","drb":"4.471","trb":"4.929","ast":"3.918","stl":"1.047","blk":"0.188","tov":"1.729","pf":"2.071","pts":"22.671"},{"game_id":1041,"team_name":"UTA","player_id":"benchUTA","player_name":"Bench of UTA","fg":"1.655","fga":"3.440","fg_pct":"0.481","three_p":"0.810","three_pa":"1.971","three_p_pct":"0.411","ft":"0.551","fta":"0.592","ft_pct":"0.931","orb":"0.572","drb":"1.598","trb":"2.169","ast":"0.922","stl":"0.293","blk":"0.237","tov":"0.538","pf":"1.138","pts":"4.671"},{"game_id":1041,"team_name":"POR","player_id":"{\"powelno01\"}","player_name":"{\"Norman Powell\"}","fg":"6.424","fga":"14.247","fg_pct":"0.451","three_p":"2.212","three_pa":"5.729","three_p_pct":"0.386","ft":"3.800","fta":"4.318","ft_pct":"0.880","orb":"1.071","drb":"2.694","trb":"3.765","ast":"2.259","stl":"0.906","blk":"0.318","tov":"1.118","pf":"2.365","pts":"18.859"},{"game_id":1041,"team_name":"POR","player_id":"{\"mccolcj01\"}","player_name":"{\"CJ McCollum\"}","fg":"7.906","fga":"17.259","fg_pct":"0.458","three_p":"3.118","three_pa":"7.165","three_p_pct":"0.435","ft":"3.388","fta":"4.247","ft_pct":"0.798","orb":"0.447","drb":"3.047","trb":"3.494","ast":"4.553","stl":"0.612","blk":"0.518","tov":"1.094","pf":"1.882","pts":"22.318"},{"game_id":1041,"team_name":"POR","player_id":"{\"lillada01\"}","player_name":"{\"Damian Lillard\"}","fg":"9.600","fga":"18.459","fg_pct":"0.520","three_p":"4.976","three_pa":"9.953","three_p_pct":"0.500","ft":"6.576","fta":"6.800","ft_pct":"0.967","orb":"0.624","drb":"4.271","trb":"4.894","ast":"7.765","stl":"1.129","blk":"0.141","tov":"2.365","pf":"1.118","pts":"30.753"},{"game_id":1041,"team_name":"POR","player_id":"{\"nurkiju01\"}","player_name":"{\"Jusuf Nurkić\"}","fg":"6.400","fga":"10.941","fg_pct":"0.585","three_p":"0.212","three_pa":"0.471","three_p_pct":"0.450","ft":"1.906","fta":"3.071","ft_pct":"0.621","orb":"2.800","drb":"7.376","trb":"10.176","ast":"3.612","stl":"0.953","blk":"0.953","tov":"1.506","pf":"1.976","pts":"14.918"},{"game_id":1041,"team_name":"POR","player_id":"{\"covinro01\"}","player_name":"{\"Robert Covington\"}","fg":"2.047","fga":"6.600","fg_pct":"0.310","three_p":"1.788","three_pa":"5.082","three_p_pct":"0.352","ft":"0.353","fta":"0.447","ft_pct":"0.790","orb":"1.000","drb":"5.576","trb":"6.576","ast":"1.576","stl":"1.071","blk":"1.247","tov":"0.176","pf":"2.953","pts":"6.235"},{"game_id":1041,"team_name":"POR","player_id":"{\"anthoca01\"}","player_name":"{\"Carmelo Anthony\"}","fg":"4.447","fga":"8.518","fg_pct":"0.522","three_p":"2.294","three_pa":"4.235","three_p_pct":"0.542","ft":"1.400","fta":"1.400","ft_pct":"1.000","orb":"0.106","drb":"2.471","trb":"2.576","ast":"0.965","stl":"0.529","blk":"0.188","tov":"0.435","pf":"2.000","pts":"12.588"},{"game_id":1041,"team_name":"POR","player_id":"benchPOR","player_name":"Bench of POR","fg":"1.812","fga":"4.097","fg_pct":"0.442","three_p":"0.530","three_pa":"1.431","three_p_pct":"0.370","ft":"0.685","fta":"0.841","ft_pct":"0.815","orb":"1.083","drb":"2.630","trb":"3.714","ast":"0.851","stl":"0.190","blk":"0.216","tov":"0.418","pf":"1.151","pts":"4.839"}]