[{"game_id":1114,"team_name":"LAL","player_id":"teamLAL","player_name":"Team name: LAL","ts_pct":"0.530","efg_pct":"0.492","three_par":"0.417","ftr":"0.287","orb_pct":"5.342","drb_pct":"16.494","trb_pct":"10.742","ast_pct":"14.032","stl_pct":"1.945","blk_pct":"1.595","tov_pct":"11.743","usg_pct":"19.984","ortg":"107.662","drtg":"112.921","bpm":"-0.903"},{"game_id":1114,"team_name":"PHO","player_id":"teamPHO","player_name":"Team name: PHO","ts_pct":"0.597","efg_pct":"0.557","three_par":"0.435","ftr":"0.259","orb_pct":"4.091","drb_pct":"16.642","trb_pct":"10.412","ast_pct":"16.121","stl_pct":"1.239","blk_pct":"1.356","tov_pct":"10.382","usg_pct":"19.414","ortg":"120.834","drtg":"120.106","bpm":"0.563"}]