[{"game_id":1129,"team_name":"BRK","player_id":"{\"irvinky01\"}","player_name":"{\"Kyrie Irving\"}","ts_pct":"0.654","efg_pct":"0.619","three_par":"0.406","ftr":"0.238","orb_pct":"4.244","drb_pct":"12.972","trb_pct":"8.901","ast_pct":"13.425","stl_pct":"1.444","blk_pct":"2.582","tov_pct":"6.185","usg_pct":"25.595","ortg":"131.659","drtg":"117.059","bpm":"4.451"},{"game_id":1129,"team_name":"BRK","player_id":"{\"duranke01\"}","player_name":"{\"Kevin Durant\"}","ts_pct":"0.697","efg_pct":"0.627","three_par":"0.286","ftr":"0.485","orb_pct":"1.636","drb_pct":"20.512","trb_pct":"11.920","ast_pct":"22.859","stl_pct":"1.375","blk_pct":"5.036","tov_pct":"12.158","usg_pct":"29.782","ortg":"133.153","drtg":"112.765","bpm":"8.785"},{"game_id":1129,"team_name":"BRK","player_id":"{\"griffbl01\"}","player_name":"{\"Blake Griffin\"}","ts_pct":"0.551","efg_pct":"0.453","three_par":"0.181","ftr":"0.214","orb_pct":"7.785","drb_pct":"9.341","trb_pct":"8.602","ast_pct":"12.451","stl_pct":"1.204","blk_pct":"1.285","tov_pct":"1.732","usg_pct":"12.975","ortg":"136.671","drtg":"119.506","bpm":"-2.355"},{"game_id":1129,"team_name":"BRK","player_id":"{\"harrijo01\"}","player_name":"{\"Joe Harris\"}","ts_pct":"0.596","efg_pct":"0.582","three_par":"0.640","ftr":"0.052","orb_pct":"1.511","drb_pct":"10.149","trb_pct":"6.239","ast_pct":"9.004","stl_pct":"0.612","blk_pct":"0.679","tov_pct":"9.506","usg_pct":"14.872","ortg":"118.365","drtg":"122.624","bpm":"-2.027"},{"game_id":1129,"team_name":"BRK","player_id":"{\"jamesmi02\"}","player_name":"{\"Mike James\"}","ts_pct":"0.328","efg_pct":"0.282","three_par":"0.398","ftr":"0.222","orb_pct":"0.000","drb_pct":"10.960","trb_pct":"6.148","ast_pct":"22.267","stl_pct":"1.232","blk_pct":"0.280","tov_pct":"9.229","usg_pct":"27.646","ortg":"70.506","drtg":"118.259","bpm":"-14.311"},{"game_id":1129,"team_name":"BRK","player_id":"{\"brownbr01\"}","player_name":"{\"Bruce Brown\"}","ts_pct":"0.583","efg_pct":"0.486","three_par":"0.095","ftr":"0.578","orb_pct":"9.741","drb_pct":"19.724","trb_pct":"15.420","ast_pct":"12.256","stl_pct":"2.058","blk_pct":"2.714","tov_pct":"9.084","usg_pct":"15.754","ortg":"129.671","drtg":"112.694","bpm":"0.702"},{"game_id":1129,"team_name":"BRK","player_id":"benchBRK","player_name":"Bench of BRK","ts_pct":"0.419","efg_pct":"0.394","three_par":"0.294","ftr":"0.152","orb_pct":"8.846","drb_pct":"15.284","trb_pct":"12.349","ast_pct":"10.253","stl_pct":"1.403","blk_pct":"3.244","tov_pct":"9.532","usg_pct":"15.685","ortg":"93.574","drtg":"114.152","bpm":"-4.148"},{"game_id":1129,"team_name":"MIL","player_id":"{\"holidjr01\"}","player_name":"{\"Jrue Holiday\"}","ts_pct":"0.561","efg_pct":"0.532","three_par":"0.307","ftr":"0.225","orb_pct":"4.393","drb_pct":"10.211","trb_pct":"7.612","ast_pct":"35.199","stl_pct":"2.131","blk_pct":"1.278","tov_pct":"12.686","usg_pct":"21.294","ortg":"125.682","drtg":"106.365","bpm":"5.544"},{"game_id":1129,"team_name":"MIL","player_id":"{\"middlkh01\"}","player_name":"{\"Khris Middleton\"}","ts_pct":"0.666","efg_pct":"0.619","three_par":"0.436","ftr":"0.374","orb_pct":"3.159","drb_pct":"15.226","trb_pct":"9.469","ast_pct":"19.631","stl_pct":"0.626","blk_pct":"0.000","tov_pct":"15.873","usg_pct":"23.929","ortg":"119.447","drtg":"109.494","bpm":"1.771"},{"game_id":1129,"team_name":"MIL","player_id":"{\"antetgi01\"}","player_name":"{\"Giannis Antetokounmpo\"}","ts_pct":"0.581","efg_pct":"0.552","three_par":"0.187","ftr":"0.469","orb_pct":"6.748","drb_pct":"28.719","trb_pct":"18.420","ast_pct":"29.633","stl_pct":"1.881","blk_pct":"1.833","tov_pct":"9.520","usg_pct":"28.045","ortg":"125.094","drtg":"101.988","bpm":"8.775"},{"game_id":1129,"team_name":"MIL","player_id":"{\"antetth01\"}","player_name":"{\"Thanasis Antetokounmpo\"}","ts_pct":"0.149","efg_pct":"0.041","three_par":"0.176","ftr":"0.765","orb_pct":"6.574","drb_pct":"4.315","trb_pct":"5.209","ast_pct":"11.096","stl_pct":"2.051","blk_pct":"0.000","tov_pct":"7.407","usg_pct":"10.620","ortg":"67.635","drtg":"118.012","bpm":"-7.564"},{"game_id":1129,"team_name":"MIL","player_id":"{\"tuckepj01\"}","player_name":"{\"P.J. Tucker\"}","ts_pct":"0.381","efg_pct":"0.348","three_par":"0.675","ftr":"0.133","orb_pct":"6.914","drb_pct":"8.080","trb_pct":"7.479","ast_pct":"5.022","stl_pct":"0.612","blk_pct":"0.000","tov_pct":"9.799","usg_pct":"6.544","ortg":"99.282","drtg":"111.553","bpm":"-3.887"},{"game_id":1129,"team_name":"MIL","player_id":"{\"lopezbr01\"}","player_name":"{\"Brook Lopez\"}","ts_pct":"0.667","efg_pct":"0.619","three_par":"0.230","ftr":"0.406","orb_pct":"8.854","drb_pct":"14.762","trb_pct":"12.016","ast_pct":"0.524","stl_pct":"0.293","blk_pct":"4.207","tov_pct":"10.424","usg_pct":"20.888","ortg":"126.906","drtg":"107.188","bpm":"0.911"},{"game_id":1129,"team_name":"MIL","player_id":"benchMIL","player_name":"Bench of MIL","ts_pct":"0.598","efg_pct":"0.587","three_par":"0.582","ftr":"0.138","orb_pct":"4.497","drb_pct":"14.146","trb_pct":"9.516","ast_pct":"5.864","stl_pct":"1.139","blk_pct":"0.810","tov_pct":"10.634","usg_pct":"19.753","ortg":"113.348","drtg":"109.123","bpm":"0.491"}]