[{"game_id":1020,"team_name":"ATL","player_id":"{\"hillso01\"}","player_name":"{\"Solomon Hill\"}","ts_pct":"0.437","efg_pct":"0.371","three_par":"0.545","ftr":"0.500","orb_pct":"1.742","drb_pct":"14.345","trb_pct":"8.733","ast_pct":"7.315","stl_pct":"0.619","blk_pct":"0.191","tov_pct":"14.464","usg_pct":"8.167","ortg":"81.659","drtg":"121.329","bpm":"-4.094"},{"game_id":1020,"team_name":"ATL","player_id":"{\"okongon01\"}","player_name":"{\"Onyeka Okongwu\"}","ts_pct":"0.713","efg_pct":"0.679","three_par":"0.030","ftr":"0.177","orb_pct":"11.822","drb_pct":"14.982","trb_pct":"13.326","ast_pct":"5.114","stl_pct":"1.941","blk_pct":"4.827","tov_pct":"20.460","usg_pct":"13.199","ortg":"135.153","drtg":"114.612","bpm":"-0.051"},{"game_id":1020,"team_name":"ATL","player_id":"{\"huertke01\"}","player_name":"{\"Kevin Huerter\"}","ts_pct":"0.543","efg_pct":"0.541","three_par":"0.516","ftr":"0.060","orb_pct":"0.621","drb_pct":"9.712","trb_pct":"5.484","ast_pct":"16.499","stl_pct":"2.571","blk_pct":"1.364","tov_pct":"7.852","usg_pct":"17.965","ortg":"114.235","drtg":"112.471","bpm":"0.726"},{"game_id":1020,"team_name":"ATL","player_id":"{\"youngtr01\"}","player_name":"{\"Trae Young\"}","ts_pct":"0.621","efg_pct":"0.517","three_par":"0.333","ftr":"0.527","orb_pct":"2.196","drb_pct":"9.936","trb_pct":"6.086","ast_pct":"43.248","stl_pct":"1.547","blk_pct":"0.306","tov_pct":"14.280","usg_pct":"32.944","ortg":"128.012","drtg":"119.871","bpm":"5.502"},{"game_id":1020,"team_name":"ATL","player_id":"{\"bogdabo01\"}","player_name":"{\"Bogdan Bogdanović\"}","ts_pct":"0.646","efg_pct":"0.643","three_par":"0.593","ftr":"0.026","orb_pct":"0.867","drb_pct":"10.166","trb_pct":"5.584","ast_pct":"19.362","stl_pct":"2.379","blk_pct":"1.558","tov_pct":"9.133","usg_pct":"24.086","ortg":"123.894","drtg":"112.718","bpm":"6.074"},{"game_id":1020,"team_name":"ATL","player_id":"{\"capelca01\"}","player_name":"{\"Clint Capela\"}","ts_pct":"0.583","efg_pct":"0.588","three_par":"0.000","ftr":"0.346","orb_pct":"18.342","drb_pct":"31.807","trb_pct":"24.945","ast_pct":"4.016","stl_pct":"0.958","blk_pct":"3.922","tov_pct":"6.931","usg_pct":"21.005","ortg":"123.071","drtg":"113.459","bpm":"-0.628"},{"game_id":1020,"team_name":"ATL","player_id":"benchATL","player_name":"Bench of ATL","ts_pct":"0.614","efg_pct":"0.567","three_par":"0.385","ftr":"0.347","orb_pct":"3.202","drb_pct":"16.136","trb_pct":"9.955","ast_pct":"13.369","stl_pct":"1.573","blk_pct":"1.068","tov_pct":"12.142","usg_pct":"22.275","ortg":"116.268","drtg":"117.566","bpm":"0.724"},{"game_id":1020,"team_name":"WAS","player_id":"{\"westbru01\"}","player_name":"{\"Russell Westbrook\"}","ts_pct":"0.538","efg_pct":"0.488","three_par":"0.169","ftr":"0.335","orb_pct":"5.831","drb_pct":"32.315","trb_pct":"19.640","ast_pct":"49.516","stl_pct":"1.707","blk_pct":"1.081","tov_pct":"17.925","usg_pct":"26.698","ortg":"118.082","drtg":"110.741","bpm":"6.765"},{"game_id":1020,"team_name":"WAS","player_id":"{\"netora01\"}","player_name":"{\"Raul Neto\"}","ts_pct":"0.622","efg_pct":"0.544","three_par":"0.388","ftr":"0.385","orb_pct":"1.912","drb_pct":"11.214","trb_pct":"6.558","ast_pct":"14.040","stl_pct":"2.684","blk_pct":"0.294","tov_pct":"9.325","usg_pct":"13.126","ortg":"129.071","drtg":"115.459","bpm":"1.902"},{"game_id":1020,"team_name":"WAS","player_id":"{\"bertada01\"}","player_name":"{\"Dāvis Bertāns\"}","ts_pct":"0.579","efg_pct":"0.532","three_par":"0.912","ftr":"0.342","orb_pct":"1.360","drb_pct":"7.432","trb_pct":"4.562","ast_pct":"3.076","stl_pct":"0.881","blk_pct":"0.656","tov_pct":"2.593","usg_pct":"12.864","ortg":"120.871","drtg":"119.776","bpm":"-3.504"},{"game_id":1020,"team_name":"WAS","player_id":"{\"hachiru01\"}","player_name":"{\"Rui Hachimura\"}","ts_pct":"0.559","efg_pct":"0.521","three_par":"0.166","ftr":"0.259","orb_pct":"2.959","drb_pct":"11.924","trb_pct":"7.618","ast_pct":"4.169","stl_pct":"1.109","blk_pct":"1.058","tov_pct":"6.238","usg_pct":"17.269","ortg":"113.788","drtg":"113.612","bpm":"-2.782"},{"game_id":1020,"team_name":"WAS","player_id":"{\"hutchch01\"}","player_name":"{\"Chandler Hutchison\"}","ts_pct":"0.425","efg_pct":"0.415","three_par":"0.221","ftr":"0.270","orb_pct":"2.915","drb_pct":"20.289","trb_pct":"11.740","ast_pct":"7.176","stl_pct":"1.294","blk_pct":"1.262","tov_pct":"4.399","usg_pct":"15.882","ortg":"90.929","drtg":"113.635","bpm":"-4.426"},{"game_id":1020,"team_name":"WAS","player_id":"{\"smithis01\"}","player_name":"{\"Ish Smith\"}","ts_pct":"0.448","efg_pct":"0.428","three_par":"0.213","ftr":"0.122","orb_pct":"2.139","drb_pct":"13.885","trb_pct":"8.062","ast_pct":"14.565","stl_pct":"1.866","blk_pct":"1.184","tov_pct":"7.520","usg_pct":"15.438","ortg":"98.506","drtg":"116.235","bpm":"-3.526"},{"game_id":1020,"team_name":"WAS","player_id":"benchWAS","player_name":"Bench of WAS","ts_pct":"0.565","efg_pct":"0.536","three_par":"0.174","ftr":"0.508","orb_pct":"10.231","drb_pct":"14.017","trb_pct":"12.164","ast_pct":"4.618","stl_pct":"0.653","blk_pct":"4.226","tov_pct":"8.757","usg_pct":"16.711","ortg":"122.438","drtg":"115.047","bpm":"-1.669"}]