[{"game_id":1007,"team_name":"TOR","player_id":"teamTOR","player_name":"Team name: TOR","fg":"40.566","fga":"90.634","fg_pct":"0.448","three_p":"14.211","three_pa":"37.377","three_p_pct":"0.380","ft":"15.709","fta":"20.091","ft_pct":"0.782","orb":"10.754","drb":"31.891","trb":"42.646","ast":"25.337","stl":"8.789","blk":"4.406","tov":"11.674","pf":"19.709","pts":"111.051"},{"game_id":1007,"team_name":"MEM","player_id":"teamMEM","player_name":"Team name: MEM","fg":"40.463","fga":"91.097","fg_pct":"0.444","three_p":"10.937","three_pa":"32.611","three_p_pct":"0.335","ft":"18.263","fta":"23.783","ft_pct":"0.768","orb":"11.291","drb":"35.857","trb":"47.149","ast":"24.857","stl":"7.269","blk":"6.200","tov":"12.800","pf":"19.126","pts":"110.126"}]