[{"game_id":1254,"team_name":"POR","player_id":"{\"trentga02\"}","player_name":"{\"Gary Trent Jr.\"}","ts_pct":"0.155","efg_pct":"0.152","three_par":"0.377","ftr":"0.020","orb_pct":"1.812","drb_pct":"9.202","trb_pct":"5.978","ast_pct":"2.455","stl_pct":"0.129","blk_pct":"0.246","tov_pct":"7.667","usg_pct":"17.416","ortg":"37.612","drtg":"113.376","bpm":"-13.751"},{"game_id":1254,"team_name":"POR","player_id":"{\"lillada01\"}","player_name":"{\"Damian Lillard\"}","ts_pct":"0.556","efg_pct":"0.485","three_par":"0.450","ftr":"0.380","orb_pct":"1.082","drb_pct":"13.786","trb_pct":"7.414","ast_pct":"36.028","stl_pct":"1.593","blk_pct":"0.913","tov_pct":"10.114","usg_pct":"28.722","ortg":"114.894","drtg":"109.212","bpm":"5.507"},{"game_id":1254,"team_name":"POR","player_id":"{\"mccolcj01\"}","player_name":"{\"CJ McCollum\"}","ts_pct":"0.500","efg_pct":"0.468","three_par":"0.299","ftr":"0.182","orb_pct":"1.585","drb_pct":"7.561","trb_pct":"4.742","ast_pct":"17.401","stl_pct":"1.239","blk_pct":"0.814","tov_pct":"10.801","usg_pct":"29.262","ortg":"98.565","drtg":"111.659","bpm":"-1.219"},{"game_id":1254,"team_name":"POR","player_id":"{\"hezonma01\"}","player_name":"{\"Mario Hezonja\"}","ts_pct":"0.516","efg_pct":"0.469","three_par":"0.299","ftr":"0.271","orb_pct":"1.609","drb_pct":"23.906","trb_pct":"13.104","ast_pct":"12.965","stl_pct":"2.049","blk_pct":"1.134","tov_pct":"25.253","usg_pct":"16.947","ortg":"79.718","drtg":"106.259","bpm":"-3.424"},{"game_id":1254,"team_name":"POR","player_id":"{\"hoodro01\"}","player_name":"{\"Rodney Hood\"}","ts_pct":"0.552","efg_pct":"0.511","three_par":"0.484","ftr":"0.283","orb_pct":"2.368","drb_pct":"8.507","trb_pct":"5.580","ast_pct":"2.627","stl_pct":"1.728","blk_pct":"1.524","tov_pct":"6.652","usg_pct":"14.695","ortg":"107.518","drtg":"109.847","bpm":"-0.322"},{"game_id":1254,"team_name":"POR","player_id":"{\"tollian01\"}","player_name":"{\"Anthony Tolliver\"}","ts_pct":"0.307","efg_pct":"0.287","three_par":"0.760","ftr":"0.120","orb_pct":"1.004","drb_pct":"15.612","trb_pct":"8.244","ast_pct":"7.118","stl_pct":"1.096","blk_pct":"2.024","tov_pct":"22.784","usg_pct":"11.053","ortg":"69.576","drtg":"109.859","bpm":"-6.002"},{"game_id":1254,"team_name":"POR","player_id":"benchPOR","player_name":"Bench of POR","ts_pct":"0.453","efg_pct":"0.425","three_par":"0.323","ftr":"0.269","orb_pct":"5.902","drb_pct":"10.180","trb_pct":"8.170","ast_pct":"5.465","stl_pct":"1.409","blk_pct":"2.557","tov_pct":"13.324","usg_pct":"21.316","ortg":"83.061","drtg":"109.397","bpm":"-5.773"},{"game_id":1254,"team_name":"PHI","player_id":"{\"netora01\"}","player_name":"{\"Raul Neto\"}","ts_pct":"0.272","efg_pct":"0.266","three_par":"0.159","ftr":"0.037","orb_pct":"3.720","drb_pct":"13.958","trb_pct":"9.012","ast_pct":"16.420","stl_pct":"0.000","blk_pct":"0.504","tov_pct":"11.665","usg_pct":"16.495","ortg":"49.294","drtg":"108.894","bpm":"-9.962"},{"game_id":1254,"team_name":"PHI","player_id":"{\"simmobe01\"}","player_name":"{\"Ben Simmons\"}","ts_pct":"0.575","efg_pct":"0.571","three_par":"0.000","ftr":"0.380","orb_pct":"4.088","drb_pct":"14.439","trb_pct":"9.424","ast_pct":"31.580","stl_pct":"2.674","blk_pct":"2.555","tov_pct":"23.600","usg_pct":"19.538","ortg":"103.494","drtg":"98.906","bpm":"2.301"},{"game_id":1254,"team_name":"PHI","player_id":"{\"harrito02\"}","player_name":"{\"Tobias Harris\"}","ts_pct":"0.556","efg_pct":"0.529","three_par":"0.427","ftr":"0.221","orb_pct":"2.085","drb_pct":"21.893","trb_pct":"12.541","ast_pct":"13.511","stl_pct":"1.580","blk_pct":"0.822","tov_pct":"13.284","usg_pct":"19.901","ortg":"104.718","drtg":"100.835","bpm":"1.171"},{"game_id":1254,"team_name":"PHI","player_id":"{\"richajo01\"}","player_name":"{\"Josh Richardson\"}","ts_pct":"0.502","efg_pct":"0.449","three_par":"0.463","ftr":"0.256","orb_pct":"2.387","drb_pct":"8.251","trb_pct":"5.249","ast_pct":"16.031","stl_pct":"2.546","blk_pct":"2.108","tov_pct":"10.533","usg_pct":"18.355","ortg":"105.318","drtg":"103.541","bpm":"0.416"},{"game_id":1254,"team_name":"PHI","player_id":"{\"horfoal01\"}","player_name":"{\"Al Horford\"}","ts_pct":"0.540","efg_pct":"0.493","three_par":"0.421","ftr":"0.276","orb_pct":"6.602","drb_pct":"21.375","trb_pct":"14.013","ast_pct":"19.799","stl_pct":"0.768","blk_pct":"2.206","tov_pct":"9.521","usg_pct":"18.246","ortg":"114.341","drtg":"102.824","bpm":"2.695"},{"game_id":1254,"team_name":"PHI","player_id":"{\"ennisja01\"}","player_name":"{\"James Ennis III\"}","ts_pct":"0.502","efg_pct":"0.433","three_par":"0.456","ftr":"0.499","orb_pct":"11.640","drb_pct":"20.549","trb_pct":"16.279","ast_pct":"8.678","stl_pct":"0.320","blk_pct":"1.706","tov_pct":"11.421","usg_pct":"16.993","ortg":"107.529","drtg":"103.694","bpm":"-0.233"},{"game_id":1254,"team_name":"PHI","player_id":"benchPHI","player_name":"Bench of PHI","ts_pct":"0.447","efg_pct":"0.414","three_par":"0.561","ftr":"0.228","orb_pct":"3.837","drb_pct":"15.453","trb_pct":"9.746","ast_pct":"9.462","stl_pct":"2.171","blk_pct":"3.318","tov_pct":"18.212","usg_pct":"19.172","ortg":"86.714","drtg":"97.850","bpm":"-2.430"}]