[{"game_id":1013,"team_name":"LAC","player_id":"{\"georgpa01\"}","player_name":"{\"Paul George\"}","fg":"8.459","fga":"18.882","fg_pct":"0.448","three_p":"2.741","three_pa":"7.753","three_p_pct":"0.354","ft":"4.918","fta":"6.082","ft_pct":"0.809","orb":"0.600","drb":"7.718","trb":"8.318","ast":"4.082","stl":"1.129","blk":"0.435","tov":"3.824","pf":"2.918","pts":"24.576"},{"game_id":1013,"team_name":"LAC","player_id":"{\"leonaka01\"}","player_name":"{\"Kawhi Leonard\"}","fg":"7.200","fga":"13.847","fg_pct":"0.520","three_p":"1.976","three_pa":"4.482","three_p_pct":"0.441","ft":"3.871","fta":"4.212","ft_pct":"0.919","orb":"1.271","drb":"5.953","trb":"7.224","ast":"6.271","stl":"0.412","blk":"0.329","tov":"2.835","pf":"1.494","pts":"20.247"},{"game_id":1013,"team_name":"LAC","player_id":"{\"jacksre01\"}","player_name":"{\"Reggie Jackson\"}","fg":"5.129","fga":"12.141","fg_pct":"0.422","three_p":"2.718","three_pa":"5.788","three_p_pct":"0.470","ft":"0.741","fta":"0.800","ft_pct":"0.926","orb":"0.529","drb":"3.047","trb":"3.576","ast":"3.518","stl":"0.788","blk":"0.000","tov":"1.271","pf":"1.482","pts":"13.718"},{"game_id":1013,"team_name":"LAC","player_id":"{\"batumni01\"}","player_name":"{\"Nicolas Batum\"}","fg":"1.753","fga":"4.271","fg_pct":"0.410","three_p":"0.706","three_pa":"2.647","three_p_pct":"0.267","ft":"0.435","fta":"0.588","ft_pct":"0.740","orb":"0.494","drb":"2.976","trb":"3.471","ast":"1.447","stl":"0.706","blk":"0.812","tov":"0.741","pf":"1.282","pts":"4.647"},{"game_id":1013,"team_name":"LAC","player_id":"{\"morrima03\"}","player_name":"{\"Marcus Morris\"}","fg":"5.741","fga":"11.400","fg_pct":"0.504","three_p":"2.671","three_pa":"5.412","three_p_pct":"0.494","ft":"1.918","fta":"2.271","ft_pct":"0.845","orb":"0.471","drb":"4.388","trb":"4.859","ast":"1.235","stl":"0.776","blk":"0.200","tov":"1.388","pf":"2.259","pts":"16.071"},{"game_id":1013,"team_name":"LAC","player_id":"{\"rondora01\"}","player_name":"{\"Rajon Rondo\"}","fg":"3.153","fga":"6.812","fg_pct":"0.463","three_p":"0.776","three_pa":"2.494","three_p_pct":"0.311","ft":"0.776","fta":"0.776","ft_pct":"1.000","orb":"0.741","drb":"2.412","trb":"3.153","ast":"5.494","stl":"1.412","blk":"0.129","tov":"2.118","pf":"1.729","pts":"7.859"},{"game_id":1013,"team_name":"LAC","player_id":"benchLAC","player_name":"Bench of LAC","fg":"3.407","fga":"6.315","fg_pct":"0.540","three_p":"0.733","three_pa":"1.725","three_p_pct":"0.425","ft":"1.450","fta":"1.945","ft_pct":"0.746","orb":"1.479","drb":"3.435","trb":"4.914","ast":"1.551","stl":"0.392","blk":"0.801","tov":"1.413","pf":"2.650","pts":"8.997"},{"game_id":1013,"team_name":"NYK","player_id":"{\"ntilila01\"}","player_name":"{\"Frank Ntilikina\"}","fg":"0.082","fga":"0.671","fg_pct":"0.122","three_p":"0.082","three_pa":"0.376","three_p_pct":"0.218","ft":"0.082","fta":"0.447","ft_pct":"0.183","orb":"0.235","drb":"0.141","trb":"0.376","ast":"0.247","stl":"0.000","blk":"0.094","tov":"0.153","pf":"0.588","pts":"0.329"},{"game_id":1013,"team_name":"NYK","player_id":"{\"bullore01\"}","player_name":"{\"Reggie Bullock\"}","fg":"4.494","fga":"9.506","fg_pct":"0.473","three_p":"3.141","three_pa":"7.271","three_p_pct":"0.432","ft":"1.871","fta":"1.976","ft_pct":"0.947","orb":"0.447","drb":"2.882","trb":"3.329","ast":"2.118","stl":"0.612","blk":"0.059","tov":"0.647","pf":"2.435","pts":"14.000"},{"game_id":1013,"team_name":"NYK","player_id":"{\"barrerj01\"}","player_name":"{\"RJ Barrett\"}","fg":"6.753","fga":"16.094","fg_pct":"0.420","three_p":"3.247","three_pa":"7.118","three_p_pct":"0.456","ft":"2.529","fta":"3.094","ft_pct":"0.817","orb":"0.459","drb":"5.694","trb":"6.153","ast":"3.176","stl":"0.447","blk":"0.306","tov":"1.894","pf":"2.541","pts":"19.282"},{"game_id":1013,"team_name":"NYK","player_id":"{\"randlju01\"}","player_name":"{\"Julius Randle\"}","fg":"8.871","fga":"19.306","fg_pct":"0.459","three_p":"2.965","three_pa":"6.741","three_p_pct":"0.440","ft":"5.376","fta":"6.400","ft_pct":"0.840","orb":"1.082","drb":"7.059","trb":"8.141","ast":"4.882","stl":"0.765","blk":"0.247","tov":"2.847","pf":"3.118","pts":"26.082"},{"game_id":1013,"team_name":"NYK","player_id":"{\"rosede01\"}","player_name":"{\"Derrick Rose\"}","fg":"7.471","fga":"12.824","fg_pct":"0.583","three_p":"1.518","three_pa":"2.894","three_p_pct":"0.525","ft":"1.941","fta":"2.141","ft_pct":"0.907","orb":"0.212","drb":"3.129","trb":"3.341","ast":"4.588","stl":"0.635","blk":"0.153","tov":"1.188","pf":"1.447","pts":"18.400"},{"game_id":1013,"team_name":"NYK","player_id":"{\"noelne01\"}","player_name":"{\"Nerlens Noel\"}","fg":"2.094","fga":"3.188","fg_pct":"0.657","three_p":"0.000","three_pa":"0.118","three_p_pct":"0.000","ft":"1.012","fta":"1.388","ft_pct":"0.729","orb":"1.871","drb":"4.294","trb":"6.165","ast":"1.282","stl":"1.118","blk":"2.459","tov":"0.871","pf":"3.224","pts":"5.200"},{"game_id":1013,"team_name":"NYK","player_id":"benchNYK","player_name":"Bench of NYK","fg":"2.644","fga":"5.074","fg_pct":"0.521","three_p":"0.279","three_pa":"0.852","three_p_pct":"0.327","ft":"0.361","fta":"0.606","ft_pct":"0.596","orb":"1.106","drb":"2.889","trb":"3.995","ast":"1.357","stl":"0.730","blk":"0.639","tov":"0.790","pf":"1.869","pts":"5.928"}]