[{"game_id":1096,"team_name":"DEN","player_id":"{\"portemi01\"}","player_name":"{\"Michael Porter Jr.\"}","fg":"8.271","fga":"15.353","fg_pct":"0.539","three_p":"3.188","three_pa":"8.141","three_p_pct":"0.392","ft":"1.235","fta":"1.306","ft_pct":"0.946","orb":"0.871","drb":"5.059","trb":"5.929","ast":"1.400","stl":"0.835","blk":"0.447","tov":"1.953","pf":"2.176","pts":"20.965"},{"game_id":1096,"team_name":"DEN","player_id":"{\"jokicni01\"}","player_name":"{\"Nikola Jokić\"}","fg":"10.224","fga":"18.576","fg_pct":"0.550","three_p":"0.776","three_pa":"3.353","three_p_pct":"0.231","ft":"6.612","fta":"7.271","ft_pct":"0.909","orb":"2.835","drb":"8.224","trb":"11.059","ast":"5.647","stl":"0.518","blk":"0.447","tov":"2.153","pf":"2.612","pts":"27.835"},{"game_id":1096,"team_name":"DEN","player_id":"{\"campafa01\"}","player_name":"{\"Facundo Campazzo\"}","fg":"2.565","fga":"6.906","fg_pct":"0.371","three_p":"1.306","three_pa":"4.388","three_p_pct":"0.298","ft":"2.306","fta":"2.424","ft_pct":"0.951","orb":"0.765","drb":"3.094","trb":"3.859","ast":"5.553","stl":"2.024","blk":"0.318","tov":"1.529","pf":"1.859","pts":"8.741"},{"game_id":1096,"team_name":"DEN","player_id":"{\"morrimo01\"}","player_name":"{\"Monte Morris\"}","fg":"3.894","fga":"7.694","fg_pct":"0.506","three_p":"0.765","three_pa":"1.529","three_p_pct":"0.500","ft":"0.835","fta":"0.835","ft_pct":"1.000","orb":"0.259","drb":"1.071","trb":"1.329","ast":"2.965","stl":"0.706","blk":"0.153","tov":"0.741","pf":"1.565","pts":"9.388"},{"game_id":1096,"team_name":"DEN","player_id":"{\"gordoaa01\"}","player_name":"{\"Aaron Gordon\"}","fg":"4.188","fga":"9.259","fg_pct":"0.452","three_p":"0.553","three_pa":"2.282","three_p_pct":"0.242","ft":"0.706","fta":"1.329","ft_pct":"0.531","orb":"2.047","drb":"2.871","trb":"4.918","ast":"1.729","stl":"0.471","blk":"0.541","tov":"0.953","pf":"1.541","pts":"9.635"},{"game_id":1096,"team_name":"DEN","player_id":"{\"cancavl01\"}","player_name":"{\"Vlatko Čančar\"}","fg":"2.012","fga":"3.918","fg_pct":"0.514","three_p":"0.471","three_pa":"1.471","three_p_pct":"0.320","ft":"0.376","fta":"0.612","ft_pct":"0.614","orb":"0.576","drb":"1.318","trb":"1.894","ast":"0.471","stl":"0.282","blk":"0.000","tov":"0.247","pf":"0.494","pts":"4.871"},{"game_id":1096,"team_name":"DEN","player_id":"benchDEN","player_name":"Bench of DEN","fg":"2.046","fga":"5.042","fg_pct":"0.406","three_p":"0.921","three_pa":"2.562","three_p_pct":"0.359","ft":"0.584","fta":"0.773","ft_pct":"0.755","orb":"0.394","drb":"1.850","trb":"2.243","ast":"1.371","stl":"0.514","blk":"0.228","tov":"0.653","pf":"1.424","pts":"5.596"},{"game_id":1096,"team_name":"POR","player_id":"{\"jonesde02\"}","player_name":"{\"Derrick Jones Jr.\"}","fg":"1.200","fga":"2.588","fg_pct":"0.464","three_p":"0.082","three_pa":"0.941","three_p_pct":"0.087","ft":"0.800","fta":"1.106","ft_pct":"0.723","orb":"0.341","drb":"0.600","trb":"0.941","ast":"0.906","stl":"0.271","blk":"0.353","tov":"0.388","pf":"1.824","pts":"3.282"},{"game_id":1096,"team_name":"POR","player_id":"{\"lillada01\"}","player_name":"{\"Damian Lillard\"}","fg":"10.400","fga":"19.353","fg_pct":"0.537","three_p":"4.424","three_pa":"9.471","three_p_pct":"0.467","ft":"6.894","fta":"7.271","ft_pct":"0.948","orb":"0.306","drb":"3.576","trb":"3.882","ast":"8.435","stl":"0.600","blk":"0.165","tov":"2.471","pf":"1.118","pts":"32.118"},{"game_id":1096,"team_name":"POR","player_id":"{\"mccolcj01\"}","player_name":"{\"CJ McCollum\"}","fg":"8.941","fga":"18.835","fg_pct":"0.475","three_p":"3.600","three_pa":"7.835","three_p_pct":"0.459","ft":"2.341","fta":"2.965","ft_pct":"0.790","orb":"0.471","drb":"2.965","trb":"3.435","ast":"4.671","stl":"0.494","blk":"0.424","tov":"1.165","pf":"1.294","pts":"23.824"},{"game_id":1096,"team_name":"POR","player_id":"{\"covinro01\"}","player_name":"{\"Robert Covington\"}","fg":"2.400","fga":"6.129","fg_pct":"0.392","three_p":"1.859","three_pa":"5.000","three_p_pct":"0.372","ft":"0.447","fta":"0.753","ft_pct":"0.594","orb":"0.894","drb":"4.941","trb":"5.835","ast":"1.388","stl":"1.212","blk":"1.047","tov":"0.341","pf":"2.882","pts":"7.106"},{"game_id":1096,"team_name":"POR","player_id":"{\"gilesha01\"}","player_name":"{\"Harry Giles\"}","fg":"1.118","fga":"2.400","fg_pct":"0.466","three_p":"0.129","three_pa":"0.906","three_p_pct":"0.142","ft":"0.153","fta":"0.682","ft_pct":"0.224","orb":"0.200","drb":"1.482","trb":"1.682","ast":"0.706","stl":"0.224","blk":"0.400","tov":"0.200","pf":"0.447","pts":"2.518"},{"game_id":1096,"team_name":"POR","player_id":"{\"littlna01\"}","player_name":"{\"Nassir Little\"}","fg":"1.235","fga":"2.341","fg_pct":"0.528","three_p":"0.118","three_pa":"0.600","three_p_pct":"0.197","ft":"0.271","fta":"0.424","ft_pct":"0.639","orb":"0.247","drb":"1.376","trb":"1.624","ast":"0.318","stl":"0.000","blk":"0.000","tov":"0.424","pf":"0.494","pts":"2.859"},{"game_id":1096,"team_name":"POR","player_id":"benchPOR","player_name":"Bench of POR","fg":"2.692","fga":"5.609","fg_pct":"0.480","three_p":"0.733","three_pa":"1.749","three_p_pct":"0.419","ft":"1.196","fta":"1.593","ft_pct":"0.751","orb":"0.965","drb":"2.764","trb":"3.730","ast":"1.323","stl":"0.422","blk":"0.353","tov":"0.552","pf":"1.438","pts":"7.313"}]