[{"game_id":1009,"team_name":"GSW","player_id":"{\"smailal01\"}","player_name":"{\"Alen Smailagić\"}","ts_pct":"0.151","efg_pct":"0.155","three_par":"0.020","ftr":"0.039","orb_pct":"16.111","drb_pct":"15.261","trb_pct":"18.065","ast_pct":"15.026","stl_pct":"3.282","blk_pct":"3.176","tov_pct":"18.529","usg_pct":"9.458","ortg":"110.259","drtg":"100.459","bpm":"2.282"},{"game_id":1009,"team_name":"GSW","player_id":"{\"poolejo01\"}","player_name":"{\"Jordan Poole\"}","ts_pct":"0.471","efg_pct":"0.420","three_par":"0.598","ftr":"0.315","orb_pct":"2.698","drb_pct":"10.200","trb_pct":"6.515","ast_pct":"16.458","stl_pct":"1.096","blk_pct":"1.628","tov_pct":"7.204","usg_pct":"26.414","ortg":"97.882","drtg":"109.153","bpm":"-3.785"},{"game_id":1009,"team_name":"GSW","player_id":"{\"toscaju01\"}","player_name":"{\"Juan Toscano-Anderson\"}","ts_pct":"0.645","efg_pct":"0.681","three_par":"0.503","ftr":"0.281","orb_pct":"2.762","drb_pct":"18.080","trb_pct":"10.871","ast_pct":"19.685","stl_pct":"1.575","blk_pct":"2.579","tov_pct":"25.764","usg_pct":"10.905","ortg":"119.929","drtg":"106.635","bpm":"0.422"},{"game_id":1009,"team_name":"GSW","player_id":"{\"greendr01\"}","player_name":"{\"Draymond Green\"}","ts_pct":"0.563","efg_pct":"0.546","three_par":"0.304","ftr":"0.250","orb_pct":"2.215","drb_pct":"28.329","trb_pct":"15.739","ast_pct":"35.492","stl_pct":"2.134","blk_pct":"3.099","tov_pct":"40.319","usg_pct":"12.113","ortg":"111.188","drtg":"101.106","bpm":"1.789"},{"game_id":1009,"team_name":"GSW","player_id":"{\"curryst01\"}","player_name":"{\"Stephen Curry\"}","ts_pct":"0.645","efg_pct":"0.606","three_par":"0.628","ftr":"0.278","orb_pct":"1.027","drb_pct":"14.221","trb_pct":"7.939","ast_pct":"28.812","stl_pct":"1.871","blk_pct":"0.214","tov_pct":"12.681","usg_pct":"38.894","ortg":"113.588","drtg":"107.082","bpm":"8.362"},{"game_id":1009,"team_name":"GSW","player_id":"{\"bazemke01\"}","player_name":"{\"Kent Bazemore\"}","ts_pct":"0.534","efg_pct":"0.520","three_par":"0.526","ftr":"0.137","orb_pct":"1.282","drb_pct":"19.516","trb_pct":"10.882","ast_pct":"8.040","stl_pct":"2.413","blk_pct":"2.085","tov_pct":"13.275","usg_pct":"16.008","ortg":"96.553","drtg":"100.976","bpm":"-2.214"},{"game_id":1009,"team_name":"GSW","player_id":"benchGSW","player_name":"Bench of GSW","ts_pct":"0.507","efg_pct":"0.496","three_par":"0.339","ftr":"0.115","orb_pct":"4.197","drb_pct":"8.950","trb_pct":"6.744","ast_pct":"12.763","stl_pct":"2.282","blk_pct":"1.396","tov_pct":"11.126","usg_pct":"15.880","ortg":"115.640","drtg":"106.502","bpm":"0.331"},{"game_id":1009,"team_name":"OKC","player_id":"{\"brownch02\"}","player_name":"{\"Charlie Brown Jr.\"}","ts_pct":"0.269","efg_pct":"0.251","three_par":"0.460","ftr":"0.066","orb_pct":"0.353","drb_pct":"7.438","trb_pct":"3.211","ast_pct":"7.061","stl_pct":"2.892","blk_pct":"1.319","tov_pct":"14.822","usg_pct":"20.586","ortg":"50.200","drtg":"119.447","bpm":"-10.473"},{"game_id":1009,"team_name":"OKC","player_id":"{\"bazleda01\"}","player_name":"{\"Darius Bazley\"}","ts_pct":"0.516","efg_pct":"0.489","three_par":"0.346","ftr":"0.370","orb_pct":"5.856","drb_pct":"17.173","trb_pct":"10.995","ast_pct":"13.451","stl_pct":"0.832","blk_pct":"0.254","tov_pct":"13.148","usg_pct":"27.631","ortg":"98.835","drtg":"118.753","bpm":"-2.834"},{"game_id":1009,"team_name":"OKC","player_id":"{\"halljo01\"}","player_name":"{\"Josh Hall\"}","ts_pct":"0.315","efg_pct":"0.245","three_par":"0.336","ftr":"0.377","orb_pct":"1.798","drb_pct":"16.762","trb_pct":"8.654","ast_pct":"9.392","stl_pct":"0.849","blk_pct":"0.479","tov_pct":"28.893","usg_pct":"14.922","ortg":"61.765","drtg":"122.059","bpm":"-10.574"},{"game_id":1009,"team_name":"OKC","player_id":"{\"mykhasv01\"}","player_name":"{\"Svi Mykhailiuk\"}","ts_pct":"0.474","efg_pct":"0.466","three_par":"0.558","ftr":"0.044","orb_pct":"0.704","drb_pct":"11.208","trb_pct":"5.740","ast_pct":"12.255","stl_pct":"0.498","blk_pct":"0.304","tov_pct":"14.613","usg_pct":"20.426","ortg":"92.435","drtg":"119.988","bpm":"-6.778"},{"game_id":1009,"team_name":"OKC","player_id":"{\"hoardja01\"}","player_name":"{\"Jaylen Hoard\"}","ts_pct":"0.338","efg_pct":"0.318","three_par":"0.038","ftr":"0.480","orb_pct":"7.232","drb_pct":"24.609","trb_pct":"14.859","ast_pct":"8.965","stl_pct":"1.694","blk_pct":"1.142","tov_pct":"12.226","usg_pct":"13.521","ortg":"68.341","drtg":"115.894","bpm":"-7.655"},{"game_id":1009,"team_name":"OKC","player_id":"{\"dortlu01\"}","player_name":"{\"Luguentz Dort\"}","ts_pct":"0.465","efg_pct":"0.427","three_par":"0.494","ftr":"0.314","orb_pct":"2.876","drb_pct":"9.678","trb_pct":"6.214","ast_pct":"14.125","stl_pct":"1.166","blk_pct":"0.855","tov_pct":"9.464","usg_pct":"26.625","ortg":"95.494","drtg":"115.094","bpm":"-4.585"},{"game_id":1009,"team_name":"OKC","player_id":"benchOKC","player_name":"Bench of OKC","ts_pct":"0.520","efg_pct":"0.484","three_par":"0.293","ftr":"0.310","orb_pct":"6.872","drb_pct":"16.543","trb_pct":"11.261","ast_pct":"16.414","stl_pct":"2.208","blk_pct":"1.262","tov_pct":"15.199","usg_pct":"17.925","ortg":"104.403","drtg":"115.953","bpm":"-1.761"}]