[{"game_id":1011,"team_name":"UTA","player_id":"{\"thomama02\"}","player_name":"{\"Matt Thomas\"}","ts_pct":"0.581","efg_pct":"0.434","three_par":"0.336","ftr":"0.000","orb_pct":"3.355","drb_pct":"8.196","trb_pct":"6.279","ast_pct":"7.068","stl_pct":"0.000","blk_pct":"0.000","tov_pct":"5.359","usg_pct":"23.067","ortg":"108.082","drtg":"111.788","bpm":"-0.836"},{"game_id":1011,"team_name":"UTA","player_id":"{\"bogdabo02\"}","player_name":"{\"Bojan Bogdanović\"}","ts_pct":"0.703","efg_pct":"0.652","three_par":"0.474","ftr":"0.328","orb_pct":"1.541","drb_pct":"10.702","trb_pct":"6.312","ast_pct":"10.374","stl_pct":"1.829","blk_pct":"0.235","tov_pct":"15.700","usg_pct":"30.828","ortg":"118.094","drtg":"109.506","bpm":"3.798"},{"game_id":1011,"team_name":"UTA","player_id":"{\"onealro01\"}","player_name":"{\"Royce O'Neale\"}","ts_pct":"0.704","efg_pct":"0.704","three_par":"0.617","ftr":"0.000","orb_pct":"3.156","drb_pct":"19.245","trb_pct":"11.979","ast_pct":"9.767","stl_pct":"2.213","blk_pct":"0.559","tov_pct":"19.459","usg_pct":"9.381","ortg":"124.141","drtg":"106.212","bpm":"2.407"},{"game_id":1011,"team_name":"UTA","player_id":"{\"goberru01\"}","player_name":"{\"Rudy Gobert\"}","ts_pct":"0.715","efg_pct":"0.678","three_par":"0.000","ftr":"0.503","orb_pct":"12.052","drb_pct":"31.653","trb_pct":"22.469","ast_pct":"4.711","stl_pct":"1.219","blk_pct":"6.482","tov_pct":"14.421","usg_pct":"17.780","ortg":"133.941","drtg":"101.024","bpm":"3.744"},{"game_id":1011,"team_name":"UTA","player_id":"{\"inglejo01\"}","player_name":"{\"Joe Ingles\"}","ts_pct":"0.584","efg_pct":"0.562","three_par":"0.735","ftr":"0.182","orb_pct":"1.680","drb_pct":"9.824","trb_pct":"6.248","ast_pct":"30.207","stl_pct":"0.722","blk_pct":"0.499","tov_pct":"15.732","usg_pct":"19.441","ortg":"121.718","drtg":"112.059","bpm":"1.516"},{"game_id":1011,"team_name":"UTA","player_id":"{\"clarkjo01\"}","player_name":"{\"Jordan Clarkson\"}","ts_pct":"0.516","efg_pct":"0.488","three_par":"0.478","ftr":"0.208","orb_pct":"1.576","drb_pct":"14.527","trb_pct":"8.652","ast_pct":"22.869","stl_pct":"1.831","blk_pct":"0.219","tov_pct":"8.031","usg_pct":"30.774","ortg":"108.435","drtg":"108.718","bpm":"-0.058"},{"game_id":1011,"team_name":"UTA","player_id":"benchUTA","player_name":"Bench of UTA","ts_pct":"0.588","efg_pct":"0.580","three_par":"0.450","ftr":"0.123","orb_pct":"7.077","drb_pct":"16.063","trb_pct":"11.959","ast_pct":"10.569","stl_pct":"1.064","blk_pct":"2.144","tov_pct":"11.119","usg_pct":"13.323","ortg":"123.772","drtg":"108.569","bpm":"-0.722"},{"game_id":1011,"team_name":"HOU","player_id":"{\"martike04\"}","player_name":"{\"Kenyon Martin Jr.\"}","ts_pct":"0.576","efg_pct":"0.549","three_par":"0.303","ftr":"0.232","orb_pct":"5.502","drb_pct":"15.368","trb_pct":"10.009","ast_pct":"7.175","stl_pct":"1.134","blk_pct":"3.395","tov_pct":"7.089","usg_pct":"17.545","ortg":"115.318","drtg":"121.553","bpm":"-1.968"},{"game_id":1011,"team_name":"HOU","player_id":"{\"jeffrda01\"}","player_name":"{\"DaQuan Jeffries\"}","ts_pct":"0.510","efg_pct":"0.504","three_par":"0.648","ftr":"0.014","orb_pct":"5.402","drb_pct":"12.444","trb_pct":"8.451","ast_pct":"8.532","stl_pct":"1.299","blk_pct":"3.231","tov_pct":"9.249","usg_pct":"10.574","ortg":"106.235","drtg":"123.141","bpm":"-2.464"},{"game_id":1011,"team_name":"HOU","player_id":"{\"thomakh01\"}","player_name":"{\"Khyri Thomas\"}","ts_pct":"0.531","efg_pct":"0.484","three_par":"0.684","ftr":"0.150","orb_pct":"2.502","drb_pct":"2.199","trb_pct":"2.206","ast_pct":"4.829","stl_pct":"3.493","blk_pct":"0.658","tov_pct":"7.415","usg_pct":"16.529","ortg":"108.247","drtg":"119.694","bpm":"-0.013"},{"game_id":1011,"team_name":"HOU","player_id":"{\"brookar01\"}","player_name":"{\"Armoni Brooks\"}","ts_pct":"0.436","efg_pct":"0.433","three_par":"0.811","ftr":"0.032","orb_pct":"1.382","drb_pct":"11.941","trb_pct":"6.113","ast_pct":"8.098","stl_pct":"0.896","blk_pct":"1.087","tov_pct":"13.011","usg_pct":"17.645","ortg":"83.871","drtg":"124.388","bpm":"-7.115"},{"game_id":1011,"team_name":"HOU","player_id":"{\"lamban01\"}","player_name":"{\"Anthony Lamb\"}","ts_pct":"0.457","efg_pct":"0.404","three_par":"0.693","ftr":"0.227","orb_pct":"3.824","drb_pct":"10.121","trb_pct":"6.572","ast_pct":"15.041","stl_pct":"0.812","blk_pct":"3.484","tov_pct":"7.516","usg_pct":"16.791","ortg":"87.412","drtg":"126.106","bpm":"-0.205"},{"game_id":1011,"team_name":"HOU","player_id":"{\"tateja01\"}","player_name":"{\"Jae'Sean Tate\"}","ts_pct":"0.531","efg_pct":"0.527","three_par":"0.279","ftr":"0.233","orb_pct":"3.762","drb_pct":"14.298","trb_pct":"8.664","ast_pct":"18.380","stl_pct":"2.911","blk_pct":"0.441","tov_pct":"14.898","usg_pct":"19.353","ortg":"103.812","drtg":"115.200","bpm":"-2.274"},{"game_id":1011,"team_name":"HOU","player_id":"benchHOU","player_name":"Bench of HOU","ts_pct":"0.493","efg_pct":"0.443","three_par":"0.548","ftr":"0.378","orb_pct":"1.175","drb_pct":"10.294","trb_pct":"5.601","ast_pct":"22.449","stl_pct":"0.770","blk_pct":"0.784","tov_pct":"15.655","usg_pct":"18.258","ortg":"102.688","drtg":"123.424","bpm":"-5.609"}]