[{"game_id":1029,"team_name":"TOR","player_id":"teamTOR","player_name":"Team name: TOR","ts_pct":"0.525","efg_pct":"0.487","three_par":"0.384","ftr":"0.268","orb_pct":"4.510","drb_pct":"15.355","trb_pct":"9.613","ast_pct":"13.776","stl_pct":"2.012","blk_pct":"1.571","tov_pct":"11.091","usg_pct":"19.244","ortg":"108.926","drtg":"116.039","bpm":"-2.407"},{"game_id":1029,"team_name":"LAC","player_id":"teamLAC","player_name":"Team name: LAC","ts_pct":"0.584","efg_pct":"0.550","three_par":"0.421","ftr":"0.261","orb_pct":"5.889","drb_pct":"16.197","trb_pct":"11.241","ast_pct":"17.002","stl_pct":"1.215","blk_pct":"1.517","tov_pct":"13.065","usg_pct":"20.103","ortg":"120.738","drtg":"122.673","bpm":"0.727"}]