[{"game_id":1166,"team_name":"PHO","player_id":"teamPHO","player_name":"Team name: PHO","fg":"42.269","fga":"87.126","fg_pct":"0.485","three_p":"10.806","three_pa":"28.366","three_p_pct":"0.381","ft":"15.457","fta":"17.714","ft_pct":"0.873","orb":"8.777","drb":"36.726","trb":"45.503","ast":"24.211","stl":"5.589","blk":"3.800","tov":"10.714","pf":"19.046","pts":"110.800"},{"game_id":1166,"team_name":"MIL","player_id":"teamMIL","player_name":"Team name: MIL","fg":"42.560","fga":"90.691","fg_pct":"0.469","three_p":"11.846","three_pa":"36.629","three_p_pct":"0.323","ft":"14.806","fta":"20.263","ft_pct":"0.731","orb":"12.549","drb":"33.103","trb":"45.651","ast":"23.560","stl":"9.354","blk":"4.886","tov":"11.554","pf":"18.857","pts":"111.771"}]