[{"game_id":1097,"team_name":"BRK","player_id":"teamBRK","player_name":"Team name: BRK","ts_pct":"0.577","efg_pct":"0.534","three_par":"0.396","ftr":"0.326","orb_pct":"5.483","drb_pct":"16.190","trb_pct":"11.312","ast_pct":"15.088","stl_pct":"1.358","blk_pct":"2.439","tov_pct":"11.470","usg_pct":"19.848","ortg":"120.197","drtg":"119.651","bpm":"-0.444"},{"game_id":1097,"team_name":"BOS","player_id":"teamBOS","player_name":"Team name: BOS","ts_pct":"0.564","efg_pct":"0.550","three_par":"0.466","ftr":"0.258","orb_pct":"4.770","drb_pct":"17.502","trb_pct":"10.874","ast_pct":"14.414","stl_pct":"1.178","blk_pct":"3.013","tov_pct":"11.456","usg_pct":"21.606","ortg":"120.362","drtg":"131.161","bpm":"-2.600"}]