[{"game_id":1054,"team_name":"OKC","player_id":"{\"maledth01\"}","player_name":"{\"Théo Maledon\"}","ts_pct":"0.471","efg_pct":"0.416","three_par":"0.523","ftr":"0.345","orb_pct":"1.240","drb_pct":"10.060","trb_pct":"5.107","ast_pct":"20.788","stl_pct":"1.059","blk_pct":"1.193","tov_pct":"14.499","usg_pct":"23.160","ortg":"91.459","drtg":"123.176","bpm":"-5.432"},{"game_id":1054,"team_name":"OKC","player_id":"{\"pokusal01\"}","player_name":"{\"Aleksej Pokusevski\"}","ts_pct":"0.428","efg_pct":"0.425","three_par":"0.441","ftr":"0.123","orb_pct":"3.715","drb_pct":"11.295","trb_pct":"7.488","ast_pct":"20.278","stl_pct":"0.728","blk_pct":"1.824","tov_pct":"17.165","usg_pct":"21.432","ortg":"85.635","drtg":"119.353","bpm":"-6.428"},{"game_id":1054,"team_name":"OKC","player_id":"{\"bazleda01\"}","player_name":"{\"Darius Bazley\"}","ts_pct":"0.502","efg_pct":"0.448","three_par":"0.351","ftr":"0.439","orb_pct":"4.695","drb_pct":"18.646","trb_pct":"10.627","ast_pct":"15.599","stl_pct":"0.420","blk_pct":"0.159","tov_pct":"14.321","usg_pct":"26.849","ortg":"94.929","drtg":"123.741","bpm":"-4.328"},{"game_id":1054,"team_name":"OKC","player_id":"{\"deckga01\"}","player_name":"{\"Gabriel Deck\"}","ts_pct":"0.555","efg_pct":"0.510","three_par":"0.214","ftr":"0.286","orb_pct":"6.534","drb_pct":"13.287","trb_pct":"9.143","ast_pct":"19.453","stl_pct":"2.307","blk_pct":"0.000","tov_pct":"6.801","usg_pct":"15.433","ortg":"118.763","drtg":"121.408","bpm":"-0.492"},{"game_id":1054,"team_name":"OKC","player_id":"{\"mykhasv01\"}","player_name":"{\"Svi Mykhailiuk\"}","ts_pct":"0.468","efg_pct":"0.462","three_par":"0.536","ftr":"0.047","orb_pct":"0.725","drb_pct":"12.815","trb_pct":"6.048","ast_pct":"16.159","stl_pct":"2.541","blk_pct":"0.000","tov_pct":"11.240","usg_pct":"24.485","ortg":"92.706","drtg":"119.859","bpm":"-4.080"},{"game_id":1054,"team_name":"OKC","player_id":"{\"robyis01\"}","player_name":"{\"Isaiah Roby\"}","ts_pct":"0.465","efg_pct":"0.427","three_par":"0.370","ftr":"0.308","orb_pct":"3.666","drb_pct":"21.704","trb_pct":"11.914","ast_pct":"9.818","stl_pct":"2.178","blk_pct":"1.149","tov_pct":"24.452","usg_pct":"17.108","ortg":"77.788","drtg":"117.800","bpm":"-8.274"},{"game_id":1054,"team_name":"OKC","player_id":"benchOKC","player_name":"Bench of OKC","ts_pct":"0.505","efg_pct":"0.488","three_par":"0.136","ftr":"0.366","orb_pct":"8.503","drb_pct":"20.653","trb_pct":"13.899","ast_pct":"7.279","stl_pct":"1.979","blk_pct":"2.221","tov_pct":"10.831","usg_pct":"15.987","ortg":"105.221","drtg":"118.586","bpm":"-4.185"},{"game_id":1054,"team_name":"UTA","player_id":"{\"brantja01\"}","player_name":"{\"Jarrell Brantley\"}","ts_pct":"0.395","efg_pct":"0.395","three_par":"0.478","ftr":"0.000","orb_pct":"5.156","drb_pct":"8.336","trb_pct":"7.007","ast_pct":"-34.364","stl_pct":"1.035","blk_pct":"0.939","tov_pct":"16.571","usg_pct":"27.625","ortg":"85.894","drtg":"110.059","bpm":"3.951"},{"game_id":1054,"team_name":"UTA","player_id":"{\"morgaju01\"}","player_name":"{\"Juwan Morgan\"}","ts_pct":"0.367","efg_pct":"0.287","three_par":"0.220","ftr":"0.000","orb_pct":"7.611","drb_pct":"11.419","trb_pct":"10.040","ast_pct":"8.189","stl_pct":"0.000","blk_pct":"1.435","tov_pct":"9.294","usg_pct":"9.276","ortg":"121.776","drtg":"109.224","bpm":"-2.431"},{"game_id":1054,"team_name":"UTA","player_id":"{\"thomama02\"}","player_name":"{\"Matt Thomas\"}","ts_pct":"0.577","efg_pct":"0.483","three_par":"0.391","ftr":"0.565","orb_pct":"3.394","drb_pct":"14.168","trb_pct":"9.001","ast_pct":"15.553","stl_pct":"0.000","blk_pct":"0.000","tov_pct":"3.531","usg_pct":"22.425","ortg":"118.788","drtg":"114.365","bpm":"3.858"},{"game_id":1054,"team_name":"UTA","player_id":"{\"ilyaser01\"}","player_name":"{\"Ersan İlyasova\"}","ts_pct":"0.651","efg_pct":"0.629","three_par":"0.729","ftr":"0.102","orb_pct":"2.040","drb_pct":"18.473","trb_pct":"10.376","ast_pct":"2.601","stl_pct":"2.760","blk_pct":"1.482","tov_pct":"17.184","usg_pct":"19.989","ortg":"108.988","drtg":"105.435","bpm":"-2.561"},{"game_id":1054,"team_name":"UTA","player_id":"{\"azubuud01\"}","player_name":"{\"Udoka Azubuike\"}","ts_pct":"0.121","efg_pct":"0.100","three_par":"0.000","ftr":"0.106","orb_pct":"3.494","drb_pct":"18.971","trb_pct":"11.535","ast_pct":"0.000","stl_pct":"0.000","blk_pct":"11.207","tov_pct":"7.440","usg_pct":"4.633","ortg":"24.412","drtg":"98.882","bpm":"-0.209"},{"game_id":1054,"team_name":"UTA","player_id":"{\"onealro01\"}","player_name":"{\"Royce O'Neale\"}","ts_pct":"0.611","efg_pct":"0.606","three_par":"0.616","ftr":"0.037","orb_pct":"5.661","drb_pct":"14.599","trb_pct":"10.680","ast_pct":"11.534","stl_pct":"1.772","blk_pct":"0.198","tov_pct":"18.248","usg_pct":"11.173","ortg":"117.259","drtg":"113.553","bpm":"0.626"},{"game_id":1054,"team_name":"UTA","player_id":"benchUTA","player_name":"Bench of UTA","ts_pct":"0.601","efg_pct":"0.566","three_par":"0.448","ftr":"0.274","orb_pct":"4.724","drb_pct":"15.876","trb_pct":"10.645","ast_pct":"15.838","stl_pct":"1.430","blk_pct":"1.610","tov_pct":"12.271","usg_pct":"20.931","ortg":"121.614","drtg":"112.188","bpm":"1.671"}]