[{"game_id":1011,"team_name":"UTA","player_id":"{\"thomama02\"}","player_name":"{\"Matt Thomas\"}","fg":"1.906","fga":"3.882","fg_pct":"0.491","three_p":"0.765","three_pa":"2.212","three_p_pct":"0.346","ft":"0.388","fta":"0.388","ft_pct":"1.000","orb":"0.224","drb":"0.812","trb":"1.035","ast":"0.271","stl":"0.000","blk":"0.000","tov":"0.318","pf":"0.282","pts":"4.965"},{"game_id":1011,"team_name":"UTA","player_id":"{\"bogdabo02\"}","player_name":"{\"Bojan Bogdanović\"}","fg":"9.282","fga":"16.459","fg_pct":"0.564","three_p":"3.765","three_pa":"7.800","three_p_pct":"0.483","ft":"4.635","fta":"5.094","ft_pct":"0.910","orb":"0.471","drb":"3.106","trb":"3.576","ast":"1.976","stl":"1.129","blk":"0.094","tov":"3.376","pf":"1.765","pts":"26.965"},{"game_id":1011,"team_name":"UTA","player_id":"{\"onealro01\"}","player_name":"{\"Royce O'Neale\"}","fg":"2.635","fga":"4.918","fg_pct":"0.536","three_p":"1.518","three_pa":"3.082","three_p_pct":"0.493","ft":"0.000","fta":"0.000","ft_pct":"NaN","orb":"0.929","drb":"5.565","trb":"6.494","ast":"2.224","stl":"1.318","blk":"0.224","tov":"1.118","pf":"1.659","pts":"6.788"},{"game_id":1011,"team_name":"UTA","player_id":"{\"goberru01\"}","player_name":"{\"Rudy Gobert\"}","fg":"5.612","fga":"8.176","fg_pct":"0.686","three_p":"0.000","three_pa":"0.000","three_p_pct":"NaN","ft":"2.835","fta":"3.894","ft_pct":"0.728","orb":"3.000","drb":"8.471","trb":"11.471","ast":"0.941","stl":"0.753","blk":"2.129","tov":"1.776","pf":"1.906","pts":"14.059"},{"game_id":1011,"team_name":"UTA","player_id":"{\"inglejo01\"}","player_name":"{\"Joe Ingles\"}","fg":"4.294","fga":"10.388","fg_pct":"0.413","three_p":"2.753","three_pa":"7.541","three_p_pct":"0.365","ft":"1.365","fta":"1.729","ft_pct":"0.789","orb":"0.482","drb":"2.894","trb":"3.376","ast":"6.882","stl":"0.471","blk":"0.141","tov":"2.071","pf":"1.706","pts":"12.706"},{"game_id":1011,"team_name":"UTA","player_id":"{\"clarkjo01\"}","player_name":"{\"Jordan Clarkson\"}","fg":"6.894","fga":"17.424","fg_pct":"0.396","three_p":"2.788","three_pa":"8.459","three_p_pct":"0.330","ft":"2.600","fta":"3.529","ft_pct":"0.737","orb":"0.459","drb":"4.106","trb":"4.565","ast":"4.329","stl":"1.176","blk":"0.071","tov":"1.765","pf":"1.882","pts":"19.176"},{"game_id":1011,"team_name":"UTA","player_id":"benchUTA","player_name":"Bench of UTA","fg":"2.151","fga":"4.363","fg_pct":"0.493","three_p":"0.964","three_pa":"2.398","three_p_pct":"0.402","ft":"0.404","fta":"0.469","ft_pct":"0.861","orb":"0.836","drb":"2.424","trb":"3.260","ast":"1.234","stl":"0.285","blk":"0.374","tov":"0.567","pf":"1.450","pts":"5.670"},{"game_id":1011,"team_name":"HOU","player_id":"{\"martike04\"}","player_name":"{\"Kenyon Martin Jr.\"}","fg":"6.047","fga":"11.659","fg_pct":"0.519","three_p":"1.482","three_pa":"3.635","three_p_pct":"0.408","ft":"1.624","fta":"2.235","ft_pct":"0.727","orb":"1.753","drb":"4.282","trb":"6.035","ast":"2.082","stl":"0.647","blk":"1.035","tov":"1.082","pf":"2.776","pts":"15.200"},{"game_id":1011,"team_name":"HOU","player_id":"{\"jeffrda01\"}","player_name":"{\"DaQuan Jeffries\"}","fg":"2.153","fga":"5.282","fg_pct":"0.408","three_p":"0.965","three_pa":"3.059","three_p_pct":"0.315","ft":"0.141","fta":"0.141","ft_pct":"1.000","orb":"0.953","drb":"2.765","trb":"3.718","ast":"1.035","stl":"0.753","blk":"0.541","tov":"0.506","pf":"1.882","pts":"5.412"},{"game_id":1011,"team_name":"HOU","player_id":"{\"thomakh01\"}","player_name":"{\"Khyri Thomas\"}","fg":"1.588","fga":"3.224","fg_pct":"0.493","three_p":"0.882","three_pa":"2.129","three_p_pct":"0.414","ft":"0.565","fta":"0.776","ft_pct":"0.728","orb":"0.435","drb":"0.200","trb":"0.635","ast":"0.494","stl":"0.824","blk":"0.153","tov":"0.329","pf":"1.247","pts":"4.624"},{"game_id":1011,"team_name":"HOU","player_id":"{\"brookar01\"}","player_name":"{\"Armoni Brooks\"}","fg":"3.553","fga":"10.318","fg_pct":"0.344","three_p":"2.976","three_pa":"8.471","three_p_pct":"0.351","ft":"0.200","fta":"0.400","ft_pct":"0.500","orb":"0.518","drb":"2.941","trb":"3.459","ast":"1.953","stl":"0.647","blk":"0.318","tov":"1.612","pf":"1.729","pts":"10.282"},{"game_id":1011,"team_name":"HOU","player_id":"{\"lamban01\"}","player_name":"{\"Anthony Lamb\"}","fg":"3.012","fga":"6.518","fg_pct":"0.462","three_p":"1.847","three_pa":"4.447","three_p_pct":"0.415","ft":"1.035","fta":"1.035","ft_pct":"1.000","orb":"0.576","drb":"1.400","trb":"1.976","ast":"0.965","stl":"0.247","blk":"0.518","tov":"1.000","pf":"1.541","pts":"8.906"},{"game_id":1011,"team_name":"HOU","player_id":"{\"tateja01\"}","player_name":"{\"Jae'Sean Tate\"}","fg":"5.235","fga":"11.094","fg_pct":"0.472","three_p":"0.859","three_pa":"3.176","three_p_pct":"0.270","ft":"1.188","fta":"2.400","ft_pct":"0.495","orb":"1.200","drb":"3.953","trb":"5.153","ast":"3.565","stl":"1.882","blk":"0.176","tov":"2.329","pf":"3.482","pts":"12.518"},{"game_id":1011,"team_name":"HOU","player_id":"benchHOU","player_name":"Bench of HOU","fg":"2.547","fga":"6.334","fg_pct":"0.402","three_p":"1.428","three_pa":"3.804","three_p_pct":"0.375","ft":"1.686","fta":"2.220","ft_pct":"0.759","orb":"0.234","drb":"2.082","trb":"2.316","ast":"3.198","stl":"0.337","blk":"0.209","tov":"1.278","pf":"1.464","pts":"8.208"}]