[{"game_id":1099,"team_name":"LAC","player_id":"teamLAC","player_name":"Team name: LAC","fg":"40.160","fga":"84.480","fg_pct":"0.475","three_p":"12.903","three_pa":"36.537","three_p_pct":"0.353","ft":"15.731","fta":"18.577","ft_pct":"0.847","orb":"8.949","drb":"33.011","trb":"41.960","ast":"24.029","stl":"7.234","blk":"4.097","tov":"12.303","pf":"16.989","pts":"108.954"},{"game_id":1099,"team_name":"DAL","player_id":"teamDAL","player_name":"Team name: DAL","fg":"41.663","fga":"87.463","fg_pct":"0.476","three_p":"14.726","three_pa":"38.749","three_p_pct":"0.380","ft":"17.274","fta":"21.246","ft_pct":"0.813","orb":"10.703","drb":"31.806","trb":"42.509","ast":"24.920","stl":"6.309","blk":"3.937","tov":"11.497","pf":"19.629","pts":"115.326"}]