[{"game_id":1105,"team_name":"POR","player_id":"{\"kanteen01\"}","player_name":"{\"Enes Freedom\"}","ts_pct":"0.595","efg_pct":"0.553","three_par":"0.051","ftr":"0.376","orb_pct":"15.392","drb_pct":"32.218","trb_pct":"24.339","ast_pct":"2.127","stl_pct":"0.181","blk_pct":"2.275","tov_pct":"17.459","usg_pct":"15.842","ortg":"119.365","drtg":"114.988","bpm":"-3.098"},{"game_id":1105,"team_name":"POR","player_id":"{\"holliro01\"}","player_name":"{\"Rondae Hollis-Jefferson\"}","ts_pct":"0.447","efg_pct":"0.509","three_par":"0.000","ftr":"0.531","orb_pct":"6.061","drb_pct":"36.528","trb_pct":"25.724","ast_pct":"9.226","stl_pct":"0.614","blk_pct":"1.980","tov_pct":"1.206","usg_pct":"10.074","ortg":"106.176","drtg":"106.765","bpm":"2.016"},{"game_id":1105,"team_name":"POR","player_id":"{\"mccolcj01\"}","player_name":"{\"CJ McCollum\"}","ts_pct":"0.620","efg_pct":"0.604","three_par":"0.397","ftr":"0.156","orb_pct":"1.336","drb_pct":"10.424","trb_pct":"5.822","ast_pct":"18.373","stl_pct":"0.633","blk_pct":"0.839","tov_pct":"9.008","usg_pct":"25.729","ortg":"119.824","drtg":"121.071","bpm":"1.858"},{"game_id":1105,"team_name":"POR","player_id":"{\"lillada01\"}","player_name":"{\"Damian Lillard\"}","ts_pct":"0.721","efg_pct":"0.663","three_par":"0.530","ftr":"0.398","orb_pct":"0.765","drb_pct":"10.381","trb_pct":"5.731","ast_pct":"38.331","stl_pct":"0.625","blk_pct":"0.613","tov_pct":"9.739","usg_pct":"31.071","ortg":"144.141","drtg":"121.341","bpm":"11.953"},{"game_id":1105,"team_name":"POR","player_id":"{\"covinro01\"}","player_name":"{\"Robert Covington\"}","ts_pct":"0.553","efg_pct":"0.546","three_par":"0.785","ftr":"0.073","orb_pct":"2.935","drb_pct":"14.464","trb_pct":"8.742","ast_pct":"4.844","stl_pct":"2.015","blk_pct":"3.096","tov_pct":"12.596","usg_pct":"9.120","ortg":"109.988","drtg":"114.565","bpm":"-0.682"},{"game_id":1105,"team_name":"POR","player_id":"{\"powelno01\"}","player_name":"{\"Norman Powell\"}","ts_pct":"0.577","efg_pct":"0.517","three_par":"0.409","ftr":"0.356","orb_pct":"1.807","drb_pct":"7.733","trb_pct":"4.919","ast_pct":"6.615","stl_pct":"0.987","blk_pct":"1.531","tov_pct":"6.925","usg_pct":"18.887","ortg":"117.224","drtg":"120.953","bpm":"-1.488"},{"game_id":1105,"team_name":"POR","player_id":"benchPOR","player_name":"Bench of POR","ts_pct":"0.626","efg_pct":"0.594","three_par":"0.472","ftr":"0.214","orb_pct":"6.844","drb_pct":"19.034","trb_pct":"13.105","ast_pct":"11.950","stl_pct":"1.283","blk_pct":"2.257","tov_pct":"9.922","usg_pct":"18.389","ortg":"122.079","drtg":"116.020","bpm":"1.122"},{"game_id":1105,"team_name":"DEN","player_id":"{\"howarma02\"}","player_name":"{\"Markus Howard\"}","ts_pct":"0.590","efg_pct":"0.569","three_par":"0.489","ftr":"0.111","orb_pct":"0.684","drb_pct":"6.625","trb_pct":"3.700","ast_pct":"8.146","stl_pct":"1.672","blk_pct":"1.604","tov_pct":"22.699","usg_pct":"21.822","ortg":"113.835","drtg":"117.894","bpm":"-4.680"},{"game_id":1105,"team_name":"DEN","player_id":"{\"harrish01\"}","player_name":"{\"Shaquille Harrison\"}","ts_pct":"0.319","efg_pct":"0.320","three_par":"0.244","ftr":"0.418","orb_pct":"1.346","drb_pct":"16.112","trb_pct":"8.593","ast_pct":"8.247","stl_pct":"2.841","blk_pct":"2.205","tov_pct":"13.727","usg_pct":"9.929","ortg":"81.094","drtg":"110.988","bpm":"-4.864"},{"game_id":1105,"team_name":"DEN","player_id":"{\"riverau01\"}","player_name":"{\"Austin Rivers\"}","ts_pct":"0.587","efg_pct":"0.587","three_par":"0.650","ftr":"0.204","orb_pct":"0.918","drb_pct":"10.193","trb_pct":"5.215","ast_pct":"13.065","stl_pct":"1.326","blk_pct":"0.805","tov_pct":"10.941","usg_pct":"14.398","ortg":"115.165","drtg":"120.306","bpm":"-1.742"},{"game_id":1105,"team_name":"DEN","player_id":"{\"jokicni01\"}","player_name":"{\"Nikola Jokić\"}","ts_pct":"0.683","efg_pct":"0.620","three_par":"0.163","ftr":"0.409","orb_pct":"10.446","drb_pct":"27.353","trb_pct":"18.932","ast_pct":"33.832","stl_pct":"1.104","blk_pct":"1.156","tov_pct":"10.356","usg_pct":"35.786","ortg":"133.659","drtg":"115.765","bpm":"12.369"},{"game_id":1105,"team_name":"DEN","player_id":"{\"gordoaa01\"}","player_name":"{\"Aaron Gordon\"}","ts_pct":"0.454","efg_pct":"0.446","three_par":"0.275","ftr":"0.231","orb_pct":"8.536","drb_pct":"14.091","trb_pct":"11.168","ast_pct":"8.925","stl_pct":"0.699","blk_pct":"1.934","tov_pct":"6.958","usg_pct":"18.378","ortg":"103.471","drtg":"120.282","bpm":"-4.098"},{"game_id":1105,"team_name":"DEN","player_id":"{\"portemi01\"}","player_name":"{\"Michael Porter Jr.\"}","ts_pct":"0.636","efg_pct":"0.609","three_par":"0.546","ftr":"0.121","orb_pct":"4.278","drb_pct":"16.876","trb_pct":"10.496","ast_pct":"7.413","stl_pct":"1.578","blk_pct":"0.706","tov_pct":"9.881","usg_pct":"24.807","ortg":"117.506","drtg":"118.835","bpm":"1.611"},{"game_id":1105,"team_name":"DEN","player_id":"benchDEN","player_name":"Bench of DEN","ts_pct":"0.529","efg_pct":"0.490","three_par":"0.452","ftr":"0.219","orb_pct":"4.035","drb_pct":"11.484","trb_pct":"7.685","ast_pct":"20.139","stl_pct":"2.481","blk_pct":"1.456","tov_pct":"11.702","usg_pct":"17.728","ortg":"116.713","drtg":"117.375","bpm":"0.134"}]