[{"game_id":122,"team_name":"DET","player_id":"{\"jacksfr01\"}","player_name":"{\"Frank Jackson\"}","fg":"4.659","fga":"9.906","fg_pct":"0.470","three_p":"1.165","three_pa":"3.400","three_p_pct":"0.343","ft":"1.141","fta":"1.612","ft_pct":"0.708","orb":"0.400","drb":"1.235","trb":"1.635","ast":"2.424","stl":"0.294","blk":"0.000","tov":"0.953","pf":"1.565","pts":"11.624"},{"game_id":122,"team_name":"DET","player_id":"{\"stewais01\"}","player_name":"{\"Isaiah Stewart\"}","fg":"2.000","fga":"4.190","fg_pct":"0.477","three_p":"0.000","three_pa":"0.000","three_p_pct":"NaN","ft":"0.524","fta":"0.889","ft_pct":"0.589","orb":"2.698","drb":"2.302","trb":"5.000","ast":"0.587","stl":"0.190","blk":"0.825","tov":"0.698","pf":"2.841","pts":"4.524"},{"game_id":122,"team_name":"DET","player_id":"{\"doumbse01\"}","player_name":"{\"Sekou Doumbouya\"}","fg":"1.624","fga":"4.776","fg_pct":"0.340","three_p":"0.788","three_pa":"1.776","three_p_pct":"0.444","ft":"0.706","fta":"0.776","ft_pct":"0.910","orb":"0.541","drb":"1.847","trb":"2.388","ast":"0.765","stl":"0.553","blk":"0.282","tov":"0.118","pf":"1.471","pts":"4.741"},{"game_id":122,"team_name":"DET","player_id":"{\"grantje01\"}","player_name":"{\"Jerami Grant\"}","fg":"8.400","fga":"19.188","fg_pct":"0.438","three_p":"2.576","three_pa":"7.635","three_p_pct":"0.337","ft":"4.741","fta":"5.176","ft_pct":"0.916","orb":"1.353","drb":"4.929","trb":"6.282","ast":"1.518","stl":"0.835","blk":"1.106","tov":"1.341","pf":"2.741","pts":"24.118"},{"game_id":122,"team_name":"DET","player_id":"{\"griffbl01\"}","player_name":"{\"Blake Griffin\"}","fg":"4.012","fga":"12.082","fg_pct":"0.332","three_p":"1.965","three_pa":"7.294","three_p_pct":"0.269","ft":"2.729","fta":"3.706","ft_pct":"0.736","orb":"0.365","drb":"3.965","trb":"4.329","ast":"3.459","stl":"0.918","blk":"0.200","tov":"1.176","pf":"1.412","pts":"12.718"},{"game_id":122,"team_name":"DET","player_id":"{\"wrighde01\"}","player_name":"{\"Delon Wright\"}","fg":"2.118","fga":"5.165","fg_pct":"0.410","three_p":"0.647","three_pa":"1.941","three_p_pct":"0.333","ft":"1.494","fta":"1.812","ft_pct":"0.825","orb":"0.576","drb":"1.753","trb":"2.329","ast":"2.835","stl":"0.741","blk":"0.400","tov":"1.106","pf":"0.694","pts":"6.376"},{"game_id":122,"team_name":"DET","player_id":"benchDET","player_name":"Bench of DET","fg":"3.704","fga":"8.125","fg_pct":"0.456","three_p":"1.257","three_pa":"3.288","three_p_pct":"0.382","ft":"1.507","fta":"1.891","ft_pct":"0.797","orb":"1.003","drb":"3.300","trb":"4.303","ast":"2.233","stl":"0.700","blk":"0.297","tov":"1.078","pf":"1.746","pts":"10.172"},{"game_id":122,"team_name":"PHO","player_id":"{\"bookede01\"}","player_name":"{\"Devin Booker\"}","fg":"7.871","fga":"16.012","fg_pct":"0.492","three_p":"1.894","three_pa":"5.576","three_p_pct":"0.340","ft":"5.012","fta":"6.212","ft_pct":"0.807","orb":"0.482","drb":"3.529","trb":"4.012","ast":"5.000","stl":"0.671","blk":"0.212","tov":"4.000","pf":"2.588","pts":"22.647"},{"game_id":122,"team_name":"PHO","player_id":"{\"paulch01\"}","player_name":"{\"Chris Paul\"}","fg":"4.929","fga":"11.765","fg_pct":"0.419","three_p":"1.094","three_pa":"2.824","three_p_pct":"0.387","ft":"3.529","fta":"3.612","ft_pct":"0.977","orb":"0.753","drb":"4.506","trb":"5.259","ast":"8.059","stl":"1.012","blk":"0.353","tov":"1.859","pf":"2.412","pts":"14.482"},{"game_id":122,"team_name":"PHO","player_id":"{\"aytonde01\"}","player_name":"{\"Deandre Ayton\"}","fg":"5.753","fga":"9.847","fg_pct":"0.584","three_p":"0.094","three_pa":"0.624","three_p_pct":"0.151","ft":"1.882","fta":"2.459","ft_pct":"0.765","orb":"2.894","drb":"8.494","trb":"11.388","ast":"1.800","stl":"0.447","blk":"0.882","tov":"1.482","pf":"3.247","pts":"13.482"},{"game_id":122,"team_name":"PHO","player_id":"{\"bridgmi01\"}","player_name":"{\"Mikal Bridges\"}","fg":"4.506","fga":"9.518","fg_pct":"0.473","three_p":"2.694","three_pa":"5.859","three_p_pct":"0.460","ft":"2.376","fta":"2.518","ft_pct":"0.944","orb":"1.106","drb":"3.941","trb":"5.047","ast":"1.400","stl":"0.624","blk":"1.318","tov":"0.353","pf":"2.141","pts":"14.082"},{"game_id":122,"team_name":"PHO","player_id":"{\"saricda01\"}","player_name":"{\"Dario Šarić\"}","fg":"4.682","fga":"8.529","fg_pct":"0.549","three_p":"1.635","three_pa":"3.341","three_p_pct":"0.489","ft":"2.200","fta":"2.659","ft_pct":"0.827","orb":"1.106","drb":"4.929","trb":"6.035","ast":"1.471","stl":"0.412","blk":"0.082","tov":"1.647","pf":"2.365","pts":"13.200"},{"game_id":122,"team_name":"PHO","player_id":"{\"johnsca02\"}","player_name":"{\"Cameron Johnson\"}","fg":"4.647","fga":"9.235","fg_pct":"0.503","three_p":"2.518","three_pa":"6.200","three_p_pct":"0.406","ft":"0.871","fta":"0.871","ft_pct":"1.000","orb":"0.341","drb":"2.459","trb":"2.800","ast":"1.059","stl":"0.765","blk":"0.388","tov":"0.553","pf":"1.071","pts":"12.682"},{"game_id":122,"team_name":"PHO","player_id":"benchPHO","player_name":"Bench of PHO","fg":"2.510","fga":"5.587","fg_pct":"0.449","three_p":"1.438","three_pa":"3.514","three_p_pct":"0.409","ft":"0.642","fta":"0.754","ft_pct":"0.851","orb":"0.259","drb":"2.069","trb":"2.328","ast":"2.011","stl":"0.363","blk":"0.139","tov":"0.673","pf":"1.800","pts":"7.100"}]