[{"game_id":1118,"team_name":"MEM","player_id":"{\"jonesty01\"}","player_name":"{\"Tyus Jones\"}","ts_pct":"0.667","efg_pct":"0.509","three_par":"0.283","ftr":"0.076","orb_pct":"0.945","drb_pct":"13.436","trb_pct":"7.038","ast_pct":"17.062","stl_pct":"1.471","blk_pct":"0.000","tov_pct":"6.127","usg_pct":"14.564","ortg":"145.600","drtg":"118.812","bpm":"0.176"},{"game_id":1118,"team_name":"MEM","player_id":"{\"moranja01\"}","player_name":"{\"Ja Morant\"}","ts_pct":"0.538","efg_pct":"0.505","three_par":"0.284","ftr":"0.367","orb_pct":"4.155","drb_pct":"9.306","trb_pct":"6.705","ast_pct":"27.622","stl_pct":"1.219","blk_pct":"0.000","tov_pct":"14.667","usg_pct":"29.440","ortg":"109.035","drtg":"120.588","bpm":"-0.161"},{"game_id":1118,"team_name":"MEM","player_id":"{\"brookdi01\"}","player_name":"{\"Dillon Brooks\"}","ts_pct":"0.539","efg_pct":"0.514","three_par":"0.235","ftr":"0.175","orb_pct":"3.169","drb_pct":"8.459","trb_pct":"5.700","ast_pct":"12.446","stl_pct":"2.267","blk_pct":"1.982","tov_pct":"4.729","usg_pct":"28.385","ortg":"113.824","drtg":"117.141","bpm":"1.358"},{"game_id":1118,"team_name":"MEM","player_id":"{\"valanjo01\"}","player_name":"{\"Jonas Valančiūnas\"}","ts_pct":"0.651","efg_pct":"0.632","three_par":"0.076","ftr":"0.307","orb_pct":"14.626","drb_pct":"27.912","trb_pct":"21.379","ast_pct":"12.204","stl_pct":"0.208","blk_pct":"3.269","tov_pct":"9.498","usg_pct":"18.784","ortg":"136.953","drtg":"114.376","bpm":"3.494"},{"game_id":1118,"team_name":"MEM","player_id":"{\"allengr01\"}","player_name":"{\"Grayson Allen\"}","ts_pct":"0.485","efg_pct":"0.368","three_par":"0.512","ftr":"0.077","orb_pct":"2.307","drb_pct":"9.051","trb_pct":"5.339","ast_pct":"5.234","stl_pct":"1.426","blk_pct":"0.539","tov_pct":"12.485","usg_pct":"14.973","ortg":"90.306","drtg":"123.200","bpm":"-5.104"},{"game_id":1118,"team_name":"MEM","player_id":"{\"jacksja02\"}","player_name":"{\"Jaren Jackson Jr.\"}","ts_pct":"0.543","efg_pct":"0.451","three_par":"0.533","ftr":"0.611","orb_pct":"7.721","drb_pct":"13.131","trb_pct":"10.314","ast_pct":"7.854","stl_pct":"2.544","blk_pct":"5.736","tov_pct":"10.265","usg_pct":"21.129","ortg":"113.835","drtg":"112.812","bpm":"-0.495"},{"game_id":1118,"team_name":"MEM","player_id":"benchMEM","player_name":"Bench of MEM","ts_pct":"0.542","efg_pct":"0.515","three_par":"0.495","ftr":"0.170","orb_pct":"2.941","drb_pct":"15.432","trb_pct":"9.023","ast_pct":"11.253","stl_pct":"1.873","blk_pct":"2.757","tov_pct":"10.118","usg_pct":"14.779","ortg":"113.271","drtg":"115.585","bpm":"-0.012"},{"game_id":1118,"team_name":"UTA","player_id":"{\"onealro01\"}","player_name":"{\"Royce O'Neale\"}","ts_pct":"0.636","efg_pct":"0.633","three_par":"0.734","ftr":"0.054","orb_pct":"4.736","drb_pct":"14.679","trb_pct":"10.082","ast_pct":"9.167","stl_pct":"0.965","blk_pct":"0.616","tov_pct":"13.394","usg_pct":"11.065","ortg":"122.929","drtg":"114.612","bpm":"0.593"},{"game_id":1118,"team_name":"UTA","player_id":"{\"mitchdo01\"}","player_name":"{\"Donovan Mitchell\"}","ts_pct":"0.585","efg_pct":"0.525","three_par":"0.441","ftr":"0.337","orb_pct":"1.593","drb_pct":"9.822","trb_pct":"5.989","ast_pct":"20.298","stl_pct":"1.416","blk_pct":"0.722","tov_pct":"8.069","usg_pct":"39.387","ortg":"116.529","drtg":"114.094","bpm":"4.180"},{"game_id":1118,"team_name":"UTA","player_id":"{\"bogdabo02\"}","player_name":"{\"Bojan Bogdanović\"}","ts_pct":"0.630","efg_pct":"0.567","three_par":"0.402","ftr":"0.402","orb_pct":"2.421","drb_pct":"12.479","trb_pct":"7.722","ast_pct":"7.638","stl_pct":"1.579","blk_pct":"0.000","tov_pct":"15.148","usg_pct":"27.119","ortg":"113.318","drtg":"114.529","bpm":"0.504"},{"game_id":1118,"team_name":"UTA","player_id":"{\"goberru01\"}","player_name":"{\"Rudy Gobert\"}","ts_pct":"0.717","efg_pct":"0.755","three_par":"0.015","ftr":"0.696","orb_pct":"15.319","drb_pct":"36.000","trb_pct":"26.179","ast_pct":"5.146","stl_pct":"0.540","blk_pct":"6.076","tov_pct":"15.416","usg_pct":"16.791","ortg":"133.094","drtg":"105.812","bpm":"4.056"},{"game_id":1118,"team_name":"UTA","player_id":"{\"conlemi01\"}","player_name":"{\"Mike Conley\"}","ts_pct":"0.578","efg_pct":"0.522","three_par":"0.477","ftr":"0.278","orb_pct":"2.125","drb_pct":"14.024","trb_pct":"8.394","ast_pct":"49.002","stl_pct":"1.732","blk_pct":"0.941","tov_pct":"11.326","usg_pct":"25.620","ortg":"130.459","drtg":"108.576","bpm":"7.684"},{"game_id":1118,"team_name":"UTA","player_id":"{\"inglejo01\"}","player_name":"{\"Joe Ingles\"}","ts_pct":"0.618","efg_pct":"0.610","three_par":"0.787","ftr":"0.182","orb_pct":"0.000","drb_pct":"9.861","trb_pct":"5.260","ast_pct":"19.468","stl_pct":"0.675","blk_pct":"0.000","tov_pct":"18.022","usg_pct":"14.412","ortg":"120.341","drtg":"117.753","bpm":"-1.322"},{"game_id":1118,"team_name":"UTA","player_id":"benchUTA","player_name":"Bench of UTA","ts_pct":"0.656","efg_pct":"0.620","three_par":"0.423","ftr":"0.290","orb_pct":"6.434","drb_pct":"15.356","trb_pct":"11.194","ast_pct":"9.701","stl_pct":"0.987","blk_pct":"2.587","tov_pct":"7.553","usg_pct":"20.674","ortg":"136.652","drtg":"112.849","bpm":"3.111"}]