[{"game_id":110,"team_name":"MIA","player_id":"{\"herroty01\"}","player_name":"{\"Tyler Herro\"}","ts_pct":"0.512","efg_pct":"0.493","three_par":"0.408","ftr":"0.128","orb_pct":"0.582","drb_pct":"16.828","trb_pct":"9.460","ast_pct":"21.555","stl_pct":"0.867","blk_pct":"0.000","tov_pct":"14.868","usg_pct":"21.326","ortg":"97.800","drtg":"109.776","bpm":"-1.569"},{"game_id":110,"team_name":"MIA","player_id":"{\"adebaba01\"}","player_name":"{\"Bam Adebayo\"}","ts_pct":"0.690","efg_pct":"0.649","three_par":"0.000","ftr":"0.489","orb_pct":"4.259","drb_pct":"21.732","trb_pct":"13.328","ast_pct":"21.054","stl_pct":"1.619","blk_pct":"2.313","tov_pct":"17.752","usg_pct":"22.895","ortg":"120.224","drtg":"106.847","bpm":"3.898"},{"game_id":110,"team_name":"MIA","player_id":"{\"butleji01\"}","player_name":"{\"Jimmy Butler\"}","ts_pct":"0.507","efg_pct":"0.429","three_par":"0.113","ftr":"0.420","orb_pct":"7.842","drb_pct":"13.404","trb_pct":"10.818","ast_pct":"34.500","stl_pct":"3.462","blk_pct":"1.068","tov_pct":"14.842","usg_pct":"24.074","ortg":"111.153","drtg":"103.306","bpm":"4.947"},{"game_id":110,"team_name":"MIA","player_id":"{\"robindu01\"}","player_name":"{\"Duncan Robinson\"}","ts_pct":"0.620","efg_pct":"0.571","three_par":"0.919","ftr":"0.315","orb_pct":"0.240","drb_pct":"12.992","trb_pct":"6.936","ast_pct":"8.194","stl_pct":"1.480","blk_pct":"0.949","tov_pct":"17.195","usg_pct":"16.389","ortg":"102.941","drtg":"109.188","bpm":"-0.304"},{"game_id":110,"team_name":"MIA","player_id":"{\"dragigo01\"}","player_name":"{\"Goran Dragić\"}","ts_pct":"0.516","efg_pct":"0.474","three_par":"0.338","ftr":"0.248","orb_pct":"1.625","drb_pct":"10.121","trb_pct":"5.901","ast_pct":"33.661","stl_pct":"1.740","blk_pct":"0.000","tov_pct":"22.005","usg_pct":"26.526","ortg":"95.541","drtg":"110.506","bpm":"-2.369"},{"game_id":110,"team_name":"MIA","player_id":"{\"bradlav01\"}","player_name":"{\"Avery Bradley\"}","ts_pct":"0.688","efg_pct":"0.665","three_par":"0.597","ftr":"0.180","orb_pct":"0.212","drb_pct":"7.746","trb_pct":"4.171","ast_pct":"9.909","stl_pct":"1.822","blk_pct":"0.146","tov_pct":"7.861","usg_pct":"17.436","ortg":"125.953","drtg":"108.306","bpm":"3.342"},{"game_id":110,"team_name":"MIA","player_id":"benchMIA","player_name":"Bench of MIA","ts_pct":"0.495","efg_pct":"0.486","three_par":"0.442","ftr":"0.297","orb_pct":"6.450","drb_pct":"19.481","trb_pct":"13.127","ast_pct":"8.256","stl_pct":"1.526","blk_pct":"2.429","tov_pct":"16.596","usg_pct":"17.442","ortg":"95.333","drtg":"105.615","bpm":"-1.547"},{"game_id":110,"team_name":"BOS","player_id":"{\"edwarca01\"}","player_name":"{\"Carsen Edwards\"}","ts_pct":"0.252","efg_pct":"0.260","three_par":"0.258","ftr":"0.099","orb_pct":"1.827","drb_pct":"10.160","trb_pct":"6.378","ast_pct":"5.421","stl_pct":"0.599","blk_pct":"1.605","tov_pct":"1.567","usg_pct":"17.555","ortg":"53.094","drtg":"110.553","bpm":"-9.479"},{"game_id":110,"team_name":"BOS","player_id":"{\"tatumja01\"}","player_name":"{\"Jayson Tatum\"}","ts_pct":"0.591","efg_pct":"0.552","three_par":"0.382","ftr":"0.260","orb_pct":"1.562","drb_pct":"23.333","trb_pct":"12.169","ast_pct":"20.029","stl_pct":"1.286","blk_pct":"2.668","tov_pct":"7.452","usg_pct":"30.111","ortg":"122.612","drtg":"112.176","bpm":"6.469"},{"game_id":110,"team_name":"BOS","player_id":"{\"brownja02\"}","player_name":"{\"Jaylen Brown\"}","ts_pct":"0.675","efg_pct":"0.655","three_par":"0.294","ftr":"0.222","orb_pct":"3.082","drb_pct":"12.438","trb_pct":"7.739","ast_pct":"15.878","stl_pct":"2.213","blk_pct":"1.259","tov_pct":"14.001","usg_pct":"28.876","ortg":"117.129","drtg":"113.094","bpm":"5.307"},{"game_id":110,"team_name":"BOS","player_id":"{\"smartma01\"}","player_name":"{\"Marcus Smart\"}","ts_pct":"0.535","efg_pct":"0.466","three_par":"0.582","ftr":"0.433","orb_pct":"2.712","drb_pct":"7.518","trb_pct":"5.121","ast_pct":"25.979","stl_pct":"2.458","blk_pct":"1.959","tov_pct":"14.219","usg_pct":"18.638","ortg":"118.106","drtg":"114.024","bpm":"1.939"},{"game_id":110,"team_name":"BOS","player_id":"{\"willigr01\"}","player_name":"{\"Grant Williams\"}","ts_pct":"0.543","efg_pct":"0.551","three_par":"0.475","ftr":"0.123","orb_pct":"5.296","drb_pct":"13.515","trb_pct":"8.845","ast_pct":"3.668","stl_pct":"0.841","blk_pct":"2.875","tov_pct":"12.511","usg_pct":"12.152","ortg":"84.671","drtg":"112.788","bpm":"-3.222"},{"game_id":110,"team_name":"BOS","player_id":"{\"theisda01\"}","player_name":"{\"Daniel Theis\"}","ts_pct":"0.568","efg_pct":"0.637","three_par":"0.298","ftr":"0.432","orb_pct":"6.344","drb_pct":"19.416","trb_pct":"12.704","ast_pct":"5.985","stl_pct":"0.866","blk_pct":"4.218","tov_pct":"15.065","usg_pct":"12.938","ortg":"107.059","drtg":"112.365","bpm":"-2.913"},{"game_id":110,"team_name":"BOS","player_id":"benchBOS","player_name":"Bench of BOS","ts_pct":"0.540","efg_pct":"0.531","three_par":"0.254","ftr":"0.271","orb_pct":"8.746","drb_pct":"19.618","trb_pct":"14.285","ast_pct":"8.574","stl_pct":"1.611","blk_pct":"3.086","tov_pct":"16.132","usg_pct":"14.541","ortg":"102.540","drtg":"111.866","bpm":"-1.612"}]