[{"game_id":1259,"team_name":"SAS","player_id":"{\"carrode01\"}","player_name":"{\"DeMarre Carroll\"}","ts_pct":"0.389","efg_pct":"0.340","three_par":"0.555","ftr":"0.219","orb_pct":"3.445","drb_pct":"15.768","trb_pct":"9.201","ast_pct":"4.893","stl_pct":"0.835","blk_pct":"0.904","tov_pct":"9.473","usg_pct":"15.233","ortg":"88.306","drtg":"117.024","bpm":"-6.155"},{"game_id":1259,"team_name":"SAS","player_id":"{\"derozde01\"}","player_name":"{\"DeMar DeRozan\"}","ts_pct":"0.579","efg_pct":"0.518","three_par":"0.013","ftr":"0.498","orb_pct":"1.714","drb_pct":"13.342","trb_pct":"7.501","ast_pct":"20.533","stl_pct":"1.407","blk_pct":"0.513","tov_pct":"14.682","usg_pct":"27.356","ortg":"110.447","drtg":"110.906","bpm":"0.692"},{"game_id":1259,"team_name":"SAS","player_id":"{\"aldrila01\"}","player_name":"{\"LaMarcus Aldridge\"}","ts_pct":"0.529","efg_pct":"0.479","three_par":"0.118","ftr":"0.296","orb_pct":"9.166","drb_pct":"17.628","trb_pct":"13.302","ast_pct":"10.127","stl_pct":"0.785","blk_pct":"4.352","tov_pct":"10.882","usg_pct":"24.504","ortg":"109.671","drtg":"108.094","bpm":"1.907"},{"game_id":1259,"team_name":"SAS","player_id":"{\"gayru01\"}","player_name":"{\"Rudy Gay\"}","ts_pct":"0.566","efg_pct":"0.517","three_par":"0.388","ftr":"0.348","orb_pct":"6.988","drb_pct":"25.621","trb_pct":"16.198","ast_pct":"13.499","stl_pct":"0.692","blk_pct":"2.480","tov_pct":"11.419","usg_pct":"21.762","ortg":"113.906","drtg":"108.247","bpm":"3.091"},{"game_id":1259,"team_name":"SAS","player_id":"{\"forbebr01\"}","player_name":"{\"Bryn Forbes\"}","ts_pct":"0.592","efg_pct":"0.561","three_par":"0.570","ftr":"0.181","orb_pct":"1.212","drb_pct":"9.739","trb_pct":"5.642","ast_pct":"3.642","stl_pct":"0.291","blk_pct":"0.176","tov_pct":"5.228","usg_pct":"16.975","ortg":"118.035","drtg":"114.647","bpm":"-1.774"},{"game_id":1259,"team_name":"SAS","player_id":"{\"murrade01\"}","player_name":"{\"Dejounte Murray\"}","ts_pct":"0.549","efg_pct":"0.491","three_par":"0.162","ftr":"0.423","orb_pct":"3.911","drb_pct":"26.896","trb_pct":"15.140","ast_pct":"24.268","stl_pct":"3.733","blk_pct":"1.979","tov_pct":"15.994","usg_pct":"21.701","ortg":"106.765","drtg":"101.424","bpm":"5.538"},{"game_id":1259,"team_name":"SAS","player_id":"benchSAS","player_name":"Bench of SAS","ts_pct":"0.512","efg_pct":"0.488","three_par":"0.361","ftr":"0.282","orb_pct":"6.584","drb_pct":"12.555","trb_pct":"9.619","ast_pct":"13.635","stl_pct":"0.885","blk_pct":"1.281","tov_pct":"9.998","usg_pct":"17.495","ortg":"112.329","drtg":"111.809","bpm":"-1.126"},{"game_id":1259,"team_name":"LAL","player_id":"{\"cookqu01\"}","player_name":"{\"Quinn Cook\"}","ts_pct":"0.364","efg_pct":"0.362","three_par":"0.446","ftr":"0.007","orb_pct":"0.621","drb_pct":"7.549","trb_pct":"4.184","ast_pct":"13.599","stl_pct":"0.388","blk_pct":"0.188","tov_pct":"6.482","usg_pct":"14.704","ortg":"77.176","drtg":"111.318","bpm":"-6.031"},{"game_id":1259,"team_name":"LAL","player_id":"{\"jamesle01\"}","player_name":"{\"LeBron James\"}","ts_pct":"0.594","efg_pct":"0.548","three_par":"0.290","ftr":"0.349","orb_pct":"2.641","drb_pct":"18.393","trb_pct":"10.655","ast_pct":"56.738","stl_pct":"1.581","blk_pct":"1.386","tov_pct":"16.180","usg_pct":"33.307","ortg":"116.776","drtg":"102.435","bpm":"10.406"},{"game_id":1259,"team_name":"LAL","player_id":"{\"davisan02\"}","player_name":"{\"Anthony Davis\"}","ts_pct":"0.596","efg_pct":"0.520","three_par":"0.164","ftr":"0.458","orb_pct":"11.509","drb_pct":"27.838","trb_pct":"19.421","ast_pct":"15.489","stl_pct":"1.978","blk_pct":"7.048","tov_pct":"10.660","usg_pct":"32.589","ortg":"115.247","drtg":"96.471","bpm":"9.262"},{"game_id":1259,"team_name":"LAL","player_id":"{\"caldwke01\"}","player_name":"{\"Kentavious Caldwell-Pope\"}","ts_pct":"0.377","efg_pct":"0.359","three_par":"0.390","ftr":"0.101","orb_pct":"1.631","drb_pct":"9.079","trb_pct":"5.368","ast_pct":"15.207","stl_pct":"1.446","blk_pct":"0.395","tov_pct":"10.220","usg_pct":"19.786","ortg":"82.529","drtg":"106.518","bpm":"-3.832"},{"game_id":1259,"team_name":"LAL","player_id":"{\"bradlav01\"}","player_name":"{\"Avery Bradley\"}","ts_pct":"0.518","efg_pct":"0.503","three_par":"0.403","ftr":"0.119","orb_pct":"1.192","drb_pct":"9.639","trb_pct":"5.321","ast_pct":"7.376","stl_pct":"1.991","blk_pct":"0.482","tov_pct":"12.894","usg_pct":"18.142","ortg":"93.718","drtg":"108.424","bpm":"-3.961"},{"game_id":1259,"team_name":"LAL","player_id":"{\"greenda02\"}","player_name":"{\"Danny Green\"}","ts_pct":"0.514","efg_pct":"0.514","three_par":"0.627","ftr":"0.071","orb_pct":"2.632","drb_pct":"9.348","trb_pct":"6.136","ast_pct":"6.333","stl_pct":"2.353","blk_pct":"0.953","tov_pct":"18.414","usg_pct":"14.221","ortg":"106.118","drtg":"103.788","bpm":"1.524"},{"game_id":1259,"team_name":"LAL","player_id":"benchLAL","player_name":"Bench of LAL","ts_pct":"0.519","efg_pct":"0.510","three_par":"0.288","ftr":"0.282","orb_pct":"5.283","drb_pct":"14.926","trb_pct":"10.235","ast_pct":"9.627","stl_pct":"1.641","blk_pct":"3.156","tov_pct":"16.851","usg_pct":"18.766","ortg":"97.732","drtg":"103.890","bpm":"-3.103"}]