[{"game_id":1118,"team_name":"MEM","player_id":"teamMEM","player_name":"Team name: MEM","ts_pct":"0.541","efg_pct":"0.506","three_par":"0.371","ftr":"0.241","orb_pct":"4.940","drb_pct":"14.485","trb_pct":"9.719","ast_pct":"13.032","stl_pct":"1.558","blk_pct":"2.830","tov_pct":"10.059","usg_pct":"18.773","ortg":"115.777","drtg":"119.370","bpm":"-0.839"},{"game_id":1118,"team_name":"UTA","player_id":"teamUTA","player_name":"Team name: UTA","ts_pct":"0.627","efg_pct":"0.590","three_par":"0.507","ftr":"0.305","orb_pct":"6.813","drb_pct":"16.575","trb_pct":"12.042","ast_pct":"10.277","stl_pct":"1.473","blk_pct":"1.468","tov_pct":"12.268","usg_pct":"21.607","ortg":"131.964","drtg":"126.068","bpm":"0.418"}]