[{"game_id":1115,"team_name":"BOS","player_id":"teamBOS","player_name":"Team name: BOS","ts_pct":"0.544","efg_pct":"0.528","three_par":"0.459","ftr":"0.276","orb_pct":"5.168","drb_pct":"17.450","trb_pct":"10.984","ast_pct":"14.489","stl_pct":"1.374","blk_pct":"2.618","tov_pct":"11.021","usg_pct":"21.752","ortg":"119.765","drtg":"138.589","bpm":"-2.677"},{"game_id":1115,"team_name":"BRK","player_id":"teamBRK","player_name":"Team name: BRK","ts_pct":"0.592","efg_pct":"0.553","three_par":"0.398","ftr":"0.340","orb_pct":"5.890","drb_pct":"15.747","trb_pct":"11.376","ast_pct":"14.979","stl_pct":"1.449","blk_pct":"2.494","tov_pct":"10.867","usg_pct":"20.169","ortg":"123.600","drtg":"121.915","bpm":"-0.812"}]