[{"game_id":1036,"team_name":"SAC","player_id":"teamSAC","player_name":"Team name: SAC","ts_pct":"0.548","efg_pct":"0.521","three_par":"0.353","ftr":"0.287","orb_pct":"3.773","drb_pct":"14.596","trb_pct":"9.401","ast_pct":"13.672","stl_pct":"1.866","blk_pct":"2.107","tov_pct":"14.791","usg_pct":"20.200","ortg":"105.764","drtg":"116.896","bpm":"-3.120"},{"game_id":1036,"team_name":"OKC","player_id":"teamOKC","player_name":"Team name: OKC","ts_pct":"0.516","efg_pct":"0.491","three_par":"0.356","ftr":"0.295","orb_pct":"5.296","drb_pct":"17.196","trb_pct":"10.429","ast_pct":"15.570","stl_pct":"1.813","blk_pct":"1.273","tov_pct":"14.843","usg_pct":"20.480","ortg":"102.525","drtg":"128.118","bpm":"-4.576"}]