[{"game_id":1262,"team_name":"BRK","player_id":"teamBRK","player_name":"Team name: BRK","ts_pct":"0.527","efg_pct":"0.494","three_par":"0.389","ftr":"0.369","orb_pct":"5.375","drb_pct":"16.831","trb_pct":"10.956","ast_pct":"15.143","stl_pct":"1.816","blk_pct":"1.477","tov_pct":"18.340","usg_pct":"19.873","ortg":"106.085","drtg":"122.077","bpm":"-1.108"},{"game_id":1262,"team_name":"NOP","player_id":"teamNOP","player_name":"Team name: NOP","ts_pct":"0.557","efg_pct":"0.538","three_par":"0.419","ftr":"0.228","orb_pct":"4.778","drb_pct":"15.493","trb_pct":"10.199","ast_pct":"15.550","stl_pct":"1.206","blk_pct":"1.607","tov_pct":"12.873","usg_pct":"19.811","ortg":"110.691","drtg":"116.560","bpm":"-1.927"}]