[{"game_id":1075,"team_name":"CHI","player_id":"{\"whiteco01\"}","player_name":"{\"Coby White\"}","ts_pct":"0.525","efg_pct":"0.518","three_par":"0.604","ftr":"0.053","orb_pct":"1.556","drb_pct":"11.639","trb_pct":"6.574","ast_pct":"24.932","stl_pct":"0.698","blk_pct":"0.551","tov_pct":"13.294","usg_pct":"22.093","ortg":"106.471","drtg":"113.141","bpm":"-0.800"},{"game_id":1075,"team_name":"CHI","player_id":"{\"willipa01\"}","player_name":"{\"Patrick Williams\"}","ts_pct":"0.642","efg_pct":"0.636","three_par":"0.283","ftr":"0.290","orb_pct":"5.071","drb_pct":"12.305","trb_pct":"8.473","ast_pct":"7.311","stl_pct":"1.888","blk_pct":"2.096","tov_pct":"16.092","usg_pct":"16.044","ortg":"108.153","drtg":"109.294","bpm":"-0.294"},{"game_id":1075,"team_name":"CHI","player_id":"{\"templga01\"}","player_name":"{\"Garrett Temple\"}","ts_pct":"0.498","efg_pct":"0.452","three_par":"0.422","ftr":"0.240","orb_pct":"2.071","drb_pct":"9.396","trb_pct":"5.873","ast_pct":"9.792","stl_pct":"1.412","blk_pct":"3.461","tov_pct":"9.584","usg_pct":"11.525","ortg":"111.318","drtg":"109.576","bpm":"-3.238"},{"game_id":1075,"team_name":"CHI","player_id":"{\"youngth01\"}","player_name":"{\"Thaddeus Young\"}","ts_pct":"0.480","efg_pct":"0.450","three_par":"0.080","ftr":"0.221","orb_pct":"11.960","drb_pct":"16.660","trb_pct":"14.021","ast_pct":"27.746","stl_pct":"1.834","blk_pct":"2.158","tov_pct":"15.722","usg_pct":"23.419","ortg":"103.612","drtg":"108.141","bpm":"1.189"},{"game_id":1075,"team_name":"CHI","player_id":"{\"markkla01\"}","player_name":"{\"Lauri Markkanen\"}","ts_pct":"0.649","efg_pct":"0.637","three_par":"0.685","ftr":"0.237","orb_pct":"3.161","drb_pct":"20.260","trb_pct":"11.908","ast_pct":"4.585","stl_pct":"1.806","blk_pct":"1.285","tov_pct":"9.465","usg_pct":"17.776","ortg":"119.553","drtg":"108.694","bpm":"1.685"},{"game_id":1075,"team_name":"CHI","player_id":"{\"greenja02\"}","player_name":"{\"Javonte Green\"}","ts_pct":"0.544","efg_pct":"0.417","three_par":"0.300","ftr":"0.468","orb_pct":"2.751","drb_pct":"12.638","trb_pct":"7.740","ast_pct":"3.899","stl_pct":"2.038","blk_pct":"0.811","tov_pct":"7.313","usg_pct":"13.998","ortg":"108.282","drtg":"108.212","bpm":"-3.681"},{"game_id":1075,"team_name":"CHI","player_id":"benchCHI","player_name":"Bench of CHI","ts_pct":"0.383","efg_pct":"0.361","three_par":"0.277","ftr":"0.170","orb_pct":"3.748","drb_pct":"13.066","trb_pct":"8.556","ast_pct":"18.432","stl_pct":"4.335","blk_pct":"0.189","tov_pct":"5.614","usg_pct":"17.583","ortg":"100.732","drtg":"105.540","bpm":"8.889"},{"game_id":1075,"team_name":"MIL","player_id":"{\"diakima01\"}","player_name":"{\"Mamadi Diakite\"}","ts_pct":"0.306","efg_pct":"0.282","three_par":"0.213","ftr":"0.113","orb_pct":"4.435","drb_pct":"18.188","trb_pct":"11.361","ast_pct":"17.960","stl_pct":"1.913","blk_pct":"1.725","tov_pct":"7.360","usg_pct":"11.835","ortg":"104.729","drtg":"105.212","bpm":"-0.092"},{"game_id":1075,"team_name":"MIL","player_id":"{\"nworajo01\"}","player_name":"{\"Jordan Nwora\"}","ts_pct":"0.201","efg_pct":"0.197","three_par":"0.337","ftr":"0.041","orb_pct":"12.555","drb_pct":"9.529","trb_pct":"9.605","ast_pct":"0.873","stl_pct":"2.418","blk_pct":"0.565","tov_pct":"17.439","usg_pct":"22.144","ortg":"43.741","drtg":"109.624","bpm":"-14.349"},{"game_id":1075,"team_name":"MIL","player_id":"{\"teaguje01\"}","player_name":"{\"Jeff Teague\"}","ts_pct":"0.541","efg_pct":"0.512","three_par":"0.243","ftr":"0.229","orb_pct":"1.899","drb_pct":"5.609","trb_pct":"3.932","ast_pct":"14.845","stl_pct":"1.781","blk_pct":"1.449","tov_pct":"28.986","usg_pct":"21.698","ortg":"85.388","drtg":"119.318","bpm":"-6.764"},{"game_id":1075,"team_name":"MIL","player_id":"{\"jacksju01\"}","player_name":"{\"Justin Jackson\"}","ts_pct":"0.493","efg_pct":"0.452","three_par":"0.549","ftr":"0.254","orb_pct":"2.234","drb_pct":"8.711","trb_pct":"5.307","ast_pct":"17.429","stl_pct":"1.776","blk_pct":"0.374","tov_pct":"9.767","usg_pct":"24.520","ortg":"99.353","drtg":"120.788","bpm":"-0.665"},{"game_id":1075,"team_name":"MIL","player_id":"{\"bryanel01\"}","player_name":"{\"Elijah Bryant\"}","ts_pct":"0.541","efg_pct":"0.512","three_par":"0.411","ftr":"0.251","orb_pct":"5.142","drb_pct":"12.142","trb_pct":"9.004","ast_pct":"11.853","stl_pct":"1.283","blk_pct":"1.535","tov_pct":"9.924","usg_pct":"18.632","ortg":"110.000","drtg":"110.000","bpm":"-1.642"},{"game_id":1075,"team_name":"MIL","player_id":"{\"merrisa01\"}","player_name":"{\"Sam Merrill\"}","ts_pct":"0.504","efg_pct":"0.502","three_par":"0.353","ftr":"0.055","orb_pct":"0.000","drb_pct":"2.682","trb_pct":"1.395","ast_pct":"6.755","stl_pct":"0.000","blk_pct":"0.000","tov_pct":"11.089","usg_pct":"11.048","ortg":"100.647","drtg":"120.329","bpm":"-1.546"},{"game_id":1075,"team_name":"MIL","player_id":"benchMIL","player_name":"Bench of MIL","ts_pct":"0.304","efg_pct":"0.224","three_par":"0.480","ftr":"0.492","orb_pct":"6.338","drb_pct":"14.676","trb_pct":"10.595","ast_pct":"8.980","stl_pct":"1.646","blk_pct":"0.696","tov_pct":"7.345","usg_pct":"10.391","ortg":"86.892","drtg":"116.276","bpm":"-4.660"}]