[{"game_id":1054,"team_name":"OKC","player_id":"teamOKC","player_name":"Team name: OKC","fg":"37.314","fga":"90.366","fg_pct":"0.413","three_p":"10.086","three_pa":"33.857","three_p_pct":"0.298","ft":"16.863","fta":"24.766","ft_pct":"0.681","orb":"12.097","drb":"33.303","trb":"45.400","ast":"21.806","stl":"7.989","blk":"2.937","tov":"16.269","pf":"18.171","pts":"101.577"},{"game_id":1054,"team_name":"UTA","player_id":"teamUTA","player_name":"Team name: UTA","fg":"41.977","fga":"86.509","fg_pct":"0.485","three_p":"15.846","three_pa":"41.966","three_p_pct":"0.378","ft":"16.354","fta":"19.691","ft_pct":"0.831","orb":"10.640","drb":"36.783","trb":"47.423","ast":"22.680","stl":"6.554","blk":"3.966","tov":"13.663","pf":"17.314","pts":"116.154"}]