[{"game_id":1107,"team_name":"BOS","player_id":"{\"nesmiaa01\"}","player_name":"{\"Aaron Nesmith\"}","fg":"1.765","fga":"5.624","fg_pct":"0.314","three_p":"0.729","three_pa":"3.318","three_p_pct":"0.220","ft":"0.871","fta":"0.871","ft_pct":"1.000","orb":"0.635","drb":"3.224","trb":"3.859","ast":"0.824","stl":"0.447","blk":"0.129","tov":"0.553","pf":"2.129","pts":"5.129"},{"game_id":1107,"team_name":"BOS","player_id":"{\"williro04\"}","player_name":"{\"Robert Williams\"}","fg":"3.471","fga":"4.918","fg_pct":"0.706","three_p":"0.000","three_pa":"0.059","three_p_pct":"0.000","ft":"0.659","fta":"1.329","ft_pct":"0.496","orb":"2.435","drb":"3.776","trb":"6.212","ast":"1.765","stl":"0.659","blk":"2.118","tov":"0.647","pf":"1.906","pts":"7.600"},{"game_id":1107,"team_name":"BOS","player_id":"{\"pritcpa01\"}","player_name":"{\"Payton Pritchard\"}","fg":"1.671","fga":"5.929","fg_pct":"0.282","three_p":"1.200","three_pa":"4.024","three_p_pct":"0.298","ft":"0.400","fta":"0.494","ft_pct":"0.810","orb":"0.212","drb":"2.365","trb":"2.576","ast":"2.024","stl":"0.671","blk":"0.000","tov":"0.376","pf":"0.988","pts":"4.941"},{"game_id":1107,"team_name":"BOS","player_id":"{\"tatumja01\"}","player_name":"{\"Jayson Tatum\"}","fg":"8.576","fga":"20.565","fg_pct":"0.417","three_p":"2.576","three_pa":"7.188","three_p_pct":"0.358","ft":"6.624","fta":"7.459","ft_pct":"0.888","orb":"0.953","drb":"5.353","trb":"6.306","ast":"3.400","stl":"1.341","blk":"1.341","tov":"2.847","pf":"2.506","pts":"26.353"},{"game_id":1107,"team_name":"BOS","player_id":"{\"smartma01\"}","player_name":"{\"Marcus Smart\"}","fg":"4.224","fga":"10.812","fg_pct":"0.391","three_p":"2.059","three_pa":"6.094","three_p_pct":"0.338","ft":"1.224","fta":"2.118","ft_pct":"0.578","orb":"0.565","drb":"2.824","trb":"3.388","ast":"6.176","stl":"1.294","blk":"0.259","tov":"2.671","pf":"2.694","pts":"11.729"},{"game_id":1107,"team_name":"BOS","player_id":"{\"fournev01\"}","player_name":"{\"Evan Fournier\"}","fg":"5.824","fga":"12.424","fg_pct":"0.469","three_p":"3.576","three_pa":"6.471","three_p_pct":"0.553","ft":"0.976","fta":"1.188","ft_pct":"0.822","orb":"0.671","drb":"3.224","trb":"3.894","ast":"3.612","stl":"1.306","blk":"0.447","tov":"1.341","pf":"3.047","pts":"16.200"},{"game_id":1107,"team_name":"BOS","player_id":"benchBOS","player_name":"Bench of BOS","fg":"4.095","fga":"8.648","fg_pct":"0.474","three_p":"1.177","three_pa":"2.937","three_p_pct":"0.401","ft":"1.924","fta":"2.728","ft_pct":"0.705","orb":"1.704","drb":"3.014","trb":"4.718","ast":"1.927","stl":"0.634","blk":"0.439","tov":"1.156","pf":"1.967","pts":"11.292"},{"game_id":1107,"team_name":"BRK","player_id":"{\"johnsty01\"}","player_name":"{\"Tyler Johnson\"}","fg":"1.729","fga":"4.718","fg_pct":"0.366","three_p":"1.071","three_pa":"3.518","three_p_pct":"0.304","ft":"0.141","fta":"0.141","ft_pct":"1.000","orb":"0.106","drb":"1.812","trb":"1.918","ast":"1.812","stl":"0.176","blk":"0.000","tov":"0.400","pf":"1.282","pts":"4.671"},{"game_id":1107,"team_name":"BRK","player_id":"{\"irvinky01\"}","player_name":"{\"Kyrie Irving\"}","fg":"9.318","fga":"17.400","fg_pct":"0.536","three_p":"3.082","three_pa":"6.753","three_p_pct":"0.456","ft":"2.635","fta":"2.800","ft_pct":"0.941","orb":"0.918","drb":"3.306","trb":"4.224","ast":"3.400","stl":"1.306","blk":"1.200","tov":"1.824","pf":"2.506","pts":"24.353"},{"game_id":1107,"team_name":"BRK","player_id":"{\"duranke01\"}","player_name":"{\"Kevin Durant\"}","fg":"8.047","fga":"16.424","fg_pct":"0.490","three_p":"1.600","three_pa":"4.871","three_p_pct":"0.328","ft":"6.635","fta":"7.176","ft_pct":"0.925","orb":"0.576","drb":"8.094","trb":"8.671","ast":"6.024","stl":"0.729","blk":"1.706","tov":"3.282","pf":"1.882","pts":"24.329"},{"game_id":1107,"team_name":"BRK","player_id":"{\"hardeja01\"}","player_name":"{\"James Harden\"}","fg":"5.835","fga":"12.847","fg_pct":"0.454","three_p":"2.129","three_pa":"5.871","three_p_pct":"0.363","ft":"5.518","fta":"6.541","ft_pct":"0.844","orb":"0.588","drb":"6.318","trb":"6.906","ast":"8.294","stl":"1.494","blk":"0.765","tov":"2.565","pf":"2.059","pts":"19.318"},{"game_id":1107,"team_name":"BRK","player_id":"{\"harrijo01\"}","player_name":"{\"Joe Harris\"}","fg":"4.988","fga":"10.706","fg_pct":"0.466","three_p":"3.024","three_pa":"6.541","three_p_pct":"0.462","ft":"0.294","fta":"0.353","ft_pct":"0.833","orb":"0.518","drb":"3.376","trb":"3.894","ast":"1.882","stl":"0.765","blk":"0.259","tov":"1.400","pf":"2.835","pts":"13.294"},{"game_id":1107,"team_name":"BRK","player_id":"{\"griffbl01\"}","player_name":"{\"Blake Griffin\"}","fg":"3.435","fga":"6.459","fg_pct":"0.532","three_p":"0.918","three_pa":"2.482","three_p_pct":"0.370","ft":"1.435","fta":"1.953","ft_pct":"0.735","orb":"1.176","drb":"2.318","trb":"3.494","ast":"2.976","stl":"0.635","blk":"0.188","tov":"0.518","pf":"2.400","pts":"9.224"},{"game_id":1107,"team_name":"BRK","player_id":"benchBRK","player_name":"Bench of BRK","fg":"2.888","fga":"5.371","fg_pct":"0.538","three_p":"0.691","three_pa":"1.844","three_p_pct":"0.375","ft":"0.933","fta":"1.442","ft_pct":"0.647","orb":"1.255","drb":"3.421","trb":"4.676","ast":"1.334","stl":"0.495","blk":"0.855","tov":"0.551","pf":"2.138","pts":"7.400"}]