[{"game_id":1026,"team_name":"CHO","player_id":"teamCHO","player_name":"Team name: CHO","ts_pct":"0.506","efg_pct":"0.472","three_par":"0.307","ftr":"0.308","orb_pct":"6.156","drb_pct":"14.429","trb_pct":"10.325","ast_pct":"14.866","stl_pct":"1.316","blk_pct":"2.275","tov_pct":"11.031","usg_pct":"19.037","ortg":"110.970","drtg":"115.061","bpm":"-1.851"},{"game_id":1026,"team_name":"DEN","player_id":"teamDEN","player_name":"Team name: DEN","ts_pct":"0.542","efg_pct":"0.506","three_par":"0.444","ftr":"0.253","orb_pct":"4.597","drb_pct":"17.291","trb_pct":"10.791","ast_pct":"15.611","stl_pct":"1.710","blk_pct":"2.663","tov_pct":"13.781","usg_pct":"21.744","ortg":"115.151","drtg":"121.903","bpm":"-1.678"}]