[{"game_id":124,"team_name":"NOP","player_id":"{\"balllo01\"}","player_name":"{\"Lonzo Ball\"}","fg":"5.188","fga":"12.765","fg_pct":"0.406","three_p":"2.376","three_pa":"7.059","three_p_pct":"0.337","ft":"0.694","fta":"1.047","ft_pct":"0.663","orb":"0.565","drb":"4.035","trb":"4.600","ast":"4.953","stl":"0.824","blk":"0.694","tov":"3.012","pf":"3.353","pts":"13.447"},{"game_id":124,"team_name":"NOP","player_id":"{\"ingrabr01\"}","player_name":"{\"Brandon Ingram\"}","fg":"8.353","fga":"18.353","fg_pct":"0.455","three_p":"1.941","three_pa":"5.447","three_p_pct":"0.356","ft":"5.576","fta":"6.529","ft_pct":"0.854","orb":"0.659","drb":"6.200","trb":"6.859","ast":"5.247","stl":"0.565","blk":"0.694","tov":"2.294","pf":"1.106","pts":"24.224"},{"game_id":124,"team_name":"NOP","player_id":"{\"adamsst01\"}","player_name":"{\"Steven Adams\"}","fg":"4.329","fga":"6.824","fg_pct":"0.634","three_p":"0.000","three_pa":"0.000","three_p_pct":"NaN","ft":"1.459","fta":"2.941","ft_pct":"0.496","orb":"3.824","drb":"5.647","trb":"9.471","ast":"2.624","stl":"1.565","blk":"0.600","tov":"2.094","pf":"1.871","pts":"10.118"},{"game_id":124,"team_name":"NOP","player_id":"{\"willizi01\"}","player_name":"{\"Zion Williamson\"}","fg":"8.553","fga":"15.012","fg_pct":"0.570","three_p":"0.000","three_pa":"0.176","three_p_pct":"0.000","ft":"4.953","fta":"7.541","ft_pct":"0.657","orb":"3.235","drb":"4.200","trb":"7.435","ast":"1.129","stl":"1.329","blk":"0.435","tov":"2.400","pf":"2.329","pts":"22.059"},{"game_id":124,"team_name":"NOP","player_id":"{\"bledser01\"}","player_name":"{\"Eric Bledsoe\"}","fg":"4.388","fga":"10.047","fg_pct":"0.437","three_p":"1.718","three_pa":"4.659","three_p_pct":"0.369","ft":"1.918","fta":"2.647","ft_pct":"0.725","orb":"0.635","drb":"3.459","trb":"4.094","ast":"4.518","stl":"1.024","blk":"0.459","tov":"1.906","pf":"1.882","pts":"12.412"},{"game_id":124,"team_name":"NOP","player_id":"{\"hayesja02\"}","player_name":"{\"Jaxson Hayes\"}","fg":"1.671","fga":"2.753","fg_pct":"0.607","three_p":"0.000","three_pa":"0.000","three_p_pct":"NaN","ft":"1.071","fta":"1.365","ft_pct":"0.785","orb":"1.376","drb":"2.941","trb":"4.318","ast":"0.376","stl":"0.282","blk":"0.694","tov":"0.776","pf":"1.965","pts":"4.412"},{"game_id":124,"team_name":"NOP","player_id":"benchNOP","player_name":"Bench of NOP","fg":"2.310","fga":"6.672","fg_pct":"0.346","three_p":"1.027","three_pa":"3.894","three_p_pct":"0.264","ft":"1.273","fta":"1.518","ft_pct":"0.839","orb":"0.471","drb":"3.556","trb":"4.027","ast":"1.481","stl":"0.677","blk":"0.155","tov":"1.059","pf":"1.583","pts":"6.921"},{"game_id":124,"team_name":"CHO","player_id":"{\"martico01\"}","player_name":"{\"Cody Martin\"}","fg":"1.529","fga":"3.494","fg_pct":"0.438","three_p":"0.071","three_pa":"1.141","three_p_pct":"0.062","ft":"0.741","fta":"1.059","ft_pct":"0.700","orb":"0.776","drb":"2.353","trb":"3.129","ast":"2.471","stl":"0.612","blk":"0.082","tov":"0.612","pf":"1.141","pts":"3.871"},{"game_id":124,"team_name":"CHO","player_id":"{\"haywago01\"}","player_name":"{\"Gordon Hayward\"}","fg":"8.000","fga":"16.318","fg_pct":"0.490","three_p":"1.965","three_pa":"5.494","three_p_pct":"0.358","ft":"3.482","fta":"3.871","ft_pct":"0.900","orb":"0.553","drb":"4.976","trb":"5.529","ast":"3.741","stl":"1.365","blk":"0.471","tov":"1.906","pf":"2.600","pts":"21.447"},{"game_id":124,"team_name":"CHO","player_id":"{\"grahade01\"}","player_name":"{\"Devonte' Graham\"}","fg":"3.882","fga":"13.435","fg_pct":"0.289","three_p":"2.953","three_pa":"8.459","three_p_pct":"0.349","ft":"1.612","fta":"1.929","ft_pct":"0.836","orb":"0.353","drb":"2.624","trb":"2.976","ast":"6.129","stl":"1.706","blk":"0.000","tov":"1.012","pf":"1.506","pts":"12.329"},{"game_id":124,"team_name":"CHO","player_id":"{\"roziete01\"}","player_name":"{\"Terry Rozier\"}","fg":"6.941","fga":"14.494","fg_pct":"0.479","three_p":"3.541","three_pa":"7.541","three_p_pct":"0.470","ft":"3.353","fta":"4.012","ft_pct":"0.836","orb":"0.624","drb":"2.494","trb":"3.118","ast":"2.894","stl":"0.965","blk":"0.553","tov":"1.941","pf":"2.071","pts":"20.776"},{"game_id":124,"team_name":"CHO","player_id":"{\"bridgmi02\"}","player_name":"{\"Miles Bridges\"}","fg":"3.082","fga":"8.200","fg_pct":"0.376","three_p":"1.141","three_pa":"3.741","three_p_pct":"0.305","ft":"1.024","fta":"1.082","ft_pct":"0.946","orb":"1.047","drb":"5.482","trb":"6.529","ast":"1.671","stl":"0.682","blk":"1.282","tov":"1.871","pf":"1.988","pts":"8.329"},{"game_id":124,"team_name":"CHO","player_id":"{\"washipj01\"}","player_name":"{\"P.J. Washington\"}","fg":"3.729","fga":"9.388","fg_pct":"0.397","three_p":"1.165","three_pa":"3.141","three_p_pct":"0.371","ft":"2.129","fta":"3.106","ft_pct":"0.685","orb":"1.729","drb":"4.694","trb":"6.424","ast":"2.706","stl":"1.094","blk":"0.882","tov":"2.200","pf":"3.094","pts":"10.753"},{"game_id":124,"team_name":"CHO","player_id":"benchCHO","player_name":"Bench of CHO","fg":"3.552","fga":"7.770","fg_pct":"0.457","three_p":"0.802","three_pa":"2.340","three_p_pct":"0.343","ft":"1.584","fta":"2.494","ft_pct":"0.635","orb":"1.778","drb":"3.317","trb":"5.095","ast":"3.195","stl":"0.918","blk":"0.625","tov":"1.366","pf":"2.096","pts":"9.489"}]