[{"game_id":1028,"team_name":"DET","player_id":"{\"hayeski01\"}","player_name":"{\"Killian Hayes\"}","fg":"3.553","fga":"8.800","fg_pct":"0.404","three_p":"1.141","three_pa":"2.988","three_p_pct":"0.382","ft":"0.400","fta":"0.647","ft_pct":"0.618","orb":"0.271","drb":"3.165","trb":"3.435","ast":"6.953","stl":"1.118","blk":"0.294","tov":"4.624","pf":"2.412","pts":"8.647"},{"game_id":1028,"team_name":"DET","player_id":"{\"beysa01\"}","player_name":"{\"Saddiq Bey\"}","fg":"5.071","fga":"12.529","fg_pct":"0.405","three_p":"3.165","three_pa":"7.600","three_p_pct":"0.416","ft":"2.212","fta":"2.729","ft_pct":"0.811","orb":"1.024","drb":"6.259","trb":"7.282","ast":"1.647","stl":"0.600","blk":"0.459","tov":"0.706","pf":"1.071","pts":"15.518"},{"game_id":1028,"team_name":"DET","player_id":"{\"stewais01\"}","player_name":"{\"Isaiah Stewart\"}","fg":"4.271","fga":"9.247","fg_pct":"0.462","three_p":"0.965","three_pa":"3.624","three_p_pct":"0.266","ft":"1.941","fta":"2.506","ft_pct":"0.775","orb":"1.847","drb":"5.341","trb":"7.188","ast":"0.765","stl":"0.624","blk":"2.435","tov":"0.965","pf":"3.447","pts":"11.447"},{"game_id":1028,"team_name":"DET","player_id":"{\"leesa01\"}","player_name":"{\"Saben Lee\"}","fg":"2.153","fga":"5.118","fg_pct":"0.421","three_p":"0.106","three_pa":"0.706","three_p_pct":"0.150","ft":"0.553","fta":"1.059","ft_pct":"0.522","orb":"0.424","drb":"1.224","trb":"1.647","ast":"4.412","stl":"0.482","blk":"0.188","tov":"1.259","pf":"1.988","pts":"4.965"},{"game_id":1028,"team_name":"DET","player_id":"{\"doumbse01\"}","player_name":"{\"Sekou Doumbouya\"}","fg":"4.224","fga":"9.247","fg_pct":"0.457","three_p":"0.565","three_pa":"2.965","three_p_pct":"0.191","ft":"1.082","fta":"1.906","ft_pct":"0.568","orb":"1.329","drb":"2.729","trb":"4.059","ast":"1.859","stl":"0.435","blk":"0.435","tov":"0.953","pf":"2.200","pts":"10.094"},{"game_id":1028,"team_name":"DET","player_id":"{\"jacksjo02\"}","player_name":"{\"Josh Jackson\"}","fg":"4.588","fga":"11.941","fg_pct":"0.384","three_p":"0.871","three_pa":"4.024","three_p_pct":"0.216","ft":"3.518","fta":"4.753","ft_pct":"0.740","orb":"0.906","drb":"2.671","trb":"3.576","ast":"2.965","stl":"0.576","blk":"0.824","tov":"2.624","pf":"2.871","pts":"13.565"},{"game_id":1028,"team_name":"DET","player_id":"benchDET","player_name":"Bench of DET","fg":"1.944","fga":"3.050","fg_pct":"0.637","three_p":"0.229","three_pa":"0.646","three_p_pct":"0.354","ft":"0.403","fta":"0.864","ft_pct":"0.466","orb":"0.490","drb":"2.291","trb":"2.780","ast":"0.411","stl":"0.234","blk":"0.050","tov":"0.562","pf":"1.142","pts":"4.521"},{"game_id":1028,"team_name":"MIN","player_id":"{\"edwaran01\"}","player_name":"{\"Anthony Edwards\"}","fg":"9.447","fga":"18.082","fg_pct":"0.522","three_p":"2.988","three_pa":"8.071","three_p_pct":"0.370","ft":"2.412","fta":"3.576","ft_pct":"0.674","orb":"1.141","drb":"6.071","trb":"7.212","ast":"4.176","stl":"0.988","blk":"0.882","tov":"3.094","pf":"2.647","pts":"24.294"},{"game_id":1028,"team_name":"MIN","player_id":"{\"townska01\"}","player_name":"{\"Karl-Anthony Towns\"}","fg":"8.318","fga":"17.459","fg_pct":"0.476","three_p":"2.541","three_pa":"6.753","three_p_pct":"0.376","ft":"6.329","fta":"7.588","ft_pct":"0.834","orb":"2.024","drb":"7.082","trb":"9.106","ast":"4.353","stl":"0.871","blk":"0.565","tov":"3.259","pf":"4.153","pts":"25.506"},{"game_id":1028,"team_name":"MIN","player_id":"{\"rubiori01\"}","player_name":"{\"Ricky Rubio\"}","fg":"3.600","fga":"8.118","fg_pct":"0.443","three_p":"1.518","three_pa":"4.235","three_p_pct":"0.358","ft":"2.118","fta":"2.259","ft_pct":"0.938","orb":"0.412","drb":"2.918","trb":"3.329","ast":"5.424","stl":"1.776","blk":"0.000","tov":"1.047","pf":"1.706","pts":"10.835"},{"game_id":1028,"team_name":"MIN","player_id":"{\"russeda01\"}","player_name":"{\"D'Angelo Russell\"}","fg":"6.941","fga":"15.847","fg_pct":"0.438","three_p":"3.094","three_pa":"8.071","three_p_pct":"0.383","ft":"2.600","fta":"3.741","ft_pct":"0.695","orb":"0.565","drb":"2.718","trb":"3.282","ast":"8.118","stl":"0.824","blk":"0.141","tov":"2.376","pf":"1.094","pts":"19.576"},{"game_id":1028,"team_name":"MIN","player_id":"{\"mcdanja02\"}","player_name":"{\"Jaden McDaniels\"}","fg":"2.588","fga":"5.635","fg_pct":"0.459","three_p":"1.224","three_pa":"3.306","three_p_pct":"0.370","ft":"0.435","fta":"0.588","ft_pct":"0.740","orb":"1.012","drb":"3.376","trb":"4.388","ast":"1.329","stl":"0.812","blk":"0.576","tov":"0.682","pf":"3.918","pts":"6.835"},{"game_id":1028,"team_name":"MIN","player_id":"{\"laymaja01\"}","player_name":"{\"Jake Layman\"}","fg":"1.471","fga":"2.753","fg_pct":"0.534","three_p":"0.365","three_pa":"1.094","three_p_pct":"0.334","ft":"0.318","fta":"0.682","ft_pct":"0.466","orb":"0.000","drb":"0.447","trb":"0.447","ast":"0.235","stl":"0.376","blk":"0.259","tov":"0.318","pf":"0.624","pts":"3.624"},{"game_id":1028,"team_name":"MIN","player_id":"benchMIN","player_name":"Bench of MIN","fg":"2.630","fga":"5.815","fg_pct":"0.452","three_p":"0.688","three_pa":"2.327","three_p_pct":"0.296","ft":"0.798","fta":"1.383","ft_pct":"0.577","orb":"1.121","drb":"2.828","trb":"3.948","ast":"1.351","stl":"0.665","blk":"0.470","tov":"0.680","pf":"1.561","pts":"6.746"}]