[{"game_id":1135,"team_name":"UTA","player_id":"teamUTA","player_name":"Team name: UTA","fg":"41.491","fga":"87.240","fg_pct":"0.476","three_p":"15.766","three_pa":"40.720","three_p_pct":"0.387","ft":"20.451","fta":"24.343","ft_pct":"0.840","orb":"10.834","drb":"36.960","trb":"47.794","ast":"22.503","stl":"6.200","blk":"4.760","tov":"13.109","pf":"18.229","pts":"119.200"},{"game_id":1135,"team_name":"LAC","player_id":"teamLAC","player_name":"Team name: LAC","fg":"39.971","fga":"82.806","fg_pct":"0.483","three_p":"13.629","three_pa":"37.291","three_p_pct":"0.365","ft":"18.189","fta":"21.611","ft_pct":"0.842","orb":"9.006","drb":"32.766","trb":"41.771","ast":"23.097","stl":"7.137","blk":"4.851","tov":"10.337","pf":"19.200","pts":"111.760"}]