[{"game_id":1126,"team_name":"POR","player_id":"{\"holliro01\"}","player_name":"{\"Rondae Hollis-Jefferson\"}","fg":"0.788","fga":"0.976","fg_pct":"0.807","three_p":"0.000","three_pa":"0.000","three_p_pct":"NaN","ft":"0.306","fta":"0.635","ft_pct":"0.482","orb":"0.412","drb":"1.247","trb":"1.659","ast":"0.412","stl":"0.000","blk":"0.059","tov":"0.000","pf":"0.941","pts":"1.882"},{"game_id":1126,"team_name":"POR","player_id":"{\"lillada01\"}","player_name":"{\"Damian Lillard\"}","fg":"10.741","fga":"21.071","fg_pct":"0.510","three_p":"5.600","three_pa":"11.718","three_p_pct":"0.478","ft":"7.047","fta":"7.588","ft_pct":"0.929","orb":"0.318","drb":"4.224","trb":"4.541","ast":"8.647","stl":"0.635","blk":"0.647","tov":"1.800","pf":"1.365","pts":"34.129"},{"game_id":1126,"team_name":"POR","player_id":"{\"covinro01\"}","player_name":"{\"Robert Covington\"}","fg":"2.824","fga":"6.459","fg_pct":"0.437","three_p":"1.635","three_pa":"4.200","three_p_pct":"0.389","ft":"1.318","fta":"1.624","ft_pct":"0.812","orb":"1.306","drb":"5.835","trb":"7.141","ast":"1.318","stl":"1.318","blk":"0.965","tov":"0.788","pf":"3.506","pts":"8.600"},{"game_id":1126,"team_name":"POR","player_id":"{\"mccolcj01\"}","player_name":"{\"CJ McCollum\"}","fg":"8.824","fga":"18.871","fg_pct":"0.468","three_p":"3.094","three_pa":"7.482","three_p_pct":"0.414","ft":"1.753","fta":"2.235","ft_pct":"0.784","orb":"0.882","drb":"4.224","trb":"5.106","ast":"4.894","stl":"0.482","blk":"0.459","tov":"2.071","pf":"3.024","pts":"22.494"},{"game_id":1126,"team_name":"POR","player_id":"{\"nurkiju01\"}","player_name":"{\"Jusuf Nurkić\"}","fg":"5.412","fga":"10.294","fg_pct":"0.526","three_p":"0.212","three_pa":"0.659","three_p_pct":"0.322","ft":"2.882","fta":"4.435","ft_pct":"0.650","orb":"3.247","drb":"7.482","trb":"10.729","ast":"3.106","stl":"1.047","blk":"1.294","tov":"2.094","pf":"4.318","pts":"13.918"},{"game_id":1126,"team_name":"POR","player_id":"{\"powelno01\"}","player_name":"{\"Norman Powell\"}","fg":"6.082","fga":"12.271","fg_pct":"0.496","three_p":"1.718","three_pa":"4.353","three_p_pct":"0.395","ft":"3.118","fta":"3.506","ft_pct":"0.889","orb":"0.318","drb":"2.329","trb":"2.647","ast":"1.906","stl":"0.824","blk":"0.847","tov":"1.329","pf":"2.306","pts":"17.000"},{"game_id":1126,"team_name":"POR","player_id":"benchPOR","player_name":"Bench of POR","fg":"1.787","fga":"4.202","fg_pct":"0.425","three_p":"0.943","three_pa":"2.374","three_p_pct":"0.397","ft":"0.525","fta":"0.632","ft_pct":"0.831","orb":"0.316","drb":"1.496","trb":"1.812","ast":"0.551","stl":"0.183","blk":"0.098","tov":"0.382","pf":"1.044","pts":"5.042"},{"game_id":1126,"team_name":"DEN","player_id":"{\"howarma02\"}","player_name":"{\"Markus Howard\"}","fg":"3.647","fga":"7.894","fg_pct":"0.462","three_p":"2.153","three_pa":"4.765","three_p_pct":"0.452","ft":"0.400","fta":"0.400","ft_pct":"1.000","orb":"0.188","drb":"1.471","trb":"1.659","ast":"0.776","stl":"0.153","blk":"0.200","tov":"0.647","pf":"1.694","pts":"9.847"},{"game_id":1126,"team_name":"DEN","player_id":"{\"riverau01\"}","player_name":"{\"Austin Rivers\"}","fg":"3.647","fga":"7.918","fg_pct":"0.461","three_p":"2.541","three_pa":"5.541","three_p_pct":"0.459","ft":"1.435","fta":"1.718","ft_pct":"0.835","orb":"0.141","drb":"2.282","trb":"2.424","ast":"2.706","stl":"0.447","blk":"0.341","tov":"0.835","pf":"2.941","pts":"11.271"},{"game_id":1126,"team_name":"DEN","player_id":"{\"jokicni01\"}","player_name":"{\"Nikola Jokić\"}","fg":"11.224","fga":"21.518","fg_pct":"0.522","three_p":"1.671","three_pa":"4.906","three_p_pct":"0.341","ft":"5.624","fta":"6.165","ft_pct":"0.912","orb":"3.353","drb":"7.141","trb":"10.494","ast":"4.871","stl":"0.435","blk":"0.682","tov":"2.094","pf":"2.506","pts":"29.741"},{"game_id":1126,"team_name":"DEN","player_id":"{\"portemi01\"}","player_name":"{\"Michael Porter Jr.\"}","fg":"6.671","fga":"12.412","fg_pct":"0.537","three_p":"2.776","three_pa":"6.459","three_p_pct":"0.430","ft":"1.800","fta":"1.929","ft_pct":"0.933","orb":"1.200","drb":"5.129","trb":"6.329","ast":"1.188","stl":"1.106","blk":"0.212","tov":"2.153","pf":"2.812","pts":"17.918"},{"game_id":1126,"team_name":"DEN","player_id":"{\"gordoaa01\"}","player_name":"{\"Aaron Gordon\"}","fg":"4.376","fga":"9.588","fg_pct":"0.456","three_p":"1.035","three_pa":"2.447","three_p_pct":"0.423","ft":"1.318","fta":"2.376","ft_pct":"0.555","orb":"2.106","drb":"3.506","trb":"5.612","ast":"1.988","stl":"0.282","blk":"0.259","tov":"0.800","pf":"1.741","pts":"11.106"},{"game_id":1126,"team_name":"DEN","player_id":"{\"morrimo01\"}","player_name":"{\"Monte Morris\"}","fg":"4.518","fga":"10.118","fg_pct":"0.447","three_p":"1.224","three_pa":"3.071","three_p_pct":"0.399","ft":"2.435","fta":"2.847","ft_pct":"0.855","orb":"0.365","drb":"1.765","trb":"2.129","ast":"4.306","stl":"1.024","blk":"0.176","tov":"0.765","pf":"0.988","pts":"12.694"},{"game_id":1126,"team_name":"DEN","player_id":"benchDEN","player_name":"Bench of DEN","fg":"2.162","fga":"5.626","fg_pct":"0.384","three_p":"0.802","three_pa":"2.704","three_p_pct":"0.297","ft":"1.234","fta":"1.538","ft_pct":"0.802","orb":"0.961","drb":"2.402","trb":"3.364","ast":"2.658","stl":"0.785","blk":"0.332","tov":"0.887","pf":"1.804","pts":"6.360"}]