[{"game_id":1133,"team_name":"PHO","player_id":"{\"saricda01\"}","player_name":"{\"Dario Šarić\"}","fg":"2.141","fga":"5.082","fg_pct":"0.421","three_p":"0.459","three_pa":"1.588","three_p_pct":"0.289","ft":"1.518","fta":"1.847","ft_pct":"0.822","orb":"0.776","drb":"1.894","trb":"2.671","ast":"1.106","stl":"0.682","blk":"0.129","tov":"0.976","pf":"1.800","pts":"6.259"},{"game_id":1133,"team_name":"PHO","player_id":"{\"bookede01\"}","player_name":"{\"Devin Booker\"}","fg":"9.506","fga":"19.482","fg_pct":"0.488","three_p":"2.518","three_pa":"5.988","three_p_pct":"0.421","ft":"7.294","fta":"7.788","ft_pct":"0.937","orb":"0.647","drb":"5.376","trb":"6.024","ast":"4.341","stl":"0.412","blk":"0.153","tov":"3.529","pf":"2.988","pts":"28.824"},{"game_id":1133,"team_name":"PHO","player_id":"{\"aytonde01\"}","player_name":"{\"Deandre Ayton\"}","fg":"6.188","fga":"7.882","fg_pct":"0.785","three_p":"0.000","three_pa":"0.000","three_p_pct":"NaN","ft":"1.624","fta":"2.553","ft_pct":"0.636","orb":"2.659","drb":"7.188","trb":"9.847","ast":"0.882","stl":"0.553","blk":"0.800","tov":"0.824","pf":"2.565","pts":"14.000"},{"game_id":1133,"team_name":"PHO","player_id":"{\"paulch01\"}","player_name":"{\"Chris Paul\"}","fg":"4.953","fga":"10.694","fg_pct":"0.463","three_p":"0.624","three_pa":"2.176","three_p_pct":"0.287","ft":"1.588","fta":"1.918","ft_pct":"0.828","orb":"0.224","drb":"3.094","trb":"3.318","ast":"8.212","stl":"1.071","blk":"0.200","tov":"1.729","pf":"2.235","pts":"12.118"},{"game_id":1133,"team_name":"PHO","player_id":"{\"bridgmi01\"}","player_name":"{\"Mikal Bridges\"}","fg":"3.894","fga":"8.635","fg_pct":"0.451","three_p":"2.000","three_pa":"5.035","three_p_pct":"0.397","ft":"0.647","fta":"0.647","ft_pct":"1.000","orb":"0.800","drb":"3.529","trb":"4.329","ast":"1.459","stl":"1.471","blk":"0.694","tov":"0.400","pf":"1.647","pts":"10.435"},{"game_id":1133,"team_name":"PHO","player_id":"{\"crowdja01\"}","player_name":"{\"Jae Crowder\"}","fg":"3.706","fga":"9.094","fg_pct":"0.408","three_p":"2.671","three_pa":"7.447","three_p_pct":"0.359","ft":"1.541","fta":"1.894","ft_pct":"0.814","orb":"0.506","drb":"3.953","trb":"4.459","ast":"1.918","stl":"1.106","blk":"0.965","tov":"0.671","pf":"3.165","pts":"11.624"},{"game_id":1133,"team_name":"PHO","player_id":"benchPHO","player_name":"Bench of PHO","fg":"2.490","fga":"5.725","fg_pct":"0.435","three_p":"1.021","three_pa":"2.659","three_p_pct":"0.384","ft":"0.892","fta":"1.022","ft_pct":"0.873","orb":"0.539","drb":"2.500","trb":"3.038","ast":"1.463","stl":"0.546","blk":"0.377","tov":"0.651","pf":"1.178","pts":"6.893"},{"game_id":1133,"team_name":"DEN","player_id":"{\"howarma02\"}","player_name":"{\"Markus Howard\"}","fg":"3.012","fga":"6.553","fg_pct":"0.460","three_p":"1.835","three_pa":"4.035","three_p_pct":"0.455","ft":"0.306","fta":"0.306","ft_pct":"1.000","orb":"0.129","drb":"1.306","trb":"1.435","ast":"0.835","stl":"0.129","blk":"0.176","tov":"0.553","pf":"1.471","pts":"8.165"},{"game_id":1133,"team_name":"DEN","player_id":"{\"jokicni01\"}","player_name":"{\"Nikola Jokić\"}","fg":"11.576","fga":"21.718","fg_pct":"0.533","three_p":"1.824","three_pa":"4.824","three_p_pct":"0.378","ft":"5.800","fta":"6.282","ft_pct":"0.923","orb":"3.012","drb":"7.224","trb":"10.235","ast":"4.988","stl":"0.541","blk":"0.624","tov":"2.424","pf":"2.565","pts":"30.776"},{"game_id":1133,"team_name":"DEN","player_id":"{\"campafa01\"}","player_name":"{\"Facundo Campazzo\"}","fg":"2.400","fga":"7.024","fg_pct":"0.342","three_p":"1.306","three_pa":"4.282","three_p_pct":"0.305","ft":"2.671","fta":"3.059","ft_pct":"0.873","orb":"0.835","drb":"2.259","trb":"3.094","ast":"5.082","stl":"1.553","blk":"0.471","tov":"1.588","pf":"2.659","pts":"8.776"},{"game_id":1133,"team_name":"DEN","player_id":"{\"riverau01\"}","player_name":"{\"Austin Rivers\"}","fg":"3.506","fga":"7.588","fg_pct":"0.462","three_p":"2.341","three_pa":"4.988","three_p_pct":"0.469","ft":"1.306","fta":"1.553","ft_pct":"0.841","orb":"0.118","drb":"1.976","trb":"2.094","ast":"2.376","stl":"0.306","blk":"0.306","tov":"1.000","pf":"2.847","pts":"10.659"},{"game_id":1133,"team_name":"DEN","player_id":"{\"portemi01\"}","player_name":"{\"Michael Porter Jr.\"}","fg":"7.000","fga":"13.071","fg_pct":"0.536","three_p":"3.188","three_pa":"7.141","three_p_pct":"0.446","ft":"1.329","fta":"1.447","ft_pct":"0.918","orb":"0.988","drb":"5.188","trb":"6.176","ast":"1.624","stl":"1.047","blk":"0.188","tov":"2.024","pf":"2.965","pts":"18.518"},{"game_id":1133,"team_name":"DEN","player_id":"{\"gordoaa01\"}","player_name":"{\"Aaron Gordon\"}","fg":"4.482","fga":"9.482","fg_pct":"0.473","three_p":"1.235","three_pa":"2.400","three_p_pct":"0.515","ft":"1.647","fta":"2.753","ft_pct":"0.598","orb":"2.259","drb":"3.612","trb":"5.871","ast":"2.341","stl":"0.388","blk":"0.388","tov":"0.788","pf":"1.835","pts":"11.847"},{"game_id":1133,"team_name":"DEN","player_id":"benchDEN","player_name":"Bench of DEN","fg":"2.060","fga":"4.793","fg_pct":"0.430","three_p":"0.619","three_pa":"1.862","three_p_pct":"0.332","ft":"1.016","fta":"1.290","ft_pct":"0.788","orb":"0.600","drb":"1.752","trb":"2.352","ast":"1.680","stl":"0.529","blk":"0.194","tov":"0.430","pf":"0.955","pts":"5.756"}]