[{"game_id":1260,"team_name":"CLE","player_id":"teamCLE","player_name":"Team name: CLE","fg":"39.091","fga":"87.480","fg_pct":"0.447","three_p":"9.949","three_pa":"29.994","three_p_pct":"0.332","ft":"15.474","fta":"20.497","ft_pct":"0.755","orb":"10.491","drb":"35.486","trb":"45.977","ast":"20.697","stl":"6.474","blk":"2.949","tov":"14.520","pf":"18.366","pts":"103.606"},{"game_id":1260,"team_name":"DAL","player_id":"teamDAL","player_name":"Team name: DAL","fg":"40.337","fga":"91.783","fg_pct":"0.439","three_p":"12.897","three_pa":"40.149","three_p_pct":"0.321","ft":"19.543","fta":"26.314","ft_pct":"0.743","orb":"11.691","drb":"37.629","trb":"49.320","ast":"25.714","stl":"5.480","blk":"4.400","tov":"12.931","pf":"19.697","pts":"113.114"}]