[{"game_id":1043,"team_name":"CHO","player_id":"teamCHO","player_name":"Team name: CHO","ts_pct":"0.507","efg_pct":"0.472","three_par":"0.307","ftr":"0.299","orb_pct":"6.131","drb_pct":"14.515","trb_pct":"10.393","ast_pct":"15.015","stl_pct":"1.300","blk_pct":"2.316","tov_pct":"11.863","usg_pct":"18.988","ortg":"109.417","drtg":"115.679","bpm":"-1.928"},{"game_id":1043,"team_name":"LAC","player_id":"teamLAC","player_name":"Team name: LAC","ts_pct":"0.594","efg_pct":"0.557","three_par":"0.435","ftr":"0.265","orb_pct":"6.050","drb_pct":"17.162","trb_pct":"11.957","ast_pct":"17.152","stl_pct":"1.461","blk_pct":"1.510","tov_pct":"13.724","usg_pct":"20.635","ortg":"121.141","drtg":"123.736","bpm":"0.543"}]