[{"game_id":1019,"team_name":"SAC","player_id":"teamSAC","player_name":"Team name: SAC","fg":"41.811","fga":"86.811","fg_pct":"0.482","three_p":"12.160","three_pa":"32.834","three_p_pct":"0.370","ft":"14.280","fta":"18.246","ft_pct":"0.783","orb":"8.069","drb":"30.869","trb":"38.937","ast":"25.406","stl":"9.183","blk":"4.777","tov":"13.863","pf":"18.074","pts":"110.063"},{"game_id":1019,"team_name":"OKC","player_id":"teamOKC","player_name":"Team name: OKC","fg":"38.446","fga":"92.886","fg_pct":"0.414","three_p":"10.029","three_pa":"34.509","three_p_pct":"0.291","ft":"16.189","fta":"23.137","ft_pct":"0.700","orb":"13.337","drb":"33.406","trb":"46.743","ast":"21.629","stl":"8.029","blk":"2.971","tov":"16.446","pf":"18.126","pts":"103.109"}]