[{"game_id":1146,"team_name":"BRK","player_id":"{\"duranke01\"}","player_name":"{\"Kevin Durant\"}","fg":"10.659","fga":"21.388","fg_pct":"0.498","three_p":"2.494","three_pa":"5.965","three_p_pct":"0.418","ft":"6.765","fta":"7.494","ft_pct":"0.903","orb":"0.341","drb":"7.941","trb":"8.282","ast":"4.494","stl":"1.518","blk":"1.588","tov":"3.235","pf":"2.424","pts":"30.576"},{"game_id":1146,"team_name":"BRK","player_id":"{\"hardeja01\"}","player_name":"{\"James Harden\"}","fg":"5.671","fga":"9.988","fg_pct":"0.568","three_p":"2.553","three_pa":"5.376","three_p_pct":"0.475","ft":"5.282","fta":"6.071","ft_pct":"0.870","orb":"0.647","drb":"5.106","trb":"5.753","ast":"8.224","stl":"1.365","blk":"0.941","tov":"2.071","pf":"1.976","pts":"19.176"},{"game_id":1146,"team_name":"BRK","player_id":"{\"harrijo01\"}","player_name":"{\"Joe Harris\"}","fg":"4.306","fga":"10.447","fg_pct":"0.412","three_p":"2.882","three_pa":"6.835","three_p_pct":"0.422","ft":"0.259","fta":"0.259","ft_pct":"1.000","orb":"0.341","drb":"2.753","trb":"3.094","ast":"1.753","stl":"0.435","blk":"0.153","tov":"0.965","pf":"3.212","pts":"11.753"},{"game_id":1146,"team_name":"BRK","player_id":"{\"greenje02\"}","player_name":"{\"Jeff Green\"}","fg":"3.812","fga":"6.341","fg_pct":"0.601","three_p":"1.847","three_pa":"3.365","three_p_pct":"0.549","ft":"1.365","fta":"1.859","ft_pct":"0.734","orb":"0.412","drb":"2.565","trb":"2.976","ast":"0.871","stl":"0.259","blk":"0.329","tov":"0.859","pf":"1.294","pts":"10.835"},{"game_id":1146,"team_name":"BRK","player_id":"{\"jamesmi02\"}","player_name":"{\"Mike James\"}","fg":"2.553","fga":"7.318","fg_pct":"0.349","three_p":"0.941","three_pa":"2.541","three_p_pct":"0.370","ft":"0.059","fta":"0.188","ft_pct":"0.314","orb":"0.247","drb":"2.259","trb":"2.506","ast":"2.494","stl":"0.424","blk":"0.000","tov":"0.694","pf":"0.871","pts":"6.106"},{"game_id":1146,"team_name":"BRK","player_id":"{\"griffbl01\"}","player_name":"{\"Blake Griffin\"}","fg":"2.918","fga":"5.894","fg_pct":"0.495","three_p":"0.894","three_pa":"2.600","three_p_pct":"0.344","ft":"0.635","fta":"0.965","ft_pct":"0.658","orb":"1.106","drb":"4.788","trb":"5.894","ast":"1.918","stl":"0.859","blk":"0.694","tov":"0.447","pf":"3.106","pts":"7.365"},{"game_id":1146,"team_name":"BRK","player_id":"benchBRK","player_name":"Bench of BRK","fg":"2.377","fga":"4.803","fg_pct":"0.495","three_p":"0.477","three_pa":"1.322","three_p_pct":"0.361","ft":"0.513","fta":"0.628","ft_pct":"0.817","orb":"1.101","drb":"2.530","trb":"3.632","ast":"1.313","stl":"0.542","blk":"0.580","tov":"0.546","pf":"2.172","pts":"5.745"},{"game_id":1146,"team_name":"MIL","player_id":"{\"middlkh01\"}","player_name":"{\"Khris Middleton\"}","fg":"7.800","fga":"17.788","fg_pct":"0.438","three_p":"2.376","three_pa":"6.624","three_p_pct":"0.359","ft":"3.365","fta":"3.918","ft_pct":"0.859","orb":"1.000","drb":"7.012","trb":"8.012","ast":"4.118","stl":"0.671","blk":"0.306","tov":"3.259","pf":"2.671","pts":"21.341"},{"game_id":1146,"team_name":"MIL","player_id":"{\"antetgi01\"}","player_name":"{\"Giannis Antetokounmpo\"}","fg":"11.153","fga":"21.506","fg_pct":"0.519","three_p":"0.718","three_pa":"4.494","three_p_pct":"0.160","ft":"4.035","fta":"7.953","ft_pct":"0.507","orb":"1.812","drb":"11.165","trb":"12.976","ast":"5.153","stl":"0.600","blk":"0.871","tov":"3.565","pf":"2.482","pts":"27.059"},{"game_id":1146,"team_name":"MIL","player_id":"{\"lopezbr01\"}","player_name":"{\"Brook Lopez\"}","fg":"5.106","fga":"9.529","fg_pct":"0.536","three_p":"0.776","three_pa":"2.800","three_p_pct":"0.277","ft":"1.647","fta":"1.847","ft_pct":"0.892","orb":"2.153","drb":"5.553","trb":"7.706","ast":"0.529","stl":"0.671","blk":"1.565","tov":"1.247","pf":"2.059","pts":"12.635"},{"game_id":1146,"team_name":"MIL","player_id":"{\"holidjr01\"}","player_name":"{\"Jrue Holiday\"}","fg":"6.059","fga":"14.082","fg_pct":"0.430","three_p":"1.200","three_pa":"4.412","three_p_pct":"0.272","ft":"1.165","fta":"1.788","ft_pct":"0.652","orb":"1.376","drb":"3.976","trb":"5.353","ast":"7.953","stl":"1.000","blk":"0.188","tov":"2.047","pf":"1.529","pts":"14.482"},{"game_id":1146,"team_name":"MIL","player_id":"{\"tuckepj01\"}","player_name":"{\"P.J. Tucker\"}","fg":"1.659","fga":"4.094","fg_pct":"0.405","three_p":"0.753","three_pa":"2.800","three_p_pct":"0.269","ft":"0.400","fta":"0.447","ft_pct":"0.895","orb":"1.612","drb":"2.188","trb":"3.800","ast":"0.988","stl":"0.541","blk":"0.000","tov":"0.435","pf":"3.200","pts":"4.471"},{"game_id":1146,"team_name":"MIL","player_id":"{\"connapa01\"}","player_name":"{\"Pat Connaughton\"}","fg":"1.729","fga":"4.165","fg_pct":"0.415","three_p":"1.118","three_pa":"3.459","three_p_pct":"0.323","ft":"0.600","fta":"0.600","ft_pct":"1.000","orb":"0.882","drb":"2.518","trb":"3.400","ast":"0.965","stl":"0.847","blk":"0.471","tov":"0.518","pf":"0.600","pts":"5.176"},{"game_id":1146,"team_name":"MIL","player_id":"benchMIL","player_name":"Bench of MIL","fg":"1.741","fga":"4.172","fg_pct":"0.417","three_p":"0.877","three_pa":"2.764","three_p_pct":"0.317","ft":"0.673","fta":"0.851","ft_pct":"0.791","orb":"0.171","drb":"1.297","trb":"1.468","ast":"0.635","stl":"0.107","blk":"0.136","tov":"0.473","pf":"0.803","pts":"5.033"}]