[{"game_id":1062,"team_name":"NYK","player_id":"{\"toppiob01\"}","player_name":"{\"Obi Toppin\"}","ts_pct":"0.623","efg_pct":"0.607","three_par":"0.378","ftr":"0.082","orb_pct":"5.233","drb_pct":"14.415","trb_pct":"10.048","ast_pct":"15.775","stl_pct":"1.831","blk_pct":"2.061","tov_pct":"2.125","usg_pct":"13.934","ortg":"158.212","drtg":"107.506","bpm":"6.746"},{"game_id":1062,"team_name":"NYK","player_id":"{\"randlju01\"}","player_name":"{\"Julius Randle\"}","ts_pct":"0.533","efg_pct":"0.477","three_par":"0.307","ftr":"0.287","orb_pct":"2.469","drb_pct":"23.261","trb_pct":"13.076","ast_pct":"25.361","stl_pct":"0.505","blk_pct":"0.466","tov_pct":"12.018","usg_pct":"31.634","ortg":"104.682","drtg":"110.541","bpm":"1.349"},{"game_id":1062,"team_name":"NYK","player_id":"{\"bullore01\"}","player_name":"{\"Reggie Bullock\"}","ts_pct":"0.572","efg_pct":"0.538","three_par":"0.727","ftr":"0.169","orb_pct":"1.280","drb_pct":"9.647","trb_pct":"5.574","ast_pct":"8.709","stl_pct":"1.486","blk_pct":"0.272","tov_pct":"6.704","usg_pct":"15.062","ortg":"113.882","drtg":"112.059","bpm":"-0.378"},{"game_id":1062,"team_name":"NYK","player_id":"{\"noelne01\"}","player_name":"{\"Nerlens Noel\"}","ts_pct":"0.638","efg_pct":"0.581","three_par":"0.014","ftr":"0.533","orb_pct":"9.384","drb_pct":"12.636","trb_pct":"11.061","ast_pct":"3.458","stl_pct":"2.026","blk_pct":"6.040","tov_pct":"12.541","usg_pct":"8.404","ortg":"132.388","drtg":"106.047","bpm":"-0.576"},{"game_id":1062,"team_name":"NYK","player_id":"{\"burksal01\"}","player_name":"{\"Alec Burks\"}","ts_pct":"0.439","efg_pct":"0.416","three_par":"0.499","ftr":"0.180","orb_pct":"0.000","drb_pct":"23.096","trb_pct":"11.506","ast_pct":"15.195","stl_pct":"0.271","blk_pct":"2.047","tov_pct":"6.028","usg_pct":"21.748","ortg":"96.835","drtg":"107.682","bpm":"-0.825"},{"game_id":1062,"team_name":"NYK","player_id":"{\"barrerj01\"}","player_name":"{\"RJ Barrett\"}","ts_pct":"0.507","efg_pct":"0.469","three_par":"0.437","ftr":"0.216","orb_pct":"1.195","drb_pct":"17.025","trb_pct":"9.247","ast_pct":"13.574","stl_pct":"1.061","blk_pct":"0.738","tov_pct":"7.008","usg_pct":"22.872","ortg":"101.106","drtg":"111.000","bpm":"-0.980"},{"game_id":1062,"team_name":"NYK","player_id":"benchNYK","player_name":"Bench of NYK","ts_pct":"0.562","efg_pct":"0.541","three_par":"0.282","ftr":"0.243","orb_pct":"3.620","drb_pct":"12.198","trb_pct":"7.965","ast_pct":"15.879","stl_pct":"1.458","blk_pct":"2.075","tov_pct":"9.764","usg_pct":"18.823","ortg":"115.730","drtg":"110.422","bpm":"-0.076"},{"game_id":1062,"team_name":"CHO","player_id":"{\"roziete01\"}","player_name":"{\"Terry Rozier\"}","ts_pct":"0.499","efg_pct":"0.465","three_par":"0.465","ftr":"0.203","orb_pct":"3.547","drb_pct":"10.156","trb_pct":"6.727","ast_pct":"20.882","stl_pct":"1.756","blk_pct":"0.612","tov_pct":"7.935","usg_pct":"25.448","ortg":"107.141","drtg":"117.506","bpm":"-0.602"},{"game_id":1062,"team_name":"CHO","player_id":"{\"grahade01\"}","player_name":"{\"Devonte' Graham\"}","ts_pct":"0.547","efg_pct":"0.488","three_par":"0.770","ftr":"0.313","orb_pct":"1.099","drb_pct":"9.996","trb_pct":"5.239","ast_pct":"31.033","stl_pct":"0.301","blk_pct":"0.565","tov_pct":"9.056","usg_pct":"23.136","ortg":"116.047","drtg":"124.329","bpm":"0.106"},{"game_id":1062,"team_name":"CHO","player_id":"{\"mcdanja01\"}","player_name":"{\"Jalen McDaniels\"}","ts_pct":"0.586","efg_pct":"0.585","three_par":"0.338","ftr":"0.192","orb_pct":"9.612","drb_pct":"15.291","trb_pct":"12.185","ast_pct":"7.381","stl_pct":"1.182","blk_pct":"2.651","tov_pct":"9.272","usg_pct":"15.676","ortg":"116.906","drtg":"115.506","bpm":"-1.812"},{"game_id":1062,"team_name":"CHO","player_id":"{\"zelleco01\"}","player_name":"{\"Cody Zeller\"}","ts_pct":"0.648","efg_pct":"0.612","three_par":"0.035","ftr":"0.642","orb_pct":"10.692","drb_pct":"25.751","trb_pct":"17.915","ast_pct":"10.048","stl_pct":"1.024","blk_pct":"1.496","tov_pct":"13.660","usg_pct":"23.722","ortg":"117.482","drtg":"114.953","bpm":"-2.174"},{"game_id":1062,"team_name":"CHO","player_id":"{\"bridgmi02\"}","player_name":"{\"Miles Bridges\"}","ts_pct":"0.631","efg_pct":"0.596","three_par":"0.428","ftr":"0.221","orb_pct":"3.399","drb_pct":"19.099","trb_pct":"10.905","ast_pct":"17.214","stl_pct":"1.035","blk_pct":"2.425","tov_pct":"7.751","usg_pct":"21.900","ortg":"125.200","drtg":"115.882","bpm":"2.934"},{"game_id":1062,"team_name":"CHO","player_id":"{\"washipj01\"}","player_name":"{\"P.J. Washington\"}","ts_pct":"0.564","efg_pct":"0.551","three_par":"0.455","ftr":"0.131","orb_pct":"4.642","drb_pct":"17.751","trb_pct":"11.193","ast_pct":"8.355","stl_pct":"2.872","blk_pct":"2.394","tov_pct":"10.548","usg_pct":"20.294","ortg":"105.024","drtg":"111.918","bpm":"-0.155"},{"game_id":1062,"team_name":"CHO","player_id":"benchCHO","player_name":"Bench of CHO","ts_pct":"0.490","efg_pct":"0.475","three_par":"0.323","ftr":"0.276","orb_pct":"3.801","drb_pct":"15.235","trb_pct":"9.415","ast_pct":"21.585","stl_pct":"1.431","blk_pct":"1.830","tov_pct":"17.384","usg_pct":"20.775","ortg":"99.172","drtg":"116.029","bpm":"-3.072"}]