[{"game_id":1255,"team_name":"GSW","player_id":"{\"chrisma01\"}","player_name":"{\"Marquese Chriss\"}","ts_pct":"0.518","efg_pct":"0.406","three_par":"0.124","ftr":"0.746","orb_pct":"10.312","drb_pct":"25.993","trb_pct":"17.664","ast_pct":"7.880","stl_pct":"3.118","blk_pct":"0.658","tov_pct":"15.324","usg_pct":"19.492","ortg":"103.400","drtg":"117.976","bpm":"-6.247"},{"game_id":1255,"team_name":"GSW","player_id":"{\"bowmaky01\"}","player_name":"{\"Ky Bowman\"}","ts_pct":"0.269","efg_pct":"0.221","three_par":"0.117","ftr":"0.295","orb_pct":"0.000","drb_pct":"3.373","trb_pct":"1.809","ast_pct":"12.260","stl_pct":"2.487","blk_pct":"0.000","tov_pct":"13.073","usg_pct":"18.502","ortg":"93.291","drtg":"121.327","bpm":"-9.598"},{"game_id":1255,"team_name":"GSW","player_id":"{\"robingl02\"}","player_name":"{\"Glenn Robinson III\"}","ts_pct":"0.501","efg_pct":"0.450","three_par":"0.234","ftr":"0.223","orb_pct":"6.440","drb_pct":"12.433","trb_pct":"9.260","ast_pct":"5.176","stl_pct":"1.614","blk_pct":"0.918","tov_pct":"5.447","usg_pct":"14.011","ortg":"109.624","drtg":"119.141","bpm":"-4.684"},{"game_id":1255,"team_name":"GSW","player_id":"{\"pascher01\"}","player_name":"{\"Eric Paschall\"}","ts_pct":"0.742","efg_pct":"0.684","three_par":"0.122","ftr":"0.402","orb_pct":"4.718","drb_pct":"6.998","trb_pct":"5.638","ast_pct":"9.453","stl_pct":"1.327","blk_pct":"0.938","tov_pct":"16.600","usg_pct":"14.135","ortg":"131.473","drtg":"123.436","bpm":"-1.705"},{"game_id":1255,"team_name":"GSW","player_id":"{\"poolejo01\"}","player_name":"{\"Jordan Poole\"}","ts_pct":"0.479","efg_pct":"0.417","three_par":"0.553","ftr":"0.219","orb_pct":"0.000","drb_pct":"9.385","trb_pct":"4.376","ast_pct":"8.149","stl_pct":"1.364","blk_pct":"0.000","tov_pct":"9.487","usg_pct":"21.396","ortg":"93.691","drtg":"123.382","bpm":"-7.407"},{"game_id":1255,"team_name":"GSW","player_id":"{\"leeda03\"}","player_name":"{\"Damion Lee\"}","ts_pct":"0.632","efg_pct":"0.461","three_par":"0.436","ftr":"0.289","orb_pct":"2.729","drb_pct":"24.299","trb_pct":"13.166","ast_pct":"12.054","stl_pct":"1.122","blk_pct":"0.000","tov_pct":"9.219","usg_pct":"19.616","ortg":"123.494","drtg":"116.965","bpm":"-0.224"},{"game_id":1255,"team_name":"GSW","player_id":"benchGSW","player_name":"Bench of GSW","ts_pct":"0.522","efg_pct":"0.430","three_par":"0.162","ftr":"0.201","orb_pct":"7.210","drb_pct":"20.734","trb_pct":"13.713","ast_pct":"11.367","stl_pct":"2.092","blk_pct":"1.447","tov_pct":"7.926","usg_pct":"14.550","ortg":"137.344","drtg":"117.446","bpm":"0.058"},{"game_id":1255,"team_name":"CHO","player_id":"{\"biyombi01\"}","player_name":"{\"Bismack Biyombo\"}","ts_pct":"0.497","efg_pct":"0.535","three_par":"0.000","ftr":"0.644","orb_pct":"7.332","drb_pct":"17.519","trb_pct":"12.422","ast_pct":"17.335","stl_pct":"0.304","blk_pct":"1.149","tov_pct":"21.535","usg_pct":"15.608","ortg":"102.494","drtg":"117.212","bpm":"-5.476"},{"game_id":1255,"team_name":"CHO","player_id":"{\"martico01\"}","player_name":"{\"Cody Martin\"}","ts_pct":"0.280","efg_pct":"0.293","three_par":"0.370","ftr":"0.587","orb_pct":"0.000","drb_pct":"5.239","trb_pct":"2.565","ast_pct":"1.761","stl_pct":"3.922","blk_pct":"0.000","tov_pct":"0.000","usg_pct":"16.426","ortg":"57.652","drtg":"111.304","bpm":"3.017"},{"game_id":1255,"team_name":"CHO","player_id":"{\"bacondw01\"}","player_name":"{\"Dwayne Bacon\"}","ts_pct":"0.436","efg_pct":"0.415","three_par":"0.355","ftr":"0.132","orb_pct":"1.252","drb_pct":"11.915","trb_pct":"6.484","ast_pct":"9.616","stl_pct":"1.178","blk_pct":"0.231","tov_pct":"11.278","usg_pct":"20.727","ortg":"87.576","drtg":"117.271","bpm":"-8.847"},{"game_id":1255,"team_name":"CHO","player_id":"{\"roziete01\"}","player_name":"{\"Terry Rozier\"}","ts_pct":"0.475","efg_pct":"0.441","three_par":"0.497","ftr":"0.199","orb_pct":"1.760","drb_pct":"15.613","trb_pct":"8.559","ast_pct":"25.096","stl_pct":"1.662","blk_pct":"1.838","tov_pct":"16.764","usg_pct":"22.987","ortg":"90.765","drtg":"112.259","bpm":"-1.707"},{"game_id":1255,"team_name":"CHO","player_id":"{\"washipj01\"}","player_name":"{\"P.J. Washington\"}","ts_pct":"0.642","efg_pct":"0.630","three_par":"0.445","ftr":"0.297","orb_pct":"3.360","drb_pct":"20.422","trb_pct":"11.736","ast_pct":"4.369","stl_pct":"1.440","blk_pct":"1.282","tov_pct":"16.556","usg_pct":"17.325","ortg":"109.636","drtg":"113.891","bpm":"-0.960"},{"game_id":1255,"team_name":"CHO","player_id":"{\"grahade01\"}","player_name":"{\"Devonte' Graham\"}","ts_pct":"0.573","efg_pct":"0.512","three_par":"0.592","ftr":"0.270","orb_pct":"2.272","drb_pct":"10.735","trb_pct":"6.711","ast_pct":"32.866","stl_pct":"0.334","blk_pct":"0.424","tov_pct":"15.618","usg_pct":"20.653","ortg":"113.906","drtg":"118.835","bpm":"-1.404"},{"game_id":1255,"team_name":"CHO","player_id":"benchCHO","player_name":"Bench of CHO","ts_pct":"0.524","efg_pct":"0.517","three_par":"0.438","ftr":"0.141","orb_pct":"4.745","drb_pct":"14.724","trb_pct":"9.771","ast_pct":"10.867","stl_pct":"1.376","blk_pct":"1.885","tov_pct":"13.715","usg_pct":"17.282","ortg":"101.282","drtg":"115.365","bpm":"-1.740"}]