[{"game_id":125,"team_name":"NYK","player_id":"teamNYK","player_name":"Team name: NYK","ts_pct":"0.535","efg_pct":"0.494","three_par":"0.331","ftr":"0.247","orb_pct":"4.911","drb_pct":"14.442","trb_pct":"9.982","ast_pct":"13.454","stl_pct":"1.610","blk_pct":"2.021","tov_pct":"12.903","usg_pct":"18.820","ortg":"100.488","drtg":"107.151","bpm":"-1.339"},{"game_id":125,"team_name":"OKC","player_id":"teamOKC","player_name":"Team name: OKC","ts_pct":"0.549","efg_pct":"0.523","three_par":"0.526","ftr":"0.375","orb_pct":"3.815","drb_pct":"17.613","trb_pct":"10.614","ast_pct":"14.990","stl_pct":"1.489","blk_pct":"2.405","tov_pct":"17.367","usg_pct":"21.750","ortg":"98.534","drtg":"118.202","bpm":"-3.296"}]