[{"game_id":1000,"team_name":"DAL","player_id":"teamDAL","player_name":"Team name: DAL","fg":"42.120","fga":"86.914","fg_pct":"0.485","three_p":"14.263","three_pa":"36.171","three_p_pct":"0.394","ft":"18.160","fta":"24.097","ft_pct":"0.754","orb":"10.566","drb":"32.326","trb":"42.891","ast":"23.629","stl":"8.046","blk":"3.246","tov":"12.177","pf":"18.034","pts":"116.663"},{"game_id":1000,"team_name":"CLE","player_id":"teamCLE","player_name":"Team name: CLE","fg":"38.686","fga":"84.669","fg_pct":"0.457","three_p":"11.869","three_pa":"34.480","three_p_pct":"0.344","ft":"16.749","fta":"22.006","ft_pct":"0.761","orb":"10.594","drb":"30.989","trb":"41.583","ast":"26.194","stl":"6.411","blk":"3.354","tov":"15.274","pf":"17.789","pts":"105.989"}]