[{"game_id":1113,"team_name":"ATL","player_id":"{\"hillso01\"}","player_name":"{\"Solomon Hill\"}","fg":"0.576","fga":"2.106","fg_pct":"0.274","three_p":"0.435","three_pa":"1.765","three_p_pct":"0.246","ft":"0.482","fta":"0.635","ft_pct":"0.759","orb":"0.365","drb":"2.306","trb":"2.671","ast":"1.200","stl":"0.518","blk":"0.047","tov":"0.412","pf":"1.071","pts":"2.071"},{"game_id":1113,"team_name":"ATL","player_id":"{\"bogdabo01\"}","player_name":"{\"Bogdan Bogdanović\"}","fg":"7.753","fga":"15.306","fg_pct":"0.507","three_p":"4.141","three_pa":"9.118","three_p_pct":"0.454","ft":"0.776","fta":"0.776","ft_pct":"1.000","orb":"0.647","drb":"3.671","trb":"4.318","ast":"3.424","stl":"1.541","blk":"0.576","tov":"0.776","pf":"2.812","pts":"20.424"},{"game_id":1113,"team_name":"ATL","player_id":"{\"youngtr01\"}","player_name":"{\"Trae Young\"}","fg":"8.671","fga":"18.212","fg_pct":"0.476","three_p":"1.576","three_pa":"5.388","three_p_pct":"0.293","ft":"5.871","fta":"6.141","ft_pct":"0.956","orb":"0.424","drb":"3.059","trb":"3.482","ast":"9.741","stl":"0.294","blk":"0.071","tov":"3.200","pf":"1.094","pts":"24.788"},{"game_id":1113,"team_name":"ATL","player_id":"{\"knighna01\"}","player_name":"{\"Nathan Knight\"}","fg":"1.424","fga":"3.812","fg_pct":"0.374","three_p":"0.153","three_pa":"1.447","three_p_pct":"0.106","ft":"1.412","fta":"1.906","ft_pct":"0.741","orb":"1.000","drb":"2.024","trb":"3.024","ast":"0.306","stl":"0.176","blk":"0.482","tov":"0.106","pf":"0.529","pts":"4.412"},{"game_id":1113,"team_name":"ATL","player_id":"{\"mayssk01\"}","player_name":"{\"Skylar Mays\"}","fg":"2.282","fga":"3.988","fg_pct":"0.572","three_p":"0.541","three_pa":"1.553","three_p_pct":"0.348","ft":"0.376","fta":"0.376","ft_pct":"1.000","orb":"0.106","drb":"1.235","trb":"1.341","ast":"1.365","stl":"0.412","blk":"0.306","tov":"0.318","pf":"0.271","pts":"5.482"},{"game_id":1113,"team_name":"ATL","player_id":"{\"collijo01\"}","player_name":"{\"John Collins\"}","fg":"5.035","fga":"8.859","fg_pct":"0.568","three_p":"1.671","three_pa":"3.529","three_p_pct":"0.474","ft":"1.988","fta":"2.365","ft_pct":"0.841","orb":"0.482","drb":"5.059","trb":"5.541","ast":"0.529","stl":"0.482","blk":"0.906","tov":"1.094","pf":"3.106","pts":"13.729"},{"game_id":1113,"team_name":"ATL","player_id":"benchATL","player_name":"Bench of ATL","fg":"3.298","fga":"7.022","fg_pct":"0.470","three_p":"0.716","three_pa":"2.169","three_p_pct":"0.330","ft":"1.264","fta":"1.782","ft_pct":"0.709","orb":"0.999","drb":"4.164","trb":"5.163","ast":"1.519","stl":"0.588","blk":"0.852","tov":"0.921","pf":"1.971","pts":"8.577"},{"game_id":1113,"team_name":"NYK","player_id":"{\"randlju01\"}","player_name":"{\"Julius Randle\"}","fg":"6.412","fga":"19.282","fg_pct":"0.333","three_p":"1.988","three_pa":"6.424","three_p_pct":"0.309","ft":"5.200","fta":"6.235","ft_pct":"0.834","orb":"1.012","drb":"9.318","trb":"10.329","ast":"5.671","stl":"0.459","blk":"0.165","tov":"3.529","pf":"3.412","pts":"20.012"},{"game_id":1113,"team_name":"NYK","player_id":"{\"barrerj01\"}","player_name":"{\"RJ Barrett\"}","fg":"5.106","fga":"13.882","fg_pct":"0.368","three_p":"2.141","three_pa":"5.765","three_p_pct":"0.371","ft":"2.106","fta":"2.635","ft_pct":"0.799","orb":"0.612","drb":"5.729","trb":"6.341","ast":"2.671","stl":"0.612","blk":"0.376","tov":"1.000","pf":"2.471","pts":"14.459"},{"game_id":1113,"team_name":"NYK","player_id":"{\"bullore01\"}","player_name":"{\"Reggie Bullock\"}","fg":"4.271","fga":"9.706","fg_pct":"0.440","three_p":"2.753","three_pa":"7.141","three_p_pct":"0.386","ft":"1.188","fta":"1.329","ft_pct":"0.894","orb":"0.882","drb":"3.165","trb":"4.047","ast":"1.376","stl":"0.882","blk":"0.188","tov":"0.647","pf":"2.141","pts":"12.482"},{"game_id":1113,"team_name":"NYK","player_id":"{\"knoxke01\"}","player_name":"{\"Kevin Knox\"}","fg":"0.365","fga":"1.224","fg_pct":"0.298","three_p":"0.282","three_pa":"0.741","three_p_pct":"0.381","ft":"0.318","fta":"0.376","ft_pct":"0.846","orb":"0.059","drb":"0.565","trb":"0.624","ast":"0.188","stl":"0.259","blk":"0.000","tov":"0.129","pf":"0.141","pts":"1.329"},{"game_id":1113,"team_name":"NYK","player_id":"{\"rosede01\"}","player_name":"{\"Derrick Rose\"}","fg":"8.494","fga":"16.012","fg_pct":"0.530","three_p":"1.565","three_pa":"3.165","three_p_pct":"0.494","ft":"2.118","fta":"2.118","ft_pct":"1.000","orb":"0.882","drb":"3.494","trb":"4.376","ast":"4.447","stl":"0.694","blk":"0.224","tov":"2.271","pf":"0.976","pts":"20.671"},{"game_id":1113,"team_name":"NYK","player_id":"{\"ntilila01\"}","player_name":"{\"Frank Ntilikina\"}","fg":"0.471","fga":"1.165","fg_pct":"0.404","three_p":"0.471","three_pa":"0.859","three_p_pct":"0.548","ft":"0.000","fta":"0.118","ft_pct":"0.000","orb":"0.059","drb":"0.435","trb":"0.494","ast":"0.341","stl":"0.318","blk":"0.200","tov":"0.071","pf":"0.682","pts":"1.412"},{"game_id":1113,"team_name":"NYK","player_id":"benchNYK","player_name":"Bench of NYK","fg":"2.849","fga":"5.883","fg_pct":"0.484","three_p":"0.840","three_pa":"2.122","three_p_pct":"0.396","ft":"1.375","fta":"1.704","ft_pct":"0.807","orb":"1.195","drb":"3.129","trb":"4.324","ast":"1.051","stl":"0.565","blk":"0.714","tov":"0.560","pf":"1.891","pts":"7.913"}]