[{"game_id":1048,"team_name":"CHI","player_id":"{\"whiteco01\"}","player_name":"{\"Coby White\"}","fg":"6.776","fga":"15.682","fg_pct":"0.432","three_p":"3.929","three_pa":"9.329","three_p_pct":"0.421","ft":"1.412","fta":"1.682","ft_pct":"0.839","orb":"0.365","drb":"3.376","trb":"3.741","ast":"5.000","stl":"0.553","blk":"0.282","tov":"2.318","pf":"3.071","pts":"18.894"},{"game_id":1048,"team_name":"CHI","player_id":"{\"lavinza01\"}","player_name":"{\"Zach LaVine\"}","fg":"10.318","fga":"20.718","fg_pct":"0.498","three_p":"4.035","three_pa":"9.388","three_p_pct":"0.430","ft":"3.941","fta":"4.694","ft_pct":"0.840","orb":"0.753","drb":"3.906","trb":"4.659","ast":"4.976","stl":"0.694","blk":"0.588","tov":"2.447","pf":"2.635","pts":"28.612"},{"game_id":1048,"team_name":"CHI","player_id":"{\"vucevni01\"}","player_name":"{\"Nikola Vučević\"}","fg":"8.918","fga":"20.224","fg_pct":"0.441","three_p":"2.259","three_pa":"6.435","three_p_pct":"0.351","ft":"1.118","fta":"1.282","ft_pct":"0.872","orb":"2.788","drb":"11.118","trb":"13.906","ast":"4.588","stl":"0.729","blk":"0.682","tov":"1.894","pf":"2.106","pts":"21.212"},{"game_id":1048,"team_name":"CHI","player_id":"{\"youngth01\"}","player_name":"{\"Thaddeus Young\"}","fg":"4.012","fga":"9.400","fg_pct":"0.427","three_p":"0.282","three_pa":"0.953","three_p_pct":"0.296","ft":"1.341","fta":"2.047","ft_pct":"0.655","orb":"1.871","drb":"3.588","trb":"5.459","ast":"4.529","stl":"1.000","blk":"0.482","tov":"1.953","pf":"1.718","pts":"9.647"},{"game_id":1048,"team_name":"CHI","player_id":"{\"templga01\"}","player_name":"{\"Garrett Temple\"}","fg":"2.329","fga":"6.388","fg_pct":"0.365","three_p":"0.812","three_pa":"3.012","three_p_pct":"0.270","ft":"0.906","fta":"1.271","ft_pct":"0.713","orb":"0.612","drb":"2.694","trb":"3.306","ast":"2.694","stl":"0.576","blk":"0.812","tov":"0.824","pf":"2.424","pts":"6.376"},{"game_id":1048,"team_name":"CHI","player_id":"{\"markkla01\"}","player_name":"{\"Lauri Markkanen\"}","fg":"2.976","fga":"6.918","fg_pct":"0.430","three_p":"1.647","three_pa":"4.624","three_p_pct":"0.356","ft":"0.812","fta":"1.094","ft_pct":"0.742","orb":"0.647","drb":"4.306","trb":"4.953","ast":"0.482","stl":"0.753","blk":"0.235","tov":"0.576","pf":"1.671","pts":"8.412"},{"game_id":1048,"team_name":"CHI","player_id":"benchCHI","player_name":"Bench of CHI","fg":"2.075","fga":"4.204","fg_pct":"0.494","three_p":"0.343","three_pa":"1.144","three_p_pct":"0.300","ft":"0.933","fta":"1.358","ft_pct":"0.687","orb":"0.518","drb":"1.863","trb":"2.380","ast":"1.839","stl":"0.443","blk":"0.295","tov":"0.925","pf":"1.121","pts":"5.426"},{"game_id":1048,"team_name":"TOR","player_id":"{\"watanyu01\"}","player_name":"{\"Yuta Watanabe\"}","fg":"2.400","fga":"5.671","fg_pct":"0.423","three_p":"1.235","three_pa":"3.118","three_p_pct":"0.396","ft":"0.612","fta":"0.729","ft_pct":"0.840","orb":"0.447","drb":"2.800","trb":"3.247","ast":"1.235","stl":"0.600","blk":"0.294","tov":"0.282","pf":"1.353","pts":"6.647"},{"game_id":1048,"team_name":"TOR","player_id":"{\"johnsst04\"}","player_name":"{\"Stanley Johnson\"}","fg":"1.365","fga":"4.400","fg_pct":"0.310","three_p":"0.635","three_pa":"2.659","three_p_pct":"0.239","ft":"0.694","fta":"0.976","ft_pct":"0.711","orb":"0.165","drb":"1.565","trb":"1.729","ast":"1.906","stl":"1.141","blk":"0.271","tov":"1.235","pf":"2.965","pts":"4.059"},{"game_id":1048,"team_name":"TOR","player_id":"{\"flynnma01\"}","player_name":"{\"Malachi Flynn\"}","fg":"3.106","fga":"7.776","fg_pct":"0.399","three_p":"1.424","three_pa":"4.259","three_p_pct":"0.334","ft":"1.129","fta":"1.294","ft_pct":"0.872","orb":"0.200","drb":"3.247","trb":"3.447","ast":"3.047","stl":"0.812","blk":"0.153","tov":"1.188","pf":"2.176","pts":"8.765"},{"game_id":1048,"team_name":"TOR","player_id":"{\"bembrde01\"}","player_name":"{\"DeAndre' Bembry\"}","fg":"2.165","fga":"4.400","fg_pct":"0.492","three_p":"0.565","three_pa":"1.376","three_p_pct":"0.411","ft":"1.035","fta":"1.671","ft_pct":"0.619","orb":"0.953","drb":"2.435","trb":"3.388","ast":"1.600","stl":"1.706","blk":"0.235","tov":"2.106","pf":"2.400","pts":"5.929"},{"game_id":1048,"team_name":"TOR","player_id":"{\"gillefr01\"}","player_name":"{\"Freddie Gillespie\"}","fg":"2.353","fga":"4.447","fg_pct":"0.529","three_p":"0.000","three_pa":"0.000","three_p_pct":"NaN","ft":"1.341","fta":"1.882","ft_pct":"0.713","orb":"2.518","drb":"2.859","trb":"5.376","ast":"0.318","stl":"0.600","blk":"1.024","tov":"0.588","pf":"2.082","pts":"6.047"},{"game_id":1048,"team_name":"TOR","player_id":"{\"birchkh01\"}","player_name":"{\"Khem Birch\"}","fg":"5.412","fga":"9.306","fg_pct":"0.582","three_p":"0.388","three_pa":"1.306","three_p_pct":"0.297","ft":"1.706","fta":"2.506","ft_pct":"0.681","orb":"3.282","drb":"4.588","trb":"7.871","ast":"2.329","stl":"0.800","blk":"1.176","tov":"1.141","pf":"2.835","pts":"12.918"},{"game_id":1048,"team_name":"TOR","player_id":"benchTOR","player_name":"Bench of TOR","fg":"2.176","fga":"4.725","fg_pct":"0.461","three_p":"0.663","three_pa":"1.806","three_p_pct":"0.367","ft":"0.560","fta":"0.690","ft_pct":"0.812","orb":"0.830","drb":"2.002","trb":"2.832","ast":"1.087","stl":"0.559","blk":"0.169","tov":"1.029","pf":"1.702","pts":"5.576"}]