[{"game_id":1110,"team_name":"POR","player_id":"teamPOR","player_name":"Team name: POR","ts_pct":"0.585","efg_pct":"0.565","three_par":"0.399","ftr":"0.245","orb_pct":"6.325","drb_pct":"19.104","trb_pct":"13.183","ast_pct":"12.205","stl_pct":"0.953","blk_pct":"1.842","tov_pct":"12.346","usg_pct":"20.515","ortg":"119.622","drtg":"129.642","bpm":"-1.330"},{"game_id":1110,"team_name":"DEN","player_id":"teamDEN","player_name":"Team name: DEN","ts_pct":"0.563","efg_pct":"0.535","three_par":"0.457","ftr":"0.237","orb_pct":"5.152","drb_pct":"16.823","trb_pct":"10.786","ast_pct":"14.634","stl_pct":"1.924","blk_pct":"1.882","tov_pct":"12.659","usg_pct":"20.707","ortg":"116.628","drtg":"128.773","bpm":"-1.191"}]