[{"game_id":114,"team_name":"PHO","player_id":"teamPHO","player_name":"Team name: PHO","fg":"41.223","fga":"85.040","fg_pct":"0.485","three_p":"13.760","three_pa":"35.520","three_p_pct":"0.387","ft":"16.640","fta":"19.743","ft_pct":"0.843","orb":"8.429","drb":"34.509","trb":"42.937","ast":"26.503","stl":"5.640","blk":"4.514","tov":"12.514","pf":"20.080","pts":"112.846"},{"game_id":114,"team_name":"TOR","player_id":"teamTOR","player_name":"Team name: TOR","fg":"36.434","fga":"88.714","fg_pct":"0.411","three_p":"14.589","three_pa":"42.983","three_p_pct":"0.339","ft":"16.880","fta":"20.977","ft_pct":"0.805","orb":"8.749","drb":"33.886","trb":"42.634","ast":"22.200","stl":"8.137","blk":"5.846","tov":"13.909","pf":"24.617","pts":"104.337"}]