[{"game_id":1171,"team_name":"MIL","player_id":"teamMIL","player_name":"Team name: MIL","fg":"42.966","fga":"91.840","fg_pct":"0.468","three_p":"12.263","three_pa":"35.737","three_p_pct":"0.343","ft":"14.491","fta":"20.526","ft_pct":"0.706","orb":"13.771","drb":"32.800","trb":"46.571","ast":"24.371","stl":"8.411","blk":"4.223","tov":"10.949","pf":"18.320","pts":"112.686"},{"game_id":1171,"team_name":"PHO","player_id":"teamPHO","player_name":"Team name: PHO","fg":"41.451","fga":"86.943","fg_pct":"0.477","three_p":"11.011","three_pa":"29.914","three_p_pct":"0.368","ft":"15.280","fta":"17.709","ft_pct":"0.863","orb":"8.903","drb":"35.029","trb":"43.931","ast":"22.634","stl":"5.526","blk":"3.263","tov":"11.291","pf":"20.046","pts":"109.194"}]