[{"game_id":1031,"team_name":"IND","player_id":"{\"stanlca01\"}","player_name":"{\"Cassius Stanley\"}","fg":"0.976","fga":"2.635","fg_pct":"0.370","three_p":"0.141","three_pa":"0.624","three_p_pct":"0.226","ft":"0.388","fta":"0.541","ft_pct":"0.717","orb":"0.388","drb":"0.953","trb":"1.341","ast":"0.118","stl":"0.153","blk":"0.000","tov":"0.000","pf":"0.529","pts":"2.482"},{"game_id":1031,"team_name":"IND","player_id":"{\"sabondo01\"}","player_name":"{\"Domantas Sabonis\"}","fg":"9.882","fga":"16.035","fg_pct":"0.616","three_p":"1.118","three_pa":"2.965","three_p_pct":"0.377","ft":"3.553","fta":"4.612","ft_pct":"0.770","orb":"1.894","drb":"12.835","trb":"14.729","ast":"9.000","stl":"1.788","blk":"0.682","tov":"3.812","pf":"2.894","pts":"24.435"},{"game_id":1031,"team_name":"IND","player_id":"{\"leverca01\"}","player_name":"{\"Caris LeVert\"}","fg":"9.553","fga":"20.906","fg_pct":"0.457","three_p":"2.282","three_pa":"4.953","three_p_pct":"0.461","ft":"4.447","fta":"5.494","ft_pct":"0.809","orb":"0.518","drb":"4.541","trb":"5.059","ast":"6.706","stl":"1.059","blk":"1.129","tov":"2.494","pf":"2.894","pts":"25.835"},{"game_id":1031,"team_name":"IND","player_id":"{\"sampsja02\"}","player_name":"{\"JaKarr Sampson\"}","fg":"2.859","fga":"5.765","fg_pct":"0.496","three_p":"0.200","three_pa":"0.706","three_p_pct":"0.283","ft":"0.635","fta":"1.388","ft_pct":"0.457","orb":"1.494","drb":"2.624","trb":"4.118","ast":"0.247","stl":"0.000","blk":"1.129","tov":"1.024","pf":"4.106","pts":"6.553"},{"game_id":1031,"team_name":"IND","player_id":"{\"holidju01\"}","player_name":"{\"Justin Holiday\"}","fg":"2.835","fga":"6.600","fg_pct":"0.430","three_p":"2.035","three_pa":"4.624","three_p_pct":"0.440","ft":"1.271","fta":"1.376","ft_pct":"0.924","orb":"0.259","drb":"2.729","trb":"2.988","ast":"1.671","stl":"0.235","blk":"1.576","tov":"0.424","pf":"1.400","pts":"8.976"},{"game_id":1031,"team_name":"IND","player_id":"{\"brissos01\"}","player_name":"{\"Oshae Brissett\"}","fg":"3.682","fga":"7.318","fg_pct":"0.503","three_p":"1.424","three_pa":"3.435","three_p_pct":"0.415","ft":"2.635","fta":"3.282","ft_pct":"0.803","orb":"1.247","drb":"5.094","trb":"6.341","ast":"0.588","stl":"0.929","blk":"1.329","tov":"0.906","pf":"1.624","pts":"11.424"},{"game_id":1031,"team_name":"IND","player_id":"benchIND","player_name":"Bench of IND","fg":"3.959","fga":"7.475","fg_pct":"0.530","three_p":"0.813","three_pa":"2.279","three_p_pct":"0.357","ft":"0.853","fta":"1.031","ft_pct":"0.827","orb":"0.889","drb":"2.480","trb":"3.370","ast":"2.195","stl":"0.747","blk":"0.621","tov":"0.954","pf":"1.953","pts":"9.585"},{"game_id":1031,"team_name":"PHI","player_id":"{\"simmobe01\"}","player_name":"{\"Ben Simmons\"}","fg":"4.894","fga":"7.718","fg_pct":"0.634","three_p":"0.000","three_pa":"0.059","three_p_pct":"0.000","ft":"1.247","fta":"2.741","ft_pct":"0.455","orb":"1.541","drb":"4.153","trb":"5.694","ast":"5.894","stl":"1.835","blk":"0.471","tov":"1.259","pf":"2.365","pts":"11.035"},{"game_id":1031,"team_name":"PHI","player_id":"{\"curryse01\"}","player_name":"{\"Seth Curry\"}","fg":"5.306","fga":"9.624","fg_pct":"0.551","three_p":"3.318","three_pa":"5.918","three_p_pct":"0.561","ft":"0.882","fta":"0.882","ft_pct":"1.000","orb":"0.094","drb":"3.624","trb":"3.718","ast":"2.624","stl":"0.788","blk":"0.000","tov":"0.576","pf":"1.624","pts":"14.812"},{"game_id":1031,"team_name":"PHI","player_id":"{\"harrito02\"}","player_name":"{\"Tobias Harris\"}","fg":"6.318","fga":"12.847","fg_pct":"0.492","three_p":"0.953","three_pa":"2.647","three_p_pct":"0.360","ft":"1.859","fta":"2.012","ft_pct":"0.924","orb":"0.953","drb":"4.000","trb":"4.953","ast":"3.435","stl":"0.718","blk":"0.412","tov":"1.129","pf":"1.635","pts":"15.447"},{"game_id":1031,"team_name":"PHI","player_id":"{\"greenda02\"}","player_name":"{\"Danny Green\"}","fg":"3.035","fga":"8.353","fg_pct":"0.363","three_p":"2.353","three_pa":"6.765","three_p_pct":"0.348","ft":"0.447","fta":"0.447","ft_pct":"1.000","orb":"0.718","drb":"3.635","trb":"4.353","ast":"1.941","stl":"1.612","blk":"0.682","tov":"0.824","pf":"1.718","pts":"8.871"},{"game_id":1031,"team_name":"PHI","player_id":"{\"scottmi01\"}","player_name":"{\"Mike Scott\"}","fg":"1.212","fga":"3.459","fg_pct":"0.350","three_p":"0.682","three_pa":"1.906","three_p_pct":"0.358","ft":"0.118","fta":"0.118","ft_pct":"1.000","orb":"0.000","drb":"1.306","trb":"1.306","ast":"0.753","stl":"0.247","blk":"0.306","tov":"0.059","pf":"0.965","pts":"3.224"},{"game_id":1031,"team_name":"PHI","player_id":"{\"howardw01\"}","player_name":"{\"Dwight Howard\"}","fg":"3.624","fga":"5.918","fg_pct":"0.612","three_p":"0.153","three_pa":"0.459","three_p_pct":"0.333","ft":"2.529","fta":"4.153","ft_pct":"0.609","orb":"3.718","drb":"5.729","trb":"9.447","ast":"1.153","stl":"0.318","blk":"0.847","tov":"1.188","pf":"2.494","pts":"9.929"},{"game_id":1031,"team_name":"PHI","player_id":"benchPHI","player_name":"Bench of PHI","fg":"1.788","fga":"4.141","fg_pct":"0.432","three_p":"0.572","three_pa":"1.695","three_p_pct":"0.337","ft":"1.130","fta":"1.412","ft_pct":"0.800","orb":"0.336","drb":"1.323","trb":"1.659","ast":"1.342","stl":"0.459","blk":"0.141","tov":"0.823","pf":"0.925","pts":"5.278"}]