[{"game_id":1096,"team_name":"DEN","player_id":"teamDEN","player_name":"Team name: DEN","ts_pct":"0.527","efg_pct":"0.496","three_par":"0.443","ftr":"0.212","orb_pct":"5.092","drb_pct":"16.255","trb_pct":"10.530","ast_pct":"14.666","stl_pct":"1.629","blk_pct":"1.841","tov_pct":"11.326","usg_pct":"20.448","ortg":"111.857","drtg":"122.624","bpm":"-1.519"},{"game_id":1096,"team_name":"POR","player_id":"teamPOR","player_name":"Team name: POR","ts_pct":"0.587","efg_pct":"0.566","three_par":"0.396","ftr":"0.261","orb_pct":"4.593","drb_pct":"20.096","trb_pct":"12.698","ast_pct":"13.492","stl_pct":"1.110","blk_pct":"1.991","tov_pct":"9.991","usg_pct":"20.211","ortg":"121.846","drtg":"125.139","bpm":"-0.284"}]