[{"game_id":1255,"team_name":"GSW","player_id":"{\"chrisma01\"}","player_name":"{\"Marquese Chriss\"}","fg":"1.953","fga":"4.600","fg_pct":"0.425","three_p":"0.000","three_pa":"0.694","three_p_pct":"0.000","ft":"1.624","fta":"2.071","ft_pct":"0.784","orb":"1.612","drb":"3.047","trb":"4.659","ast":"0.918","stl":"0.988","blk":"0.153","tov":"1.212","pf":"2.282","pts":"5.529"},{"game_id":1255,"team_name":"GSW","player_id":"{\"bowmaky01\"}","player_name":"{\"Ky Bowman\"}","fg":"1.036","fga":"4.145","fg_pct":"0.250","three_p":"0.218","three_pa":"0.636","three_p_pct":"0.343","ft":"1.273","fta":"1.273","ft_pct":"1.000","orb":"0.000","drb":"0.455","trb":"0.455","ast":"0.855","stl":"0.655","blk":"0.000","tov":"0.655","pf":"1.109","pts":"3.564"},{"game_id":1255,"team_name":"GSW","player_id":"{\"robingl02\"}","player_name":"{\"Glenn Robinson III\"}","fg":"3.000","fga":"6.965","fg_pct":"0.431","three_p":"0.388","three_pa":"2.000","three_p_pct":"0.194","ft":"1.506","fta":"1.671","ft_pct":"0.901","orb":"1.659","drb":"2.753","trb":"4.412","ast":"1.024","stl":"0.753","blk":"0.329","tov":"0.588","pf":"1.682","pts":"7.894"},{"game_id":1255,"team_name":"GSW","player_id":"{\"pascher01\"}","player_name":"{\"Eric Paschall\"}","fg":"4.509","fga":"6.891","fg_pct":"0.654","three_p":"0.000","three_pa":"0.582","three_p_pct":"0.000","ft":"2.473","fta":"2.636","ft_pct":"0.938","orb":"1.164","drb":"1.564","trb":"2.727","ast":"1.509","stl":"0.782","blk":"0.436","tov":"1.236","pf":"1.491","pts":"11.491"},{"game_id":1255,"team_name":"GSW","player_id":"{\"poolejo01\"}","player_name":"{\"Jordan Poole\"}","fg":"3.400","fga":"10.582","fg_pct":"0.321","three_p":"2.327","three_pa":"5.800","three_p_pct":"0.401","ft":"2.073","fta":"2.073","ft_pct":"1.000","orb":"0.000","drb":"1.764","trb":"1.764","ast":"1.182","stl":"0.745","blk":"0.000","tov":"1.182","pf":"2.327","pts":"11.200"},{"game_id":1255,"team_name":"GSW","player_id":"{\"leeda03\"}","player_name":"{\"Damion Lee\"}","fg":"3.376","fga":"6.882","fg_pct":"0.491","three_p":"1.553","three_pa":"3.165","three_p_pct":"0.491","ft":"2.024","fta":"2.294","ft_pct":"0.882","orb":"0.741","drb":"3.635","trb":"4.376","ast":"1.341","stl":"0.447","blk":"0.000","tov":"0.929","pf":"1.306","pts":"10.329"},{"game_id":1255,"team_name":"GSW","player_id":"benchGSW","player_name":"Bench of GSW","fg":"2.440","fga":"4.762","fg_pct":"0.512","three_p":"0.291","three_pa":"0.854","three_p_pct":"0.341","ft":"1.172","fta":"1.373","ft_pct":"0.854","orb":"1.207","drb":"3.082","trb":"4.289","ast":"1.044","stl":"0.649","blk":"0.337","tov":"0.596","pf":"1.555","pts":"6.342"},{"game_id":1255,"team_name":"CHO","player_id":"{\"biyombi01\"}","player_name":"{\"Bismack Biyombo\"}","fg":"1.965","fga":"3.200","fg_pct":"0.614","three_p":"0.000","three_pa":"0.000","three_p_pct":"NaN","ft":"1.165","fta":"2.365","ft_pct":"0.493","orb":"1.306","drb":"2.741","trb":"4.047","ast":"1.541","stl":"0.141","blk":"0.176","tov":"0.882","pf":"1.706","pts":"5.094"},{"game_id":1255,"team_name":"CHO","player_id":"{\"martico01\"}","player_name":"{\"Cody Martin\"}","fg":"0.457","fga":"1.370","fg_pct":"0.334","three_p":"0.000","three_pa":"0.696","three_p_pct":"0.000","ft":"0.674","fta":"0.913","ft_pct":"0.738","orb":"0.000","drb":"0.870","trb":"0.870","ast":"0.217","stl":"0.717","blk":"0.000","tov":"0.000","pf":"0.217","pts":"1.587"},{"game_id":1255,"team_name":"CHO","player_id":"{\"bacondw01\"}","player_name":"{\"Dwayne Bacon\"}","fg":"4.329","fga":"11.365","fg_pct":"0.381","three_p":"1.129","three_pa":"3.929","three_p_pct":"0.287","ft":"1.035","fta":"1.600","ft_pct":"0.647","orb":"0.424","drb":"2.871","trb":"3.294","ast":"1.882","stl":"0.694","blk":"0.047","tov":"1.341","pf":"2.800","pts":"10.824"},{"game_id":1255,"team_name":"CHO","player_id":"{\"roziete01\"}","player_name":"{\"Terry Rozier\"}","fg":"4.188","fga":"10.706","fg_pct":"0.391","three_p":"1.788","three_pa":"5.282","three_p_pct":"0.339","ft":"1.965","fta":"2.318","ft_pct":"0.848","orb":"0.471","drb":"3.635","trb":"4.106","ast":"3.882","stl":"0.976","blk":"0.529","tov":"2.518","pf":"2.718","pts":"12.129"},{"game_id":1255,"team_name":"CHO","player_id":"{\"washipj01\"}","player_name":"{\"P.J. Washington\"}","fg":"5.836","fga":"10.455","fg_pct":"0.558","three_p":"2.436","three_pa":"4.727","three_p_pct":"0.515","ft":"1.564","fta":"2.618","ft_pct":"0.597","orb":"0.982","drb":"6.109","trb":"7.091","ast":"1.073","stl":"0.982","blk":"0.545","tov":"2.236","pf":"2.600","pts":"15.673"},{"game_id":1255,"team_name":"CHO","player_id":"{\"grahade01\"}","player_name":"{\"Devonte' Graham\"}","fg":"3.776","fga":"9.000","fg_pct":"0.420","three_p":"2.365","three_pa":"5.235","three_p_pct":"0.452","ft":"2.200","fta":"2.435","ft_pct":"0.903","orb":"0.424","drb":"2.365","trb":"2.788","ast":"5.929","stl":"0.129","blk":"0.141","tov":"1.812","pf":"1.424","pts":"12.118"},{"game_id":1255,"team_name":"CHO","player_id":"benchCHO","player_name":"Bench of CHO","fg":"4.050","fga":"8.259","fg_pct":"0.490","three_p":"1.234","three_pa":"3.295","three_p_pct":"0.375","ft":"0.894","fta":"1.175","ft_pct":"0.761","orb":"1.253","drb":"3.495","trb":"4.748","ast":"1.917","stl":"0.705","blk":"0.620","tov":"1.403","pf":"1.958","pts":"10.229"}]