[{"game_id":1093,"team_name":"NYK","player_id":"{\"paytoel01\"}","player_name":"{\"Elfrid Payton\"}","fg":"1.447","fga":"5.059","fg_pct":"0.286","three_p":"0.106","three_pa":"0.518","three_p_pct":"0.205","ft":"0.235","fta":"0.412","ft_pct":"0.570","orb":"0.106","drb":"2.329","trb":"2.435","ast":"2.012","stl":"0.459","blk":"0.000","tov":"1.129","pf":"1.929","pts":"3.235"},{"game_id":1093,"team_name":"NYK","player_id":"{\"rosede01\"}","player_name":"{\"Derrick Rose\"}","fg":"7.259","fga":"13.424","fg_pct":"0.541","three_p":"1.329","three_pa":"2.624","three_p_pct":"0.506","ft":"2.035","fta":"2.035","ft_pct":"1.000","orb":"0.694","drb":"3.235","trb":"3.929","ast":"4.447","stl":"0.718","blk":"0.188","tov":"1.835","pf":"0.882","pts":"17.882"},{"game_id":1093,"team_name":"NYK","player_id":"{\"randlju01\"}","player_name":"{\"Julius Randle\"}","fg":"8.529","fga":"20.659","fg_pct":"0.413","three_p":"2.341","three_pa":"6.494","three_p_pct":"0.360","ft":"5.494","fta":"6.576","ft_pct":"0.835","orb":"0.529","drb":"8.400","trb":"8.929","ast":"6.894","stl":"0.553","blk":"0.282","tov":"3.282","pf":"3.341","pts":"24.894"},{"game_id":1093,"team_name":"NYK","player_id":"{\"barrerj01\"}","player_name":"{\"RJ Barrett\"}","fg":"5.918","fga":"14.835","fg_pct":"0.399","three_p":"2.706","three_pa":"5.894","three_p_pct":"0.459","ft":"2.694","fta":"3.482","ft_pct":"0.774","orb":"0.412","drb":"5.376","trb":"5.788","ast":"3.329","stl":"0.671","blk":"0.376","tov":"1.471","pf":"2.482","pts":"17.235"},{"game_id":1093,"team_name":"NYK","player_id":"{\"burksal01\"}","player_name":"{\"Alec Burks\"}","fg":"4.741","fga":"10.859","fg_pct":"0.437","three_p":"2.518","three_pa":"5.800","three_p_pct":"0.434","ft":"1.612","fta":"1.894","ft_pct":"0.851","orb":"0.294","drb":"5.518","trb":"5.812","ast":"2.071","stl":"0.247","blk":"0.329","tov":"1.024","pf":"2.247","pts":"13.612"},{"game_id":1093,"team_name":"NYK","player_id":"{\"gibsota01\"}","player_name":"{\"Taj Gibson\"}","fg":"2.459","fga":"3.894","fg_pct":"0.631","three_p":"0.000","three_pa":"0.071","three_p_pct":"0.000","ft":"0.988","fta":"1.082","ft_pct":"0.913","orb":"2.082","drb":"3.765","trb":"5.847","ast":"1.141","stl":"0.376","blk":"1.553","tov":"0.165","pf":"2.235","pts":"5.906"},{"game_id":1093,"team_name":"NYK","player_id":"benchNYK","player_name":"Bench of NYK","fg":"2.473","fga":"5.207","fg_pct":"0.475","three_p":"1.182","three_pa":"2.841","three_p_pct":"0.416","ft":"0.873","fta":"1.023","ft_pct":"0.853","orb":"0.612","drb":"2.335","trb":"2.948","ast":"0.882","stl":"0.768","blk":"0.754","tov":"0.461","pf":"1.739","pts":"7.002"},{"game_id":1093,"team_name":"ATL","player_id":"{\"youngtr01\"}","player_name":"{\"Trae Young\"}","fg":"7.918","fga":"16.541","fg_pct":"0.479","three_p":"1.271","three_pa":"5.541","three_p_pct":"0.229","ft":"7.035","fta":"7.259","ft_pct":"0.969","orb":"0.271","drb":"3.400","trb":"3.671","ast":"9.071","stl":"0.729","blk":"0.106","tov":"3.376","pf":"1.129","pts":"24.141"},{"game_id":1093,"team_name":"ATL","player_id":"{\"collijo01\"}","player_name":"{\"John Collins\"}","fg":"5.953","fga":"10.035","fg_pct":"0.593","three_p":"1.918","three_pa":"3.612","three_p_pct":"0.531","ft":"3.071","fta":"3.671","ft_pct":"0.837","orb":"0.871","drb":"5.212","trb":"6.082","ast":"0.553","stl":"0.600","blk":"1.082","tov":"1.635","pf":"2.824","pts":"16.894"},{"game_id":1093,"team_name":"ATL","player_id":"{\"capelca01\"}","player_name":"{\"Clint Capela\"}","fg":"5.741","fga":"9.812","fg_pct":"0.585","three_p":"0.000","three_pa":"0.000","three_p_pct":"NaN","ft":"1.988","fta":"3.659","ft_pct":"0.543","orb":"4.024","drb":"8.718","trb":"12.741","ast":"0.482","stl":"0.588","blk":"1.529","tov":"1.165","pf":"2.329","pts":"13.471"},{"game_id":1093,"team_name":"ATL","player_id":"{\"bogdabo01\"}","player_name":"{\"Bogdan Bogdanović\"}","fg":"8.341","fga":"15.459","fg_pct":"0.540","three_p":"4.918","three_pa":"9.682","three_p_pct":"0.508","ft":"1.235","fta":"1.294","ft_pct":"0.954","orb":"0.329","drb":"2.871","trb":"3.200","ast":"4.176","stl":"1.882","blk":"0.435","tov":"1.224","pf":"2.447","pts":"22.835"},{"game_id":1093,"team_name":"ATL","player_id":"{\"huertke01\"}","player_name":"{\"Kevin Huerter\"}","fg":"3.965","fga":"9.706","fg_pct":"0.409","three_p":"1.565","three_pa":"4.941","three_p_pct":"0.317","ft":"0.341","fta":"0.541","ft_pct":"0.630","orb":"0.518","drb":"3.094","trb":"3.612","ast":"3.188","stl":"1.000","blk":"0.318","tov":"0.965","pf":"2.235","pts":"9.835"},{"game_id":1093,"team_name":"ATL","player_id":"{\"okongon01\"}","player_name":"{\"Onyeka Okongwu\"}","fg":"3.624","fga":"5.059","fg_pct":"0.716","three_p":"0.000","three_pa":"0.059","three_p_pct":"0.000","ft":"0.835","fta":"1.412","ft_pct":"0.591","orb":"2.506","drb":"2.741","trb":"5.247","ast":"1.012","stl":"0.635","blk":"0.812","tov":"0.929","pf":"1.765","pts":"8.082"},{"game_id":1093,"team_name":"ATL","player_id":"benchATL","player_name":"Bench of ATL","fg":"3.105","fga":"7.128","fg_pct":"0.436","three_p":"0.873","three_pa":"2.580","three_p_pct":"0.338","ft":"1.609","fta":"1.892","ft_pct":"0.850","orb":"0.352","drb":"2.901","trb":"3.253","ast":"1.893","stl":"0.613","blk":"0.316","tov":"0.842","pf":"1.679","pts":"8.691"}]