[{"game_id":103,"team_name":"DEN","player_id":"teamDEN","player_name":"Team name: DEN","fg":"41.349","fga":"84.606","fg_pct":"0.489","three_p":"11.577","three_pa":"31.469","three_p_pct":"0.368","ft":"19.051","fta":"24.960","ft_pct":"0.763","orb":"9.166","drb":"30.606","trb":"39.771","ast":"27.080","stl":"6.897","blk":"4.023","tov":"14.491","pf":"20.880","pts":"113.326"},{"game_id":103,"team_name":"MIN","player_id":"teamMIN","player_name":"Team name: MIN","fg":"40.726","fga":"91.040","fg_pct":"0.447","three_p":"11.537","three_pa":"35.509","three_p_pct":"0.325","ft":"15.234","fta":"20.783","ft_pct":"0.733","orb":"11.000","drb":"30.554","trb":"41.554","ast":"23.560","stl":"8.926","blk":"4.246","tov":"14.606","pf":"20.126","pts":"108.223"}]