[{"game_id":1012,"team_name":"BOS","player_id":"teamBOS","player_name":"Team name: BOS","ts_pct":"0.626","efg_pct":"0.595","three_par":"0.496","ftr":"0.211","orb_pct":"5.289","drb_pct":"17.772","trb_pct":"11.488","ast_pct":"15.253","stl_pct":"1.338","blk_pct":"3.068","tov_pct":"15.559","usg_pct":"20.660","ortg":"123.107","drtg":"132.732","bpm":"-1.531"},{"game_id":1012,"team_name":"MIA","player_id":"teamMIA","player_name":"Team name: MIA","ts_pct":"0.552","efg_pct":"0.522","three_par":"0.440","ftr":"0.225","orb_pct":"4.364","drb_pct":"16.725","trb_pct":"10.379","ast_pct":"15.476","stl_pct":"1.756","blk_pct":"1.330","tov_pct":"9.393","usg_pct":"20.017","ortg":"115.058","drtg":"119.527","bpm":"-0.455"}]