[{"game_id":1001,"team_name":"UTA","player_id":"{\"ilyaser01\"}","player_name":"{\"Ersan İlyasova\"}","fg":"1.647","fga":"3.424","fg_pct":"0.481","three_p":"1.459","three_pa":"2.753","three_p_pct":"0.530","ft":"0.000","fta":"0.000","ft_pct":"NaN","orb":"0.224","drb":"1.671","trb":"1.894","ast":"0.271","stl":"0.812","blk":"0.306","tov":"0.624","pf":"2.176","pts":"4.753"},{"game_id":1001,"team_name":"UTA","player_id":"{\"onimi01\"}","player_name":"{\"Miye Oni\"}","fg":"0.635","fga":"1.341","fg_pct":"0.474","three_p":"0.541","three_pa":"1.247","three_p_pct":"0.434","ft":"0.000","fta":"0.000","ft_pct":"NaN","orb":"0.212","drb":"1.518","trb":"1.729","ast":"1.153","stl":"0.471","blk":"0.094","tov":"0.459","pf":"1.294","pts":"1.812"},{"game_id":1001,"team_name":"UTA","player_id":"{\"bogdabo02\"}","player_name":"{\"Bojan Bogdanović\"}","fg":"7.871","fga":"15.235","fg_pct":"0.517","three_p":"3.000","three_pa":"7.282","three_p_pct":"0.412","ft":"4.118","fta":"4.635","ft_pct":"0.888","orb":"0.353","drb":"2.424","trb":"2.776","ast":"2.000","stl":"1.024","blk":"0.106","tov":"3.024","pf":"1.353","pts":"22.859"},{"game_id":1001,"team_name":"UTA","player_id":"{\"clarkjo01\"}","player_name":"{\"Jordan Clarkson\"}","fg":"7.224","fga":"17.412","fg_pct":"0.415","three_p":"2.353","three_pa":"7.824","three_p_pct":"0.301","ft":"2.412","fta":"2.941","ft_pct":"0.820","orb":"0.518","drb":"3.976","trb":"4.494","ast":"3.659","stl":"1.024","blk":"0.082","tov":"1.894","pf":"1.753","pts":"19.212"},{"game_id":1001,"team_name":"UTA","player_id":"{\"goberru01\"}","player_name":"{\"Rudy Gobert\"}","fg":"5.741","fga":"7.976","fg_pct":"0.720","three_p":"0.000","three_pa":"0.000","three_p_pct":"NaN","ft":"2.541","fta":"3.859","ft_pct":"0.658","orb":"2.918","drb":"9.541","trb":"12.459","ast":"0.765","stl":"0.718","blk":"2.247","tov":"1.906","pf":"2.012","pts":"14.024"},{"game_id":1001,"team_name":"UTA","player_id":"{\"inglejo01\"}","player_name":"{\"Joe Ingles\"}","fg":"4.612","fga":"10.800","fg_pct":"0.427","three_p":"3.059","three_pa":"8.035","three_p_pct":"0.381","ft":"1.271","fta":"1.682","ft_pct":"0.756","orb":"0.541","drb":"2.894","trb":"3.435","ast":"6.812","stl":"0.494","blk":"0.165","tov":"2.341","pf":"1.706","pts":"13.553"},{"game_id":1001,"team_name":"UTA","player_id":"benchUTA","player_name":"Bench of UTA","fg":"2.516","fga":"5.057","fg_pct":"0.498","three_p":"1.224","three_pa":"2.793","three_p_pct":"0.438","ft":"0.378","fta":"0.441","ft_pct":"0.857","orb":"1.004","drb":"3.776","trb":"4.779","ast":"1.610","stl":"0.492","blk":"0.417","tov":"0.888","pf":"1.474","pts":"6.633"},{"game_id":1001,"team_name":"DEN","player_id":"{\"portemi01\"}","player_name":"{\"Michael Porter Jr.\"}","fg":"9.271","fga":"16.588","fg_pct":"0.559","three_p":"3.659","three_pa":"7.753","three_p_pct":"0.472","ft":"1.941","fta":"2.424","ft_pct":"0.801","orb":"0.294","drb":"6.176","trb":"6.471","ast":"1.918","stl":"0.412","blk":"0.988","tov":"1.729","pf":"2.282","pts":"24.141"},{"game_id":1001,"team_name":"DEN","player_id":"{\"jokicni01\"}","player_name":"{\"Nikola Jokić\"}","fg":"9.953","fga":"18.176","fg_pct":"0.548","three_p":"1.188","three_pa":"3.553","three_p_pct":"0.334","ft":"7.082","fta":"8.165","ft_pct":"0.867","orb":"2.271","drb":"8.412","trb":"10.682","ast":"6.165","stl":"1.294","blk":"1.082","tov":"3.176","pf":"2.659","pts":"28.176"},{"game_id":1001,"team_name":"DEN","player_id":"{\"campafa01\"}","player_name":"{\"Facundo Campazzo\"}","fg":"3.153","fga":"7.200","fg_pct":"0.438","three_p":"1.471","three_pa":"4.647","three_p_pct":"0.317","ft":"2.929","fta":"3.188","ft_pct":"0.919","orb":"0.635","drb":"3.424","trb":"4.059","ast":"5.941","stl":"2.400","blk":"0.471","tov":"1.741","pf":"2.424","pts":"10.706"},{"game_id":1001,"team_name":"DEN","player_id":"{\"gordoaa01\"}","player_name":"{\"Aaron Gordon\"}","fg":"2.953","fga":"7.624","fg_pct":"0.387","three_p":"0.529","three_pa":"2.388","three_p_pct":"0.222","ft":"1.282","fta":"1.929","ft_pct":"0.665","orb":"1.871","drb":"3.012","trb":"4.882","ast":"1.859","stl":"0.294","blk":"0.800","tov":"1.553","pf":"2.094","pts":"7.718"},{"game_id":1001,"team_name":"DEN","player_id":"{\"riverau01\"}","player_name":"{\"Austin Rivers\"}","fg":"2.612","fga":"6.847","fg_pct":"0.381","three_p":"1.506","three_pa":"4.435","three_p_pct":"0.340","ft":"1.224","fta":"1.600","ft_pct":"0.765","orb":"0.059","drb":"1.918","trb":"1.976","ast":"2.941","stl":"1.482","blk":"0.165","tov":"0.565","pf":"1.847","pts":"7.953"},{"game_id":1001,"team_name":"DEN","player_id":"{\"millspa01\"}","player_name":"{\"Paul Millsap\"}","fg":"3.412","fga":"8.529","fg_pct":"0.400","three_p":"0.294","three_pa":"2.224","three_p_pct":"0.132","ft":"0.953","fta":"1.188","ft_pct":"0.802","orb":"1.541","drb":"3.800","trb":"5.341","ast":"1.894","stl":"0.788","blk":"0.706","tov":"0.588","pf":"1.682","pts":"8.071"},{"game_id":1001,"team_name":"DEN","player_id":"benchDEN","player_name":"Bench of DEN","fg":"2.278","fga":"4.937","fg_pct":"0.461","three_p":"0.494","three_pa":"1.457","three_p_pct":"0.339","ft":"0.903","fta":"1.117","ft_pct":"0.808","orb":"1.083","drb":"3.161","trb":"4.244","ast":"0.769","stl":"0.553","blk":"0.685","tov":"0.842","pf":"2.195","pts":"5.953"}]