[{"game_id":1015,"team_name":"CLE","player_id":"{\"martije02\"}","player_name":"{\"Jeremiah Martin\"}","fg":"1.424","fga":"3.824","fg_pct":"0.372","three_p":"0.435","three_pa":"1.247","three_p_pct":"0.349","ft":"0.576","fta":"1.129","ft_pct":"0.510","orb":"0.000","drb":"0.788","trb":"0.788","ast":"0.988","stl":"0.576","blk":"0.071","tov":"0.588","pf":"0.435","pts":"3.859"},{"game_id":1015,"team_name":"CLE","player_id":"{\"sextoco01\"}","player_name":"{\"Collin Sexton\"}","fg":"9.059","fga":"19.012","fg_pct":"0.476","three_p":"1.753","three_pa":"4.541","three_p_pct":"0.386","ft":"5.188","fta":"6.859","ft_pct":"0.756","orb":"1.918","drb":"2.694","trb":"4.612","ast":"4.494","stl":"0.871","blk":"0.424","tov":"3.153","pf":"2.976","pts":"25.059"},{"game_id":1015,"team_name":"CLE","player_id":"{\"okorois01\"}","player_name":"{\"Isaac Okoro\"}","fg":"4.659","fga":"10.400","fg_pct":"0.448","three_p":"1.176","three_pa":"3.459","three_p_pct":"0.340","ft":"3.600","fta":"4.835","ft_pct":"0.745","orb":"1.400","drb":"2.153","trb":"3.553","ast":"2.188","stl":"0.694","blk":"0.000","tov":"0.718","pf":"2.765","pts":"14.094"},{"game_id":1015,"team_name":"CLE","player_id":"{\"wadede01\"}","player_name":"{\"Dean Wade\"}","fg":"2.741","fga":"6.259","fg_pct":"0.438","three_p":"1.694","three_pa":"4.718","three_p_pct":"0.359","ft":"0.894","fta":"1.188","ft_pct":"0.753","orb":"0.929","drb":"2.612","trb":"3.541","ast":"1.224","stl":"0.447","blk":"0.341","tov":"0.588","pf":"0.941","pts":"8.071"},{"game_id":1015,"team_name":"CLE","player_id":"{\"loveke01\"}","player_name":"{\"Kevin Love\"}","fg":"4.259","fga":"10.212","fg_pct":"0.417","three_p":"2.482","three_pa":"6.341","three_p_pct":"0.391","ft":"1.071","fta":"1.176","ft_pct":"0.911","orb":"0.576","drb":"7.541","trb":"8.118","ast":"3.035","stl":"0.553","blk":"0.000","tov":"1.729","pf":"1.106","pts":"12.071"},{"game_id":1015,"team_name":"CLE","player_id":"{\"allenja01\"}","player_name":"{\"Jarrett Allen\"}","fg":"4.835","fga":"8.141","fg_pct":"0.594","three_p":"0.000","three_pa":"0.235","three_p_pct":"0.000","ft":"2.647","fta":"3.894","ft_pct":"0.680","orb":"3.953","drb":"7.165","trb":"11.118","ast":"1.988","stl":"0.894","blk":"0.941","tov":"2.059","pf":"1.294","pts":"12.318"},{"game_id":1015,"team_name":"CLE","player_id":"benchCLE","player_name":"Bench of CLE","fg":"1.185","fga":"3.190","fg_pct":"0.371","three_p":"0.528","three_pa":"1.696","three_p_pct":"0.311","ft":"0.301","fta":"0.523","ft_pct":"0.576","orb":"0.389","drb":"1.498","trb":"1.888","ast":"0.923","stl":"0.213","blk":"0.225","tov":"0.663","pf":"1.221","pts":"3.198"},{"game_id":1015,"team_name":"DAL","player_id":"{\"marjabo01\"}","player_name":"{\"Boban Marjanović\"}","fg":"1.765","fga":"3.388","fg_pct":"0.521","three_p":"0.000","three_pa":"0.153","three_p_pct":"0.000","ft":"1.694","fta":"1.835","ft_pct":"0.923","orb":"1.600","drb":"2.894","trb":"4.494","ast":"0.482","stl":"0.141","blk":"0.376","tov":"0.165","pf":"1.212","pts":"5.224"},{"game_id":1015,"team_name":"DAL","player_id":"{\"hintona01\"}","player_name":"{\"Nate Hinton\"}","fg":"0.847","fga":"1.318","fg_pct":"0.643","three_p":"0.153","three_pa":"0.565","three_p_pct":"0.271","ft":"0.318","fta":"0.518","ft_pct":"0.614","orb":"0.118","drb":"0.647","trb":"0.765","ast":"0.388","stl":"0.271","blk":"0.153","tov":"0.176","pf":"0.647","pts":"2.165"},{"game_id":1015,"team_name":"DAL","player_id":"{\"beyty01\"}","player_name":"{\"Tyler Bey\"}","fg":"0.600","fga":"1.494","fg_pct":"0.402","three_p":"0.129","three_pa":"0.459","three_p_pct":"0.281","ft":"0.129","fta":"0.129","ft_pct":"1.000","orb":"0.412","drb":"0.529","trb":"0.941","ast":"0.200","stl":"0.000","blk":"0.000","tov":"0.282","pf":"0.424","pts":"1.459"},{"game_id":1015,"team_name":"DAL","player_id":"{\"hardati02\"}","player_name":"{\"Tim Hardaway Jr.\"}","fg":"7.565","fga":"15.871","fg_pct":"0.477","three_p":"3.894","three_pa":"9.094","three_p_pct":"0.428","ft":"2.800","fta":"3.494","ft_pct":"0.801","orb":"0.329","drb":"3.106","trb":"3.435","ast":"2.035","stl":"0.376","blk":"0.188","tov":"1.047","pf":"2.318","pts":"21.824"},{"game_id":1015,"team_name":"DAL","player_id":"{\"poweldw01\"}","player_name":"{\"Dwight Powell\"}","fg":"3.424","fga":"4.341","fg_pct":"0.789","three_p":"0.000","three_pa":"0.094","three_p_pct":"0.000","ft":"2.965","fta":"3.647","ft_pct":"0.813","orb":"2.153","drb":"4.059","trb":"6.212","ast":"1.753","stl":"0.953","blk":"1.000","tov":"1.012","pf":"3.094","pts":"9.812"},{"game_id":1015,"team_name":"DAL","player_id":"{\"richajo01\"}","player_name":"{\"Josh Richardson\"}","fg":"4.788","fga":"10.929","fg_pct":"0.438","three_p":"1.694","three_pa":"3.953","three_p_pct":"0.429","ft":"1.165","fta":"1.235","ft_pct":"0.943","orb":"0.741","drb":"1.988","trb":"2.729","ast":"1.929","stl":"1.682","blk":"0.518","tov":"1.306","pf":"1.294","pts":"12.435"},{"game_id":1015,"team_name":"DAL","player_id":"benchDAL","player_name":"Bench of DAL","fg":"3.617","fga":"7.713","fg_pct":"0.469","three_p":"1.220","three_pa":"3.361","three_p_pct":"0.363","ft":"1.480","fta":"2.117","ft_pct":"0.699","orb":"0.907","drb":"3.203","trb":"4.110","ast":"2.591","stl":"0.708","blk":"0.248","tov":"1.351","pf":"1.534","pts":"9.934"}]