[{"game_id":1127,"team_name":"LAL","player_id":"{\"harremo01\"}","player_name":"{\"Montrezl Harrell\"}","ts_pct":"0.540","efg_pct":"0.493","three_par":"0.000","ftr":"0.654","orb_pct":"8.049","drb_pct":"24.327","trb_pct":"15.984","ast_pct":"2.938","stl_pct":"1.728","blk_pct":"0.819","tov_pct":"6.475","usg_pct":"22.225","ortg":"105.612","drtg":"108.788","bpm":"3.716"},{"game_id":1127,"team_name":"LAL","player_id":"{\"carusal01\"}","player_name":"{\"Alex Caruso\"}","ts_pct":"0.447","efg_pct":"0.439","three_par":"0.389","ftr":"0.078","orb_pct":"2.596","drb_pct":"8.095","trb_pct":"5.279","ast_pct":"11.454","stl_pct":"1.045","blk_pct":"2.976","tov_pct":"17.862","usg_pct":"18.234","ortg":"86.576","drtg":"109.212","bpm":"-4.324"},{"game_id":1127,"team_name":"LAL","player_id":"{\"davisan02\"}","player_name":"{\"Anthony Davis\"}","ts_pct":"0.505","efg_pct":"0.420","three_par":"0.201","ftr":"0.535","orb_pct":"4.713","drb_pct":"22.508","trb_pct":"13.316","ast_pct":"16.491","stl_pct":"1.654","blk_pct":"3.640","tov_pct":"6.359","usg_pct":"28.212","ortg":"107.824","drtg":"104.188","bpm":"4.269"},{"game_id":1127,"team_name":"LAL","player_id":"{\"jamesle01\"}","player_name":"{\"LeBron James\"}","ts_pct":"0.578","efg_pct":"0.563","three_par":"0.385","ftr":"0.245","orb_pct":"4.319","drb_pct":"17.128","trb_pct":"10.726","ast_pct":"48.449","stl_pct":"1.989","blk_pct":"0.395","tov_pct":"16.344","usg_pct":"30.373","ortg":"110.612","drtg":"107.871","bpm":"7.048"},{"game_id":1127,"team_name":"LAL","player_id":"{\"caldwke01\"}","player_name":"{\"Kentavious Caldwell-Pope\"}","ts_pct":"0.461","efg_pct":"0.428","three_par":"0.609","ftr":"0.157","orb_pct":"1.513","drb_pct":"9.231","trb_pct":"5.242","ast_pct":"11.536","stl_pct":"2.719","blk_pct":"0.844","tov_pct":"11.980","usg_pct":"9.471","ortg":"104.106","drtg":"108.565","bpm":"-1.196"},{"game_id":1127,"team_name":"LAL","player_id":"{\"schrode01\"}","player_name":"{\"Dennis Schröder\"}","ts_pct":"0.448","efg_pct":"0.409","three_par":"0.407","ftr":"0.324","orb_pct":"1.294","drb_pct":"10.139","trb_pct":"5.538","ast_pct":"17.791","stl_pct":"1.496","blk_pct":"0.555","tov_pct":"11.007","usg_pct":"20.561","ortg":"89.365","drtg":"111.235","bpm":"-3.055"},{"game_id":1127,"team_name":"LAL","player_id":"benchLAL","player_name":"Bench of LAL","ts_pct":"0.438","efg_pct":"0.407","three_par":"0.514","ftr":"0.263","orb_pct":"3.749","drb_pct":"14.249","trb_pct":"8.752","ast_pct":"10.907","stl_pct":"1.400","blk_pct":"0.983","tov_pct":"10.799","usg_pct":"15.737","ortg":"95.893","drtg":"110.846","bpm":"-2.821"},{"game_id":1127,"team_name":"PHO","player_id":"{\"kaminfr01\"}","player_name":"{\"Frank Kaminsky\"}","ts_pct":"0.350","efg_pct":"0.322","three_par":"0.273","ftr":"0.224","orb_pct":"5.313","drb_pct":"19.464","trb_pct":"12.889","ast_pct":"20.586","stl_pct":"1.302","blk_pct":"2.211","tov_pct":"13.667","usg_pct":"18.669","ortg":"85.153","drtg":"108.976","bpm":"-6.022"},{"game_id":1127,"team_name":"PHO","player_id":"{\"bookede01\"}","player_name":"{\"Devin Booker\"}","ts_pct":"0.563","efg_pct":"0.463","three_par":"0.278","ftr":"0.454","orb_pct":"2.111","drb_pct":"12.613","trb_pct":"7.566","ast_pct":"20.419","stl_pct":"0.607","blk_pct":"0.000","tov_pct":"13.498","usg_pct":"31.491","ortg":"106.565","drtg":"110.800","bpm":"-0.521"},{"game_id":1127,"team_name":"PHO","player_id":"{\"crowdja01\"}","player_name":"{\"Jae Crowder\"}","ts_pct":"0.543","efg_pct":"0.501","three_par":"0.820","ftr":"0.230","orb_pct":"1.566","drb_pct":"12.602","trb_pct":"7.047","ast_pct":"11.102","stl_pct":"1.788","blk_pct":"2.387","tov_pct":"6.993","usg_pct":"16.409","ortg":"108.259","drtg":"107.118","bpm":"1.504"},{"game_id":1127,"team_name":"PHO","player_id":"{\"bridgmi01\"}","player_name":"{\"Mikal Bridges\"}","ts_pct":"0.657","efg_pct":"0.650","three_par":"0.565","ftr":"0.071","orb_pct":"1.824","drb_pct":"12.753","trb_pct":"7.315","ast_pct":"10.232","stl_pct":"2.124","blk_pct":"1.929","tov_pct":"4.959","usg_pct":"14.375","ortg":"130.259","drtg":"107.224","bpm":"5.654"},{"game_id":1127,"team_name":"PHO","player_id":"{\"aytonde01\"}","player_name":"{\"Deandre Ayton\"}","ts_pct":"0.779","efg_pct":"0.784","three_par":"0.000","ftr":"0.486","orb_pct":"10.774","drb_pct":"24.679","trb_pct":"17.815","ast_pct":"4.479","stl_pct":"0.958","blk_pct":"2.947","tov_pct":"9.007","usg_pct":"13.972","ortg":"148.412","drtg":"109.082","bpm":"3.911"},{"game_id":1127,"team_name":"PHO","player_id":"{\"paulch01\"}","player_name":"{\"Chris Paul\"}","ts_pct":"0.545","efg_pct":"0.509","three_par":"0.174","ftr":"0.253","orb_pct":"0.784","drb_pct":"13.598","trb_pct":"7.461","ast_pct":"41.729","stl_pct":"2.020","blk_pct":"0.641","tov_pct":"14.381","usg_pct":"21.459","ortg":"116.988","drtg":"106.918","bpm":"3.168"},{"game_id":1127,"team_name":"PHO","player_id":"benchPHO","player_name":"Bench of PHO","ts_pct":"0.572","efg_pct":"0.548","three_par":"0.563","ftr":"0.180","orb_pct":"2.828","drb_pct":"15.924","trb_pct":"9.654","ast_pct":"12.354","stl_pct":"1.640","blk_pct":"1.406","tov_pct":"6.519","usg_pct":"19.155","ortg":"111.851","drtg":"109.056","bpm":"0.880"}]