[{"game_id":123,"team_name":"BOS","player_id":"{\"brownja02\"}","player_name":"{\"Jaylen Brown\"}","ts_pct":"0.644","efg_pct":"0.621","three_par":"0.303","ftr":"0.207","orb_pct":"2.741","drb_pct":"15.493","trb_pct":"8.900","ast_pct":"16.862","stl_pct":"2.332","blk_pct":"1.998","tov_pct":"12.626","usg_pct":"28.955","ortg":"115.400","drtg":"111.918","bpm":"5.305"},{"game_id":123,"team_name":"BOS","player_id":"{\"smartma01\"}","player_name":"{\"Marcus Smart\"}","ts_pct":"0.525","efg_pct":"0.458","three_par":"0.535","ftr":"0.401","orb_pct":"2.829","drb_pct":"7.914","trb_pct":"5.327","ast_pct":"25.122","stl_pct":"2.420","blk_pct":"1.647","tov_pct":"11.727","usg_pct":"17.958","ortg":"119.424","drtg":"114.200","bpm":"1.433"},{"game_id":123,"team_name":"BOS","player_id":"{\"tatumja01\"}","player_name":"{\"Jayson Tatum\"}","ts_pct":"0.599","efg_pct":"0.566","three_par":"0.379","ftr":"0.223","orb_pct":"1.194","drb_pct":"22.072","trb_pct":"11.311","ast_pct":"19.644","stl_pct":"1.291","blk_pct":"2.396","tov_pct":"7.564","usg_pct":"29.742","ortg":"123.259","drtg":"112.824","bpm":"6.568"},{"game_id":123,"team_name":"BOS","player_id":"{\"theisda01\"}","player_name":"{\"Daniel Theis\"}","ts_pct":"0.569","efg_pct":"0.636","three_par":"0.310","ftr":"0.375","orb_pct":"6.022","drb_pct":"17.900","trb_pct":"11.791","ast_pct":"5.880","stl_pct":"0.776","blk_pct":"4.009","tov_pct":"14.500","usg_pct":"13.701","ortg":"107.282","drtg":"113.282","bpm":"-2.775"},{"game_id":123,"team_name":"BOS","player_id":"{\"ojelese01\"}","player_name":"{\"Semi Ojeleye\"}","ts_pct":"0.429","efg_pct":"0.436","three_par":"0.482","ftr":"0.137","orb_pct":"5.686","drb_pct":"12.372","trb_pct":"9.379","ast_pct":"3.001","stl_pct":"0.000","blk_pct":"0.000","tov_pct":"6.525","usg_pct":"12.985","ortg":"86.435","drtg":"119.000","bpm":"-4.665"},{"game_id":123,"team_name":"BOS","player_id":"{\"pritcpa01\"}","player_name":"{\"Payton Pritchard\"}","ts_pct":"0.531","efg_pct":"0.518","three_par":"0.438","ftr":"0.094","orb_pct":"2.905","drb_pct":"10.125","trb_pct":"6.379","ast_pct":"20.548","stl_pct":"2.528","blk_pct":"1.846","tov_pct":"20.026","usg_pct":"16.660","ortg":"102.346","drtg":"112.716","bpm":"-0.902"},{"game_id":123,"team_name":"BOS","player_id":"benchBOS","player_name":"Bench of BOS","ts_pct":"0.509","efg_pct":"0.476","three_par":"0.173","ftr":"0.369","orb_pct":"5.447","drb_pct":"23.712","trb_pct":"15.787","ast_pct":"8.790","stl_pct":"1.439","blk_pct":"4.431","tov_pct":"7.934","usg_pct":"18.278","ortg":"106.772","drtg":"99.861","bpm":"1.566"},{"game_id":123,"team_name":"WAS","player_id":"{\"lopezro01\"}","player_name":"{\"Robin Lopez\"}","ts_pct":"0.534","efg_pct":"0.506","three_par":"0.138","ftr":"0.610","orb_pct":"7.066","drb_pct":"19.679","trb_pct":"13.411","ast_pct":"3.789","stl_pct":"0.311","blk_pct":"2.516","tov_pct":"8.414","usg_pct":"12.851","ortg":"105.435","drtg":"116.118","bpm":"-5.276"},{"game_id":123,"team_name":"WAS","player_id":"{\"bongais01\"}","player_name":"{\"Isaac Bonga\"}","ts_pct":"0.590","efg_pct":"0.577","three_par":"0.638","ftr":"0.168","orb_pct":"4.491","drb_pct":"16.234","trb_pct":"10.442","ast_pct":"8.456","stl_pct":"1.091","blk_pct":"1.715","tov_pct":"17.695","usg_pct":"11.006","ortg":"103.376","drtg":"111.847","bpm":"-3.315"},{"game_id":123,"team_name":"WAS","player_id":"{\"netora01\"}","player_name":"{\"Raul Neto\"}","ts_pct":"0.672","efg_pct":"0.639","three_par":"0.459","ftr":"0.245","orb_pct":"0.593","drb_pct":"5.558","trb_pct":"3.001","ast_pct":"11.673","stl_pct":"2.547","blk_pct":"0.000","tov_pct":"5.429","usg_pct":"16.158","ortg":"125.165","drtg":"117.776","bpm":"1.296"},{"game_id":123,"team_name":"WAS","player_id":"{\"bealbr01\"}","player_name":"{\"Bradley Beal\"}","ts_pct":"0.593","efg_pct":"0.522","three_par":"0.266","ftr":"0.418","orb_pct":"4.580","drb_pct":"12.200","trb_pct":"8.188","ast_pct":"26.335","stl_pct":"1.729","blk_pct":"1.973","tov_pct":"10.615","usg_pct":"37.136","ortg":"114.929","drtg":"115.753","bpm":"5.045"},{"game_id":123,"team_name":"WAS","player_id":"{\"hachiru01\"}","player_name":"{\"Rui Hachimura\"}","ts_pct":"0.559","efg_pct":"0.493","three_par":"0.189","ftr":"0.579","orb_pct":"5.459","drb_pct":"13.473","trb_pct":"9.161","ast_pct":"10.065","stl_pct":"0.551","blk_pct":"0.122","tov_pct":"7.292","usg_pct":"19.248","ortg":"116.282","drtg":"121.153","bpm":"-3.565"},{"game_id":123,"team_name":"WAS","player_id":"{\"westbru01\"}","player_name":"{\"Russell Westbrook\"}","ts_pct":"0.471","efg_pct":"0.445","three_par":"0.271","ftr":"0.294","orb_pct":"3.474","drb_pct":"27.192","trb_pct":"14.327","ast_pct":"41.502","stl_pct":"2.201","blk_pct":"0.673","tov_pct":"18.140","usg_pct":"29.049","ortg":"95.847","drtg":"116.047","bpm":"-0.426"},{"game_id":123,"team_name":"WAS","player_id":"benchWAS","player_name":"Bench of WAS","ts_pct":"0.562","efg_pct":"0.527","three_par":"0.480","ftr":"0.329","orb_pct":"3.666","drb_pct":"15.468","trb_pct":"9.207","ast_pct":"12.817","stl_pct":"1.502","blk_pct":"1.355","tov_pct":"10.604","usg_pct":"15.682","ortg":"114.021","drtg":"114.871","bpm":"-0.918"}]