[{"game_id":1098,"team_name":"PHO","player_id":"teamPHO","player_name":"Team name: PHO","ts_pct":"0.637","efg_pct":"0.607","three_par":"0.434","ftr":"0.247","orb_pct":"4.638","drb_pct":"17.565","trb_pct":"11.197","ast_pct":"16.950","stl_pct":"1.306","blk_pct":"1.443","tov_pct":"9.403","usg_pct":"19.799","ortg":"131.166","drtg":"125.302","bpm":"0.764"},{"game_id":1098,"team_name":"LAL","player_id":"teamLAL","player_name":"Team name: LAL","ts_pct":"0.543","efg_pct":"0.506","three_par":"0.390","ftr":"0.319","orb_pct":"5.272","drb_pct":"16.376","trb_pct":"10.550","ast_pct":"14.742","stl_pct":"1.867","blk_pct":"1.704","tov_pct":"12.330","usg_pct":"20.690","ortg":"112.182","drtg":"116.454","bpm":"-0.951"}]