[{"game_id":1059,"team_name":"GSW","player_id":"teamGSW","player_name":"Team name: GSW","ts_pct":"0.549","efg_pct":"0.535","three_par":"0.408","ftr":"0.190","orb_pct":"3.903","drb_pct":"13.463","trb_pct":"9.063","ast_pct":"14.839","stl_pct":"1.481","blk_pct":"1.460","tov_pct":"15.042","usg_pct":"17.568","ortg":"108.022","drtg":"99.747","bpm":"0.629"},{"game_id":1059,"team_name":"NOP","player_id":"teamNOP","player_name":"Team name: NOP","ts_pct":"0.519","efg_pct":"0.480","three_par":"0.319","ftr":"0.299","orb_pct":"5.970","drb_pct":"15.960","trb_pct":"10.765","ast_pct":"14.822","stl_pct":"1.864","blk_pct":"2.102","tov_pct":"12.095","usg_pct":"19.927","ortg":"107.399","drtg":"113.705","bpm":"-1.353"}]