[{"game_id":120,"team_name":"LAL","player_id":"{\"jamesle01\"}","player_name":"{\"LeBron James\"}","ts_pct":"0.595","efg_pct":"0.567","three_par":"0.318","ftr":"0.266","orb_pct":"3.841","drb_pct":"25.953","trb_pct":"15.411","ast_pct":"38.002","stl_pct":"1.774","blk_pct":"0.918","tov_pct":"14.119","usg_pct":"31.671","ortg":"116.718","drtg":"100.965","bpm":"8.842"},{"game_id":120,"team_name":"LAL","player_id":"{\"davisan02\"}","player_name":"{\"Anthony Davis\"}","ts_pct":"0.578","efg_pct":"0.545","three_par":"0.225","ftr":"0.277","orb_pct":"5.755","drb_pct":"24.159","trb_pct":"15.284","ast_pct":"17.261","stl_pct":"2.508","blk_pct":"3.926","tov_pct":"11.831","usg_pct":"27.831","ortg":"113.706","drtg":"100.518","bpm":"7.728"},{"game_id":120,"team_name":"LAL","player_id":"{\"kuzmaky01\"}","player_name":"{\"Kyle Kuzma\"}","ts_pct":"0.498","efg_pct":"0.487","three_par":"0.524","ftr":"0.117","orb_pct":"2.668","drb_pct":"11.388","trb_pct":"7.251","ast_pct":"5.899","stl_pct":"0.494","blk_pct":"2.972","tov_pct":"15.738","usg_pct":"18.114","ortg":"90.906","drtg":"107.106","bpm":"-4.353"},{"game_id":120,"team_name":"LAL","player_id":"{\"schrode01\"}","player_name":"{\"Dennis Schröder\"}","ts_pct":"0.502","efg_pct":"0.470","three_par":"0.290","ftr":"0.154","orb_pct":"1.636","drb_pct":"11.151","trb_pct":"6.788","ast_pct":"21.984","stl_pct":"0.722","blk_pct":"0.375","tov_pct":"14.838","usg_pct":"23.775","ortg":"97.059","drtg":"107.259","bpm":"-4.085"},{"game_id":120,"team_name":"LAL","player_id":"{\"matthwe02\"}","player_name":"{\"Wesley Matthews\"}","ts_pct":"0.547","efg_pct":"0.532","three_par":"0.841","ftr":"0.121","orb_pct":"1.927","drb_pct":"4.629","trb_pct":"3.331","ast_pct":"7.356","stl_pct":"1.374","blk_pct":"1.714","tov_pct":"1.732","usg_pct":"8.794","ortg":"126.800","drtg":"107.059","bpm":"2.166"},{"game_id":120,"team_name":"LAL","player_id":"{\"hortota01\"}","player_name":"{\"Talen Horton-Tucker\"}","ts_pct":"0.543","efg_pct":"0.523","three_par":"0.338","ftr":"0.194","orb_pct":"2.941","drb_pct":"13.298","trb_pct":"8.613","ast_pct":"8.916","stl_pct":"3.179","blk_pct":"3.895","tov_pct":"6.520","usg_pct":"20.758","ortg":"107.976","drtg":"98.718","bpm":"2.084"},{"game_id":120,"team_name":"LAL","player_id":"benchLAL","player_name":"Bench of LAL","ts_pct":"0.532","efg_pct":"0.511","three_par":"0.432","ftr":"0.168","orb_pct":"5.189","drb_pct":"13.205","trb_pct":"9.443","ast_pct":"8.566","stl_pct":"1.037","blk_pct":"1.975","tov_pct":"11.956","usg_pct":"14.467","ortg":"110.989","drtg":"106.104","bpm":"3.983"},{"game_id":120,"team_name":"SAS","player_id":"{\"derozde01\"}","player_name":"{\"DeMar DeRozan\"}","ts_pct":"0.563","efg_pct":"0.512","three_par":"0.116","ftr":"0.375","orb_pct":"1.946","drb_pct":"15.934","trb_pct":"8.575","ast_pct":"29.031","stl_pct":"1.415","blk_pct":"1.720","tov_pct":"10.306","usg_pct":"22.967","ortg":"118.694","drtg":"111.753","bpm":"2.559"},{"game_id":120,"team_name":"SAS","player_id":"{\"murrade01\"}","player_name":"{\"Dejounte Murray\"}","ts_pct":"0.494","efg_pct":"0.466","three_par":"0.238","ftr":"0.158","orb_pct":"2.911","drb_pct":"17.915","trb_pct":"10.373","ast_pct":"25.044","stl_pct":"2.402","blk_pct":"0.104","tov_pct":"15.484","usg_pct":"24.121","ortg":"94.941","drtg":"110.871","bpm":"-1.844"},{"game_id":120,"team_name":"SAS","player_id":"{\"aldrila01\"}","player_name":"{\"LaMarcus Aldridge\"}","ts_pct":"0.444","efg_pct":"0.423","three_par":"0.290","ftr":"0.136","orb_pct":"5.069","drb_pct":"15.196","trb_pct":"10.191","ast_pct":"11.909","stl_pct":"1.085","blk_pct":"3.569","tov_pct":"9.448","usg_pct":"26.071","ortg":"91.435","drtg":"112.576","bpm":"-4.756"},{"game_id":120,"team_name":"SAS","player_id":"{\"johnske04\"}","player_name":"{\"Keldon Johnson\"}","ts_pct":"0.619","efg_pct":"0.584","three_par":"0.312","ftr":"0.337","orb_pct":"5.214","drb_pct":"20.535","trb_pct":"12.744","ast_pct":"11.836","stl_pct":"1.766","blk_pct":"1.501","tov_pct":"14.119","usg_pct":"21.522","ortg":"113.035","drtg":"111.047","bpm":"1.509"},{"game_id":120,"team_name":"SAS","player_id":"{\"walkelo01\"}","player_name":"{\"Lonnie Walker IV\"}","ts_pct":"0.490","efg_pct":"0.470","three_par":"0.370","ftr":"0.141","orb_pct":"2.178","drb_pct":"8.022","trb_pct":"5.224","ast_pct":"10.382","stl_pct":"1.058","blk_pct":"1.607","tov_pct":"7.233","usg_pct":"19.176","ortg":"99.059","drtg":"115.729","bpm":"-4.079"},{"game_id":120,"team_name":"SAS","player_id":"{\"millspa02\"}","player_name":"{\"Patty Mills\"}","ts_pct":"0.693","efg_pct":"0.655","three_par":"0.629","ftr":"0.223","orb_pct":"1.925","drb_pct":"7.391","trb_pct":"4.614","ast_pct":"16.044","stl_pct":"0.907","blk_pct":"0.621","tov_pct":"6.544","usg_pct":"19.099","ortg":"133.694","drtg":"119.188","bpm":"3.992"},{"game_id":120,"team_name":"SAS","player_id":"benchSAS","player_name":"Bench of SAS","ts_pct":"0.480","efg_pct":"0.464","three_par":"0.285","ftr":"0.272","orb_pct":"6.019","drb_pct":"15.494","trb_pct":"10.825","ast_pct":"8.996","stl_pct":"1.232","blk_pct":"1.958","tov_pct":"8.259","usg_pct":"20.501","ortg":"97.254","drtg":"116.581","bpm":"-0.081"}]