[{"game_id":110,"team_name":"MIA","player_id":"teamMIA","player_name":"Team name: MIA","fg":"37.903","fga":"79.549","fg_pct":"0.476","three_p":"11.971","three_pa":"32.931","three_p_pct":"0.364","ft":"17.200","fta":"22.429","ft_pct":"0.767","orb":"6.040","drb":"34.383","trb":"40.423","ast":"25.251","stl":"8.029","blk":"2.949","tov":"16.194","pf":"20.680","pts":"104.977"},{"game_id":110,"team_name":"BOS","player_id":"teamBOS","player_name":"Team name: BOS","fg":"42.869","fga":"88.714","fg_pct":"0.483","three_p":"12.503","three_pa":"32.280","three_p_pct":"0.387","ft":"16.046","fta":"21.126","ft_pct":"0.760","orb":"11.343","drb":"33.057","trb":"44.400","ast":"24.314","stl":"8.680","blk":"6.600","tov":"15.029","pf":"21.463","pts":"114.286"}]