[{"game_id":1084,"team_name":"LAL","player_id":"teamLAL","player_name":"Team name: LAL","ts_pct":"0.567","efg_pct":"0.529","three_par":"0.385","ftr":"0.325","orb_pct":"5.202","drb_pct":"17.036","trb_pct":"10.916","ast_pct":"15.273","stl_pct":"1.452","blk_pct":"1.906","tov_pct":"13.697","usg_pct":"20.823","ortg":"116.581","drtg":"119.418","bpm":"-1.119"},{"game_id":1084,"team_name":"GSW","player_id":"teamGSW","player_name":"Team name: GSW","ts_pct":"0.531","efg_pct":"0.507","three_par":"0.398","ftr":"0.241","orb_pct":"3.829","drb_pct":"12.886","trb_pct":"8.817","ast_pct":"14.124","stl_pct":"1.351","blk_pct":"1.307","tov_pct":"14.532","usg_pct":"16.875","ortg":"103.699","drtg":"95.189","bpm":"0.459"}]