[{"game_id":1063,"team_name":"MIN","player_id":"teamMIN","player_name":"Team name: MIN","ts_pct":"0.559","efg_pct":"0.526","three_par":"0.428","ftr":"0.279","orb_pct":"5.104","drb_pct":"15.733","trb_pct":"10.365","ast_pct":"15.148","stl_pct":"1.637","blk_pct":"2.430","tov_pct":"11.303","usg_pct":"18.976","ortg":"115.225","drtg":"111.710","bpm":"-0.671"},{"game_id":1063,"team_name":"BOS","player_id":"teamBOS","player_name":"Team name: BOS","ts_pct":"0.605","efg_pct":"0.585","three_par":"0.466","ftr":"0.220","orb_pct":"4.577","drb_pct":"17.675","trb_pct":"10.687","ast_pct":"14.439","stl_pct":"1.263","blk_pct":"2.933","tov_pct":"12.632","usg_pct":"20.121","ortg":"121.141","drtg":"136.158","bpm":"-2.618"}]