[{"game_id":1227,"team_name":"ORL","player_id":"{\"cartemi01\"}","player_name":"{\"Michael Carter-Williams\"}","fg":"1.624","fga":"4.788","fg_pct":"0.339","three_p":"0.282","three_pa":"1.329","three_p_pct":"0.212","ft":"1.129","fta":"1.329","ft_pct":"0.850","orb":"0.694","drb":"2.694","trb":"3.388","ast":"2.200","stl":"1.094","blk":"0.188","tov":"1.224","pf":"2.247","pts":"4.659"},{"game_id":1227,"team_name":"ORL","player_id":"{\"vucevni01\"}","player_name":"{\"Nikola Vučević\"}","fg":"5.306","fga":"14.094","fg_pct":"0.376","three_p":"0.694","three_pa":"3.306","three_p_pct":"0.210","ft":"2.294","fta":"2.741","ft_pct":"0.837","orb":"2.518","drb":"6.976","trb":"9.494","ast":"2.612","stl":"0.576","blk":"0.694","tov":"1.882","pf":"2.082","pts":"13.600"},{"game_id":1227,"team_name":"ORL","player_id":"{\"isaacjo01\"}","player_name":"{\"Jonathan Isaac\"}","fg":"2.953","fga":"7.635","fg_pct":"0.387","three_p":"1.353","three_pa":"3.824","three_p_pct":"0.354","ft":"1.988","fta":"2.247","ft_pct":"0.885","orb":"1.282","drb":"4.741","trb":"6.024","ast":"0.553","stl":"1.024","blk":"1.635","tov":"1.082","pf":"2.024","pts":"9.247"},{"game_id":1227,"team_name":"ORL","player_id":"{\"gordoaa01\"}","player_name":"{\"Aaron Gordon\"}","fg":"4.682","fga":"11.000","fg_pct":"0.426","three_p":"0.882","three_pa":"3.153","three_p_pct":"0.280","ft":"2.118","fta":"3.271","ft_pct":"0.648","orb":"2.000","drb":"4.094","trb":"6.094","ast":"3.529","stl":"1.118","blk":"0.612","tov":"2.200","pf":"2.694","pts":"12.365"},{"game_id":1227,"team_name":"ORL","player_id":"{\"fournev01\"}","player_name":"{\"Evan Fournier\"}","fg":"6.071","fga":"14.529","fg_pct":"0.418","three_p":"1.424","three_pa":"6.247","three_p_pct":"0.228","ft":"2.259","fta":"2.941","ft_pct":"0.768","orb":"0.376","drb":"2.918","trb":"3.294","ast":"2.353","stl":"1.047","blk":"0.129","tov":"2.282","pf":"2.435","pts":"15.824"},{"game_id":1227,"team_name":"ORL","player_id":"{\"augusdj01\"}","player_name":"{\"D.J. Augustin\"}","fg":"4.071","fga":"9.141","fg_pct":"0.445","three_p":"1.459","three_pa":"3.424","three_p_pct":"0.426","ft":"2.424","fta":"2.976","ft_pct":"0.815","orb":"0.412","drb":"2.024","trb":"2.435","ast":"3.765","stl":"0.353","blk":"0.082","tov":"1.224","pf":"1.141","pts":"12.024"},{"game_id":1227,"team_name":"ORL","player_id":"benchORL","player_name":"Bench of ORL","fg":"2.760","fga":"6.908","fg_pct":"0.400","three_p":"0.949","three_pa":"3.122","three_p_pct":"0.304","ft":"1.304","fta":"1.761","ft_pct":"0.740","orb":"0.924","drb":"3.018","trb":"3.942","ast":"1.484","stl":"0.645","blk":"0.454","tov":"1.233","pf":"1.803","pts":"7.773"},{"game_id":1227,"team_name":"NYK","player_id":"{\"gibsota01\"}","player_name":"{\"Taj Gibson\"}","fg":"1.941","fga":"4.341","fg_pct":"0.447","three_p":"0.000","three_pa":"0.412","three_p_pct":"0.000","ft":"1.541","fta":"1.835","ft_pct":"0.840","orb":"1.635","drb":"2.329","trb":"3.965","ast":"0.976","stl":"0.318","blk":"0.224","tov":"0.624","pf":"1.424","pts":"5.424"},{"game_id":1227,"team_name":"NYK","player_id":"{\"randlju01\"}","player_name":"{\"Julius Randle\"}","fg":"7.612","fga":"15.871","fg_pct":"0.480","three_p":"0.835","three_pa":"2.965","three_p_pct":"0.282","ft":"4.494","fta":"6.635","ft_pct":"0.677","orb":"3.765","drb":"6.882","trb":"10.647","ast":"3.859","stl":"0.824","blk":"0.094","tov":"4.612","pf":"3.235","pts":"20.553"},{"game_id":1227,"team_name":"NYK","player_id":"{\"morrima03\"}","player_name":"{\"Marcus Morris\"}","fg":"4.859","fga":"10.424","fg_pct":"0.466","three_p":"1.894","three_pa":"3.965","three_p_pct":"0.478","ft":"3.165","fta":"3.776","ft_pct":"0.838","orb":"1.059","drb":"5.847","trb":"6.906","ast":"1.059","stl":"0.718","blk":"0.624","tov":"1.400","pf":"3.600","pts":"14.776"},{"game_id":1227,"team_name":"NYK","player_id":"{\"barrerj01\"}","player_name":"{\"RJ Barrett\"}","fg":"7.957","fga":"16.370","fg_pct":"0.486","three_p":"1.739","three_pa":"3.739","three_p_pct":"0.465","ft":"2.891","fta":"6.522","ft_pct":"0.443","orb":"2.478","drb":"5.391","trb":"7.870","ast":"3.348","stl":"1.870","blk":"0.283","tov":"3.457","pf":"3.239","pts":"20.543"},{"game_id":1227,"team_name":"NYK","player_id":"{\"ntilila01\"}","player_name":"{\"Frank Ntilikina\"}","fg":"0.835","fga":"4.165","fg_pct":"0.200","three_p":"0.212","three_pa":"1.741","three_p_pct":"0.122","ft":"0.212","fta":"0.212","ft_pct":"1.000","orb":"0.294","drb":"1.471","trb":"1.765","ast":"2.435","stl":"0.518","blk":"0.129","tov":"1.400","pf":"1.671","pts":"2.094"},{"game_id":1227,"team_name":"NYK","player_id":"{\"portibo01\"}","player_name":"{\"Bobby Portis\"}","fg":"5.059","fga":"11.247","fg_pct":"0.450","three_p":"1.424","three_pa":"3.835","three_p_pct":"0.371","ft":"1.435","fta":"1.706","ft_pct":"0.841","orb":"2.447","drb":"6.247","trb":"8.694","ast":"1.882","stl":"0.800","blk":"0.635","tov":"1.165","pf":"2.588","pts":"12.976"},{"game_id":1227,"team_name":"NYK","player_id":"benchNYK","player_name":"Bench of NYK","fg":"3.686","fga":"8.248","fg_pct":"0.447","three_p":"1.379","three_pa":"3.777","three_p_pct":"0.365","ft":"1.564","fta":"2.129","ft_pct":"0.735","orb":"1.118","drb":"3.946","trb":"5.064","ast":"1.401","stl":"0.578","blk":"0.705","tov":"1.215","pf":"2.126","pts":"10.314"}]