[{"game_id":102,"team_name":"MEM","player_id":"{\"jonesty01\"}","player_name":"{\"Tyus Jones\"}","fg":"3.306","fga":"8.094","fg_pct":"0.408","three_p":"0.682","three_pa":"2.776","three_p_pct":"0.246","ft":"0.729","fta":"0.906","ft_pct":"0.805","orb":"0.165","drb":"2.165","trb":"2.329","ast":"4.212","stl":"1.259","blk":"0.235","tov":"0.729","pf":"0.800","pts":"8.024"},{"game_id":102,"team_name":"MEM","player_id":"{\"brookdi01\"}","player_name":"{\"Dillon Brooks\"}","fg":"7.165","fga":"17.871","fg_pct":"0.401","three_p":"2.518","three_pa":"7.024","three_p_pct":"0.358","ft":"1.741","fta":"1.965","ft_pct":"0.886","orb":"1.471","drb":"2.482","trb":"3.953","ast":"3.129","stl":"1.529","blk":"0.365","tov":"2.718","pf":"3.694","pts":"18.588"},{"game_id":102,"team_name":"MEM","player_id":"{\"anderky01\"}","player_name":"{\"Kyle Anderson\"}","fg":"5.341","fga":"12.153","fg_pct":"0.439","three_p":"1.553","three_pa":"4.988","three_p_pct":"0.311","ft":"2.318","fta":"2.824","ft_pct":"0.821","orb":"1.094","drb":"6.094","trb":"7.188","ast":"4.200","stl":"0.635","blk":"0.694","tov":"3.012","pf":"2.671","pts":"14.553"},{"game_id":102,"team_name":"MEM","player_id":"{\"clarkbr01\"}","player_name":"{\"Brandon Clarke\"}","fg":"5.000","fga":"10.588","fg_pct":"0.472","three_p":"0.682","three_pa":"2.341","three_p_pct":"0.291","ft":"1.188","fta":"2.565","ft_pct":"0.463","orb":"1.776","drb":"3.788","trb":"5.565","ast":"1.365","stl":"0.365","blk":"0.953","tov":"0.976","pf":"1.682","pts":"11.871"},{"game_id":102,"team_name":"MEM","player_id":"{\"valanjo01\"}","player_name":"{\"Jonas Valančiūnas\"}","fg":"6.035","fga":"11.000","fg_pct":"0.549","three_p":"0.471","three_pa":"1.400","three_p_pct":"0.336","ft":"3.071","fta":"4.412","ft_pct":"0.696","orb":"2.765","drb":"9.541","trb":"12.306","ast":"2.659","stl":"0.776","blk":"0.600","tov":"2.353","pf":"3.153","pts":"15.612"},{"game_id":102,"team_name":"MEM","player_id":"{\"banede01\"}","player_name":"{\"Desmond Bane\"}","fg":"3.698","fga":"7.730","fg_pct":"0.478","three_p":"2.381","three_pa":"4.794","three_p_pct":"0.497","ft":"0.175","fta":"0.381","ft_pct":"0.459","orb":"0.635","drb":"1.778","trb":"2.413","ast":"1.175","stl":"0.746","blk":"0.000","tov":"1.222","pf":"2.317","pts":"9.952"},{"game_id":102,"team_name":"MEM","player_id":"benchMEM","player_name":"Bench of MEM","fg":"2.354","fga":"5.238","fg_pct":"0.449","three_p":"0.695","three_pa":"2.424","three_p_pct":"0.287","ft":"0.817","fta":"1.048","ft_pct":"0.780","orb":"0.870","drb":"3.364","trb":"4.234","ast":"1.240","stl":"0.550","blk":"0.361","tov":"0.563","pf":"1.343","pts":"6.220"},{"game_id":102,"team_name":"LAL","player_id":"{\"schrode01\"}","player_name":"{\"Dennis Schröder\"}","fg":"6.094","fga":"14.012","fg_pct":"0.435","three_p":"1.471","three_pa":"4.306","three_p_pct":"0.342","ft":"2.141","fta":"2.600","ft_pct":"0.823","orb":"0.506","drb":"3.741","trb":"4.247","ast":"4.341","stl":"0.600","blk":"0.188","tov":"2.424","pf":"2.600","pts":"15.800"},{"game_id":102,"team_name":"LAL","player_id":"{\"davisan02\"}","player_name":"{\"Anthony Davis\"}","fg":"8.400","fga":"16.482","fg_pct":"0.510","three_p":"1.188","three_pa":"3.059","three_p_pct":"0.388","ft":"3.729","fta":"4.800","ft_pct":"0.777","orb":"2.282","drb":"7.212","trb":"9.494","ast":"3.388","stl":"1.518","blk":"1.329","tov":"2.412","pf":"1.941","pts":"21.718"},{"game_id":102,"team_name":"LAL","player_id":"{\"jamesle01\"}","player_name":"{\"LeBron James\"}","fg":"9.365","fga":"18.753","fg_pct":"0.499","three_p":"2.518","three_pa":"6.176","three_p_pct":"0.408","ft":"4.000","fta":"5.576","ft_pct":"0.717","orb":"1.118","drb":"8.471","trb":"9.588","ast":"7.753","stl":"1.294","blk":"0.247","tov":"3.200","pf":"1.306","pts":"25.247"},{"game_id":102,"team_name":"LAL","player_id":"{\"kuzmaky01\"}","player_name":"{\"Kyle Kuzma\"}","fg":"4.012","fga":"9.259","fg_pct":"0.433","three_p":"1.847","three_pa":"4.965","three_p_pct":"0.372","ft":"0.400","fta":"0.635","ft_pct":"0.630","orb":"0.494","drb":"2.494","trb":"2.988","ast":"1.318","stl":"0.271","blk":"1.035","tov":"1.765","pf":"2.776","pts":"10.271"},{"game_id":102,"team_name":"LAL","player_id":"{\"matthwe02\"}","player_name":"{\"Wesley Matthews\"}","fg":"2.329","fga":"4.153","fg_pct":"0.561","three_p":"1.541","three_pa":"3.365","three_p_pct":"0.458","ft":"0.353","fta":"0.529","ft_pct":"0.667","orb":"0.400","drb":"0.835","trb":"1.235","ast":"1.212","stl":"0.682","blk":"0.388","tov":"0.106","pf":"1.824","pts":"6.553"},{"game_id":102,"team_name":"LAL","player_id":"{\"hortota01\"}","player_name":"{\"Talen Horton-Tucker\"}","fg":"2.718","fga":"6.671","fg_pct":"0.407","three_p":"0.906","three_pa":"2.565","three_p_pct":"0.353","ft":"0.635","fta":"0.635","ft_pct":"1.000","orb":"0.471","drb":"1.906","trb":"2.376","ast":"1.047","stl":"0.918","blk":"0.506","tov":"0.471","pf":"1.659","pts":"6.976"},{"game_id":102,"team_name":"LAL","player_id":"benchLAL","player_name":"Bench of LAL","fg":"2.584","fga":"5.088","fg_pct":"0.508","three_p":"0.382","three_pa":"1.459","three_p_pct":"0.262","ft":"1.344","fta":"1.829","ft_pct":"0.735","orb":"1.557","drb":"3.956","trb":"5.513","ast":"1.493","stl":"0.411","blk":"0.566","tov":"1.020","pf":"2.058","pts":"6.895"}]