[{"game_id":104,"team_name":"LAC","player_id":"{\"mannte01\"}","player_name":"{\"Terance Mann\"}","ts_pct":"0.331","efg_pct":"0.331","three_par":"0.029","ftr":"0.000","orb_pct":"6.700","drb_pct":"19.304","trb_pct":"14.876","ast_pct":"3.887","stl_pct":"0.000","blk_pct":"0.492","tov_pct":"10.804","usg_pct":"11.494","ortg":"70.165","drtg":"117.094","bpm":"-10.741"},{"game_id":104,"team_name":"LAC","player_id":"{\"pattepa01\"}","player_name":"{\"Patrick Patterson\"}","ts_pct":"0.582","efg_pct":"0.593","three_par":"0.688","ftr":"0.329","orb_pct":"5.395","drb_pct":"14.936","trb_pct":"10.000","ast_pct":"17.722","stl_pct":"0.715","blk_pct":"0.000","tov_pct":"11.220","usg_pct":"13.405","ortg":"126.494","drtg":"115.682","bpm":"3.305"},{"game_id":104,"team_name":"LAC","player_id":"{\"kennalu01\"}","player_name":"{\"Luke Kennard\"}","ts_pct":"0.654","efg_pct":"0.649","three_par":"0.522","ftr":"0.120","orb_pct":"0.567","drb_pct":"13.686","trb_pct":"7.178","ast_pct":"9.882","stl_pct":"0.553","blk_pct":"0.362","tov_pct":"13.632","usg_pct":"16.133","ortg":"118.541","drtg":"119.765","bpm":"-2.600"},{"game_id":104,"team_name":"LAC","player_id":"{\"leonaka01\"}","player_name":"{\"Kawhi Leonard\"}","ts_pct":"0.516","efg_pct":"0.463","three_par":"0.270","ftr":"0.298","orb_pct":"5.027","drb_pct":"19.225","trb_pct":"11.781","ast_pct":"29.293","stl_pct":"2.960","blk_pct":"3.568","tov_pct":"6.647","usg_pct":"30.252","ortg":"113.506","drtg":"107.706","bpm":"6.601"},{"game_id":104,"team_name":"LAC","player_id":"{\"batumni01\"}","player_name":"{\"Nicolas Batum\"}","ts_pct":"0.596","efg_pct":"0.536","three_par":"0.538","ftr":"0.341","orb_pct":"5.926","drb_pct":"17.606","trb_pct":"11.660","ast_pct":"15.460","stl_pct":"1.332","blk_pct":"0.273","tov_pct":"9.025","usg_pct":"11.413","ortg":"133.212","drtg":"114.812","bpm":"1.699"},{"game_id":104,"team_name":"LAC","player_id":"{\"beverpa01\"}","player_name":"{\"Patrick Beverley\"}","ts_pct":"0.627","efg_pct":"0.577","three_par":"0.564","ftr":"0.259","orb_pct":"6.406","drb_pct":"12.360","trb_pct":"9.153","ast_pct":"7.082","stl_pct":"1.749","blk_pct":"1.464","tov_pct":"12.973","usg_pct":"12.674","ortg":"118.929","drtg":"115.824","bpm":"-1.342"},{"game_id":104,"team_name":"LAC","player_id":"benchLAC","player_name":"Bench of LAC","ts_pct":"0.501","efg_pct":"0.484","three_par":"0.298","ftr":"0.342","orb_pct":"4.160","drb_pct":"12.175","trb_pct":"8.105","ast_pct":"14.681","stl_pct":"1.693","blk_pct":"2.671","tov_pct":"7.087","usg_pct":"19.142","ortg":"107.036","drtg":"111.177","bpm":"2.284"},{"game_id":104,"team_name":"SAS","player_id":"{\"murrade01\"}","player_name":"{\"Dejounte Murray\"}","ts_pct":"0.481","efg_pct":"0.449","three_par":"0.225","ftr":"0.186","orb_pct":"2.326","drb_pct":"19.351","trb_pct":"10.861","ast_pct":"25.809","stl_pct":"2.225","blk_pct":"0.129","tov_pct":"16.528","usg_pct":"23.809","ortg":"91.329","drtg":"109.765","bpm":"-2.599"},{"game_id":104,"team_name":"SAS","player_id":"{\"johnske04\"}","player_name":"{\"Keldon Johnson\"}","ts_pct":"0.661","efg_pct":"0.612","three_par":"0.327","ftr":"0.435","orb_pct":"3.599","drb_pct":"19.209","trb_pct":"11.413","ast_pct":"10.554","stl_pct":"2.258","blk_pct":"1.314","tov_pct":"17.848","usg_pct":"21.840","ortg":"110.976","drtg":"109.035","bpm":"2.007"},{"game_id":104,"team_name":"SAS","player_id":"{\"walkelo01\"}","player_name":"{\"Lonnie Walker IV\"}","ts_pct":"0.497","efg_pct":"0.482","three_par":"0.333","ftr":"0.110","orb_pct":"2.464","drb_pct":"9.081","trb_pct":"5.956","ast_pct":"11.533","stl_pct":"0.707","blk_pct":"1.262","tov_pct":"6.785","usg_pct":"19.836","ortg":"100.541","drtg":"115.576","bpm":"-3.918"},{"game_id":104,"team_name":"SAS","player_id":"{\"millspa02\"}","player_name":"{\"Patty Mills\"}","ts_pct":"0.707","efg_pct":"0.665","three_par":"0.599","ftr":"0.209","orb_pct":"2.239","drb_pct":"7.979","trb_pct":"5.093","ast_pct":"18.108","stl_pct":"0.726","blk_pct":"0.673","tov_pct":"7.325","usg_pct":"17.369","ortg":"135.012","drtg":"119.047","bpm":"2.671"},{"game_id":104,"team_name":"SAS","player_id":"{\"derozde01\"}","player_name":"{\"DeMar DeRozan\"}","ts_pct":"0.605","efg_pct":"0.540","three_par":"0.137","ftr":"0.464","orb_pct":"1.800","drb_pct":"15.613","trb_pct":"8.407","ast_pct":"29.480","stl_pct":"1.674","blk_pct":"1.618","tov_pct":"9.140","usg_pct":"24.021","ortg":"124.224","drtg":"111.388","bpm":"4.634"},{"game_id":104,"team_name":"SAS","player_id":"{\"aldrila01\"}","player_name":"{\"LaMarcus Aldridge\"}","ts_pct":"0.446","efg_pct":"0.422","three_par":"0.274","ftr":"0.157","orb_pct":"4.922","drb_pct":"14.615","trb_pct":"9.935","ast_pct":"12.289","stl_pct":"1.019","blk_pct":"4.112","tov_pct":"9.861","usg_pct":"25.772","ortg":"91.024","drtg":"112.647","bpm":"-4.755"},{"game_id":104,"team_name":"SAS","player_id":"benchSAS","player_name":"Bench of SAS","ts_pct":"0.481","efg_pct":"0.483","three_par":"0.299","ftr":"0.324","orb_pct":"5.867","drb_pct":"18.246","trb_pct":"11.986","ast_pct":"11.509","stl_pct":"2.051","blk_pct":"2.664","tov_pct":"10.814","usg_pct":"17.031","ortg":"99.390","drtg":"109.391","bpm":"-0.572"}]