[{"game_id":1065,"team_name":"MIL","player_id":"{\"holidjr01\"}","player_name":"{\"Jrue Holiday\"}","fg":"7.788","fga":"15.753","fg_pct":"0.494","three_p":"2.047","three_pa":"5.682","three_p_pct":"0.360","ft":"2.612","fta":"3.506","ft_pct":"0.745","orb":"1.459","drb":"2.988","trb":"4.447","ast":"7.365","stl":"0.929","blk":"1.365","tov":"2.341","pf":"1.576","pts":"20.235"},{"game_id":1065,"team_name":"MIL","player_id":"{\"antetgi01\"}","player_name":"{\"Giannis Antetokounmpo\"}","fg":"10.835","fga":"17.953","fg_pct":"0.604","three_p":"1.024","three_pa":"3.565","three_p_pct":"0.287","ft":"5.953","fta":"8.094","ft_pct":"0.735","orb":"1.282","drb":"8.494","trb":"9.776","ast":"5.247","stl":"1.282","blk":"0.729","tov":"2.071","pf":"3.188","pts":"28.647"},{"game_id":1065,"team_name":"MIL","player_id":"{\"middlkh01\"}","player_name":"{\"Khris Middleton\"}","fg":"7.918","fga":"17.494","fg_pct":"0.453","three_p":"2.282","three_pa":"6.671","three_p_pct":"0.342","ft":"3.588","fta":"3.847","ft_pct":"0.933","orb":"0.600","drb":"5.435","trb":"6.035","ast":"5.118","stl":"0.941","blk":"0.000","tov":"1.929","pf":"2.106","pts":"21.706"},{"game_id":1065,"team_name":"MIL","player_id":"{\"divindo01\"}","player_name":"{\"Donte DiVincenzo\"}","fg":"4.141","fga":"8.682","fg_pct":"0.477","three_p":"2.247","three_pa":"5.812","three_p_pct":"0.387","ft":"0.976","fta":"1.306","ft_pct":"0.747","orb":"1.165","drb":"5.294","trb":"6.459","ast":"2.847","stl":"0.859","blk":"0.471","tov":"1.165","pf":"2.024","pts":"11.506"},{"game_id":1065,"team_name":"MIL","player_id":"{\"lopezbr01\"}","player_name":"{\"Brook Lopez\"}","fg":"6.047","fga":"10.847","fg_pct":"0.557","three_p":"0.494","three_pa":"2.412","three_p_pct":"0.205","ft":"3.118","fta":"3.835","ft_pct":"0.813","orb":"2.353","drb":"3.024","trb":"5.376","ast":"0.588","stl":"0.412","blk":"1.706","tov":"1.141","pf":"2.671","pts":"15.706"},{"game_id":1065,"team_name":"MIL","player_id":"{\"tuckepj01\"}","player_name":"{\"P.J. Tucker\"}","fg":"0.859","fga":"2.047","fg_pct":"0.420","three_p":"0.588","three_pa":"1.424","three_p_pct":"0.413","ft":"0.153","fta":"0.376","ft_pct":"0.407","orb":"0.800","drb":"1.753","trb":"2.553","ast":"1.141","stl":"0.447","blk":"0.000","tov":"0.471","pf":"2.059","pts":"2.459"},{"game_id":1065,"team_name":"MIL","player_id":"benchMIL","player_name":"Bench of MIL","fg":"2.233","fga":"4.859","fg_pct":"0.460","three_p":"0.994","three_pa":"2.350","three_p_pct":"0.423","ft":"0.576","fta":"0.763","ft_pct":"0.755","orb":"0.688","drb":"2.552","trb":"3.239","ast":"0.720","stl":"0.527","blk":"0.189","tov":"0.564","pf":"1.068","pts":"6.035"},{"game_id":1065,"team_name":"MIA","player_id":"{\"nunnke01\"}","player_name":"{\"Kendrick Nunn\"}","fg":"6.471","fga":"12.141","fg_pct":"0.533","three_p":"1.988","three_pa":"5.824","three_p_pct":"0.341","ft":"1.200","fta":"1.200","ft_pct":"1.000","orb":"0.082","drb":"2.741","trb":"2.824","ast":"1.753","stl":"0.694","blk":"0.212","tov":"1.059","pf":"2.188","pts":"16.129"},{"game_id":1065,"team_name":"MIA","player_id":"{\"adebaba01\"}","player_name":"{\"Bam Adebayo\"}","fg":"7.259","fga":"11.494","fg_pct":"0.632","three_p":"0.000","three_pa":"0.000","three_p_pct":"NaN","ft":"3.588","fta":"4.647","ft_pct":"0.772","orb":"2.035","drb":"5.882","trb":"7.918","ast":"6.118","stl":"1.553","blk":"0.788","tov":"2.188","pf":"2.600","pts":"18.106"},{"game_id":1065,"team_name":"MIA","player_id":"{\"robindu01\"}","player_name":"{\"Duncan Robinson\"}","fg":"4.282","fga":"9.659","fg_pct":"0.443","three_p":"3.600","three_pa":"8.353","three_p_pct":"0.431","ft":"1.376","fta":"1.753","ft_pct":"0.785","orb":"0.259","drb":"3.129","trb":"3.388","ast":"1.600","stl":"0.788","blk":"0.541","tov":"1.306","pf":"2.565","pts":"13.541"},{"game_id":1065,"team_name":"MIA","player_id":"{\"arizatr01\"}","player_name":"{\"Trevor Ariza\"}","fg":"4.024","fga":"9.165","fg_pct":"0.439","three_p":"1.671","three_pa":"5.200","three_p_pct":"0.321","ft":"1.306","fta":"1.565","ft_pct":"0.835","orb":"1.341","drb":"4.082","trb":"5.424","ast":"2.071","stl":"1.647","blk":"0.718","tov":"0.765","pf":"1.871","pts":"11.024"},{"game_id":1065,"team_name":"MIA","player_id":"{\"dragigo01\"}","player_name":"{\"Goran Dragić\"}","fg":"5.341","fga":"12.318","fg_pct":"0.434","three_p":"2.318","three_pa":"5.424","three_p_pct":"0.427","ft":"1.894","fta":"2.118","ft_pct":"0.894","orb":"0.729","drb":"2.259","trb":"2.988","ast":"4.541","stl":"0.588","blk":"0.094","tov":"2.118","pf":"2.494","pts":"14.894"},{"game_id":1065,"team_name":"MIA","player_id":"{\"iguodan01\"}","player_name":"{\"Andre Iguodala\"}","fg":"1.012","fga":"2.447","fg_pct":"0.414","three_p":"0.494","three_pa":"1.329","three_p_pct":"0.372","ft":"0.306","fta":"0.447","ft_pct":"0.685","orb":"0.435","drb":"2.247","trb":"2.682","ast":"2.529","stl":"0.306","blk":"0.529","tov":"1.447","pf":"1.200","pts":"2.824"},{"game_id":1065,"team_name":"MIA","player_id":"benchMIA","player_name":"Bench of MIA","fg":"1.839","fga":"4.079","fg_pct":"0.451","three_p":"0.730","three_pa":"2.022","three_p_pct":"0.361","ft":"0.292","fta":"0.485","ft_pct":"0.602","orb":"0.474","drb":"1.695","trb":"2.169","ast":"0.911","stl":"0.315","blk":"0.121","tov":"0.457","pf":"1.368","pts":"4.700"}]