[{"game_id":1028,"team_name":"DET","player_id":"{\"hayeski01\"}","player_name":"{\"Killian Hayes\"}","ts_pct":"0.408","efg_pct":"0.397","three_par":"0.316","ftr":"0.092","orb_pct":"1.262","drb_pct":"11.222","trb_pct":"6.138","ast_pct":"36.027","stl_pct":"1.978","blk_pct":"0.832","tov_pct":"36.212","usg_pct":"20.872","ortg":"80.259","drtg":"113.529","bpm":"-6.561"},{"game_id":1028,"team_name":"DET","player_id":"{\"beysa01\"}","player_name":"{\"Saddiq Bey\"}","ts_pct":"0.590","efg_pct":"0.555","three_par":"0.617","ftr":"0.243","orb_pct":"3.415","drb_pct":"21.086","trb_pct":"12.367","ast_pct":"7.184","stl_pct":"0.922","blk_pct":"1.386","tov_pct":"4.674","usg_pct":"19.376","ortg":"117.659","drtg":"112.635","bpm":"1.127"},{"game_id":1028,"team_name":"DET","player_id":"{\"stewais01\"}","player_name":"{\"Isaiah Stewart\"}","ts_pct":"0.529","efg_pct":"0.481","three_par":"0.377","ftr":"0.313","orb_pct":"7.909","drb_pct":"21.276","trb_pct":"14.592","ast_pct":"3.998","stl_pct":"1.175","blk_pct":"7.674","tov_pct":"10.213","usg_pct":"18.580","ortg":"105.847","drtg":"106.776","bpm":"-1.746"},{"game_id":1028,"team_name":"DET","player_id":"{\"leesa01\"}","player_name":"{\"Saben Lee\"}","ts_pct":"0.398","efg_pct":"0.392","three_par":"0.111","ftr":"0.151","orb_pct":"3.251","drb_pct":"7.799","trb_pct":"5.726","ast_pct":"34.371","stl_pct":"2.056","blk_pct":"1.194","tov_pct":"18.855","usg_pct":"16.881","ortg":"89.612","drtg":"113.753","bpm":"-4.825"},{"game_id":1028,"team_name":"DET","player_id":"{\"doumbse01\"}","player_name":"{\"Sekou Doumbouya\"}","ts_pct":"0.492","efg_pct":"0.461","three_par":"0.334","ftr":"0.301","orb_pct":"5.165","drb_pct":"11.145","trb_pct":"8.336","ast_pct":"11.506","stl_pct":"0.824","blk_pct":"1.452","tov_pct":"9.540","usg_pct":"18.740","ortg":"101.447","drtg":"114.024","bpm":"-4.049"},{"game_id":1028,"team_name":"DET","player_id":"{\"jacksjo02\"}","player_name":"{\"Josh Jackson\"}","ts_pct":"0.481","efg_pct":"0.428","three_par":"0.342","ftr":"0.442","orb_pct":"3.519","drb_pct":"10.381","trb_pct":"7.093","ast_pct":"17.732","stl_pct":"1.136","blk_pct":"2.378","tov_pct":"16.146","usg_pct":"26.598","ortg":"90.894","drtg":"115.400","bpm":"-5.105"},{"game_id":1028,"team_name":"DET","player_id":"benchDET","player_name":"Bench of DET","ts_pct":"0.559","efg_pct":"0.542","three_par":"0.248","ftr":"0.211","orb_pct":"3.015","drb_pct":"21.369","trb_pct":"12.117","ast_pct":"4.260","stl_pct":"0.641","blk_pct":"0.231","tov_pct":"13.266","usg_pct":"16.896","ortg":"95.714","drtg":"113.558","bpm":"-5.316"},{"game_id":1028,"team_name":"MIN","player_id":"{\"edwaran01\"}","player_name":"{\"Anthony Edwards\"}","ts_pct":"0.621","efg_pct":"0.604","three_par":"0.464","ftr":"0.208","orb_pct":"3.389","drb_pct":"17.755","trb_pct":"10.716","ast_pct":"18.182","stl_pct":"1.309","blk_pct":"2.207","tov_pct":"12.904","usg_pct":"26.052","ortg":"115.388","drtg":"112.518","bpm":"2.013"},{"game_id":1028,"team_name":"MIN","player_id":"{\"townska01\"}","player_name":"{\"Karl-Anthony Towns\"}","ts_pct":"0.615","efg_pct":"0.550","three_par":"0.386","ftr":"0.442","orb_pct":"6.919","drb_pct":"22.302","trb_pct":"14.728","ast_pct":"21.354","stl_pct":"1.259","blk_pct":"1.646","tov_pct":"13.519","usg_pct":"31.506","ortg":"118.941","drtg":"112.094","bpm":"4.002"},{"game_id":1028,"team_name":"MIN","player_id":"{\"rubiori01\"}","player_name":"{\"Ricky Rubio\"}","ts_pct":"0.514","efg_pct":"0.453","three_par":"0.555","ftr":"0.261","orb_pct":"1.474","drb_pct":"13.098","trb_pct":"7.239","ast_pct":"26.141","stl_pct":"2.902","blk_pct":"0.000","tov_pct":"11.772","usg_pct":"15.533","ortg":"120.941","drtg":"112.024","bpm":"0.488"},{"game_id":1028,"team_name":"MIN","player_id":"{\"russeda01\"}","player_name":"{\"D'Angelo Russell\"}","ts_pct":"0.568","efg_pct":"0.545","three_par":"0.509","ftr":"0.248","orb_pct":"2.266","drb_pct":"9.540","trb_pct":"5.900","ast_pct":"39.454","stl_pct":"1.267","blk_pct":"0.579","tov_pct":"11.747","usg_pct":"27.261","ortg":"119.000","drtg":"116.424","bpm":"2.947"},{"game_id":1028,"team_name":"MIN","player_id":"{\"mcdanja02\"}","player_name":"{\"Jaden McDaniels\"}","ts_pct":"0.613","efg_pct":"0.593","three_par":"0.627","ftr":"0.196","orb_pct":"3.389","drb_pct":"11.372","trb_pct":"7.471","ast_pct":"5.620","stl_pct":"1.298","blk_pct":"1.913","tov_pct":"9.507","usg_pct":"9.213","ortg":"121.212","drtg":"117.600","bpm":"-3.682"},{"game_id":1028,"team_name":"MIN","player_id":"{\"nowelja01\"}","player_name":"{\"Jaylen Nowell\"}","ts_pct":"0.284","efg_pct":"0.252","three_par":"0.366","ftr":"0.157","orb_pct":"0.925","drb_pct":"17.299","trb_pct":"8.688","ast_pct":"12.675","stl_pct":"0.808","blk_pct":"1.071","tov_pct":"5.662","usg_pct":"20.484","ortg":"60.918","drtg":"117.224","bpm":"-11.132"},{"game_id":1028,"team_name":"MIN","player_id":"benchMIN","player_name":"Bench of MIN","ts_pct":"0.580","efg_pct":"0.550","three_par":"0.319","ftr":"0.245","orb_pct":"6.007","drb_pct":"13.929","trb_pct":"10.016","ast_pct":"9.699","stl_pct":"2.004","blk_pct":"2.315","tov_pct":"9.818","usg_pct":"15.640","ortg":"121.011","drtg":"113.157","bpm":"-1.892"}]