[{"game_id":105,"team_name":"POR","player_id":"{\"simonan01\"}","player_name":"{\"Anfernee Simons\"}","ts_pct":"0.395","efg_pct":"0.384","three_par":"0.664","ftr":"0.132","orb_pct":"0.367","drb_pct":"13.378","trb_pct":"6.424","ast_pct":"9.346","stl_pct":"1.549","blk_pct":"2.192","tov_pct":"3.369","usg_pct":"15.986","ortg":"109.988","drtg":"117.835","bpm":"-2.262"},{"game_id":105,"team_name":"POR","player_id":"{\"gilesha01\"}","player_name":"{\"Harry Giles\"}","ts_pct":"0.528","efg_pct":"0.524","three_par":"0.111","ftr":"0.198","orb_pct":"5.933","drb_pct":"31.611","trb_pct":"18.873","ast_pct":"11.635","stl_pct":"0.593","blk_pct":"9.093","tov_pct":"23.773","usg_pct":"27.731","ortg":"92.776","drtg":"107.247","bpm":"-4.569"},{"game_id":105,"team_name":"POR","player_id":"{\"lillada01\"}","player_name":"{\"Damian Lillard\"}","ts_pct":"0.595","efg_pct":"0.506","three_par":"0.530","ftr":"0.424","orb_pct":"0.958","drb_pct":"11.504","trb_pct":"6.036","ast_pct":"26.382","stl_pct":"0.907","blk_pct":"0.640","tov_pct":"14.166","usg_pct":"29.600","ortg":"112.729","drtg":"118.929","bpm":"2.565"},{"game_id":105,"team_name":"POR","player_id":"{\"covinro01\"}","player_name":"{\"Robert Covington\"}","ts_pct":"0.566","efg_pct":"0.533","three_par":"0.684","ftr":"0.142","orb_pct":"1.080","drb_pct":"16.916","trb_pct":"8.592","ast_pct":"7.022","stl_pct":"2.955","blk_pct":"1.214","tov_pct":"17.005","usg_pct":"10.444","ortg":"94.212","drtg":"113.871","bpm":"-1.431"},{"game_id":105,"team_name":"POR","player_id":"{\"mccolcj01\"}","player_name":"{\"CJ McCollum\"}","ts_pct":"0.577","efg_pct":"0.544","three_par":"0.448","ftr":"0.217","orb_pct":"1.927","drb_pct":"12.292","trb_pct":"6.758","ast_pct":"25.031","stl_pct":"2.165","blk_pct":"0.914","tov_pct":"4.700","usg_pct":"28.055","ortg":"121.071","drtg":"117.047","bpm":"7.472"},{"game_id":105,"team_name":"POR","player_id":"{\"jonesde02\"}","player_name":"{\"Derrick Jones Jr.\"}","ts_pct":"0.361","efg_pct":"0.338","three_par":"0.299","ftr":"0.395","orb_pct":"3.554","drb_pct":"6.925","trb_pct":"5.280","ast_pct":"2.451","stl_pct":"1.318","blk_pct":"1.061","tov_pct":"9.779","usg_pct":"9.195","ortg":"72.682","drtg":"118.576","bpm":"-6.009"},{"game_id":105,"team_name":"POR","player_id":"benchPOR","player_name":"Bench of POR","ts_pct":"0.548","efg_pct":"0.509","three_par":"0.283","ftr":"0.372","orb_pct":"7.190","drb_pct":"19.240","trb_pct":"13.141","ast_pct":"9.042","stl_pct":"1.308","blk_pct":"1.156","tov_pct":"10.779","usg_pct":"19.452","ortg":"108.433","drtg":"117.325","bpm":"-1.115"},{"game_id":105,"team_name":"CHI","player_id":"{\"gaffoda01\"}","player_name":"{\"Daniel Gafford\"}","ts_pct":"0.755","efg_pct":"0.687","three_par":"0.000","ftr":"1.421","orb_pct":"8.742","drb_pct":"11.220","trb_pct":"9.727","ast_pct":"6.151","stl_pct":"1.335","blk_pct":"7.164","tov_pct":"10.667","usg_pct":"12.940","ortg":"143.435","drtg":"110.929","bpm":"-0.096"},{"game_id":105,"team_name":"CHI","player_id":"{\"lavinza01\"}","player_name":"{\"Zach LaVine\"}","ts_pct":"0.577","efg_pct":"0.526","three_par":"0.405","ftr":"0.313","orb_pct":"1.513","drb_pct":"14.133","trb_pct":"8.006","ast_pct":"19.760","stl_pct":"2.252","blk_pct":"1.599","tov_pct":"16.118","usg_pct":"32.932","ortg":"104.071","drtg":"114.871","bpm":"-0.275"},{"game_id":105,"team_name":"CHI","player_id":"{\"whiteco01\"}","player_name":"{\"Coby White\"}","ts_pct":"0.523","efg_pct":"0.475","three_par":"0.513","ftr":"0.238","orb_pct":"1.304","drb_pct":"14.644","trb_pct":"7.946","ast_pct":"23.833","stl_pct":"0.385","blk_pct":"0.273","tov_pct":"17.536","usg_pct":"24.419","ortg":"98.871","drtg":"116.576","bpm":"-3.793"},{"game_id":105,"team_name":"CHI","player_id":"{\"templga01\"}","player_name":"{\"Garrett Temple\"}","ts_pct":"0.453","efg_pct":"0.444","three_par":"0.638","ftr":"0.099","orb_pct":"2.435","drb_pct":"7.572","trb_pct":"4.928","ast_pct":"10.732","stl_pct":"1.186","blk_pct":"0.231","tov_pct":"11.709","usg_pct":"13.309","ortg":"92.824","drtg":"119.000","bpm":"-5.719"},{"game_id":105,"team_name":"CHI","player_id":"{\"porteot01\"}","player_name":"{\"Otto Porter Jr.\"}","ts_pct":"0.634","efg_pct":"0.592","three_par":"0.514","ftr":"0.360","orb_pct":"6.140","drb_pct":"19.953","trb_pct":"12.979","ast_pct":"12.796","stl_pct":"2.391","blk_pct":"0.231","tov_pct":"10.538","usg_pct":"22.521","ortg":"119.776","drtg":"111.094","bpm":"3.140"},{"game_id":105,"team_name":"CHI","player_id":"{\"cartewe01\"}","player_name":"{\"Wendell Carter Jr.\"}","ts_pct":"0.601","efg_pct":"0.565","three_par":"0.164","ftr":"0.498","orb_pct":"6.501","drb_pct":"22.784","trb_pct":"14.436","ast_pct":"11.136","stl_pct":"0.841","blk_pct":"1.659","tov_pct":"16.295","usg_pct":"17.879","ortg":"108.894","drtg":"112.494","bpm":"-3.141"},{"game_id":105,"team_name":"CHI","player_id":"benchCHI","player_name":"Bench of CHI","ts_pct":"0.564","efg_pct":"0.545","three_par":"0.384","ftr":"0.166","orb_pct":"3.770","drb_pct":"13.688","trb_pct":"8.584","ast_pct":"9.144","stl_pct":"2.443","blk_pct":"2.616","tov_pct":"13.644","usg_pct":"18.948","ortg":"105.771","drtg":"112.353","bpm":"-0.487"}]