[{"game_id":1231,"team_name":"TOR","player_id":"{\"bouchch01\"}","player_name":"{\"Chris Boucher\"}","ts_pct":"0.612","efg_pct":"0.375","three_par":"0.520","ftr":"0.322","orb_pct":"7.215","drb_pct":"23.515","trb_pct":"15.982","ast_pct":"1.281","stl_pct":"0.698","blk_pct":"13.487","tov_pct":"13.331","usg_pct":"29.447","ortg":"103.776","drtg":"92.235","bpm":"-0.796"},{"game_id":1231,"team_name":"TOR","player_id":"{\"lowryky01\"}","player_name":"{\"Kyle Lowry\"}","ts_pct":"0.573","efg_pct":"0.519","three_par":"0.580","ftr":"0.309","orb_pct":"1.514","drb_pct":"10.541","trb_pct":"6.386","ast_pct":"29.601","stl_pct":"1.672","blk_pct":"1.208","tov_pct":"14.139","usg_pct":"21.532","ortg":"114.612","drtg":"104.753","bpm":"4.126"},{"game_id":1231,"team_name":"TOR","player_id":"{\"anunoog01\"}","player_name":"{\"OG Anunoby\"}","ts_pct":"0.577","efg_pct":"0.557","three_par":"0.456","ftr":"0.122","orb_pct":"5.059","drb_pct":"11.053","trb_pct":"8.460","ast_pct":"7.181","stl_pct":"1.986","blk_pct":"4.012","tov_pct":"14.819","usg_pct":"14.612","ortg":"105.659","drtg":"101.094","bpm":"1.648"},{"game_id":1231,"team_name":"TOR","player_id":"{\"ibakase01\"}","player_name":"{\"Serge Ibaka\"}","ts_pct":"0.632","efg_pct":"0.607","three_par":"0.187","ftr":"0.360","orb_pct":"8.140","drb_pct":"22.505","trb_pct":"15.872","ast_pct":"5.918","stl_pct":"1.152","blk_pct":"6.015","tov_pct":"17.149","usg_pct":"25.139","ortg":"108.965","drtg":"98.788","bpm":"2.124"},{"game_id":1231,"team_name":"TOR","player_id":"{\"vanvlfr01\"}","player_name":"{\"Fred VanVleet\"}","ts_pct":"0.561","efg_pct":"0.504","three_par":"0.576","ftr":"0.273","orb_pct":"1.334","drb_pct":"9.049","trb_pct":"5.422","ast_pct":"19.106","stl_pct":"1.654","blk_pct":"0.207","tov_pct":"12.014","usg_pct":"19.269","ortg":"114.129","drtg":"106.165","bpm":"1.885"},{"game_id":1231,"team_name":"TOR","player_id":"{\"siakapa01\"}","player_name":"{\"Pascal Siakam\"}","ts_pct":"0.585","efg_pct":"0.533","three_par":"0.255","ftr":"0.276","orb_pct":"6.187","drb_pct":"17.518","trb_pct":"12.219","ast_pct":"17.701","stl_pct":"0.545","blk_pct":"0.934","tov_pct":"12.204","usg_pct":"26.986","ortg":"112.106","drtg":"104.976","bpm":"2.688"},{"game_id":1231,"team_name":"TOR","player_id":"benchTOR","player_name":"Bench of TOR","ts_pct":"0.465","efg_pct":"0.393","three_par":"0.471","ftr":"0.410","orb_pct":"2.477","drb_pct":"12.424","trb_pct":"7.913","ast_pct":"9.489","stl_pct":"1.322","blk_pct":"0.471","tov_pct":"13.184","usg_pct":"10.670","ortg":"95.143","drtg":"101.223","bpm":"-1.160"},{"game_id":1231,"team_name":"DET","player_id":"{\"mykhasv01\"}","player_name":"{\"Svi Mykhailiuk\"}","ts_pct":"0.451","efg_pct":"0.428","three_par":"0.467","ftr":"0.157","orb_pct":"2.973","drb_pct":"6.707","trb_pct":"5.147","ast_pct":"15.576","stl_pct":"1.991","blk_pct":"0.741","tov_pct":"4.688","usg_pct":"18.375","ortg":"104.988","drtg":"118.094","bpm":"0.169"},{"game_id":1231,"team_name":"DET","player_id":"{\"drumman01\"}","player_name":"{\"Andre Drummond\"}","ts_pct":"0.550","efg_pct":"0.537","three_par":"0.022","ftr":"0.500","orb_pct":"14.462","drb_pct":"36.219","trb_pct":"25.165","ast_pct":"9.732","stl_pct":"2.540","blk_pct":"4.334","tov_pct":"16.939","usg_pct":"25.731","ortg":"102.600","drtg":"103.212","bpm":"0.369"},{"game_id":1231,"team_name":"DET","player_id":"{\"morrima02\"}","player_name":"{\"Markieff Morris\"}","ts_pct":"0.530","efg_pct":"0.506","three_par":"0.470","ftr":"0.331","orb_pct":"4.425","drb_pct":"14.960","trb_pct":"9.840","ast_pct":"10.024","stl_pct":"0.976","blk_pct":"1.976","tov_pct":"16.652","usg_pct":"19.381","ortg":"92.188","drtg":"110.894","bpm":"-6.053"},{"game_id":1231,"team_name":"DET","player_id":"{\"kennalu01\"}","player_name":"{\"Luke Kennard\"}","ts_pct":"0.631","efg_pct":"0.596","three_par":"0.475","ftr":"0.247","orb_pct":"0.479","drb_pct":"11.179","trb_pct":"5.649","ast_pct":"12.499","stl_pct":"0.629","blk_pct":"0.307","tov_pct":"5.822","usg_pct":"20.004","ortg":"123.882","drtg":"115.871","bpm":"3.362"},{"game_id":1231,"team_name":"DET","player_id":"{\"gallola01\"}","player_name":"{\"Langston Galloway\"}","ts_pct":"0.496","efg_pct":"0.475","three_par":"0.556","ftr":"0.357","orb_pct":"1.788","drb_pct":"13.204","trb_pct":"7.402","ast_pct":"6.406","stl_pct":"1.419","blk_pct":"2.104","tov_pct":"8.051","usg_pct":"16.492","ortg":"98.388","drtg":"112.482","bpm":"-3.167"},{"game_id":1231,"team_name":"DET","player_id":"{\"fraziti01\"}","player_name":"{\"Tim Frazier\"}","ts_pct":"0.373","efg_pct":"0.271","three_par":"0.401","ftr":"0.387","orb_pct":"0.811","drb_pct":"10.915","trb_pct":"5.951","ast_pct":"27.200","stl_pct":"0.579","blk_pct":"0.000","tov_pct":"16.174","usg_pct":"19.626","ortg":"86.800","drtg":"111.188","bpm":"-4.736"},{"game_id":1231,"team_name":"DET","player_id":"benchDET","player_name":"Bench of DET","ts_pct":"0.488","efg_pct":"0.451","three_par":"0.283","ftr":"0.302","orb_pct":"4.139","drb_pct":"12.287","trb_pct":"8.224","ast_pct":"10.328","stl_pct":"0.972","blk_pct":"2.385","tov_pct":"15.440","usg_pct":"18.701","ortg":"95.687","drtg":"112.282","bpm":"-2.964"}]