[{"game_id":1229,"team_name":"BOS","player_id":"{\"wanambr01\"}","player_name":"{\"Brad Wanamaker\"}","ts_pct":"0.491","efg_pct":"0.474","three_par":"0.124","ftr":"0.430","orb_pct":"1.129","drb_pct":"12.487","trb_pct":"6.340","ast_pct":"30.614","stl_pct":"1.514","blk_pct":"1.680","tov_pct":"12.864","usg_pct":"21.214","ortg":"107.071","drtg":"103.612","bpm":"0.239"},{"game_id":1229,"team_name":"BOS","player_id":"{\"smartma01\"}","player_name":"{\"Marcus Smart\"}","ts_pct":"0.450","efg_pct":"0.387","three_par":"0.749","ftr":"0.325","orb_pct":"4.635","drb_pct":"6.645","trb_pct":"5.667","ast_pct":"19.367","stl_pct":"2.935","blk_pct":"1.169","tov_pct":"13.646","usg_pct":"16.516","ortg":"98.047","drtg":"104.741","bpm":"0.015"},{"game_id":1229,"team_name":"BOS","player_id":"{\"tatumja01\"}","player_name":"{\"Jayson Tatum\"}","ts_pct":"0.461","efg_pct":"0.403","three_par":"0.315","ftr":"0.368","orb_pct":"3.521","drb_pct":"21.735","trb_pct":"12.176","ast_pct":"11.220","stl_pct":"2.300","blk_pct":"2.382","tov_pct":"9.526","usg_pct":"23.914","ortg":"93.588","drtg":"101.988","bpm":"1.193"},{"game_id":1229,"team_name":"BOS","player_id":"{\"walkeke02\"}","player_name":"{\"Kemba Walker\"}","ts_pct":"0.602","efg_pct":"0.562","three_par":"0.427","ftr":"0.257","orb_pct":"3.341","drb_pct":"9.708","trb_pct":"6.539","ast_pct":"25.458","stl_pct":"1.335","blk_pct":"1.372","tov_pct":"6.729","usg_pct":"31.279","ortg":"122.024","drtg":"111.941","bpm":"7.073"},{"game_id":1229,"team_name":"BOS","player_id":"{\"haywago01\"}","player_name":"{\"Gordon Hayward\"}","ts_pct":"0.509","efg_pct":"0.459","three_par":"0.315","ftr":"0.249","orb_pct":"2.014","drb_pct":"12.864","trb_pct":"7.194","ast_pct":"12.884","stl_pct":"0.813","blk_pct":"0.681","tov_pct":"16.989","usg_pct":"17.104","ortg":"94.459","drtg":"109.106","bpm":"-2.176"},{"game_id":1229,"team_name":"BOS","player_id":"{\"edwarca01\"}","player_name":"{\"Carsen Edwards\"}","ts_pct":"0.348","efg_pct":"0.309","three_par":"0.571","ftr":"0.189","orb_pct":"5.492","drb_pct":"0.000","trb_pct":"3.060","ast_pct":"9.464","stl_pct":"2.184","blk_pct":"0.000","tov_pct":"0.000","usg_pct":"20.900","ortg":"87.120","drtg":"105.200","bpm":"-2.712"},{"game_id":1229,"team_name":"BOS","player_id":"benchBOS","player_name":"Bench of BOS","ts_pct":"0.323","efg_pct":"0.310","three_par":"0.183","ftr":"0.294","orb_pct":"5.654","drb_pct":"14.532","trb_pct":"10.317","ast_pct":"8.978","stl_pct":"1.029","blk_pct":"3.061","tov_pct":"4.422","usg_pct":"11.259","ortg":"78.208","drtg":"104.205","bpm":"-2.436"},{"game_id":1229,"team_name":"MIL","player_id":"{\"antetgi01\"}","player_name":"{\"Giannis Antetokounmpo\"}","ts_pct":"0.527","efg_pct":"0.504","three_par":"0.206","ftr":"0.539","orb_pct":"5.614","drb_pct":"30.598","trb_pct":"18.307","ast_pct":"36.876","stl_pct":"1.665","blk_pct":"5.978","tov_pct":"15.247","usg_pct":"31.660","ortg":"104.212","drtg":"100.941","bpm":"7.431"},{"game_id":1229,"team_name":"MIL","player_id":"{\"middlkh01\"}","player_name":"{\"Khris Middleton\"}","ts_pct":"0.549","efg_pct":"0.519","three_par":"0.470","ftr":"0.187","orb_pct":"3.365","drb_pct":"15.381","trb_pct":"9.564","ast_pct":"16.012","stl_pct":"0.816","blk_pct":"0.440","tov_pct":"12.519","usg_pct":"20.878","ortg":"105.788","drtg":"110.318","bpm":"-0.536"},{"game_id":1229,"team_name":"MIL","player_id":"{\"matthwe02\"}","player_name":"{\"Wesley Matthews\"}","ts_pct":"0.562","efg_pct":"0.548","three_par":"0.702","ftr":"0.085","orb_pct":"0.174","drb_pct":"8.626","trb_pct":"4.284","ast_pct":"8.379","stl_pct":"1.560","blk_pct":"0.764","tov_pct":"12.071","usg_pct":"14.906","ortg":"102.600","drtg":"110.765","bpm":"-1.232"},{"game_id":1229,"team_name":"MIL","player_id":"{\"bledser01\"}","player_name":"{\"Eric Bledsoe\"}","ts_pct":"0.425","efg_pct":"0.374","three_par":"0.348","ftr":"0.310","orb_pct":"3.268","drb_pct":"12.035","trb_pct":"7.621","ast_pct":"22.486","stl_pct":"1.115","blk_pct":"0.000","tov_pct":"11.472","usg_pct":"24.060","ortg":"91.882","drtg":"111.271","bpm":"-5.095"},{"game_id":1229,"team_name":"MIL","player_id":"{\"lopezbr01\"}","player_name":"{\"Brook Lopez\"}","ts_pct":"0.593","efg_pct":"0.516","three_par":"0.585","ftr":"0.352","orb_pct":"2.131","drb_pct":"15.415","trb_pct":"8.859","ast_pct":"7.879","stl_pct":"1.438","blk_pct":"6.585","tov_pct":"6.967","usg_pct":"17.152","ortg":"116.424","drtg":"105.541","bpm":"3.513"},{"game_id":1229,"team_name":"MIL","player_id":"{\"connapa01\"}","player_name":"{\"Pat Connaughton\"}","ts_pct":"0.587","efg_pct":"0.585","three_par":"0.652","ftr":"0.080","orb_pct":"2.474","drb_pct":"22.401","trb_pct":"12.714","ast_pct":"16.767","stl_pct":"0.944","blk_pct":"5.019","tov_pct":"2.414","usg_pct":"10.912","ortg":"152.941","drtg":"104.953","bpm":"7.076"},{"game_id":1229,"team_name":"MIL","player_id":"benchMIL","player_name":"Bench of MIL","ts_pct":"0.574","efg_pct":"0.547","three_par":"0.503","ftr":"0.203","orb_pct":"4.678","drb_pct":"12.796","trb_pct":"8.825","ast_pct":"9.159","stl_pct":"1.325","blk_pct":"1.386","tov_pct":"9.058","usg_pct":"15.975","ortg":"110.686","drtg":"110.220","bpm":"-0.589"}]