[{"game_id":1024,"team_name":"SAS","player_id":"teamSAS","player_name":"Team name: SAS","fg":"42.314","fga":"91.086","fg_pct":"0.465","three_p":"8.097","three_pa":"25.160","three_p_pct":"0.322","ft":"19.503","fta":"23.743","ft_pct":"0.821","orb":"8.714","drb":"33.029","trb":"41.743","ast":"23.171","stl":"7.783","blk":"4.606","tov":"10.497","pf":"19.429","pts":"112.229"},{"game_id":1024,"team_name":"MIL","player_id":"teamMIL","player_name":"Team name: MIL","fg":"46.394","fga":"91.817","fg_pct":"0.505","three_p":"14.691","three_pa":"36.600","three_p_pct":"0.401","ft":"16.749","fta":"22.006","ft_pct":"0.761","orb":"9.909","drb":"37.909","trb":"47.817","ast":"26.446","stl":"7.891","blk":"5.589","tov":"14.051","pf":"20.994","pts":"124.229"}]