[{"game_id":123,"team_name":"BOS","player_id":"{\"brownja02\"}","player_name":"{\"Jaylen Brown\"}","fg":"10.224","fga":"18.812","fg_pct":"0.543","three_p":"2.518","three_pa":"5.929","three_p_pct":"0.425","ft":"2.765","fta":"3.624","ft_pct":"0.763","orb":"0.941","drb":"4.906","trb":"5.847","ast":"3.388","stl":"1.706","blk":"0.753","tov":"2.882","pf":"2.659","pts":"25.729"},{"game_id":123,"team_name":"BOS","player_id":"{\"smartma01\"}","player_name":"{\"Marcus Smart\"}","fg":"4.035","fga":"10.776","fg_pct":"0.374","three_p":"2.235","three_pa":"5.729","three_p_pct":"0.390","ft":"2.659","fta":"3.424","ft_pct":"0.777","orb":"0.894","drb":"2.318","trb":"3.212","ast":"6.541","stl":"1.659","blk":"0.588","tov":"1.612","pf":"2.647","pts":"12.965"},{"game_id":123,"team_name":"BOS","player_id":"{\"tatumja01\"}","player_name":"{\"Jayson Tatum\"}","fg":"9.659","fga":"20.588","fg_pct":"0.469","three_p":"3.635","three_pa":"7.894","three_p_pct":"0.460","ft":"3.824","fta":"4.294","ft_pct":"0.891","orb":"0.376","drb":"6.647","trb":"7.024","ast":"4.565","stl":"0.941","blk":"0.918","tov":"2.012","pf":"1.976","pts":"26.776"},{"game_id":123,"team_name":"BOS","player_id":"{\"theisda01\"}","player_name":"{\"Daniel Theis\"}","fg":"3.365","fga":"5.824","fg_pct":"0.578","three_p":"0.400","three_pa":"1.941","three_p_pct":"0.206","ft":"0.306","fta":"0.824","ft_pct":"0.371","orb":"1.212","drb":"3.294","trb":"4.506","ast":"1.024","stl":"0.318","blk":"0.976","tov":"1.024","pf":"2.459","pts":"7.435"},{"game_id":123,"team_name":"BOS","player_id":"{\"ojelese01\"}","player_name":"{\"Semi Ojeleye\"}","fg":"1.894","fga":"4.506","fg_pct":"0.420","three_p":"1.118","three_pa":"2.624","three_p_pct":"0.426","ft":"0.471","fta":"0.847","ft_pct":"0.556","orb":"0.918","drb":"1.965","trb":"2.882","ast":"0.388","stl":"0.000","blk":"0.000","tov":"0.494","pf":"1.212","pts":"5.376"},{"game_id":123,"team_name":"BOS","player_id":"{\"pritcpa01\"}","player_name":"{\"Payton Pritchard\"}","fg":"3.494","fga":"7.222","fg_pct":"0.484","three_p":"0.827","three_pa":"2.741","three_p_pct":"0.302","ft":"0.938","fta":"1.037","ft_pct":"0.905","orb":"0.642","drb":"2.086","trb":"2.728","ast":"3.691","stl":"1.086","blk":"0.383","tov":"1.765","pf":"2.173","pts":"8.753"},{"game_id":123,"team_name":"BOS","player_id":"benchBOS","player_name":"Bench of BOS","fg":"1.849","fga":"3.961","fg_pct":"0.467","three_p":"0.481","three_pa":"1.109","three_p_pct":"0.434","ft":"0.942","fta":"1.172","ft_pct":"0.804","orb":"0.616","drb":"1.607","trb":"2.223","ast":"1.064","stl":"0.522","blk":"0.376","tov":"0.590","pf":"0.972","pts":"5.121"},{"game_id":123,"team_name":"WAS","player_id":"{\"lopezro01\"}","player_name":"{\"Robin Lopez\"}","fg":"2.035","fga":"3.718","fg_pct":"0.547","three_p":"0.212","three_pa":"0.624","three_p_pct":"0.340","ft":"1.176","fta":"2.012","ft_pct":"0.584","orb":"1.141","drb":"2.506","trb":"3.647","ast":"0.553","stl":"0.141","blk":"0.541","tov":"0.565","pf":"2.247","pts":"5.459"},{"game_id":123,"team_name":"WAS","player_id":"{\"bongais01\"}","player_name":"{\"Isaac Bonga\"}","fg":"2.094","fga":"4.071","fg_pct":"0.514","three_p":"0.765","three_pa":"1.941","three_p_pct":"0.394","ft":"0.600","fta":"0.859","ft_pct":"0.698","orb":"0.965","drb":"2.565","trb":"3.529","ast":"1.376","stl":"0.529","blk":"0.447","tov":"1.224","pf":"1.988","pts":"5.553"},{"game_id":123,"team_name":"WAS","player_id":"{\"netora01\"}","player_name":"{\"Raul Neto\"}","fg":"3.353","fga":"6.118","fg_pct":"0.548","three_p":"1.447","three_pa":"2.965","three_p_pct":"0.488","ft":"0.376","fta":"0.447","ft_pct":"0.841","orb":"0.188","drb":"0.918","trb":"1.106","ast":"1.506","stl":"1.106","blk":"0.000","tov":"0.459","pf":"1.435","pts":"8.529"},{"game_id":123,"team_name":"WAS","player_id":"{\"bealbr01\"}","player_name":"{\"Bradley Beal\"}","fg":"11.671","fga":"24.682","fg_pct":"0.473","three_p":"2.694","three_pa":"6.647","three_p_pct":"0.405","ft":"8.835","fta":"10.188","ft_pct":"0.867","orb":"1.671","drb":"3.600","trb":"5.271","ast":"5.024","stl":"1.376","blk":"0.753","tov":"3.412","pf":"2.306","pts":"34.871"},{"game_id":123,"team_name":"WAS","player_id":"{\"hachiru01\"}","player_name":"{\"Rui Hachimura\"}","fg":"4.435","fga":"10.165","fg_pct":"0.436","three_p":"0.859","three_pa":"2.153","three_p_pct":"0.399","ft":"3.600","fta":"4.729","ft_pct":"0.761","orb":"1.482","drb":"3.153","trb":"4.635","ast":"2.082","stl":"0.376","blk":"0.047","tov":"1.047","pf":"2.282","pts":"13.329"},{"game_id":123,"team_name":"WAS","player_id":"{\"westbru01\"}","player_name":"{\"Russell Westbrook\"}","fg":"7.635","fga":"19.012","fg_pct":"0.402","three_p":"1.482","three_pa":"5.012","three_p_pct":"0.296","ft":"3.400","fta":"5.600","ft_pct":"0.607","orb":"1.200","drb":"8.035","trb":"9.235","ast":"9.894","stl":"1.788","blk":"0.282","tov":"4.612","pf":"3.106","pts":"20.153"},{"game_id":123,"team_name":"WAS","player_id":"benchWAS","player_name":"Bench of WAS","fg":"3.404","fga":"6.933","fg_pct":"0.491","three_p":"1.261","three_pa":"3.375","three_p_pct":"0.374","ft":"1.395","fta":"1.811","ft_pct":"0.770","orb":"0.810","drb":"3.026","trb":"3.836","ast":"1.812","stl":"0.664","blk":"0.377","tov":"0.875","pf":"2.363","pts":"9.464"}]