[{"game_id":1164,"team_name":"MIL","player_id":"{\"middlkh01\"}","player_name":"{\"Khris Middleton\"}","fg":"8.694","fga":"20.200","fg_pct":"0.430","three_p":"2.565","three_pa":"8.341","three_p_pct":"0.308","ft":"3.835","fta":"4.259","ft_pct":"0.900","orb":"1.282","drb":"6.718","trb":"8.000","ast":"5.447","stl":"1.941","blk":"0.224","tov":"3.118","pf":"2.471","pts":"23.788"},{"game_id":1164,"team_name":"MIL","player_id":"{\"holidjr01\"}","player_name":"{\"Jrue Holiday\"}","fg":"6.812","fga":"17.059","fg_pct":"0.399","three_p":"2.082","three_pa":"6.718","three_p_pct":"0.310","ft":"1.824","fta":"2.624","ft_pct":"0.695","orb":"1.129","drb":"3.306","trb":"4.435","ast":"8.200","stl":"1.165","blk":"0.529","tov":"2.176","pf":"2.518","pts":"17.529"},{"game_id":1164,"team_name":"MIL","player_id":"{\"tuckepj01\"}","player_name":"{\"P.J. Tucker\"}","fg":"1.753","fga":"4.635","fg_pct":"0.378","three_p":"1.071","three_pa":"2.988","three_p_pct":"0.358","ft":"0.129","fta":"0.259","ft_pct":"0.498","orb":"2.059","drb":"3.129","trb":"5.188","ast":"1.188","stl":"1.176","blk":"0.306","tov":"0.141","pf":"3.306","pts":"4.706"},{"game_id":1164,"team_name":"MIL","player_id":"{\"lopezbr01\"}","player_name":"{\"Brook Lopez\"}","fg":"4.153","fga":"7.765","fg_pct":"0.535","three_p":"1.518","three_pa":"3.694","three_p_pct":"0.411","ft":"0.624","fta":"0.624","ft_pct":"1.000","orb":"1.647","drb":"3.424","trb":"5.071","ast":"0.271","stl":"1.059","blk":"1.647","tov":"0.812","pf":"1.659","pts":"10.447"},{"game_id":1164,"team_name":"MIL","player_id":"{\"portibo01\"}","player_name":"{\"Bobby Portis\"}","fg":"3.435","fga":"7.341","fg_pct":"0.468","three_p":"0.765","three_pa":"2.659","three_p_pct":"0.288","ft":"0.129","fta":"0.424","ft_pct":"0.304","orb":"1.576","drb":"3.318","trb":"4.894","ast":"0.647","stl":"0.576","blk":"0.424","tov":"0.753","pf":"1.506","pts":"7.765"},{"game_id":1164,"team_name":"MIL","player_id":"{\"teaguje01\"}","player_name":"{\"Jeff Teague\"}","fg":"0.906","fga":"2.553","fg_pct":"0.355","three_p":"0.353","three_pa":"0.729","three_p_pct":"0.484","ft":"0.906","fta":"1.024","ft_pct":"0.885","orb":"0.000","drb":"0.506","trb":"0.506","ast":"0.976","stl":"0.176","blk":"0.059","tov":"0.424","pf":"0.282","pts":"3.071"},{"game_id":1164,"team_name":"MIL","player_id":"benchMIL","player_name":"Bench of MIL","fg":"1.160","fga":"2.961","fg_pct":"0.392","three_p":"0.562","three_pa":"1.942","three_p_pct":"0.289","ft":"0.364","fta":"0.395","ft_pct":"0.922","orb":"0.563","drb":"1.255","trb":"1.818","ast":"0.411","stl":"0.271","blk":"0.257","tov":"0.409","pf":"0.875","pts":"3.247"},{"game_id":1164,"team_name":"ATL","player_id":"{\"dunnkr01\"}","player_name":"{\"Kris Dunn\"}","fg":"0.647","fga":"2.271","fg_pct":"0.285","three_p":"0.000","three_pa":"0.424","three_p_pct":"0.000","ft":"0.847","fta":"0.941","ft_pct":"0.900","orb":"0.000","drb":"1.694","trb":"1.694","ast":"1.341","stl":"0.541","blk":"0.529","tov":"0.835","pf":"1.529","pts":"2.141"},{"game_id":1164,"team_name":"ATL","player_id":"{\"bogdabo01\"}","player_name":"{\"Bogdan Bogdanović\"}","fg":"4.071","fga":"12.482","fg_pct":"0.326","three_p":"2.047","three_pa":"7.118","three_p_pct":"0.288","ft":"0.412","fta":"0.729","ft_pct":"0.565","orb":"0.388","drb":"2.271","trb":"2.659","ast":"2.482","stl":"2.106","blk":"0.235","tov":"1.529","pf":"2.471","pts":"10.600"},{"game_id":1164,"team_name":"ATL","player_id":"{\"huertke01\"}","player_name":"{\"Kevin Huerter\"}","fg":"5.047","fga":"11.976","fg_pct":"0.421","three_p":"1.694","three_pa":"5.612","three_p_pct":"0.302","ft":"0.906","fta":"1.212","ft_pct":"0.748","orb":"0.671","drb":"3.624","trb":"4.294","ast":"3.376","stl":"0.494","blk":"0.824","tov":"0.765","pf":"2.835","pts":"12.694"},{"game_id":1164,"team_name":"ATL","player_id":"{\"willilo02\"}","player_name":"{\"Lou Williams\"}","fg":"2.741","fga":"5.871","fg_pct":"0.467","three_p":"0.847","three_pa":"1.588","three_p_pct":"0.533","ft":"1.847","fta":"2.000","ft_pct":"0.923","orb":"0.200","drb":"1.882","trb":"2.082","ast":"2.682","stl":"0.765","blk":"0.141","tov":"0.788","pf":"1.376","pts":"8.176"},{"game_id":1164,"team_name":"ATL","player_id":"{\"collijo01\"}","player_name":"{\"John Collins\"}","fg":"5.588","fga":"10.176","fg_pct":"0.549","three_p":"0.706","three_pa":"2.941","three_p_pct":"0.240","ft":"1.118","fta":"1.635","ft_pct":"0.684","orb":"2.706","drb":"7.565","trb":"10.271","ast":"0.718","stl":"0.329","blk":"0.588","tov":"1.424","pf":"3.518","pts":"13.000"},{"game_id":1164,"team_name":"ATL","player_id":"{\"reddica01\"}","player_name":"{\"Cam Reddish\"}","fg":"3.741","fga":"9.412","fg_pct":"0.397","three_p":"1.341","three_pa":"4.106","three_p_pct":"0.327","ft":"2.329","fta":"2.682","ft_pct":"0.868","orb":"0.729","drb":"3.000","trb":"3.729","ast":"1.318","stl":"1.576","blk":"0.612","tov":"0.965","pf":"2.741","pts":"11.153"},{"game_id":1164,"team_name":"ATL","player_id":"benchATL","player_name":"Bench of ATL","fg":"2.367","fga":"4.550","fg_pct":"0.520","three_p":"0.419","three_pa":"1.222","three_p_pct":"0.343","ft":"0.877","fta":"1.335","ft_pct":"0.657","orb":"0.896","drb":"2.717","trb":"3.612","ast":"0.474","stl":"0.367","blk":"0.279","tov":"0.465","pf":"1.510","pts":"6.030"}]