[{"game_id":1052,"team_name":"PHO","player_id":"{\"carteje01\"}","player_name":"{\"Jevon Carter\"}","ts_pct":"0.929","efg_pct":"0.928","three_par":"0.823","ftr":"0.038","orb_pct":"0.585","drb_pct":"7.040","trb_pct":"4.074","ast_pct":"7.275","stl_pct":"1.274","blk_pct":"0.400","tov_pct":"7.247","usg_pct":"13.056","ortg":"169.047","drtg":"125.753","bpm":"0.687"},{"game_id":1052,"team_name":"PHO","player_id":"{\"bridgmi01\"}","player_name":"{\"Mikal Bridges\"}","ts_pct":"0.720","efg_pct":"0.703","three_par":"0.484","ftr":"0.180","orb_pct":"2.360","drb_pct":"7.551","trb_pct":"5.026","ast_pct":"7.429","stl_pct":"2.209","blk_pct":"3.502","tov_pct":"7.188","usg_pct":"14.541","ortg":"138.494","drtg":"122.271","bpm":"4.448"},{"game_id":1052,"team_name":"PHO","player_id":"{\"crowdja01\"}","player_name":"{\"Jae Crowder\"}","ts_pct":"0.566","efg_pct":"0.566","three_par":"0.819","ftr":"0.182","orb_pct":"5.405","drb_pct":"11.080","trb_pct":"8.161","ast_pct":"13.484","stl_pct":"1.345","blk_pct":"2.493","tov_pct":"9.439","usg_pct":"19.202","ortg":"115.153","drtg":"118.376","bpm":"1.121"},{"game_id":1052,"team_name":"PHO","player_id":"{\"bookede01\"}","player_name":"{\"Devin Booker\"}","ts_pct":"0.599","efg_pct":"0.513","three_par":"0.234","ftr":"0.447","orb_pct":"2.834","drb_pct":"12.959","trb_pct":"7.979","ast_pct":"17.416","stl_pct":"0.589","blk_pct":"0.104","tov_pct":"9.375","usg_pct":"32.813","ortg":"117.188","drtg":"126.671","bpm":"-1.261"},{"game_id":1052,"team_name":"PHO","player_id":"{\"paulch01\"}","player_name":"{\"Chris Paul\"}","ts_pct":"0.609","efg_pct":"0.570","three_par":"0.281","ftr":"0.208","orb_pct":"0.506","drb_pct":"13.539","trb_pct":"7.272","ast_pct":"49.366","stl_pct":"2.484","blk_pct":"2.076","tov_pct":"15.652","usg_pct":"26.221","ortg":"125.671","drtg":"121.224","bpm":"5.149"},{"game_id":1052,"team_name":"PHO","player_id":"{\"saricda01\"}","player_name":"{\"Dario Šarić\"}","ts_pct":"0.445","efg_pct":"0.391","three_par":"0.587","ftr":"0.428","orb_pct":"3.059","drb_pct":"13.518","trb_pct":"8.392","ast_pct":"6.571","stl_pct":"1.109","blk_pct":"0.582","tov_pct":"14.067","usg_pct":"15.958","ortg":"78.271","drtg":"121.812","bpm":"-8.851"},{"game_id":1052,"team_name":"PHO","player_id":"benchPHO","player_name":"Bench of PHO","ts_pct":"0.585","efg_pct":"0.567","three_par":"0.457","ftr":"0.214","orb_pct":"5.042","drb_pct":"19.562","trb_pct":"12.622","ast_pct":"13.069","stl_pct":"1.026","blk_pct":"2.523","tov_pct":"7.378","usg_pct":"19.157","ortg":"121.938","drtg":"121.749","bpm":"0.353"},{"game_id":1052,"team_name":"POR","player_id":"{\"lillada01\"}","player_name":"{\"Damian Lillard\"}","ts_pct":"0.722","efg_pct":"0.657","three_par":"0.536","ftr":"0.403","orb_pct":"1.405","drb_pct":"11.740","trb_pct":"6.573","ast_pct":"34.082","stl_pct":"1.340","blk_pct":"0.649","tov_pct":"9.086","usg_pct":"29.454","ortg":"144.165","drtg":"114.600","bpm":"12.826"},{"game_id":1052,"team_name":"POR","player_id":"{\"powelno01\"}","player_name":"{\"Norman Powell\"}","ts_pct":"0.525","efg_pct":"0.483","three_par":"0.407","ftr":"0.247","orb_pct":"2.598","drb_pct":"9.056","trb_pct":"5.780","ast_pct":"7.794","stl_pct":"1.208","blk_pct":"1.058","tov_pct":"5.438","usg_pct":"20.404","ortg":"108.106","drtg":"115.353","bpm":"-2.206"},{"game_id":1052,"team_name":"POR","player_id":"{\"mccolcj01\"}","player_name":"{\"CJ McCollum\"}","ts_pct":"0.574","efg_pct":"0.546","three_par":"0.387","ftr":"0.218","orb_pct":"1.325","drb_pct":"9.561","trb_pct":"5.446","ast_pct":"19.672","stl_pct":"0.772","blk_pct":"1.293","tov_pct":"5.555","usg_pct":"25.798","ortg":"120.153","drtg":"115.482","bpm":"2.402"},{"game_id":1052,"team_name":"POR","player_id":"{\"covinro01\"}","player_name":"{\"Robert Covington\"}","ts_pct":"0.550","efg_pct":"0.547","three_par":"0.790","ftr":"0.075","orb_pct":"3.080","drb_pct":"18.712","trb_pct":"10.873","ast_pct":"4.921","stl_pct":"1.971","blk_pct":"3.308","tov_pct":"2.018","usg_pct":"8.691","ortg":"124.553","drtg":"108.318","bpm":"-0.071"},{"game_id":1052,"team_name":"POR","player_id":"{\"nurkiju01\"}","player_name":"{\"Jusuf Nurkić\"}","ts_pct":"0.553","efg_pct":"0.531","three_par":"0.045","ftr":"0.308","orb_pct":"12.669","drb_pct":"29.596","trb_pct":"21.155","ast_pct":"22.607","stl_pct":"2.159","blk_pct":"5.259","tov_pct":"10.424","usg_pct":"24.411","ortg":"120.106","drtg":"103.835","bpm":"5.901"},{"game_id":1052,"team_name":"POR","player_id":"{\"anthoca01\"}","player_name":"{\"Carmelo Anthony\"}","ts_pct":"0.686","efg_pct":"0.663","three_par":"0.486","ftr":"0.147","orb_pct":"1.146","drb_pct":"9.813","trb_pct":"5.607","ast_pct":"6.389","stl_pct":"1.092","blk_pct":"0.531","tov_pct":"3.204","usg_pct":"19.593","ortg":"133.824","drtg":"115.118","bpm":"3.808"},{"game_id":1052,"team_name":"POR","player_id":"benchPOR","player_name":"Bench of POR","ts_pct":"0.512","efg_pct":"0.473","three_par":"0.402","ftr":"0.216","orb_pct":"8.928","drb_pct":"22.104","trb_pct":"15.394","ast_pct":"7.045","stl_pct":"0.842","blk_pct":"1.431","tov_pct":"7.614","usg_pct":"15.596","ortg":"112.667","drtg":"112.113","bpm":"-2.899"}]