[{"game_id":1085,"team_name":"WAS","player_id":"{\"mathega01\"}","player_name":"{\"Garrison Mathews\"}","fg":"0.988","fga":"2.600","fg_pct":"0.380","three_p":"0.929","three_pa":"2.459","three_p_pct":"0.378","ft":"1.141","fta":"1.424","ft_pct":"0.801","orb":"0.000","drb":"0.847","trb":"0.847","ast":"0.071","stl":"0.118","blk":"0.141","tov":"0.094","pf":"1.271","pts":"4.047"},{"game_id":1085,"team_name":"WAS","player_id":"{\"gillan01\"}","player_name":"{\"Anthony Gill\"}","fg":"2.188","fga":"3.871","fg_pct":"0.565","three_p":"0.412","three_pa":"1.047","three_p_pct":"0.394","ft":"1.129","fta":"1.306","ft_pct":"0.864","orb":"0.612","drb":"1.541","trb":"2.153","ast":"0.635","stl":"0.588","blk":"0.212","tov":"0.400","pf":"1.553","pts":"5.918"},{"game_id":1085,"team_name":"WAS","player_id":"{\"lopezro01\"}","player_name":"{\"Robin Lopez\"}","fg":"5.024","fga":"8.212","fg_pct":"0.612","three_p":"0.000","three_pa":"0.000","three_p_pct":"NaN","ft":"1.247","fta":"1.624","ft_pct":"0.768","orb":"2.035","drb":"1.553","trb":"3.588","ast":"0.329","stl":"0.141","blk":"0.718","tov":"1.000","pf":"1.565","pts":"11.294"},{"game_id":1085,"team_name":"WAS","player_id":"{\"winstca01\"}","player_name":"{\"Cassius Winston\"}","fg":"0.412","fga":"1.024","fg_pct":"0.402","three_p":"0.094","three_pa":"0.329","three_p_pct":"0.286","ft":"0.059","fta":"0.118","ft_pct":"0.500","orb":"0.153","drb":"0.118","trb":"0.271","ast":"0.365","stl":"0.000","blk":"0.000","tov":"0.459","pf":"0.059","pts":"0.976"},{"game_id":1085,"team_name":"WAS","player_id":"{\"bongais01\"}","player_name":"{\"Isaac Bonga\"}","fg":"0.553","fga":"1.753","fg_pct":"0.315","three_p":"0.188","three_pa":"0.988","three_p_pct":"0.190","ft":"0.212","fta":"0.212","ft_pct":"1.000","orb":"0.118","drb":"0.553","trb":"0.671","ast":"0.400","stl":"0.294","blk":"0.224","tov":"0.624","pf":"1.235","pts":"1.506"},{"game_id":1085,"team_name":"WAS","player_id":"{\"westbru01\"}","player_name":"{\"Russell Westbrook\"}","fg":"8.529","fga":"20.129","fg_pct":"0.424","three_p":"1.706","three_pa":"5.765","three_p_pct":"0.296","ft":"6.247","fta":"7.729","ft_pct":"0.808","orb":"2.094","drb":"11.424","trb":"13.518","ast":"14.212","stl":"1.882","blk":"0.624","tov":"3.776","pf":"3.812","pts":"25.012"},{"game_id":1085,"team_name":"WAS","player_id":"benchWAS","player_name":"Bench of WAS","fg":"5.132","fga":"10.478","fg_pct":"0.490","three_p":"0.900","three_pa":"2.591","three_p_pct":"0.347","ft":"2.133","fta":"2.555","ft_pct":"0.835","orb":"0.935","drb":"3.038","trb":"3.972","ast":"1.808","stl":"0.648","blk":"0.551","tov":"1.069","pf":"2.133","pts":"13.296"},{"game_id":1085,"team_name":"IND","player_id":"{\"stanlca01\"}","player_name":"{\"Cassius Stanley\"}","fg":"0.988","fga":"2.882","fg_pct":"0.343","three_p":"0.212","three_pa":"0.882","three_p_pct":"0.240","ft":"0.247","fta":"0.353","ft_pct":"0.700","orb":"0.541","drb":"0.541","trb":"1.082","ast":"0.071","stl":"0.259","blk":"0.000","tov":"0.153","pf":"0.776","pts":"2.435"},{"game_id":1085,"team_name":"IND","player_id":"{\"brimaam01\"}","player_name":"{\"Amida Brimah\"}","fg":"0.810","fga":"1.286","fg_pct":"0.630","three_p":"0.000","three_pa":"0.000","three_p_pct":"NaN","ft":"0.460","fta":"0.460","ft_pct":"1.000","orb":"0.365","drb":"0.952","trb":"1.317","ast":"0.175","stl":"0.000","blk":"0.762","tov":"0.714","pf":"0.873","pts":"2.079"},{"game_id":1085,"team_name":"IND","player_id":"{\"sabondo01\"}","player_name":"{\"Domantas Sabonis\"}","fg":"8.988","fga":"15.612","fg_pct":"0.576","three_p":"0.882","three_pa":"2.447","three_p_pct":"0.360","ft":"1.812","fta":"2.435","ft_pct":"0.744","orb":"1.753","drb":"12.953","trb":"14.706","ast":"10.329","stl":"1.647","blk":"0.576","tov":"3.894","pf":"2.753","pts":"20.671"},{"game_id":1085,"team_name":"IND","player_id":"{\"brissos01\"}","player_name":"{\"Oshae Brissett\"}","fg":"4.965","fga":"9.424","fg_pct":"0.527","three_p":"2.000","three_pa":"4.659","three_p_pct":"0.429","ft":"2.447","fta":"3.153","ft_pct":"0.776","orb":"1.153","drb":"4.000","trb":"5.153","ast":"1.318","stl":"1.012","blk":"0.294","tov":"0.365","pf":"1.635","pts":"14.376"},{"game_id":1085,"team_name":"IND","player_id":"{\"brogdma01\"}","player_name":"{\"Malcolm Brogdon\"}","fg":"6.659","fga":"15.365","fg_pct":"0.433","three_p":"2.094","three_pa":"6.118","three_p_pct":"0.342","ft":"3.365","fta":"3.800","ft_pct":"0.886","orb":"1.012","drb":"4.941","trb":"5.953","ast":"5.800","stl":"0.176","blk":"0.459","tov":"2.071","pf":"1.729","pts":"18.776"},{"game_id":1085,"team_name":"IND","player_id":"{\"holidju01\"}","player_name":"{\"Justin Holiday\"}","fg":"4.224","fga":"8.541","fg_pct":"0.495","three_p":"2.812","three_pa":"6.141","three_p_pct":"0.458","ft":"1.129","fta":"1.576","ft_pct":"0.716","orb":"0.341","drb":"2.918","trb":"3.259","ast":"2.082","stl":"0.082","blk":"0.941","tov":"0.835","pf":"2.024","pts":"12.388"},{"game_id":1085,"team_name":"IND","player_id":"benchIND","player_name":"Bench of IND","fg":"4.496","fga":"8.902","fg_pct":"0.505","three_p":"1.199","three_pa":"3.022","three_p_pct":"0.397","ft":"1.303","fta":"1.592","ft_pct":"0.818","orb":"0.940","drb":"2.647","trb":"3.587","ast":"2.464","stl":"0.831","blk":"0.625","tov":"1.159","pf":"2.067","pts":"11.495"}]