[{"game_id":1135,"team_name":"UTA","player_id":"{\"onimi01\"}","player_name":"{\"Miye Oni\"}","fg":"0.306","fga":"1.047","fg_pct":"0.292","three_p":"0.306","three_pa":"0.976","three_p_pct":"0.314","ft":"0.000","fta":"0.000","ft_pct":"NaN","orb":"0.282","drb":"0.329","trb":"0.612","ast":"0.471","stl":"0.341","blk":"0.000","tov":"0.047","pf":"0.894","pts":"0.918"},{"game_id":1135,"team_name":"UTA","player_id":"{\"bogdabo02\"}","player_name":"{\"Bojan Bogdanović\"}","fg":"6.153","fga":"13.518","fg_pct":"0.455","three_p":"2.318","three_pa":"5.718","three_p_pct":"0.405","ft":"3.824","fta":"4.259","ft_pct":"0.898","orb":"0.659","drb":"4.106","trb":"4.765","ast":"1.976","stl":"0.965","blk":"0.000","tov":"2.588","pf":"1.388","pts":"18.447"},{"game_id":1135,"team_name":"UTA","player_id":"{\"mitchdo01\"}","player_name":"{\"Donovan Mitchell\"}","fg":"9.894","fga":"21.800","fg_pct":"0.454","three_p":"3.376","three_pa":"9.059","three_p_pct":"0.373","ft":"7.282","fta":"8.271","ft_pct":"0.880","orb":"0.459","drb":"3.165","trb":"3.624","ast":"4.953","stl":"0.988","blk":"0.318","tov":"2.706","pf":"2.094","pts":"30.447"},{"game_id":1135,"team_name":"UTA","player_id":"{\"onealro01\"}","player_name":"{\"Royce O'Neale\"}","fg":"3.647","fga":"7.494","fg_pct":"0.487","three_p":"2.588","three_pa":"5.365","three_p_pct":"0.482","ft":"0.188","fta":"0.282","ft_pct":"0.667","orb":"1.353","drb":"5.071","trb":"6.424","ast":"2.082","stl":"1.353","blk":"0.329","tov":"0.706","pf":"2.918","pts":"10.071"},{"game_id":1135,"team_name":"UTA","player_id":"{\"goberru01\"}","player_name":"{\"Rudy Gobert\"}","fg":"6.541","fga":"8.847","fg_pct":"0.739","three_p":"0.000","three_pa":"0.094","three_p_pct":"0.000","ft":"3.212","fta":"5.518","ft_pct":"0.582","orb":"4.235","drb":"10.059","trb":"14.294","ast":"1.224","stl":"0.200","blk":"2.612","tov":"1.435","pf":"3.271","pts":"16.294"},{"game_id":1135,"team_name":"UTA","player_id":"{\"inglejo01\"}","player_name":"{\"Joe Ingles\"}","fg":"2.294","fga":"6.294","fg_pct":"0.364","three_p":"1.435","three_pa":"4.753","three_p_pct":"0.302","ft":"0.753","fta":"0.824","ft_pct":"0.914","orb":"0.000","drb":"3.176","trb":"3.176","ast":"3.847","stl":"0.565","blk":"0.000","tov":"1.329","pf":"1.400","pts":"6.776"},{"game_id":1135,"team_name":"UTA","player_id":"benchUTA","player_name":"Bench of UTA","fg":"4.434","fga":"9.190","fg_pct":"0.482","three_p":"1.645","three_pa":"4.747","three_p_pct":"0.347","ft":"1.914","fta":"2.061","ft_pct":"0.929","orb":"0.867","drb":"2.893","trb":"3.761","ast":"1.005","stl":"0.442","blk":"0.505","tov":"1.185","pf":"1.668","pts":"12.428"},{"game_id":1135,"team_name":"LAC","player_id":"{\"mannte01\"}","player_name":"{\"Terance Mann\"}","fg":"2.294","fga":"3.824","fg_pct":"0.600","three_p":"0.424","three_pa":"0.765","three_p_pct":"0.554","ft":"1.188","fta":"1.635","ft_pct":"0.727","orb":"0.659","drb":"2.082","trb":"2.741","ast":"0.588","stl":"0.329","blk":"0.471","tov":"0.141","pf":"1.506","pts":"6.200"},{"game_id":1135,"team_name":"LAC","player_id":"{\"beverpa01\"}","player_name":"{\"Patrick Beverley\"}","fg":"1.471","fga":"3.624","fg_pct":"0.406","three_p":"0.435","three_pa":"1.812","three_p_pct":"0.240","ft":"0.329","fta":"0.424","ft_pct":"0.776","orb":"0.141","drb":"0.824","trb":"0.965","ast":"0.953","stl":"0.247","blk":"0.529","tov":"0.435","pf":"1.176","pts":"3.706"},{"game_id":1135,"team_name":"LAC","player_id":"{\"georgpa01\"}","player_name":"{\"Paul George\"}","fg":"7.341","fga":"16.859","fg_pct":"0.435","three_p":"2.365","three_pa":"7.647","three_p_pct":"0.309","ft":"5.271","fta":"6.094","ft_pct":"0.865","orb":"0.941","drb":"7.847","trb":"8.788","ast":"5.753","stl":"0.871","blk":"0.871","tov":"3.388","pf":"3.282","pts":"22.318"},{"game_id":1135,"team_name":"LAC","player_id":"{\"couside01\"}","player_name":"{\"DeMarcus Cousins\"}","fg":"3.647","fga":"6.259","fg_pct":"0.583","three_p":"0.471","three_pa":"1.106","three_p_pct":"0.426","ft":"0.906","fta":"1.106","ft_pct":"0.819","orb":"1.341","drb":"3.294","trb":"4.635","ast":"0.824","stl":"1.271","blk":"0.529","tov":"1.247","pf":"2.259","pts":"8.671"},{"game_id":1135,"team_name":"LAC","player_id":"{\"leonaka01\"}","player_name":"{\"Kawhi Leonard\"}","fg":"10.835","fga":"18.082","fg_pct":"0.599","three_p":"2.329","three_pa":"5.435","three_p_pct":"0.429","ft":"6.118","fta":"6.694","ft_pct":"0.914","orb":"1.482","drb":"5.765","trb":"7.247","ast":"4.976","stl":"2.118","blk":"0.859","tov":"2.388","pf":"2.388","pts":"30.118"},{"game_id":1135,"team_name":"LAC","player_id":"{\"morrima03\"}","player_name":"{\"Marcus Morris\"}","fg":"4.188","fga":"9.682","fg_pct":"0.433","three_p":"2.553","three_pa":"5.188","three_p_pct":"0.492","ft":"1.082","fta":"1.341","ft_pct":"0.807","orb":"0.729","drb":"3.247","trb":"3.976","ast":"1.365","stl":"0.553","blk":"0.341","tov":"0.459","pf":"3.141","pts":"12.012"},{"game_id":1135,"team_name":"LAC","player_id":"benchLAC","player_name":"Bench of LAC","fg":"2.687","fga":"6.006","fg_pct":"0.447","three_p":"1.242","three_pa":"3.481","three_p_pct":"0.357","ft":"0.952","fta":"1.189","ft_pct":"0.801","orb":"0.712","drb":"2.515","trb":"3.227","ast":"2.122","stl":"0.573","blk":"0.251","tov":"0.836","pf":"1.498","pts":"7.568"}]