[{"game_id":1006,"team_name":"PHI","player_id":"teamPHI","player_name":"Team name: PHI","fg":"43.086","fga":"87.891","fg_pct":"0.490","three_p":"12.526","three_pa":"30.943","three_p_pct":"0.405","ft":"17.760","fta":"23.263","ft_pct":"0.763","orb":"11.080","drb":"34.103","trb":"45.183","ast":"24.931","stl":"9.869","blk":"6.469","tov":"12.714","pf":"18.377","pts":"116.457"},{"game_id":1006,"team_name":"DET","player_id":"teamDET","player_name":"Team name: DET","fg":"39.514","fga":"84.691","fg_pct":"0.467","three_p":"10.417","three_pa":"30.446","three_p_pct":"0.342","ft":"15.131","fta":"21.320","ft_pct":"0.710","orb":"9.034","drb":"35.417","trb":"44.451","ast":"23.943","stl":"5.851","blk":"5.223","tov":"13.903","pf":"20.337","pts":"104.577"}]