[{"game_id":1101,"team_name":"NYK","player_id":"{\"paytoel01\"}","player_name":"{\"Elfrid Payton\"}","fg":"1.082","fga":"4.494","fg_pct":"0.241","three_p":"0.047","three_pa":"0.412","three_p_pct":"0.114","ft":"0.200","fta":"0.353","ft_pct":"0.567","orb":"0.094","drb":"2.024","trb":"2.118","ast":"1.729","stl":"0.388","blk":"0.000","tov":"0.953","pf":"1.824","pts":"2.412"},{"game_id":1101,"team_name":"NYK","player_id":"{\"rosede01\"}","player_name":"{\"Derrick Rose\"}","fg":"7.259","fga":"13.635","fg_pct":"0.532","three_p":"1.318","three_pa":"2.882","three_p_pct":"0.457","ft":"1.729","fta":"1.729","ft_pct":"1.000","orb":"0.588","drb":"3.435","trb":"4.024","ast":"4.459","stl":"0.788","blk":"0.318","tov":"2.329","pf":"0.859","pts":"17.565"},{"game_id":1101,"team_name":"NYK","player_id":"{\"randlju01\"}","player_name":"{\"Julius Randle\"}","fg":"7.976","fga":"20.929","fg_pct":"0.381","three_p":"2.212","three_pa":"6.388","three_p_pct":"0.346","ft":"4.835","fta":"5.965","ft_pct":"0.811","orb":"0.729","drb":"8.765","trb":"9.494","ast":"6.659","stl":"0.494","blk":"0.212","tov":"3.388","pf":"3.153","pts":"23.000"},{"game_id":1101,"team_name":"NYK","player_id":"{\"bullore01\"}","player_name":"{\"Reggie Bullock\"}","fg":"4.353","fga":"10.212","fg_pct":"0.426","three_p":"2.659","three_pa":"7.306","three_p_pct":"0.364","ft":"1.000","fta":"1.000","ft_pct":"1.000","orb":"0.412","drb":"3.447","trb":"3.859","ast":"1.518","stl":"0.859","blk":"0.235","tov":"0.529","pf":"1.953","pts":"12.365"},{"game_id":1101,"team_name":"NYK","player_id":"{\"gibsota01\"}","player_name":"{\"Taj Gibson\"}","fg":"2.400","fga":"3.635","fg_pct":"0.660","three_p":"0.000","three_pa":"0.059","three_p_pct":"0.000","ft":"1.035","fta":"1.118","ft_pct":"0.926","orb":"2.482","drb":"3.741","trb":"6.224","ast":"1.282","stl":"0.447","blk":"1.482","tov":"0.141","pf":"2.071","pts":"5.835"},{"game_id":1101,"team_name":"NYK","player_id":"{\"burksal01\"}","player_name":"{\"Alec Burks\"}","fg":"5.541","fga":"11.282","fg_pct":"0.491","three_p":"2.635","three_pa":"5.647","three_p_pct":"0.467","ft":"2.235","fta":"2.788","ft_pct":"0.802","orb":"0.424","drb":"4.906","trb":"5.329","ast":"2.329","stl":"0.224","blk":"0.294","tov":"1.024","pf":"2.188","pts":"15.953"},{"game_id":1101,"team_name":"NYK","player_id":"benchNYK","player_name":"Bench of NYK","fg":"3.280","fga":"7.364","fg_pct":"0.445","three_p":"1.208","three_pa":"2.879","three_p_pct":"0.420","ft":"1.376","fta":"1.706","ft_pct":"0.807","orb":"0.773","drb":"3.281","trb":"4.054","ast":"1.315","stl":"0.664","blk":"0.816","tov":"0.709","pf":"2.041","pts":"9.144"},{"game_id":1101,"team_name":"ATL","player_id":"{\"okongon01\"}","player_name":"{\"Onyeka Okongwu\"}","fg":"3.247","fga":"4.541","fg_pct":"0.715","three_p":"0.000","three_pa":"0.047","three_p_pct":"0.000","ft":"0.741","fta":"1.271","ft_pct":"0.583","orb":"2.224","drb":"2.471","trb":"4.694","ast":"0.871","stl":"0.529","blk":"0.682","tov":"0.753","pf":"1.659","pts":"7.235"},{"game_id":1101,"team_name":"ATL","player_id":"{\"capelca01\"}","player_name":"{\"Clint Capela\"}","fg":"5.471","fga":"9.106","fg_pct":"0.601","three_p":"0.000","three_pa":"0.000","three_p_pct":"NaN","ft":"1.929","fta":"3.553","ft_pct":"0.543","orb":"3.976","drb":"8.753","trb":"12.729","ast":"0.341","stl":"0.529","blk":"1.624","tov":"1.000","pf":"2.024","pts":"12.871"},{"game_id":1101,"team_name":"ATL","player_id":"{\"bogdabo01\"}","player_name":"{\"Bogdan Bogdanović\"}","fg":"8.188","fga":"15.435","fg_pct":"0.530","three_p":"4.776","three_pa":"9.588","three_p_pct":"0.498","ft":"1.035","fta":"1.082","ft_pct":"0.957","orb":"0.447","drb":"2.871","trb":"3.318","ast":"3.682","stl":"1.941","blk":"0.388","tov":"1.176","pf":"2.624","pts":"22.188"},{"game_id":1101,"team_name":"ATL","player_id":"{\"youngtr01\"}","player_name":"{\"Trae Young\"}","fg":"8.447","fga":"17.494","fg_pct":"0.483","three_p":"1.224","three_pa":"5.200","three_p_pct":"0.235","ft":"7.282","fta":"7.482","ft_pct":"0.973","orb":"0.541","drb":"3.718","trb":"4.259","ast":"9.024","stl":"0.482","blk":"0.094","tov":"3.247","pf":"1.000","pts":"25.400"},{"game_id":1101,"team_name":"ATL","player_id":"{\"huntede01\"}","player_name":"{\"De'Andre Hunter\"}","fg":"3.506","fga":"8.859","fg_pct":"0.396","three_p":"0.529","three_pa":"3.247","three_p_pct":"0.163","ft":"2.212","fta":"2.706","ft_pct":"0.817","orb":"0.271","drb":"2.765","trb":"3.035","ast":"1.259","stl":"0.482","blk":"0.576","tov":"0.871","pf":"1.859","pts":"9.753"},{"game_id":1101,"team_name":"ATL","player_id":"{\"gallida01\"}","player_name":"{\"Danilo Gallinari\"}","fg":"4.094","fga":"9.353","fg_pct":"0.438","three_p":"1.482","three_pa":"4.494","three_p_pct":"0.330","ft":"1.435","fta":"1.718","ft_pct":"0.835","orb":"0.306","drb":"3.929","trb":"4.235","ast":"1.753","stl":"0.929","blk":"0.482","tov":"0.494","pf":"2.424","pts":"11.106"},{"game_id":1101,"team_name":"ATL","player_id":"benchATL","player_name":"Bench of ATL","fg":"3.624","fga":"7.522","fg_pct":"0.482","three_p":"1.251","three_pa":"2.931","three_p_pct":"0.427","ft":"1.071","fta":"1.273","ft_pct":"0.841","orb":"0.447","drb":"3.234","trb":"3.681","ast":"1.838","stl":"0.564","blk":"0.524","tov":"1.042","pf":"1.736","pts":"9.571"}]