[{"game_id":1042,"team_name":"LAL","player_id":"{\"hortota01\"}","player_name":"{\"Talen Horton-Tucker\"}","fg":"3.541","fga":"6.706","fg_pct":"0.528","three_p":"0.588","three_pa":"1.412","three_p_pct":"0.416","ft":"1.565","fta":"2.176","ft_pct":"0.719","orb":"0.553","drb":"1.671","trb":"2.224","ast":"4.212","stl":"0.976","blk":"0.000","tov":"2.906","pf":"2.212","pts":"9.235"},{"game_id":1042,"team_name":"LAL","player_id":"{\"cacokde01\"}","player_name":"{\"Devontae Cacok\"}","fg":"0.694","fga":"1.259","fg_pct":"0.551","three_p":"0.000","three_pa":"0.000","three_p_pct":"NaN","ft":"0.459","fta":"0.859","ft_pct":"0.534","orb":"0.706","drb":"1.000","trb":"1.706","ast":"0.000","stl":"0.071","blk":"0.235","tov":"0.271","pf":"0.353","pts":"1.847"},{"game_id":1042,"team_name":"LAL","player_id":"{\"kuzmaky01\"}","player_name":"{\"Kyle Kuzma\"}","fg":"5.165","fga":"11.612","fg_pct":"0.445","three_p":"2.553","three_pa":"6.459","three_p_pct":"0.395","ft":"0.965","fta":"0.965","ft_pct":"1.000","orb":"1.059","drb":"3.200","trb":"4.259","ast":"2.000","stl":"0.682","blk":"0.847","tov":"1.235","pf":"2.247","pts":"13.847"},{"game_id":1042,"team_name":"LAL","player_id":"{\"caldwke01\"}","player_name":"{\"Kentavious Caldwell-Pope\"}","fg":"3.141","fga":"8.271","fg_pct":"0.380","three_p":"1.871","three_pa":"5.353","three_p_pct":"0.350","ft":"3.106","fta":"3.447","ft_pct":"0.901","orb":"0.435","drb":"2.847","trb":"3.282","ast":"3.376","stl":"1.353","blk":"0.800","tov":"1.224","pf":"1.847","pts":"11.259"},{"game_id":1042,"team_name":"LAL","player_id":"{\"harremo01\"}","player_name":"{\"Montrezl Harrell\"}","fg":"3.588","fga":"5.412","fg_pct":"0.663","three_p":"0.000","three_pa":"0.000","three_p_pct":"NaN","ft":"2.659","fta":"4.012","ft_pct":"0.663","orb":"1.576","drb":"2.012","trb":"3.588","ast":"0.835","stl":"0.447","blk":"0.624","tov":"0.529","pf":"1.388","pts":"9.835"},{"game_id":1042,"team_name":"LAL","player_id":"{\"mclembe01\"}","player_name":"{\"Ben McLemore\"}","fg":"2.871","fga":"7.918","fg_pct":"0.363","three_p":"2.600","three_pa":"6.624","three_p_pct":"0.393","ft":"0.200","fta":"0.376","ft_pct":"0.532","orb":"0.047","drb":"1.906","trb":"1.953","ast":"0.365","stl":"0.188","blk":"0.412","tov":"0.800","pf":"1.353","pts":"8.541"},{"game_id":1042,"team_name":"LAL","player_id":"benchLAL","player_name":"Bench of LAL","fg":"2.222","fga":"5.290","fg_pct":"0.420","three_p":"0.549","three_pa":"1.903","three_p_pct":"0.288","ft":"0.637","fta":"1.157","ft_pct":"0.551","orb":"1.361","drb":"2.640","trb":"4.000","ast":"0.896","stl":"0.478","blk":"0.308","tov":"0.738","pf":"1.719","pts":"5.630"},{"game_id":1042,"team_name":"HOU","player_id":"{\"thomakh01\"}","player_name":"{\"Khyri Thomas\"}","fg":"3.565","fga":"7.729","fg_pct":"0.461","three_p":"1.588","three_pa":"4.447","three_p_pct":"0.357","ft":"1.459","fta":"1.624","ft_pct":"0.898","orb":"0.659","drb":"1.153","trb":"1.812","ast":"1.588","stl":"1.388","blk":"0.412","tov":"0.694","pf":"1.600","pts":"10.176"},{"game_id":1042,"team_name":"HOU","player_id":"{\"martike04\"}","player_name":"{\"Kenyon Martin Jr.\"}","fg":"6.976","fga":"12.918","fg_pct":"0.540","three_p":"2.247","three_pa":"4.365","three_p_pct":"0.515","ft":"1.624","fta":"2.212","ft_pct":"0.734","orb":"1.847","drb":"5.506","trb":"7.353","ast":"2.624","stl":"0.988","blk":"0.835","tov":"1.024","pf":"2.741","pts":"17.824"},{"game_id":1042,"team_name":"HOU","player_id":"{\"brookar01\"}","player_name":"{\"Armoni Brooks\"}","fg":"4.282","fga":"9.941","fg_pct":"0.431","three_p":"3.565","three_pa":"8.282","three_p_pct":"0.430","ft":"0.435","fta":"0.588","ft_pct":"0.740","orb":"0.271","drb":"2.565","trb":"2.835","ast":"1.965","stl":"0.647","blk":"0.506","tov":"1.341","pf":"1.953","pts":"12.565"},{"game_id":1042,"team_name":"HOU","player_id":"{\"lamban01\"}","player_name":"{\"Anthony Lamb\"}","fg":"2.718","fga":"6.188","fg_pct":"0.439","three_p":"1.647","three_pa":"4.035","three_p_pct":"0.408","ft":"0.894","fta":"1.035","ft_pct":"0.864","orb":"0.882","drb":"1.859","trb":"2.741","ast":"0.929","stl":"0.200","blk":"0.424","tov":"1.094","pf":"1.541","pts":"7.976"},{"game_id":1042,"team_name":"HOU","player_id":"{\"olynyke01\"}","player_name":"{\"Kelly Olynyk\"}","fg":"6.600","fga":"13.024","fg_pct":"0.507","three_p":"1.435","three_pa":"4.200","three_p_pct":"0.342","ft":"6.035","fta":"7.176","ft_pct":"0.841","orb":"2.153","drb":"7.765","trb":"9.918","ast":"5.765","stl":"1.976","blk":"0.741","tov":"2.918","pf":"3.353","pts":"20.671"},{"game_id":1042,"team_name":"HOU","player_id":"{\"augusdj01\"}","player_name":"{\"D.J. Augustin\"}","fg":"3.035","fga":"7.247","fg_pct":"0.419","three_p":"1.894","three_pa":"4.071","three_p_pct":"0.465","ft":"2.659","fta":"3.082","ft_pct":"0.863","orb":"0.224","drb":"1.329","trb":"1.553","ast":"3.247","stl":"0.141","blk":"0.000","tov":"1.459","pf":"1.000","pts":"10.624"},{"game_id":1042,"team_name":"HOU","player_id":"benchHOU","player_name":"Bench of HOU","fg":"5.296","fga":"11.052","fg_pct":"0.479","three_p":"0.890","three_pa":"3.404","three_p_pct":"0.261","ft":"1.083","fta":"1.725","ft_pct":"0.628","orb":"1.343","drb":"3.107","trb":"4.450","ast":"3.536","stl":"1.257","blk":"0.000","tov":"1.211","pf":"3.208","pts":"12.566"}]