[{"game_id":1000,"team_name":"DAL","player_id":"teamDAL","player_name":"Team name: DAL","ts_pct":"0.639","efg_pct":"0.610","three_par":"0.409","ftr":"0.352","orb_pct":"5.505","drb_pct":"16.860","trb_pct":"10.980","ast_pct":"14.086","stl_pct":"1.751","blk_pct":"1.360","tov_pct":"10.857","usg_pct":"21.000","ortg":"130.105","drtg":"125.774","bpm":"-0.841"},{"game_id":1000,"team_name":"CLE","player_id":"teamCLE","player_name":"Team name: CLE","ts_pct":"0.526","efg_pct":"0.502","three_par":"0.444","ftr":"0.265","orb_pct":"4.736","drb_pct":"15.768","trb_pct":"9.985","ast_pct":"16.733","stl_pct":"1.213","blk_pct":"1.348","tov_pct":"14.898","usg_pct":"20.251","ortg":"104.375","drtg":"127.917","bpm":"-4.394"}]