[{"game_id":1024,"team_name":"SAS","player_id":"teamSAS","player_name":"Team name: SAS","ts_pct":"0.571","efg_pct":"0.527","three_par":"0.324","ftr":"0.389","orb_pct":"4.299","drb_pct":"16.336","trb_pct":"10.177","ast_pct":"13.540","stl_pct":"1.808","blk_pct":"1.633","tov_pct":"9.553","usg_pct":"20.689","ortg":"113.483","drtg":"131.573","bpm":"-2.046"},{"game_id":1024,"team_name":"MIL","player_id":"teamMIL","player_name":"Team name: MIL","ts_pct":"0.597","efg_pct":"0.554","three_par":"0.469","ftr":"0.247","orb_pct":"5.424","drb_pct":"15.311","trb_pct":"10.592","ast_pct":"14.202","stl_pct":"2.045","blk_pct":"1.798","tov_pct":"14.860","usg_pct":"20.313","ortg":"115.327","drtg":"118.615","bpm":"-0.027"}]