[{"game_id":1067,"team_name":"TOR","player_id":"teamTOR","player_name":"Team name: TOR","ts_pct":"0.482","efg_pct":"0.453","three_par":"0.350","ftr":"0.244","orb_pct":"3.928","drb_pct":"14.264","trb_pct":"8.676","ast_pct":"12.485","stl_pct":"2.117","blk_pct":"1.529","tov_pct":"10.602","usg_pct":"18.030","ortg":"98.850","drtg":"109.066","bpm":"-2.167"},{"game_id":1067,"team_name":"IND","player_id":"teamIND","player_name":"Team name: IND","ts_pct":"0.552","efg_pct":"0.523","three_par":"0.353","ftr":"0.216","orb_pct":"4.175","drb_pct":"13.514","trb_pct":"9.073","ast_pct":"13.789","stl_pct":"1.395","blk_pct":"2.177","tov_pct":"10.458","usg_pct":"19.113","ortg":"108.187","drtg":"113.046","bpm":"-2.320"}]