[{"game_id":1077,"team_name":"NOP","player_id":"{\"nunnaja01\"}","player_name":"{\"James Nunnally\"}","fg":"0.659","fga":"2.035","fg_pct":"0.324","three_p":"0.576","three_pa":"1.906","three_p_pct":"0.302","ft":"0.118","fta":"0.235","ft_pct":"0.502","orb":"0.212","drb":"0.682","trb":"0.894","ast":"0.494","stl":"0.000","blk":"0.000","tov":"0.094","pf":"0.424","pts":"2.012"},{"game_id":1077,"team_name":"NOP","player_id":"{\"alexani01\"}","player_name":"{\"Nickeil Alexander-Walker\"}","fg":"6.718","fga":"15.600","fg_pct":"0.431","three_p":"2.518","three_pa":"6.435","three_p_pct":"0.391","ft":"1.576","fta":"2.718","ft_pct":"0.580","orb":"0.318","drb":"3.659","trb":"3.976","ast":"3.200","stl":"1.329","blk":"0.682","tov":"1.988","pf":"2.694","pts":"17.529"},{"game_id":1077,"team_name":"NOP","player_id":"{\"marshna01\"}","player_name":"{\"Naji Marshall\"}","fg":"4.400","fga":"10.412","fg_pct":"0.423","three_p":"0.871","three_pa":"3.306","three_p_pct":"0.263","ft":"1.741","fta":"2.165","ft_pct":"0.804","orb":"1.118","drb":"5.871","trb":"6.988","ast":"2.588","stl":"0.988","blk":"0.353","tov":"1.506","pf":"2.212","pts":"11.412"},{"game_id":1077,"team_name":"NOP","player_id":"{\"hernawi01\"}","player_name":"{\"Willy Hernangómez\"}","fg":"4.435","fga":"8.129","fg_pct":"0.546","three_p":"0.000","three_pa":"0.071","three_p_pct":"0.000","ft":"2.341","fta":"3.365","ft_pct":"0.696","orb":"3.059","drb":"6.718","trb":"9.776","ast":"1.906","stl":"0.953","blk":"0.329","tov":"1.282","pf":"2.118","pts":"11.212"},{"game_id":1077,"team_name":"NOP","player_id":"{\"lewiski01\"}","player_name":"{\"Kira Lewis Jr.\"}","fg":"2.000","fga":"6.518","fg_pct":"0.307","three_p":"0.435","three_pa":"1.965","three_p_pct":"0.221","ft":"1.776","fta":"1.918","ft_pct":"0.926","orb":"0.353","drb":"1.588","trb":"1.941","ast":"1.953","stl":"0.529","blk":"0.047","tov":"0.518","pf":"2.424","pts":"6.212"},{"game_id":1077,"team_name":"NOP","player_id":"{\"johnsja01\"}","player_name":"{\"James Johnson\"}","fg":"3.659","fga":"7.494","fg_pct":"0.488","three_p":"0.647","three_pa":"2.118","three_p_pct":"0.305","ft":"1.306","fta":"2.247","ft_pct":"0.581","orb":"0.871","drb":"3.576","trb":"4.447","ast":"1.788","stl":"0.765","blk":"0.424","tov":"0.929","pf":"2.188","pts":"9.271"},{"game_id":1077,"team_name":"NOP","player_id":"benchNOP","player_name":"Bench of NOP","fg":"3.716","fga":"8.155","fg_pct":"0.456","three_p":"0.963","three_pa":"2.944","three_p_pct":"0.327","ft":"1.614","fta":"2.490","ft_pct":"0.648","orb":"1.289","drb":"2.419","trb":"3.708","ast":"1.902","stl":"0.813","blk":"0.654","tov":"0.899","pf":"1.753","pts":"10.009"},{"game_id":1077,"team_name":"LAL","player_id":"{\"dudleja01\"}","player_name":"{\"Jared Dudley\"}","fg":"0.165","fga":"0.824","fg_pct":"0.200","three_p":"0.165","three_pa":"0.553","three_p_pct":"0.298","ft":"0.000","fta":"0.000","ft_pct":"NaN","orb":"0.365","drb":"1.553","trb":"1.918","ast":"0.600","stl":"0.153","blk":"0.141","tov":"0.247","pf":"0.918","pts":"0.494"},{"game_id":1077,"team_name":"LAL","player_id":"{\"davisan02\"}","player_name":"{\"Anthony Davis\"}","fg":"8.671","fga":"19.482","fg_pct":"0.445","three_p":"0.847","three_pa":"3.059","three_p_pct":"0.277","ft":"6.282","fta":"7.765","ft_pct":"0.809","orb":"1.400","drb":"6.894","trb":"8.294","ast":"3.706","stl":"1.259","blk":"1.435","tov":"2.435","pf":"1.565","pts":"24.471"},{"game_id":1077,"team_name":"LAL","player_id":"{\"schrode01\"}","player_name":"{\"Dennis Schröder\"}","fg":"6.259","fga":"13.976","fg_pct":"0.448","three_p":"1.388","three_pa":"4.612","three_p_pct":"0.301","ft":"1.929","fta":"2.165","ft_pct":"0.891","orb":"0.600","drb":"2.765","trb":"3.365","ast":"7.906","stl":"0.835","blk":"0.141","tov":"2.259","pf":"2.424","pts":"15.835"},{"game_id":1077,"team_name":"LAL","player_id":"{\"caldwke01\"}","player_name":"{\"Kentavious Caldwell-Pope\"}","fg":"3.318","fga":"7.459","fg_pct":"0.445","three_p":"1.788","three_pa":"4.600","three_p_pct":"0.389","ft":"2.447","fta":"2.718","ft_pct":"0.900","orb":"0.506","drb":"2.459","trb":"2.965","ast":"3.012","stl":"1.376","blk":"0.776","tov":"1.129","pf":"2.082","pts":"10.871"},{"game_id":1077,"team_name":"LAL","player_id":"{\"jamesle01\"}","player_name":"{\"LeBron James\"}","fg":"8.176","fga":"14.894","fg_pct":"0.549","three_p":"2.035","three_pa":"5.129","three_p_pct":"0.397","ft":"3.694","fta":"5.153","ft_pct":"0.717","orb":"0.965","drb":"5.835","trb":"6.800","ast":"7.365","stl":"0.647","blk":"0.482","tov":"3.753","pf":"1.612","pts":"22.082"},{"game_id":1077,"team_name":"LAL","player_id":"{\"gasolma01\"}","player_name":"{\"Marc Gasol\"}","fg":"1.600","fga":"2.318","fg_pct":"0.690","three_p":"1.059","three_pa":"1.529","three_p_pct":"0.693","ft":"0.329","fta":"0.753","ft_pct":"0.437","orb":"0.671","drb":"3.518","trb":"4.188","ast":"2.106","stl":"0.318","blk":"0.506","tov":"0.388","pf":"1.976","pts":"4.588"},{"game_id":1077,"team_name":"LAL","player_id":"benchLAL","player_name":"Bench of LAL","fg":"3.671","fga":"7.607","fg_pct":"0.483","three_p":"1.091","three_pa":"2.833","three_p_pct":"0.385","ft":"1.226","fta":"1.964","ft_pct":"0.624","orb":"1.141","drb":"2.967","trb":"4.108","ast":"2.238","stl":"0.596","blk":"0.425","tov":"1.399","pf":"2.043","pts":"9.659"}]