[{"game_id":1156,"team_name":"MIL","player_id":"{\"teaguje01\"}","player_name":"{\"Jeff Teague\"}","fg":"1.435","fga":"3.776","fg_pct":"0.380","three_p":"0.682","three_pa":"1.188","three_p_pct":"0.574","ft":"1.435","fta":"1.694","ft_pct":"0.847","orb":"0.129","drb":"0.882","trb":"1.012","ast":"1.565","stl":"0.506","blk":"0.176","tov":"0.906","pf":"0.341","pts":"4.988"},{"game_id":1156,"team_name":"MIL","player_id":"{\"holidjr01\"}","player_name":"{\"Jrue Holiday\"}","fg":"6.000","fga":"16.424","fg_pct":"0.365","three_p":"1.600","three_pa":"6.271","three_p_pct":"0.255","ft":"1.447","fta":"1.894","ft_pct":"0.764","orb":"1.529","drb":"3.882","trb":"5.412","ast":"7.376","stl":"1.176","blk":"0.000","tov":"1.776","pf":"2.624","pts":"15.047"},{"game_id":1156,"team_name":"MIL","player_id":"{\"antetgi01\"}","player_name":"{\"Giannis Antetokounmpo\"}","fg":"12.482","fga":"22.129","fg_pct":"0.564","three_p":"1.000","three_pa":"4.294","three_p_pct":"0.233","ft":"4.647","fta":"8.659","ft_pct":"0.537","orb":"1.835","drb":"11.400","trb":"13.235","ast":"4.612","stl":"0.329","blk":"0.976","tov":"3.624","pf":"2.976","pts":"30.612"},{"game_id":1156,"team_name":"MIL","player_id":"{\"middlkh01\"}","player_name":"{\"Khris Middleton\"}","fg":"8.365","fga":"19.576","fg_pct":"0.427","three_p":"2.812","three_pa":"7.329","three_p_pct":"0.384","ft":"4.694","fta":"5.271","ft_pct":"0.891","orb":"1.341","drb":"7.059","trb":"8.400","ast":"4.388","stl":"1.929","blk":"0.365","tov":"3.353","pf":"2.271","pts":"24.235"},{"game_id":1156,"team_name":"MIL","player_id":"{\"tuckepj01\"}","player_name":"{\"P.J. Tucker\"}","fg":"1.906","fga":"5.259","fg_pct":"0.362","three_p":"1.141","three_pa":"3.529","three_p_pct":"0.323","ft":"0.165","fta":"0.165","ft_pct":"1.000","orb":"2.329","drb":"2.082","trb":"4.412","ast":"0.729","stl":"1.200","blk":"0.447","tov":"0.435","pf":"4.165","pts":"5.118"},{"game_id":1156,"team_name":"MIL","player_id":"{\"connapa01\"}","player_name":"{\"Pat Connaughton\"}","fg":"1.882","fga":"4.565","fg_pct":"0.412","three_p":"1.235","three_pa":"3.729","three_p_pct":"0.331","ft":"0.447","fta":"0.447","ft_pct":"1.000","orb":"0.765","drb":"2.835","trb":"3.600","ast":"0.776","stl":"0.553","blk":"0.447","tov":"0.294","pf":"0.918","pts":"5.447"},{"game_id":1156,"team_name":"MIL","player_id":"benchMIL","player_name":"Bench of MIL","fg":"3.448","fga":"6.988","fg_pct":"0.493","three_p":"1.225","three_pa":"3.209","three_p_pct":"0.382","ft":"0.655","fta":"0.836","ft_pct":"0.783","orb":"1.270","drb":"3.172","trb":"4.442","ast":"0.483","stl":"0.396","blk":"0.992","tov":"0.680","pf":"1.356","pts":"8.777"},{"game_id":1156,"team_name":"ATL","player_id":"{\"youngtr01\"}","player_name":"{\"Trae Young\"}","fg":"8.871","fga":"23.094","fg_pct":"0.384","three_p":"2.906","three_pa":"9.247","three_p_pct":"0.314","ft":"8.294","fta":"9.765","ft_pct":"0.849","orb":"0.412","drb":"2.188","trb":"2.600","ast":"10.776","stl":"1.600","blk":"0.000","tov":"3.494","pf":"3.082","pts":"28.941"},{"game_id":1156,"team_name":"ATL","player_id":"{\"capelca01\"}","player_name":"{\"Clint Capela\"}","fg":"5.000","fga":"8.200","fg_pct":"0.610","three_p":"0.000","three_pa":"0.000","three_p_pct":"NaN","ft":"1.035","fta":"2.647","ft_pct":"0.391","orb":"2.871","drb":"7.941","trb":"10.812","ast":"0.929","stl":"0.776","blk":"0.541","tov":"0.929","pf":"3.306","pts":"11.035"},{"game_id":1156,"team_name":"ATL","player_id":"{\"collijo01\"}","player_name":"{\"John Collins\"}","fg":"5.659","fga":"10.365","fg_pct":"0.546","three_p":"1.035","three_pa":"2.776","three_p_pct":"0.373","ft":"2.671","fta":"3.118","ft_pct":"0.857","orb":"2.412","drb":"7.541","trb":"9.953","ast":"0.812","stl":"0.435","blk":"0.788","tov":"1.494","pf":"3.247","pts":"15.024"},{"game_id":1156,"team_name":"ATL","player_id":"{\"huertke01\"}","player_name":"{\"Kevin Huerter\"}","fg":"4.929","fga":"10.482","fg_pct":"0.470","three_p":"1.918","three_pa":"4.965","three_p_pct":"0.386","ft":"1.047","fta":"1.541","ft_pct":"0.679","orb":"0.600","drb":"3.882","trb":"4.482","ast":"2.235","stl":"0.612","blk":"0.576","tov":"1.071","pf":"3.282","pts":"12.824"},{"game_id":1156,"team_name":"ATL","player_id":"{\"bogdabo01\"}","player_name":"{\"Bogdan Bogdanović\"}","fg":"4.859","fga":"13.035","fg_pct":"0.373","three_p":"1.871","three_pa":"6.800","three_p_pct":"0.275","ft":"0.482","fta":"0.988","ft_pct":"0.488","orb":"0.600","drb":"3.718","trb":"4.318","ast":"2.129","stl":"1.306","blk":"0.212","tov":"1.824","pf":"2.635","pts":"12.071"},{"game_id":1156,"team_name":"ATL","player_id":"{\"gallida01\"}","player_name":"{\"Danilo Gallinari\"}","fg":"4.306","fga":"9.494","fg_pct":"0.454","three_p":"2.047","three_pa":"4.576","three_p_pct":"0.447","ft":"3.482","fta":"3.682","ft_pct":"0.946","orb":"0.400","drb":"4.141","trb":"4.541","ast":"0.847","stl":"0.271","blk":"0.059","tov":"0.482","pf":"2.541","pts":"14.141"},{"game_id":1156,"team_name":"ATL","player_id":"benchATL","player_name":"Bench of ATL","fg":"1.236","fga":"3.080","fg_pct":"0.401","three_p":"0.279","three_pa":"0.922","three_p_pct":"0.303","ft":"0.733","fta":"0.929","ft_pct":"0.789","orb":"0.536","drb":"1.525","trb":"2.061","ast":"0.682","stl":"0.474","blk":"0.346","tov":"0.443","pf":"1.457","pts":"3.484"}]