[{"game_id":1229,"team_name":"BOS","player_id":"{\"wanambr01\"}","player_name":"{\"Brad Wanamaker\"}","fg":"1.294","fga":"2.882","fg_pct":"0.449","three_p":"0.106","three_pa":"0.635","three_p_pct":"0.167","ft":"1.012","fta":"1.271","ft_pct":"0.796","orb":"0.141","drb":"1.071","trb":"1.212","ast":"1.294","stl":"0.318","blk":"0.141","tov":"0.435","pf":"0.541","pts":"3.706"},{"game_id":1229,"team_name":"BOS","player_id":"{\"smartma01\"}","player_name":"{\"Marcus Smart\"}","fg":"2.365","fga":"7.494","fg_pct":"0.316","three_p":"1.400","three_pa":"5.565","three_p_pct":"0.252","ft":"1.412","fta":"1.718","ft_pct":"0.822","orb":"1.094","drb":"1.788","trb":"2.882","ast":"3.506","stl":"1.353","blk":"0.388","tov":"1.224","pf":"1.988","pts":"7.541"},{"game_id":1229,"team_name":"BOS","player_id":"{\"tatumja01\"}","player_name":"{\"Jayson Tatum\"}","fg":"5.494","fga":"15.188","fg_pct":"0.362","three_p":"1.718","three_pa":"5.000","three_p_pct":"0.344","ft":"3.765","fta":"4.918","ft_pct":"0.766","orb":"1.341","drb":"7.035","trb":"8.376","ast":"2.129","stl":"1.682","blk":"0.847","tov":"1.894","pf":"2.141","pts":"16.471"},{"game_id":1229,"team_name":"BOS","player_id":"{\"walkeke02\"}","player_name":"{\"Kemba Walker\"}","fg":"9.812","fga":"20.600","fg_pct":"0.476","three_p":"3.412","three_pa":"8.565","three_p_pct":"0.398","ft":"4.765","fta":"5.435","ft_pct":"0.877","orb":"1.282","drb":"3.094","trb":"4.376","ast":"4.612","stl":"0.918","blk":"0.518","tov":"1.718","pf":"1.906","pts":"27.800"},{"game_id":1229,"team_name":"BOS","player_id":"{\"haywago01\"}","player_name":"{\"Gordon Hayward\"}","fg":"3.941","fga":"9.341","fg_pct":"0.422","three_p":"1.212","three_pa":"2.541","three_p_pct":"0.477","ft":"2.400","fta":"2.659","ft_pct":"0.903","orb":"0.741","drb":"3.859","trb":"4.600","ast":"2.471","stl":"0.459","blk":"0.235","tov":"2.094","pf":"2.212","pts":"11.494"},{"game_id":1229,"team_name":"BOS","player_id":"{\"edwarca01\"}","player_name":"{\"Carsen Edwards\"}","fg":"2.040","fga":"8.120","fg_pct":"0.251","three_p":"1.000","three_pa":"4.560","three_p_pct":"0.219","ft":"1.560","fta":"2.080","ft_pct":"0.750","orb":"1.000","drb":"0.000","trb":"1.000","ast":"1.560","stl":"1.040","blk":"0.000","tov":"0.000","pf":"1.040","pts":"6.640"},{"game_id":1229,"team_name":"BOS","player_id":"benchBOS","player_name":"Bench of BOS","fg":"1.056","fga":"2.591","fg_pct":"0.408","three_p":"0.120","three_pa":"0.662","three_p_pct":"0.181","ft":"0.424","fta":"0.885","ft_pct":"0.479","orb":"0.922","drb":"1.263","trb":"2.185","ast":"0.826","stl":"0.386","blk":"0.475","tov":"0.246","pf":"1.230","pts":"2.745"},{"game_id":1229,"team_name":"MIL","player_id":"{\"antetgi01\"}","player_name":"{\"Giannis Antetokounmpo\"}","fg":"8.412","fga":"17.412","fg_pct":"0.483","three_p":"0.929","three_pa":"3.647","three_p_pct":"0.255","ft":"5.188","fta":"9.353","ft_pct":"0.555","orb":"1.988","drb":"10.788","trb":"12.776","ast":"7.000","stl":"1.247","blk":"2.200","tov":"4.071","pf":"4.047","pts":"22.941"},{"game_id":1229,"team_name":"MIL","player_id":"{\"middlkh01\"}","player_name":"{\"Khris Middleton\"}","fg":"5.788","fga":"13.659","fg_pct":"0.424","three_p":"2.635","three_pa":"6.635","three_p_pct":"0.397","ft":"2.188","fta":"2.729","ft_pct":"0.802","orb":"1.094","drb":"5.659","trb":"6.753","ast":"3.624","stl":"0.612","blk":"0.129","tov":"2.176","pf":"3.365","pts":"16.400"},{"game_id":1229,"team_name":"MIL","player_id":"{\"matthwe02\"}","player_name":"{\"Wesley Matthews\"}","fg":"3.659","fga":"8.400","fg_pct":"0.436","three_p":"2.141","three_pa":"5.765","three_p_pct":"0.371","ft":"0.624","fta":"0.671","ft_pct":"0.930","orb":"0.047","drb":"2.376","trb":"2.424","ast":"1.671","stl":"0.976","blk":"0.212","tov":"1.141","pf":"1.459","pts":"10.082"},{"game_id":1229,"team_name":"MIL","player_id":"{\"bledser01\"}","player_name":"{\"Eric Bledsoe\"}","fg":"4.000","fga":"11.718","fg_pct":"0.341","three_p":"0.835","three_pa":"4.129","three_p_pct":"0.202","ft":"2.518","fta":"3.400","ft_pct":"0.741","orb":"0.859","drb":"3.424","trb":"4.282","ast":"4.106","stl":"0.718","blk":"0.000","tov":"1.918","pf":"2.482","pts":"11.353"},{"game_id":1229,"team_name":"MIL","player_id":"{\"lopezbr01\"}","player_name":"{\"Brook Lopez\"}","fg":"4.365","fga":"9.847","fg_pct":"0.443","three_p":"1.647","three_pa":"5.482","three_p_pct":"0.300","ft":"3.200","fta":"3.447","ft_pct":"0.928","orb":"0.741","drb":"4.788","trb":"5.529","ast":"1.541","stl":"0.871","blk":"1.894","tov":"0.765","pf":"2.706","pts":"13.576"},{"game_id":1229,"team_name":"MIL","player_id":"{\"connapa01\"}","player_name":"{\"Pat Connaughton\"}","fg":"2.094","fga":"3.929","fg_pct":"0.533","three_p":"1.282","three_pa":"2.635","three_p_pct":"0.487","ft":"0.224","fta":"0.388","ft_pct":"0.577","orb":"0.294","drb":"3.435","trb":"3.729","ast":"1.671","stl":"0.188","blk":"0.624","tov":"0.141","pf":"1.082","pts":"5.694"},{"game_id":1229,"team_name":"MIL","player_id":"benchMIL","player_name":"Bench of MIL","fg":"3.194","fga":"6.264","fg_pct":"0.510","three_p":"1.117","three_pa":"2.877","three_p_pct":"0.388","ft":"1.056","fta":"1.529","ft_pct":"0.691","orb":"1.031","drb":"2.495","trb":"3.526","ast":"1.495","stl":"0.662","blk":"0.352","tov":"0.632","pf":"1.886","pts":"8.561"}]