[{"game_id":1047,"team_name":"NYK","player_id":"teamNYK","player_name":"Team name: NYK","ts_pct":"0.592","efg_pct":"0.557","three_par":"0.315","ftr":"0.233","orb_pct":"3.931","drb_pct":"19.618","trb_pct":"12.105","ast_pct":"14.341","stl_pct":"1.531","blk_pct":"1.860","tov_pct":"9.723","usg_pct":"20.123","ortg":"119.869","drtg":"124.625","bpm":"-1.051"},{"game_id":1047,"team_name":"SAS","player_id":"teamSAS","player_name":"Team name: SAS","ts_pct":"0.598","efg_pct":"0.547","three_par":"0.320","ftr":"0.311","orb_pct":"5.066","drb_pct":"17.509","trb_pct":"11.094","ast_pct":"13.491","stl_pct":"1.688","blk_pct":"1.655","tov_pct":"11.188","usg_pct":"21.898","ortg":"124.681","drtg":"142.282","bpm":"-1.893"}]