[{"game_id":1045,"team_name":"ATL","player_id":"{\"goodwbr01\"}","player_name":"{\"Brandon Goodwin\"}","ts_pct":"0.425","efg_pct":"0.448","three_par":"0.370","ftr":"0.495","orb_pct":"1.054","drb_pct":"16.029","trb_pct":"9.065","ast_pct":"36.679","stl_pct":"0.212","blk_pct":"0.000","tov_pct":"12.884","usg_pct":"20.562","ortg":"96.765","drtg":"121.071","bpm":"-3.461"},{"game_id":1045,"team_name":"ATL","player_id":"{\"knighna01\"}","player_name":"{\"Nathan Knight\"}","ts_pct":"0.435","efg_pct":"0.248","three_par":"0.445","ftr":"0.820","orb_pct":"8.862","drb_pct":"23.379","trb_pct":"16.239","ast_pct":"5.000","stl_pct":"1.911","blk_pct":"4.824","tov_pct":"3.908","usg_pct":"26.567","ortg":"104.753","drtg":"112.482","bpm":"-4.139"},{"game_id":1045,"team_name":"ATL","player_id":"{\"mayssk01\"}","player_name":"{\"Skylar Mays\"}","ts_pct":"0.629","efg_pct":"0.544","three_par":"0.380","ftr":"0.459","orb_pct":"0.531","drb_pct":"11.246","trb_pct":"5.869","ast_pct":"8.788","stl_pct":"5.671","blk_pct":"0.000","tov_pct":"4.179","usg_pct":"19.501","ortg":"127.118","drtg":"108.953","bpm":"6.780"},{"game_id":1045,"team_name":"ATL","player_id":"{\"fernabr01\"}","player_name":"{\"Bruno Fernando\"}","ts_pct":"0.395","efg_pct":"0.282","three_par":"0.000","ftr":"0.200","orb_pct":"3.864","drb_pct":"5.128","trb_pct":"4.334","ast_pct":"0.000","stl_pct":"0.000","blk_pct":"0.000","tov_pct":"37.941","usg_pct":"16.884","ortg":"66.012","drtg":"124.776","bpm":"-14.665"},{"game_id":1045,"team_name":"ATL","player_id":"{\"huertke01\"}","player_name":"{\"Kevin Huerter\"}","ts_pct":"0.478","efg_pct":"0.473","three_par":"0.556","ftr":"0.084","orb_pct":"1.168","drb_pct":"11.421","trb_pct":"6.765","ast_pct":"16.151","stl_pct":"1.708","blk_pct":"1.029","tov_pct":"10.105","usg_pct":"17.444","ortg":"102.647","drtg":"115.082","bpm":"-2.572"},{"game_id":1045,"team_name":"ATL","player_id":"{\"bogdabo01\"}","player_name":"{\"Bogdan Bogdanović\"}","ts_pct":"0.668","efg_pct":"0.664","three_par":"0.627","ftr":"0.036","orb_pct":"1.124","drb_pct":"9.211","trb_pct":"5.301","ast_pct":"18.038","stl_pct":"2.666","blk_pct":"1.467","tov_pct":"7.559","usg_pct":"22.626","ortg":"130.000","drtg":"113.188","bpm":"7.525"},{"game_id":1045,"team_name":"ATL","player_id":"benchATL","player_name":"Bench of ATL","ts_pct":"0.590","efg_pct":"0.534","three_par":"0.279","ftr":"0.369","orb_pct":"5.964","drb_pct":"17.861","trb_pct":"12.249","ast_pct":"14.933","stl_pct":"1.169","blk_pct":"1.655","tov_pct":"12.126","usg_pct":"20.872","ortg":"116.131","drtg":"116.814","bpm":"0.488"},{"game_id":1045,"team_name":"ORL","player_id":"{\"hamptrj01\"}","player_name":"{\"R.J. Hampton\"}","ts_pct":"0.523","efg_pct":"0.480","three_par":"0.242","ftr":"0.382","orb_pct":"2.604","drb_pct":"16.822","trb_pct":"9.845","ast_pct":"22.924","stl_pct":"0.619","blk_pct":"0.724","tov_pct":"10.332","usg_pct":"22.255","ortg":"107.059","drtg":"118.412","bpm":"-1.738"},{"game_id":1045,"team_name":"ORL","player_id":"{\"cartewe01\"}","player_name":"{\"Wendell Carter Jr.\"}","ts_pct":"0.500","efg_pct":"0.465","three_par":"0.161","ftr":"0.256","orb_pct":"7.191","drb_pct":"26.324","trb_pct":"16.761","ast_pct":"9.473","stl_pct":"0.727","blk_pct":"1.478","tov_pct":"10.567","usg_pct":"18.926","ortg":"102.188","drtg":"110.671","bpm":"-4.139"},{"game_id":1045,"team_name":"ORL","player_id":"{\"brazdig01\"}","player_name":"{\"Ignas Brazdeikis\"}","ts_pct":"0.350","efg_pct":"0.302","three_par":"0.194","ftr":"0.257","orb_pct":"7.535","drb_pct":"16.374","trb_pct":"12.132","ast_pct":"9.631","stl_pct":"0.680","blk_pct":"0.000","tov_pct":"15.112","usg_pct":"16.327","ortg":"75.894","drtg":"117.306","bpm":"-7.300"},{"game_id":1045,"team_name":"ORL","player_id":"{\"thornsi01\"}","player_name":"{\"Sindarius Thornwell\"}","ts_pct":"0.568","efg_pct":"0.568","three_par":"0.460","ftr":"0.000","orb_pct":"0.576","drb_pct":"5.538","trb_pct":"3.012","ast_pct":"9.308","stl_pct":"3.135","blk_pct":"1.887","tov_pct":"20.391","usg_pct":"14.573","ortg":"81.212","drtg":"114.976","bpm":"-7.400"},{"game_id":1045,"team_name":"ORL","player_id":"{\"randlch01\"}","player_name":"{\"Chasson Randle\"}","ts_pct":"0.465","efg_pct":"0.432","three_par":"0.488","ftr":"0.233","orb_pct":"1.512","drb_pct":"9.985","trb_pct":"5.584","ast_pct":"11.575","stl_pct":"1.569","blk_pct":"1.162","tov_pct":"12.291","usg_pct":"18.827","ortg":"92.671","drtg":"117.941","bpm":"-4.848"},{"game_id":1045,"team_name":"ORL","player_id":"{\"anthoco01\"}","player_name":"{\"Cole Anthony\"}","ts_pct":"0.506","efg_pct":"0.467","three_par":"0.307","ftr":"0.230","orb_pct":"1.736","drb_pct":"14.900","trb_pct":"8.271","ast_pct":"18.968","stl_pct":"0.593","blk_pct":"0.660","tov_pct":"18.055","usg_pct":"26.096","ortg":"91.647","drtg":"118.894","bpm":"-6.047"},{"game_id":1045,"team_name":"ORL","player_id":"benchORL","player_name":"Bench of ORL","ts_pct":"0.507","efg_pct":"0.470","three_par":"0.255","ftr":"0.349","orb_pct":"7.350","drb_pct":"14.067","trb_pct":"10.672","ast_pct":"9.852","stl_pct":"1.295","blk_pct":"2.428","tov_pct":"10.182","usg_pct":"18.995","ortg":"111.313","drtg":"115.198","bpm":"-1.853"}]