[{"game_id":1121,"team_name":"PHO","player_id":"teamPHO","player_name":"Team name: PHO","ts_pct":"0.566","efg_pct":"0.528","three_par":"0.416","ftr":"0.208","orb_pct":"3.981","drb_pct":"15.894","trb_pct":"10.122","ast_pct":"15.641","stl_pct":"1.304","blk_pct":"1.489","tov_pct":"10.263","usg_pct":"18.768","ortg":"113.333","drtg":"109.641","bpm":"1.016"},{"game_id":1121,"team_name":"LAL","player_id":"teamLAL","player_name":"Team name: LAL","ts_pct":"0.541","efg_pct":"0.499","three_par":"0.435","ftr":"0.311","orb_pct":"5.290","drb_pct":"16.798","trb_pct":"10.900","ast_pct":"14.146","stl_pct":"1.887","blk_pct":"1.675","tov_pct":"11.594","usg_pct":"20.016","ortg":"108.983","drtg":"114.434","bpm":"-0.741"}]