[{"game_id":1047,"team_name":"NYK","player_id":"{\"ntilila01\"}","player_name":"{\"Frank Ntilikina\"}","fg":"0.659","fga":"1.882","fg_pct":"0.350","three_p":"0.659","three_pa":"1.341","three_p_pct":"0.491","ft":"0.059","fta":"0.353","ft_pct":"0.167","orb":"0.188","drb":"0.565","trb":"0.753","ast":"0.647","stl":"0.306","blk":"0.224","tov":"0.129","pf":"0.894","pts":"2.035"},{"game_id":1047,"team_name":"NYK","player_id":"{\"randlju01\"}","player_name":"{\"Julius Randle\"}","fg":"8.988","fga":"20.082","fg_pct":"0.448","three_p":"2.765","three_pa":"6.506","three_p_pct":"0.425","ft":"4.388","fta":"5.118","ft_pct":"0.857","orb":"0.929","drb":"8.035","trb":"8.965","ast":"4.647","stl":"0.318","blk":"0.200","tov":"3.024","pf":"3.247","pts":"25.129"},{"game_id":1047,"team_name":"NYK","player_id":"{\"barrerj01\"}","player_name":"{\"RJ Barrett\"}","fg":"5.976","fga":"16.035","fg_pct":"0.373","three_p":"2.800","three_pa":"7.024","three_p_pct":"0.399","ft":"2.435","fta":"3.188","ft_pct":"0.764","orb":"0.318","drb":"5.918","trb":"6.235","ast":"3.271","stl":"0.788","blk":"0.341","tov":"1.459","pf":"2.506","pts":"17.188"},{"game_id":1047,"team_name":"NYK","player_id":"{\"bullore01\"}","player_name":"{\"Reggie Bullock\"}","fg":"4.482","fga":"10.412","fg_pct":"0.430","three_p":"2.953","three_pa":"7.424","three_p_pct":"0.398","ft":"1.906","fta":"1.988","ft_pct":"0.959","orb":"0.318","drb":"3.306","trb":"3.624","ast":"2.012","stl":"0.718","blk":"0.141","tov":"0.765","pf":"2.424","pts":"13.824"},{"game_id":1047,"team_name":"NYK","player_id":"{\"burksal01\"}","player_name":"{\"Alec Burks\"}","fg":"2.859","fga":"8.294","fg_pct":"0.345","three_p":"1.541","three_pa":"4.153","three_p_pct":"0.371","ft":"1.624","fta":"2.012","ft_pct":"0.807","orb":"0.000","drb":"4.059","trb":"4.059","ast":"2.024","stl":"0.224","blk":"0.329","tov":"0.600","pf":"1.847","pts":"8.882"},{"game_id":1047,"team_name":"NYK","player_id":"{\"toppiob01\"}","player_name":"{\"Obi Toppin\"}","fg":"2.153","fga":"3.812","fg_pct":"0.565","three_p":"0.729","three_pa":"1.647","three_p_pct":"0.443","ft":"0.282","fta":"0.376","ft_pct":"0.750","orb":"0.647","drb":"2.082","trb":"2.729","ast":"0.576","stl":"0.529","blk":"0.353","tov":"0.188","pf":"1.000","pts":"5.318"},{"game_id":1047,"team_name":"NYK","player_id":"benchNYK","player_name":"Bench of NYK","fg":"2.627","fga":"5.003","fg_pct":"0.525","three_p":"0.556","three_pa":"1.186","three_p_pct":"0.469","ft":"1.245","fta":"1.549","ft_pct":"0.804","orb":"1.100","drb":"2.949","trb":"4.049","ast":"1.464","stl":"0.793","blk":"0.927","tov":"0.865","pf":"2.476","pts":"7.054"},{"game_id":1047,"team_name":"SAS","player_id":"{\"derozde01\"}","player_name":"{\"DeMar DeRozan\"}","fg":"7.753","fga":"15.565","fg_pct":"0.498","three_p":"0.000","three_pa":"0.376","three_p_pct":"0.000","ft":"6.753","fta":"7.741","ft_pct":"0.872","orb":"0.153","drb":"2.882","trb":"3.035","ast":"5.624","stl":"1.200","blk":"0.212","tov":"2.035","pf":"2.576","pts":"22.259"},{"game_id":1047,"team_name":"SAS","player_id":"{\"murrade01\"}","player_name":"{\"Dejounte Murray\"}","fg":"7.553","fga":"15.741","fg_pct":"0.480","three_p":"0.565","three_pa":"2.518","three_p_pct":"0.224","ft":"1.788","fta":"2.318","ft_pct":"0.771","orb":"1.529","drb":"5.682","trb":"7.212","ast":"6.259","stl":"1.282","blk":"0.000","tov":"2.188","pf":"1.847","pts":"17.459"},{"game_id":1047,"team_name":"SAS","player_id":"{\"poeltja01\"}","player_name":"{\"Jakob Poeltl\"}","fg":"3.494","fga":"6.553","fg_pct":"0.533","three_p":"0.000","three_pa":"0.000","three_p_pct":"NaN","ft":"1.153","fta":"1.529","ft_pct":"0.754","orb":"2.671","drb":"4.529","trb":"7.200","ast":"2.871","stl":"1.024","blk":"1.765","tov":"0.647","pf":"2.835","pts":"8.141"},{"game_id":1047,"team_name":"SAS","player_id":"{\"johnske04\"}","player_name":"{\"Keldon Johnson\"}","fg":"4.529","fga":"9.824","fg_pct":"0.461","three_p":"0.529","three_pa":"1.776","three_p_pct":"0.298","ft":"2.529","fta":"3.153","ft_pct":"0.802","orb":"1.129","drb":"3.000","trb":"4.129","ast":"1.671","stl":"0.506","blk":"0.000","tov":"0.835","pf":"1.824","pts":"12.118"},{"game_id":1047,"team_name":"SAS","player_id":"{\"walkelo01\"}","player_name":"{\"Lonnie Walker IV\"}","fg":"5.518","fga":"11.741","fg_pct":"0.470","three_p":"2.212","three_pa":"5.518","three_p_pct":"0.401","ft":"0.600","fta":"0.600","ft_pct":"1.000","orb":"0.329","drb":"2.659","trb":"2.988","ast":"1.541","stl":"0.459","blk":"0.082","tov":"0.529","pf":"1.400","pts":"13.847"},{"game_id":1047,"team_name":"SAS","player_id":"{\"millspa02\"}","player_name":"{\"Patty Mills\"}","fg":"2.718","fga":"7.024","fg_pct":"0.387","three_p":"1.941","three_pa":"5.176","three_p_pct":"0.375","ft":"0.776","fta":"0.847","ft_pct":"0.916","orb":"0.082","drb":"1.776","trb":"1.859","ast":"1.553","stl":"0.482","blk":"0.082","tov":"0.871","pf":"1.200","pts":"8.153"},{"game_id":1047,"team_name":"SAS","player_id":"benchSAS","player_name":"Bench of SAS","fg":"3.337","fga":"7.158","fg_pct":"0.466","three_p":"1.072","three_pa":"3.025","three_p_pct":"0.354","ft":"1.195","fta":"1.471","ft_pct":"0.812","orb":"0.871","drb":"3.323","trb":"4.194","ast":"0.625","stl":"0.494","blk":"0.593","tov":"0.639","pf":"1.787","pts":"8.940"}]