[{"game_id":1214,"team_name":"TOR","player_id":"{\"bouchch01\"}","player_name":"{\"Chris Boucher\"}","ts_pct":"0.520","efg_pct":"0.427","three_par":"0.582","ftr":"0.443","orb_pct":"8.033","drb_pct":"25.419","trb_pct":"17.309","ast_pct":"1.424","stl_pct":"1.425","blk_pct":"14.913","tov_pct":"16.548","usg_pct":"32.858","ortg":"77.106","drtg":"91.376","bpm":"-2.924"},{"game_id":1214,"team_name":"TOR","player_id":"{\"vanvlfr01\"}","player_name":"{\"Fred VanVleet\"}","ts_pct":"0.617","efg_pct":"0.580","three_par":"0.601","ftr":"0.222","orb_pct":"1.518","drb_pct":"8.165","trb_pct":"4.999","ast_pct":"17.391","stl_pct":"1.455","blk_pct":"0.226","tov_pct":"10.833","usg_pct":"18.284","ortg":"124.565","drtg":"109.471","bpm":"2.704"},{"game_id":1214,"team_name":"TOR","player_id":"{\"anunoog01\"}","player_name":"{\"OG Anunoby\"}","ts_pct":"0.587","efg_pct":"0.567","three_par":"0.483","ftr":"0.172","orb_pct":"5.687","drb_pct":"9.954","trb_pct":"8.213","ast_pct":"6.921","stl_pct":"1.384","blk_pct":"3.911","tov_pct":"17.696","usg_pct":"15.113","ortg":"105.024","drtg":"105.129","bpm":"0.041"},{"game_id":1214,"team_name":"TOR","player_id":"{\"lowryky01\"}","player_name":"{\"Kyle Lowry\"}","ts_pct":"0.580","efg_pct":"0.535","three_par":"0.564","ftr":"0.261","orb_pct":"1.207","drb_pct":"10.888","trb_pct":"6.429","ast_pct":"29.348","stl_pct":"1.947","blk_pct":"1.345","tov_pct":"14.915","usg_pct":"20.268","ortg":"115.929","drtg":"106.435","bpm":"3.805"},{"game_id":1214,"team_name":"TOR","player_id":"{\"siakapa01\"}","player_name":"{\"Pascal Siakam\"}","ts_pct":"0.567","efg_pct":"0.519","three_par":"0.250","ftr":"0.267","orb_pct":"6.748","drb_pct":"16.529","trb_pct":"11.922","ast_pct":"16.648","stl_pct":"0.675","blk_pct":"1.206","tov_pct":"11.600","usg_pct":"27.133","ortg":"110.718","drtg":"107.318","bpm":"2.107"},{"game_id":1214,"team_name":"TOR","player_id":"{\"gasolma01\"}","player_name":"{\"Marc Gasol\"}","ts_pct":"0.526","efg_pct":"0.437","three_par":"0.457","ftr":"0.547","orb_pct":"4.855","drb_pct":"22.128","trb_pct":"13.784","ast_pct":"14.140","stl_pct":"0.474","blk_pct":"1.142","tov_pct":"9.592","usg_pct":"14.355","ortg":"121.682","drtg":"106.400","bpm":"-0.687"},{"game_id":1214,"team_name":"TOR","player_id":"benchTOR","player_name":"Bench of TOR","ts_pct":"0.433","efg_pct":"0.348","three_par":"0.296","ftr":"0.529","orb_pct":"4.173","drb_pct":"13.644","trb_pct":"9.352","ast_pct":"10.603","stl_pct":"1.427","blk_pct":"2.427","tov_pct":"12.280","usg_pct":"14.658","ortg":"99.106","drtg":"104.466","bpm":"0.100"},{"game_id":1214,"team_name":"ORL","player_id":"{\"isaacjo01\"}","player_name":"{\"Jonathan Isaac\"}","ts_pct":"0.375","efg_pct":"0.333","three_par":"0.423","ftr":"0.243","orb_pct":"6.680","drb_pct":"19.989","trb_pct":"12.858","ast_pct":"3.976","stl_pct":"1.200","blk_pct":"5.145","tov_pct":"14.273","usg_pct":"16.105","ortg":"83.376","drtg":"103.882","bpm":"-4.389"},{"game_id":1214,"team_name":"ORL","player_id":"{\"gordoaa01\"}","player_name":"{\"Aaron Gordon\"}","ts_pct":"0.524","efg_pct":"0.488","three_par":"0.288","ftr":"0.328","orb_pct":"6.380","drb_pct":"16.211","trb_pct":"11.159","ast_pct":"18.728","stl_pct":"2.047","blk_pct":"1.088","tov_pct":"14.712","usg_pct":"21.554","ortg":"102.882","drtg":"107.376","bpm":"1.493"},{"game_id":1214,"team_name":"ORL","player_id":"{\"fournev01\"}","player_name":"{\"Evan Fournier\"}","ts_pct":"0.495","efg_pct":"0.469","three_par":"0.424","ftr":"0.201","orb_pct":"1.360","drb_pct":"10.141","trb_pct":"5.356","ast_pct":"13.744","stl_pct":"1.736","blk_pct":"0.452","tov_pct":"12.747","usg_pct":"24.186","ortg":"92.059","drtg":"109.706","bpm":"-2.053"},{"game_id":1214,"team_name":"ORL","player_id":"{\"fultzma01\"}","player_name":"{\"Markelle Fultz\"}","ts_pct":"0.439","efg_pct":"0.423","three_par":"0.183","ftr":"0.235","orb_pct":"6.359","drb_pct":"8.791","trb_pct":"7.689","ast_pct":"22.219","stl_pct":"1.292","blk_pct":"0.899","tov_pct":"16.189","usg_pct":"19.804","ortg":"93.529","drtg":"108.035","bpm":"-4.298"},{"game_id":1214,"team_name":"ORL","player_id":"{\"augusdj01\"}","player_name":"{\"D.J. Augustin\"}","ts_pct":"0.591","efg_pct":"0.532","three_par":"0.386","ftr":"0.300","orb_pct":"1.645","drb_pct":"7.755","trb_pct":"4.696","ast_pct":"28.196","stl_pct":"0.586","blk_pct":"0.367","tov_pct":"11.980","usg_pct":"18.684","ortg":"117.188","drtg":"112.894","bpm":"2.159"},{"game_id":1214,"team_name":"ORL","player_id":"{\"vucevni01\"}","player_name":"{\"Nikola Vučević\"}","ts_pct":"0.479","efg_pct":"0.449","three_par":"0.229","ftr":"0.222","orb_pct":"8.518","drb_pct":"24.662","trb_pct":"15.989","ast_pct":"16.507","stl_pct":"0.955","blk_pct":"2.133","tov_pct":"12.945","usg_pct":"25.601","ortg":"95.224","drtg":"105.588","bpm":"-0.455"},{"game_id":1214,"team_name":"ORL","player_id":"benchORL","player_name":"Bench of ORL","ts_pct":"0.467","efg_pct":"0.410","three_par":"0.411","ftr":"0.344","orb_pct":"4.393","drb_pct":"21.696","trb_pct":"12.283","ast_pct":"9.628","stl_pct":"1.769","blk_pct":"2.194","tov_pct":"15.291","usg_pct":"17.965","ortg":"90.984","drtg":"105.929","bpm":"-1.260"}]