[{"game_id":1158,"team_name":"MIL","player_id":"{\"antetth01\"}","player_name":"{\"Thanasis Antetokounmpo\"}","ts_pct":"0.172","efg_pct":"0.000","three_par":"0.035","ftr":"0.471","orb_pct":"1.927","drb_pct":"21.192","trb_pct":"14.019","ast_pct":"8.862","stl_pct":"1.758","blk_pct":"13.341","tov_pct":"9.576","usg_pct":"6.844","ortg":"45.929","drtg":"82.976","bpm":"5.881"},{"game_id":1158,"team_name":"MIL","player_id":"{\"diakima01\"}","player_name":"{\"Mamadi Diakite\"}","ts_pct":"0.154","efg_pct":"0.105","three_par":"0.067","ftr":"0.186","orb_pct":"2.034","drb_pct":"20.227","trb_pct":"11.051","ast_pct":"9.181","stl_pct":"3.767","blk_pct":"2.114","tov_pct":"1.567","usg_pct":"9.874","ortg":"61.741","drtg":"99.259","bpm":"-1.906"},{"game_id":1158,"team_name":"MIL","player_id":"{\"teaguje01\"}","player_name":"{\"Jeff Teague\"}","ts_pct":"0.344","efg_pct":"0.288","three_par":"0.308","ftr":"0.232","orb_pct":"0.685","drb_pct":"7.209","trb_pct":"3.948","ast_pct":"13.979","stl_pct":"1.042","blk_pct":"0.904","tov_pct":"13.181","usg_pct":"17.722","ortg":"70.235","drtg":"117.035","bpm":"-8.008"},{"game_id":1158,"team_name":"MIL","player_id":"{\"merrisa01\"}","player_name":"{\"Sam Merrill\"}","ts_pct":"0.274","efg_pct":"0.274","three_par":"0.468","ftr":"0.000","orb_pct":"0.000","drb_pct":"2.755","trb_pct":"1.327","ast_pct":"4.272","stl_pct":"7.346","blk_pct":"0.000","tov_pct":"4.701","usg_pct":"12.484","ortg":"58.847","drtg":"99.059","bpm":"-1.384"},{"game_id":1158,"team_name":"MIL","player_id":"{\"jacksju01\"}","player_name":"{\"Justin Jackson\"}","ts_pct":"0.365","efg_pct":"0.350","three_par":"0.270","ftr":"0.115","orb_pct":"4.308","drb_pct":"3.685","trb_pct":"3.899","ast_pct":"21.269","stl_pct":"2.085","blk_pct":"0.000","tov_pct":"2.844","usg_pct":"14.408","ortg":"74.918","drtg":"115.729","bpm":"4.800"},{"game_id":1158,"team_name":"MIL","player_id":"{\"holidjr01\"}","player_name":"{\"Jrue Holiday\"}","ts_pct":"0.486","efg_pct":"0.470","three_par":"0.386","ftr":"0.101","orb_pct":"3.106","drb_pct":"10.744","trb_pct":"6.742","ast_pct":"28.279","stl_pct":"1.566","blk_pct":"0.275","tov_pct":"9.718","usg_pct":"22.511","ortg":"107.353","drtg":"110.376","bpm":"1.385"},{"game_id":1158,"team_name":"MIL","player_id":"benchMIL","player_name":"Bench of MIL","ts_pct":"0.469","efg_pct":"0.456","three_par":"0.422","ftr":"0.154","orb_pct":"5.566","drb_pct":"17.134","trb_pct":"11.110","ast_pct":"8.619","stl_pct":"1.469","blk_pct":"2.541","tov_pct":"9.642","usg_pct":"19.210","ortg":"97.990","drtg":"106.711","bpm":"0.658"},{"game_id":1158,"team_name":"ATL","player_id":"{\"snellto01\"}","player_name":"{\"Tony Snell\"}","ts_pct":"0.155","efg_pct":"0.155","three_par":"0.563","ftr":"0.000","orb_pct":"0.600","drb_pct":"6.416","trb_pct":"3.471","ast_pct":"4.341","stl_pct":"3.273","blk_pct":"0.593","tov_pct":"4.701","usg_pct":"11.884","ortg":"35.082","drtg":"112.482","bpm":"-8.625"},{"game_id":1158,"team_name":"ATL","player_id":"{\"mayssk01\"}","player_name":"{\"Skylar Mays\"}","ts_pct":"0.417","efg_pct":"0.383","three_par":"0.231","ftr":"0.188","orb_pct":"0.289","drb_pct":"4.489","trb_pct":"2.424","ast_pct":"8.275","stl_pct":"1.412","blk_pct":"1.435","tov_pct":"8.231","usg_pct":"15.374","ortg":"84.871","drtg":"118.518","bpm":"-2.227"},{"game_id":1158,"team_name":"ATL","player_id":"{\"fernabr01\"}","player_name":"{\"Bruno Fernando\"}","ts_pct":"0.421","efg_pct":"0.358","three_par":"0.000","ftr":"0.120","orb_pct":"18.512","drb_pct":"9.495","trb_pct":"18.760","ast_pct":"0.738","stl_pct":"0.569","blk_pct":"0.000","tov_pct":"14.412","usg_pct":"18.821","ortg":"76.894","drtg":"119.894","bpm":"1.435"},{"game_id":1158,"team_name":"ATL","player_id":"{\"knighna01\"}","player_name":"{\"Nathan Knight\"}","ts_pct":"0.412","efg_pct":"0.372","three_par":"0.365","ftr":"0.876","orb_pct":"5.740","drb_pct":"31.992","trb_pct":"18.913","ast_pct":"5.360","stl_pct":"0.781","blk_pct":"4.714","tov_pct":"0.000","usg_pct":"30.924","ortg":"90.188","drtg":"109.012","bpm":"-6.393"},{"game_id":1158,"team_name":"ATL","player_id":"{\"huertke01\"}","player_name":"{\"Kevin Huerter\"}","ts_pct":"0.517","efg_pct":"0.505","three_par":"0.524","ftr":"0.106","orb_pct":"1.232","drb_pct":"11.053","trb_pct":"6.152","ast_pct":"9.462","stl_pct":"0.721","blk_pct":"1.312","tov_pct":"7.052","usg_pct":"16.416","ortg":"102.094","drtg":"112.047","bpm":"-0.495"},{"game_id":1158,"team_name":"ATL","player_id":"{\"youngtr01\"}","player_name":"{\"Trae Young\"}","ts_pct":"0.544","efg_pct":"0.464","three_par":"0.402","ftr":"0.434","orb_pct":"1.304","drb_pct":"7.002","trb_pct":"4.228","ast_pct":"47.993","stl_pct":"1.973","blk_pct":"0.000","tov_pct":"11.804","usg_pct":"36.447","ortg":"113.565","drtg":"111.412","bpm":"8.440"},{"game_id":1158,"team_name":"ATL","player_id":"benchATL","player_name":"Bench of ATL","ts_pct":"0.478","efg_pct":"0.444","three_par":"0.282","ftr":"0.277","orb_pct":"5.790","drb_pct":"17.824","trb_pct":"11.775","ast_pct":"6.337","stl_pct":"1.436","blk_pct":"2.002","tov_pct":"8.888","usg_pct":"15.606","ortg":"104.497","drtg":"110.653","bpm":"-0.733"}]