[{"game_id":101,"team_name":"BRK","player_id":"{\"jordade01\"}","player_name":"{\"DeAndre Jordan\"}","fg":"2.188","fga":"2.988","fg_pct":"0.732","three_p":"0.000","three_pa":"0.000","three_p_pct":"NaN","ft":"1.071","fta":"2.235","ft_pct":"0.479","orb":"1.553","drb":"6.141","trb":"7.694","ast":"1.565","stl":"0.212","blk":"1.294","tov":"1.671","pf":"2.518","pts":"5.447"},{"game_id":101,"team_name":"BRK","player_id":"{\"shamela01\"}","player_name":"{\"Landry Shamet\"}","fg":"1.176","fga":"3.576","fg_pct":"0.329","three_p":"0.671","three_pa":"2.847","three_p_pct":"0.236","ft":"0.753","fta":"0.894","ft_pct":"0.842","orb":"0.129","drb":"0.776","trb":"0.906","ast":"0.871","stl":"0.706","blk":"0.094","tov":"1.024","pf":"1.235","pts":"3.776"},{"game_id":101,"team_name":"BRK","player_id":"{\"perryre01\"}","player_name":"{\"Reggie Perry\"}","fg":"0.306","fga":"1.639","fg_pct":"0.187","three_p":"0.000","three_pa":"0.667","three_p_pct":"0.000","ft":"0.000","fta":"0.000","ft_pct":"NaN","orb":"0.306","drb":"0.667","trb":"0.972","ast":"1.000","stl":"0.000","blk":"0.000","tov":"0.000","pf":"0.000","pts":"0.611"},{"game_id":101,"team_name":"BRK","player_id":"{\"chiozch01\"}","player_name":"{\"Chris Chiozza\"}","fg":"2.388","fga":"7.106","fg_pct":"0.336","three_p":"1.353","three_pa":"4.106","three_p_pct":"0.330","ft":"0.706","fta":"1.224","ft_pct":"0.577","orb":"0.259","drb":"1.412","trb":"1.671","ast":"3.588","stl":"0.965","blk":"0.129","tov":"1.247","pf":"1.765","pts":"6.835"},{"game_id":101,"team_name":"BRK","player_id":"{\"allenja01\"}","player_name":"{\"Jarrett Allen\"}","fg":"2.776","fga":"4.471","fg_pct":"0.621","three_p":"0.000","three_pa":"0.000","three_p_pct":"NaN","ft":"3.988","fta":"5.000","ft_pct":"0.798","orb":"3.729","drb":"7.824","trb":"11.553","ast":"1.024","stl":"0.294","blk":"1.741","tov":"1.788","pf":"1.659","pts":"9.541"},{"game_id":101,"team_name":"BRK","player_id":"{\"irvinky01\"}","player_name":"{\"Kyrie Irving\"}","fg":"10.035","fga":"20.212","fg_pct":"0.496","three_p":"3.376","three_pa":"8.612","three_p_pct":"0.392","ft":"4.235","fta":"4.306","ft_pct":"0.984","orb":"0.965","drb":"4.235","trb":"5.200","ast":"6.106","stl":"1.341","blk":"0.388","tov":"2.765","pf":"2.694","pts":"27.682"},{"game_id":101,"team_name":"BRK","player_id":"benchBRK","player_name":"Bench of BRK","fg":"3.565","fga":"8.293","fg_pct":"0.430","three_p":"1.491","three_pa":"3.790","three_p_pct":"0.393","ft":"1.036","fta":"1.231","ft_pct":"0.842","orb":"0.675","drb":"2.751","trb":"3.425","ast":"2.022","stl":"0.531","blk":"0.315","tov":"1.110","pf":"2.103","pts":"9.657"},{"game_id":101,"team_name":"UTA","player_id":"{\"hugheel01\"}","player_name":"{\"Elijah Hughes\"}","fg":"0.000","fga":"1.520","fg_pct":"0.000","three_p":"0.000","three_pa":"0.520","three_p_pct":"0.000","ft":"1.440","fta":"1.920","ft_pct":"0.750","orb":"0.000","drb":"0.480","trb":"0.480","ast":"0.480","stl":"0.000","blk":"0.520","tov":"0.000","pf":"0.000","pts":"1.440"},{"game_id":101,"team_name":"UTA","player_id":"{\"forretr01\"}","player_name":"{\"Trent Forrest\"}","fg":"2.000","fga":"4.000","fg_pct":"0.500","three_p":"0.400","three_pa":"1.200","three_p_pct":"0.333","ft":"0.900","fta":"1.200","ft_pct":"0.750","orb":"0.600","drb":"1.700","trb":"2.300","ast":"1.200","stl":"0.400","blk":"0.250","tov":"0.700","pf":"1.000","pts":"6.000"},{"game_id":101,"team_name":"UTA","player_id":"{\"azubuud01\"}","player_name":"{\"Udoka Azubuike\"}","fg":"1.000","fga":"1.520","fg_pct":"0.658","three_p":"0.000","three_pa":"0.000","three_p_pct":"NaN","ft":"0.000","fta":"0.000","ft_pct":"NaN","orb":"0.480","drb":"0.000","trb":"0.480","ast":"0.000","stl":"0.000","blk":"0.520","tov":"0.000","pf":"0.520","pts":"2.000"},{"game_id":101,"team_name":"UTA","player_id":"{\"harrish01\"}","player_name":"{\"Shaquille Harrison\"}","fg":"3.106","fga":"5.953","fg_pct":"0.522","three_p":"0.882","three_pa":"1.565","three_p_pct":"0.564","ft":"1.071","fta":"1.259","ft_pct":"0.851","orb":"1.224","drb":"2.365","trb":"3.588","ast":"1.788","stl":"1.506","blk":"1.012","tov":"0.659","pf":"2.247","pts":"8.165"},{"game_id":101,"team_name":"UTA","player_id":"{\"niangge01\"}","player_name":"{\"Georges Niang\"}","fg":"0.800","fga":"2.376","fg_pct":"0.337","three_p":"0.412","three_pa":"1.741","three_p_pct":"0.237","ft":"0.141","fta":"0.141","ft_pct":"1.000","orb":"0.106","drb":"1.565","trb":"1.671","ast":"0.341","stl":"0.000","blk":"0.071","tov":"0.000","pf":"0.929","pts":"2.153"},{"game_id":101,"team_name":"UTA","player_id":"{\"mitchdo01\"}","player_name":"{\"Donovan Mitchell\"}","fg":"8.459","fga":"20.400","fg_pct":"0.415","three_p":"3.624","three_pa":"9.271","three_p_pct":"0.391","ft":"3.459","fta":"4.153","ft_pct":"0.833","orb":"0.953","drb":"3.200","trb":"4.153","ast":"5.118","stl":"0.929","blk":"0.294","tov":"4.012","pf":"1.706","pts":"24.000"},{"game_id":101,"team_name":"UTA","player_id":"benchUTA","player_name":"Bench of UTA","fg":"4.468","fga":"9.148","fg_pct":"0.488","three_p":"1.576","three_pa":"3.878","three_p_pct":"0.406","ft":"1.701","fta":"2.410","ft_pct":"0.706","orb":"1.335","drb":"4.784","trb":"6.118","ast":"2.293","stl":"0.662","blk":"0.587","tov":"1.510","pf":"2.101","pts":"12.212"}]