[{"game_id":1171,"team_name":"MIL","player_id":"{\"middlkh01\"}","player_name":"{\"Khris Middleton\"}","fg":"8.412","fga":"19.706","fg_pct":"0.427","three_p":"2.659","three_pa":"8.282","three_p_pct":"0.321","ft":"2.753","fta":"2.918","ft_pct":"0.943","orb":"1.329","drb":"6.259","trb":"7.588","ast":"6.365","stl":"1.612","blk":"0.106","tov":"3.212","pf":"2.635","pts":"22.235"},{"game_id":1171,"team_name":"MIL","player_id":"{\"antetgi01\"}","player_name":"{\"Giannis Antetokounmpo\"}","fg":"11.847","fga":"19.106","fg_pct":"0.620","three_p":"0.612","three_pa":"2.659","three_p_pct":"0.230","ft":"6.965","fta":"11.365","ft_pct":"0.613","orb":"2.812","drb":"9.494","trb":"12.306","ast":"4.800","stl":"1.165","blk":"1.106","tov":"2.541","pf":"3.129","pts":"31.271"},{"game_id":1171,"team_name":"MIL","player_id":"{\"holidjr01\"}","player_name":"{\"Jrue Holiday\"}","fg":"7.400","fga":"17.788","fg_pct":"0.416","three_p":"2.482","three_pa":"7.047","three_p_pct":"0.352","ft":"1.835","fta":"2.765","ft_pct":"0.664","orb":"1.059","drb":"4.518","trb":"5.576","ast":"9.259","stl":"1.365","blk":"0.965","tov":"2.800","pf":"2.212","pts":"19.118"},{"game_id":1171,"team_name":"MIL","player_id":"{\"connapa01\"}","player_name":"{\"Pat Connaughton\"}","fg":"3.129","fga":"5.965","fg_pct":"0.525","three_p":"2.024","three_pa":"4.565","three_p_pct":"0.443","ft":"0.424","fta":"0.424","ft_pct":"1.000","orb":"1.376","drb":"2.847","trb":"4.224","ast":"1.118","stl":"0.541","blk":"0.176","tov":"0.506","pf":"2.529","pts":"8.706"},{"game_id":1171,"team_name":"MIL","player_id":"{\"tuckepj01\"}","player_name":"{\"P.J. Tucker\"}","fg":"2.388","fga":"5.529","fg_pct":"0.432","three_p":"1.059","three_pa":"2.788","three_p_pct":"0.380","ft":"0.071","fta":"0.141","ft_pct":"0.504","orb":"2.353","drb":"3.294","trb":"5.647","ast":"1.388","stl":"1.094","blk":"0.094","tov":"0.353","pf":"2.812","pts":"5.906"},{"game_id":1171,"team_name":"MIL","player_id":"{\"portibo01\"}","player_name":"{\"Bobby Portis\"}","fg":"3.682","fga":"8.612","fg_pct":"0.428","three_p":"0.694","three_pa":"2.624","three_p_pct":"0.264","ft":"1.400","fta":"1.788","ft_pct":"0.783","orb":"2.047","drb":"3.471","trb":"5.518","ast":"0.965","stl":"0.694","blk":"0.165","tov":"0.471","pf":"1.694","pts":"9.459"},{"game_id":1171,"team_name":"MIL","player_id":"benchMIL","player_name":"Bench of MIL","fg":"3.362","fga":"6.509","fg_pct":"0.517","three_p":"0.837","three_pa":"1.973","three_p_pct":"0.424","ft":"1.010","fta":"1.402","ft_pct":"0.720","orb":"1.260","drb":"1.614","trb":"2.874","ast":"0.521","stl":"0.630","blk":"0.954","tov":"0.606","pf":"1.301","pts":"8.571"},{"game_id":1171,"team_name":"PHO","player_id":"{\"crowdja01\"}","player_name":"{\"Jae Crowder\"}","fg":"3.129","fga":"7.482","fg_pct":"0.418","three_p":"2.541","three_pa":"5.729","three_p_pct":"0.444","ft":"0.647","fta":"0.776","ft_pct":"0.834","orb":"0.282","drb":"6.482","trb":"6.765","ast":"1.706","stl":"0.212","blk":"0.565","tov":"0.694","pf":"3.200","pts":"9.447"},{"game_id":1171,"team_name":"PHO","player_id":"{\"aytonde01\"}","player_name":"{\"Deandre Ayton\"}","fg":"7.506","fga":"11.259","fg_pct":"0.667","three_p":"0.000","three_pa":"0.000","three_p_pct":"NaN","ft":"1.647","fta":"2.176","ft_pct":"0.757","orb":"3.647","drb":"9.565","trb":"13.212","ast":"1.259","stl":"1.259","blk":"1.282","tov":"1.212","pf":"3.176","pts":"16.659"},{"game_id":1171,"team_name":"PHO","player_id":"{\"bookede01\"}","player_name":"{\"Devin Booker\"}","fg":"8.235","fga":"21.588","fg_pct":"0.381","three_p":"2.235","three_pa":"7.306","three_p_pct":"0.306","ft":"5.518","fta":"6.271","ft_pct":"0.880","orb":"0.824","drb":"4.471","trb":"5.294","ast":"4.318","stl":"1.035","blk":"0.118","tov":"3.259","pf":"3.271","pts":"24.224"},{"game_id":1171,"team_name":"PHO","player_id":"{\"paulch01\"}","player_name":"{\"Chris Paul\"}","fg":"9.694","fga":"18.647","fg_pct":"0.520","three_p":"2.294","three_pa":"4.929","three_p_pct":"0.465","ft":"3.694","fta":"4.200","ft_pct":"0.880","orb":"0.576","drb":"2.635","trb":"3.212","ast":"8.776","stl":"1.435","blk":"0.047","tov":"2.729","pf":"2.035","pts":"25.376"},{"game_id":1171,"team_name":"PHO","player_id":"{\"johnsca02\"}","player_name":"{\"Cameron Johnson\"}","fg":"3.541","fga":"6.071","fg_pct":"0.583","three_p":"1.729","three_pa":"3.706","three_p_pct":"0.467","ft":"1.365","fta":"1.424","ft_pct":"0.959","orb":"0.906","drb":"2.729","trb":"3.635","ast":"0.871","stl":"0.941","blk":"0.200","tov":"0.741","pf":"2.176","pts":"10.176"},{"game_id":1171,"team_name":"PHO","player_id":"{\"bridgmi01\"}","player_name":"{\"Mikal Bridges\"}","fg":"4.235","fga":"8.529","fg_pct":"0.497","three_p":"1.141","three_pa":"3.635","three_p_pct":"0.314","ft":"1.682","fta":"1.682","ft_pct":"1.000","orb":"0.976","drb":"3.294","trb":"4.271","ast":"1.882","stl":"0.376","blk":"0.506","tov":"1.047","pf":"1.918","pts":"11.294"},{"game_id":1171,"team_name":"PHO","player_id":"benchPHO","player_name":"Bench of PHO","fg":"2.209","fga":"5.726","fg_pct":"0.386","three_p":"0.675","three_pa":"2.232","three_p_pct":"0.302","ft":"0.369","fta":"0.602","ft_pct":"0.613","orb":"0.536","drb":"1.832","trb":"2.369","ast":"2.005","stl":"0.302","blk":"0.249","tov":"0.739","pf":"1.549","pts":"5.462"}]