[{"game_id":1138,"team_name":"UTA","player_id":"{\"niangge01\"}","player_name":"{\"Georges Niang\"}","fg":"2.012","fga":"5.529","fg_pct":"0.364","three_p":"1.647","three_pa":"4.094","three_p_pct":"0.402","ft":"0.941","fta":"1.012","ft_pct":"0.930","orb":"0.235","drb":"2.106","trb":"2.341","ast":"0.518","stl":"0.247","blk":"0.141","tov":"0.412","pf":"1.635","pts":"6.612"},{"game_id":1138,"team_name":"UTA","player_id":"{\"onimi01\"}","player_name":"{\"Miye Oni\"}","fg":"0.188","fga":"0.941","fg_pct":"0.200","three_p":"0.188","three_pa":"0.882","three_p_pct":"0.213","ft":"0.000","fta":"0.000","ft_pct":"NaN","orb":"0.506","drb":"0.082","trb":"0.588","ast":"0.318","stl":"0.259","blk":"0.000","tov":"0.000","pf":"1.318","pts":"0.565"},{"game_id":1138,"team_name":"UTA","player_id":"{\"onealro01\"}","player_name":"{\"Royce O'Neale\"}","fg":"3.412","fga":"7.153","fg_pct":"0.477","three_p":"2.200","three_pa":"5.000","three_p_pct":"0.440","ft":"0.694","fta":"0.776","ft_pct":"0.894","orb":"1.788","drb":"5.412","trb":"7.200","ast":"2.047","stl":"1.341","blk":"0.447","tov":"0.718","pf":"3.165","pts":"9.718"},{"game_id":1138,"team_name":"UTA","player_id":"{\"mitchdo01\"}","player_name":"{\"Donovan Mitchell\"}","fg":"10.529","fga":"22.400","fg_pct":"0.470","three_p":"3.765","three_pa":"9.824","three_p_pct":"0.383","ft":"7.294","fta":"8.235","ft_pct":"0.886","orb":"0.400","drb":"2.941","trb":"3.341","ast":"5.082","stl":"1.035","blk":"0.435","tov":"2.835","pf":"1.659","pts":"32.118"},{"game_id":1138,"team_name":"UTA","player_id":"{\"bogdabo02\"}","player_name":"{\"Bojan Bogdanović\"}","fg":"6.071","fga":"13.412","fg_pct":"0.453","three_p":"2.482","three_pa":"5.812","three_p_pct":"0.427","ft":"3.624","fta":"3.965","ft_pct":"0.914","orb":"0.541","drb":"4.259","trb":"4.800","ast":"1.835","stl":"1.012","blk":"0.000","tov":"2.212","pf":"1.447","pts":"18.247"},{"game_id":1138,"team_name":"UTA","player_id":"{\"goberru01\"}","player_name":"{\"Rudy Gobert\"}","fg":"5.906","fga":"8.447","fg_pct":"0.699","three_p":"0.000","three_pa":"0.082","three_p_pct":"0.000","ft":"3.741","fta":"6.212","ft_pct":"0.602","orb":"4.141","drb":"9.753","trb":"13.894","ast":"1.047","stl":"0.129","blk":"2.529","tov":"1.400","pf":"3.529","pts":"15.553"},{"game_id":1138,"team_name":"UTA","player_id":"benchUTA","player_name":"Bench of UTA","fg":"3.999","fga":"9.165","fg_pct":"0.436","three_p":"1.609","three_pa":"5.237","three_p_pct":"0.307","ft":"1.523","fta":"1.696","ft_pct":"0.898","orb":"0.780","drb":"3.060","trb":"3.839","ast":"2.200","stl":"0.516","blk":"0.451","tov":"1.231","pf":"1.706","pts":"11.130"},{"game_id":1138,"team_name":"LAC","player_id":"{\"georgpa01\"}","player_name":"{\"Paul George\"}","fg":"6.788","fga":"16.718","fg_pct":"0.406","three_p":"2.471","three_pa":"7.612","three_p_pct":"0.325","ft":"6.118","fta":"7.012","ft_pct":"0.873","orb":"0.800","drb":"8.235","trb":"9.035","ast":"5.282","stl":"0.776","blk":"0.788","tov":"3.235","pf":"3.106","pts":"22.165"},{"game_id":1138,"team_name":"LAC","player_id":"{\"leonaka01\"}","player_name":"{\"Kawhi Leonard\"}","fg":"10.694","fga":"17.965","fg_pct":"0.595","three_p":"2.071","three_pa":"5.094","three_p_pct":"0.407","ft":"5.741","fta":"6.247","ft_pct":"0.919","orb":"1.788","drb":"5.576","trb":"7.365","ast":"4.753","stl":"2.000","blk":"0.776","tov":"2.094","pf":"2.753","pts":"29.200"},{"game_id":1138,"team_name":"LAC","player_id":"{\"morrima03\"}","player_name":"{\"Marcus Morris\"}","fg":"4.141","fga":"10.435","fg_pct":"0.397","three_p":"2.365","three_pa":"5.847","three_p_pct":"0.404","ft":"0.882","fta":"1.106","ft_pct":"0.797","orb":"0.906","drb":"3.035","trb":"3.941","ast":"1.341","stl":"0.612","blk":"0.412","tov":"0.506","pf":"3.071","pts":"11.529"},{"game_id":1138,"team_name":"LAC","player_id":"{\"jacksre01\"}","player_name":"{\"Reggie Jackson\"}","fg":"4.906","fga":"10.965","fg_pct":"0.447","three_p":"3.271","three_pa":"7.671","three_p_pct":"0.426","ft":"1.718","fta":"1.976","ft_pct":"0.869","orb":"0.294","drb":"2.518","trb":"2.812","ast":"2.576","stl":"0.435","blk":"0.118","tov":"1.282","pf":"2.965","pts":"14.800"},{"game_id":1138,"team_name":"LAC","player_id":"{\"batumni01\"}","player_name":"{\"Nicolas Batum\"}","fg":"2.918","fga":"6.012","fg_pct":"0.485","three_p":"1.188","three_pa":"3.741","three_p_pct":"0.318","ft":"1.541","fta":"1.800","ft_pct":"0.856","orb":"1.082","drb":"4.082","trb":"5.165","ast":"2.106","stl":"1.365","blk":"0.400","tov":"0.565","pf":"1.318","pts":"8.565"},{"game_id":1138,"team_name":"LAC","player_id":"{\"beverpa01\"}","player_name":"{\"Patrick Beverley\"}","fg":"1.259","fga":"3.435","fg_pct":"0.367","three_p":"0.341","three_pa":"1.800","three_p_pct":"0.189","ft":"0.212","fta":"0.294","ft_pct":"0.721","orb":"0.118","drb":"0.871","trb":"0.988","ast":"0.906","stl":"0.176","blk":"0.576","tov":"0.247","pf":"0.906","pts":"3.071"},{"game_id":1138,"team_name":"LAC","player_id":"benchLAC","player_name":"Bench of LAC","fg":"2.495","fga":"4.411","fg_pct":"0.566","three_p":"0.580","three_pa":"1.380","three_p_pct":"0.420","ft":"0.863","fta":"1.120","ft_pct":"0.771","orb":"1.008","drb":"2.257","trb":"3.266","ast":"0.670","stl":"0.460","blk":"0.447","tov":"0.494","pf":"1.593","pts":"6.433"}]