[{"game_id":1059,"team_name":"GSW","player_id":"{\"muldemy01\"}","player_name":"{\"Mychal Mulder\"}","ts_pct":"0.620","efg_pct":"0.610","three_par":"0.810","ftr":"0.071","orb_pct":"2.514","drb_pct":"4.353","trb_pct":"3.555","ast_pct":"4.274","stl_pct":"0.360","blk_pct":"1.068","tov_pct":"6.744","usg_pct":"19.809","ortg":"112.271","drtg":"115.412","bpm":"-1.348"},{"game_id":1059,"team_name":"GSW","player_id":"{\"toscaju01\"}","player_name":"{\"Juan Toscano-Anderson\"}","ts_pct":"0.712","efg_pct":"0.734","three_par":"0.526","ftr":"0.182","orb_pct":"1.456","drb_pct":"20.364","trb_pct":"11.340","ast_pct":"20.605","stl_pct":"2.195","blk_pct":"2.646","tov_pct":"25.365","usg_pct":"10.282","ortg":"126.200","drtg":"106.024","bpm":"1.954"},{"game_id":1059,"team_name":"GSW","player_id":"{\"poolejo01\"}","player_name":"{\"Jordan Poole\"}","ts_pct":"0.607","efg_pct":"0.559","three_par":"0.677","ftr":"0.313","orb_pct":"3.439","drb_pct":"10.092","trb_pct":"6.769","ast_pct":"11.328","stl_pct":"0.409","blk_pct":"0.808","tov_pct":"7.653","usg_pct":"25.991","ortg":"117.118","drtg":"114.518","bpm":"-0.022"},{"game_id":1059,"team_name":"GSW","player_id":"{\"bazemke01\"}","player_name":"{\"Kent Bazemore\"}","ts_pct":"0.648","efg_pct":"0.633","three_par":"0.514","ftr":"0.116","orb_pct":"0.773","drb_pct":"18.192","trb_pct":"10.013","ast_pct":"7.913","stl_pct":"1.926","blk_pct":"1.876","tov_pct":"14.765","usg_pct":"15.634","ortg":"105.035","drtg":"105.094","bpm":"-0.999"},{"game_id":1059,"team_name":"GSW","player_id":"{\"mannini01\"}","player_name":"{\"Nico Mannion\"}","ts_pct":"0.366","efg_pct":"0.366","three_par":"0.324","ftr":"0.000","orb_pct":"0.559","drb_pct":"6.379","trb_pct":"3.766","ast_pct":"26.895","stl_pct":"6.809","blk_pct":"0.000","tov_pct":"31.041","usg_pct":"9.791","ortg":"103.871","drtg":"93.294","bpm":"3.195"},{"game_id":1059,"team_name":"GSW","player_id":"{\"looneke01\"}","player_name":"{\"Kevon Looney\"}","ts_pct":"0.567","efg_pct":"0.568","three_par":"0.020","ftr":"0.373","orb_pct":"8.409","drb_pct":"22.291","trb_pct":"16.060","ast_pct":"9.806","stl_pct":"0.347","blk_pct":"1.158","tov_pct":"8.046","usg_pct":"8.016","ortg":"134.871","drtg":"110.518","bpm":"-2.918"},{"game_id":1059,"team_name":"GSW","player_id":"benchGSW","player_name":"Bench of GSW","ts_pct":"0.420","efg_pct":"0.417","three_par":"0.170","ftr":"0.127","orb_pct":"9.040","drb_pct":"16.835","trb_pct":"13.477","ast_pct":"10.382","stl_pct":"1.969","blk_pct":"3.586","tov_pct":"15.762","usg_pct":"18.498","ortg":"103.539","drtg":"109.267","bpm":"-2.893"},{"game_id":1059,"team_name":"NOP","player_id":"{\"alexani01\"}","player_name":"{\"Nickeil Alexander-Walker\"}","ts_pct":"0.506","efg_pct":"0.493","three_par":"0.437","ftr":"0.164","orb_pct":"0.987","drb_pct":"13.040","trb_pct":"7.071","ast_pct":"17.148","stl_pct":"2.009","blk_pct":"1.887","tov_pct":"10.928","usg_pct":"24.286","ortg":"97.259","drtg":"112.659","bpm":"-2.209"},{"game_id":1059,"team_name":"NOP","player_id":"{\"marshna01\"}","player_name":"{\"Naji Marshall\"}","ts_pct":"0.498","efg_pct":"0.469","three_par":"0.390","ftr":"0.176","orb_pct":"3.520","drb_pct":"20.494","trb_pct":"11.579","ast_pct":"14.795","stl_pct":"2.175","blk_pct":"1.604","tov_pct":"11.986","usg_pct":"17.948","ortg":"102.282","drtg":"108.388","bpm":"-1.301"},{"game_id":1059,"team_name":"NOP","player_id":"{\"gabriwe01\"}","player_name":"{\"Wenyen Gabriel\"}","ts_pct":"0.423","efg_pct":"0.401","three_par":"0.419","ftr":"0.220","orb_pct":"9.008","drb_pct":"15.433","trb_pct":"12.173","ast_pct":"2.140","stl_pct":"3.381","blk_pct":"4.595","tov_pct":"26.998","usg_pct":"15.599","ortg":"84.176","drtg":"104.647","bpm":"-4.659"},{"game_id":1059,"team_name":"NOP","player_id":"{\"lewiski01\"}","player_name":"{\"Kira Lewis Jr.\"}","ts_pct":"0.374","efg_pct":"0.325","three_par":"0.345","ftr":"0.208","orb_pct":"1.591","drb_pct":"5.596","trb_pct":"3.536","ast_pct":"14.308","stl_pct":"1.511","blk_pct":"0.538","tov_pct":"7.884","usg_pct":"17.201","ortg":"84.565","drtg":"114.106","bpm":"-7.807"},{"game_id":1059,"team_name":"NOP","player_id":"{\"hayesja02\"}","player_name":"{\"Jaxson Hayes\"}","ts_pct":"0.688","efg_pct":"0.652","three_par":"0.065","ftr":"0.421","orb_pct":"10.021","drb_pct":"16.587","trb_pct":"13.221","ast_pct":"5.042","stl_pct":"1.505","blk_pct":"6.365","tov_pct":"8.488","usg_pct":"19.866","ortg":"132.435","drtg":"108.059","bpm":"3.976"},{"game_id":1059,"team_name":"NOP","player_id":"{\"hernawi01\"}","player_name":"{\"Willy Hernangómez\"}","ts_pct":"0.593","efg_pct":"0.550","three_par":"0.010","ftr":"0.543","orb_pct":"13.004","drb_pct":"25.761","trb_pct":"19.018","ast_pct":"11.933","stl_pct":"1.980","blk_pct":"1.433","tov_pct":"15.959","usg_pct":"17.558","ortg":"121.882","drtg":"107.988","bpm":"0.232"},{"game_id":1059,"team_name":"NOP","player_id":"benchNOP","player_name":"Bench of NOP","ts_pct":"0.434","efg_pct":"0.406","three_par":"0.442","ftr":"0.177","orb_pct":"2.899","drb_pct":"11.819","trb_pct":"7.066","ast_pct":"10.373","stl_pct":"0.831","blk_pct":"0.954","tov_pct":"5.490","usg_pct":"17.364","ortg":"91.107","drtg":"117.726","bpm":"-4.900"}]