[{"game_id":107,"team_name":"ORL","player_id":"{\"fultzma01\"}","player_name":"{\"Markelle Fultz\"}","ts_pct":"0.426","efg_pct":"0.397","three_par":"0.176","ftr":"0.143","orb_pct":"1.715","drb_pct":"10.081","trb_pct":"5.633","ast_pct":"30.311","stl_pct":"1.512","blk_pct":"0.901","tov_pct":"16.132","usg_pct":"24.113","ortg":"92.012","drtg":"108.553","bpm":"-5.316"},{"game_id":107,"team_name":"ORL","player_id":"{\"vucevni01\"}","player_name":"{\"Nikola Vučević\"}","ts_pct":"0.617","efg_pct":"0.596","three_par":"0.353","ftr":"0.163","orb_pct":"5.658","drb_pct":"29.860","trb_pct":"17.021","ast_pct":"20.126","stl_pct":"1.641","blk_pct":"1.722","tov_pct":"4.406","usg_pct":"25.131","ortg":"128.800","drtg":"104.329","bpm":"9.951"},{"game_id":107,"team_name":"ORL","player_id":"{\"maneka01\"}","player_name":"{\"Karim Mané\"}","ts_pct":"0.000","efg_pct":"0.000","three_par":"0.000","ftr":"0.000","orb_pct":"0.000","drb_pct":"10.944","trb_pct":"4.800","ast_pct":"0.000","stl_pct":"0.000","blk_pct":"0.000","tov_pct":"0.000","usg_pct":"3.216","ortg":"0.000","drtg":"108.280","bpm":"-9.580"},{"game_id":107,"team_name":"ORL","player_id":"{\"bambamo01\"}","player_name":"{\"Mo Bamba\"}","ts_pct":"0.276","efg_pct":"0.275","three_par":"0.354","ftr":"0.126","orb_pct":"18.220","drb_pct":"27.188","trb_pct":"22.571","ast_pct":"11.035","stl_pct":"2.268","blk_pct":"6.786","tov_pct":"17.413","usg_pct":"17.280","ortg":"88.471","drtg":"103.235","bpm":"-5.651"},{"game_id":107,"team_name":"ORL","player_id":"{\"anthoco01\"}","player_name":"{\"Cole Anthony\"}","ts_pct":"0.408","efg_pct":"0.317","three_par":"0.272","ftr":"0.347","orb_pct":"7.400","drb_pct":"19.033","trb_pct":"12.849","ast_pct":"23.043","stl_pct":"0.894","blk_pct":"0.724","tov_pct":"6.687","usg_pct":"22.634","ortg":"102.286","drtg":"106.643","bpm":"-2.954"},{"game_id":107,"team_name":"ORL","player_id":"{\"bacondw01\"}","player_name":"{\"Dwayne Bacon\"}","ts_pct":"0.516","efg_pct":"0.431","three_par":"0.299","ftr":"0.095","orb_pct":"1.002","drb_pct":"16.991","trb_pct":"8.653","ast_pct":"5.554","stl_pct":"0.891","blk_pct":"0.455","tov_pct":"14.699","usg_pct":"14.240","ortg":"97.788","drtg":"109.518","bpm":"-6.069"},{"game_id":107,"team_name":"ORL","player_id":"benchORL","player_name":"Bench of ORL","ts_pct":"0.495","efg_pct":"0.452","three_par":"0.429","ftr":"0.281","orb_pct":"5.421","drb_pct":"18.417","trb_pct":"11.590","ast_pct":"8.593","stl_pct":"1.606","blk_pct":"1.308","tov_pct":"10.436","usg_pct":"18.253","ortg":"100.971","drtg":"108.094","bpm":"-1.551"},{"game_id":107,"team_name":"CLE","player_id":"{\"boldema01\"}","player_name":"{\"Marques Bolden\"}","ts_pct":"0.386","efg_pct":"0.200","three_par":"0.000","ftr":"0.000","orb_pct":"0.000","drb_pct":"28.380","trb_pct":"13.575","ast_pct":"0.000","stl_pct":"4.989","blk_pct":"0.000","tov_pct":"0.000","usg_pct":"28.607","ortg":"80.800","drtg":"104.545","bpm":"-178.271"},{"game_id":107,"team_name":"CLE","player_id":"{\"sextoco01\"}","player_name":"{\"Collin Sexton\"}","ts_pct":"0.637","efg_pct":"0.596","three_par":"0.185","ftr":"0.265","orb_pct":"1.220","drb_pct":"5.248","trb_pct":"3.292","ast_pct":"17.742","stl_pct":"1.874","blk_pct":"0.324","tov_pct":"12.512","usg_pct":"26.829","ortg":"116.765","drtg":"110.424","bpm":"1.413"},{"game_id":107,"team_name":"CLE","player_id":"{\"osmande01\"}","player_name":"{\"Cedi Osman\"}","ts_pct":"0.504","efg_pct":"0.485","three_par":"0.561","ftr":"0.173","orb_pct":"3.064","drb_pct":"11.433","trb_pct":"7.308","ast_pct":"14.348","stl_pct":"1.387","blk_pct":"1.139","tov_pct":"6.316","usg_pct":"20.782","ortg":"103.541","drtg":"108.882","bpm":"-1.465"},{"game_id":107,"team_name":"CLE","player_id":"{\"nancela02\"}","player_name":"{\"Larry Nance Jr.\"}","ts_pct":"0.532","efg_pct":"0.526","three_par":"0.457","ftr":"0.131","orb_pct":"6.056","drb_pct":"14.453","trb_pct":"10.104","ast_pct":"18.645","stl_pct":"3.328","blk_pct":"1.553","tov_pct":"14.826","usg_pct":"12.044","ortg":"110.012","drtg":"103.647","bpm":"2.481"},{"game_id":107,"team_name":"CLE","player_id":"{\"okorois01\"}","player_name":"{\"Isaac Okoro\"}","ts_pct":"0.449","efg_pct":"0.432","three_par":"0.582","ftr":"0.192","orb_pct":"0.000","drb_pct":"8.276","trb_pct":"4.524","ast_pct":"8.544","stl_pct":"0.572","blk_pct":"0.000","tov_pct":"29.508","usg_pct":"8.080","ortg":"70.560","drtg":"111.160","bpm":"-6.760"},{"game_id":107,"team_name":"CLE","player_id":"{\"drumman01\"}","player_name":"{\"Andre Drummond\"}","ts_pct":"0.498","efg_pct":"0.485","three_par":"0.048","ftr":"0.338","orb_pct":"13.898","drb_pct":"36.415","trb_pct":"25.014","ast_pct":"16.071","stl_pct":"2.631","blk_pct":"5.116","tov_pct":"15.398","usg_pct":"29.013","ortg":"96.682","drtg":"96.388","bpm":"0.272"},{"game_id":107,"team_name":"CLE","player_id":"benchCLE","player_name":"Bench of CLE","ts_pct":"0.410","efg_pct":"0.335","three_par":"0.256","ftr":"0.298","orb_pct":"5.595","drb_pct":"16.718","trb_pct":"11.075","ast_pct":"5.762","stl_pct":"2.260","blk_pct":"2.021","tov_pct":"12.374","usg_pct":"17.758","ortg":"77.934","drtg":"109.257","bpm":"-6.270"}]