[{"game_id":1008,"team_name":"DEN","player_id":"teamDEN","player_name":"Team name: DEN","fg":"40.914","fga":"87.326","fg_pct":"0.469","three_p":"12.154","three_pa":"35.149","three_p_pct":"0.346","ft":"17.960","fta":"21.737","ft_pct":"0.826","orb":"8.943","drb":"35.154","trb":"44.097","ast":"26.017","stl":"8.560","blk":"5.840","tov":"12.926","pf":"19.451","pts":"111.943"},{"game_id":1008,"team_name":"BRK","player_id":"teamBRK","player_name":"Team name: BRK","fg":"41.720","fga":"89.743","fg_pct":"0.465","three_p":"14.583","three_pa":"38.366","three_p_pct":"0.380","ft":"18.583","fta":"22.429","ft_pct":"0.829","orb":"9.497","drb":"36.657","trb":"46.154","ast":"24.246","stl":"6.469","blk":"4.354","tov":"12.063","pf":"18.474","pts":"116.606"}]