[{"game_id":1153,"team_name":"PHO","player_id":"teamPHO","player_name":"Team name: PHO","fg":"40.806","fga":"83.886","fg_pct":"0.486","three_p":"12.291","three_pa":"31.446","three_p_pct":"0.391","ft":"18.629","fta":"21.469","ft_pct":"0.868","orb":"7.166","drb":"36.486","trb":"43.651","ast":"24.726","stl":"6.983","blk":"4.617","tov":"11.160","pf":"18.657","pts":"112.531"},{"game_id":1153,"team_name":"LAC","player_id":"teamLAC","player_name":"Team name: LAC","fg":"40.331","fga":"81.966","fg_pct":"0.492","three_p":"15.669","three_pa":"37.343","three_p_pct":"0.420","ft":"20.549","fta":"24.366","ft_pct":"0.843","orb":"8.754","drb":"31.937","trb":"40.691","ast":"21.451","stl":"7.954","blk":"4.709","tov":"9.606","pf":"20.829","pts":"116.880"}]