[{"game_id":1016,"team_name":"ORL","player_id":"teamORL","player_name":"Team name: ORL","ts_pct":"0.493","efg_pct":"0.457","three_par":"0.308","ftr":"0.287","orb_pct":"4.802","drb_pct":"14.253","trb_pct":"9.400","ast_pct":"11.556","stl_pct":"1.399","blk_pct":"1.861","tov_pct":"9.463","usg_pct":"18.857","ortg":"101.400","drtg":"113.795","bpm":"-3.234"},{"game_id":1016,"team_name":"MIN","player_id":"teamMIN","player_name":"Team name: MIN","ts_pct":"0.595","efg_pct":"0.553","three_par":"0.396","ftr":"0.263","orb_pct":"5.239","drb_pct":"15.728","trb_pct":"10.446","ast_pct":"16.826","stl_pct":"1.629","blk_pct":"1.884","tov_pct":"11.288","usg_pct":"18.867","ortg":"122.167","drtg":"118.085","bpm":"-0.692"}]