[{"game_id":1052,"team_name":"PHO","player_id":"teamPHO","player_name":"Team name: PHO","fg":"43.229","fga":"85.914","fg_pct":"0.503","three_p":"13.223","three_pa":"33.446","three_p_pct":"0.395","ft":"18.331","fta":"21.549","ft_pct":"0.851","orb":"8.543","drb":"30.983","trb":"39.526","ast":"25.200","stl":"7.097","blk":"5.640","tov":"9.691","pf":"19.046","pts":"118.011"},{"game_id":1052,"team_name":"POR","player_id":"teamPOR","player_name":"Team name: POR","fg":"44.823","fga":"92.617","fg_pct":"0.484","three_p":"15.560","three_pa":"36.463","three_p_pct":"0.427","ft":"19.097","fta":"23.497","ft_pct":"0.813","orb":"10.514","drb":"37.240","trb":"47.754","ast":"24.269","stl":"6.109","blk":"4.817","tov":"8.743","pf":"17.937","pts":"124.303"}]