[{"game_id":1042,"team_name":"LAL","player_id":"teamLAL","player_name":"Team name: LAL","fg":"38.069","fga":"85.337","fg_pct":"0.446","three_p":"11.086","three_pa":"31.657","three_p_pct":"0.350","ft":"17.514","fta":"24.600","ft_pct":"0.712","orb":"10.463","drb":"32.749","trb":"43.211","ast":"24.514","stl":"7.377","blk":"5.983","tov":"14.251","pf":"19.977","pts":"104.737"},{"game_id":1042,"team_name":"HOU","player_id":"teamHOU","player_name":"Team name: HOU","fg":"41.126","fga":"89.789","fg_pct":"0.458","three_p":"15.874","three_pa":"42.703","three_p_pct":"0.372","ft":"17.377","fta":"22.954","ft_pct":"0.757","orb":"9.771","drb":"33.411","trb":"43.183","ast":"25.926","stl":"7.874","blk":"3.874","tov":"14.674","pf":"19.486","pts":"115.503"}]