[{"game_id":1230,"team_name":"BRK","player_id":"{\"leverca01\"}","player_name":"{\"Caris LeVert\"}","ts_pct":"0.613","efg_pct":"0.583","three_par":"0.351","ftr":"0.373","orb_pct":"2.587","drb_pct":"12.106","trb_pct":"7.171","ast_pct":"20.713","stl_pct":"1.906","blk_pct":"0.626","tov_pct":"16.385","usg_pct":"25.926","ortg":"110.376","drtg":"111.400","bpm":"2.068"},{"game_id":1230,"team_name":"BRK","player_id":"{\"irvinky01\"}","player_name":"{\"Kyrie Irving\"}","ts_pct":"0.506","efg_pct":"0.438","three_par":"0.364","ftr":"0.303","orb_pct":"2.664","drb_pct":"10.568","trb_pct":"6.689","ast_pct":"32.925","stl_pct":"1.968","blk_pct":"1.031","tov_pct":"10.740","usg_pct":"33.132","ortg":"104.718","drtg":"109.318","bpm":"4.306"},{"game_id":1230,"team_name":"BRK","player_id":"{\"harrijo01\"}","player_name":"{\"Joe Harris\"}","ts_pct":"0.585","efg_pct":"0.551","three_par":"0.558","ftr":"0.124","orb_pct":"3.314","drb_pct":"10.084","trb_pct":"6.526","ast_pct":"4.749","stl_pct":"1.005","blk_pct":"0.272","tov_pct":"16.778","usg_pct":"15.239","ortg":"101.800","drtg":"116.106","bpm":"-3.969"},{"game_id":1230,"team_name":"BRK","player_id":"{\"princta02\"}","player_name":"{\"Taurean Prince\"}","ts_pct":"0.543","efg_pct":"0.510","three_par":"0.562","ftr":"0.283","orb_pct":"1.819","drb_pct":"13.487","trb_pct":"7.629","ast_pct":"8.024","stl_pct":"0.941","blk_pct":"1.085","tov_pct":"12.276","usg_pct":"18.674","ortg":"103.776","drtg":"116.412","bpm":"-3.292"},{"game_id":1230,"team_name":"BRK","player_id":"{\"dinwisp01\"}","player_name":"{\"Spencer Dinwiddie\"}","ts_pct":"0.510","efg_pct":"0.448","three_par":"0.458","ftr":"0.395","orb_pct":"2.626","drb_pct":"7.533","trb_pct":"4.982","ast_pct":"20.819","stl_pct":"0.645","blk_pct":"0.834","tov_pct":"13.206","usg_pct":"25.822","ortg":"102.812","drtg":"114.953","bpm":"-3.179"},{"game_id":1230,"team_name":"BRK","player_id":"{\"jordade01\"}","player_name":"{\"DeAndre Jordan\"}","ts_pct":"0.620","efg_pct":"0.499","three_par":"0.000","ftr":"1.082","orb_pct":"10.649","drb_pct":"31.032","trb_pct":"20.321","ast_pct":"17.259","stl_pct":"1.125","blk_pct":"2.904","tov_pct":"29.042","usg_pct":"14.205","ortg":"107.200","drtg":"113.341","bpm":"-0.591"},{"game_id":1230,"team_name":"BRK","player_id":"benchBRK","player_name":"Bench of BRK","ts_pct":"0.451","efg_pct":"0.403","three_par":"0.353","ftr":"0.327","orb_pct":"5.064","drb_pct":"16.570","trb_pct":"10.401","ast_pct":"7.001","stl_pct":"1.924","blk_pct":"0.995","tov_pct":"20.017","usg_pct":"16.989","ortg":"87.274","drtg":"112.012","bpm":"-4.788"},{"game_id":1230,"team_name":"IND","player_id":"{\"turnemy01\"}","player_name":"{\"Myles Turner\"}","ts_pct":"0.587","efg_pct":"0.558","three_par":"0.394","ftr":"0.329","orb_pct":"4.875","drb_pct":"19.002","trb_pct":"11.693","ast_pct":"4.944","stl_pct":"0.528","blk_pct":"5.246","tov_pct":"8.521","usg_pct":"16.516","ortg":"112.071","drtg":"108.082","bpm":"0.745"},{"game_id":1230,"team_name":"IND","player_id":"{\"bitadgo01\"}","player_name":"{\"Goga Bitadze\"}","ts_pct":"1.000","efg_pct":"1.000","three_par":"0.000","ftr":"0.000","orb_pct":"0.000","drb_pct":"25.800","trb_pct":"13.500","ast_pct":"0.000","stl_pct":"0.000","blk_pct":"0.000","tov_pct":"0.000","usg_pct":"9.900","ortg":"200.000","drtg":"111.000","bpm":"1.900"},{"game_id":1230,"team_name":"IND","player_id":"{\"sabondo01\"}","player_name":"{\"Domantas Sabonis\"}","ts_pct":"0.544","efg_pct":"0.485","three_par":"0.074","ftr":"0.445","orb_pct":"7.967","drb_pct":"27.474","trb_pct":"17.168","ast_pct":"17.939","stl_pct":"1.406","blk_pct":"0.434","tov_pct":"12.780","usg_pct":"22.121","ortg":"110.929","drtg":"106.871","bpm":"1.701"},{"game_id":1230,"team_name":"IND","player_id":"{\"lambje01\"}","player_name":"{\"Jeremy Lamb\"}","ts_pct":"0.603","efg_pct":"0.538","three_par":"0.345","ftr":"0.397","orb_pct":"3.261","drb_pct":"15.981","trb_pct":"9.600","ast_pct":"17.981","stl_pct":"3.224","blk_pct":"0.982","tov_pct":"5.808","usg_pct":"23.994","ortg":"122.765","drtg":"113.447","bpm":"4.578"},{"game_id":1230,"team_name":"IND","player_id":"{\"warretj01\"}","player_name":"{\"T.J. Warren\"}","ts_pct":"0.518","efg_pct":"0.506","three_par":"0.187","ftr":"0.126","orb_pct":"1.935","drb_pct":"9.020","trb_pct":"5.226","ast_pct":"4.719","stl_pct":"1.887","blk_pct":"1.309","tov_pct":"10.720","usg_pct":"19.671","ortg":"93.282","drtg":"116.047","bpm":"-5.487"},{"game_id":1230,"team_name":"IND","player_id":"{\"brogdma01\"}","player_name":"{\"Malcolm Brogdon\"}","ts_pct":"0.574","efg_pct":"0.532","three_par":"0.440","ftr":"0.257","orb_pct":"2.234","drb_pct":"14.199","trb_pct":"8.104","ast_pct":"33.268","stl_pct":"1.375","blk_pct":"0.973","tov_pct":"10.612","usg_pct":"22.465","ortg":"115.106","drtg":"111.035","bpm":"5.367"},{"game_id":1230,"team_name":"IND","player_id":"benchIND","player_name":"Bench of IND","ts_pct":"0.416","efg_pct":"0.406","three_par":"0.407","ftr":"0.095","orb_pct":"1.759","drb_pct":"9.658","trb_pct":"5.621","ast_pct":"14.148","stl_pct":"1.444","blk_pct":"1.416","tov_pct":"12.283","usg_pct":"19.276","ortg":"85.363","drtg":"112.552","bpm":"-3.874"}]