[{"game_id":1167,"team_name":"PHO","player_id":"teamPHO","player_name":"Team name: PHO","fg":"41.840","fga":"87.389","fg_pct":"0.479","three_p":"10.669","three_pa":"28.669","three_p_pct":"0.372","ft":"16.531","fta":"18.583","ft_pct":"0.890","orb":"8.566","drb":"36.731","trb":"45.297","ast":"23.017","stl":"5.846","blk":"3.434","tov":"10.554","pf":"18.920","pts":"110.880"},{"game_id":1167,"team_name":"MIL","player_id":"teamMIL","player_name":"Team name: MIL","fg":"42.491","fga":"90.549","fg_pct":"0.469","three_p":"12.080","three_pa":"35.834","three_p_pct":"0.337","ft":"14.206","fta":"19.749","ft_pct":"0.719","orb":"12.709","drb":"33.377","trb":"46.086","ast":"23.017","stl":"8.640","blk":"4.371","tov":"11.709","pf":"18.531","pts":"111.269"}]