[{"game_id":117,"team_name":"BRK","player_id":"{\"leverca01\"}","player_name":"{\"Caris LeVert\"}","ts_pct":"0.462","efg_pct":"0.445","three_par":"0.319","ftr":"0.092","orb_pct":"3.204","drb_pct":"10.161","trb_pct":"6.907","ast_pct":"34.024","stl_pct":"2.305","blk_pct":"1.941","tov_pct":"11.273","usg_pct":"29.415","ortg":"98.400","drtg":"110.212","bpm":"0.408"},{"game_id":117,"team_name":"BRK","player_id":"{\"harrijo01\"}","player_name":"{\"Joe Harris\"}","ts_pct":"0.676","efg_pct":"0.677","three_par":"0.589","ftr":"0.091","orb_pct":"2.732","drb_pct":"10.346","trb_pct":"6.684","ast_pct":"7.227","stl_pct":"1.189","blk_pct":"1.014","tov_pct":"7.972","usg_pct":"16.180","ortg":"125.082","drtg":"112.365","bpm":"1.888"},{"game_id":117,"team_name":"BRK","player_id":"{\"greenje02\"}","player_name":"{\"Jeff Green\"}","ts_pct":"0.611","efg_pct":"0.622","three_par":"0.296","ftr":"0.192","orb_pct":"2.895","drb_pct":"10.058","trb_pct":"6.667","ast_pct":"8.872","stl_pct":"0.388","blk_pct":"1.102","tov_pct":"8.951","usg_pct":"10.299","ortg":"135.435","drtg":"114.059","bpm":"-0.961"},{"game_id":117,"team_name":"BRK","player_id":"{\"allenja01\"}","player_name":"{\"Jarrett Allen\"}","ts_pct":"0.749","efg_pct":"0.631","three_par":"0.000","ftr":"1.193","orb_pct":"16.846","drb_pct":"31.384","trb_pct":"24.319","ast_pct":"4.542","stl_pct":"1.153","blk_pct":"5.345","tov_pct":"15.909","usg_pct":"14.647","ortg":"144.776","drtg":"103.235","bpm":"3.242"},{"game_id":117,"team_name":"BRK","player_id":"{\"luwawti01\"}","player_name":"{\"Timothé Luwawu-Cabarrot\"}","ts_pct":"0.629","efg_pct":"0.608","three_par":"0.613","ftr":"0.219","orb_pct":"2.205","drb_pct":"7.534","trb_pct":"4.961","ast_pct":"5.334","stl_pct":"0.815","blk_pct":"0.201","tov_pct":"10.452","usg_pct":"20.296","ortg":"113.753","drtg":"115.729","bpm":"-1.314"},{"game_id":117,"team_name":"BRK","player_id":"{\"princta02\"}","player_name":"{\"Taurean Prince\"}","ts_pct":"0.566","efg_pct":"0.460","three_par":"0.595","ftr":"0.550","orb_pct":"0.448","drb_pct":"16.027","trb_pct":"8.627","ast_pct":"2.667","stl_pct":"1.386","blk_pct":"3.178","tov_pct":"11.966","usg_pct":"19.042","ortg":"103.176","drtg":"107.012","bpm":"-4.871"},{"game_id":117,"team_name":"BRK","player_id":"benchBRK","player_name":"Bench of BRK","ts_pct":"0.527","efg_pct":"0.517","three_par":"0.424","ftr":"0.356","orb_pct":"5.182","drb_pct":"15.577","trb_pct":"10.750","ast_pct":"13.847","stl_pct":"0.968","blk_pct":"2.067","tov_pct":"16.158","usg_pct":"14.521","ortg":"108.930","drtg":"110.217","bpm":"-2.854"},{"game_id":117,"team_name":"PHI","player_id":"{\"joeis01\"}","player_name":"{\"Isaiah Joe\"}","ts_pct":"0.153","efg_pct":"0.153","three_par":"0.667","ftr":"0.000","orb_pct":"5.850","drb_pct":"19.369","trb_pct":"13.111","ast_pct":"28.172","stl_pct":"2.078","blk_pct":"0.000","tov_pct":"16.667","usg_pct":"13.303","ortg":"70.417","drtg":"101.194","bpm":"-7.767"},{"game_id":117,"team_name":"PHI","player_id":"{\"miltosh01\"}","player_name":"{\"Shake Milton\"}","ts_pct":"0.536","efg_pct":"0.494","three_par":"0.451","ftr":"0.336","orb_pct":"1.329","drb_pct":"6.606","trb_pct":"4.104","ast_pct":"16.911","stl_pct":"1.915","blk_pct":"0.682","tov_pct":"9.016","usg_pct":"23.420","ortg":"106.694","drtg":"108.129","bpm":"-1.951"},{"game_id":117,"team_name":"PHI","player_id":"{\"harrito02\"}","player_name":"{\"Tobias Harris\"}","ts_pct":"0.630","efg_pct":"0.611","three_par":"0.378","ftr":"0.138","orb_pct":"4.768","drb_pct":"19.398","trb_pct":"12.809","ast_pct":"15.995","stl_pct":"1.464","blk_pct":"2.584","tov_pct":"11.220","usg_pct":"22.836","ortg":"116.259","drtg":"104.729","bpm":"4.588"},{"game_id":117,"team_name":"PHI","player_id":"{\"greenda02\"}","player_name":"{\"Danny Green\"}","ts_pct":"0.579","efg_pct":"0.561","three_par":"0.771","ftr":"0.150","orb_pct":"4.607","drb_pct":"7.800","trb_pct":"6.186","ast_pct":"11.385","stl_pct":"2.033","blk_pct":"2.041","tov_pct":"13.902","usg_pct":"14.807","ortg":"109.612","drtg":"107.376","bpm":"1.425"},{"game_id":117,"team_name":"PHI","player_id":"{\"simmobe01\"}","player_name":"{\"Ben Simmons\"}","ts_pct":"0.571","efg_pct":"0.547","three_par":"0.023","ftr":"0.523","orb_pct":"2.706","drb_pct":"24.638","trb_pct":"14.561","ast_pct":"31.924","stl_pct":"2.106","blk_pct":"2.609","tov_pct":"20.949","usg_pct":"19.926","ortg":"111.224","drtg":"101.588","bpm":"1.592"},{"game_id":117,"team_name":"PHI","player_id":"{\"embiijo01\"}","player_name":"{\"Joel Embiid\"}","ts_pct":"0.641","efg_pct":"0.551","three_par":"0.218","ftr":"0.691","orb_pct":"6.081","drb_pct":"29.338","trb_pct":"18.432","ast_pct":"14.658","stl_pct":"2.041","blk_pct":"5.473","tov_pct":"12.215","usg_pct":"29.899","ortg":"122.306","drtg":"99.153","bpm":"8.027"},{"game_id":117,"team_name":"PHI","player_id":"benchPHI","player_name":"Bench of PHI","ts_pct":"0.485","efg_pct":"0.456","three_par":"0.255","ftr":"0.266","orb_pct":"4.277","drb_pct":"12.380","trb_pct":"8.716","ast_pct":"13.482","stl_pct":"1.640","blk_pct":"2.063","tov_pct":"12.029","usg_pct":"17.757","ortg":"97.554","drtg":"102.788","bpm":"-0.105"}]