[{"game_id":1114,"team_name":"LAL","player_id":"{\"morrima02\"}","player_name":"{\"Markieff Morris\"}","ts_pct":"0.202","efg_pct":"0.181","three_par":"0.318","ftr":"0.152","orb_pct":"8.548","drb_pct":"16.825","trb_pct":"12.520","ast_pct":"16.036","stl_pct":"0.901","blk_pct":"1.009","tov_pct":"21.032","usg_pct":"19.261","ortg":"64.553","drtg":"112.953","bpm":"-10.568"},{"game_id":1114,"team_name":"LAL","player_id":"{\"harremo01\"}","player_name":"{\"Montrezl Harrell\"}","ts_pct":"0.641","efg_pct":"0.601","three_par":"0.000","ftr":"0.815","orb_pct":"9.842","drb_pct":"21.433","trb_pct":"15.475","ast_pct":"4.549","stl_pct":"2.229","blk_pct":"2.122","tov_pct":"9.699","usg_pct":"25.348","ortg":"121.624","drtg":"108.659","bpm":"3.987"},{"game_id":1114,"team_name":"LAL","player_id":"{\"jamesle01\"}","player_name":"{\"LeBron James\"}","ts_pct":"0.591","efg_pct":"0.568","three_par":"0.363","ftr":"0.297","orb_pct":"4.175","drb_pct":"16.065","trb_pct":"10.248","ast_pct":"47.399","stl_pct":"2.328","blk_pct":"0.640","tov_pct":"15.835","usg_pct":"29.821","ortg":"115.047","drtg":"107.306","bpm":"7.409"},{"game_id":1114,"team_name":"LAL","player_id":"{\"schrode01\"}","player_name":"{\"Dennis Schröder\"}","ts_pct":"0.563","efg_pct":"0.513","three_par":"0.379","ftr":"0.400","orb_pct":"1.680","drb_pct":"8.478","trb_pct":"5.000","ast_pct":"23.347","stl_pct":"1.925","blk_pct":"0.687","tov_pct":"13.664","usg_pct":"22.035","ortg":"111.188","drtg":"111.553","bpm":"0.742"},{"game_id":1114,"team_name":"LAL","player_id":"{\"carusal01\"}","player_name":"{\"Alex Caruso\"}","ts_pct":"0.460","efg_pct":"0.458","three_par":"0.306","ftr":"0.078","orb_pct":"2.654","drb_pct":"9.561","trb_pct":"5.954","ast_pct":"17.447","stl_pct":"1.618","blk_pct":"3.181","tov_pct":"16.152","usg_pct":"17.586","ortg":"95.235","drtg":"107.718","bpm":"-1.889"},{"game_id":1114,"team_name":"LAL","player_id":"{\"kuzmaky01\"}","player_name":"{\"Kyle Kuzma\"}","ts_pct":"0.404","efg_pct":"0.387","three_par":"0.429","ftr":"0.163","orb_pct":"3.819","drb_pct":"18.945","trb_pct":"11.145","ast_pct":"13.889","stl_pct":"1.274","blk_pct":"1.206","tov_pct":"10.338","usg_pct":"15.654","ortg":"92.000","drtg":"108.706","bpm":"-2.005"},{"game_id":1114,"team_name":"LAL","player_id":"benchLAL","player_name":"Bench of LAL","ts_pct":"0.525","efg_pct":"0.472","three_par":"0.476","ftr":"0.251","orb_pct":"6.069","drb_pct":"20.091","trb_pct":"12.815","ast_pct":"9.302","stl_pct":"1.428","blk_pct":"2.268","tov_pct":"9.623","usg_pct":"16.968","ortg":"111.697","drtg":"107.508","bpm":"-0.544"},{"game_id":1114,"team_name":"PHO","player_id":"{\"kaminfr01\"}","player_name":"{\"Frank Kaminsky\"}","ts_pct":"0.435","efg_pct":"0.421","three_par":"0.203","ftr":"0.257","orb_pct":"7.461","drb_pct":"23.740","trb_pct":"15.994","ast_pct":"16.945","stl_pct":"0.246","blk_pct":"2.900","tov_pct":"11.227","usg_pct":"19.312","ortg":"98.612","drtg":"118.047","bpm":"-4.839"},{"game_id":1114,"team_name":"PHO","player_id":"{\"bookede01\"}","player_name":"{\"Devin Booker\"}","ts_pct":"0.566","efg_pct":"0.456","three_par":"0.255","ftr":"0.500","orb_pct":"2.365","drb_pct":"11.474","trb_pct":"6.920","ast_pct":"19.821","stl_pct":"0.332","blk_pct":"0.000","tov_pct":"12.625","usg_pct":"32.388","ortg":"109.412","drtg":"120.224","bpm":"-1.818"},{"game_id":1114,"team_name":"PHO","player_id":"{\"aytonde01\"}","player_name":"{\"Deandre Ayton\"}","ts_pct":"0.788","efg_pct":"0.777","three_par":"0.000","ftr":"0.207","orb_pct":"11.976","drb_pct":"23.947","trb_pct":"18.126","ast_pct":"4.856","stl_pct":"0.880","blk_pct":"3.748","tov_pct":"11.847","usg_pct":"14.892","ortg":"145.247","drtg":"116.718","bpm":"3.621"},{"game_id":1114,"team_name":"PHO","player_id":"{\"crowdja01\"}","player_name":"{\"Jae Crowder\"}","ts_pct":"0.515","efg_pct":"0.466","three_par":"0.818","ftr":"0.244","orb_pct":"3.691","drb_pct":"13.187","trb_pct":"8.427","ast_pct":"11.588","stl_pct":"1.944","blk_pct":"2.791","tov_pct":"9.998","usg_pct":"17.616","ortg":"104.553","drtg":"113.188","bpm":"-0.140"},{"game_id":1114,"team_name":"PHO","player_id":"{\"bridgmi01\"}","player_name":"{\"Mikal Bridges\"}","ts_pct":"0.711","efg_pct":"0.697","three_par":"0.506","ftr":"0.128","orb_pct":"1.452","drb_pct":"12.747","trb_pct":"7.045","ast_pct":"8.744","stl_pct":"1.664","blk_pct":"1.509","tov_pct":"5.976","usg_pct":"13.973","ortg":"138.459","drtg":"116.353","bpm":"5.314"},{"game_id":1114,"team_name":"PHO","player_id":"{\"paulch01\"}","player_name":"{\"Chris Paul\"}","ts_pct":"0.563","efg_pct":"0.536","three_par":"0.145","ftr":"0.251","orb_pct":"0.693","drb_pct":"14.398","trb_pct":"7.739","ast_pct":"42.579","stl_pct":"1.715","blk_pct":"1.065","tov_pct":"15.581","usg_pct":"21.181","ortg":"120.435","drtg":"115.541","bpm":"2.413"},{"game_id":1114,"team_name":"PHO","player_id":"benchPHO","player_name":"Bench of PHO","ts_pct":"0.546","efg_pct":"0.518","three_par":"0.561","ftr":"0.135","orb_pct":"3.607","drb_pct":"15.591","trb_pct":"9.693","ast_pct":"14.988","stl_pct":"1.768","blk_pct":"0.805","tov_pct":"6.403","usg_pct":"19.424","ortg":"111.984","drtg":"116.204","bpm":"1.258"}]