[{"game_id":1049,"team_name":"MEM","player_id":"{\"jonesty01\"}","player_name":"{\"Tyus Jones\"}","ts_pct":"0.568","efg_pct":"0.600","three_par":"0.356","ftr":"0.303","orb_pct":"0.353","drb_pct":"9.669","trb_pct":"5.282","ast_pct":"30.749","stl_pct":"1.628","blk_pct":"0.404","tov_pct":"8.331","usg_pct":"13.535","ortg":"133.776","drtg":"115.188","bpm":"1.253"},{"game_id":1049,"team_name":"MEM","player_id":"{\"konchjo01\"}","player_name":"{\"John Konchar\"}","ts_pct":"0.468","efg_pct":"0.464","three_par":"0.459","ftr":"0.031","orb_pct":"8.194","drb_pct":"26.485","trb_pct":"17.314","ast_pct":"15.393","stl_pct":"1.271","blk_pct":"2.756","tov_pct":"6.380","usg_pct":"14.812","ortg":"121.647","drtg":"107.941","bpm":"2.061"},{"game_id":1049,"team_name":"MEM","player_id":"{\"tillmxa01\"}","player_name":"{\"Xavier Tillman Sr.\"}","ts_pct":"0.573","efg_pct":"0.577","three_par":"0.202","ftr":"0.063","orb_pct":"6.574","drb_pct":"16.781","trb_pct":"11.840","ast_pct":"10.018","stl_pct":"1.396","blk_pct":"1.902","tov_pct":"14.531","usg_pct":"13.667","ortg":"112.624","drtg":"114.518","bpm":"-1.766"},{"game_id":1049,"team_name":"MEM","player_id":"{\"moranja01\"}","player_name":"{\"Ja Morant\"}","ts_pct":"0.523","efg_pct":"0.476","three_par":"0.335","ftr":"0.466","orb_pct":"2.526","drb_pct":"12.145","trb_pct":"7.482","ast_pct":"33.015","stl_pct":"1.384","blk_pct":"0.936","tov_pct":"18.109","usg_pct":"25.839","ortg":"104.212","drtg":"114.906","bpm":"-1.493"},{"game_id":1049,"team_name":"MEM","player_id":"{\"brookdi01\"}","player_name":"{\"Dillon Brooks\"}","ts_pct":"0.522","efg_pct":"0.482","three_par":"0.398","ftr":"0.268","orb_pct":"1.482","drb_pct":"6.501","trb_pct":"4.105","ast_pct":"9.679","stl_pct":"2.092","blk_pct":"1.062","tov_pct":"9.406","usg_pct":"26.638","ortg":"103.224","drtg":"114.965","bpm":"-5.189"},{"game_id":1049,"team_name":"MEM","player_id":"{\"valanjo01\"}","player_name":"{\"Jonas Valančiūnas\"}","ts_pct":"0.648","efg_pct":"0.635","three_par":"0.059","ftr":"0.223","orb_pct":"13.628","drb_pct":"29.288","trb_pct":"21.415","ast_pct":"9.601","stl_pct":"1.278","blk_pct":"5.688","tov_pct":"9.028","usg_pct":"19.213","ortg":"130.565","drtg":"105.576","bpm":"3.633"},{"game_id":1049,"team_name":"MEM","player_id":"benchMEM","player_name":"Bench of MEM","ts_pct":"0.551","efg_pct":"0.514","three_par":"0.475","ftr":"0.276","orb_pct":"5.552","drb_pct":"15.772","trb_pct":"10.692","ast_pct":"13.308","stl_pct":"1.936","blk_pct":"3.156","tov_pct":"9.918","usg_pct":"19.551","ortg":"113.721","drtg":"111.271","bpm":"0.625"},{"game_id":1049,"team_name":"SAC","player_id":"{\"kinglo02\"}","player_name":"{\"Louis King\"}","ts_pct":"0.242","efg_pct":"0.254","three_par":"0.527","ftr":"0.068","orb_pct":"0.000","drb_pct":"23.148","trb_pct":"11.879","ast_pct":"4.876","stl_pct":"0.882","blk_pct":"0.000","tov_pct":"6.176","usg_pct":"15.160","ortg":"48.082","drtg":"110.365","bpm":"-15.272"},{"game_id":1049,"team_name":"SAC","player_id":"{\"wrighde01\"}","player_name":"{\"Delon Wright\"}","ts_pct":"0.637","efg_pct":"0.626","three_par":"0.383","ftr":"0.112","orb_pct":"5.140","drb_pct":"13.922","trb_pct":"9.745","ast_pct":"25.939","stl_pct":"3.524","blk_pct":"1.839","tov_pct":"15.911","usg_pct":"19.133","ortg":"119.894","drtg":"104.600","bpm":"4.529"},{"game_id":1049,"team_name":"SAC","player_id":"{\"hieldbu01\"}","player_name":"{\"Buddy Hield\"}","ts_pct":"0.581","efg_pct":"0.564","three_par":"0.704","ftr":"0.089","orb_pct":"1.349","drb_pct":"16.951","trb_pct":"9.212","ast_pct":"24.169","stl_pct":"1.827","blk_pct":"2.124","tov_pct":"14.800","usg_pct":"21.958","ortg":"110.965","drtg":"107.224","bpm":"2.241"},{"game_id":1049,"team_name":"SAC","player_id":"{\"metuch01\"}","player_name":"{\"Chimezie Metu\"}","ts_pct":"0.570","efg_pct":"0.547","three_par":"0.246","ftr":"0.374","orb_pct":"4.820","drb_pct":"16.024","trb_pct":"10.800","ast_pct":"6.131","stl_pct":"1.931","blk_pct":"2.684","tov_pct":"11.299","usg_pct":"20.886","ortg":"107.459","drtg":"114.976","bpm":"-4.593"},{"game_id":1049,"team_name":"SAC","player_id":"{\"jamesju01\"}","player_name":"{\"Justin James\"}","ts_pct":"0.370","efg_pct":"0.365","three_par":"0.246","ftr":"0.159","orb_pct":"2.539","drb_pct":"2.294","trb_pct":"2.535","ast_pct":"7.849","stl_pct":"1.136","blk_pct":"2.233","tov_pct":"7.951","usg_pct":"16.352","ortg":"75.694","drtg":"113.224","bpm":"-7.727"},{"game_id":1049,"team_name":"SAC","player_id":"{\"harklma01\"}","player_name":"{\"Maurice Harkless\"}","ts_pct":"0.474","efg_pct":"0.431","three_par":"0.467","ftr":"0.309","orb_pct":"1.458","drb_pct":"12.411","trb_pct":"6.956","ast_pct":"8.473","stl_pct":"2.073","blk_pct":"2.394","tov_pct":"11.480","usg_pct":"14.774","ortg":"96.647","drtg":"107.941","bpm":"-4.219"},{"game_id":1049,"team_name":"SAC","player_id":"benchSAC","player_name":"Bench of SAC","ts_pct":"0.641","efg_pct":"0.621","three_par":"0.230","ftr":"0.328","orb_pct":"4.411","drb_pct":"18.483","trb_pct":"11.497","ast_pct":"11.383","stl_pct":"1.698","blk_pct":"3.185","tov_pct":"12.502","usg_pct":"19.070","ortg":"120.003","drtg":"106.591","bpm":"0.256"}]