[{"game_id":1133,"team_name":"PHO","player_id":"{\"saricda01\"}","player_name":"{\"Dario Šarić\"}","ts_pct":"0.517","efg_pct":"0.405","three_par":"0.476","ftr":"0.508","orb_pct":"5.831","drb_pct":"12.686","trb_pct":"9.484","ast_pct":"12.196","stl_pct":"1.586","blk_pct":"1.100","tov_pct":"16.268","usg_pct":"18.833","ortg":"94.847","drtg":"111.753","bpm":"-3.059"},{"game_id":1133,"team_name":"PHO","player_id":"{\"bookede01\"}","player_name":"{\"Devin Booker\"}","ts_pct":"0.617","efg_pct":"0.532","three_par":"0.303","ftr":"0.431","orb_pct":"1.855","drb_pct":"14.556","trb_pct":"8.708","ast_pct":"20.132","stl_pct":"0.545","blk_pct":"0.291","tov_pct":"13.332","usg_pct":"31.936","ortg":"114.600","drtg":"110.988","bpm":"2.207"},{"game_id":1133,"team_name":"PHO","player_id":"{\"aytonde01\"}","player_name":"{\"Deandre Ayton\"}","ts_pct":"0.787","efg_pct":"0.781","three_par":"0.000","ftr":"0.513","orb_pct":"9.111","drb_pct":"22.732","trb_pct":"16.142","ast_pct":"4.453","stl_pct":"0.785","blk_pct":"2.100","tov_pct":"7.049","usg_pct":"12.918","ortg":"153.659","drtg":"110.612","bpm":"3.252"},{"game_id":1133,"team_name":"PHO","player_id":"{\"paulch01\"}","player_name":"{\"Chris Paul\"}","ts_pct":"0.505","efg_pct":"0.474","three_par":"0.181","ftr":"0.212","orb_pct":"0.708","drb_pct":"12.349","trb_pct":"6.845","ast_pct":"44.845","stl_pct":"1.791","blk_pct":"0.545","tov_pct":"13.900","usg_pct":"21.732","ortg":"115.188","drtg":"108.824","bpm":"1.115"},{"game_id":1133,"team_name":"PHO","player_id":"{\"bridgmi01\"}","player_name":"{\"Mikal Bridges\"}","ts_pct":"0.618","efg_pct":"0.608","three_par":"0.582","ftr":"0.070","orb_pct":"2.928","drb_pct":"12.885","trb_pct":"7.971","ast_pct":"9.111","stl_pct":"2.315","blk_pct":"1.901","tov_pct":"3.898","usg_pct":"14.576","ortg":"126.859","drtg":"106.624","bpm":"4.432"},{"game_id":1133,"team_name":"PHO","player_id":"{\"crowdja01\"}","player_name":"{\"Jae Crowder\"}","ts_pct":"0.604","efg_pct":"0.567","three_par":"0.843","ftr":"0.203","orb_pct":"2.009","drb_pct":"13.934","trb_pct":"8.158","ast_pct":"9.093","stl_pct":"1.819","blk_pct":"2.674","tov_pct":"7.673","usg_pct":"15.662","ortg":"114.847","drtg":"107.388","bpm":"2.451"},{"game_id":1133,"team_name":"PHO","player_id":"benchPHO","player_name":"Bench of PHO","ts_pct":"0.569","efg_pct":"0.544","three_par":"0.474","ftr":"0.289","orb_pct":"3.527","drb_pct":"16.349","trb_pct":"10.047","ast_pct":"8.789","stl_pct":"1.241","blk_pct":"1.583","tov_pct":"8.435","usg_pct":"17.893","ortg":"110.032","drtg":"110.549","bpm":"-1.094"},{"game_id":1133,"team_name":"DEN","player_id":"{\"howarma02\"}","player_name":"{\"Markus Howard\"}","ts_pct":"0.578","efg_pct":"0.574","three_par":"0.530","ftr":"0.020","orb_pct":"0.427","drb_pct":"6.854","trb_pct":"3.571","ast_pct":"7.232","stl_pct":"0.862","blk_pct":"1.076","tov_pct":"7.592","usg_pct":"14.496","ortg":"146.929","drtg":"123.871","bpm":"-0.920"},{"game_id":1133,"team_name":"DEN","player_id":"{\"jokicni01\"}","player_name":"{\"Nikola Jokić\"}","ts_pct":"0.630","efg_pct":"0.577","three_par":"0.206","ftr":"0.309","orb_pct":"10.185","drb_pct":"25.294","trb_pct":"17.554","ast_pct":"28.273","stl_pct":"0.866","blk_pct":"1.508","tov_pct":"8.979","usg_pct":"36.318","ortg":"127.424","drtg":"119.012","bpm":"9.233"},{"game_id":1133,"team_name":"DEN","player_id":"{\"campafa01\"}","player_name":"{\"Facundo Campazzo\"}","ts_pct":"0.525","efg_pct":"0.428","three_par":"0.619","ftr":"0.462","orb_pct":"3.568","drb_pct":"9.794","trb_pct":"6.387","ast_pct":"23.984","stl_pct":"2.762","blk_pct":"1.758","tov_pct":"15.442","usg_pct":"15.914","ortg":"116.259","drtg":"119.765","bpm":"-0.593"},{"game_id":1133,"team_name":"DEN","player_id":"{\"riverau01\"}","player_name":"{\"Austin Rivers\"}","ts_pct":"0.623","efg_pct":"0.602","three_par":"0.617","ftr":"0.211","orb_pct":"0.518","drb_pct":"7.480","trb_pct":"3.873","ast_pct":"9.531","stl_pct":"0.615","blk_pct":"0.819","tov_pct":"11.262","usg_pct":"12.968","ortg":"119.047","drtg":"124.494","bpm":"-3.079"},{"game_id":1133,"team_name":"DEN","player_id":"{\"portemi01\"}","player_name":"{\"Michael Porter Jr.\"}","ts_pct":"0.649","efg_pct":"0.629","three_par":"0.595","ftr":"0.118","orb_pct":"3.660","drb_pct":"18.674","trb_pct":"10.878","ast_pct":"7.256","stl_pct":"1.488","blk_pct":"0.471","tov_pct":"15.400","usg_pct":"21.504","ortg":"113.529","drtg":"121.224","bpm":"-0.226"},{"game_id":1133,"team_name":"DEN","player_id":"{\"gordoaa01\"}","player_name":"{\"Aaron Gordon\"}","ts_pct":"0.536","efg_pct":"0.515","three_par":"0.266","ftr":"0.306","orb_pct":"8.901","drb_pct":"14.804","trb_pct":"11.720","ast_pct":"9.764","stl_pct":"0.618","blk_pct":"1.212","tov_pct":"5.846","usg_pct":"17.634","ortg":"119.271","drtg":"124.247","bpm":"-1.893"},{"game_id":1133,"team_name":"DEN","player_id":"benchDEN","player_name":"Bench of DEN","ts_pct":"0.436","efg_pct":"0.400","three_par":"0.360","ftr":"0.286","orb_pct":"3.818","drb_pct":"16.877","trb_pct":"10.727","ast_pct":"12.776","stl_pct":"1.681","blk_pct":"1.971","tov_pct":"10.008","usg_pct":"17.346","ortg":"98.113","drtg":"116.328","bpm":"-1.424"}]