[{"game_id":1163,"team_name":"LAC","player_id":"teamLAC","player_name":"Team name: LAC","fg":"39.743","fga":"83.234","fg_pct":"0.477","three_p":"13.726","three_pa":"35.629","three_p_pct":"0.385","ft":"18.520","fta":"23.006","ft_pct":"0.805","orb":"8.863","drb":"32.931","trb":"41.794","ast":"19.577","stl":"7.223","blk":"3.646","tov":"9.274","pf":"18.737","pts":"111.731"},{"game_id":1163,"team_name":"PHO","player_id":"teamPHO","player_name":"Team name: PHO","fg":"40.480","fga":"85.166","fg_pct":"0.475","three_p":"10.537","three_pa":"28.531","three_p_pct":"0.369","ft":"17.000","fta":"18.931","ft_pct":"0.898","orb":"8.543","drb":"36.497","trb":"45.040","ast":"23.846","stl":"5.629","blk":"4.160","tov":"11.029","pf":"18.611","pts":"108.497"}]