[{"game_id":1085,"team_name":"WAS","player_id":"teamWAS","player_name":"Team name: WAS","ts_pct":"0.563","efg_pct":"0.523","three_par":"0.297","ftr":"0.315","orb_pct":"5.867","drb_pct":"15.735","trb_pct":"10.747","ast_pct":"11.955","stl_pct":"1.183","blk_pct":"2.504","tov_pct":"10.214","usg_pct":"19.997","ortg":"115.979","drtg":"128.725","bpm":"-1.635"},{"game_id":1085,"team_name":"IND","player_id":"teamIND","player_name":"Team name: IND","ts_pct":"0.544","efg_pct":"0.519","three_par":"0.349","ftr":"0.202","orb_pct":"5.112","drb_pct":"13.449","trb_pct":"9.474","ast_pct":"13.472","stl_pct":"1.411","blk_pct":"1.972","tov_pct":"10.451","usg_pct":"19.283","ortg":"108.312","drtg":"113.363","bpm":"-1.811"}]