[{"game_id":1138,"team_name":"UTA","player_id":"teamUTA","player_name":"Team name: UTA","ts_pct":"0.583","efg_pct":"0.548","three_par":"0.472","ftr":"0.271","orb_pct":"6.893","drb_pct":"16.867","trb_pct":"12.067","ast_pct":"9.592","stl_pct":"1.350","blk_pct":"1.659","tov_pct":"11.003","usg_pct":"20.866","ortg":"125.773","drtg":"124.745","bpm":"-0.627"},{"game_id":1138,"team_name":"LAC","player_id":"teamLAC","player_name":"Team name: LAC","ts_pct":"0.568","efg_pct":"0.525","three_par":"0.427","ftr":"0.259","orb_pct":"4.744","drb_pct":"15.290","trb_pct":"10.154","ast_pct":"13.768","stl_pct":"1.128","blk_pct":"2.770","tov_pct":"9.047","usg_pct":"18.798","ortg":"117.533","drtg":"124.090","bpm":"-0.632"}]