[{"game_id":1076,"team_name":"MIN","player_id":"teamMIN","player_name":"Team name: MIN","ts_pct":"0.567","efg_pct":"0.533","three_par":"0.446","ftr":"0.321","orb_pct":"5.577","drb_pct":"15.926","trb_pct":"10.615","ast_pct":"15.644","stl_pct":"1.512","blk_pct":"2.650","tov_pct":"11.130","usg_pct":"19.399","ortg":"118.603","drtg":"117.291","bpm":"-1.109"},{"game_id":1076,"team_name":"DAL","player_id":"teamDAL","player_name":"Team name: DAL","ts_pct":"0.662","efg_pct":"0.629","three_par":"0.465","ftr":"0.341","orb_pct":"7.231","drb_pct":"18.383","trb_pct":"12.559","ast_pct":"16.035","stl_pct":"1.734","blk_pct":"1.550","tov_pct":"11.982","usg_pct":"23.991","ortg":"137.812","drtg":"140.944","bpm":"-2.695"}]