[{"game_id":1218,"team_name":"NOP","player_id":"teamNOP","player_name":"Team name: NOP","fg":"44.714","fga":"95.749","fg_pct":"0.467","three_p":"13.611","three_pa":"37.657","three_p_pct":"0.361","ft":"14.691","fta":"18.486","ft_pct":"0.795","orb":"10.360","drb":"37.291","trb":"47.651","ast":"27.326","stl":"6.377","blk":"4.646","tov":"16.611","pf":"22.440","pts":"117.731"},{"game_id":1218,"team_name":"GSW","player_id":"teamGSW","player_name":"Team name: GSW","fg":"37.246","fga":"86.697","fg_pct":"0.430","three_p":"11.617","three_pa":"34.383","three_p_pct":"0.338","ft":"21.229","fta":"25.509","ft_pct":"0.832","orb":"10.343","drb":"31.937","trb":"42.280","ast":"26.611","stl":"8.063","blk":"4.006","tov":"14.794","pf":"21.663","pts":"107.337"}]