[{"game_id":1254,"team_name":"POR","player_id":"teamPOR","player_name":"Team name: POR","fg":"38.949","fga":"89.143","fg_pct":"0.437","three_p":"11.240","three_pa":"31.709","three_p_pct":"0.354","ft":"19.126","fta":"23.777","ft_pct":"0.804","orb":"9.417","drb":"35.846","trb":"45.263","ast":"19.851","stl":"6.857","blk":"5.240","tov":"14.223","pf":"24.537","pts":"108.263"},{"game_id":1254,"team_name":"PHI","player_id":"teamPHI","player_name":"Team name: PHI","fg":"37.040","fga":"83.246","fg_pct":"0.445","three_p":"9.714","three_pa":"30.486","three_p_pct":"0.319","ft":"21.269","fta":"27.211","ft_pct":"0.782","orb":"10.297","drb":"37.571","trb":"47.869","ast":"23.537","stl":"8.200","blk":"6.171","tov":"17.937","pf":"24.880","pts":"105.063"}]