[{"game_id":1128,"team_name":"DAL","player_id":"{\"richajo01\"}","player_name":"{\"Josh Richardson\"}","fg":"2.459","fga":"6.459","fg_pct":"0.381","three_p":"0.753","three_pa":"2.059","three_p_pct":"0.366","ft":"1.306","fta":"1.306","ft_pct":"1.000","orb":"0.788","drb":"1.247","trb":"2.035","ast":"1.200","stl":"0.671","blk":"0.059","tov":"0.706","pf":"1.165","pts":"6.976"},{"game_id":1128,"team_name":"DAL","player_id":"{\"poweldw01\"}","player_name":"{\"Dwight Powell\"}","fg":"1.706","fga":"2.165","fg_pct":"0.788","three_p":"0.000","three_pa":"0.000","three_p_pct":"NaN","ft":"1.471","fta":"1.765","ft_pct":"0.833","orb":"1.271","drb":"2.282","trb":"3.553","ast":"1.671","stl":"0.388","blk":"0.459","tov":"0.553","pf":"1.765","pts":"4.882"},{"game_id":1128,"team_name":"DAL","player_id":"{\"finnedo01\"}","player_name":"{\"Dorian Finney-Smith\"}","fg":"3.471","fga":"8.224","fg_pct":"0.422","three_p":"1.812","three_pa":"4.565","three_p_pct":"0.397","ft":"0.388","fta":"0.471","ft_pct":"0.824","orb":"1.682","drb":"3.353","trb":"5.035","ast":"1.741","stl":"0.976","blk":"0.329","tov":"1.129","pf":"2.776","pts":"9.141"},{"game_id":1128,"team_name":"DAL","player_id":"{\"doncilu01\"}","player_name":"{\"Luka Dončić\"}","fg":"11.318","fga":"24.565","fg_pct":"0.461","three_p":"3.847","three_pa":"9.906","three_p_pct":"0.388","ft":"3.271","fta":"6.000","ft_pct":"0.545","orb":"0.776","drb":"6.824","trb":"7.600","ast":"8.706","stl":"0.929","blk":"0.412","tov":"4.047","pf":"2.024","pts":"29.753"},{"game_id":1128,"team_name":"DAL","player_id":"{\"hardati02\"}","player_name":"{\"Tim Hardaway Jr.\"}","fg":"5.518","fga":"12.965","fg_pct":"0.426","three_p":"3.200","three_pa":"7.282","three_p_pct":"0.439","ft":"2.647","fta":"3.118","ft_pct":"0.849","orb":"0.565","drb":"2.718","trb":"3.282","ast":"2.247","stl":"0.506","blk":"0.094","tov":"0.776","pf":"1.741","pts":"16.882"},{"game_id":1128,"team_name":"DAL","player_id":"{\"porzikr01\"}","player_name":"{\"Kristaps Porziņģis\"}","fg":"5.576","fga":"11.353","fg_pct":"0.491","three_p":"1.765","three_pa":"3.871","three_p_pct":"0.456","ft":"2.153","fta":"2.565","ft_pct":"0.839","orb":"1.212","drb":"3.588","trb":"4.800","ast":"1.000","stl":"0.600","blk":"0.576","tov":"0.235","pf":"2.682","pts":"15.071"},{"game_id":1128,"team_name":"DAL","player_id":"benchDAL","player_name":"Bench of DAL","fg":"2.280","fga":"4.356","fg_pct":"0.523","three_p":"0.782","three_pa":"1.765","three_p_pct":"0.443","ft":"1.030","fta":"1.230","ft_pct":"0.837","orb":"0.808","drb":"2.425","trb":"3.234","ast":"1.217","stl":"0.239","blk":"0.241","tov":"0.511","pf":"1.768","pts":"6.372"},{"game_id":1128,"team_name":"LAC","player_id":"{\"zubaciv01\"}","player_name":"{\"Ivica Zubac\"}","fg":"2.165","fga":"3.424","fg_pct":"0.632","three_p":"0.082","three_pa":"0.082","three_p_pct":"1.000","ft":"0.706","fta":"1.000","ft_pct":"0.706","orb":"2.471","drb":"3.353","trb":"5.824","ast":"0.376","stl":"0.000","blk":"0.471","tov":"0.588","pf":"2.129","pts":"5.118"},{"game_id":1128,"team_name":"LAC","player_id":"{\"georgpa01\"}","player_name":"{\"Paul George\"}","fg":"8.082","fga":"17.271","fg_pct":"0.468","three_p":"2.518","three_pa":"7.588","three_p_pct":"0.332","ft":"4.059","fta":"4.435","ft_pct":"0.915","orb":"0.529","drb":"7.894","trb":"8.424","ast":"4.753","stl":"0.529","blk":"0.588","tov":"3.024","pf":"3.318","pts":"22.741"},{"game_id":1128,"team_name":"LAC","player_id":"{\"leonaka01\"}","player_name":"{\"Kawhi Leonard\"}","fg":"8.882","fga":"16.341","fg_pct":"0.544","three_p":"2.035","three_pa":"5.141","three_p_pct":"0.396","ft":"6.282","fta":"7.059","ft_pct":"0.890","orb":"1.341","drb":"5.388","trb":"6.729","ast":"4.635","stl":"1.553","blk":"0.906","tov":"2.682","pf":"1.953","pts":"26.082"},{"game_id":1128,"team_name":"LAC","player_id":"{\"morrima03\"}","player_name":"{\"Marcus Morris\"}","fg":"3.835","fga":"8.341","fg_pct":"0.460","three_p":"1.906","three_pa":"4.482","three_p_pct":"0.425","ft":"1.329","fta":"1.776","ft_pct":"0.748","orb":"0.741","drb":"3.129","trb":"3.871","ast":"1.129","stl":"0.506","blk":"0.494","tov":"0.918","pf":"3.071","pts":"10.906"},{"game_id":1128,"team_name":"LAC","player_id":"{\"jacksre01\"}","player_name":"{\"Reggie Jackson\"}","fg":"4.576","fga":"10.612","fg_pct":"0.431","three_p":"3.094","three_pa":"7.765","three_p_pct":"0.398","ft":"0.706","fta":"0.706","ft_pct":"1.000","orb":"0.400","drb":"2.200","trb":"2.600","ast":"2.282","stl":"0.365","blk":"0.188","tov":"0.929","pf":"1.765","pts":"12.953"},{"game_id":1128,"team_name":"LAC","player_id":"{\"batumni01\"}","player_name":"{\"Nicolas Batum\"}","fg":"3.094","fga":"6.165","fg_pct":"0.502","three_p":"1.341","three_pa":"3.624","three_p_pct":"0.370","ft":"1.400","fta":"1.812","ft_pct":"0.773","orb":"1.012","drb":"4.165","trb":"5.176","ast":"1.494","stl":"1.094","blk":"0.482","tov":"0.424","pf":"1.047","pts":"8.929"},{"game_id":1128,"team_name":"LAC","player_id":"benchLAC","player_name":"Bench of LAC","fg":"2.494","fga":"5.152","fg_pct":"0.484","three_p":"0.833","three_pa":"2.168","three_p_pct":"0.384","ft":"0.904","fta":"1.279","ft_pct":"0.707","orb":"0.422","drb":"2.150","trb":"2.572","ast":"2.729","stl":"0.442","blk":"0.352","tov":"0.894","pf":"1.336","pts":"6.726"}]