[{"game_id":1058,"team_name":"MEM","player_id":"{\"winslju01\"}","player_name":"{\"Justise Winslow\"}","fg":"1.435","fga":"4.812","fg_pct":"0.298","three_p":"0.082","three_pa":"0.929","three_p_pct":"0.088","ft":"0.894","fta":"1.506","ft_pct":"0.594","orb":"0.365","drb":"2.871","trb":"3.235","ast":"1.894","stl":"0.412","blk":"0.518","tov":"0.776","pf":"1.200","pts":"3.847"},{"game_id":1058,"team_name":"MEM","player_id":"{\"tilliki02\"}","player_name":"{\"Killian Tillie\"}","fg":"0.824","fga":"2.000","fg_pct":"0.412","three_p":"0.482","three_pa":"1.365","three_p_pct":"0.353","ft":"0.400","fta":"0.400","ft_pct":"1.000","orb":"0.212","drb":"0.776","trb":"0.988","ast":"0.659","stl":"0.235","blk":"0.388","tov":"0.000","pf":"1.176","pts":"2.529"},{"game_id":1058,"team_name":"MEM","player_id":"{\"tillmxa01\"}","player_name":"{\"Xavier Tillman Sr.\"}","fg":"2.200","fga":"3.847","fg_pct":"0.572","three_p":"0.424","three_pa":"1.012","three_p_pct":"0.419","ft":"0.071","fta":"0.235","ft_pct":"0.302","orb":"1.035","drb":"2.624","trb":"3.659","ast":"1.153","stl":"0.447","blk":"0.447","tov":"1.141","pf":"0.906","pts":"4.894"},{"game_id":1058,"team_name":"MEM","player_id":"{\"fraziti01\"}","player_name":"{\"Tim Frazier\"}","fg":"0.506","fga":"2.388","fg_pct":"0.212","three_p":"0.000","three_pa":"0.882","three_p_pct":"0.000","ft":"0.071","fta":"0.141","ft_pct":"0.504","orb":"0.082","drb":"1.153","trb":"1.235","ast":"2.565","stl":"0.282","blk":"0.294","tov":"1.200","pf":"1.235","pts":"1.082"},{"game_id":1058,"team_name":"MEM","player_id":"{\"jonesty01\"}","player_name":"{\"Tyus Jones\"}","fg":"1.588","fga":"3.165","fg_pct":"0.502","three_p":"0.647","three_pa":"1.282","three_p_pct":"0.505","ft":"0.282","fta":"0.365","ft_pct":"0.773","orb":"0.059","drb":"1.318","trb":"1.376","ast":"2.471","stl":"0.353","blk":"0.071","tov":"0.447","pf":"0.165","pts":"4.106"},{"game_id":1058,"team_name":"MEM","player_id":"{\"konchjo01\"}","player_name":"{\"John Konchar\"}","fg":"2.294","fga":"3.835","fg_pct":"0.598","three_p":"0.612","three_pa":"1.600","three_p_pct":"0.382","ft":"0.282","fta":"0.282","ft_pct":"1.000","orb":"0.965","drb":"2.400","trb":"3.365","ast":"1.188","stl":"0.071","blk":"0.247","tov":"0.212","pf":"0.529","pts":"5.482"},{"game_id":1058,"team_name":"MEM","player_id":"benchMEM","player_name":"Bench of MEM","fg":"1.972","fga":"4.836","fg_pct":"0.408","three_p":"1.094","three_pa":"3.138","three_p_pct":"0.349","ft":"0.342","fta":"0.410","ft_pct":"0.834","orb":"0.315","drb":"1.826","trb":"2.140","ast":"1.364","stl":"0.361","blk":"0.367","tov":"0.861","pf":"1.022","pts":"5.381"},{"game_id":1058,"team_name":"SAC","player_id":"{\"harklma01\"}","player_name":"{\"Maurice Harkless\"}","fg":"3.176","fga":"7.835","fg_pct":"0.405","three_p":"0.906","three_pa":"3.800","three_p_pct":"0.238","ft":"1.647","fta":"2.306","ft_pct":"0.714","orb":"0.329","drb":"3.424","trb":"3.753","ast":"2.059","stl":"1.388","blk":"0.882","tov":"0.894","pf":"3.224","pts":"8.906"},{"game_id":1058,"team_name":"SAC","player_id":"{\"woodaro01\"}","player_name":"{\"Robert Woodard II\"}","fg":"0.459","fga":"0.871","fg_pct":"0.527","three_p":"0.071","three_pa":"0.224","three_p_pct":"0.317","ft":"0.318","fta":"0.635","ft_pct":"0.501","orb":"0.141","drb":"0.612","trb":"0.753","ast":"0.000","stl":"0.000","blk":"0.282","tov":"0.000","pf":"0.259","pts":"1.306"},{"game_id":1058,"team_name":"SAC","player_id":"{\"jonesda03\"}","player_name":"{\"Damian Jones\"}","fg":"2.600","fga":"4.447","fg_pct":"0.585","three_p":"0.129","three_pa":"0.235","three_p_pct":"0.549","ft":"1.176","fta":"1.824","ft_pct":"0.645","orb":"1.635","drb":"3.282","trb":"4.918","ast":"1.859","stl":"0.471","blk":"1.729","tov":"0.835","pf":"2.282","pts":"6.506"},{"game_id":1058,"team_name":"SAC","player_id":"{\"kinglo02\"}","player_name":"{\"Louis King\"}","fg":"0.671","fga":"1.953","fg_pct":"0.344","three_p":"0.235","three_pa":"1.047","three_p_pct":"0.224","ft":"0.153","fta":"0.341","ft_pct":"0.449","orb":"0.153","drb":"1.294","trb":"1.447","ast":"0.706","stl":"0.200","blk":"0.000","tov":"0.224","pf":"0.976","pts":"1.729"},{"game_id":1058,"team_name":"SAC","player_id":"{\"ramseja01\"}","player_name":"{\"Jahmi'us Ramsey\"}","fg":"0.541","fga":"1.624","fg_pct":"0.333","three_p":"0.141","three_pa":"0.824","three_p_pct":"0.171","ft":"0.282","fta":"0.282","ft_pct":"1.000","orb":"0.094","drb":"0.306","trb":"0.400","ast":"0.247","stl":"0.376","blk":"0.059","tov":"0.188","pf":"0.106","pts":"1.506"},{"game_id":1058,"team_name":"SAC","player_id":"{\"hieldbu01\"}","player_name":"{\"Buddy Hield\"}","fg":"5.788","fga":"14.600","fg_pct":"0.396","three_p":"4.176","three_pa":"10.035","three_p_pct":"0.416","ft":"1.035","fta":"1.118","ft_pct":"0.926","orb":"0.424","drb":"5.176","trb":"5.600","ast":"5.988","stl":"1.271","blk":"0.612","tov":"2.729","pf":"2.118","pts":"16.788"},{"game_id":1058,"team_name":"SAC","player_id":"benchSAC","player_name":"Bench of SAC","fg":"4.935","fga":"9.861","fg_pct":"0.500","three_p":"1.880","three_pa":"4.186","three_p_pct":"0.449","ft":"1.280","fta":"1.661","ft_pct":"0.771","orb":"0.825","drb":"2.968","trb":"3.794","ast":"2.899","stl":"1.350","blk":"0.455","tov":"1.480","pf":"1.677","pts":"13.029"}]