[{"game_id":124,"team_name":"NOP","player_id":"{\"balllo01\"}","player_name":"{\"Lonzo Ball\"}","ts_pct":"0.519","efg_pct":"0.512","three_par":"0.581","ftr":"0.095","orb_pct":"1.860","drb_pct":"12.320","trb_pct":"7.014","ast_pct":"22.026","stl_pct":"1.139","blk_pct":"2.231","tov_pct":"18.747","usg_pct":"21.254","ortg":"96.341","drtg":"109.506","bpm":"-3.184"},{"game_id":124,"team_name":"NOP","player_id":"{\"ingrabr01\"}","player_name":"{\"Brandon Ingram\"}","ts_pct":"0.583","efg_pct":"0.526","three_par":"0.315","ftr":"0.361","orb_pct":"1.912","drb_pct":"19.289","trb_pct":"10.821","ast_pct":"26.765","stl_pct":"0.789","blk_pct":"2.329","tov_pct":"10.539","usg_pct":"28.739","ortg":"117.176","drtg":"107.953","bpm":"5.525"},{"game_id":124,"team_name":"NOP","player_id":"{\"adamsst01\"}","player_name":"{\"Steven Adams\"}","ts_pct":"0.662","efg_pct":"0.684","three_par":"0.000","ftr":"0.480","orb_pct":"13.415","drb_pct":"19.386","trb_pct":"16.454","ast_pct":"11.264","stl_pct":"2.387","blk_pct":"2.479","tov_pct":"20.348","usg_pct":"14.242","ortg":"119.918","drtg":"103.576","bpm":"2.491"},{"game_id":124,"team_name":"NOP","player_id":"{\"willizi01\"}","player_name":"{\"Zion Williamson\"}","ts_pct":"0.623","efg_pct":"0.601","three_par":"0.008","ftr":"0.556","orb_pct":"11.596","drb_pct":"14.405","trb_pct":"12.855","ast_pct":"6.993","stl_pct":"1.859","blk_pct":"1.372","tov_pct":"12.713","usg_pct":"28.487","ortg":"115.729","drtg":"108.718","bpm":"2.753"},{"game_id":124,"team_name":"NOP","player_id":"{\"bledser01\"}","player_name":"{\"Eric Bledsoe\"}","ts_pct":"0.557","efg_pct":"0.529","three_par":"0.456","ftr":"0.257","orb_pct":"2.007","drb_pct":"12.160","trb_pct":"6.942","ast_pct":"22.445","stl_pct":"1.775","blk_pct":"1.515","tov_pct":"12.909","usg_pct":"18.366","ortg":"112.976","drtg":"107.882","bpm":"1.878"},{"game_id":124,"team_name":"NOP","player_id":"{\"hayesja02\"}","player_name":"{\"Jaxson Hayes\"}","ts_pct":"0.464","efg_pct":"0.410","three_par":"0.000","ftr":"0.427","orb_pct":"12.247","drb_pct":"20.382","trb_pct":"16.524","ast_pct":"7.275","stl_pct":"0.964","blk_pct":"6.293","tov_pct":"22.181","usg_pct":"12.533","ortg":"119.965","drtg":"105.141","bpm":"-3.011"},{"game_id":124,"team_name":"NOP","player_id":"benchNOP","player_name":"Bench of NOP","ts_pct":"0.421","efg_pct":"0.378","three_par":"0.620","ftr":"0.251","orb_pct":"2.130","drb_pct":"17.155","trb_pct":"9.851","ast_pct":"9.768","stl_pct":"1.561","blk_pct":"1.058","tov_pct":"11.823","usg_pct":"17.817","ortg":"86.672","drtg":"109.792","bpm":"-5.157"},{"game_id":124,"team_name":"CHO","player_id":"{\"martico01\"}","player_name":"{\"Cody Martin\"}","ts_pct":"0.501","efg_pct":"0.439","three_par":"0.241","ftr":"0.294","orb_pct":"3.487","drb_pct":"13.504","trb_pct":"8.126","ast_pct":"13.768","stl_pct":"1.854","blk_pct":"0.305","tov_pct":"12.547","usg_pct":"11.120","ortg":"119.894","drtg":"109.729","bpm":"-2.075"},{"game_id":124,"team_name":"CHO","player_id":"{\"haywago01\"}","player_name":"{\"Gordon Hayward\"}","ts_pct":"0.569","efg_pct":"0.527","three_par":"0.341","ftr":"0.215","orb_pct":"1.538","drb_pct":"15.736","trb_pct":"8.155","ast_pct":"18.864","stl_pct":"1.849","blk_pct":"1.174","tov_pct":"10.538","usg_pct":"24.642","ortg":"109.541","drtg":"109.741","bpm":"2.024"},{"game_id":124,"team_name":"CHO","player_id":"{\"grahade01\"}","player_name":"{\"Devonte' Graham\"}","ts_pct":"0.415","efg_pct":"0.380","three_par":"0.637","ftr":"0.135","orb_pct":"0.980","drb_pct":"8.672","trb_pct":"4.553","ast_pct":"27.314","stl_pct":"2.434","blk_pct":"0.000","tov_pct":"5.660","usg_pct":"20.028","ortg":"98.129","drtg":"112.035","bpm":"-1.715"},{"game_id":124,"team_name":"CHO","player_id":"{\"roziete01\"}","player_name":"{\"Terry Rozier\"}","ts_pct":"0.608","efg_pct":"0.553","three_par":"0.512","ftr":"0.319","orb_pct":"2.067","drb_pct":"8.629","trb_pct":"5.155","ast_pct":"15.542","stl_pct":"1.465","blk_pct":"1.606","tov_pct":"10.869","usg_pct":"24.333","ortg":"112.529","drtg":"113.082","bpm":"2.115"},{"game_id":124,"team_name":"CHO","player_id":"{\"bridgmi02\"}","player_name":"{\"Miles Bridges\"}","ts_pct":"0.458","efg_pct":"0.422","three_par":"0.459","ftr":"0.130","orb_pct":"4.021","drb_pct":"22.146","trb_pct":"13.100","ast_pct":"9.331","stl_pct":"1.389","blk_pct":"5.215","tov_pct":"16.452","usg_pct":"17.419","ortg":"81.259","drtg":"106.906","bpm":"-4.524"},{"game_id":124,"team_name":"CHO","player_id":"{\"washipj01\"}","player_name":"{\"P.J. Washington\"}","ts_pct":"0.513","efg_pct":"0.464","three_par":"0.348","ftr":"0.348","orb_pct":"6.199","drb_pct":"16.800","trb_pct":"11.345","ast_pct":"15.305","stl_pct":"1.820","blk_pct":"2.602","tov_pct":"16.904","usg_pct":"20.646","ortg":"96.224","drtg":"108.682","bpm":"-3.056"},{"game_id":124,"team_name":"CHO","player_id":"benchCHO","player_name":"Bench of CHO","ts_pct":"0.504","efg_pct":"0.493","three_par":"0.290","ftr":"0.345","orb_pct":"6.846","drb_pct":"14.978","trb_pct":"10.499","ast_pct":"20.574","stl_pct":"2.015","blk_pct":"2.262","tov_pct":"12.958","usg_pct":"18.263","ortg":"103.895","drtg":"108.984","bpm":"-0.118"}]