[{"game_id":1164,"team_name":"MIL","player_id":"teamMIL","player_name":"Team name: MIL","fg":"40.943","fga":"89.783","fg_pct":"0.456","three_p":"10.766","three_pa":"35.326","three_p_pct":"0.305","ft":"12.771","fta":"18.594","ft_pct":"0.687","orb":"11.834","drb":"34.269","trb":"46.103","ast":"21.251","stl":"7.851","blk":"4.977","tov":"11.886","pf":"17.480","pts":"105.423"},{"game_id":1164,"team_name":"ATL","player_id":"teamATL","player_name":"Team name: ATL","fg":"39.149","fga":"86.874","fg_pct":"0.451","three_p":"10.171","three_pa":"32.469","three_p_pct":"0.313","ft":"16.057","fta":"21.114","ft_pct":"0.760","orb":"9.297","drb":"32.903","trb":"42.200","ast":"19.349","stl":"7.280","blk":"3.571","tov":"11.874","pf":"22.171","pts":"104.526"}]