[{"game_id":1036,"team_name":"SAC","player_id":"{\"guyky01\"}","player_name":"{\"Kyle Guy\"}","ts_pct":"0.317","efg_pct":"0.266","three_par":"0.389","ftr":"0.312","orb_pct":"2.602","drb_pct":"10.825","trb_pct":"6.706","ast_pct":"12.064","stl_pct":"0.000","blk_pct":"0.000","tov_pct":"26.974","usg_pct":"23.665","ortg":"75.000","drtg":"117.812","bpm":"-14.146"},{"game_id":1036,"team_name":"SAC","player_id":"{\"harklma01\"}","player_name":"{\"Maurice Harkless\"}","ts_pct":"0.481","efg_pct":"0.437","three_par":"0.437","ftr":"0.282","orb_pct":"1.596","drb_pct":"11.647","trb_pct":"6.625","ast_pct":"7.654","stl_pct":"2.264","blk_pct":"1.506","tov_pct":"11.895","usg_pct":"13.324","ortg":"97.176","drtg":"110.329","bpm":"-4.064"},{"game_id":1036,"team_name":"SAC","player_id":"{\"wrighde01\"}","player_name":"{\"Delon Wright\"}","ts_pct":"0.565","efg_pct":"0.552","three_par":"0.320","ftr":"0.131","orb_pct":"5.272","drb_pct":"13.904","trb_pct":"9.805","ast_pct":"23.281","stl_pct":"2.992","blk_pct":"2.085","tov_pct":"15.131","usg_pct":"18.999","ortg":"110.412","drtg":"107.318","bpm":"1.679"},{"game_id":1036,"team_name":"SAC","player_id":"{\"daviste02\"}","player_name":"{\"Terence Davis\"}","ts_pct":"0.581","efg_pct":"0.554","three_par":"0.565","ftr":"0.176","orb_pct":"1.525","drb_pct":"17.793","trb_pct":"9.942","ast_pct":"15.056","stl_pct":"2.187","blk_pct":"1.440","tov_pct":"16.486","usg_pct":"22.009","ortg":"106.353","drtg":"108.388","bpm":"0.608"},{"game_id":1036,"team_name":"SAC","player_id":"{\"hieldbu01\"}","player_name":"{\"Buddy Hield\"}","ts_pct":"0.578","efg_pct":"0.558","three_par":"0.694","ftr":"0.102","orb_pct":"1.722","drb_pct":"17.985","trb_pct":"9.951","ast_pct":"23.000","stl_pct":"1.796","blk_pct":"2.491","tov_pct":"13.218","usg_pct":"20.982","ortg":"113.494","drtg":"108.647","bpm":"3.006"},{"game_id":1036,"team_name":"SAC","player_id":"{\"metuch01\"}","player_name":"{\"Chimezie Metu\"}","ts_pct":"0.529","efg_pct":"0.505","three_par":"0.217","ftr":"0.396","orb_pct":"4.814","drb_pct":"16.015","trb_pct":"10.859","ast_pct":"5.433","stl_pct":"1.665","blk_pct":"3.096","tov_pct":"11.393","usg_pct":"22.796","ortg":"100.059","drtg":"117.894","bpm":"-5.969"},{"game_id":1036,"team_name":"SAC","player_id":"benchSAC","player_name":"Bench of SAC","ts_pct":"0.483","efg_pct":"0.468","three_par":"0.224","ftr":"0.245","orb_pct":"3.268","drb_pct":"13.979","trb_pct":"8.700","ast_pct":"8.861","stl_pct":"1.628","blk_pct":"2.545","tov_pct":"9.245","usg_pct":"16.699","ortg":"93.085","drtg":"111.540","bpm":"-4.127"},{"game_id":1036,"team_name":"OKC","player_id":"{\"bazleda01\"}","player_name":"{\"Darius Bazley\"}","ts_pct":"0.511","efg_pct":"0.481","three_par":"0.321","ftr":"0.366","orb_pct":"5.291","drb_pct":"19.108","trb_pct":"11.067","ast_pct":"14.216","stl_pct":"0.794","blk_pct":"0.191","tov_pct":"13.182","usg_pct":"26.507","ortg":"96.694","drtg":"122.824","bpm":"-3.493"},{"game_id":1036,"team_name":"OKC","player_id":"{\"willike04\"}","player_name":"{\"Kenrich Williams\"}","ts_pct":"0.607","efg_pct":"0.609","three_par":"0.306","ftr":"0.187","orb_pct":"5.619","drb_pct":"14.079","trb_pct":"8.858","ast_pct":"21.154","stl_pct":"2.564","blk_pct":"1.034","tov_pct":"20.335","usg_pct":"17.118","ortg":"109.459","drtg":"120.035","bpm":"-0.535"},{"game_id":1036,"team_name":"OKC","player_id":"{\"pokusal01\"}","player_name":"{\"Aleksej Pokusevski\"}","ts_pct":"0.382","efg_pct":"0.369","three_par":"0.435","ftr":"0.095","orb_pct":"3.600","drb_pct":"13.141","trb_pct":"8.466","ast_pct":"21.920","stl_pct":"0.824","blk_pct":"1.613","tov_pct":"14.771","usg_pct":"21.774","ortg":"84.176","drtg":"118.071","bpm":"-6.322"},{"game_id":1036,"team_name":"OKC","player_id":"{\"brownmo01\"}","player_name":"{\"Moses Brown\"}","ts_pct":"0.540","efg_pct":"0.527","three_par":"0.000","ftr":"0.523","orb_pct":"16.412","drb_pct":"25.469","trb_pct":"20.655","ast_pct":"0.789","stl_pct":"2.198","blk_pct":"4.789","tov_pct":"10.848","usg_pct":"14.208","ortg":"117.518","drtg":"114.694","bpm":"-3.504"},{"game_id":1036,"team_name":"OKC","player_id":"{\"robyis01\"}","player_name":"{\"Isaiah Roby\"}","ts_pct":"0.471","efg_pct":"0.442","three_par":"0.384","ftr":"0.267","orb_pct":"4.692","drb_pct":"20.361","trb_pct":"11.654","ast_pct":"9.975","stl_pct":"2.325","blk_pct":"0.768","tov_pct":"26.316","usg_pct":"17.635","ortg":"76.565","drtg":"118.071","bpm":"-7.839"},{"game_id":1036,"team_name":"OKC","player_id":"{\"mykhasv01\"}","player_name":"{\"Svi Mykhailiuk\"}","ts_pct":"0.469","efg_pct":"0.461","three_par":"0.567","ftr":"0.053","orb_pct":"1.066","drb_pct":"12.648","trb_pct":"6.089","ast_pct":"14.376","stl_pct":"1.775","blk_pct":"0.202","tov_pct":"12.804","usg_pct":"23.744","ortg":"91.471","drtg":"121.200","bpm":"-4.828"},{"game_id":1036,"team_name":"OKC","player_id":"benchOKC","player_name":"Bench of OKC","ts_pct":"0.518","efg_pct":"0.491","three_par":"0.185","ftr":"0.354","orb_pct":"7.247","drb_pct":"17.511","trb_pct":"11.462","ast_pct":"12.424","stl_pct":"2.394","blk_pct":"1.233","tov_pct":"9.314","usg_pct":"16.087","ortg":"106.530","drtg":"119.240","bpm":"-2.313"}]