[{"game_id":1070,"team_name":"GSW","player_id":"{\"curryst01\"}","player_name":"{\"Stephen Curry\"}","ts_pct":"0.628","efg_pct":"0.573","three_par":"0.627","ftr":"0.317","orb_pct":"1.168","drb_pct":"12.734","trb_pct":"7.264","ast_pct":"25.998","stl_pct":"2.052","blk_pct":"0.122","tov_pct":"10.240","usg_pct":"39.596","ortg":"116.235","drtg":"109.965","bpm":"7.645"},{"game_id":1070,"team_name":"GSW","player_id":"{\"greendr01\"}","player_name":"{\"Draymond Green\"}","ts_pct":"0.636","efg_pct":"0.611","three_par":"0.297","ftr":"0.258","orb_pct":"2.587","drb_pct":"25.612","trb_pct":"14.385","ast_pct":"36.634","stl_pct":"2.807","blk_pct":"2.146","tov_pct":"30.129","usg_pct":"12.808","ortg":"127.494","drtg":"103.718","bpm":"5.406"},{"game_id":1070,"team_name":"GSW","player_id":"{\"wiggian01\"}","player_name":"{\"Andrew Wiggins\"}","ts_pct":"0.578","efg_pct":"0.551","three_par":"0.313","ftr":"0.160","orb_pct":"5.826","drb_pct":"8.921","trb_pct":"7.773","ast_pct":"13.891","stl_pct":"0.854","blk_pct":"2.361","tov_pct":"7.260","usg_pct":"25.953","ortg":"114.788","drtg":"112.329","bpm":"-0.002"},{"game_id":1070,"team_name":"GSW","player_id":"{\"looneke01\"}","player_name":"{\"Kevon Looney\"}","ts_pct":"0.581","efg_pct":"0.565","three_par":"0.016","ftr":"0.489","orb_pct":"7.299","drb_pct":"24.289","trb_pct":"16.488","ast_pct":"10.291","stl_pct":"0.299","blk_pct":"1.026","tov_pct":"7.249","usg_pct":"8.080","ortg":"137.388","drtg":"110.882","bpm":"-2.522"},{"game_id":1070,"team_name":"GSW","player_id":"{\"bazemke01\"}","player_name":"{\"Kent Bazemore\"}","ts_pct":"0.655","efg_pct":"0.649","three_par":"0.478","ftr":"0.111","orb_pct":"0.689","drb_pct":"17.220","trb_pct":"9.421","ast_pct":"7.674","stl_pct":"2.104","blk_pct":"1.631","tov_pct":"15.188","usg_pct":"16.149","ortg":"105.918","drtg":"107.012","bpm":"-1.585"},{"game_id":1070,"team_name":"GSW","player_id":"{\"toscaju01\"}","player_name":"{\"Juan Toscano-Anderson\"}","ts_pct":"0.697","efg_pct":"0.704","three_par":"0.546","ftr":"0.197","orb_pct":"1.602","drb_pct":"21.282","trb_pct":"11.875","ast_pct":"22.781","stl_pct":"1.958","blk_pct":"2.336","tov_pct":"24.727","usg_pct":"10.546","ortg":"127.071","drtg":"107.212","bpm":"1.814"},{"game_id":1070,"team_name":"GSW","player_id":"benchGSW","player_name":"Bench of GSW","ts_pct":"0.640","efg_pct":"0.608","three_par":"0.722","ftr":"0.213","orb_pct":"2.574","drb_pct":"7.297","trb_pct":"5.028","ast_pct":"9.992","stl_pct":"0.388","blk_pct":"1.039","tov_pct":"6.572","usg_pct":"24.269","ortg":"119.520","drtg":"115.486","bpm":"0.772"},{"game_id":1070,"team_name":"MEM","player_id":"{\"moranja01\"}","player_name":"{\"Ja Morant\"}","ts_pct":"0.509","efg_pct":"0.468","three_par":"0.352","ftr":"0.420","orb_pct":"3.969","drb_pct":"11.559","trb_pct":"7.884","ast_pct":"31.064","stl_pct":"1.159","blk_pct":"0.812","tov_pct":"20.393","usg_pct":"24.806","ortg":"101.659","drtg":"115.518","bpm":"-3.058"},{"game_id":1070,"team_name":"MEM","player_id":"{\"valanjo01\"}","player_name":"{\"Jonas Valančiūnas\"}","ts_pct":"0.686","efg_pct":"0.661","three_par":"0.042","ftr":"0.319","orb_pct":"12.706","drb_pct":"30.624","trb_pct":"22.008","ast_pct":"10.081","stl_pct":"1.008","blk_pct":"5.531","tov_pct":"9.905","usg_pct":"19.054","ortg":"136.000","drtg":"105.965","bpm":"4.626"},{"game_id":1070,"team_name":"MEM","player_id":"{\"jacksja02\"}","player_name":"{\"Jaren Jackson Jr.\"}","ts_pct":"0.565","efg_pct":"0.508","three_par":"0.489","ftr":"0.350","orb_pct":"7.654","drb_pct":"18.188","trb_pct":"12.879","ast_pct":"7.256","stl_pct":"2.031","blk_pct":"5.479","tov_pct":"11.151","usg_pct":"26.216","ortg":"109.565","drtg":"110.729","bpm":"-0.140"},{"game_id":1070,"team_name":"MEM","player_id":"{\"brookdi01\"}","player_name":"{\"Dillon Brooks\"}","ts_pct":"0.514","efg_pct":"0.486","three_par":"0.366","ftr":"0.214","orb_pct":"2.876","drb_pct":"7.008","trb_pct":"4.993","ast_pct":"10.121","stl_pct":"1.995","blk_pct":"1.552","tov_pct":"7.280","usg_pct":"27.908","ortg":"105.835","drtg":"114.565","bpm":"-4.033"},{"game_id":1070,"team_name":"MEM","player_id":"{\"anderky01\"}","player_name":"{\"Kyle Anderson\"}","ts_pct":"0.683","efg_pct":"0.644","three_par":"0.424","ftr":"0.403","orb_pct":"0.969","drb_pct":"14.645","trb_pct":"8.167","ast_pct":"22.246","stl_pct":"1.662","blk_pct":"2.741","tov_pct":"12.534","usg_pct":"18.740","ortg":"128.588","drtg":"111.941","bpm":"4.954"},{"game_id":1070,"team_name":"MEM","player_id":"{\"banede01\"}","player_name":"{\"Desmond Bane\"}","ts_pct":"0.537","efg_pct":"0.529","three_par":"0.686","ftr":"0.073","orb_pct":"1.776","drb_pct":"13.691","trb_pct":"8.025","ast_pct":"14.301","stl_pct":"1.073","blk_pct":"1.824","tov_pct":"10.300","usg_pct":"16.914","ortg":"109.388","drtg":"113.059","bpm":"-1.429"},{"game_id":1070,"team_name":"MEM","player_id":"benchMEM","player_name":"Bench of MEM","ts_pct":"0.522","efg_pct":"0.504","three_par":"0.364","ftr":"0.222","orb_pct":"5.879","drb_pct":"13.888","trb_pct":"10.016","ast_pct":"14.154","stl_pct":"1.918","blk_pct":"2.831","tov_pct":"16.003","usg_pct":"16.423","ortg":"109.074","drtg":"110.384","bpm":"-1.680"}]