[{"game_id":1071,"team_name":"ATL","player_id":"{\"hillso01\"}","player_name":"{\"Solomon Hill\"}","ts_pct":"0.385","efg_pct":"0.219","three_par":"0.612","ftr":"0.447","orb_pct":"1.731","drb_pct":"13.306","trb_pct":"8.241","ast_pct":"7.559","stl_pct":"1.151","blk_pct":"0.127","tov_pct":"8.881","usg_pct":"6.912","ortg":"96.612","drtg":"117.012","bpm":"-2.867"},{"game_id":1071,"team_name":"ATL","player_id":"{\"okongon01\"}","player_name":"{\"Onyeka Okongwu\"}","ts_pct":"0.666","efg_pct":"0.640","three_par":"0.010","ftr":"0.252","orb_pct":"16.632","drb_pct":"13.419","trb_pct":"14.628","ast_pct":"7.784","stl_pct":"1.279","blk_pct":"3.626","tov_pct":"23.374","usg_pct":"17.389","ortg":"127.647","drtg":"113.576","bpm":"-0.398"},{"game_id":1071,"team_name":"ATL","player_id":"{\"mayssk01\"}","player_name":"{\"Skylar Mays\"}","ts_pct":"0.623","efg_pct":"0.548","three_par":"0.344","ftr":"0.406","orb_pct":"0.482","drb_pct":"8.489","trb_pct":"4.409","ast_pct":"7.989","stl_pct":"4.385","blk_pct":"0.000","tov_pct":"3.656","usg_pct":"19.728","ortg":"126.341","drtg":"110.882","bpm":"4.707"},{"game_id":1071,"team_name":"ATL","player_id":"{\"knighna01\"}","player_name":"{\"Nathan Knight\"}","ts_pct":"0.389","efg_pct":"0.201","three_par":"0.442","ftr":"0.830","orb_pct":"7.844","drb_pct":"20.002","trb_pct":"14.106","ast_pct":"7.627","stl_pct":"1.589","blk_pct":"4.418","tov_pct":"3.220","usg_pct":"27.781","ortg":"96.882","drtg":"111.600","bpm":"-6.425"},{"game_id":1071,"team_name":"ATL","player_id":"{\"huntede01\"}","player_name":"{\"De'Andre Hunter\"}","ts_pct":"0.469","efg_pct":"0.430","three_par":"0.369","ftr":"0.228","orb_pct":"2.285","drb_pct":"12.348","trb_pct":"7.474","ast_pct":"9.348","stl_pct":"2.139","blk_pct":"1.791","tov_pct":"7.222","usg_pct":"20.591","ortg":"98.918","drtg":"112.459","bpm":"-2.180"},{"game_id":1071,"team_name":"ATL","player_id":"{\"snellto01\"}","player_name":"{\"Tony Snell\"}","ts_pct":"0.667","efg_pct":"0.651","three_par":"0.621","ftr":"0.099","orb_pct":"3.416","drb_pct":"11.100","trb_pct":"7.253","ast_pct":"6.169","stl_pct":"1.254","blk_pct":"0.646","tov_pct":"5.114","usg_pct":"6.312","ortg":"141.329","drtg":"118.729","bpm":"-1.421"},{"game_id":1071,"team_name":"ATL","player_id":"benchATL","player_name":"Bench of ATL","ts_pct":"0.515","efg_pct":"0.445","three_par":"0.235","ftr":"0.286","orb_pct":"2.647","drb_pct":"12.866","trb_pct":"8.028","ast_pct":"17.503","stl_pct":"0.511","blk_pct":"0.690","tov_pct":"19.867","usg_pct":"22.836","ortg":"96.683","drtg":"117.651","bpm":"-4.256"},{"game_id":1071,"team_name":"HOU","player_id":"{\"lamban01\"}","player_name":"{\"Anthony Lamb\"}","ts_pct":"0.647","efg_pct":"0.623","three_par":"0.651","ftr":"0.139","orb_pct":"4.715","drb_pct":"13.586","trb_pct":"9.241","ast_pct":"8.467","stl_pct":"0.671","blk_pct":"1.169","tov_pct":"11.796","usg_pct":"13.340","ortg":"120.765","drtg":"126.165","bpm":"-2.784"},{"game_id":1071,"team_name":"HOU","player_id":"{\"martike04\"}","player_name":"{\"Kenyon Martin Jr.\"}","ts_pct":"0.642","efg_pct":"0.624","three_par":"0.383","ftr":"0.268","orb_pct":"4.549","drb_pct":"22.258","trb_pct":"13.092","ast_pct":"8.885","stl_pct":"1.139","blk_pct":"2.408","tov_pct":"8.888","usg_pct":"18.186","ortg":"123.518","drtg":"122.259","bpm":"-0.300"},{"game_id":1071,"team_name":"HOU","player_id":"{\"brookar01\"}","player_name":"{\"Armoni Brooks\"}","ts_pct":"0.620","efg_pct":"0.613","three_par":"0.762","ftr":"0.061","orb_pct":"1.856","drb_pct":"9.925","trb_pct":"5.719","ast_pct":"8.421","stl_pct":"0.901","blk_pct":"1.418","tov_pct":"7.964","usg_pct":"17.745","ortg":"116.188","drtg":"125.576","bpm":"-1.631"},{"game_id":1071,"team_name":"HOU","player_id":"{\"reynoca01\"}","player_name":"{\"Cameron Reynolds\"}","ts_pct":"0.528","efg_pct":"0.522","three_par":"0.276","ftr":"0.029","orb_pct":"0.000","drb_pct":"12.306","trb_pct":"6.252","ast_pct":"2.965","stl_pct":"0.334","blk_pct":"0.000","tov_pct":"10.092","usg_pct":"17.309","ortg":"103.329","drtg":"119.776","bpm":"-2.440"},{"game_id":1071,"team_name":"HOU","player_id":"{\"oliveca01\"}","player_name":"{\"Cameron Oliver\"}","ts_pct":"0.584","efg_pct":"0.601","three_par":"0.439","ftr":"0.100","orb_pct":"1.803","drb_pct":"16.950","trb_pct":"9.658","ast_pct":"10.572","stl_pct":"1.433","blk_pct":"1.000","tov_pct":"9.922","usg_pct":"19.367","ortg":"108.583","drtg":"121.778","bpm":"-2.817"},{"game_id":1071,"team_name":"HOU","player_id":"{\"olynyke01\"}","player_name":"{\"Kelly Olynyk\"}","ts_pct":"0.629","efg_pct":"0.547","three_par":"0.339","ftr":"0.664","orb_pct":"5.784","drb_pct":"27.205","trb_pct":"16.348","ast_pct":"33.914","stl_pct":"3.236","blk_pct":"1.428","tov_pct":"16.241","usg_pct":"26.966","ortg":"124.059","drtg":"117.247","bpm":"6.031"},{"game_id":1071,"team_name":"HOU","player_id":"benchHOU","player_name":"Bench of HOU","ts_pct":"0.549","efg_pct":"0.509","three_par":"0.430","ftr":"0.376","orb_pct":"3.292","drb_pct":"10.264","trb_pct":"6.620","ast_pct":"21.198","stl_pct":"0.964","blk_pct":"0.205","tov_pct":"15.981","usg_pct":"21.316","ortg":"108.084","drtg":"124.414","bpm":"-5.052"}]