[{"game_id":1005,"team_name":"IND","player_id":"teamIND","player_name":"Team name: IND","ts_pct":"0.580","efg_pct":"0.547","three_par":"0.349","ftr":"0.253","orb_pct":"4.405","drb_pct":"14.402","trb_pct":"9.758","ast_pct":"15.294","stl_pct":"1.395","blk_pct":"2.379","tov_pct":"12.315","usg_pct":"20.826","ortg":"113.394","drtg":"120.954","bpm":"-2.564"},{"game_id":1005,"team_name":"WAS","player_id":"teamWAS","player_name":"Team name: WAS","ts_pct":"0.636","efg_pct":"0.601","three_par":"0.311","ftr":"0.402","orb_pct":"6.573","drb_pct":"15.460","trb_pct":"11.228","ast_pct":"13.588","stl_pct":"1.446","blk_pct":"2.435","tov_pct":"11.771","usg_pct":"21.720","ortg":"132.921","drtg":"133.142","bpm":"-1.775"}]