[{"game_id":1040,"team_name":"DAL","player_id":"teamDAL","player_name":"Team name: DAL","ts_pct":"0.691","efg_pct":"0.660","three_par":"0.453","ftr":"0.310","orb_pct":"7.417","drb_pct":"18.196","trb_pct":"12.633","ast_pct":"15.791","stl_pct":"1.945","blk_pct":"1.637","tov_pct":"11.913","usg_pct":"24.161","ortg":"140.776","drtg":"141.821","bpm":"-2.132"},{"game_id":1040,"team_name":"NOP","player_id":"teamNOP","player_name":"Team name: NOP","ts_pct":"0.505","efg_pct":"0.471","three_par":"0.303","ftr":"0.283","orb_pct":"5.882","drb_pct":"15.590","trb_pct":"10.601","ast_pct":"14.455","stl_pct":"2.026","blk_pct":"2.164","tov_pct":"13.446","usg_pct":"19.414","ortg":"103.916","drtg":"109.918","bpm":"-1.253"}]