[{"game_id":1097,"team_name":"BRK","player_id":"teamBRK","player_name":"Team name: BRK","fg":"41.754","fga":"85.229","fg_pct":"0.490","three_p":"13.846","three_pa":"34.680","three_p_pct":"0.399","ft":"17.646","fta":"22.480","ft_pct":"0.785","orb":"8.377","drb":"36.971","trb":"45.349","ast":"25.303","stl":"6.446","blk":"6.343","tov":"11.594","pf":"19.349","pts":"115.000"},{"game_id":1097,"team_name":"BOS","player_id":"teamBOS","player_name":"Team name: BOS","fg":"40.011","fga":"90.411","fg_pct":"0.443","three_p":"14.766","three_pa":"39.543","three_p_pct":"0.373","ft":"15.686","fta":"20.200","ft_pct":"0.777","orb":"9.651","drb":"33.211","trb":"42.863","ast":"23.017","stl":"6.674","blk":"6.880","tov":"12.000","pf":"20.183","pts":"110.474"}]