[{"game_id":1239,"team_name":"LAC","player_id":"{\"mcgruro01\"}","player_name":"{\"Rodney McGruder\"}","fg":"0.988","fga":"3.682","fg_pct":"0.268","three_p":"0.306","three_pa":"1.459","three_p_pct":"0.210","ft":"0.506","fta":"1.000","ft_pct":"0.506","orb":"1.012","drb":"1.729","trb":"2.741","ast":"0.600","stl":"0.306","blk":"0.129","tov":"0.341","pf":"0.871","pts":"2.788"},{"game_id":1239,"team_name":"LAC","player_id":"{\"leonaka01\"}","player_name":"{\"Kawhi Leonard\"}","fg":"9.259","fga":"19.235","fg_pct":"0.481","three_p":"2.082","three_pa":"5.753","three_p_pct":"0.362","ft":"6.988","fta":"7.965","ft_pct":"0.877","orb":"1.494","drb":"6.506","trb":"8.000","ast":"5.965","stl":"1.941","blk":"1.294","tov":"2.918","pf":"2.612","pts":"27.588"},{"game_id":1239,"team_name":"LAC","player_id":"{\"beverpa01\"}","player_name":"{\"Patrick Beverley\"}","fg":"3.165","fga":"8.447","fg_pct":"0.375","three_p":"1.259","three_pa":"4.847","three_p_pct":"0.260","ft":"0.671","fta":"1.094","ft_pct":"0.613","orb":"1.341","drb":"5.588","trb":"6.929","ast":"3.259","stl":"1.635","blk":"0.506","tov":"2.024","pf":"3.200","pts":"8.259"},{"game_id":1239,"team_name":"LAC","player_id":"{\"willilo02\"}","player_name":"{\"Lou Williams\"}","fg":"6.965","fga":"15.906","fg_pct":"0.438","three_p":"1.353","three_pa":"4.082","three_p_pct":"0.331","ft":"6.376","fta":"7.800","ft_pct":"0.817","orb":"0.588","drb":"2.588","trb":"3.176","ast":"5.682","stl":"0.624","blk":"0.047","tov":"3.165","pf":"1.494","pts":"21.659"},{"game_id":1239,"team_name":"LAC","player_id":"{\"harremo01\"}","player_name":"{\"Montrezl Harrell\"}","fg":"7.153","fga":"9.976","fg_pct":"0.717","three_p":"0.000","three_pa":"0.071","three_p_pct":"0.000","ft":"3.129","fta":"4.353","ft_pct":"0.719","orb":"1.941","drb":"3.600","trb":"5.541","ast":"2.071","stl":"0.612","blk":"0.541","tov":"2.082","pf":"2.976","pts":"17.435"},{"game_id":1239,"team_name":"LAC","player_id":"{\"shamela01\"}","player_name":"{\"Landry Shamet\"}","fg":"2.741","fga":"7.200","fg_pct":"0.381","three_p":"1.835","three_pa":"5.200","three_p_pct":"0.353","ft":"1.612","fta":"1.612","ft_pct":"1.000","orb":"0.047","drb":"1.800","trb":"1.847","ast":"2.224","stl":"0.624","blk":"0.118","tov":"1.424","pf":"3.012","pts":"8.929"},{"game_id":1239,"team_name":"LAC","player_id":"benchLAC","player_name":"Bench of LAC","fg":"2.891","fga":"5.244","fg_pct":"0.551","three_p":"1.181","three_pa":"2.294","three_p_pct":"0.515","ft":"0.962","fta":"1.230","ft_pct":"0.782","orb":"1.065","drb":"3.034","trb":"4.099","ast":"0.845","stl":"0.499","blk":"0.630","tov":"0.837","pf":"2.510","pts":"7.925"},{"game_id":1239,"team_name":"SAS","player_id":"{\"walkelo01\"}","player_name":"{\"Lonnie Walker IV\"}","fg":"0.718","fga":"1.471","fg_pct":"0.488","three_p":"0.000","three_pa":"0.212","three_p_pct":"0.000","ft":"0.059","fta":"0.118","ft_pct":"0.500","orb":"0.000","drb":"0.706","trb":"0.706","ast":"0.576","stl":"0.059","blk":"0.059","tov":"0.000","pf":"0.153","pts":"1.494"},{"game_id":1239,"team_name":"SAS","player_id":"{\"aldrila01\"}","player_name":"{\"LaMarcus Aldridge\"}","fg":"7.929","fga":"16.706","fg_pct":"0.475","three_p":"0.694","three_pa":"1.635","three_p_pct":"0.424","ft":"4.000","fta":"4.882","ft_pct":"0.819","orb":"2.706","drb":"6.329","trb":"9.035","ast":"2.671","stl":"0.694","blk":"1.871","tov":"1.718","pf":"2.706","pts":"20.553"},{"game_id":1239,"team_name":"SAS","player_id":"{\"derozde01\"}","player_name":"{\"DeMar DeRozan\"}","fg":"8.271","fga":"16.965","fg_pct":"0.488","three_p":"0.000","three_pa":"0.200","three_p_pct":"0.000","ft":"5.424","fta":"6.718","ft_pct":"0.807","orb":"0.906","drb":"4.976","trb":"5.882","ast":"3.647","stl":"1.247","blk":"0.318","tov":"2.365","pf":"2.200","pts":"21.965"},{"game_id":1239,"team_name":"SAS","player_id":"{\"gayru01\"}","player_name":"{\"Rudy Gay\"}","fg":"3.894","fga":"9.153","fg_pct":"0.425","three_p":"0.871","three_pa":"3.153","three_p_pct":"0.276","ft":"2.318","fta":"2.706","ft_pct":"0.857","orb":"1.729","drb":"4.965","trb":"6.694","ast":"2.059","stl":"0.506","blk":"0.976","tov":"1.518","pf":"1.706","pts":"10.976"},{"game_id":1239,"team_name":"SAS","player_id":"{\"forbebr01\"}","player_name":"{\"Bryn Forbes\"}","fg":"4.671","fga":"9.894","fg_pct":"0.472","three_p":"2.494","three_pa":"5.482","three_p_pct":"0.455","ft":"1.565","fta":"1.847","ft_pct":"0.847","orb":"0.541","drb":"3.776","trb":"4.318","ast":"1.047","stl":"0.059","blk":"0.082","tov":"0.671","pf":"2.035","pts":"13.400"},{"game_id":1239,"team_name":"SAS","player_id":"{\"whitede01\"}","player_name":"{\"Derrick White\"}","fg":"5.118","fga":"9.165","fg_pct":"0.558","three_p":"0.718","three_pa":"1.965","three_p_pct":"0.365","ft":"2.765","fta":"3.753","ft_pct":"0.737","orb":"0.341","drb":"2.412","trb":"2.753","ast":"2.482","stl":"0.353","blk":"0.565","tov":"1.341","pf":"2.894","pts":"13.718"},{"game_id":1239,"team_name":"SAS","player_id":"benchSAS","player_name":"Bench of SAS","fg":"2.559","fga":"5.999","fg_pct":"0.427","three_p":"0.621","three_pa":"2.096","three_p_pct":"0.296","ft":"0.901","fta":"1.251","ft_pct":"0.720","orb":"1.034","drb":"2.960","trb":"3.994","ast":"2.428","stl":"0.589","blk":"0.360","tov":"0.865","pf":"1.584","pts":"6.639"}]