[{"game_id":1161,"team_name":"PHO","player_id":"teamPHO","player_name":"Team name: PHO","fg":"41.017","fga":"85.960","fg_pct":"0.477","three_p":"11.029","three_pa":"29.897","three_p_pct":"0.369","ft":"16.863","fta":"18.954","ft_pct":"0.890","orb":"8.320","drb":"37.389","trb":"45.709","ast":"24.491","stl":"5.686","blk":"4.571","tov":"10.109","pf":"18.789","pts":"109.926"},{"game_id":1161,"team_name":"LAC","player_id":"teamLAC","player_name":"Team name: LAC","fg":"38.663","fga":"83.269","fg_pct":"0.464","three_p":"14.406","three_pa":"36.851","three_p_pct":"0.391","ft":"19.309","fta":"24.137","ft_pct":"0.800","orb":"9.777","drb":"32.246","trb":"42.023","ast":"19.709","stl":"6.811","blk":"4.040","tov":"9.217","pf":"19.509","pts":"111.040"}]