[{"game_id":1099,"team_name":"LAC","player_id":"teamLAC","player_name":"Team name: LAC","ts_pct":"0.662","efg_pct":"0.633","three_par":"0.465","ftr":"0.269","orb_pct":"5.692","drb_pct":"17.493","trb_pct":"11.899","ast_pct":"17.113","stl_pct":"1.751","blk_pct":"2.104","tov_pct":"12.213","usg_pct":"21.128","ortg":"131.896","drtg":"126.346","bpm":"-0.979"},{"game_id":1099,"team_name":"DAL","player_id":"teamDAL","player_name":"Team name: DAL","ts_pct":"0.651","efg_pct":"0.601","three_par":"0.462","ftr":"0.327","orb_pct":"7.944","drb_pct":"18.307","trb_pct":"13.013","ast_pct":"16.399","stl_pct":"1.564","blk_pct":"1.640","tov_pct":"14.159","usg_pct":"24.315","ortg":"137.770","drtg":"147.759","bpm":"-3.416"}]