[{"game_id":121,"team_name":"POR","player_id":"teamPOR","player_name":"Team name: POR","fg":"40.109","fga":"92.274","fg_pct":"0.435","three_p":"15.211","three_pa":"39.886","three_p_pct":"0.381","ft":"19.331","fta":"24.669","ft_pct":"0.784","orb":"9.229","drb":"34.160","trb":"43.389","ast":"21.040","stl":"8.360","blk":"3.314","tov":"12.354","pf":"21.834","pts":"114.760"},{"game_id":121,"team_name":"MIN","player_id":"teamMIN","player_name":"Team name: MIN","fg":"40.937","fga":"91.726","fg_pct":"0.446","three_p":"10.949","three_pa":"34.789","three_p_pct":"0.315","ft":"15.880","fta":"21.246","ft_pct":"0.747","orb":"10.949","drb":"30.560","trb":"41.509","ast":"23.371","stl":"9.086","blk":"4.240","tov":"14.371","pf":"21.846","pts":"108.703"}]