[{"game_id":1016,"team_name":"ORL","player_id":"teamORL","player_name":"Team name: ORL","fg":"37.463","fga":"88.743","fg_pct":"0.422","three_p":"9.274","three_pa":"28.263","three_p_pct":"0.328","ft":"19.611","fta":"25.046","ft_pct":"0.783","orb":"9.886","drb":"34.549","trb":"44.434","ast":"18.731","stl":"7.177","blk":"5.137","tov":"11.120","pf":"17.931","pts":"103.811"},{"game_id":1016,"team_name":"MIN","player_id":"teamMIN","player_name":"Team name: MIN","fg":"43.766","fga":"91.520","fg_pct":"0.478","three_p":"14.817","three_pa":"40.623","three_p_pct":"0.365","ft":"17.549","fta":"24.623","ft_pct":"0.713","orb":"10.989","drb":"34.663","trb":"45.651","ast":"29.069","stl":"8.549","blk":"4.663","tov":"14.229","pf":"21.840","pts":"119.897"}]