[{"game_id":1226,"team_name":"CLE","player_id":"teamCLE","player_name":"Team name: CLE","ts_pct":"0.522","efg_pct":"0.496","three_par":"0.347","ftr":"0.277","orb_pct":"5.781","drb_pct":"18.144","trb_pct":"12.085","ast_pct":"11.568","stl_pct":"1.773","blk_pct":"0.999","tov_pct":"12.200","usg_pct":"21.035","ortg":"104.522","drtg":"125.123","bpm":"-2.265"},{"game_id":1226,"team_name":"CHI","player_id":"teamCHI","player_name":"Team name: CHI","ts_pct":"0.499","efg_pct":"0.472","three_par":"0.336","ftr":"0.254","orb_pct":"4.521","drb_pct":"15.960","trb_pct":"9.882","ast_pct":"13.070","stl_pct":"1.547","blk_pct":"1.460","tov_pct":"9.367","usg_pct":"20.490","ortg":"103.846","drtg":"119.346","bpm":"-3.323"}]