[{"game_id":1064,"team_name":"SAS","player_id":"{\"vassede01\"}","player_name":"{\"Devin Vassell\"}","fg":"2.788","fga":"6.200","fg_pct":"0.450","three_p":"0.753","three_pa":"3.106","three_p_pct":"0.242","ft":"1.129","fta":"1.459","ft_pct":"0.774","orb":"0.376","drb":"3.294","trb":"3.671","ast":"0.553","stl":"0.294","blk":"0.141","tov":"0.235","pf":"1.388","pts":"7.459"},{"game_id":1064,"team_name":"SAS","player_id":"{\"bateske01\"}","player_name":"{\"Keita Bates-Diop\"}","fg":"0.965","fga":"1.635","fg_pct":"0.590","three_p":"0.000","three_pa":"0.259","three_p_pct":"0.000","ft":"0.482","fta":"0.859","ft_pct":"0.561","orb":"0.247","drb":"1.400","trb":"1.647","ast":"0.247","stl":"0.306","blk":"0.400","tov":"0.565","pf":"0.506","pts":"2.412"},{"game_id":1064,"team_name":"SAS","player_id":"{\"jonestr01\"}","player_name":"{\"Tre Jones\"}","fg":"1.271","fga":"2.682","fg_pct":"0.474","three_p":"0.200","three_pa":"0.259","three_p_pct":"0.772","ft":"0.565","fta":"0.565","ft_pct":"1.000","orb":"0.400","drb":"0.435","trb":"0.835","ast":"1.341","stl":"0.224","blk":"0.000","tov":"0.106","pf":"0.518","pts":"3.306"},{"game_id":1064,"team_name":"SAS","player_id":"{\"weathqu01\"}","player_name":"{\"Quinndary Weatherspoon\"}","fg":"0.447","fga":"0.988","fg_pct":"0.452","three_p":"0.000","three_pa":"0.200","three_p_pct":"0.000","ft":"0.988","fta":"1.247","ft_pct":"0.792","orb":"0.212","drb":"0.094","trb":"0.306","ast":"0.271","stl":"0.235","blk":"0.118","tov":"0.188","pf":"0.588","pts":"1.882"},{"game_id":1064,"team_name":"SAS","player_id":"{\"johnske04\"}","player_name":"{\"Keldon Johnson\"}","fg":"4.353","fga":"9.800","fg_pct":"0.444","three_p":"0.776","three_pa":"2.188","three_p_pct":"0.355","ft":"2.365","fta":"2.918","ft_pct":"0.810","orb":"0.976","drb":"2.835","trb":"3.812","ast":"1.706","stl":"0.553","blk":"0.000","tov":"1.047","pf":"2.035","pts":"11.847"},{"game_id":1064,"team_name":"SAS","player_id":"{\"dienggo01\"}","player_name":"{\"Gorgui Dieng\"}","fg":"1.647","fga":"3.494","fg_pct":"0.471","three_p":"0.353","three_pa":"1.341","three_p_pct":"0.263","ft":"1.200","fta":"1.388","ft_pct":"0.865","orb":"0.741","drb":"1.376","trb":"2.118","ast":"1.471","stl":"0.659","blk":"0.000","tov":"0.682","pf":"0.906","pts":"4.847"},{"game_id":1064,"team_name":"SAS","player_id":"benchSAS","player_name":"Bench of SAS","fg":"3.396","fga":"7.751","fg_pct":"0.438","three_p":"1.427","three_pa":"3.751","three_p_pct":"0.380","ft":"0.977","fta":"1.027","ft_pct":"0.951","orb":"0.818","drb":"2.382","trb":"3.200","ast":"1.306","stl":"0.319","blk":"0.283","tov":"0.717","pf":"1.465","pts":"9.197"},{"game_id":1064,"team_name":"PHO","player_id":"{\"alexaty01\"}","player_name":"{\"Ty-Shon Alexander\"}","fg":"0.141","fga":"0.565","fg_pct":"0.250","three_p":"0.047","three_pa":"0.471","three_p_pct":"0.100","ft":"0.047","fta":"0.094","ft_pct":"0.500","orb":"0.094","drb":"0.506","trb":"0.600","ast":"0.388","stl":"0.000","blk":"0.094","tov":"0.212","pf":"0.141","pts":"0.376"},{"game_id":1064,"team_name":"PHO","player_id":"{\"bookede01\"}","player_name":"{\"Devin Booker\"}","fg":"8.812","fga":"18.941","fg_pct":"0.465","three_p":"1.212","three_pa":"4.482","three_p_pct":"0.270","ft":"7.024","fta":"7.765","ft_pct":"0.905","orb":"0.918","drb":"3.965","trb":"4.882","ast":"3.306","stl":"0.388","blk":"0.000","tov":"2.659","pf":"2.259","pts":"25.859"},{"game_id":1064,"team_name":"PHO","player_id":"{\"bridgmi01\"}","player_name":"{\"Mikal Bridges\"}","fg":"5.788","fga":"9.671","fg_pct":"0.598","three_p":"2.565","three_pa":"4.753","three_p_pct":"0.540","ft":"2.141","fta":"2.271","ft_pct":"0.943","orb":"0.729","drb":"3.506","trb":"4.235","ast":"1.988","stl":"1.494","blk":"1.165","tov":"1.024","pf":"1.847","pts":"16.282"},{"game_id":1064,"team_name":"PHO","player_id":"{\"paulch01\"}","player_name":"{\"Chris Paul\"}","fg":"7.400","fga":"13.341","fg_pct":"0.555","three_p":"1.741","three_pa":"3.494","three_p_pct":"0.498","ft":"2.541","fta":"2.659","ft_pct":"0.956","orb":"0.106","drb":"3.024","trb":"3.129","ast":"9.624","stl":"1.388","blk":"0.624","tov":"2.318","pf":"2.812","pts":"19.082"},{"game_id":1064,"team_name":"PHO","player_id":"{\"kaminfr01\"}","player_name":"{\"Frank Kaminsky\"}","fg":"2.882","fga":"6.212","fg_pct":"0.464","three_p":"0.271","three_pa":"1.718","three_p_pct":"0.158","ft":"1.024","fta":"1.482","ft_pct":"0.691","orb":"1.224","drb":"3.882","trb":"5.106","ast":"1.494","stl":"0.094","blk":"0.259","tov":"0.365","pf":"2.200","pts":"7.059"},{"game_id":1064,"team_name":"PHO","player_id":"{\"carteje01\"}","player_name":"{\"Jevon Carter\"}","fg":"1.224","fga":"2.588","fg_pct":"0.473","three_p":"0.941","three_pa":"1.918","three_p_pct":"0.491","ft":"0.082","fta":"0.165","ft_pct":"0.497","orb":"0.071","drb":"0.682","trb":"0.753","ast":"0.741","stl":"0.506","blk":"0.047","tov":"0.176","pf":"0.565","pts":"3.471"},{"game_id":1064,"team_name":"PHO","player_id":"benchPHO","player_name":"Bench of PHO","fg":"2.286","fga":"5.380","fg_pct":"0.425","three_p":"1.222","three_pa":"3.021","three_p_pct":"0.405","ft":"0.847","fta":"1.071","ft_pct":"0.791","orb":"0.598","drb":"1.996","trb":"2.594","ast":"1.282","stl":"0.415","blk":"0.372","tov":"0.651","pf":"1.548","pts":"6.641"}]