[{"game_id":1034,"team_name":"GSW","player_id":"teamGSW","player_name":"Team name: GSW","ts_pct":"0.563","efg_pct":"0.551","three_par":"0.417","ftr":"0.185","orb_pct":"3.753","drb_pct":"13.863","trb_pct":"9.357","ast_pct":"15.965","stl_pct":"1.674","blk_pct":"1.600","tov_pct":"16.054","usg_pct":"17.866","ortg":"113.123","drtg":"100.070","bpm":"1.102"},{"game_id":1034,"team_name":"PHO","player_id":"teamPHO","player_name":"Team name: PHO","ts_pct":"0.618","efg_pct":"0.589","three_par":"0.469","ftr":"0.289","orb_pct":"4.069","drb_pct":"17.636","trb_pct":"10.840","ast_pct":"14.834","stl_pct":"1.727","blk_pct":"1.858","tov_pct":"10.473","usg_pct":"20.899","ortg":"126.753","drtg":"133.799","bpm":"-0.912"}]