[{"game_id":1157,"team_name":"LAC","player_id":"{\"rondora01\"}","player_name":"{\"Rajon Rondo\"}","ts_pct":"0.406","efg_pct":"0.372","three_par":"0.633","ftr":"0.159","orb_pct":"3.116","drb_pct":"18.776","trb_pct":"11.140","ast_pct":"28.102","stl_pct":"0.581","blk_pct":"0.546","tov_pct":"13.492","usg_pct":"15.714","ortg":"109.200","drtg":"121.565","bpm":"-4.734"},{"game_id":1157,"team_name":"LAC","player_id":"{\"georgpa01\"}","player_name":"{\"Paul George\"}","ts_pct":"0.569","efg_pct":"0.501","three_par":"0.416","ftr":"0.421","orb_pct":"3.604","drb_pct":"20.884","trb_pct":"12.140","ast_pct":"21.541","stl_pct":"1.481","blk_pct":"1.973","tov_pct":"12.136","usg_pct":"32.962","ortg":"114.247","drtg":"120.294","bpm":"1.998"},{"game_id":1157,"team_name":"LAC","player_id":"{\"jacksre01\"}","player_name":"{\"Reggie Jackson\"}","ts_pct":"0.692","efg_pct":"0.668","three_par":"0.566","ftr":"0.138","orb_pct":"1.274","drb_pct":"9.358","trb_pct":"5.165","ast_pct":"17.811","stl_pct":"1.834","blk_pct":"0.336","tov_pct":"9.311","usg_pct":"21.352","ortg":"135.988","drtg":"123.447","bpm":"4.075"},{"game_id":1157,"team_name":"LAC","player_id":"{\"zubaciv01\"}","player_name":"{\"Ivica Zubac\"}","ts_pct":"0.618","efg_pct":"0.471","three_par":"0.000","ftr":"1.016","orb_pct":"12.658","drb_pct":"16.724","trb_pct":"14.798","ast_pct":"5.396","stl_pct":"0.000","blk_pct":"6.575","tov_pct":"22.599","usg_pct":"14.486","ortg":"114.671","drtg":"122.200","bpm":"-2.640"},{"game_id":1157,"team_name":"LAC","player_id":"{\"mannte01\"}","player_name":"{\"Terance Mann\"}","ts_pct":"0.610","efg_pct":"0.585","three_par":"0.430","ftr":"0.212","orb_pct":"3.200","drb_pct":"9.913","trb_pct":"6.519","ast_pct":"6.153","stl_pct":"1.673","blk_pct":"0.000","tov_pct":"1.365","usg_pct":"14.244","ortg":"128.141","drtg":"123.588","bpm":"0.531"},{"game_id":1157,"team_name":"LAC","player_id":"{\"beverpa01\"}","player_name":"{\"Patrick Beverley\"}","ts_pct":"0.577","efg_pct":"0.551","three_par":"0.473","ftr":"0.305","orb_pct":"3.505","drb_pct":"12.871","trb_pct":"8.146","ast_pct":"11.035","stl_pct":"2.319","blk_pct":"5.248","tov_pct":"7.259","usg_pct":"11.624","ortg":"121.882","drtg":"117.588","bpm":"1.367"},{"game_id":1157,"team_name":"LAC","player_id":"benchLAC","player_name":"Bench of LAC","ts_pct":"0.475","efg_pct":"0.467","three_par":"0.405","ftr":"0.099","orb_pct":"3.085","drb_pct":"14.941","trb_pct":"10.678","ast_pct":"5.729","stl_pct":"0.726","blk_pct":"1.297","tov_pct":"2.978","usg_pct":"12.112","ortg":"99.401","drtg":"117.490","bpm":"-0.955"},{"game_id":1157,"team_name":"PHO","player_id":"{\"mooreet01\"}","player_name":"{\"E'Twaun Moore\"}","ts_pct":"0.445","efg_pct":"0.429","three_par":"0.447","ftr":"0.054","orb_pct":"1.831","drb_pct":"20.112","trb_pct":"11.087","ast_pct":"27.127","stl_pct":"1.158","blk_pct":"0.301","tov_pct":"13.924","usg_pct":"19.993","ortg":"114.718","drtg":"111.906","bpm":"3.186"},{"game_id":1157,"team_name":"PHO","player_id":"{\"payneca01\"}","player_name":"{\"Cameron Payne\"}","ts_pct":"0.535","efg_pct":"0.499","three_par":"0.381","ftr":"0.120","orb_pct":"1.181","drb_pct":"11.568","trb_pct":"6.978","ast_pct":"25.107","stl_pct":"2.281","blk_pct":"3.054","tov_pct":"11.433","usg_pct":"24.355","ortg":"106.400","drtg":"108.047","bpm":"1.720"},{"game_id":1157,"team_name":"PHO","player_id":"{\"bookede01\"}","player_name":"{\"Devin Booker\"}","ts_pct":"0.603","efg_pct":"0.533","three_par":"0.311","ftr":"0.354","orb_pct":"2.072","drb_pct":"18.309","trb_pct":"11.112","ast_pct":"20.640","stl_pct":"0.740","blk_pct":"0.156","tov_pct":"14.826","usg_pct":"31.134","ortg":"111.435","drtg":"111.612","bpm":"0.551"},{"game_id":1157,"team_name":"PHO","player_id":"{\"paulch01\"}","player_name":"{\"Chris Paul\"}","ts_pct":"0.598","efg_pct":"0.548","three_par":"0.158","ftr":"0.306","orb_pct":"1.309","drb_pct":"12.152","trb_pct":"7.318","ast_pct":"43.507","stl_pct":"1.886","blk_pct":"0.554","tov_pct":"9.306","usg_pct":"22.181","ortg":"134.024","drtg":"107.353","bpm":"6.675"},{"game_id":1157,"team_name":"PHO","player_id":"{\"aytonde01\"}","player_name":"{\"Deandre Ayton\"}","ts_pct":"0.690","efg_pct":"0.676","three_par":"0.000","ftr":"0.319","orb_pct":"8.388","drb_pct":"24.051","trb_pct":"16.888","ast_pct":"3.721","stl_pct":"0.752","blk_pct":"1.121","tov_pct":"6.806","usg_pct":"16.912","ortg":"135.835","drtg":"108.941","bpm":"1.424"},{"game_id":1157,"team_name":"PHO","player_id":"{\"johnsca02\"}","player_name":"{\"Cameron Johnson\"}","ts_pct":"0.803","efg_pct":"0.750","three_par":"0.714","ftr":"0.442","orb_pct":"4.849","drb_pct":"9.660","trb_pct":"7.509","ast_pct":"4.316","stl_pct":"3.127","blk_pct":"0.494","tov_pct":"9.596","usg_pct":"14.424","ortg":"141.965","drtg":"108.612","bpm":"5.156"},{"game_id":1157,"team_name":"PHO","player_id":"benchPHO","player_name":"Bench of PHO","ts_pct":"0.556","efg_pct":"0.516","three_par":"0.494","ftr":"0.252","orb_pct":"4.196","drb_pct":"14.782","trb_pct":"9.933","ast_pct":"8.752","stl_pct":"0.727","blk_pct":"1.762","tov_pct":"8.844","usg_pct":"16.019","ortg":"112.266","drtg":"111.446","bpm":"-0.253"}]