[{"game_id":116,"team_name":"SAC","player_id":"teamSAC","player_name":"Team name: SAC","fg":"41.331","fga":"90.434","fg_pct":"0.457","three_p":"11.183","three_pa":"31.406","three_p_pct":"0.356","ft":"18.789","fta":"25.183","ft_pct":"0.746","orb":"11.640","drb":"34.503","trb":"46.143","ast":"24.103","stl":"6.840","blk":"4.749","tov":"14.874","pf":"21.223","pts":"112.634"},{"game_id":116,"team_name":"CHI","player_id":"teamCHI","player_name":"Team name: CHI","fg":"40.114","fga":"88.206","fg_pct":"0.455","three_p":"12.971","three_pa":"35.971","three_p_pct":"0.361","ft":"19.783","fta":"24.909","ft_pct":"0.794","orb":"8.926","drb":"34.903","trb":"43.829","ast":"23.726","stl":"8.354","blk":"4.166","tov":"16.806","pf":"22.337","pts":"112.983"}]