[{"game_id":1021,"team_name":"CLE","player_id":"teamCLE","player_name":"Team name: CLE","fg":"36.491","fga":"84.343","fg_pct":"0.433","three_p":"11.234","three_pa":"33.857","three_p_pct":"0.332","ft":"17.743","fta":"23.994","ft_pct":"0.739","orb":"10.789","drb":"30.726","trb":"41.514","ast":"24.143","stl":"5.903","blk":"2.646","tov":"15.211","pf":"16.766","pts":"101.960"},{"game_id":1021,"team_name":"IND","player_id":"teamIND","player_name":"Team name: IND","fg":"47.040","fga":"93.737","fg_pct":"0.502","three_p":"11.657","three_pa":"30.034","three_p_pct":"0.388","ft":"19.097","fta":"23.400","ft_pct":"0.816","orb":"7.966","drb":"36.229","trb":"44.194","ast":"29.966","stl":"8.554","blk":"6.926","tov":"13.954","pf":"19.263","pts":"124.834"}]