[{"game_id":1253,"team_name":"MIL","player_id":"teamMIL","player_name":"Team name: MIL","fg":"40.931","fga":"89.251","fg_pct":"0.459","three_p":"14.360","three_pa":"41.949","three_p_pct":"0.342","ft":"17.469","fta":"25.663","ft_pct":"0.681","orb":"8.411","drb":"41.880","trb":"50.291","ast":"24.989","stl":"7.474","blk":"5.406","tov":"13.114","pf":"23.240","pts":"113.691"},{"game_id":1253,"team_name":"TOR","player_id":"teamTOR","player_name":"Team name: TOR","fg":"39.440","fga":"86.097","fg_pct":"0.458","three_p":"12.971","three_pa":"35.634","three_p_pct":"0.364","ft":"20.806","fta":"23.874","ft_pct":"0.871","orb":"8.800","drb":"37.217","trb":"46.017","ast":"23.606","stl":"8.223","blk":"4.766","tov":"15.697","pf":"22.697","pts":"112.657"}]