[{"game_id":1251,"team_name":"MEM","player_id":"teamMEM","player_name":"Team name: MEM","fg":"39.263","fga":"91.394","fg_pct":"0.430","three_p":"11.960","three_pa":"34.714","three_p_pct":"0.345","ft":"18.589","fta":"22.931","ft_pct":"0.811","orb":"10.217","drb":"35.623","trb":"45.840","ast":"24.754","stl":"8.274","blk":"5.309","tov":"15.491","pf":"23.600","pts":"109.074"},{"game_id":1251,"team_name":"PHO","player_id":"teamPHO","player_name":"Team name: PHO","fg":"41.909","fga":"90.400","fg_pct":"0.464","three_p":"12.223","three_pa":"33.977","three_p_pct":"0.360","ft":"18.943","fta":"23.577","ft_pct":"0.803","orb":"8.457","drb":"34.914","trb":"43.371","ast":"26.960","stl":"8.914","blk":"4.823","tov":"13.960","pf":"25.543","pts":"114.983"}]