[{"game_id":1225,"team_name":"LAL","player_id":"teamLAL","player_name":"Team name: LAL","ts_pct":"0.499","efg_pct":"0.481","three_par":"0.334","ftr":"0.218","orb_pct":"5.302","drb_pct":"15.507","trb_pct":"10.251","ast_pct":"13.317","stl_pct":"1.646","blk_pct":"2.504","tov_pct":"12.131","usg_pct":"19.342","ortg":"101.242","drtg":"111.458","bpm":"-2.124"},{"game_id":1225,"team_name":"MEM","player_id":"teamMEM","player_name":"Team name: MEM","ts_pct":"0.543","efg_pct":"0.500","three_par":"0.384","ftr":"0.290","orb_pct":"4.573","drb_pct":"15.495","trb_pct":"9.946","ast_pct":"16.150","stl_pct":"1.769","blk_pct":"2.113","tov_pct":"12.174","usg_pct":"19.953","ortg":"109.767","drtg":"114.051","bpm":"-1.947"}]