[{"game_id":115,"team_name":"GSW","player_id":"teamGSW","player_name":"Team name: GSW","fg":"40.629","fga":"89.851","fg_pct":"0.452","three_p":"13.211","three_pa":"38.411","three_p_pct":"0.344","ft":"21.931","fta":"27.549","ft_pct":"0.796","orb":"7.606","drb":"36.514","trb":"44.120","ast":"25.743","stl":"5.966","blk":"5.566","tov":"13.354","pf":"24.023","pts":"116.400"},{"game_id":115,"team_name":"LAC","player_id":"teamLAC","player_name":"Team name: LAC","fg":"39.057","fga":"84.966","fg_pct":"0.460","three_p":"13.800","three_pa":"33.880","three_p_pct":"0.407","ft":"16.309","fta":"19.743","ft_pct":"0.826","orb":"9.006","drb":"31.949","trb":"40.954","ast":"24.486","stl":"7.326","blk":"5.069","tov":"12.120","pf":"21.846","pts":"108.223"}]