[{"game_id":1154,"team_name":"PHI","player_id":"teamPHI","player_name":"Team name: PHI","fg":"42.383","fga":"85.303","fg_pct":"0.497","three_p":"11.497","three_pa":"28.029","three_p_pct":"0.410","ft":"19.971","fta":"29.606","ft_pct":"0.675","orb":"8.909","drb":"35.960","trb":"44.869","ast":"24.137","stl":"7.737","blk":"6.280","tov":"11.897","pf":"22.823","pts":"116.234"},{"game_id":1154,"team_name":"ATL","player_id":"teamATL","player_name":"Team name: ATL","fg":"38.234","fga":"86.806","fg_pct":"0.440","three_p":"11.714","three_pa":"33.617","three_p_pct":"0.348","ft":"18.429","fta":"23.194","ft_pct":"0.795","orb":"9.114","drb":"34.040","trb":"43.154","ast":"19.846","stl":"5.869","blk":"4.423","tov":"11.394","pf":"22.657","pts":"106.611"}]