[{"game_id":1212,"team_name":"NYK","player_id":"teamNYK","player_name":"Team name: NYK","fg":"36.543","fga":"82.891","fg_pct":"0.441","three_p":"11.303","three_pa":"31.143","three_p_pct":"0.363","ft":"17.057","fta":"23.714","ft_pct":"0.719","orb":"8.126","drb":"36.789","trb":"44.914","ast":"20.463","stl":"7.669","blk":"5.760","tov":"16.206","pf":"21.223","pts":"101.446"},{"game_id":1212,"team_name":"CHI","player_id":"teamCHI","player_name":"Team name: CHI","fg":"39.874","fga":"93.657","fg_pct":"0.426","three_p":"7.966","three_pa":"27.469","three_p_pct":"0.290","ft":"15.211","fta":"20.823","ft_pct":"0.730","orb":"11.549","drb":"33.937","trb":"45.486","ast":"20.177","stl":"7.880","blk":"3.686","tov":"10.823","pf":"19.229","pts":"102.926"}]