[{"game_id":1149,"team_name":"MIL","player_id":"{\"antetth01\"}","player_name":"{\"Thanasis Antetokounmpo\"}","ts_pct":"0.173","efg_pct":"0.000","three_par":"0.047","ftr":"0.565","orb_pct":"2.478","drb_pct":"3.914","trb_pct":"3.149","ast_pct":"12.121","stl_pct":"1.080","blk_pct":"12.941","tov_pct":"6.953","usg_pct":"5.526","ortg":"57.435","drtg":"91.282","bpm":"9.316"},{"game_id":1149,"team_name":"MIL","player_id":"{\"holidjr01\"}","player_name":"{\"Jrue Holiday\"}","ts_pct":"0.503","efg_pct":"0.489","three_par":"0.328","ftr":"0.119","orb_pct":"3.108","drb_pct":"10.884","trb_pct":"7.021","ast_pct":"31.007","stl_pct":"1.351","blk_pct":"0.000","tov_pct":"12.522","usg_pct":"20.494","ortg":"109.435","drtg":"107.247","bpm":"1.836"},{"game_id":1149,"team_name":"MIL","player_id":"{\"middlkh01\"}","player_name":"{\"Khris Middleton\"}","ts_pct":"0.567","efg_pct":"0.531","three_par":"0.410","ftr":"0.288","orb_pct":"2.554","drb_pct":"17.316","trb_pct":"9.999","ast_pct":"16.419","stl_pct":"0.799","blk_pct":"1.138","tov_pct":"15.051","usg_pct":"26.945","ortg":"103.000","drtg":"106.082","bpm":"1.031"},{"game_id":1149,"team_name":"MIL","player_id":"{\"antetgi01\"}","player_name":"{\"Giannis Antetokounmpo\"}","ts_pct":"0.555","efg_pct":"0.550","three_par":"0.208","ftr":"0.361","orb_pct":"4.059","drb_pct":"32.454","trb_pct":"18.156","ast_pct":"23.669","stl_pct":"0.841","blk_pct":"2.996","tov_pct":"12.916","usg_pct":"33.304","ortg":"106.035","drtg":"102.118","bpm":"6.775"},{"game_id":1149,"team_name":"MIL","player_id":"{\"jacksju01\"}","player_name":"{\"Justin Jackson\"}","ts_pct":"0.439","efg_pct":"0.418","three_par":"0.320","ftr":"0.145","orb_pct":"4.759","drb_pct":"4.648","trb_pct":"4.589","ast_pct":"23.866","stl_pct":"2.422","blk_pct":"0.000","tov_pct":"3.686","usg_pct":"17.508","ortg":"89.953","drtg":"117.635","bpm":"5.759"},{"game_id":1149,"team_name":"MIL","player_id":"{\"bryanel01\"}","player_name":"{\"Elijah Bryant\"}","ts_pct":"0.220","efg_pct":"0.214","three_par":"0.419","ftr":"0.023","orb_pct":"0.650","drb_pct":"15.870","trb_pct":"8.104","ast_pct":"6.757","stl_pct":"3.510","blk_pct":"0.280","tov_pct":"2.180","usg_pct":"14.447","ortg":"59.671","drtg":"104.271","bpm":"0.129"},{"game_id":1149,"team_name":"MIL","player_id":"benchMIL","player_name":"Bench of MIL","ts_pct":"0.440","efg_pct":"0.409","three_par":"0.511","ftr":"0.150","orb_pct":"4.819","drb_pct":"13.459","trb_pct":"9.101","ast_pct":"5.908","stl_pct":"1.781","blk_pct":"2.126","tov_pct":"7.553","usg_pct":"12.696","ortg":"99.667","drtg":"104.618","bpm":"0.645"},{"game_id":1149,"team_name":"BRK","player_id":"{\"chiozch01\"}","player_name":"{\"Chris Chiozza\"}","ts_pct":"0.284","efg_pct":"0.280","three_par":"0.336","ftr":"0.049","orb_pct":"0.000","drb_pct":"7.860","trb_pct":"4.013","ast_pct":"13.474","stl_pct":"0.184","blk_pct":"1.276","tov_pct":"3.814","usg_pct":"13.865","ortg":"66.824","drtg":"114.247","bpm":"-4.800"},{"game_id":1149,"team_name":"BRK","player_id":"{\"perryre01\"}","player_name":"{\"Reggie Perry\"}","ts_pct":"0.316","efg_pct":"0.316","three_par":"0.216","ftr":"0.000","orb_pct":"20.214","drb_pct":"16.878","trb_pct":"18.514","ast_pct":"6.515","stl_pct":"1.591","blk_pct":"0.000","tov_pct":"12.348","usg_pct":"20.773","ortg":"62.894","drtg":"104.859","bpm":"-9.225"},{"game_id":1149,"team_name":"BRK","player_id":"{\"luwawti01\"}","player_name":"{\"Timothé Luwawu-Cabarrot\"}","ts_pct":"0.276","efg_pct":"0.267","three_par":"0.366","ftr":"0.047","orb_pct":"1.018","drb_pct":"4.685","trb_pct":"2.927","ast_pct":"12.094","stl_pct":"0.568","blk_pct":"0.000","tov_pct":"5.882","usg_pct":"18.716","ortg":"62.035","drtg":"115.741","bpm":"-5.709"},{"game_id":1149,"team_name":"BRK","player_id":"{\"johnsty01\"}","player_name":"{\"Tyler Johnson\"}","ts_pct":"0.543","efg_pct":"0.494","three_par":"0.494","ftr":"0.141","orb_pct":"1.353","drb_pct":"5.801","trb_pct":"3.849","ast_pct":"6.914","stl_pct":"0.339","blk_pct":"0.000","tov_pct":"4.824","usg_pct":"14.944","ortg":"112.412","drtg":"116.424","bpm":"-8.774"},{"game_id":1149,"team_name":"BRK","player_id":"{\"johnsal02\"}","player_name":"{\"Alize Johnson\"}","ts_pct":"0.366","efg_pct":"0.274","three_par":"0.004","ftr":"0.053","orb_pct":"11.867","drb_pct":"40.455","trb_pct":"26.759","ast_pct":"1.420","stl_pct":"3.280","blk_pct":"3.040","tov_pct":"19.824","usg_pct":"12.971","ortg":"88.259","drtg":"95.800","bpm":"-1.951"},{"game_id":1149,"team_name":"BRK","player_id":"{\"brownbr01\"}","player_name":"{\"Bruce Brown\"}","ts_pct":"0.495","efg_pct":"0.433","three_par":"0.160","ftr":"0.327","orb_pct":"9.966","drb_pct":"14.792","trb_pct":"12.439","ast_pct":"15.833","stl_pct":"1.333","blk_pct":"1.276","tov_pct":"9.099","usg_pct":"17.234","ortg":"115.412","drtg":"107.518","bpm":"-0.367"},{"game_id":1149,"team_name":"BRK","player_id":"benchBRK","player_name":"Bench of BRK","ts_pct":"0.551","efg_pct":"0.525","three_par":"0.457","ftr":"0.213","orb_pct":"2.418","drb_pct":"17.051","trb_pct":"10.343","ast_pct":"15.957","stl_pct":"1.312","blk_pct":"3.083","tov_pct":"8.915","usg_pct":"18.976","ortg":"110.594","drtg":"107.330","bpm":"2.463"}]