[{"game_id":1248,"team_name":"OKC","player_id":"{\"burtode02\"}","player_name":"{\"Deonte Burton\"}","ts_pct":"0.275","efg_pct":"0.235","three_par":"0.459","ftr":"0.000","orb_pct":"2.569","drb_pct":"6.266","trb_pct":"4.454","ast_pct":"0.000","stl_pct":"0.762","blk_pct":"0.000","tov_pct":"9.416","usg_pct":"26.001","ortg":"23.388","drtg":"107.906","bpm":"-72.125"},{"game_id":1248,"team_name":"OKC","player_id":"{\"fergute01\"}","player_name":"{\"Terrance Ferguson\"}","ts_pct":"0.547","efg_pct":"0.427","three_par":"0.665","ftr":"0.000","orb_pct":"3.134","drb_pct":"7.215","trb_pct":"5.221","ast_pct":"6.173","stl_pct":"1.175","blk_pct":"0.872","tov_pct":"28.400","usg_pct":"8.002","ortg":"87.165","drtg":"107.765","bpm":"-2.896"},{"game_id":1248,"team_name":"OKC","player_id":"{\"gilgesh01\"}","player_name":"{\"Shai Gilgeous-Alexander\"}","ts_pct":"0.558","efg_pct":"0.500","three_par":"0.265","ftr":"0.412","orb_pct":"3.066","drb_pct":"13.559","trb_pct":"8.832","ast_pct":"18.339","stl_pct":"1.147","blk_pct":"1.991","tov_pct":"9.609","usg_pct":"23.471","ortg":"114.988","drtg":"108.871","bpm":"3.424"},{"game_id":1248,"team_name":"OKC","player_id":"{\"diallha01\"}","player_name":"{\"Hamidou Diallo\"}","ts_pct":"0.347","efg_pct":"0.344","three_par":"0.166","ftr":"0.215","orb_pct":"9.222","drb_pct":"10.734","trb_pct":"10.156","ast_pct":"3.015","stl_pct":"7.599","blk_pct":"0.833","tov_pct":"9.094","usg_pct":"18.060","ortg":"69.106","drtg":"91.047","bpm":"2.565"},{"game_id":1248,"team_name":"OKC","player_id":"{\"paulch01\"}","player_name":"{\"Chris Paul\"}","ts_pct":"0.572","efg_pct":"0.508","three_par":"0.416","ftr":"0.488","orb_pct":"2.138","drb_pct":"15.246","trb_pct":"8.907","ast_pct":"22.273","stl_pct":"1.911","blk_pct":"0.280","tov_pct":"16.679","usg_pct":"21.900","ortg":"112.776","drtg":"105.659","bpm":"1.062"},{"game_id":1248,"team_name":"OKC","player_id":"{\"gallida01\"}","player_name":"{\"Danilo Gallinari\"}","ts_pct":"0.563","efg_pct":"0.497","three_par":"0.471","ftr":"0.322","orb_pct":"3.091","drb_pct":"14.326","trb_pct":"8.669","ast_pct":"10.133","stl_pct":"0.853","blk_pct":"0.727","tov_pct":"8.041","usg_pct":"26.273","ortg":"112.976","drtg":"110.906","bpm":"1.751"},{"game_id":1248,"team_name":"OKC","player_id":"benchOKC","player_name":"Bench of OKC","ts_pct":"0.513","efg_pct":"0.500","three_par":"0.361","ftr":"0.185","orb_pct":"3.961","drb_pct":"15.678","trb_pct":"10.139","ast_pct":"9.920","stl_pct":"1.144","blk_pct":"2.146","tov_pct":"17.912","usg_pct":"17.459","ortg":"94.359","drtg":"102.979","bpm":"0.197"},{"game_id":1248,"team_name":"NOP","player_id":"{\"alexani01\"}","player_name":"{\"Nickeil Alexander-Walker\"}","ts_pct":"0.273","efg_pct":"0.274","three_par":"0.537","ftr":"0.040","orb_pct":"4.160","drb_pct":"20.015","trb_pct":"12.256","ast_pct":"30.778","stl_pct":"1.685","blk_pct":"0.000","tov_pct":"9.009","usg_pct":"23.067","ortg":"75.982","drtg":"113.673","bpm":"-8.669"},{"game_id":1248,"team_name":"NOP","player_id":"{\"holidjr01\"}","player_name":"{\"Jrue Holiday\"}","ts_pct":"0.518","efg_pct":"0.492","three_par":"0.384","ftr":"0.149","orb_pct":"1.485","drb_pct":"11.218","trb_pct":"6.531","ast_pct":"27.146","stl_pct":"2.259","blk_pct":"0.865","tov_pct":"12.752","usg_pct":"25.274","ortg":"104.918","drtg":"110.459","bpm":"1.240"},{"game_id":1248,"team_name":"NOP","player_id":"{\"balllo01\"}","player_name":"{\"Lonzo Ball\"}","ts_pct":"0.541","efg_pct":"0.524","three_par":"0.521","ftr":"0.102","orb_pct":"2.233","drb_pct":"13.108","trb_pct":"7.880","ast_pct":"34.567","stl_pct":"2.204","blk_pct":"1.073","tov_pct":"13.725","usg_pct":"17.520","ortg":"118.541","drtg":"111.859","bpm":"2.809"},{"game_id":1248,"team_name":"NOP","player_id":"{\"hartjo01\"}","player_name":"{\"Josh Hart\"}","ts_pct":"0.573","efg_pct":"0.548","three_par":"0.725","ftr":"0.184","orb_pct":"3.713","drb_pct":"15.449","trb_pct":"9.349","ast_pct":"5.855","stl_pct":"1.900","blk_pct":"1.368","tov_pct":"15.234","usg_pct":"13.816","ortg":"104.906","drtg":"112.788","bpm":"-0.749"},{"game_id":1248,"team_name":"NOP","player_id":"{\"okafoja01\"}","player_name":"{\"Jahlil Okafor\"}","ts_pct":"0.725","efg_pct":"0.713","three_par":"0.010","ftr":"0.339","orb_pct":"8.302","drb_pct":"21.919","trb_pct":"15.167","ast_pct":"8.331","stl_pct":"1.158","blk_pct":"3.728","tov_pct":"16.795","usg_pct":"21.376","ortg":"123.412","drtg":"112.647","bpm":"-1.104"},{"game_id":1248,"team_name":"NOP","player_id":"{\"redicjj01\"}","player_name":"{\"J.J. Redick\"}","ts_pct":"0.636","efg_pct":"0.619","three_par":"0.697","ftr":"0.272","orb_pct":"1.000","drb_pct":"5.373","trb_pct":"3.373","ast_pct":"10.776","stl_pct":"0.132","blk_pct":"1.256","tov_pct":"16.200","usg_pct":"16.362","ortg":"115.541","drtg":"118.553","bpm":"-3.568"},{"game_id":1248,"team_name":"NOP","player_id":"benchNOP","player_name":"Bench of NOP","ts_pct":"0.616","efg_pct":"0.614","three_par":"0.394","ftr":"0.334","orb_pct":"3.283","drb_pct":"13.896","trb_pct":"8.791","ast_pct":"12.696","stl_pct":"1.242","blk_pct":"1.469","tov_pct":"10.474","usg_pct":"20.028","ortg":"114.999","drtg":"115.387","bpm":"-0.340"}]