[{"game_id":1220,"team_name":"PHO","player_id":"{\"oubreke01\"}","player_name":"{\"Kelly Oubre Jr.\"}","ts_pct":"0.645","efg_pct":"0.578","three_par":"0.305","ftr":"0.409","orb_pct":"6.244","drb_pct":"14.689","trb_pct":"10.471","ast_pct":"7.722","stl_pct":"3.224","blk_pct":"2.971","tov_pct":"11.387","usg_pct":"25.894","ortg":"118.118","drtg":"102.635","bpm":"4.634"},{"game_id":1220,"team_name":"PHO","player_id":"{\"kaminfr01\"}","player_name":"{\"Frank Kaminsky\"}","ts_pct":"0.576","efg_pct":"0.506","three_par":"0.455","ftr":"0.550","orb_pct":"3.620","drb_pct":"21.024","trb_pct":"12.481","ast_pct":"13.251","stl_pct":"0.492","blk_pct":"0.595","tov_pct":"10.080","usg_pct":"23.991","ortg":"112.835","drtg":"111.953","bpm":"-0.684"},{"game_id":1220,"team_name":"PHO","player_id":"{\"bookede01\"}","player_name":"{\"Devin Booker\"}","ts_pct":"0.632","efg_pct":"0.575","three_par":"0.312","ftr":"0.348","orb_pct":"1.408","drb_pct":"9.094","trb_pct":"5.561","ast_pct":"39.178","stl_pct":"0.741","blk_pct":"0.447","tov_pct":"12.895","usg_pct":"33.887","ortg":"121.588","drtg":"116.576","bpm":"4.987"},{"game_id":1220,"team_name":"PHO","player_id":"{\"rubiori01\"}","player_name":"{\"Ricky Rubio\"}","ts_pct":"0.512","efg_pct":"0.432","three_par":"0.243","ftr":"0.735","orb_pct":"2.359","drb_pct":"12.924","trb_pct":"7.833","ast_pct":"41.525","stl_pct":"3.544","blk_pct":"0.447","tov_pct":"21.304","usg_pct":"23.655","ortg":"101.953","drtg":"100.824","bpm":"2.231"},{"game_id":1220,"team_name":"PHO","player_id":"{\"carteje01\"}","player_name":"{\"Jevon Carter\"}","ts_pct":"0.682","efg_pct":"0.654","three_par":"0.681","ftr":"0.139","orb_pct":"3.053","drb_pct":"9.515","trb_pct":"6.381","ast_pct":"16.814","stl_pct":"1.144","blk_pct":"0.808","tov_pct":"13.453","usg_pct":"18.087","ortg":"125.035","drtg":"112.882","bpm":"2.576"},{"game_id":1220,"team_name":"PHO","player_id":"{\"baynear01\"}","player_name":"{\"Aron Baynes\"}","ts_pct":"0.502","efg_pct":"0.511","three_par":"0.479","ftr":"0.271","orb_pct":"6.041","drb_pct":"17.434","trb_pct":"11.686","ast_pct":"8.018","stl_pct":"0.665","blk_pct":"2.108","tov_pct":"14.138","usg_pct":"13.920","ortg":"85.200","drtg":"106.835","bpm":"-3.735"},{"game_id":1220,"team_name":"PHO","player_id":"benchPHO","player_name":"Bench of PHO","ts_pct":"0.543","efg_pct":"0.501","three_par":"0.578","ftr":"0.365","orb_pct":"5.614","drb_pct":"10.747","trb_pct":"8.052","ast_pct":"8.103","stl_pct":"2.122","blk_pct":"0.684","tov_pct":"10.022","usg_pct":"17.458","ortg":"107.129","drtg":"112.819","bpm":"-2.634"},{"game_id":1220,"team_name":"UTA","player_id":"{\"niangge01\"}","player_name":"{\"Georges Niang\"}","ts_pct":"0.527","efg_pct":"0.504","three_par":"0.512","ftr":"0.124","orb_pct":"0.419","drb_pct":"22.442","trb_pct":"11.549","ast_pct":"9.902","stl_pct":"0.264","blk_pct":"1.969","tov_pct":"10.128","usg_pct":"19.036","ortg":"94.271","drtg":"103.941","bpm":"-0.175"},{"game_id":1220,"team_name":"UTA","player_id":"{\"bogdabo02\"}","player_name":"{\"Bojan Bogdanović\"}","ts_pct":"0.525","efg_pct":"0.473","three_par":"0.353","ftr":"0.243","orb_pct":"1.141","drb_pct":"15.745","trb_pct":"8.489","ast_pct":"10.956","stl_pct":"2.207","blk_pct":"0.212","tov_pct":"6.494","usg_pct":"25.889","ortg":"102.424","drtg":"101.341","bpm":"2.266"},{"game_id":1220,"team_name":"UTA","player_id":"{\"mitchdo01\"}","player_name":"{\"Donovan Mitchell\"}","ts_pct":"0.555","efg_pct":"0.500","three_par":"0.305","ftr":"0.307","orb_pct":"3.915","drb_pct":"11.453","trb_pct":"7.829","ast_pct":"18.456","stl_pct":"2.289","blk_pct":"0.602","tov_pct":"10.495","usg_pct":"29.958","ortg":"108.282","drtg":"102.118","bpm":"4.000"},{"game_id":1220,"team_name":"UTA","player_id":"{\"goberru01\"}","player_name":"{\"Rudy Gobert\"}","ts_pct":"0.642","efg_pct":"0.622","three_par":"0.000","ftr":"0.499","orb_pct":"10.775","drb_pct":"22.524","trb_pct":"17.209","ast_pct":"8.898","stl_pct":"1.008","blk_pct":"6.601","tov_pct":"26.022","usg_pct":"14.732","ortg":"106.529","drtg":"98.482","bpm":"0.733"},{"game_id":1220,"team_name":"UTA","player_id":"{\"onealro01\"}","player_name":"{\"Royce O'Neale\"}","ts_pct":"0.704","efg_pct":"0.695","three_par":"0.489","ftr":"0.054","orb_pct":"0.671","drb_pct":"15.919","trb_pct":"8.718","ast_pct":"7.907","stl_pct":"0.836","blk_pct":"0.951","tov_pct":"20.188","usg_pct":"14.751","ortg":"107.071","drtg":"104.082","bpm":"-0.013"},{"game_id":1220,"team_name":"UTA","player_id":"{\"inglejo01\"}","player_name":"{\"Joe Ingles\"}","ts_pct":"0.496","efg_pct":"0.476","three_par":"0.729","ftr":"0.100","orb_pct":"1.579","drb_pct":"14.467","trb_pct":"8.335","ast_pct":"22.752","stl_pct":"2.916","blk_pct":"0.000","tov_pct":"22.858","usg_pct":"12.111","ortg":"98.388","drtg":"100.576","bpm":"0.678"},{"game_id":1220,"team_name":"UTA","player_id":"benchUTA","player_name":"Bench of UTA","ts_pct":"0.538","efg_pct":"0.509","three_par":"0.317","ftr":"0.467","orb_pct":"4.133","drb_pct":"14.881","trb_pct":"9.881","ast_pct":"18.667","stl_pct":"1.209","blk_pct":"1.467","tov_pct":"13.159","usg_pct":"23.409","ortg":"106.076","drtg":"107.283","bpm":"-0.779"}]