[{"game_id":1008,"team_name":"DEN","player_id":"teamDEN","player_name":"Team name: DEN","ts_pct":"0.549","efg_pct":"0.514","three_par":"0.446","ftr":"0.253","orb_pct":"4.705","drb_pct":"16.913","trb_pct":"10.858","ast_pct":"16.174","stl_pct":"1.790","blk_pct":"2.873","tov_pct":"13.886","usg_pct":"21.848","ortg":"117.468","drtg":"120.403","bpm":"-1.328"},{"game_id":1008,"team_name":"BRK","player_id":"teamBRK","player_name":"Team name: BRK","ts_pct":"0.529","efg_pct":"0.483","three_par":"0.403","ftr":"0.342","orb_pct":"5.605","drb_pct":"15.689","trb_pct":"10.772","ast_pct":"13.736","stl_pct":"1.280","blk_pct":"1.353","tov_pct":"11.707","usg_pct":"18.643","ortg":"109.429","drtg":"112.198","bpm":"0.063"}]