[{"game_id":1262,"team_name":"BRK","player_id":"{\"kurucro01\"}","player_name":"{\"Rodions Kurucs\"}","fg":"1.294","fga":"3.400","fg_pct":"0.381","three_p":"0.376","three_pa":"0.906","three_p_pct":"0.415","ft":"0.741","fta":"1.376","ft_pct":"0.539","orb":"1.071","drb":"2.376","trb":"3.447","ast":"0.318","stl":"0.365","blk":"0.000","tov":"0.953","pf":"2.271","pts":"3.706"},{"game_id":1262,"team_name":"BRK","player_id":"{\"princta02\"}","player_name":"{\"Taurean Prince\"}","fg":"5.506","fga":"12.729","fg_pct":"0.433","three_p":"3.318","three_pa":"7.494","three_p_pct":"0.443","ft":"1.659","fta":"2.565","ft_pct":"0.647","orb":"0.612","drb":"4.694","trb":"5.306","ast":"1.435","stl":"0.847","blk":"0.553","tov":"1.647","pf":"2.765","pts":"15.988"},{"game_id":1262,"team_name":"BRK","player_id":"{\"leverca01\"}","player_name":"{\"Caris LeVert\"}","fg":"7.247","fga":"15.800","fg_pct":"0.459","three_p":"1.518","three_pa":"4.353","three_p_pct":"0.349","ft":"3.318","fta":"4.847","ft_pct":"0.685","orb":"1.459","drb":"3.153","trb":"4.612","ast":"3.412","stl":"0.906","blk":"0.059","tov":"3.424","pf":"2.024","pts":"19.329"},{"game_id":1262,"team_name":"BRK","player_id":"{\"irvinky01\"}","player_name":"{\"Kyrie Irving\"}","fg":"9.024","fga":"22.059","fg_pct":"0.409","three_p":"2.741","three_pa":"8.176","three_p_pct":"0.335","ft":"5.800","fta":"6.412","ft_pct":"0.905","orb":"0.812","drb":"5.047","trb":"5.859","ast":"7.059","stl":"1.129","blk":"0.529","tov":"2.847","pf":"2.871","pts":"26.588"},{"game_id":1262,"team_name":"BRK","player_id":"{\"harrijo01\"}","player_name":"{\"Joe Harris\"}","fg":"4.788","fga":"9.682","fg_pct":"0.495","three_p":"2.553","three_pa":"5.459","three_p_pct":"0.468","ft":"0.753","fta":"0.882","ft_pct":"0.854","orb":"1.035","drb":"3.118","trb":"4.153","ast":"1.271","stl":"0.871","blk":"0.094","tov":"1.788","pf":"2.694","pts":"12.882"},{"game_id":1262,"team_name":"BRK","player_id":"{\"allenja01\"}","player_name":"{\"Jarrett Allen\"}","fg":"3.553","fga":"5.965","fg_pct":"0.596","three_p":"0.000","three_pa":"0.000","three_p_pct":"NaN","ft":"2.071","fta":"3.318","ft_pct":"0.624","orb":"3.247","drb":"5.753","trb":"9.000","ast":"1.282","stl":"0.400","blk":"1.141","tov":"1.435","pf":"1.835","pts":"9.176"},{"game_id":1262,"team_name":"BRK","player_id":"benchBRK","player_name":"Bench of BRK","fg":"3.057","fga":"6.912","fg_pct":"0.442","three_p":"0.692","three_pa":"2.512","three_p_pct":"0.275","ft":"2.101","fta":"2.969","ft_pct":"0.708","orb":"1.010","drb":"3.707","trb":"4.717","ast":"2.458","stl":"0.773","blk":"0.640","tov":"1.558","pf":"2.330","pts":"8.906"},{"game_id":1262,"team_name":"NOP","player_id":"{\"favorde01\"}","player_name":"{\"Derrick Favors\"}","fg":"4.435","fga":"7.047","fg_pct":"0.629","three_p":"0.000","three_pa":"0.447","three_p_pct":"0.000","ft":"1.388","fta":"2.024","ft_pct":"0.686","orb":"2.659","drb":"3.976","trb":"6.635","ast":"1.224","stl":"0.588","blk":"0.976","tov":"1.588","pf":"2.541","pts":"10.259"},{"game_id":1262,"team_name":"NOP","player_id":"{\"willike04\"}","player_name":"{\"Kenrich Williams\"}","fg":"2.282","fga":"5.353","fg_pct":"0.426","three_p":"1.259","three_pa":"3.388","three_p_pct":"0.372","ft":"0.635","fta":"1.129","ft_pct":"0.562","orb":"1.541","drb":"2.882","trb":"4.424","ast":"2.318","stl":"1.224","blk":"0.776","tov":"0.612","pf":"2.612","pts":"6.459"},{"game_id":1262,"team_name":"NOP","player_id":"{\"alexani01\"}","player_name":"{\"Nickeil Alexander-Walker\"}","fg":"1.825","fga":"7.095","fg_pct":"0.257","three_p":"0.762","three_pa":"3.397","three_p_pct":"0.224","ft":"0.587","fta":"0.762","ft_pct":"0.770","orb":"0.317","drb":"2.349","trb":"2.667","ast":"3.254","stl":"0.429","blk":"0.000","tov":"0.603","pf":"1.857","pts":"5.000"},{"game_id":1262,"team_name":"NOP","player_id":"{\"ingrabr01\"}","player_name":"{\"Brandon Ingram\"}","fg":"8.976","fga":"16.647","fg_pct":"0.539","three_p":"2.259","three_pa":"4.412","three_p_pct":"0.512","ft":"3.824","fta":"5.435","ft_pct":"0.704","orb":"1.024","drb":"6.165","trb":"7.188","ast":"3.659","stl":"0.400","blk":"0.965","tov":"2.082","pf":"2.518","pts":"24.035"},{"game_id":1262,"team_name":"NOP","player_id":"{\"holidjr01\"}","player_name":"{\"Jrue Holiday\"}","fg":"7.106","fga":"16.600","fg_pct":"0.428","three_p":"2.200","three_pa":"6.212","three_p_pct":"0.354","ft":"1.824","fta":"2.235","ft_pct":"0.816","orb":"0.482","drb":"3.424","trb":"3.906","ast":"6.306","stl":"1.482","blk":"0.365","tov":"2.753","pf":"2.259","pts":"18.235"},{"game_id":1262,"team_name":"NOP","player_id":"{\"hartjo01\"}","player_name":"{\"Josh Hart\"}","fg":"3.682","fga":"8.118","fg_pct":"0.454","three_p":"1.965","three_pa":"5.035","three_p_pct":"0.390","ft":"1.400","fta":"1.565","ft_pct":"0.895","orb":"1.318","drb":"5.059","trb":"6.376","ast":"1.341","stl":"1.071","blk":"0.588","tov":"1.188","pf":"2.188","pts":"10.729"},{"game_id":1262,"team_name":"NOP","player_id":"benchNOP","player_name":"Bench of NOP","fg":"4.490","fga":"9.183","fg_pct":"0.489","three_p":"1.388","three_pa":"3.592","three_p_pct":"0.386","ft":"1.387","fta":"1.979","ft_pct":"0.701","orb":"0.930","drb":"2.545","trb":"3.476","ast":"2.634","stl":"0.757","blk":"0.380","tov":"1.488","pf":"2.313","pts":"11.755"}]