[{"game_id":1095,"team_name":"MIL","player_id":"teamMIL","player_name":"Team name: MIL","fg":"45.811","fga":"93.857","fg_pct":"0.488","three_p":"12.349","three_pa":"36.057","three_p_pct":"0.342","ft":"19.474","fta":"26.663","ft_pct":"0.730","orb":"11.109","drb":"39.109","trb":"50.217","ast":"23.811","stl":"7.857","blk":"4.434","tov":"12.509","pf":"16.743","pts":"123.446"},{"game_id":1095,"team_name":"MIA","player_id":"teamMIA","player_name":"Team name: MIA","fg":"43.149","fga":"87.246","fg_pct":"0.495","three_p":"16.149","three_pa":"38.406","three_p_pct":"0.420","ft":"14.794","fta":"18.840","ft_pct":"0.785","orb":"8.834","drb":"32.360","trb":"41.194","ast":"27.440","stl":"8.566","blk":"3.486","tov":"12.949","pf":"19.377","pts":"117.240"}]