[{"game_id":1106,"team_name":"ATL","player_id":"{\"okongon01\"}","player_name":"{\"Onyeka Okongwu\"}","fg":"2.694","fga":"3.776","fg_pct":"0.713","three_p":"0.000","three_pa":"0.000","three_p_pct":"NaN","ft":"0.729","fta":"1.365","ft_pct":"0.534","orb":"1.953","drb":"2.435","trb":"4.388","ast":"0.776","stl":"0.471","blk":"0.529","tov":"0.671","pf":"1.412","pts":"6.118"},{"game_id":1106,"team_name":"ATL","player_id":"{\"hillso01\"}","player_name":"{\"Solomon Hill\"}","fg":"0.835","fga":"2.647","fg_pct":"0.315","three_p":"0.576","three_pa":"1.976","three_p_pct":"0.291","ft":"0.741","fta":"0.918","ft_pct":"0.807","orb":"0.553","drb":"2.541","trb":"3.094","ast":"1.518","stl":"0.565","blk":"0.059","tov":"0.482","pf":"1.224","pts":"2.988"},{"game_id":1106,"team_name":"ATL","player_id":"{\"bogdabo01\"}","player_name":"{\"Bogdan Bogdanović\"}","fg":"8.012","fga":"16.024","fg_pct":"0.500","three_p":"4.306","three_pa":"10.035","three_p_pct":"0.429","ft":"0.859","fta":"0.859","ft_pct":"1.000","orb":"0.553","drb":"3.247","trb":"3.800","ast":"3.588","stl":"1.612","blk":"0.647","tov":"0.941","pf":"2.565","pts":"21.188"},{"game_id":1106,"team_name":"ATL","player_id":"{\"youngtr01\"}","player_name":"{\"Trae Young\"}","fg":"8.776","fga":"17.847","fg_pct":"0.492","three_p":"1.600","three_pa":"5.412","three_p_pct":"0.296","ft":"6.635","fta":"6.812","ft_pct":"0.974","orb":"0.482","drb":"3.424","trb":"3.906","ast":"8.918","stl":"0.424","blk":"0.082","tov":"3.459","pf":"0.988","pts":"25.788"},{"game_id":1106,"team_name":"ATL","player_id":"{\"huntede01\"}","player_name":"{\"De'Andre Hunter\"}","fg":"2.988","fga":"8.471","fg_pct":"0.353","three_p":"0.835","three_pa":"3.882","three_p_pct":"0.215","ft":"3.106","fta":"3.812","ft_pct":"0.815","orb":"0.235","drb":"3.212","trb":"3.447","ast":"0.918","stl":"0.376","blk":"0.506","tov":"0.847","pf":"2.118","pts":"9.918"},{"game_id":1106,"team_name":"ATL","player_id":"{\"capelca01\"}","player_name":"{\"Clint Capela\"}","fg":"4.988","fga":"8.306","fg_pct":"0.601","three_p":"0.000","three_pa":"0.000","three_p_pct":"NaN","ft":"1.671","fta":"2.976","ft_pct":"0.561","orb":"3.447","drb":"9.388","trb":"12.835","ast":"0.294","stl":"0.624","blk":"2.129","tov":"0.965","pf":"2.188","pts":"11.647"},{"game_id":1106,"team_name":"ATL","player_id":"benchATL","player_name":"Bench of ATL","fg":"3.867","fga":"8.467","fg_pct":"0.457","three_p":"1.346","three_pa":"3.662","three_p_pct":"0.368","ft":"1.361","fta":"1.613","ft_pct":"0.844","orb":"0.502","drb":"3.523","trb":"4.025","ast":"1.867","stl":"0.687","blk":"0.689","tov":"1.048","pf":"2.058","pts":"10.440"},{"game_id":1106,"team_name":"NYK","player_id":"{\"rosede01\"}","player_name":"{\"Derrick Rose\"}","fg":"7.718","fga":"14.882","fg_pct":"0.519","three_p":"1.447","three_pa":"2.953","three_p_pct":"0.490","ft":"2.365","fta":"2.365","ft_pct":"1.000","orb":"0.682","drb":"3.471","trb":"4.153","ast":"4.329","stl":"0.659","blk":"0.247","tov":"2.247","pf":"0.765","pts":"19.247"},{"game_id":1106,"team_name":"NYK","player_id":"{\"bullore01\"}","player_name":"{\"Reggie Bullock\"}","fg":"4.471","fga":"10.000","fg_pct":"0.447","three_p":"2.847","three_pa":"7.306","three_p_pct":"0.390","ft":"1.000","fta":"1.153","ft_pct":"0.867","orb":"0.518","drb":"3.400","trb":"3.918","ast":"1.447","stl":"0.871","blk":"0.212","tov":"0.612","pf":"2.047","pts":"12.788"},{"game_id":1106,"team_name":"NYK","player_id":"{\"randlju01\"}","player_name":"{\"Julius Randle\"}","fg":"7.306","fga":"20.165","fg_pct":"0.362","three_p":"2.106","three_pa":"6.376","three_p_pct":"0.330","ft":"4.718","fta":"5.882","ft_pct":"0.802","orb":"0.800","drb":"9.200","trb":"10.000","ast":"6.306","stl":"0.553","blk":"0.188","tov":"3.506","pf":"3.129","pts":"21.435"},{"game_id":1106,"team_name":"NYK","player_id":"{\"barrerj01\"}","player_name":"{\"RJ Barrett\"}","fg":"5.635","fga":"14.682","fg_pct":"0.384","three_p":"2.318","three_pa":"5.729","three_p_pct":"0.405","ft":"2.212","fta":"2.894","ft_pct":"0.764","orb":"0.600","drb":"6.141","trb":"6.741","ast":"2.635","stl":"0.518","blk":"0.259","tov":"0.965","pf":"2.435","pts":"15.800"},{"game_id":1106,"team_name":"NYK","player_id":"{\"gibsota01\"}","player_name":"{\"Taj Gibson\"}","fg":"2.459","fga":"3.659","fg_pct":"0.672","three_p":"0.000","three_pa":"0.047","three_p_pct":"0.000","ft":"0.918","fta":"0.988","ft_pct":"0.929","orb":"2.776","drb":"3.612","trb":"6.388","ast":"1.294","stl":"0.859","blk":"1.447","tov":"0.118","pf":"1.835","pts":"5.835"},{"game_id":1106,"team_name":"NYK","player_id":"{\"burksal01\"}","player_name":"{\"Alec Burks\"}","fg":"5.388","fga":"11.447","fg_pct":"0.471","three_p":"2.400","three_pa":"5.482","three_p_pct":"0.438","ft":"2.059","fta":"2.859","ft_pct":"0.720","orb":"0.847","drb":"4.929","trb":"5.776","ast":"2.306","stl":"0.200","blk":"0.259","tov":"1.024","pf":"2.329","pts":"15.235"},{"game_id":1106,"team_name":"NYK","player_id":"benchNYK","player_name":"Bench of NYK","fg":"1.832","fga":"3.826","fg_pct":"0.479","three_p":"0.636","three_pa":"1.543","three_p_pct":"0.412","ft":"0.700","fta":"0.853","ft_pct":"0.821","orb":"0.671","drb":"1.897","trb":"2.568","ast":"0.545","stl":"0.561","blk":"0.725","tov":"0.445","pf":"1.704","pts":"5.000"}]