[{"game_id":1020,"team_name":"ATL","player_id":"{\"hillso01\"}","player_name":"{\"Solomon Hill\"}","fg":"1.247","fga":"3.471","fg_pct":"0.359","three_p":"0.565","three_pa":"1.847","three_p_pct":"0.306","ft":"0.812","fta":"1.024","ft_pct":"0.793","orb":"0.565","drb":"3.612","trb":"4.176","ast":"1.224","stl":"0.388","blk":"0.106","tov":"0.753","pf":"1.565","pts":"3.871"},{"game_id":1020,"team_name":"ATL","player_id":"{\"okongon01\"}","player_name":"{\"Onyeka Okongwu\"}","fg":"2.353","fga":"3.188","fg_pct":"0.738","three_p":"0.000","three_pa":"0.165","three_p_pct":"0.000","ft":"0.765","fta":"0.765","ft_pct":"1.000","orb":"1.271","drb":"1.824","trb":"3.094","ast":"0.565","stl":"0.659","blk":"0.788","tov":"0.788","pf":"2.329","pts":"5.471"},{"game_id":1020,"team_name":"ATL","player_id":"{\"huertke01\"}","player_name":"{\"Kevin Huerter\"}","fg":"4.694","fga":"10.318","fg_pct":"0.455","three_p":"1.965","three_pa":"5.259","three_p_pct":"0.374","ft":"0.471","fta":"0.741","ft_pct":"0.636","orb":"0.200","drb":"2.482","trb":"2.682","ast":"3.494","stl":"1.541","blk":"0.541","tov":"1.000","pf":"2.329","pts":"11.824"},{"game_id":1020,"team_name":"ATL","player_id":"{\"youngtr01\"}","player_name":"{\"Trae Young\"}","fg":"7.929","fga":"16.906","fg_pct":"0.469","three_p":"1.635","three_pa":"5.576","three_p_pct":"0.293","ft":"8.541","fta":"8.953","ft_pct":"0.954","orb":"0.659","drb":"2.918","trb":"3.576","ast":"9.518","stl":"0.976","blk":"0.153","tov":"3.612","pf":"1.212","pts":"26.035"},{"game_id":1020,"team_name":"ATL","player_id":"{\"bogdabo01\"}","player_name":"{\"Bogdan Bogdanović\"}","fg":"8.188","fga":"16.459","fg_pct":"0.497","three_p":"4.671","three_pa":"9.718","three_p_pct":"0.481","ft":"0.353","fta":"0.447","ft_pct":"0.790","orb":"0.271","drb":"3.153","trb":"3.424","ast":"4.141","stl":"1.588","blk":"0.447","tov":"1.753","pf":"2.424","pts":"21.400"},{"game_id":1020,"team_name":"ATL","player_id":"{\"capelca01\"}","player_name":"{\"Clint Capela\"}","fg":"5.929","fga":"10.482","fg_pct":"0.566","three_p":"0.000","three_pa":"0.000","three_p_pct":"NaN","ft":"1.541","fta":"2.988","ft_pct":"0.516","orb":"4.035","drb":"8.094","trb":"12.129","ast":"0.659","stl":"0.576","blk":"1.200","tov":"0.847","pf":"2.718","pts":"13.400"},{"game_id":1020,"team_name":"ATL","player_id":"benchATL","player_name":"Bench of ATL","fg":"4.950","fga":"9.800","fg_pct":"0.505","three_p":"1.519","three_pa":"3.774","three_p_pct":"0.402","ft":"2.610","fta":"3.138","ft_pct":"0.832","orb":"0.678","drb":"3.735","trb":"4.413","ast":"2.073","stl":"0.860","blk":"0.411","tov":"1.463","pf":"1.867","pts":"14.030"},{"game_id":1020,"team_name":"WAS","player_id":"{\"westbru01\"}","player_name":"{\"Russell Westbrook\"}","fg":"8.965","fga":"19.494","fg_pct":"0.460","three_p":"1.141","three_pa":"3.671","three_p_pct":"0.311","ft":"4.671","fta":"6.012","ft_pct":"0.777","orb":"2.118","drb":"12.612","trb":"14.729","ast":"15.012","stl":"1.459","blk":"0.624","tov":"4.482","pf":"3.600","pts":"23.741"},{"game_id":1020,"team_name":"WAS","player_id":"{\"netora01\"}","player_name":"{\"Raul Neto\"}","fg":"3.306","fga":"6.624","fg_pct":"0.499","three_p":"1.482","three_pa":"2.718","three_p_pct":"0.545","ft":"2.518","fta":"2.612","ft_pct":"0.964","orb":"0.424","drb":"2.694","trb":"3.118","ast":"3.188","stl":"1.529","blk":"0.118","tov":"0.941","pf":"2.271","pts":"10.612"},{"game_id":1020,"team_name":"WAS","player_id":"{\"bertada01\"}","player_name":"{\"Dāvis Bertāns\"}","fg":"2.859","fga":"7.906","fg_pct":"0.362","three_p":"2.329","three_pa":"7.000","three_p_pct":"0.333","ft":"1.988","fta":"2.376","ft_pct":"0.837","orb":"0.282","drb":"2.082","trb":"2.365","ast":"0.859","stl":"0.424","blk":"0.247","tov":"0.306","pf":"2.400","pts":"10.035"},{"game_id":1020,"team_name":"WAS","player_id":"{\"hachiru01\"}","player_name":"{\"Rui Hachimura\"}","fg":"5.588","fga":"11.012","fg_pct":"0.507","three_p":"0.565","three_pa":"1.859","three_p_pct":"0.304","ft":"1.988","fta":"2.471","ft_pct":"0.805","orb":"0.800","drb":"3.518","trb":"4.318","ast":"1.118","stl":"0.706","blk":"0.471","tov":"0.953","pf":"2.094","pts":"13.729"},{"game_id":1020,"team_name":"WAS","player_id":"{\"hutchch01\"}","player_name":"{\"Chandler Hutchison\"}","fg":"1.682","fga":"4.224","fg_pct":"0.398","three_p":"0.329","three_pa":"0.718","three_p_pct":"0.458","ft":"0.812","fta":"0.871","ft_pct":"0.932","orb":"0.247","drb":"2.106","trb":"2.353","ast":"0.894","stl":"0.494","blk":"0.235","tov":"0.365","pf":"0.729","pts":"4.506"},{"game_id":1020,"team_name":"WAS","player_id":"{\"smithis01\"}","player_name":"{\"Ish Smith\"}","fg":"2.812","fga":"6.824","fg_pct":"0.412","three_p":"0.471","three_pa":"1.388","three_p_pct":"0.339","ft":"0.600","fta":"0.776","ft_pct":"0.773","orb":"0.341","drb":"2.741","trb":"3.082","ast":"2.565","stl":"0.835","blk":"0.259","tov":"0.647","pf":"1.729","pts":"6.694"},{"game_id":1020,"team_name":"WAS","player_id":"benchWAS","player_name":"Bench of WAS","fg":"2.708","fga":"4.439","fg_pct":"0.610","three_p":"0.181","three_pa":"0.540","three_p_pct":"0.335","ft":"1.748","fta":"2.257","ft_pct":"0.774","orb":"1.613","drb":"2.006","trb":"3.618","ast":"0.459","stl":"0.266","blk":"0.921","tov":"0.551","pf":"1.616","pts":"7.346"}]