[{"game_id":1035,"team_name":"LAL","player_id":"teamLAL","player_name":"Team name: LAL","fg":"38.589","fga":"85.211","fg_pct":"0.453","three_p":"10.880","three_pa":"32.040","three_p_pct":"0.340","ft":"17.554","fta":"24.737","ft_pct":"0.710","orb":"10.097","drb":"31.937","trb":"42.034","ast":"23.771","stl":"7.674","blk":"6.046","tov":"13.874","pf":"20.966","pts":"105.611"},{"game_id":1035,"team_name":"NYK","player_id":"teamNYK","player_name":"Team name: NYK","fg":"41.811","fga":"86.400","fg_pct":"0.484","three_p":"14.303","three_pa":"32.469","three_p_pct":"0.441","ft":"14.823","fta":"18.286","ft_pct":"0.811","orb":"7.206","drb":"34.737","trb":"41.943","ast":"22.891","stl":"6.360","blk":"5.217","tov":"10.943","pf":"19.554","pts":"112.749"}]