[{"game_id":1168,"team_name":"MIL","player_id":"{\"forbebr01\"}","player_name":"{\"Bryn Forbes\"}","fg":"1.553","fga":"4.400","fg_pct":"0.353","three_p":"1.224","three_pa":"3.576","three_p_pct":"0.342","ft":"0.000","fta":"0.000","ft_pct":"NaN","orb":"0.094","drb":"0.953","trb":"1.047","ast":"0.259","stl":"0.000","blk":"0.000","tov":"0.282","pf":"0.729","pts":"4.329"},{"game_id":1168,"team_name":"MIL","player_id":"{\"middlkh01\"}","player_name":"{\"Khris Middleton\"}","fg":"8.941","fga":"20.541","fg_pct":"0.435","three_p":"2.694","three_pa":"8.482","three_p_pct":"0.318","ft":"3.106","fta":"3.341","ft_pct":"0.930","orb":"1.388","drb":"6.435","trb":"7.824","ast":"6.353","stl":"1.894","blk":"0.118","tov":"3.435","pf":"2.447","pts":"23.682"},{"game_id":1168,"team_name":"MIL","player_id":"{\"holidjr01\"}","player_name":"{\"Jrue Holiday\"}","fg":"7.341","fga":"18.612","fg_pct":"0.394","three_p":"2.000","three_pa":"6.718","three_p_pct":"0.298","ft":"2.235","fta":"3.282","ft_pct":"0.681","orb":"1.329","drb":"4.435","trb":"5.765","ast":"9.106","stl":"1.541","blk":"0.906","tov":"2.671","pf":"2.635","pts":"18.918"},{"game_id":1168,"team_name":"MIL","player_id":"{\"antetgi01\"}","player_name":"{\"Giannis Antetokounmpo\"}","fg":"11.624","fga":"18.847","fg_pct":"0.617","three_p":"0.741","three_pa":"2.882","three_p_pct":"0.257","ft":"5.812","fta":"10.282","ft_pct":"0.565","orb":"2.518","drb":"9.671","trb":"12.188","ast":"4.518","stl":"1.129","blk":"1.282","tov":"2.929","pf":"3.200","pts":"29.800"},{"game_id":1168,"team_name":"MIL","player_id":"{\"connapa01\"}","player_name":"{\"Pat Connaughton\"}","fg":"2.976","fga":"6.035","fg_pct":"0.493","three_p":"1.918","three_pa":"4.647","three_p_pct":"0.413","ft":"0.482","fta":"0.482","ft_pct":"1.000","orb":"1.541","drb":"2.776","trb":"4.318","ast":"0.565","stl":"0.600","blk":"0.200","tov":"0.565","pf":"2.706","pts":"8.353"},{"game_id":1168,"team_name":"MIL","player_id":"{\"tuckepj01\"}","player_name":"{\"P.J. Tucker\"}","fg":"2.212","fga":"5.624","fg_pct":"0.393","three_p":"1.071","three_pa":"3.024","three_p_pct":"0.354","ft":"0.082","fta":"0.165","ft_pct":"0.497","orb":"2.447","drb":"3.635","trb":"6.082","ast":"1.435","stl":"0.953","blk":"0.165","tov":"0.435","pf":"2.518","pts":"5.576"},{"game_id":1168,"team_name":"MIL","player_id":"benchMIL","player_name":"Bench of MIL","fg":"2.428","fga":"5.028","fg_pct":"0.483","three_p":"0.561","three_pa":"1.614","three_p_pct":"0.348","ft":"0.793","fta":"1.064","ft_pct":"0.745","orb":"1.087","drb":"1.683","trb":"2.770","ast":"0.439","stl":"0.592","blk":"0.525","tov":"0.413","pf":"1.027","pts":"6.210"},{"game_id":1168,"team_name":"PHO","player_id":"{\"naderab01\"}","player_name":"{\"Abdel Nader\"}","fg":"1.612","fga":"3.329","fg_pct":"0.484","three_p":"0.459","three_pa":"1.035","three_p_pct":"0.443","ft":"0.659","fta":"1.059","ft_pct":"0.622","orb":"0.506","drb":"1.894","trb":"2.400","ast":"0.341","stl":"0.259","blk":"0.224","tov":"0.576","pf":"1.165","pts":"4.341"},{"game_id":1168,"team_name":"PHO","player_id":"{\"paulch01\"}","player_name":"{\"Chris Paul\"}","fg":"9.859","fga":"19.141","fg_pct":"0.515","three_p":"2.471","three_pa":"4.941","three_p_pct":"0.500","ft":"4.000","fta":"4.388","ft_pct":"0.912","orb":"0.682","drb":"3.224","trb":"3.906","ast":"8.882","stl":"1.494","blk":"0.059","tov":"2.400","pf":"2.035","pts":"26.188"},{"game_id":1168,"team_name":"PHO","player_id":"{\"crowdja01\"}","player_name":"{\"Jae Crowder\"}","fg":"2.718","fga":"7.600","fg_pct":"0.358","three_p":"2.012","three_pa":"5.506","three_p_pct":"0.365","ft":"0.741","fta":"0.882","ft_pct":"0.840","orb":"0.318","drb":"6.388","trb":"6.706","ast":"1.929","stl":"0.235","blk":"0.482","tov":"0.847","pf":"3.200","pts":"8.188"},{"game_id":1168,"team_name":"PHO","player_id":"{\"johnsca02\"}","player_name":"{\"Cameron Johnson\"}","fg":"3.212","fga":"5.294","fg_pct":"0.607","three_p":"1.859","three_pa":"3.529","three_p_pct":"0.527","ft":"1.047","fta":"1.165","ft_pct":"0.899","orb":"0.847","drb":"2.506","trb":"3.353","ast":"0.976","stl":"1.106","blk":"0.059","tov":"0.659","pf":"1.565","pts":"9.329"},{"game_id":1168,"team_name":"PHO","player_id":"{\"bookede01\"}","player_name":"{\"Devin Booker\"}","fg":"9.271","fga":"22.965","fg_pct":"0.404","three_p":"2.412","three_pa":"7.306","three_p_pct":"0.330","ft":"5.941","fta":"6.447","ft_pct":"0.922","orb":"0.635","drb":"4.647","trb":"5.282","ast":"4.718","stl":"1.200","blk":"0.129","tov":"3.694","pf":"3.482","pts":"26.894"},{"game_id":1168,"team_name":"PHO","player_id":"{\"bridgmi01\"}","player_name":"{\"Mikal Bridges\"}","fg":"4.600","fga":"9.259","fg_pct":"0.497","three_p":"1.318","three_pa":"3.871","three_p_pct":"0.340","ft":"1.941","fta":"2.035","ft_pct":"0.954","orb":"1.106","drb":"3.459","trb":"4.565","ast":"1.776","stl":"0.565","blk":"0.459","tov":"0.588","pf":"1.918","pts":"12.459"},{"game_id":1168,"team_name":"PHO","player_id":"benchPHO","player_name":"Bench of PHO","fg":"2.799","fga":"5.350","fg_pct":"0.523","three_p":"0.410","three_pa":"1.156","three_p_pct":"0.355","ft":"0.532","fta":"0.711","ft_pct":"0.748","orb":"1.157","drb":"3.350","trb":"4.507","ast":"1.601","stl":"0.428","blk":"0.514","tov":"0.695","pf":"1.461","pts":"6.539"}]