[{"game_id":101,"team_name":"BRK","player_id":"teamBRK","player_name":"Team name: BRK","ts_pct":"0.666","efg_pct":"0.621","three_par":"0.492","ftr":"0.487","orb_pct":"4.917","drb_pct":"17.007","trb_pct":"11.126","ast_pct":"16.370","stl_pct":"1.246","blk_pct":"2.371","tov_pct":"14.779","usg_pct":"21.793","ortg":"132.515","drtg":"131.944","bpm":"-0.718"},{"game_id":101,"team_name":"UTA","player_id":"teamUTA","player_name":"Team name: UTA","ts_pct":"0.510","efg_pct":"0.484","three_par":"0.412","ftr":"0.303","orb_pct":"5.086","drb_pct":"15.754","trb_pct":"10.700","ast_pct":"13.288","stl_pct":"0.931","blk_pct":"1.634","tov_pct":"11.135","usg_pct":"18.733","ortg":"108.098","drtg":"114.759","bpm":"0.510"}]