[{"game_id":1160,"team_name":"ATL","player_id":"teamATL","player_name":"Team name: ATL","fg":"38.851","fga":"87.463","fg_pct":"0.444","three_p":"9.829","three_pa":"32.337","three_p_pct":"0.304","ft":"18.349","fta":"23.320","ft_pct":"0.787","orb":"9.383","drb":"33.531","trb":"42.914","ast":"18.451","stl":"6.840","blk":"3.337","tov":"12.154","pf":"22.080","pts":"105.880"},{"game_id":1160,"team_name":"MIL","player_id":"teamMIL","player_name":"Team name: MIL","fg":"42.160","fga":"92.360","fg_pct":"0.456","three_p":"10.891","three_pa":"35.697","three_p_pct":"0.305","ft":"12.709","fta":"18.189","ft_pct":"0.699","orb":"11.834","drb":"35.869","trb":"47.703","ast":"21.297","stl":"7.537","blk":"5.029","tov":"11.680","pf":"17.160","pts":"107.920"}]