[{"game_id":1249,"team_name":"DET","player_id":"{\"makerth01\"}","player_name":"{\"Thon Maker\"}","fg":"1.082","fga":"3.541","fg_pct":"0.306","three_p":"0.141","three_pa":"1.388","three_p_pct":"0.102","ft":"1.000","fta":"1.329","ft_pct":"0.752","orb":"0.600","drb":"1.635","trb":"2.235","ast":"0.635","stl":"0.388","blk":"0.776","tov":"0.682","pf":"1.906","pts":"3.306"},{"game_id":1249,"team_name":"DET","player_id":"{\"woodch01\"}","player_name":"{\"Christian Wood\"}","fg":"4.365","fga":"8.129","fg_pct":"0.537","three_p":"1.000","three_pa":"2.471","three_p_pct":"0.405","ft":"2.647","fta":"3.588","ft_pct":"0.738","orb":"1.388","drb":"4.612","trb":"6.000","ast":"0.176","stl":"0.047","blk":"0.788","tov":"1.400","pf":"0.918","pts":"12.376"},{"game_id":1249,"team_name":"DET","player_id":"{\"brownbr01\"}","player_name":"{\"Bruce Brown\"}","fg":"1.494","fga":"3.953","fg_pct":"0.378","three_p":"0.447","three_pa":"1.224","three_p_pct":"0.365","ft":"0.494","fta":"0.847","ft_pct":"0.583","orb":"0.329","drb":"3.494","trb":"3.824","ast":"0.506","stl":"0.518","blk":"0.212","tov":"2.106","pf":"2.929","pts":"3.929"},{"game_id":1249,"team_name":"DET","player_id":"{\"drumman01\"}","player_name":"{\"Andre Drummond\"}","fg":"8.282","fga":"14.694","fg_pct":"0.564","three_p":"0.000","three_pa":"0.588","three_p_pct":"0.000","ft":"3.024","fta":"5.518","ft_pct":"0.548","orb":"5.071","drb":"12.224","trb":"17.294","ast":"1.976","stl":"1.424","blk":"1.906","tov":"3.800","pf":"4.224","pts":"19.588"},{"game_id":1249,"team_name":"DET","player_id":"{\"kennalu01\"}","player_name":"{\"Luke Kennard\"}","fg":"4.906","fga":"10.706","fg_pct":"0.458","three_p":"2.494","three_pa":"5.624","three_p_pct":"0.443","ft":"1.953","fta":"2.188","ft_pct":"0.893","orb":"0.106","drb":"2.706","trb":"2.812","ast":"3.294","stl":"0.482","blk":"0.082","tov":"0.953","pf":"1.788","pts":"14.259"},{"game_id":1249,"team_name":"DET","player_id":"{\"morrima02\"}","player_name":"{\"Markieff Morris\"}","fg":"3.565","fga":"8.141","fg_pct":"0.438","three_p":"1.247","three_pa":"3.541","three_p_pct":"0.352","ft":"1.200","fta":"1.741","ft_pct":"0.689","orb":"0.671","drb":"3.012","trb":"3.682","ast":"1.318","stl":"0.541","blk":"0.282","tov":"2.129","pf":"2.718","pts":"9.576"},{"game_id":1249,"team_name":"DET","player_id":"benchDET","player_name":"Bench of DET","fg":"1.953","fga":"5.359","fg_pct":"0.364","three_p":"1.288","three_pa":"3.387","three_p_pct":"0.380","ft":"0.949","fta":"1.060","ft_pct":"0.895","orb":"0.305","drb":"1.306","trb":"1.611","ast":"1.374","stl":"0.518","blk":"0.253","tov":"0.422","pf":"0.962","pts":"6.143"},{"game_id":1249,"team_name":"BRK","player_id":"{\"irvinky01\"}","player_name":"{\"Kyrie Irving\"}","fg":"9.294","fga":"22.188","fg_pct":"0.419","three_p":"3.141","three_pa":"8.376","three_p_pct":"0.375","ft":"5.835","fta":"6.518","ft_pct":"0.895","orb":"0.753","drb":"4.259","trb":"5.012","ast":"6.706","stl":"1.282","blk":"0.588","tov":"3.047","pf":"2.776","pts":"27.565"},{"game_id":1249,"team_name":"BRK","player_id":"{\"princta02\"}","player_name":"{\"Taurean Prince\"}","fg":"5.071","fga":"12.494","fg_pct":"0.406","three_p":"2.894","three_pa":"7.176","three_p_pct":"0.403","ft":"1.894","fta":"2.753","ft_pct":"0.688","orb":"0.682","drb":"5.141","trb":"5.824","ast":"1.682","stl":"0.824","blk":"0.659","tov":"1.671","pf":"2.682","pts":"14.929"},{"game_id":1249,"team_name":"BRK","player_id":"{\"harrijo01\"}","player_name":"{\"Joe Harris\"}","fg":"4.376","fga":"9.471","fg_pct":"0.462","three_p":"2.282","three_pa":"5.271","three_p_pct":"0.433","ft":"0.871","fta":"1.012","ft_pct":"0.861","orb":"1.165","drb":"3.282","trb":"4.447","ast":"1.082","stl":"0.965","blk":"0.106","tov":"1.929","pf":"2.447","pts":"11.906"},{"game_id":1249,"team_name":"BRK","player_id":"{\"jordade01\"}","player_name":"{\"DeAndre Jordan\"}","fg":"2.435","fga":"4.529","fg_pct":"0.538","three_p":"0.000","three_pa":"0.000","three_p_pct":"NaN","ft":"2.047","fta":"3.412","ft_pct":"0.600","orb":"2.659","drb":"6.882","trb":"9.541","ast":"1.953","stl":"0.400","blk":"0.741","tov":"1.576","pf":"2.400","pts":"6.918"},{"game_id":1249,"team_name":"BRK","player_id":"{\"leverca01\"}","player_name":"{\"Caris LeVert\"}","fg":"7.482","fga":"15.647","fg_pct":"0.478","three_p":"1.859","three_pa":"4.553","three_p_pct":"0.408","ft":"3.576","fta":"5.129","ft_pct":"0.697","orb":"1.294","drb":"3.059","trb":"4.353","ast":"3.741","stl":"1.071","blk":"0.118","tov":"3.647","pf":"2.188","pts":"20.400"},{"game_id":1249,"team_name":"BRK","player_id":"{\"templga01\"}","player_name":"{\"Garrett Temple\"}","fg":"1.800","fga":"3.753","fg_pct":"0.480","three_p":"0.894","three_pa":"2.318","three_p_pct":"0.386","ft":"1.176","fta":"1.518","ft_pct":"0.775","orb":"0.329","drb":"1.741","trb":"2.071","ast":"1.118","stl":"1.071","blk":"0.435","tov":"0.412","pf":"1.271","pts":"5.671"},{"game_id":1249,"team_name":"BRK","player_id":"benchBRK","player_name":"Bench of BRK","fg":"3.338","fga":"7.511","fg_pct":"0.444","three_p":"0.624","three_pa":"2.118","three_p_pct":"0.295","ft":"2.345","fta":"3.394","ft_pct":"0.691","orb":"1.536","drb":"3.489","trb":"5.024","ast":"1.978","stl":"0.524","blk":"0.584","tov":"1.667","pf":"2.430","pts":"9.646"}]