[{"game_id":115,"team_name":"GSW","player_id":"{\"muldemy01\"}","player_name":"{\"Mychal Mulder\"}","fg":"1.800","fga":"4.024","fg_pct":"0.447","three_p":"1.353","three_pa":"3.341","three_p_pct":"0.405","ft":"0.706","fta":"1.176","ft_pct":"0.600","orb":"0.000","drb":"1.271","trb":"1.271","ast":"0.659","stl":"0.153","blk":"0.094","tov":"0.588","pf":"1.188","pts":"5.659"},{"game_id":115,"team_name":"GSW","player_id":"{\"curryst01\"}","player_name":"{\"Stephen Curry\"}","fg":"9.471","fga":"20.271","fg_pct":"0.467","three_p":"4.341","three_pa":"11.788","three_p_pct":"0.368","ft":"7.694","fta":"7.835","ft_pct":"0.982","orb":"0.435","drb":"5.047","trb":"5.482","ast":"6.529","stl":"0.906","blk":"0.329","tov":"3.294","pf":"1.976","pts":"30.976"},{"game_id":115,"team_name":"GSW","player_id":"{\"wiggian01\"}","player_name":"{\"Andrew Wiggins\"}","fg":"6.600","fga":"15.600","fg_pct":"0.423","three_p":"1.894","three_pa":"4.824","three_p_pct":"0.393","ft":"2.706","fta":"4.071","ft_pct":"0.665","orb":"1.176","drb":"3.988","trb":"5.165","ast":"2.576","stl":"0.424","blk":"1.388","tov":"2.012","pf":"2.741","pts":"17.800"},{"game_id":115,"team_name":"GSW","player_id":"{\"greendr01\"}","player_name":"{\"Draymond Green\"}","fg":"1.329","fga":"3.941","fg_pct":"0.337","three_p":"0.541","three_pa":"2.047","three_p_pct":"0.264","ft":"0.776","fta":"0.988","ft_pct":"0.785","orb":"0.188","drb":"4.494","trb":"4.682","ast":"6.518","stl":"1.082","blk":"0.447","tov":"1.871","pf":"2.671","pts":"3.976"},{"game_id":115,"team_name":"GSW","player_id":"{\"oubreke01\"}","player_name":"{\"Kelly Oubre Jr.\"}","fg":"4.871","fga":"12.965","fg_pct":"0.376","three_p":"1.000","three_pa":"4.906","three_p_pct":"0.204","ft":"1.588","fta":"2.282","ft_pct":"0.696","orb":"1.459","drb":"3.718","trb":"5.176","ast":"0.929","stl":"1.553","blk":"1.094","tov":"1.506","pf":"2.506","pts":"12.329"},{"game_id":115,"team_name":"GSW","player_id":"{\"leeda03\"}","player_name":"{\"Damion Lee\"}","fg":"2.588","fga":"5.482","fg_pct":"0.472","three_p":"1.918","three_pa":"4.235","three_p_pct":"0.453","ft":"0.835","fta":"0.929","ft_pct":"0.899","orb":"0.494","drb":"3.882","trb":"4.376","ast":"1.871","stl":"0.447","blk":"0.000","tov":"0.376","pf":"2.353","pts":"7.929"},{"game_id":115,"team_name":"GSW","player_id":"benchGSW","player_name":"Bench of GSW","fg":"3.052","fga":"6.213","fg_pct":"0.491","three_p":"0.535","three_pa":"1.570","three_p_pct":"0.341","ft":"1.378","fta":"1.862","ft_pct":"0.740","orb":"0.645","drb":"2.923","trb":"3.568","ast":"1.803","stl":"0.416","blk":"0.542","tov":"0.971","pf":"2.385","pts":"8.018"},{"game_id":115,"team_name":"LAC","player_id":"{\"jacksre01\"}","player_name":"{\"Reggie Jackson\"}","fg":"2.224","fga":"4.812","fg_pct":"0.462","three_p":"1.165","three_pa":"2.776","three_p_pct":"0.420","ft":"0.224","fta":"0.565","ft_pct":"0.396","orb":"0.106","drb":"1.306","trb":"1.412","ast":"2.000","stl":"0.424","blk":"0.106","tov":"0.624","pf":"1.459","pts":"5.835"},{"game_id":115,"team_name":"LAC","player_id":"{\"georgpa01\"}","player_name":"{\"Paul George\"}","fg":"8.318","fga":"17.518","fg_pct":"0.475","three_p":"4.212","three_pa":"9.153","three_p_pct":"0.460","ft":"4.082","fta":"4.388","ft_pct":"0.930","orb":"0.529","drb":"5.153","trb":"5.682","ast":"4.788","stl":"2.000","blk":"0.753","tov":"4.259","pf":"2.741","pts":"24.929"},{"game_id":115,"team_name":"LAC","player_id":"{\"leonaka01\"}","player_name":"{\"Kawhi Leonard\"}","fg":"8.671","fga":"20.247","fg_pct":"0.428","three_p":"1.835","three_pa":"4.988","three_p_pct":"0.368","ft":"4.529","fta":"5.400","ft_pct":"0.839","orb":"1.694","drb":"4.859","trb":"6.553","ast":"6.471","stl":"2.082","blk":"1.153","tov":"1.306","pf":"2.188","pts":"23.706"},{"game_id":115,"team_name":"LAC","player_id":"{\"ibakase01\"}","player_name":"{\"Serge Ibaka\"}","fg":"4.235","fga":"9.259","fg_pct":"0.457","three_p":"1.271","three_pa":"3.529","three_p_pct":"0.360","ft":"1.471","fta":"1.859","ft_pct":"0.791","orb":"1.282","drb":"4.824","trb":"6.106","ast":"1.459","stl":"0.271","blk":"1.282","tov":"1.118","pf":"2.318","pts":"11.212"},{"game_id":115,"team_name":"LAC","player_id":"{\"beverpa01\"}","player_name":"{\"Patrick Beverley\"}","fg":"3.200","fga":"6.129","fg_pct":"0.522","three_p":"2.224","three_pa":"4.000","three_p_pct":"0.556","ft":"0.671","fta":"0.753","ft_pct":"0.891","orb":"1.388","drb":"3.188","trb":"4.576","ast":"2.082","stl":"0.682","blk":"0.624","tov":"0.812","pf":"3.929","pts":"9.294"},{"game_id":115,"team_name":"LAC","player_id":"{\"batumni01\"}","player_name":"{\"Nicolas Batum\"}","fg":"3.518","fga":"6.847","fg_pct":"0.514","three_p":"1.624","three_pa":"3.612","three_p_pct":"0.450","ft":"1.824","fta":"2.000","ft_pct":"0.912","orb":"1.412","drb":"4.576","trb":"5.988","ast":"2.788","stl":"0.788","blk":"0.235","tov":"0.788","pf":"2.482","pts":"10.482"},{"game_id":115,"team_name":"LAC","player_id":"benchLAC","player_name":"Bench of LAC","fg":"2.702","fga":"6.004","fg_pct":"0.450","three_p":"0.930","three_pa":"2.336","three_p_pct":"0.398","ft":"1.010","fta":"1.209","ft_pct":"0.835","orb":"0.574","drb":"2.285","trb":"2.858","ast":"1.521","stl":"0.380","blk":"0.235","tov":"0.821","pf":"1.585","pts":"7.345"}]