[{"game_id":1023,"team_name":"GSW","player_id":"teamGSW","player_name":"Team name: GSW","fg":"42.223","fga":"87.629","fg_pct":"0.482","three_p":"18.091","three_pa":"45.166","three_p_pct":"0.401","ft":"13.897","fta":"17.731","ft_pct":"0.784","orb":"7.023","drb":"38.600","trb":"45.623","ast":"29.800","stl":"8.074","blk":"5.429","tov":"15.520","pf":"19.469","pts":"116.434"},{"game_id":1023,"team_name":"UTA","player_id":"teamUTA","player_name":"Team name: UTA","fg":"42.286","fga":"86.023","fg_pct":"0.492","three_p":"17.114","three_pa":"42.709","three_p_pct":"0.401","ft":"15.097","fta":"18.274","ft_pct":"0.826","orb":"9.474","drb":"37.897","trb":"47.371","ast":"25.360","stl":"7.080","blk":"4.463","tov":"14.509","pf":"16.491","pts":"116.783"}]