[{"game_id":1067,"team_name":"TOR","player_id":"{\"flynnma01\"}","player_name":"{\"Malachi Flynn\"}","ts_pct":"0.448","efg_pct":"0.422","three_par":"0.491","ftr":"0.159","orb_pct":"0.966","drb_pct":"15.688","trb_pct":"7.661","ast_pct":"20.358","stl_pct":"1.564","blk_pct":"0.466","tov_pct":"9.268","usg_pct":"20.460","ortg":"94.600","drtg":"118.706","bpm":"-4.254"},{"game_id":1067,"team_name":"TOR","player_id":"{\"johnsst04\"}","player_name":"{\"Stanley Johnson\"}","ts_pct":"0.366","efg_pct":"0.342","three_par":"0.628","ftr":"0.252","orb_pct":"1.805","drb_pct":"12.561","trb_pct":"6.804","ast_pct":"14.036","stl_pct":"2.615","blk_pct":"0.578","tov_pct":"14.336","usg_pct":"16.266","ortg":"81.494","drtg":"117.118","bpm":"-4.160"},{"game_id":1067,"team_name":"TOR","player_id":"{\"bembrde01\"}","player_name":"{\"DeAndre' Bembry\"}","ts_pct":"0.551","efg_pct":"0.512","three_par":"0.267","ftr":"0.326","orb_pct":"3.115","drb_pct":"16.635","trb_pct":"9.471","ast_pct":"15.774","stl_pct":"4.738","blk_pct":"1.835","tov_pct":"19.560","usg_pct":"15.559","ortg":"104.788","drtg":"110.812","bpm":"-0.221"},{"game_id":1067,"team_name":"TOR","player_id":"{\"birchkh01\"}","player_name":"{\"Khem Birch\"}","ts_pct":"0.573","efg_pct":"0.544","three_par":"0.185","ftr":"0.283","orb_pct":"8.238","drb_pct":"16.593","trb_pct":"12.325","ast_pct":"11.332","stl_pct":"1.255","blk_pct":"3.107","tov_pct":"11.004","usg_pct":"18.108","ortg":"114.953","drtg":"118.059","bpm":"-1.234"},{"game_id":1067,"team_name":"TOR","player_id":"{\"gillefr01\"}","player_name":"{\"Freddie Gillespie\"}","ts_pct":"0.558","efg_pct":"0.509","three_par":"0.000","ftr":"0.558","orb_pct":"11.485","drb_pct":"19.569","trb_pct":"15.347","ast_pct":"2.389","stl_pct":"2.240","blk_pct":"5.027","tov_pct":"14.312","usg_pct":"12.052","ortg":"115.941","drtg":"113.400","bpm":"-2.626"},{"game_id":1067,"team_name":"TOR","player_id":"benchTOR","player_name":"Bench of TOR","ts_pct":"0.580","efg_pct":"0.571","three_par":"0.305","ftr":"0.173","orb_pct":"7.408","drb_pct":"18.615","trb_pct":"13.636","ast_pct":"6.674","stl_pct":"1.664","blk_pct":"1.928","tov_pct":"14.013","usg_pct":"15.692","ortg":"110.329","drtg":"113.200","bpm":"-2.724"},{"game_id":1067,"team_name":"IND","player_id":"{\"mccontj01\"}","player_name":"{\"T.J. McConnell\"}","ts_pct":"0.600","efg_pct":"0.581","three_par":"0.091","ftr":"0.128","orb_pct":"4.534","drb_pct":"13.954","trb_pct":"9.096","ast_pct":"26.389","stl_pct":"4.169","blk_pct":"0.814","tov_pct":"20.681","usg_pct":"18.360","ortg":"112.671","drtg":"110.259","bpm":"0.111"},{"game_id":1067,"team_name":"IND","player_id":"{\"sabondo01\"}","player_name":"{\"Domantas Sabonis\"}","ts_pct":"0.667","efg_pct":"0.652","three_par":"0.186","ftr":"0.225","orb_pct":"4.789","drb_pct":"32.160","trb_pct":"19.042","ast_pct":"43.144","stl_pct":"1.891","blk_pct":"1.319","tov_pct":"16.804","usg_pct":"23.114","ortg":"128.071","drtg":"108.165","bpm":"8.860"},{"game_id":1067,"team_name":"IND","player_id":"{\"brissos01\"}","player_name":"{\"Oshae Brissett\"}","ts_pct":"0.576","efg_pct":"0.528","three_par":"0.484","ftr":"0.397","orb_pct":"5.988","drb_pct":"13.087","trb_pct":"9.856","ast_pct":"3.518","stl_pct":"2.322","blk_pct":"2.004","tov_pct":"7.040","usg_pct":"14.116","ortg":"116.000","drtg":"114.012","bpm":"-2.186"},{"game_id":1067,"team_name":"IND","player_id":"{\"mcderdo01\"}","player_name":"{\"Doug McDermott\"}","ts_pct":"0.672","efg_pct":"0.658","three_par":"0.404","ftr":"0.220","orb_pct":"1.407","drb_pct":"8.379","trb_pct":"5.078","ast_pct":"6.274","stl_pct":"0.327","blk_pct":"0.169","tov_pct":"5.901","usg_pct":"20.953","ortg":"123.506","drtg":"120.341","bpm":"-1.586"},{"game_id":1067,"team_name":"IND","player_id":"{\"holidju01\"}","player_name":"{\"Justin Holiday\"}","ts_pct":"0.701","efg_pct":"0.675","three_par":"0.695","ftr":"0.183","orb_pct":"0.716","drb_pct":"11.596","trb_pct":"6.494","ast_pct":"7.461","stl_pct":"0.169","blk_pct":"3.882","tov_pct":"4.239","usg_pct":"13.426","ortg":"133.776","drtg":"117.765","bpm":"1.468"},{"game_id":1067,"team_name":"IND","player_id":"{\"leverca01\"}","player_name":"{\"Caris LeVert\"}","ts_pct":"0.556","efg_pct":"0.509","three_par":"0.289","ftr":"0.231","orb_pct":"1.302","drb_pct":"13.786","trb_pct":"7.715","ast_pct":"29.648","stl_pct":"1.669","blk_pct":"2.168","tov_pct":"12.307","usg_pct":"31.694","ortg":"108.059","drtg":"113.741","bpm":"0.514"},{"game_id":1067,"team_name":"IND","player_id":"benchIND","player_name":"Bench of IND","ts_pct":"0.518","efg_pct":"0.487","three_par":"0.357","ftr":"0.221","orb_pct":"6.181","drb_pct":"16.641","trb_pct":"11.485","ast_pct":"5.935","stl_pct":"0.638","blk_pct":"4.805","tov_pct":"7.418","usg_pct":"18.543","ortg":"101.936","drtg":"115.243","bpm":"-3.872"}]