[{"game_id":117,"team_name":"BRK","player_id":"{\"leverca01\"}","player_name":"{\"Caris LeVert\"}","fg":"6.200","fga":"15.482","fg_pct":"0.400","three_p":"1.647","three_pa":"4.941","three_p_pct":"0.333","ft":"1.588","fta":"1.835","ft_pct":"0.865","orb":"0.871","drb":"2.871","trb":"3.741","ast":"5.576","stl":"1.412","blk":"0.671","tov":"2.035","pf":"1.800","pts":"15.635"},{"game_id":117,"team_name":"BRK","player_id":"{\"harrijo01\"}","player_name":"{\"Joe Harris\"}","fg":"5.188","fga":"9.965","fg_pct":"0.521","three_p":"3.012","three_pa":"5.741","three_p_pct":"0.525","ft":"0.529","fta":"0.847","ft_pct":"0.625","orb":"0.906","drb":"3.235","trb":"4.141","ast":"1.424","stl":"0.729","blk":"0.318","tov":"0.906","pf":"2.635","pts":"13.918"},{"game_id":117,"team_name":"BRK","player_id":"{\"greenje02\"}","player_name":"{\"Jeff Green\"}","fg":"1.847","fga":"3.365","fg_pct":"0.549","three_p":"0.459","three_pa":"1.306","three_p_pct":"0.351","ft":"0.624","fta":"0.918","ft_pct":"0.680","orb":"0.424","drb":"1.882","trb":"2.306","ast":"0.659","stl":"0.176","blk":"0.271","tov":"0.259","pf":"1.694","pts":"4.776"},{"game_id":117,"team_name":"BRK","player_id":"{\"allenja01\"}","player_name":"{\"Jarrett Allen\"}","fg":"3.506","fga":"5.012","fg_pct":"0.700","three_p":"0.000","three_pa":"0.000","three_p_pct":"NaN","ft":"3.847","fta":"5.282","ft_pct":"0.728","orb":"3.894","drb":"8.447","trb":"12.341","ast":"0.835","stl":"0.718","blk":"1.729","tov":"1.388","pf":"1.529","pts":"10.859"},{"game_id":117,"team_name":"BRK","player_id":"{\"luwawti01\"}","player_name":"{\"Timothé Luwawu-Cabarrot\"}","fg":"3.318","fga":"8.094","fg_pct":"0.410","three_p":"1.718","three_pa":"5.188","three_p_pct":"0.331","ft":"0.976","fta":"0.976","ft_pct":"1.000","orb":"0.376","drb":"1.988","trb":"2.365","ast":"1.071","stl":"0.424","blk":"0.106","tov":"1.235","pf":"1.906","pts":"9.329"},{"game_id":117,"team_name":"BRK","player_id":"{\"princta02\"}","player_name":"{\"Taurean Prince\"}","fg":"1.918","fga":"5.706","fg_pct":"0.336","three_p":"1.047","three_pa":"3.294","three_p_pct":"0.318","ft":"1.894","fta":"2.153","ft_pct":"0.880","orb":"0.106","drb":"2.906","trb":"3.012","ast":"0.471","stl":"0.541","blk":"0.588","tov":"0.988","pf":"2.400","pts":"6.776"},{"game_id":117,"team_name":"BRK","player_id":"benchBRK","player_name":"Bench of BRK","fg":"1.888","fga":"4.129","fg_pct":"0.457","three_p":"0.476","three_pa":"1.770","three_p_pct":"0.269","ft":"0.642","fta":"1.011","ft_pct":"0.635","orb":"0.689","drb":"2.750","trb":"3.439","ast":"1.831","stl":"0.398","blk":"0.405","tov":"1.066","pf":"1.703","pts":"4.894"},{"game_id":117,"team_name":"PHI","player_id":"{\"joeis01\"}","player_name":"{\"Isaiah Joe\"}","fg":"0.306","fga":"1.667","fg_pct":"0.184","three_p":"0.000","three_pa":"1.000","three_p_pct":"0.000","ft":"0.000","fta":"0.000","ft_pct":"NaN","orb":"0.361","drb":"1.333","trb":"1.694","ast":"1.389","stl":"0.306","blk":"0.000","tov":"0.333","pf":"1.750","pts":"0.611"},{"game_id":117,"team_name":"PHI","player_id":"{\"miltosh01\"}","player_name":"{\"Shake Milton\"}","fg":"4.682","fga":"10.929","fg_pct":"0.428","three_p":"1.400","three_pa":"4.953","three_p_pct":"0.283","ft":"2.624","fta":"3.294","ft_pct":"0.797","orb":"0.318","drb":"1.824","trb":"2.141","ast":"2.953","stl":"1.071","blk":"0.235","tov":"1.294","pf":"2.518","pts":"13.388"},{"game_id":117,"team_name":"PHI","player_id":"{\"harrito02\"}","player_name":"{\"Tobias Harris\"}","fg":"7.859","fga":"15.012","fg_pct":"0.524","three_p":"2.482","three_pa":"5.471","three_p_pct":"0.454","ft":"1.518","fta":"1.953","ft_pct":"0.777","orb":"1.529","drb":"6.459","trb":"7.988","ast":"3.129","stl":"1.059","blk":"1.000","tov":"2.047","pf":"1.965","pts":"19.718"},{"game_id":117,"team_name":"PHI","player_id":"{\"greenda02\"}","player_name":"{\"Danny Green\"}","fg":"3.129","fga":"7.129","fg_pct":"0.439","three_p":"2.235","three_pa":"5.541","three_p_pct":"0.403","ft":"0.447","fta":"0.576","ft_pct":"0.776","orb":"0.965","drb":"1.847","trb":"2.812","ast":"2.294","stl":"1.129","blk":"0.529","tov":"1.047","pf":"2.106","pts":"8.941"},{"game_id":117,"team_name":"PHI","player_id":"{\"simmobe01\"}","player_name":"{\"Ben Simmons\"}","fg":"5.047","fga":"9.576","fg_pct":"0.527","three_p":"0.118","three_pa":"0.176","three_p_pct":"0.670","ft":"2.871","fta":"4.859","ft_pct":"0.591","orb":"0.718","drb":"8.106","trb":"8.824","ast":"7.624","stl":"1.353","blk":"0.988","tov":"3.118","pf":"3.153","pts":"13.082"},{"game_id":117,"team_name":"PHI","player_id":"{\"embiijo01\"}","player_name":"{\"Joel Embiid\"}","fg":"7.976","fga":"15.706","fg_pct":"0.508","three_p":"1.271","three_pa":"3.365","three_p_pct":"0.378","ft":"8.976","fta":"10.753","ft_pct":"0.835","orb":"1.871","drb":"9.506","trb":"11.376","ast":"3.059","stl":"1.447","blk":"1.882","tov":"3.035","pf":"2.212","pts":"26.200"},{"game_id":117,"team_name":"PHI","player_id":"benchPHI","player_name":"Bench of PHI","fg":"1.668","fga":"3.441","fg_pct":"0.485","three_p":"0.383","three_pa":"1.050","three_p_pct":"0.365","ft":"0.396","fta":"0.732","ft_pct":"0.541","orb":"0.505","drb":"1.553","trb":"2.058","ast":"0.798","stl":"0.371","blk":"0.339","tov":"0.647","pf":"1.203","pts":"4.115"}]