[{"game_id":120,"team_name":"LAL","player_id":"teamLAL","player_name":"Team name: LAL","fg":"42.634","fga":"88.229","fg_pct":"0.483","three_p":"12.411","three_pa":"32.543","three_p_pct":"0.381","ft":"14.497","fta":"18.794","ft_pct":"0.771","orb":"10.354","drb":"37.909","trb":"48.263","ast":"25.166","stl":"6.817","blk":"5.834","tov":"14.926","pf":"18.874","pts":"112.177"},{"game_id":120,"team_name":"SAS","player_id":"teamSAS","player_name":"Team name: SAS","fg":"42.126","fga":"92.206","fg_pct":"0.457","three_p":"11.926","three_pa":"29.446","three_p_pct":"0.405","ft":"16.686","fta":"21.463","ft_pct":"0.777","orb":"9.846","drb":"37.114","trb":"46.960","ast":"25.657","stl":"7.571","blk":"5.789","tov":"12.989","pf":"19.069","pts":"112.863"}]