[{"game_id":1142,"team_name":"MIL","player_id":"teamMIL","player_name":"Team name: MIL","fg":"42.531","fga":"92.326","fg_pct":"0.461","three_p":"10.629","three_pa":"35.011","three_p_pct":"0.304","ft":"15.017","fta":"21.371","ft_pct":"0.703","orb":"11.983","drb":"41.623","trb":"53.606","ast":"22.394","stl":"5.823","blk":"4.040","tov":"13.240","pf":"15.960","pts":"110.709"},{"game_id":1142,"team_name":"BRK","player_id":"teamBRK","player_name":"Team name: BRK","fg":"42.720","fga":"88.463","fg_pct":"0.483","three_p":"14.629","three_pa":"34.777","three_p_pct":"0.421","ft":"16.366","fta":"18.657","ft_pct":"0.877","orb":"8.514","drb":"35.029","trb":"43.543","ast":"24.451","stl":"7.423","blk":"6.206","tov":"9.274","pf":"21.377","pts":"116.434"}]