[{"game_id":1065,"team_name":"MIL","player_id":"{\"holidjr01\"}","player_name":"{\"Jrue Holiday\"}","ts_pct":"0.587","efg_pct":"0.562","three_par":"0.359","ftr":"0.220","orb_pct":"4.301","drb_pct":"8.836","trb_pct":"6.696","ast_pct":"28.478","stl_pct":"1.232","blk_pct":"3.367","tov_pct":"11.262","usg_pct":"23.887","ortg":"123.165","drtg":"119.588","bpm":"2.820"},{"game_id":1065,"team_name":"MIL","player_id":"{\"antetgi01\"}","player_name":"{\"Giannis Antetokounmpo\"}","ts_pct":"0.670","efg_pct":"0.603","three_par":"0.171","ftr":"0.428","orb_pct":"4.099","drb_pct":"25.618","trb_pct":"15.149","ast_pct":"31.881","stl_pct":"5.784","blk_pct":"1.941","tov_pct":"8.001","usg_pct":"32.102","ortg":"137.824","drtg":"106.435","bpm":"17.451"},{"game_id":1065,"team_name":"MIL","player_id":"{\"middlkh01\"}","player_name":"{\"Khris Middleton\"}","ts_pct":"0.569","efg_pct":"0.518","three_par":"0.388","ftr":"0.227","orb_pct":"1.880","drb_pct":"16.033","trb_pct":"9.122","ast_pct":"20.360","stl_pct":"1.215","blk_pct":"0.000","tov_pct":"9.120","usg_pct":"25.871","ortg":"116.341","drtg":"118.694","bpm":"-0.311"},{"game_id":1065,"team_name":"MIL","player_id":"{\"divindo01\"}","player_name":"{\"Donte DiVincenzo\"}","ts_pct":"0.582","efg_pct":"0.570","three_par":"0.691","ftr":"0.169","orb_pct":"4.348","drb_pct":"19.422","trb_pct":"11.931","ast_pct":"13.231","stl_pct":"1.348","blk_pct":"1.304","tov_pct":"10.066","usg_pct":"15.187","ortg":"116.988","drtg":"119.024","bpm":"1.420"},{"game_id":1065,"team_name":"MIL","player_id":"{\"lopezbr01\"}","player_name":"{\"Brook Lopez\"}","ts_pct":"0.611","efg_pct":"0.578","three_par":"0.235","ftr":"0.383","orb_pct":"9.674","drb_pct":"11.039","trb_pct":"10.376","ast_pct":"2.915","stl_pct":"0.732","blk_pct":"5.502","tov_pct":"8.100","usg_pct":"20.607","ortg":"123.953","drtg":"118.282","bpm":"-0.969"},{"game_id":1065,"team_name":"MIL","player_id":"{\"tuckepj01\"}","player_name":"{\"P.J. Tucker\"}","ts_pct":"0.517","efg_pct":"0.515","three_par":"0.638","ftr":"0.137","orb_pct":"4.211","drb_pct":"7.596","trb_pct":"5.878","ast_pct":"5.925","stl_pct":"0.875","blk_pct":"0.000","tov_pct":"16.568","usg_pct":"5.333","ortg":"101.153","drtg":"122.671","bpm":"-4.367"},{"game_id":1065,"team_name":"MIL","player_id":"benchMIL","player_name":"Bench of MIL","ts_pct":"0.452","efg_pct":"0.417","three_par":"0.430","ftr":"0.243","orb_pct":"5.189","drb_pct":"15.137","trb_pct":"10.218","ast_pct":"5.080","stl_pct":"1.675","blk_pct":"0.889","tov_pct":"10.540","usg_pct":"16.847","ortg":"92.016","drtg":"115.237","bpm":"-5.295"},{"game_id":1065,"team_name":"MIA","player_id":"{\"nunnke01\"}","player_name":"{\"Kendrick Nunn\"}","ts_pct":"0.643","efg_pct":"0.622","three_par":"0.477","ftr":"0.097","orb_pct":"0.272","drb_pct":"10.879","trb_pct":"5.759","ast_pct":"7.795","stl_pct":"1.019","blk_pct":"0.836","tov_pct":"6.815","usg_pct":"20.302","ortg":"122.518","drtg":"120.918","bpm":"-2.227"},{"game_id":1065,"team_name":"MIA","player_id":"{\"adebaba01\"}","player_name":"{\"Bam Adebayo\"}","ts_pct":"0.679","efg_pct":"0.654","three_par":"0.000","ftr":"0.560","orb_pct":"7.542","drb_pct":"21.401","trb_pct":"14.553","ast_pct":"27.618","stl_pct":"2.347","blk_pct":"2.195","tov_pct":"13.729","usg_pct":"21.393","ortg":"136.094","drtg":"114.024","bpm":"5.756"},{"game_id":1065,"team_name":"MIA","player_id":"{\"robindu01\"}","player_name":"{\"Duncan Robinson\"}","ts_pct":"0.615","efg_pct":"0.605","three_par":"0.884","ftr":"0.158","orb_pct":"1.104","drb_pct":"12.242","trb_pct":"6.779","ast_pct":"7.705","stl_pct":"1.354","blk_pct":"1.808","tov_pct":"12.438","usg_pct":"18.260","ortg":"111.318","drtg":"118.141","bpm":"-1.025"},{"game_id":1065,"team_name":"MIA","player_id":"{\"arizatr01\"}","player_name":"{\"Trevor Ariza\"}","ts_pct":"0.528","efg_pct":"0.487","three_par":"0.553","ftr":"0.204","orb_pct":"5.398","drb_pct":"16.320","trb_pct":"10.913","ast_pct":"8.965","stl_pct":"2.636","blk_pct":"2.422","tov_pct":"6.935","usg_pct":"16.166","ortg":"112.376","drtg":"114.682","bpm":"0.596"},{"game_id":1065,"team_name":"MIA","player_id":"{\"dragigo01\"}","player_name":"{\"Goran Dragić\"}","ts_pct":"0.559","efg_pct":"0.525","three_par":"0.448","ftr":"0.159","orb_pct":"3.402","drb_pct":"9.771","trb_pct":"6.560","ast_pct":"23.175","stl_pct":"1.008","blk_pct":"0.320","tov_pct":"14.067","usg_pct":"25.399","ortg":"112.694","drtg":"121.435","bpm":"-2.962"},{"game_id":1065,"team_name":"MIA","player_id":"{\"iguodan01\"}","player_name":"{\"Andre Iguodala\"}","ts_pct":"0.410","efg_pct":"0.432","three_par":"0.427","ftr":"0.324","orb_pct":"2.418","drb_pct":"14.212","trb_pct":"8.401","ast_pct":"16.187","stl_pct":"0.765","blk_pct":"2.549","tov_pct":"36.611","usg_pct":"10.541","ortg":"94.729","drtg":"119.388","bpm":"-2.954"},{"game_id":1065,"team_name":"MIA","player_id":"benchMIA","player_name":"Bench of MIA","ts_pct":"0.366","efg_pct":"0.348","three_par":"0.396","ftr":"0.116","orb_pct":"5.660","drb_pct":"15.083","trb_pct":"10.317","ast_pct":"10.353","stl_pct":"0.935","blk_pct":"1.344","tov_pct":"6.810","usg_pct":"17.429","ortg":"91.850","drtg":"117.740","bpm":"-7.009"}]