[{"game_id":1215,"team_name":"ATL","player_id":"{\"turneev01\"}","player_name":"{\"Evan Turner\"}","fg":"1.871","fga":"3.906","fg_pct":"0.479","three_p":"0.118","three_pa":"0.271","three_p_pct":"0.435","ft":"1.282","fta":"1.635","ft_pct":"0.784","orb":"0.565","drb":"3.647","trb":"4.212","ast":"2.471","stl":"0.259","blk":"0.212","tov":"0.906","pf":"1.506","pts":"5.141"},{"game_id":1215,"team_name":"ATL","player_id":"{\"jonesda03\"}","player_name":"{\"Damian Jones\"}","fg":"1.212","fga":"1.694","fg_pct":"0.715","three_p":"0.000","three_pa":"0.000","three_p_pct":"NaN","ft":"0.565","fta":"0.824","ft_pct":"0.686","orb":"0.529","drb":"0.847","trb":"1.376","ast":"0.294","stl":"0.047","blk":"0.224","tov":"0.318","pf":"1.659","pts":"2.988"},{"game_id":1215,"team_name":"ATL","player_id":"{\"youngtr01\"}","player_name":"{\"Trae Young\"}","fg":"9.800","fga":"20.118","fg_pct":"0.487","three_p":"2.788","three_pa":"8.012","three_p_pct":"0.348","ft":"5.682","fta":"6.741","ft_pct":"0.843","orb":"1.024","drb":"4.729","trb":"5.753","ast":"9.647","stl":"1.553","blk":"0.047","tov":"3.471","pf":"1.729","pts":"28.071"},{"game_id":1215,"team_name":"ATL","player_id":"{\"huntede01\"}","player_name":"{\"De'Andre Hunter\"}","fg":"3.960","fga":"6.440","fg_pct":"0.615","three_p":"0.960","three_pa":"1.960","three_p_pct":"0.490","ft":"0.960","fta":"0.960","ft_pct":"1.000","orb":"0.000","drb":"2.520","trb":"2.520","ast":"0.520","stl":"0.000","blk":"0.520","tov":"0.960","pf":"2.080","pts":"9.840"},{"game_id":1215,"team_name":"ATL","player_id":"{\"collijo01\"}","player_name":"{\"John Collins\"}","fg":"7.059","fga":"13.847","fg_pct":"0.510","three_p":"0.847","three_pa":"3.082","three_p_pct":"0.275","ft":"2.388","fta":"3.482","ft_pct":"0.686","orb":"3.424","drb":"7.306","trb":"10.729","ast":"2.082","stl":"0.612","blk":"1.776","tov":"1.800","pf":"2.953","pts":"17.353"},{"game_id":1215,"team_name":"ATL","player_id":"{\"reddica01\"}","player_name":"{\"Cam Reddish\"}","fg":"1.560","fga":"7.560","fg_pct":"0.206","three_p":"0.000","three_pa":"3.960","three_p_pct":"0.000","ft":"0.480","fta":"0.960","ft_pct":"0.500","orb":"1.000","drb":"3.920","trb":"4.920","ast":"0.480","stl":"1.000","blk":"0.000","tov":"0.520","pf":"1.000","pts":"3.600"},{"game_id":1215,"team_name":"ATL","player_id":"benchATL","player_name":"Bench of ATL","fg":"4.066","fga":"8.619","fg_pct":"0.472","three_p":"1.113","three_pa":"3.275","three_p_pct":"0.340","ft":"1.345","fta":"1.939","ft_pct":"0.694","orb":"1.276","drb":"3.207","trb":"4.484","ast":"2.197","stl":"0.677","blk":"0.495","tov":"1.271","pf":"2.167","pts":"10.590"},{"game_id":1215,"team_name":"PHI","player_id":"{\"scottmi01\"}","player_name":"{\"Mike Scott\"}","fg":"2.482","fga":"4.847","fg_pct":"0.512","three_p":"1.529","three_pa":"3.082","three_p_pct":"0.496","ft":"0.588","fta":"0.588","ft_pct":"1.000","orb":"0.529","drb":"2.965","trb":"3.494","ast":"0.718","stl":"0.047","blk":"0.000","tov":"0.518","pf":"1.976","pts":"7.082"},{"game_id":1215,"team_name":"PHI","player_id":"{\"ennisja01\"}","player_name":"{\"James Ennis III\"}","fg":"2.318","fga":"5.306","fg_pct":"0.437","three_p":"0.659","three_pa":"2.624","three_p_pct":"0.251","ft":"1.729","fta":"2.635","ft_pct":"0.656","orb":"1.188","drb":"2.929","trb":"4.118","ast":"1.035","stl":"0.259","blk":"0.282","tov":"0.871","pf":"2.812","pts":"7.024"},{"game_id":1215,"team_name":"PHI","player_id":"{\"oquinky01\"}","player_name":"{\"Kyle O'Quinn\"}","fg":"1.576","fga":"2.941","fg_pct":"0.536","three_p":"0.141","three_pa":"0.400","three_p_pct":"0.352","ft":"0.588","fta":"0.941","ft_pct":"0.625","orb":"0.671","drb":"1.729","trb":"2.400","ast":"0.824","stl":"0.176","blk":"0.694","tov":"0.753","pf":"1.235","pts":"3.882"},{"game_id":1215,"team_name":"PHI","player_id":"{\"harrito02\"}","player_name":"{\"Tobias Harris\"}","fg":"6.235","fga":"13.506","fg_pct":"0.462","three_p":"2.129","three_pa":"5.941","three_p_pct":"0.358","ft":"1.965","fta":"2.471","ft_pct":"0.795","orb":"0.953","drb":"8.482","trb":"9.435","ast":"3.306","stl":"1.388","blk":"0.376","tov":"2.412","pf":"3.282","pts":"16.565"},{"game_id":1215,"team_name":"PHI","player_id":"{\"simmobe01\"}","player_name":"{\"Ben Simmons\"}","fg":"6.000","fga":"10.329","fg_pct":"0.581","three_p":"0.000","three_pa":"0.000","three_p_pct":"NaN","ft":"1.894","fta":"3.753","ft_pct":"0.505","orb":"1.447","drb":"5.318","trb":"6.765","ast":"6.341","stl":"1.859","blk":"0.659","tov":"3.082","pf":"4.000","pts":"13.894"},{"game_id":1215,"team_name":"PHI","player_id":"{\"embiijo01\"}","player_name":"{\"Joel Embiid\"}","fg":"5.518","fga":"14.047","fg_pct":"0.393","three_p":"1.306","three_pa":"3.929","three_p_pct":"0.332","ft":"5.847","fta":"7.459","ft_pct":"0.784","orb":"1.741","drb":"8.424","trb":"10.165","ast":"3.294","stl":"0.612","blk":"2.306","tov":"3.494","pf":"3.518","pts":"18.188"},{"game_id":1215,"team_name":"PHI","player_id":"benchPHI","player_name":"Bench of PHI","fg":"2.972","fga":"8.263","fg_pct":"0.360","three_p":"1.061","three_pa":"3.875","three_p_pct":"0.274","ft":"1.356","fta":"1.578","ft_pct":"0.859","orb":"0.576","drb":"2.869","trb":"3.445","ast":"2.636","stl":"0.950","blk":"0.576","tov":"1.299","pf":"2.321","pts":"8.360"}]