[{"game_id":1076,"team_name":"MIN","player_id":"{\"edwaran01\"}","player_name":"{\"Anthony Edwards\"}","fg":"8.953","fga":"17.624","fg_pct":"0.508","three_p":"2.659","three_pa":"7.871","three_p_pct":"0.338","ft":"4.306","fta":"5.741","ft_pct":"0.750","orb":"1.024","drb":"5.259","trb":"6.282","ast":"4.459","stl":"1.035","blk":"0.871","tov":"2.847","pf":"2.682","pts":"24.871"},{"game_id":1076,"team_name":"MIN","player_id":"{\"russeda01\"}","player_name":"{\"D'Angelo Russell\"}","fg":"5.847","fga":"14.859","fg_pct":"0.393","three_p":"2.553","three_pa":"7.694","three_p_pct":"0.332","ft":"2.871","fta":"4.318","ft_pct":"0.665","orb":"0.576","drb":"2.624","trb":"3.200","ast":"7.506","stl":"1.071","blk":"0.624","tov":"2.388","pf":"1.388","pts":"17.118"},{"game_id":1076,"team_name":"MIN","player_id":"{\"mcdanja02\"}","player_name":"{\"Jaden McDaniels\"}","fg":"1.753","fga":"4.471","fg_pct":"0.392","three_p":"0.824","three_pa":"2.929","three_p_pct":"0.281","ft":"0.412","fta":"0.612","ft_pct":"0.673","orb":"0.753","drb":"3.047","trb":"3.800","ast":"1.294","stl":"0.753","blk":"0.847","tov":"0.612","pf":"3.318","pts":"4.741"},{"game_id":1076,"team_name":"MIN","player_id":"{\"townska01\"}","player_name":"{\"Karl-Anthony Towns\"}","fg":"8.318","fga":"17.988","fg_pct":"0.462","three_p":"2.518","three_pa":"7.035","three_p_pct":"0.358","ft":"5.741","fta":"7.012","ft_pct":"0.819","orb":"3.047","drb":"6.612","trb":"9.659","ast":"4.012","stl":"0.953","blk":"0.235","tov":"3.294","pf":"3.941","pts":"24.894"},{"game_id":1076,"team_name":"MIN","player_id":"{\"vandeja01\"}","player_name":"{\"Jarred Vanderbilt\"}","fg":"3.176","fga":"4.624","fg_pct":"0.687","three_p":"0.000","three_pa":"0.000","three_p_pct":"NaN","ft":"0.365","fta":"0.694","ft_pct":"0.526","orb":"2.329","drb":"4.447","trb":"6.776","ast":"0.718","stl":"1.294","blk":"0.647","tov":"0.353","pf":"2.118","pts":"6.718"},{"game_id":1076,"team_name":"MIN","player_id":"{\"okogijo01\"}","player_name":"{\"Josh Okogie\"}","fg":"1.082","fga":"2.741","fg_pct":"0.395","three_p":"0.247","three_pa":"0.988","three_p_pct":"0.250","ft":"1.247","fta":"2.071","ft_pct":"0.602","orb":"1.482","drb":"1.329","trb":"2.812","ast":"0.871","stl":"0.424","blk":"0.506","tov":"0.729","pf":"1.388","pts":"3.659"},{"game_id":1076,"team_name":"MIN","player_id":"benchMIN","player_name":"Bench of MIN","fg":"3.351","fga":"7.466","fg_pct":"0.449","three_p":"1.136","three_pa":"3.627","three_p_pct":"0.313","ft":"1.085","fta":"1.788","ft_pct":"0.607","orb":"0.975","drb":"2.967","trb":"3.942","ast":"2.316","stl":"0.797","blk":"0.467","tov":"0.965","pf":"1.643","pts":"8.922"},{"game_id":1076,"team_name":"DAL","player_id":"{\"caulewi01\"}","player_name":"{\"Willie Cauley-Stein\"}","fg":"2.071","fga":"2.976","fg_pct":"0.696","three_p":"0.000","three_pa":"0.165","three_p_pct":"0.000","ft":"0.576","fta":"0.882","ft_pct":"0.653","orb":"1.329","drb":"3.788","trb":"5.118","ast":"0.624","stl":"0.565","blk":"0.776","tov":"0.812","pf":"2.894","pts":"4.718"},{"game_id":1076,"team_name":"DAL","player_id":"{\"hintona01\"}","player_name":"{\"Nate Hinton\"}","fg":"0.965","fga":"2.694","fg_pct":"0.358","three_p":"0.400","three_pa":"1.576","three_p_pct":"0.254","ft":"0.400","fta":"0.518","ft_pct":"0.772","orb":"0.082","drb":"0.529","trb":"0.612","ast":"0.494","stl":"0.376","blk":"0.118","tov":"0.094","pf":"0.588","pts":"2.729"},{"game_id":1076,"team_name":"DAL","player_id":"{\"beyty01\"}","player_name":"{\"Tyler Bey\"}","fg":"0.388","fga":"1.035","fg_pct":"0.375","three_p":"0.094","three_pa":"0.294","three_p_pct":"0.320","ft":"0.094","fta":"0.094","ft_pct":"1.000","orb":"0.424","drb":"0.447","trb":"0.871","ast":"0.259","stl":"0.000","blk":"0.000","tov":"0.212","pf":"0.259","pts":"0.965"},{"game_id":1076,"team_name":"DAL","player_id":"{\"marjabo01\"}","player_name":"{\"Boban Marjanović\"}","fg":"1.588","fga":"2.765","fg_pct":"0.574","three_p":"0.129","three_pa":"0.329","three_p_pct":"0.392","ft":"1.106","fta":"1.153","ft_pct":"0.959","orb":"1.000","drb":"2.259","trb":"3.259","ast":"0.188","stl":"0.106","blk":"0.212","tov":"0.224","pf":"0.671","pts":"4.412"},{"game_id":1076,"team_name":"DAL","player_id":"{\"finnedo01\"}","player_name":"{\"Dorian Finney-Smith\"}","fg":"3.765","fga":"7.353","fg_pct":"0.512","three_p":"1.800","three_pa":"4.694","three_p_pct":"0.383","ft":"0.506","fta":"0.918","ft_pct":"0.551","orb":"0.918","drb":"3.600","trb":"4.518","ast":"2.259","stl":"0.647","blk":"0.318","tov":"1.212","pf":"2.118","pts":"9.835"},{"game_id":1076,"team_name":"DAL","player_id":"{\"poweldw01\"}","player_name":"{\"Dwight Powell\"}","fg":"3.165","fga":"4.059","fg_pct":"0.780","three_p":"0.000","three_pa":"0.047","three_p_pct":"0.000","ft":"2.600","fta":"3.141","ft_pct":"0.828","orb":"1.988","drb":"3.894","trb":"5.882","ast":"1.965","stl":"0.788","blk":"1.247","tov":"1.129","pf":"2.729","pts":"8.929"},{"game_id":1076,"team_name":"DAL","player_id":"benchDAL","player_name":"Bench of DAL","fg":"4.994","fga":"10.676","fg_pct":"0.468","three_p":"1.766","three_pa":"4.474","three_p_pct":"0.395","ft":"2.042","fta":"2.392","ft_pct":"0.854","orb":"0.817","drb":"3.176","trb":"3.993","ast":"2.711","stl":"0.720","blk":"0.189","tov":"0.987","pf":"1.745","pts":"13.795"}]