[{"game_id":1166,"team_name":"PHO","player_id":"{\"bookede01\"}","player_name":"{\"Devin Booker\"}","fg":"8.776","fga":"21.894","fg_pct":"0.401","three_p":"1.753","three_pa":"6.118","three_p_pct":"0.287","ft":"6.141","fta":"6.859","ft_pct":"0.895","orb":"0.447","drb":"5.788","trb":"6.235","ast":"4.294","stl":"1.071","blk":"0.153","tov":"3.918","pf":"3.306","pts":"25.447"},{"game_id":1166,"team_name":"PHO","player_id":"{\"aytonde01\"}","player_name":"{\"Deandre Ayton\"}","fg":"7.788","fga":"11.635","fg_pct":"0.669","three_p":"0.000","three_pa":"0.000","three_p_pct":"NaN","ft":"0.800","fta":"1.388","ft_pct":"0.576","orb":"3.976","drb":"9.106","trb":"13.082","ast":"1.118","stl":"0.624","blk":"1.388","tov":"1.482","pf":"2.329","pts":"16.376"},{"game_id":1166,"team_name":"PHO","player_id":"{\"paulch01\"}","player_name":"{\"Chris Paul\"}","fg":"8.706","fga":"17.894","fg_pct":"0.487","three_p":"1.847","three_pa":"4.259","three_p_pct":"0.434","ft":"4.447","fta":"4.729","ft_pct":"0.940","orb":"0.306","drb":"3.506","trb":"3.812","ast":"9.165","stl":"1.553","blk":"0.082","tov":"1.659","pf":"2.212","pts":"23.706"},{"game_id":1166,"team_name":"PHO","player_id":"{\"kaminfr01\"}","player_name":"{\"Frank Kaminsky\"}","fg":"1.176","fga":"3.412","fg_pct":"0.345","three_p":"0.224","three_pa":"0.835","three_p_pct":"0.268","ft":"0.424","fta":"0.494","ft_pct":"0.858","orb":"0.435","drb":"2.282","trb":"2.718","ast":"2.271","stl":"0.176","blk":"0.435","tov":"0.482","pf":"1.506","pts":"3.000"},{"game_id":1166,"team_name":"PHO","player_id":"{\"crowdja01\"}","player_name":"{\"Jae Crowder\"}","fg":"3.141","fga":"7.518","fg_pct":"0.418","three_p":"2.294","three_pa":"5.729","three_p_pct":"0.400","ft":"0.812","fta":"0.812","ft_pct":"1.000","orb":"0.388","drb":"5.106","trb":"5.494","ast":"1.918","stl":"0.165","blk":"0.518","tov":"0.753","pf":"3.024","pts":"9.388"},{"game_id":1166,"team_name":"PHO","player_id":"{\"bridgmi01\"}","player_name":"{\"Mikal Bridges\"}","fg":"4.094","fga":"7.859","fg_pct":"0.521","three_p":"1.047","three_pa":"3.341","three_p_pct":"0.313","ft":"0.953","fta":"1.094","ft_pct":"0.871","orb":"1.118","drb":"3.459","trb":"4.576","ast":"2.071","stl":"0.482","blk":"0.647","tov":"0.624","pf":"2.376","pts":"10.188"},{"game_id":1166,"team_name":"PHO","player_id":"benchPHO","player_name":"Bench of PHO","fg":"2.446","fga":"5.095","fg_pct":"0.480","three_p":"1.009","three_pa":"2.240","three_p_pct":"0.450","ft":"0.726","fta":"0.879","ft_pct":"0.826","orb":"0.721","drb":"2.199","trb":"2.920","ast":"1.576","stl":"0.475","blk":"0.229","tov":"0.601","pf":"1.566","pts":"6.627"},{"game_id":1166,"team_name":"MIL","player_id":"{\"teaguje01\"}","player_name":"{\"Jeff Teague\"}","fg":"0.835","fga":"2.176","fg_pct":"0.384","three_p":"0.518","three_pa":"0.800","three_p_pct":"0.647","ft":"0.553","fta":"0.553","ft_pct":"1.000","orb":"0.000","drb":"0.212","trb":"0.212","ast":"0.976","stl":"0.000","blk":"0.000","tov":"0.306","pf":"0.824","pts":"2.741"},{"game_id":1166,"team_name":"MIL","player_id":"{\"middlkh01\"}","player_name":"{\"Khris Middleton\"}","fg":"9.000","fga":"20.259","fg_pct":"0.444","three_p":"2.647","three_pa":"8.388","three_p_pct":"0.316","ft":"4.400","fta":"4.812","ft_pct":"0.914","orb":"1.576","drb":"6.365","trb":"7.941","ast":"6.412","stl":"2.212","blk":"0.294","tov":"3.353","pf":"2.671","pts":"25.047"},{"game_id":1166,"team_name":"MIL","player_id":"{\"holidjr01\"}","player_name":"{\"Jrue Holiday\"}","fg":"7.906","fga":"18.741","fg_pct":"0.422","three_p":"2.588","three_pa":"7.965","three_p_pct":"0.325","ft":"2.188","fta":"3.294","ft_pct":"0.664","orb":"1.306","drb":"4.082","trb":"5.388","ast":"9.376","stl":"1.624","blk":"0.741","tov":"2.812","pf":"2.765","pts":"20.588"},{"game_id":1166,"team_name":"MIL","player_id":"{\"antetgi01\"}","player_name":"{\"Giannis Antetokounmpo\"}","fg":"12.035","fga":"20.365","fg_pct":"0.591","three_p":"0.647","three_pa":"2.988","three_p_pct":"0.217","ft":"4.365","fta":"8.318","ft_pct":"0.525","orb":"2.212","drb":"9.294","trb":"11.506","ast":"4.518","stl":"0.859","blk":"0.918","tov":"3.071","pf":"2.718","pts":"29.082"},{"game_id":1166,"team_name":"MIL","player_id":"{\"tuckepj01\"}","player_name":"{\"P.J. Tucker\"}","fg":"1.918","fga":"5.600","fg_pct":"0.343","three_p":"1.129","three_pa":"3.647","three_p_pct":"0.310","ft":"0.106","fta":"0.212","ft_pct":"0.500","orb":"2.376","drb":"4.329","trb":"6.706","ast":"1.306","stl":"1.212","blk":"0.235","tov":"0.353","pf":"3.024","pts":"5.071"},{"game_id":1166,"team_name":"MIL","player_id":"{\"connapa01\"}","player_name":"{\"Pat Connaughton\"}","fg":"2.541","fga":"5.247","fg_pct":"0.484","three_p":"1.435","three_pa":"3.847","three_p_pct":"0.373","ft":"0.753","fta":"0.753","ft_pct":"1.000","orb":"1.271","drb":"2.894","trb":"4.165","ast":"0.706","stl":"0.741","blk":"0.400","tov":"0.376","pf":"2.212","pts":"7.271"},{"game_id":1166,"team_name":"MIL","player_id":"benchMIL","player_name":"Bench of MIL","fg":"3.953","fga":"7.812","fg_pct":"0.506","three_p":"0.979","three_pa":"3.027","three_p_pct":"0.323","ft":"1.088","fta":"1.420","ft_pct":"0.766","orb":"1.437","drb":"2.723","trb":"4.160","ast":"0.554","stl":"0.681","blk":"0.854","tov":"0.634","pf":"1.443","pts":"9.971"}]