[{"game_id":1111,"team_name":"WAS","player_id":"{\"mathega01\"}","player_name":"{\"Garrison Mathews\"}","fg":"0.824","fga":"2.776","fg_pct":"0.297","three_p":"0.824","three_pa":"2.576","three_p_pct":"0.320","ft":"0.671","fta":"0.882","ft_pct":"0.761","orb":"0.000","drb":"0.741","trb":"0.741","ast":"0.047","stl":"0.094","blk":"0.118","tov":"0.071","pf":"1.588","pts":"3.141"},{"game_id":1111,"team_name":"WAS","player_id":"{\"bealbr01\"}","player_name":"{\"Bradley Beal\"}","fg":"11.918","fga":"24.306","fg_pct":"0.490","three_p":"1.929","three_pa":"6.235","three_p_pct":"0.309","ft":"5.282","fta":"6.541","ft_pct":"0.808","orb":"1.129","drb":"4.882","trb":"6.012","ast":"4.165","stl":"0.776","blk":"0.612","tov":"2.941","pf":"1.376","pts":"31.047"},{"game_id":1111,"team_name":"WAS","player_id":"{\"bongais01\"}","player_name":"{\"Isaac Bonga\"}","fg":"0.553","fga":"2.000","fg_pct":"0.277","three_p":"0.282","three_pa":"1.012","three_p_pct":"0.279","ft":"0.165","fta":"0.165","ft_pct":"1.000","orb":"0.235","drb":"0.376","trb":"0.612","ast":"0.412","stl":"0.224","blk":"0.329","tov":"0.600","pf":"1.082","pts":"1.553"},{"game_id":1111,"team_name":"WAS","player_id":"{\"westbru01\"}","player_name":"{\"Russell Westbrook\"}","fg":"6.647","fga":"17.294","fg_pct":"0.384","three_p":"1.071","three_pa":"4.588","three_p_pct":"0.233","ft":"5.847","fta":"7.671","ft_pct":"0.762","orb":"1.847","drb":"8.424","trb":"10.271","ast":"13.247","stl":"1.224","blk":"0.494","tov":"4.012","pf":"3.071","pts":"20.212"},{"game_id":1111,"team_name":"WAS","player_id":"{\"bertada01\"}","player_name":"{\"Dāvis Bertāns\"}","fg":"3.094","fga":"8.447","fg_pct":"0.366","three_p":"2.365","three_pa":"7.424","three_p_pct":"0.319","ft":"1.282","fta":"1.506","ft_pct":"0.851","orb":"0.000","drb":"2.388","trb":"2.388","ast":"0.282","stl":"0.447","blk":"0.141","tov":"0.494","pf":"2.812","pts":"9.835"},{"game_id":1111,"team_name":"WAS","player_id":"{\"hachiru01\"}","player_name":"{\"Rui Hachimura\"}","fg":"5.929","fga":"10.259","fg_pct":"0.578","three_p":"1.106","three_pa":"1.976","three_p_pct":"0.560","ft":"1.047","fta":"1.294","ft_pct":"0.809","orb":"0.788","drb":"4.047","trb":"4.835","ast":"0.906","stl":"0.176","blk":"0.224","tov":"1.012","pf":"2.506","pts":"14.012"},{"game_id":1111,"team_name":"WAS","player_id":"benchWAS","player_name":"Bench of WAS","fg":"3.578","fga":"6.272","fg_pct":"0.570","three_p":"0.288","three_pa":"0.756","three_p_pct":"0.381","ft":"1.212","fta":"1.553","ft_pct":"0.780","orb":"1.138","drb":"2.612","trb":"3.750","ast":"1.359","stl":"0.617","blk":"0.650","tov":"0.784","pf":"1.957","pts":"8.655"},{"game_id":1111,"team_name":"PHI","player_id":"{\"korkmfu01\"}","player_name":"{\"Furkan Korkmaz\"}","fg":"2.235","fga":"6.282","fg_pct":"0.356","three_p":"1.188","three_pa":"3.953","three_p_pct":"0.301","ft":"0.800","fta":"1.035","ft_pct":"0.773","orb":"0.471","drb":"1.188","trb":"1.659","ast":"1.812","stl":"0.518","blk":"0.082","tov":"0.576","pf":"0.835","pts":"6.459"},{"game_id":1111,"team_name":"PHI","player_id":"{\"scottmi01\"}","player_name":"{\"Mike Scott\"}","fg":"1.235","fga":"4.141","fg_pct":"0.298","three_p":"0.800","three_pa":"2.435","three_p_pct":"0.329","ft":"0.000","fta":"0.000","ft_pct":"NaN","orb":"0.235","drb":"1.224","trb":"1.459","ast":"1.224","stl":"0.106","blk":"0.824","tov":"0.106","pf":"0.953","pts":"3.271"},{"game_id":1111,"team_name":"PHI","player_id":"{\"reedpa01\"}","player_name":"{\"Paul Reed\"}","fg":"2.435","fga":"3.929","fg_pct":"0.620","three_p":"0.000","three_pa":"0.000","three_p_pct":"NaN","ft":"0.424","fta":"0.565","ft_pct":"0.750","orb":"1.859","drb":"1.706","trb":"3.565","ast":"0.741","stl":"0.506","blk":"0.635","tov":"0.424","pf":"1.471","pts":"5.294"},{"game_id":1111,"team_name":"PHI","player_id":"{\"joeis01\"}","player_name":"{\"Isaiah Joe\"}","fg":"1.741","fga":"4.129","fg_pct":"0.422","three_p":"1.506","three_pa":"3.518","three_p_pct":"0.428","ft":"0.776","fta":"0.988","ft_pct":"0.785","orb":"0.000","drb":"0.741","trb":"0.741","ast":"0.494","stl":"0.447","blk":"0.000","tov":"0.388","pf":"1.012","pts":"5.765"},{"game_id":1111,"team_name":"PHI","player_id":"{\"harrito02\"}","player_name":"{\"Tobias Harris\"}","fg":"8.306","fga":"16.682","fg_pct":"0.498","three_p":"1.094","three_pa":"3.400","three_p_pct":"0.322","ft":"2.588","fta":"2.800","ft_pct":"0.924","orb":"0.824","drb":"5.024","trb":"5.847","ast":"2.424","stl":"0.882","blk":"0.471","tov":"1.118","pf":"1.294","pts":"20.294"},{"game_id":1111,"team_name":"PHI","player_id":"{\"simmobe01\"}","player_name":"{\"Ben Simmons\"}","fg":"5.765","fga":"9.729","fg_pct":"0.593","three_p":"0.000","three_pa":"0.141","three_p_pct":"0.000","ft":"1.200","fta":"2.529","ft_pct":"0.474","orb":"2.412","drb":"4.718","trb":"7.129","ast":"8.024","stl":"1.353","blk":"0.471","tov":"1.624","pf":"2.541","pts":"12.729"},{"game_id":1111,"team_name":"PHI","player_id":"benchPHI","player_name":"Bench of PHI","fg":"3.953","fga":"7.824","fg_pct":"0.505","three_p":"1.319","three_pa":"3.070","three_p_pct":"0.430","ft":"1.986","fta":"2.385","ft_pct":"0.833","orb":"0.713","drb":"3.229","trb":"3.942","ast":"2.060","stl":"0.962","blk":"0.729","tov":"1.224","pf":"1.962","pts":"11.211"}]