[{"game_id":1025,"team_name":"POR","player_id":"{\"littlna01\"}","player_name":"{\"Nassir Little\"}","ts_pct":"0.413","efg_pct":"0.403","three_par":"0.270","ftr":"0.187","orb_pct":"3.725","drb_pct":"18.993","trb_pct":"10.645","ast_pct":"2.966","stl_pct":"0.000","blk_pct":"0.224","tov_pct":"6.594","usg_pct":"15.188","ortg":"88.929","drtg":"115.553","bpm":"-8.093"},{"game_id":1025,"team_name":"POR","player_id":"{\"lillada01\"}","player_name":"{\"Damian Lillard\"}","ts_pct":"0.701","efg_pct":"0.635","three_par":"0.539","ftr":"0.405","orb_pct":"1.032","drb_pct":"10.905","trb_pct":"6.079","ast_pct":"35.033","stl_pct":"1.834","blk_pct":"0.376","tov_pct":"10.226","usg_pct":"29.527","ortg":"140.059","drtg":"111.624","bpm":"11.852"},{"game_id":1025,"team_name":"POR","player_id":"{\"mccolcj01\"}","player_name":"{\"CJ McCollum\"}","ts_pct":"0.564","efg_pct":"0.531","three_par":"0.388","ftr":"0.194","orb_pct":"1.620","drb_pct":"9.741","trb_pct":"5.780","ast_pct":"18.509","stl_pct":"0.779","blk_pct":"1.636","tov_pct":"5.896","usg_pct":"24.772","ortg":"118.612","drtg":"113.259","bpm":"1.671"},{"game_id":1025,"team_name":"POR","player_id":"{\"powelno01\"}","player_name":"{\"Norman Powell\"}","ts_pct":"0.537","efg_pct":"0.484","three_par":"0.374","ftr":"0.270","orb_pct":"2.968","drb_pct":"6.809","trb_pct":"4.941","ast_pct":"7.982","stl_pct":"1.280","blk_pct":"0.807","tov_pct":"6.127","usg_pct":"20.198","ortg":"112.165","drtg":"114.400","bpm":"-1.699"},{"game_id":1025,"team_name":"POR","player_id":"{\"covinro01\"}","player_name":"{\"Robert Covington\"}","ts_pct":"0.456","efg_pct":"0.441","three_par":"0.747","ftr":"0.125","orb_pct":"4.032","drb_pct":"19.741","trb_pct":"11.898","ast_pct":"6.621","stl_pct":"1.627","blk_pct":"3.141","tov_pct":"3.439","usg_pct":"9.999","ortg":"110.612","drtg":"107.647","bpm":"-0.649"},{"game_id":1025,"team_name":"POR","player_id":"{\"nurkiju01\"}","player_name":"{\"Jusuf Nurkić\"}","ts_pct":"0.576","efg_pct":"0.565","three_par":"0.046","ftr":"0.298","orb_pct":"11.611","drb_pct":"35.505","trb_pct":"23.396","ast_pct":"21.456","stl_pct":"1.089","blk_pct":"3.847","tov_pct":"12.409","usg_pct":"24.331","ortg":"119.318","drtg":"104.718","bpm":"4.808"},{"game_id":1025,"team_name":"POR","player_id":"benchPOR","player_name":"Bench of POR","ts_pct":"0.498","efg_pct":"0.477","three_par":"0.320","ftr":"0.261","orb_pct":"7.027","drb_pct":"14.911","trb_pct":"11.028","ast_pct":"9.156","stl_pct":"0.974","blk_pct":"2.448","tov_pct":"8.038","usg_pct":"16.860","ortg":"104.525","drtg":"112.015","bpm":"-1.583"},{"game_id":1025,"team_name":"HOU","player_id":"{\"martike04\"}","player_name":"{\"Kenyon Martin Jr.\"}","ts_pct":"0.597","efg_pct":"0.574","three_par":"0.326","ftr":"0.220","orb_pct":"5.293","drb_pct":"17.279","trb_pct":"10.605","ast_pct":"7.836","stl_pct":"1.244","blk_pct":"2.736","tov_pct":"6.373","usg_pct":"18.335","ortg":"119.753","drtg":"122.106","bpm":"-0.832"},{"game_id":1025,"team_name":"HOU","player_id":"{\"tateja01\"}","player_name":"{\"Jae'Sean Tate\"}","ts_pct":"0.490","efg_pct":"0.484","three_par":"0.290","ftr":"0.235","orb_pct":"4.502","drb_pct":"15.628","trb_pct":"9.599","ast_pct":"22.091","stl_pct":"2.700","blk_pct":"0.353","tov_pct":"14.174","usg_pct":"21.007","ortg":"100.176","drtg":"115.835","bpm":"-3.093"},{"game_id":1025,"team_name":"HOU","player_id":"{\"thomakh01\"}","player_name":"{\"Khyri Thomas\"}","ts_pct":"0.545","efg_pct":"0.502","three_par":"0.691","ftr":"0.149","orb_pct":"2.722","drb_pct":"2.986","trb_pct":"2.718","ast_pct":"6.612","stl_pct":"4.212","blk_pct":"1.525","tov_pct":"7.874","usg_pct":"17.667","ortg":"109.847","drtg":"117.506","bpm":"1.544"},{"game_id":1025,"team_name":"HOU","player_id":"{\"olynyke01\"}","player_name":"{\"Kelly Olynyk\"}","ts_pct":"0.624","efg_pct":"0.557","three_par":"0.361","ftr":"0.513","orb_pct":"6.841","drb_pct":"26.613","trb_pct":"16.079","ast_pct":"24.149","stl_pct":"2.707","blk_pct":"1.929","tov_pct":"16.419","usg_pct":"23.175","ortg":"119.600","drtg":"116.353","bpm":"3.715"},{"game_id":1025,"team_name":"HOU","player_id":"{\"augusdj01\"}","player_name":"{\"D.J. Augustin\"}","ts_pct":"0.501","efg_pct":"0.437","three_par":"0.454","ftr":"0.453","orb_pct":"1.433","drb_pct":"7.161","trb_pct":"4.195","ast_pct":"25.879","stl_pct":"0.434","blk_pct":"0.000","tov_pct":"18.125","usg_pct":"20.607","ortg":"106.365","drtg":"127.388","bpm":"-7.746"},{"game_id":1025,"team_name":"HOU","player_id":"{\"brookar01\"}","player_name":"{\"Armoni Brooks\"}","ts_pct":"0.491","efg_pct":"0.484","three_par":"0.801","ftr":"0.062","orb_pct":"1.202","drb_pct":"11.042","trb_pct":"5.559","ast_pct":"9.098","stl_pct":"0.958","blk_pct":"1.439","tov_pct":"11.545","usg_pct":"16.833","ortg":"96.106","drtg":"124.647","bpm":"-5.551"},{"game_id":1025,"team_name":"HOU","player_id":"benchHOU","player_name":"Bench of HOU","ts_pct":"0.499","efg_pct":"0.469","three_par":"0.583","ftr":"0.213","orb_pct":"3.860","drb_pct":"12.087","trb_pct":"7.776","ast_pct":"12.027","stl_pct":"1.116","blk_pct":"2.045","tov_pct":"10.641","usg_pct":"15.451","ortg":"100.567","drtg":"119.410","bpm":"-2.887"}]