[{"game_id":1158,"team_name":"MIL","player_id":"teamMIL","player_name":"Team name: MIL","fg":"41.177","fga":"91.629","fg_pct":"0.449","three_p":"10.497","three_pa":"35.011","three_p_pct":"0.300","ft":"13.154","fta":"18.457","ft_pct":"0.713","orb":"11.143","drb":"37.223","trb":"48.366","ast":"20.549","stl":"6.549","blk":"5.069","tov":"11.497","pf":"16.914","pts":"106.006"},{"game_id":1158,"team_name":"ATL","player_id":"teamATL","player_name":"Team name: ATL","fg":"39.280","fga":"87.771","fg_pct":"0.448","three_p":"10.337","three_pa":"32.366","three_p_pct":"0.319","ft":"19.503","fta":"24.509","ft_pct":"0.796","orb":"9.674","drb":"34.789","trb":"44.463","ast":"19.589","stl":"6.474","blk":"3.160","tov":"11.091","pf":"22.086","pts":"108.400"}]