[{"game_id":1247,"team_name":"GSW","player_id":"{\"spellom01\"}","player_name":"{\"Omari Spellman\"}","ts_pct":"0.487","efg_pct":"0.419","three_par":"0.328","ftr":"0.300","orb_pct":"14.572","drb_pct":"22.935","trb_pct":"18.116","ast_pct":"9.760","stl_pct":"1.892","blk_pct":"2.715","tov_pct":"15.349","usg_pct":"18.496","ortg":"103.365","drtg":"113.835","bpm":"-2.304"},{"game_id":1247,"team_name":"GSW","player_id":"{\"greendr01\"}","player_name":"{\"Draymond Green\"}","ts_pct":"0.524","efg_pct":"0.481","three_par":"0.295","ftr":"0.318","orb_pct":"3.539","drb_pct":"27.182","trb_pct":"14.925","ast_pct":"28.606","stl_pct":"2.280","blk_pct":"1.159","tov_pct":"20.040","usg_pct":"16.651","ortg":"106.341","drtg":"112.976","bpm":"0.636"},{"game_id":1247,"team_name":"GSW","player_id":"{\"russeda01\"}","player_name":"{\"D'Angelo Russell\"}","ts_pct":"0.462","efg_pct":"0.438","three_par":"0.393","ftr":"0.226","orb_pct":"1.808","drb_pct":"11.965","trb_pct":"6.759","ast_pct":"27.602","stl_pct":"1.045","blk_pct":"0.198","tov_pct":"11.554","usg_pct":"28.053","ortg":"95.459","drtg":"118.329","bpm":"-3.272"},{"game_id":1247,"team_name":"GSW","player_id":"{\"poolejo01\"}","player_name":"{\"Jordan Poole\"}","ts_pct":"0.404","efg_pct":"0.331","three_par":"0.557","ftr":"0.238","orb_pct":"0.000","drb_pct":"12.289","trb_pct":"5.720","ast_pct":"8.757","stl_pct":"1.791","blk_pct":"0.000","tov_pct":"10.350","usg_pct":"20.643","ortg":"83.174","drtg":"118.913","bpm":"-9.530"},{"game_id":1247,"team_name":"GSW","player_id":"{\"robingl02\"}","player_name":"{\"Glenn Robinson III\"}","ts_pct":"0.389","efg_pct":"0.332","three_par":"0.264","ftr":"0.254","orb_pct":"5.707","drb_pct":"12.813","trb_pct":"9.062","ast_pct":"4.947","stl_pct":"1.841","blk_pct":"1.019","tov_pct":"6.026","usg_pct":"15.119","ortg":"85.965","drtg":"116.753","bpm":"-4.809"},{"game_id":1247,"team_name":"GSW","player_id":"{\"leeda03\"}","player_name":"{\"Damion Lee\"}","ts_pct":"0.597","efg_pct":"0.405","three_par":"0.461","ftr":"0.267","orb_pct":"2.993","drb_pct":"25.453","trb_pct":"13.700","ast_pct":"11.653","stl_pct":"0.955","blk_pct":"0.000","tov_pct":"7.347","usg_pct":"18.808","ortg":"121.929","drtg":"115.859","bpm":"-1.015"},{"game_id":1247,"team_name":"GSW","player_id":"benchGSW","player_name":"Bench of GSW","ts_pct":"0.526","efg_pct":"0.463","three_par":"0.104","ftr":"0.405","orb_pct":"5.238","drb_pct":"15.401","trb_pct":"9.964","ast_pct":"10.291","stl_pct":"2.456","blk_pct":"0.850","tov_pct":"9.060","usg_pct":"15.095","ortg":"129.424","drtg":"117.782","bpm":"-1.790"},{"game_id":1247,"team_name":"SAS","player_id":"{\"metuch01\"}","player_name":"{\"Chimezie Metu\"}","ts_pct":"0.118","efg_pct":"0.108","three_par":"0.000","ftr":"0.059","orb_pct":"0.800","drb_pct":"25.032","trb_pct":"12.688","ast_pct":"2.146","stl_pct":"2.181","blk_pct":"0.000","tov_pct":"41.518","usg_pct":"27.660","ortg":"25.906","drtg":"114.059","bpm":"-26.589"},{"game_id":1247,"team_name":"SAS","player_id":"{\"derozde01\"}","player_name":"{\"DeMar DeRozan\"}","ts_pct":"0.572","efg_pct":"0.511","three_par":"0.015","ftr":"0.410","orb_pct":"2.131","drb_pct":"15.179","trb_pct":"8.641","ast_pct":"15.573","stl_pct":"1.732","blk_pct":"0.567","tov_pct":"12.595","usg_pct":"29.091","ortg":"108.753","drtg":"109.953","bpm":"0.802"},{"game_id":1247,"team_name":"SAS","player_id":"{\"lylestr01\"}","player_name":"{\"Trey Lyles\"}","ts_pct":"0.385","efg_pct":"0.371","three_par":"0.285","ftr":"0.093","orb_pct":"13.626","drb_pct":"16.673","trb_pct":"15.808","ast_pct":"13.780","stl_pct":"0.118","blk_pct":"0.000","tov_pct":"10.685","usg_pct":"16.381","ortg":"114.118","drtg":"113.588","bpm":"-5.398"},{"game_id":1247,"team_name":"SAS","player_id":"{\"forbebr01\"}","player_name":"{\"Bryn Forbes\"}","ts_pct":"0.595","efg_pct":"0.564","three_par":"0.556","ftr":"0.192","orb_pct":"1.339","drb_pct":"10.254","trb_pct":"6.026","ast_pct":"3.975","stl_pct":"0.089","blk_pct":"0.212","tov_pct":"6.513","usg_pct":"16.002","ortg":"116.341","drtg":"115.118","bpm":"-1.961"},{"game_id":1247,"team_name":"SAS","player_id":"{\"aldrila01\"}","player_name":"{\"LaMarcus Aldridge\"}","ts_pct":"0.513","efg_pct":"0.468","three_par":"0.103","ftr":"0.287","orb_pct":"7.213","drb_pct":"18.724","trb_pct":"12.831","ast_pct":"12.054","stl_pct":"0.899","blk_pct":"4.285","tov_pct":"11.355","usg_pct":"24.075","ortg":"105.212","drtg":"107.871","bpm":"1.722"},{"game_id":1247,"team_name":"SAS","player_id":"{\"whitede01\"}","player_name":"{\"Derrick White\"}","ts_pct":"0.635","efg_pct":"0.584","three_par":"0.274","ftr":"0.456","orb_pct":"2.612","drb_pct":"10.001","trb_pct":"6.245","ast_pct":"15.208","stl_pct":"0.771","blk_pct":"2.356","tov_pct":"9.249","usg_pct":"21.576","ortg":"125.741","drtg":"111.812","bpm":"3.096"},{"game_id":1247,"team_name":"SAS","player_id":"benchSAS","player_name":"Bench of SAS","ts_pct":"0.445","efg_pct":"0.418","three_par":"0.359","ftr":"0.206","orb_pct":"5.735","drb_pct":"16.700","trb_pct":"11.167","ast_pct":"12.347","stl_pct":"0.803","blk_pct":"1.744","tov_pct":"10.133","usg_pct":"17.443","ortg":"96.343","drtg":"112.054","bpm":"-4.565"}]