[{"game_id":106,"team_name":"IND","player_id":"teamIND","player_name":"Team name: IND","ts_pct":"0.527","efg_pct":"0.511","three_par":"0.384","ftr":"0.183","orb_pct":"3.719","drb_pct":"15.634","trb_pct":"9.725","ast_pct":"14.902","stl_pct":"1.895","blk_pct":"1.627","tov_pct":"12.282","usg_pct":"18.866","ortg":"102.918","drtg":"107.091","bpm":"-0.637"},{"game_id":106,"team_name":"HOU","player_id":"teamHOU","player_name":"Team name: HOU","ts_pct":"0.475","efg_pct":"0.446","three_par":"0.520","ftr":"0.252","orb_pct":"2.983","drb_pct":"15.007","trb_pct":"8.707","ast_pct":"13.094","stl_pct":"1.370","blk_pct":"2.471","tov_pct":"11.245","usg_pct":"18.675","ortg":"94.347","drtg":"107.410","bpm":"-1.771"}]