[{"game_id":1039,"team_name":"CLE","player_id":"{\"okorois01\"}","player_name":"{\"Isaac Okoro\"}","ts_pct":"0.523","efg_pct":"0.468","three_par":"0.326","ftr":"0.437","orb_pct":"3.216","drb_pct":"9.698","trb_pct":"6.221","ast_pct":"10.431","stl_pct":"0.858","blk_pct":"0.000","tov_pct":"4.958","usg_pct":"18.958","ortg":"111.129","drtg":"127.624","bpm":"-5.118"},{"game_id":1039,"team_name":"CLE","player_id":"{\"thomabr01\"}","player_name":"{\"Brodric Thomas\"}","ts_pct":"0.563","efg_pct":"0.561","three_par":"0.557","ftr":"0.317","orb_pct":"2.664","drb_pct":"10.145","trb_pct":"6.031","ast_pct":"10.189","stl_pct":"0.689","blk_pct":"2.719","tov_pct":"16.048","usg_pct":"13.751","ortg":"96.400","drtg":"125.835","bpm":"-3.481"},{"game_id":1039,"team_name":"CLE","player_id":"{\"loveke01\"}","player_name":"{\"Kevin Love\"}","ts_pct":"0.464","efg_pct":"0.422","three_par":"0.527","ftr":"0.163","orb_pct":"3.146","drb_pct":"34.348","trb_pct":"17.745","ast_pct":"16.826","stl_pct":"1.066","blk_pct":"0.000","tov_pct":"20.613","usg_pct":"19.621","ortg":"93.635","drtg":"123.941","bpm":"-1.675"},{"game_id":1039,"team_name":"CLE","player_id":"{\"sextoco01\"}","player_name":"{\"Collin Sexton\"}","ts_pct":"0.536","efg_pct":"0.478","three_par":"0.236","ftr":"0.386","orb_pct":"5.856","drb_pct":"7.927","trb_pct":"6.931","ast_pct":"31.684","stl_pct":"1.194","blk_pct":"0.588","tov_pct":"10.858","usg_pct":"32.498","ortg":"109.682","drtg":"126.094","bpm":"0.246"},{"game_id":1039,"team_name":"CLE","player_id":"{\"allenja01\"}","player_name":"{\"Jarrett Allen\"}","ts_pct":"0.585","efg_pct":"0.544","three_par":"0.074","ftr":"0.592","orb_pct":"12.952","drb_pct":"23.455","trb_pct":"17.839","ast_pct":"11.351","stl_pct":"1.116","blk_pct":"2.019","tov_pct":"19.385","usg_pct":"15.499","ortg":"111.694","drtg":"122.906","bpm":"-2.588"},{"game_id":1039,"team_name":"CLE","player_id":"{\"varejan01\"}","player_name":"{\"Anderson Varejão\"}","ts_pct":"0.220","efg_pct":"0.213","three_par":"0.031","ftr":"0.472","orb_pct":"10.452","drb_pct":"28.161","trb_pct":"18.718","ast_pct":"13.931","stl_pct":"0.836","blk_pct":"3.992","tov_pct":"9.707","usg_pct":"17.013","ortg":"58.635","drtg":"112.071","bpm":"-9.440"},{"game_id":1039,"team_name":"CLE","player_id":"benchCLE","player_name":"Bench of CLE","ts_pct":"0.511","efg_pct":"0.504","three_par":"0.659","ftr":"0.221","orb_pct":"3.967","drb_pct":"13.769","trb_pct":"8.547","ast_pct":"9.182","stl_pct":"1.108","blk_pct":"0.811","tov_pct":"10.163","usg_pct":"16.077","ortg":"100.758","drtg":"125.342","bpm":"-4.300"},{"game_id":1039,"team_name":"BOS","player_id":"{\"langfro01\"}","player_name":"{\"Romeo Langford\"}","ts_pct":"0.366","efg_pct":"0.358","three_par":"0.275","ftr":"0.026","orb_pct":"2.452","drb_pct":"5.386","trb_pct":"4.044","ast_pct":"17.122","stl_pct":"0.387","blk_pct":"1.146","tov_pct":"9.655","usg_pct":"9.628","ortg":"99.059","drtg":"120.471","bpm":"-2.802"},{"game_id":1039,"team_name":"BOS","player_id":"{\"ojelese01\"}","player_name":"{\"Semi Ojeleye\"}","ts_pct":"0.423","efg_pct":"0.423","three_par":"0.536","ftr":"0.000","orb_pct":"3.773","drb_pct":"21.904","trb_pct":"12.846","ast_pct":"3.046","stl_pct":"1.539","blk_pct":"0.000","tov_pct":"9.412","usg_pct":"10.542","ortg":"66.176","drtg":"108.859","bpm":"-3.452"},{"game_id":1039,"team_name":"BOS","player_id":"{\"edwarca01\"}","player_name":"{\"Carsen Edwards\"}","ts_pct":"0.470","efg_pct":"0.432","three_par":"0.626","ftr":"0.173","orb_pct":"1.672","drb_pct":"7.576","trb_pct":"4.032","ast_pct":"13.424","stl_pct":"0.566","blk_pct":"0.000","tov_pct":"14.699","usg_pct":"16.804","ortg":"95.106","drtg":"123.000","bpm":"-4.400"},{"game_id":1039,"team_name":"BOS","player_id":"{\"tatumja01\"}","player_name":"{\"Jayson Tatum\"}","ts_pct":"0.606","efg_pct":"0.557","three_par":"0.388","ftr":"0.326","orb_pct":"2.915","drb_pct":"19.192","trb_pct":"10.749","ast_pct":"20.867","stl_pct":"1.344","blk_pct":"2.184","tov_pct":"12.485","usg_pct":"30.658","ortg":"116.153","drtg":"119.776","bpm":"3.527"},{"game_id":1039,"team_name":"BOS","player_id":"{\"fournev01\"}","player_name":"{\"Evan Fournier\"}","ts_pct":"0.616","efg_pct":"0.606","three_par":"0.535","ftr":"0.063","orb_pct":"1.439","drb_pct":"14.179","trb_pct":"7.544","ast_pct":"17.754","stl_pct":"1.818","blk_pct":"1.881","tov_pct":"9.804","usg_pct":"17.164","ortg":"120.624","drtg":"120.506","bpm":"1.818"},{"game_id":1039,"team_name":"BOS","player_id":"{\"willigr01\"}","player_name":"{\"Grant Williams\"}","ts_pct":"0.518","efg_pct":"0.499","three_par":"0.486","ftr":"0.229","orb_pct":"2.051","drb_pct":"14.405","trb_pct":"8.004","ast_pct":"10.096","stl_pct":"0.655","blk_pct":"3.274","tov_pct":"11.693","usg_pct":"16.598","ortg":"104.659","drtg":"120.141","bpm":"-4.893"},{"game_id":1039,"team_name":"BOS","player_id":"benchBOS","player_name":"Bench of BOS","ts_pct":"0.542","efg_pct":"0.525","three_par":"0.364","ftr":"0.213","orb_pct":"5.158","drb_pct":"15.038","trb_pct":"9.985","ast_pct":"10.790","stl_pct":"1.105","blk_pct":"1.873","tov_pct":"12.282","usg_pct":"15.248","ortg":"107.889","drtg":"120.903","bpm":"-3.108"}]