[{"game_id":1122,"team_name":"PHI","player_id":"teamPHI","player_name":"Team name: PHI","fg":"43.400","fga":"88.989","fg_pct":"0.488","three_p":"12.331","three_pa":"31.543","three_p_pct":"0.391","ft":"17.531","fta":"23.783","ft_pct":"0.737","orb":"9.194","drb":"34.183","trb":"43.377","ast":"26.829","stl":"8.400","blk":"6.074","tov":"11.497","pf":"22.286","pts":"116.663"},{"game_id":1122,"team_name":"WAS","player_id":"teamWAS","player_name":"Team name: WAS","fg":"43.503","fga":"92.611","fg_pct":"0.470","three_p":"8.200","three_pa":"26.051","three_p_pct":"0.315","ft":"19.771","fta":"25.383","ft_pct":"0.779","orb":"10.680","drb":"35.891","trb":"46.571","ast":"24.046","stl":"6.120","blk":"5.794","tov":"12.074","pf":"22.246","pts":"114.977"}]