[{"game_id":1055,"team_name":"PHI","player_id":"{\"joeis01\"}","player_name":"{\"Isaiah Joe\"}","fg":"0.941","fga":"2.129","fg_pct":"0.442","three_p":"0.800","three_pa":"1.753","three_p_pct":"0.456","ft":"0.376","fta":"0.671","ft_pct":"0.560","orb":"0.000","drb":"0.459","trb":"0.459","ast":"0.094","stl":"0.235","blk":"0.000","tov":"0.259","pf":"0.412","pts":"3.059"},{"game_id":1055,"team_name":"PHI","player_id":"{\"reedpa01\"}","player_name":"{\"Paul Reed\"}","fg":"1.353","fga":"1.800","fg_pct":"0.752","three_p":"0.000","three_pa":"0.000","three_p_pct":"NaN","ft":"0.047","fta":"0.094","ft_pct":"0.500","orb":"0.800","drb":"1.153","trb":"1.953","ast":"0.141","stl":"0.341","blk":"0.518","tov":"0.282","pf":"0.800","pts":"2.753"},{"game_id":1055,"team_name":"PHI","player_id":"{\"tollian01\"}","player_name":"{\"Anthony Tolliver\"}","fg":"0.188","fga":"1.424","fg_pct":"0.132","three_p":"0.141","three_pa":"1.082","three_p_pct":"0.130","ft":"0.588","fta":"0.694","ft_pct":"0.847","orb":"0.271","drb":"0.624","trb":"0.894","ast":"0.129","stl":"0.224","blk":"0.200","tov":"0.235","pf":"0.765","pts":"1.106"},{"game_id":1055,"team_name":"PHI","player_id":"{\"clarkga01\"}","player_name":"{\"Gary Clark\"}","fg":"0.847","fga":"2.259","fg_pct":"0.375","three_p":"0.671","three_pa":"1.612","three_p_pct":"0.416","ft":"0.000","fta":"0.094","ft_pct":"0.000","orb":"0.353","drb":"1.506","trb":"1.859","ast":"0.471","stl":"0.165","blk":"0.200","tov":"0.176","pf":"0.388","pts":"2.365"},{"game_id":1055,"team_name":"PHI","player_id":"{\"simmobe01\"}","player_name":"{\"Ben Simmons\"}","fg":"5.188","fga":"8.529","fg_pct":"0.608","three_p":"0.000","three_pa":"0.000","three_p_pct":"NaN","ft":"1.259","fta":"2.271","ft_pct":"0.554","orb":"1.400","drb":"3.976","trb":"5.376","ast":"5.906","stl":"1.541","blk":"0.294","tov":"1.753","pf":"2.835","pts":"11.635"},{"game_id":1055,"team_name":"PHI","player_id":"{\"harrito02\"}","player_name":"{\"Tobias Harris\"}","fg":"7.306","fga":"15.141","fg_pct":"0.483","three_p":"0.988","three_pa":"3.247","three_p_pct":"0.304","ft":"2.600","fta":"2.882","ft_pct":"0.902","orb":"0.894","drb":"3.835","trb":"4.729","ast":"2.953","stl":"0.647","blk":"0.376","tov":"1.094","pf":"1.306","pts":"18.200"},{"game_id":1055,"team_name":"PHI","player_id":"benchPHI","player_name":"Bench of PHI","fg":"3.837","fga":"8.286","fg_pct":"0.463","three_p":"1.478","three_pa":"3.661","three_p_pct":"0.404","ft":"1.779","fta":"2.075","ft_pct":"0.857","orb":"0.536","drb":"2.839","trb":"3.375","ast":"2.142","stl":"0.783","blk":"0.365","tov":"1.090","pf":"1.446","pts":"10.932"},{"game_id":1055,"team_name":"ORL","player_id":"{\"halldo01\"}","player_name":"{\"Donta Hall\"}","fg":"2.024","fga":"2.788","fg_pct":"0.726","three_p":"0.000","three_pa":"0.000","three_p_pct":"NaN","ft":"1.247","fta":"2.141","ft_pct":"0.582","orb":"1.941","drb":"2.847","trb":"4.788","ast":"0.600","stl":"0.365","blk":"0.529","tov":"0.600","pf":"1.471","pts":"5.294"},{"game_id":1055,"team_name":"ORL","player_id":"{\"brazdig01\"}","player_name":"{\"Ignas Brazdeikis\"}","fg":"2.800","fga":"7.518","fg_pct":"0.372","three_p":"0.741","three_pa":"2.365","three_p_pct":"0.313","ft":"0.812","fta":"1.153","ft_pct":"0.704","orb":"1.129","drb":"2.424","trb":"3.553","ast":"1.459","stl":"0.329","blk":"0.153","tov":"1.047","pf":"2.141","pts":"7.153"},{"game_id":1055,"team_name":"ORL","player_id":"{\"randlch01\"}","player_name":"{\"Chasson Randle\"}","fg":"2.859","fga":"7.424","fg_pct":"0.385","three_p":"1.341","three_pa":"3.953","three_p_pct":"0.339","ft":"1.235","fta":"1.529","ft_pct":"0.808","orb":"0.306","drb":"2.494","trb":"2.800","ast":"1.400","stl":"0.565","blk":"0.424","tov":"1.035","pf":"1.341","pts":"8.294"},{"game_id":1055,"team_name":"ORL","player_id":"{\"hamptrj01\"}","player_name":"{\"R.J. Hampton\"}","fg":"5.565","fga":"12.153","fg_pct":"0.458","three_p":"1.306","three_pa":"2.859","three_p_pct":"0.457","ft":"2.353","fta":"3.459","ft_pct":"0.680","orb":"0.824","drb":"5.282","trb":"6.106","ast":"4.329","stl":"0.318","blk":"0.424","tov":"1.706","pf":"1.424","pts":"14.788"},{"game_id":1055,"team_name":"ORL","player_id":"{\"thornsi01\"}","player_name":"{\"Sindarius Thornwell\"}","fg":"0.871","fga":"3.400","fg_pct":"0.256","three_p":"0.471","three_pa":"1.741","three_p_pct":"0.271","ft":"0.153","fta":"0.306","ft_pct":"0.500","orb":"0.259","drb":"1.435","trb":"1.694","ast":"1.659","stl":"1.082","blk":"0.224","tov":"0.518","pf":"1.035","pts":"2.365"},{"game_id":1055,"team_name":"ORL","player_id":"{\"bacondw01\"}","player_name":"{\"Dwayne Bacon\"}","fg":"5.506","fga":"12.447","fg_pct":"0.442","three_p":"0.424","three_pa":"2.659","three_p_pct":"0.159","ft":"2.424","fta":"3.376","ft_pct":"0.718","orb":"0.588","drb":"2.812","trb":"3.400","ast":"1.847","stl":"0.988","blk":"0.106","tov":"0.812","pf":"1.235","pts":"13.859"},{"game_id":1055,"team_name":"ORL","player_id":"benchORL","player_name":"Bench of ORL","fg":"4.083","fga":"9.982","fg_pct":"0.409","three_p":"1.007","three_pa":"3.316","three_p_pct":"0.304","ft":"2.001","fta":"2.503","ft_pct":"0.799","orb":"1.621","drb":"4.907","trb":"6.527","ast":"1.886","stl":"0.515","blk":"0.856","tov":"1.575","pf":"2.255","pts":"11.174"}]