[{"game_id":1125,"team_name":"NYK","player_id":"teamNYK","player_name":"Team name: NYK","fg":"36.594","fga":"86.286","fg_pct":"0.424","three_p":"11.554","three_pa":"31.269","three_p_pct":"0.370","ft":"16.977","fta":"20.206","ft_pct":"0.840","orb":"8.731","drb":"36.686","trb":"45.417","ast":"20.669","stl":"5.886","blk":"4.137","tov":"10.143","pf":"19.503","pts":"101.720"},{"game_id":1125,"team_name":"ATL","player_id":"teamATL","player_name":"Team name: ATL","fg":"42.434","fga":"87.640","fg_pct":"0.484","three_p":"12.497","three_pa":"33.000","three_p_pct":"0.379","ft":"17.389","fta":"20.869","ft_pct":"0.833","orb":"8.577","drb":"37.777","trb":"46.354","ast":"24.046","stl":"5.811","blk":"6.091","tov":"10.817","pf":"18.834","pts":"114.754"}]