[{"game_id":1033,"team_name":"MIL","player_id":"{\"teaguje01\"}","player_name":"{\"Jeff Teague\"}","ts_pct":"0.473","efg_pct":"0.433","three_par":"0.266","ftr":"0.304","orb_pct":"1.566","drb_pct":"7.998","trb_pct":"4.824","ast_pct":"17.349","stl_pct":"1.254","blk_pct":"1.713","tov_pct":"31.964","usg_pct":"17.793","ortg":"79.871","drtg":"121.612","bpm":"-9.039"},{"game_id":1033,"team_name":"MIL","player_id":"{\"holidjr01\"}","player_name":"{\"Jrue Holiday\"}","ts_pct":"0.605","efg_pct":"0.598","three_par":"0.369","ftr":"0.192","orb_pct":"3.533","drb_pct":"10.768","trb_pct":"7.248","ast_pct":"29.927","stl_pct":"1.505","blk_pct":"2.652","tov_pct":"13.931","usg_pct":"24.949","ortg":"120.694","drtg":"119.788","bpm":"2.327"},{"game_id":1033,"team_name":"MIL","player_id":"{\"antetgi01\"}","player_name":"{\"Giannis Antetokounmpo\"}","ts_pct":"0.652","efg_pct":"0.568","three_par":"0.196","ftr":"0.395","orb_pct":"2.844","drb_pct":"26.929","trb_pct":"15.155","ast_pct":"34.959","stl_pct":"6.961","blk_pct":"2.831","tov_pct":"9.604","usg_pct":"33.498","ortg":"132.871","drtg":"103.953","bpm":"18.846"},{"game_id":1033,"team_name":"MIL","player_id":"{\"middlkh01\"}","player_name":"{\"Khris Middleton\"}","ts_pct":"0.594","efg_pct":"0.540","three_par":"0.391","ftr":"0.232","orb_pct":"2.400","drb_pct":"15.227","trb_pct":"8.936","ast_pct":"19.398","stl_pct":"1.126","blk_pct":"0.000","tov_pct":"9.236","usg_pct":"25.913","ortg":"119.341","drtg":"119.471","bpm":"0.518"},{"game_id":1033,"team_name":"MIL","player_id":"{\"divindo01\"}","player_name":"{\"Donte DiVincenzo\"}","ts_pct":"0.525","efg_pct":"0.531","three_par":"0.659","ftr":"0.104","orb_pct":"5.264","drb_pct":"20.587","trb_pct":"12.771","ast_pct":"15.159","stl_pct":"1.300","blk_pct":"1.512","tov_pct":"11.294","usg_pct":"15.581","ortg":"107.553","drtg":"119.812","bpm":"0.402"},{"game_id":1033,"team_name":"MIL","player_id":"{\"lopezbr01\"}","player_name":"{\"Brook Lopez\"}","ts_pct":"0.602","efg_pct":"0.567","three_par":"0.269","ftr":"0.405","orb_pct":"8.101","drb_pct":"9.753","trb_pct":"9.025","ast_pct":"4.136","stl_pct":"0.661","blk_pct":"7.464","tov_pct":"7.505","usg_pct":"18.724","ortg":"123.294","drtg":"117.906","bpm":"-0.154"},{"game_id":1033,"team_name":"MIL","player_id":"benchMIL","player_name":"Bench of MIL","ts_pct":"0.491","efg_pct":"0.454","three_par":"0.542","ftr":"0.267","orb_pct":"6.106","drb_pct":"14.515","trb_pct":"10.310","ast_pct":"5.246","stl_pct":"1.949","blk_pct":"0.863","tov_pct":"12.328","usg_pct":"16.064","ortg":"96.970","drtg":"117.535","bpm":"-4.723"},{"game_id":1033,"team_name":"ORL","player_id":"{\"cartewe01\"}","player_name":"{\"Wendell Carter Jr.\"}","ts_pct":"0.532","efg_pct":"0.503","three_par":"0.150","ftr":"0.274","orb_pct":"8.021","drb_pct":"25.601","trb_pct":"16.707","ast_pct":"8.379","stl_pct":"0.993","blk_pct":"1.819","tov_pct":"10.760","usg_pct":"19.620","ortg":"106.424","drtg":"111.518","bpm":"-3.759"},{"game_id":1033,"team_name":"ORL","player_id":"{\"anthoco01\"}","player_name":"{\"Cole Anthony\"}","ts_pct":"0.497","efg_pct":"0.456","three_par":"0.295","ftr":"0.267","orb_pct":"2.109","drb_pct":"15.198","trb_pct":"8.559","ast_pct":"22.609","stl_pct":"0.749","blk_pct":"0.758","tov_pct":"16.748","usg_pct":"25.691","ortg":"94.471","drtg":"120.435","bpm":"-5.549"},{"game_id":1033,"team_name":"ORL","player_id":"{\"harriga01\"}","player_name":"{\"Gary Harris\"}","ts_pct":"0.472","efg_pct":"0.415","three_par":"0.355","ftr":"0.211","orb_pct":"1.733","drb_pct":"6.981","trb_pct":"4.480","ast_pct":"13.596","stl_pct":"1.442","blk_pct":"1.412","tov_pct":"9.385","usg_pct":"19.082","ortg":"97.141","drtg":"120.718","bpm":"-4.647"},{"game_id":1033,"team_name":"ORL","player_id":"{\"wagnemo01\"}","player_name":"{\"Moritz Wagner\"}","ts_pct":"0.404","efg_pct":"0.354","three_par":"0.395","ftr":"0.274","orb_pct":"2.484","drb_pct":"18.387","trb_pct":"10.846","ast_pct":"11.462","stl_pct":"0.748","blk_pct":"3.633","tov_pct":"15.202","usg_pct":"18.767","ortg":"102.482","drtg":"112.929","bpm":"-4.942"},{"game_id":1033,"team_name":"ORL","player_id":"{\"bacondw01\"}","player_name":"{\"Dwayne Bacon\"}","ts_pct":"0.523","efg_pct":"0.486","three_par":"0.214","ftr":"0.256","orb_pct":"2.729","drb_pct":"9.408","trb_pct":"5.812","ast_pct":"9.220","stl_pct":"1.682","blk_pct":"0.414","tov_pct":"4.415","usg_pct":"24.045","ortg":"108.388","drtg":"120.565","bpm":"-1.979"},{"game_id":1033,"team_name":"ORL","player_id":"{\"hamptrj01\"}","player_name":"{\"R.J. Hampton\"}","ts_pct":"0.532","efg_pct":"0.485","three_par":"0.264","ftr":"0.403","orb_pct":"2.901","drb_pct":"17.227","trb_pct":"10.120","ast_pct":"20.513","stl_pct":"0.871","blk_pct":"0.944","tov_pct":"8.893","usg_pct":"21.400","ortg":"109.800","drtg":"119.682","bpm":"-1.354"},{"game_id":1033,"team_name":"ORL","player_id":"benchORL","player_name":"Bench of ORL","ts_pct":"0.445","efg_pct":"0.423","three_par":"0.251","ftr":"0.274","orb_pct":"7.933","drb_pct":"13.684","trb_pct":"10.669","ast_pct":"10.704","stl_pct":"1.360","blk_pct":"1.838","tov_pct":"14.131","usg_pct":"16.080","ortg":"96.197","drtg":"117.844","bpm":"-4.602"}]