[{"game_id":1086,"team_name":"GSW","player_id":"{\"muldemy01\"}","player_name":"{\"Mychal Mulder\"}","fg":"3.682","fga":"8.153","fg_pct":"0.452","three_p":"2.741","three_pa":"6.600","three_p_pct":"0.415","ft":"0.341","fta":"0.341","ft_pct":"1.000","orb":"0.376","drb":"1.459","trb":"1.835","ast":"0.565","stl":"0.271","blk":"0.447","tov":"0.635","pf":"1.694","pts":"10.447"},{"game_id":1086,"team_name":"GSW","player_id":"{\"curryst01\"}","player_name":"{\"Stephen Curry\"}","fg":"11.918","fga":"26.129","fg_pct":"0.456","three_p":"6.318","three_pa":"15.600","three_p_pct":"0.405","ft":"6.788","fta":"7.482","ft_pct":"0.907","orb":"0.471","drb":"4.953","trb":"5.424","ast":"5.482","stl":"1.176","blk":"0.141","tov":"4.024","pf":"2.071","pts":"36.941"},{"game_id":1086,"team_name":"GSW","player_id":"{\"greendr01\"}","player_name":"{\"Draymond Green\"}","fg":"3.329","fga":"6.576","fg_pct":"0.506","three_p":"0.694","three_pa":"1.800","three_p_pct":"0.386","ft":"2.153","fta":"2.388","ft_pct":"0.902","orb":"0.788","drb":"8.024","trb":"8.812","ast":"9.824","stl":"2.059","blk":"1.282","tov":"3.235","pf":"2.929","pts":"9.506"},{"game_id":1086,"team_name":"GSW","player_id":"{\"wiggian01\"}","player_name":"{\"Andrew Wiggins\"}","fg":"9.729","fga":"18.259","fg_pct":"0.533","three_p":"1.918","three_pa":"5.224","three_p_pct":"0.367","ft":"1.388","fta":"1.965","ft_pct":"0.706","orb":"1.965","drb":"3.459","trb":"5.424","ast":"2.118","stl":"0.435","blk":"0.918","tov":"1.541","pf":"2.918","pts":"22.765"},{"game_id":1086,"team_name":"GSW","player_id":"{\"poolejo01\"}","player_name":"{\"Jordan Poole\"}","fg":"5.788","fga":"11.471","fg_pct":"0.505","three_p":"2.753","three_pa":"7.165","three_p_pct":"0.384","ft":"3.447","fta":"3.835","ft_pct":"0.899","orb":"0.659","drb":"1.871","trb":"2.529","ast":"2.200","stl":"0.376","blk":"0.200","tov":"1.318","pf":"2.059","pts":"17.776"},{"game_id":1086,"team_name":"GSW","player_id":"{\"toscaju01\"}","player_name":"{\"Juan Toscano-Anderson\"}","fg":"3.212","fga":"6.094","fg_pct":"0.527","three_p":"1.259","three_pa":"3.435","three_p_pct":"0.367","ft":"0.506","fta":"0.659","ft_pct":"0.768","orb":"0.471","drb":"5.953","trb":"6.424","ast":"4.529","stl":"1.153","blk":"0.729","tov":"1.565","pf":"2.388","pts":"8.188"},{"game_id":1086,"team_name":"GSW","player_id":"benchGSW","player_name":"Bench of GSW","fg":"3.091","fga":"6.400","fg_pct":"0.483","three_p":"0.832","three_pa":"2.086","three_p_pct":"0.399","ft":"0.859","fta":"1.349","ft_pct":"0.637","orb":"1.469","drb":"5.259","trb":"6.729","ast":"1.769","stl":"0.982","blk":"0.437","tov":"1.040","pf":"2.843","pts":"7.873"},{"game_id":1086,"team_name":"MEM","player_id":"{\"meltode01\"}","player_name":"{\"De'Anthony Melton\"}","fg":"1.812","fga":"5.588","fg_pct":"0.324","three_p":"0.906","three_pa":"3.471","three_p_pct":"0.261","ft":"0.647","fta":"0.647","ft_pct":"1.000","orb":"0.247","drb":"1.871","trb":"2.118","ast":"1.765","stl":"0.835","blk":"0.682","tov":"1.459","pf":"1.482","pts":"5.176"},{"game_id":1086,"team_name":"MEM","player_id":"{\"jonesty01\"}","player_name":"{\"Tyus Jones\"}","fg":"1.482","fga":"3.635","fg_pct":"0.408","three_p":"0.529","three_pa":"1.224","three_p_pct":"0.432","ft":"0.612","fta":"0.659","ft_pct":"0.929","orb":"0.000","drb":"1.494","trb":"1.494","ast":"2.271","stl":"0.506","blk":"0.000","tov":"0.541","pf":"0.635","pts":"4.106"},{"game_id":1086,"team_name":"MEM","player_id":"{\"moranja01\"}","player_name":"{\"Ja Morant\"}","fg":"6.553","fga":"15.918","fg_pct":"0.412","three_p":"1.635","three_pa":"5.035","three_p_pct":"0.325","ft":"3.118","fta":"5.212","ft_pct":"0.598","orb":"1.188","drb":"3.824","trb":"5.012","ast":"7.800","stl":"0.753","blk":"0.200","tov":"4.165","pf":"1.035","pts":"17.859"},{"game_id":1086,"team_name":"MEM","player_id":"{\"brookdi01\"}","player_name":"{\"Dillon Brooks\"}","fg":"8.118","fga":"18.765","fg_pct":"0.433","three_p":"1.659","three_pa":"5.635","three_p_pct":"0.294","ft":"2.965","fta":"4.012","ft_pct":"0.739","orb":"0.800","drb":"2.824","trb":"3.624","ast":"2.918","stl":"1.294","blk":"0.647","tov":"0.894","pf":"4.035","pts":"20.859"},{"game_id":1086,"team_name":"MEM","player_id":"{\"anderky01\"}","player_name":"{\"Kyle Anderson\"}","fg":"4.553","fga":"9.318","fg_pct":"0.489","three_p":"1.718","three_pa":"3.424","three_p_pct":"0.502","ft":"2.271","fta":"2.788","ft_pct":"0.815","orb":"0.482","drb":"4.141","trb":"4.624","ast":"4.224","stl":"0.812","blk":"1.494","tov":"1.635","pf":"1.682","pts":"13.094"},{"game_id":1086,"team_name":"MEM","player_id":"{\"banede01\"}","player_name":"{\"Desmond Bane\"}","fg":"3.412","fga":"7.341","fg_pct":"0.465","three_p":"1.494","three_pa":"4.471","three_p_pct":"0.334","ft":"0.506","fta":"0.812","ft_pct":"0.623","orb":"0.482","drb":"2.776","trb":"3.259","ast":"1.776","stl":"0.671","blk":"0.529","tov":"0.694","pf":"0.965","pts":"8.824"},{"game_id":1086,"team_name":"MEM","player_id":"benchMEM","player_name":"Bench of MEM","fg":"4.295","fga":"8.172","fg_pct":"0.526","three_p":"0.729","three_pa":"2.459","three_p_pct":"0.296","ft":"1.846","fta":"2.437","ft_pct":"0.757","orb":"1.942","drb":"5.187","trb":"7.129","ast":"1.481","stl":"0.670","blk":"1.143","tov":"1.082","pf":"2.057","pts":"11.165"}]