[{"game_id":1159,"team_name":"LAC","player_id":"teamLAC","player_name":"Team name: LAC","ts_pct":"0.603","efg_pct":"0.566","three_par":"0.452","ftr":"0.276","orb_pct":"4.397","drb_pct":"18.677","trb_pct":"12.650","ast_pct":"12.219","stl_pct":"1.321","blk_pct":"2.252","tov_pct":"8.794","usg_pct":"18.827","ortg":"125.413","drtg":"135.342","bpm":"0.151"},{"game_id":1159,"team_name":"PHO","player_id":"teamPHO","player_name":"Team name: PHO","ts_pct":"0.591","efg_pct":"0.551","three_par":"0.431","ftr":"0.248","orb_pct":"3.781","drb_pct":"17.417","trb_pct":"11.075","ast_pct":"17.875","stl_pct":"1.248","blk_pct":"1.749","tov_pct":"9.610","usg_pct":"20.796","ortg":"122.405","drtg":"116.814","bpm":"1.267"}]