[{"game_id":1240,"team_name":"ORL","player_id":"teamORL","player_name":"Team name: ORL","fg":"35.011","fga":"86.794","fg_pct":"0.403","three_p":"10.000","three_pa":"33.691","three_p_pct":"0.297","ft":"15.886","fta":"20.400","ft_pct":"0.779","orb":"10.474","drb":"34.629","trb":"45.103","ast":"20.474","stl":"7.320","blk":"4.686","tov":"12.897","pf":"18.240","pts":"95.909"},{"game_id":1240,"team_name":"MIL","player_id":"teamMIL","player_name":"Team name: MIL","fg":"39.823","fga":"89.040","fg_pct":"0.447","three_p":"13.749","three_pa":"41.411","three_p_pct":"0.332","ft":"18.623","fta":"26.800","ft_pct":"0.695","orb":"8.571","drb":"41.434","trb":"50.006","ast":"24.829","stl":"7.051","blk":"6.006","tov":"13.040","pf":"23.280","pts":"112.017"}]