[{"game_id":1223,"team_name":"MIA","player_id":"teamMIA","player_name":"Team name: MIA","fg":"41.766","fga":"91.737","fg_pct":"0.455","three_p":"11.486","three_pa":"33.926","three_p_pct":"0.339","ft":"16.000","fta":"22.017","ft_pct":"0.727","orb":"9.806","drb":"38.520","trb":"48.326","ast":"25.583","stl":"7.794","blk":"5.743","tov":"16.366","pf":"22.549","pts":"111.017"},{"game_id":1223,"team_name":"ATL","player_id":"teamATL","player_name":"Team name: ATL","fg":"42.537","fga":"93.960","fg_pct":"0.453","three_p":"12.589","three_pa":"37.314","three_p_pct":"0.337","ft":"17.109","fta":"23.989","ft_pct":"0.713","orb":"11.029","drb":"36.314","trb":"47.343","ast":"25.623","stl":"8.366","blk":"5.274","tov":"14.034","pf":"22.206","pts":"114.771"}]