[{"game_id":1163,"team_name":"LAC","player_id":"teamLAC","player_name":"Team name: LAC","ts_pct":"0.557","efg_pct":"0.519","three_par":"0.424","ftr":"0.249","orb_pct":"4.341","drb_pct":"18.260","trb_pct":"12.383","ast_pct":"11.502","stl_pct":"1.302","blk_pct":"1.626","tov_pct":"7.432","usg_pct":"20.488","ortg":"116.742","drtg":"127.695","bpm":"3.366"},{"game_id":1163,"team_name":"PHO","player_id":"teamPHO","player_name":"Team name: PHO","ts_pct":"0.562","efg_pct":"0.524","three_par":"0.389","ftr":"0.204","orb_pct":"4.236","drb_pct":"17.300","trb_pct":"11.007","ast_pct":"16.105","stl_pct":"1.031","blk_pct":"1.560","tov_pct":"10.155","usg_pct":"19.627","ortg":"115.102","drtg":"116.965","bpm":"-0.161"}]