[{"game_id":1048,"team_name":"CHI","player_id":"teamCHI","player_name":"Team name: CHI","ts_pct":"0.589","efg_pct":"0.545","three_par":"0.415","ftr":"0.264","orb_pct":"4.131","drb_pct":"17.089","trb_pct":"10.593","ast_pct":"17.869","stl_pct":"2.162","blk_pct":"1.365","tov_pct":"13.701","usg_pct":"21.680","ortg":"121.470","drtg":"125.153","bpm":"0.720"},{"game_id":1048,"team_name":"TOR","player_id":"teamTOR","player_name":"Team name: TOR","ts_pct":"0.520","efg_pct":"0.482","three_par":"0.371","ftr":"0.264","orb_pct":"4.265","drb_pct":"15.024","trb_pct":"9.222","ast_pct":"13.990","stl_pct":"2.047","blk_pct":"1.666","tov_pct":"11.373","usg_pct":"19.084","ortg":"106.634","drtg":"115.987","bpm":"-2.443"}]