[{"game_id":1156,"team_name":"MIL","player_id":"teamMIL","player_name":"Team name: MIL","fg":"40.771","fga":"90.440","fg_pct":"0.451","three_p":"11.680","three_pa":"36.217","three_p_pct":"0.323","ft":"13.789","fta":"19.149","ft_pct":"0.720","orb":"11.760","drb":"38.023","trb":"49.783","ast":"20.709","stl":"6.714","blk":"5.194","tov":"12.234","pf":"17.897","pts":"107.011"},{"game_id":1156,"team_name":"ATL","player_id":"teamATL","player_name":"Team name: ATL","fg":"38.457","fga":"86.297","fg_pct":"0.446","three_p":"11.086","three_pa":"32.046","three_p_pct":"0.346","ft":"19.166","fta":"24.406","ft_pct":"0.785","orb":"8.949","drb":"34.463","trb":"43.411","ast":"20.297","stl":"6.331","blk":"3.457","tov":"11.103","pf":"22.823","pts":"107.166"}]