[{"game_id":1001,"team_name":"UTA","player_id":"teamUTA","player_name":"Team name: UTA","ts_pct":"0.703","efg_pct":"0.673","three_par":"0.587","ftr":"0.156","orb_pct":"5.443","drb_pct":"18.925","trb_pct":"12.778","ast_pct":"16.468","stl_pct":"1.497","blk_pct":"2.058","tov_pct":"16.647","usg_pct":"23.392","ortg":"138.438","drtg":"132.069","bpm":"-1.283"},{"game_id":1001,"team_name":"DEN","player_id":"teamDEN","player_name":"Team name: DEN","ts_pct":"0.556","efg_pct":"0.519","three_par":"0.452","ftr":"0.260","orb_pct":"4.640","drb_pct":"17.723","trb_pct":"11.259","ast_pct":"16.380","stl_pct":"1.773","blk_pct":"2.936","tov_pct":"14.270","usg_pct":"22.236","ortg":"119.269","drtg":"120.203","bpm":"-1.254"}]