[{"game_id":1230,"team_name":"BRK","player_id":"{\"leverca01\"}","player_name":"{\"Caris LeVert\"}","fg":"7.388","fga":"14.706","fg_pct":"0.502","three_p":"1.882","three_pa":"4.847","three_p_pct":"0.388","ft":"3.094","fta":"4.753","ft_pct":"0.651","orb":"0.729","drb":"3.376","trb":"4.106","ast":"3.694","stl":"1.247","blk":"0.212","tov":"2.976","pf":"2.024","pts":"19.753"},{"game_id":1230,"team_name":"BRK","player_id":"{\"irvinky01\"}","player_name":"{\"Kyrie Irving\"}","fg":"8.953","fga":"22.576","fg_pct":"0.397","three_p":"2.729","three_pa":"8.424","three_p_pct":"0.324","ft":"6.388","fta":"6.929","ft_pct":"0.922","orb":"0.941","drb":"3.741","trb":"4.682","ast":"6.412","stl":"1.529","blk":"0.412","tov":"2.824","pf":"3.059","pts":"27.024"},{"game_id":1230,"team_name":"BRK","player_id":"{\"harrijo01\"}","player_name":"{\"Joe Harris\"}","fg":"4.282","fga":"9.941","fg_pct":"0.431","three_p":"2.106","three_pa":"5.447","three_p_pct":"0.387","ft":"0.859","fta":"0.918","ft_pct":"0.936","orb":"1.059","drb":"2.976","trb":"4.035","ast":"1.129","stl":"0.729","blk":"0.129","tov":"1.929","pf":"2.624","pts":"11.529"},{"game_id":1230,"team_name":"BRK","player_id":"{\"princta02\"}","player_name":"{\"Taurean Prince\"}","fg":"4.824","fga":"11.953","fg_pct":"0.404","three_p":"2.494","three_pa":"6.471","three_p_pct":"0.385","ft":"2.035","fta":"2.929","ft_pct":"0.695","orb":"0.647","drb":"4.365","trb":"5.012","ast":"1.894","stl":"0.706","blk":"0.459","tov":"1.765","pf":"2.153","pts":"14.176"},{"game_id":1230,"team_name":"BRK","player_id":"{\"dinwisp01\"}","player_name":"{\"Spencer Dinwiddie\"}","fg":"4.671","fga":"11.835","fg_pct":"0.395","three_p":"1.682","three_pa":"5.318","three_p_pct":"0.316","ft":"3.600","fta":"4.694","ft_pct":"0.767","orb":"0.671","drb":"1.765","trb":"2.435","ast":"3.553","stl":"0.376","blk":"0.294","tov":"2.094","pf":"2.953","pts":"14.624"},{"game_id":1230,"team_name":"BRK","player_id":"{\"jordade01\"}","player_name":"{\"DeAndre Jordan\"}","fg":"2.741","fga":"4.447","fg_pct":"0.616","three_p":"0.000","three_pa":"0.000","three_p_pct":"NaN","ft":"2.129","fta":"3.329","ft_pct":"0.640","orb":"2.376","drb":"6.894","trb":"9.271","ast":"2.776","stl":"0.576","blk":"0.824","tov":"2.271","pf":"2.400","pts":"7.612"},{"game_id":1230,"team_name":"BRK","player_id":"benchBRK","player_name":"Bench of BRK","fg":"1.824","fga":"4.129","fg_pct":"0.442","three_p":"0.354","three_pa":"1.362","three_p_pct":"0.260","ft":"1.062","fta":"1.467","ft_pct":"0.724","orb":"1.037","drb":"2.578","trb":"3.615","ast":"0.821","stl":"0.597","blk":"0.286","tov":"0.924","pf":"1.530","pts":"5.063"},{"game_id":1230,"team_name":"IND","player_id":"{\"turnemy01\"}","player_name":"{\"Myles Turner\"}","fg":"4.835","fga":"9.765","fg_pct":"0.495","three_p":"1.506","three_pa":"3.706","three_p_pct":"0.406","ft":"2.235","fta":"3.153","ft_pct":"0.709","orb":"1.753","drb":"5.165","trb":"6.918","ast":"0.965","stl":"0.329","blk":"1.718","tov":"1.235","pf":"2.824","pts":"13.412"},{"game_id":1230,"team_name":"IND","player_id":"{\"bitadgo01\"}","player_name":"{\"Goga Bitadze\"}","fg":"1.000","fga":"1.000","fg_pct":"1.000","three_p":"0.000","three_pa":"0.000","three_p_pct":"NaN","ft":"0.000","fta":"0.000","ft_pct":"NaN","orb":"0.000","drb":"1.000","trb":"1.000","ast":"0.000","stl":"0.000","blk":"0.000","tov":"0.000","pf":"1.000","pts":"2.000"},{"game_id":1230,"team_name":"IND","player_id":"{\"sabondo01\"}","player_name":"{\"Domantas Sabonis\"}","fg":"6.012","fga":"11.482","fg_pct":"0.524","three_p":"0.259","three_pa":"0.918","three_p_pct":"0.282","ft":"2.600","fta":"3.341","ft_pct":"0.778","orb":"2.365","drb":"6.871","trb":"9.235","ast":"2.765","stl":"0.741","blk":"0.106","tov":"2.047","pf":"3.235","pts":"14.882"},{"game_id":1230,"team_name":"IND","player_id":"{\"lambje01\"}","player_name":"{\"Jeremy Lamb\"}","fg":"5.647","fga":"11.659","fg_pct":"0.484","three_p":"1.494","three_pa":"3.941","three_p_pct":"0.379","ft":"3.647","fta":"4.129","ft_pct":"0.883","orb":"0.788","drb":"3.647","trb":"4.435","ast":"2.847","stl":"1.694","blk":"0.271","tov":"0.812","pf":"1.600","pts":"16.435"},{"game_id":1230,"team_name":"IND","player_id":"{\"warretj01\"}","player_name":"{\"T.J. Warren\"}","fg":"5.882","fga":"14.012","fg_pct":"0.420","three_p":"0.765","three_pa":"2.894","three_p_pct":"0.264","ft":"1.212","fta":"1.812","ft_pct":"0.669","orb":"0.682","drb":"2.659","trb":"3.341","ast":"0.788","stl":"1.424","blk":"0.541","tov":"1.329","pf":"2.282","pts":"13.741"},{"game_id":1230,"team_name":"IND","player_id":"{\"brogdma01\"}","player_name":"{\"Malcolm Brogdon\"}","fg":"5.988","fga":"13.376","fg_pct":"0.448","three_p":"2.106","three_pa":"5.365","three_p_pct":"0.393","ft":"2.741","fta":"3.165","ft_pct":"0.866","orb":"0.694","drb":"4.200","trb":"4.894","ast":"6.471","stl":"0.906","blk":"0.318","tov":"1.671","pf":"2.518","pts":"16.824"},{"game_id":1230,"team_name":"IND","player_id":"benchIND","player_name":"Bench of IND","fg":"2.322","fga":"6.080","fg_pct":"0.382","three_p":"1.084","three_pa":"2.828","three_p_pct":"0.383","ft":"0.580","fta":"0.767","ft_pct":"0.756","orb":"0.340","drb":"1.580","trb":"1.920","ast":"1.766","stl":"0.627","blk":"0.306","tov":"0.883","pf":"1.661","pts":"6.309"}]