[{"game_id":123,"team_name":"BOS","player_id":"teamBOS","player_name":"Team name: BOS","fg":"42.823","fga":"89.669","fg_pct":"0.478","three_p":"12.474","three_pa":"32.200","three_p_pct":"0.387","ft":"14.800","fta":"19.446","ft_pct":"0.761","orb":"11.806","drb":"33.303","trb":"45.109","ast":"23.697","stl":"8.583","blk":"6.594","tov":"14.326","pf":"21.560","pts":"112.920"},{"game_id":123,"team_name":"WAS","player_id":"teamWAS","player_name":"Team name: WAS","fg":"42.766","fga":"91.720","fg_pct":"0.466","three_p":"12.600","three_pa":"32.823","three_p_pct":"0.384","ft":"20.897","fta":"27.949","ft_pct":"0.748","orb":"9.994","drb":"33.726","trb":"43.720","ast":"27.114","stl":"7.394","blk":"3.714","tov":"14.206","pf":"24.286","pts":"119.029"}]