[{"game_id":1047,"team_name":"NYK","player_id":"teamNYK","player_name":"Team name: NYK","fg":"40.937","fga":"86.720","fg_pct":"0.472","three_p":"13.491","three_pa":"31.154","three_p_pct":"0.433","ft":"15.857","fta":"19.309","ft_pct":"0.821","orb":"6.663","drb":"35.366","trb":"42.029","ast":"22.457","stl":"6.657","blk":"4.891","tov":"10.834","pf":"20.206","pts":"111.223"},{"game_id":1047,"team_name":"SAS","player_id":"teamSAS","player_name":"Team name: SAS","fg":"44.731","fga":"93.829","fg_pct":"0.477","three_p":"8.886","three_pa":"26.023","three_p_pct":"0.341","ft":"18.840","fta":"22.966","ft_pct":"0.820","orb":"9.480","drb":"32.909","trb":"42.389","ast":"23.086","stl":"7.109","blk":"3.943","tov":"9.937","pf":"18.714","pts":"117.189"}]