[{"game_id":1090,"team_name":"DEN","player_id":"{\"portemi01\"}","player_name":"{\"Michael Porter Jr.\"}","fg":"7.847","fga":"14.718","fg_pct":"0.533","three_p":"3.553","three_pa":"7.812","three_p_pct":"0.455","ft":"1.459","fta":"1.588","ft_pct":"0.919","orb":"0.624","drb":"4.906","trb":"5.529","ast":"1.635","stl":"0.976","blk":"0.224","tov":"1.953","pf":"2.259","pts":"20.706"},{"game_id":1090,"team_name":"DEN","player_id":"{\"jokicni01\"}","player_name":"{\"Nikola Jokić\"}","fg":"9.482","fga":"16.918","fg_pct":"0.560","three_p":"0.471","three_pa":"2.741","three_p_pct":"0.172","ft":"7.024","fta":"7.600","ft_pct":"0.924","orb":"2.859","drb":"7.376","trb":"10.235","ast":"6.294","stl":"0.635","blk":"0.518","tov":"2.306","pf":"2.835","pts":"26.459"},{"game_id":1090,"team_name":"DEN","player_id":"{\"riverau01\"}","player_name":"{\"Austin Rivers\"}","fg":"3.588","fga":"8.000","fg_pct":"0.449","three_p":"2.365","three_pa":"5.294","three_p_pct":"0.447","ft":"0.741","fta":"1.106","ft_pct":"0.670","orb":"0.259","drb":"2.306","trb":"2.565","ast":"2.753","stl":"1.165","blk":"0.000","tov":"1.212","pf":"2.318","pts":"10.282"},{"game_id":1090,"team_name":"DEN","player_id":"{\"campafa01\"}","player_name":"{\"Facundo Campazzo\"}","fg":"2.671","fga":"7.494","fg_pct":"0.356","three_p":"1.271","three_pa":"4.694","three_p_pct":"0.271","ft":"2.812","fta":"2.953","ft_pct":"0.952","orb":"0.518","drb":"3.600","trb":"4.118","ast":"5.847","stl":"2.035","blk":"0.235","tov":"1.741","pf":"1.682","pts":"9.424"},{"game_id":1090,"team_name":"DEN","player_id":"{\"gordoaa01\"}","player_name":"{\"Aaron Gordon\"}","fg":"3.776","fga":"8.118","fg_pct":"0.465","three_p":"0.365","three_pa":"2.012","three_p_pct":"0.181","ft":"0.859","fta":"1.318","ft_pct":"0.652","orb":"1.765","drb":"2.647","trb":"4.412","ast":"1.871","stl":"0.565","blk":"0.447","tov":"0.918","pf":"1.565","pts":"8.776"},{"game_id":1090,"team_name":"DEN","player_id":"{\"morrimo01\"}","player_name":"{\"Monte Morris\"}","fg":"3.753","fga":"7.306","fg_pct":"0.514","three_p":"0.882","three_pa":"1.612","three_p_pct":"0.547","ft":"0.941","fta":"0.941","ft_pct":"1.000","orb":"0.294","drb":"0.976","trb":"1.271","ast":"2.659","stl":"0.788","blk":"0.224","tov":"0.729","pf":"1.082","pts":"9.329"},{"game_id":1090,"team_name":"DEN","player_id":"benchDEN","player_name":"Bench of DEN","fg":"3.403","fga":"7.550","fg_pct":"0.451","three_p":"1.244","three_pa":"3.490","three_p_pct":"0.356","ft":"0.971","fta":"1.240","ft_pct":"0.783","orb":"0.887","drb":"2.092","trb":"2.979","ast":"1.636","stl":"0.588","blk":"0.318","tov":"1.118","pf":"1.869","pts":"9.021"},{"game_id":1090,"team_name":"POR","player_id":"{\"lillada01\"}","player_name":"{\"Damian Lillard\"}","fg":"10.529","fga":"18.506","fg_pct":"0.569","three_p":"4.506","three_pa":"9.224","three_p_pct":"0.489","ft":"6.224","fta":"6.647","ft_pct":"0.936","orb":"0.388","drb":"3.965","trb":"4.353","ast":"7.718","stl":"0.741","blk":"0.188","tov":"2.494","pf":"0.965","pts":"31.788"},{"game_id":1090,"team_name":"POR","player_id":"{\"powelno01\"}","player_name":"{\"Norman Powell\"}","fg":"5.765","fga":"12.776","fg_pct":"0.451","three_p":"2.400","three_pa":"5.588","three_p_pct":"0.429","ft":"3.671","fta":"3.976","ft_pct":"0.923","orb":"0.624","drb":"3.271","trb":"3.894","ast":"1.871","stl":"0.882","blk":"0.341","tov":"1.212","pf":"2.153","pts":"17.600"},{"game_id":1090,"team_name":"POR","player_id":"{\"mccolcj01\"}","player_name":"{\"CJ McCollum\"}","fg":"8.847","fga":"18.306","fg_pct":"0.483","three_p":"3.553","three_pa":"7.729","three_p_pct":"0.460","ft":"2.376","fta":"3.082","ft_pct":"0.771","orb":"0.529","drb":"2.518","trb":"3.047","ast":"4.788","stl":"0.553","blk":"0.318","tov":"1.388","pf":"1.259","pts":"23.624"},{"game_id":1090,"team_name":"POR","player_id":"{\"covinro01\"}","player_name":"{\"Robert Covington\"}","fg":"2.282","fga":"6.188","fg_pct":"0.369","three_p":"1.812","three_pa":"5.047","three_p_pct":"0.359","ft":"0.588","fta":"0.929","ft_pct":"0.633","orb":"0.871","drb":"5.247","trb":"6.118","ast":"1.494","stl":"1.365","blk":"1.012","tov":"0.212","pf":"3.235","pts":"6.965"},{"game_id":1090,"team_name":"POR","player_id":"{\"nurkiju01\"}","player_name":"{\"Jusuf Nurkić\"}","fg":"5.941","fga":"10.718","fg_pct":"0.554","three_p":"0.294","three_pa":"0.482","three_p_pct":"0.610","ft":"2.047","fta":"3.682","ft_pct":"0.556","orb":"2.929","drb":"7.718","trb":"10.647","ast":"3.765","stl":"1.388","blk":"1.482","tov":"1.894","pf":"2.800","pts":"14.224"},{"game_id":1090,"team_name":"POR","player_id":"{\"simonan01\"}","player_name":"{\"Anfernee Simons\"}","fg":"1.906","fga":"5.059","fg_pct":"0.377","three_p":"1.118","three_pa":"3.541","three_p_pct":"0.316","ft":"0.871","fta":"0.871","ft_pct":"1.000","orb":"0.200","drb":"2.024","trb":"2.224","ast":"0.988","stl":"0.188","blk":"0.106","tov":"0.588","pf":"1.647","pts":"5.800"},{"game_id":1090,"team_name":"POR","player_id":"benchPOR","player_name":"Bench of POR","fg":"3.634","fga":"7.216","fg_pct":"0.504","three_p":"1.193","three_pa":"2.439","three_p_pct":"0.489","ft":"1.454","fta":"1.725","ft_pct":"0.843","orb":"1.352","drb":"4.265","trb":"5.617","ast":"0.941","stl":"0.224","blk":"0.445","tov":"0.491","pf":"2.022","pts":"9.917"}]