[{"game_id":1256,"team_name":"IND","player_id":"{\"warretj01\"}","player_name":"{\"T.J. Warren\"}","fg":"5.494","fga":"13.282","fg_pct":"0.414","three_p":"0.471","three_pa":"2.329","three_p_pct":"0.202","ft":"1.482","fta":"2.000","ft_pct":"0.741","orb":"0.753","drb":"2.294","trb":"3.047","ast":"0.588","stl":"1.471","blk":"0.365","tov":"1.118","pf":"2.812","pts":"12.941"},{"game_id":1256,"team_name":"IND","player_id":"{\"lambje01\"}","player_name":"{\"Jeremy Lamb\"}","fg":"6.965","fga":"13.141","fg_pct":"0.530","three_p":"1.729","three_pa":"4.576","three_p_pct":"0.378","ft":"3.529","fta":"4.200","ft_pct":"0.840","orb":"1.106","drb":"4.682","trb":"5.788","ast":"2.294","stl":"1.694","blk":"0.353","tov":"1.082","pf":"2.118","pts":"19.188"},{"game_id":1256,"team_name":"IND","player_id":"{\"brogdma01\"}","player_name":"{\"Malcolm Brogdon\"}","fg":"6.588","fga":"15.035","fg_pct":"0.438","three_p":"1.776","three_pa":"5.153","three_p_pct":"0.345","ft":"4.176","fta":"4.459","ft_pct":"0.937","orb":"0.941","drb":"5.024","trb":"5.965","ast":"7.706","stl":"1.294","blk":"0.376","tov":"2.329","pf":"2.376","pts":"19.129"},{"game_id":1256,"team_name":"IND","player_id":"{\"holidju01\"}","player_name":"{\"Justin Holiday\"}","fg":"3.765","fga":"8.376","fg_pct":"0.449","three_p":"2.271","three_pa":"5.247","three_p_pct":"0.433","ft":"0.624","fta":"0.718","ft_pct":"0.869","orb":"0.529","drb":"3.788","trb":"4.318","ast":"1.435","stl":"1.153","blk":"0.635","tov":"0.906","pf":"2.165","pts":"10.424"},{"game_id":1256,"team_name":"IND","player_id":"{\"leaftj01\"}","player_name":"{\"T.J. Leaf\"}","fg":"2.047","fga":"5.247","fg_pct":"0.390","three_p":"0.188","three_pa":"0.965","three_p_pct":"0.195","ft":"0.847","fta":"0.941","ft_pct":"0.900","orb":"1.424","drb":"1.929","trb":"3.353","ast":"0.518","stl":"0.400","blk":"0.376","tov":"0.365","pf":"1.047","pts":"5.129"},{"game_id":1256,"team_name":"IND","player_id":"{\"sampsja02\"}","player_name":"{\"JaKarr Sampson\"}","fg":"5.035","fga":"10.294","fg_pct":"0.489","three_p":"0.612","three_pa":"2.235","three_p_pct":"0.274","ft":"2.388","fta":"3.082","ft_pct":"0.775","orb":"1.306","drb":"4.529","trb":"5.835","ast":"0.565","stl":"0.541","blk":"1.035","tov":"0.612","pf":"2.000","pts":"13.071"},{"game_id":1256,"team_name":"IND","player_id":"benchIND","player_name":"Bench of IND","fg":"1.420","fga":"4.419","fg_pct":"0.321","three_p":"0.420","three_pa":"1.367","three_p_pct":"0.307","ft":"0.568","fta":"0.734","ft_pct":"0.774","orb":"0.652","drb":"1.492","trb":"2.144","ast":"1.516","stl":"0.320","blk":"0.583","tov":"0.794","pf":"1.508","pts":"3.828"},{"game_id":1256,"team_name":"CHI","player_id":"{\"lavinza01\"}","player_name":"{\"Zach LaVine\"}","fg":"7.471","fga":"16.988","fg_pct":"0.440","three_p":"2.447","three_pa":"6.200","three_p_pct":"0.395","ft":"3.906","fta":"5.106","ft_pct":"0.765","orb":"1.188","drb":"3.106","trb":"4.294","ast":"3.976","stl":"1.118","blk":"0.447","tov":"3.682","pf":"2.800","pts":"21.294"},{"game_id":1256,"team_name":"CHI","player_id":"{\"markkla01\"}","player_name":"{\"Lauri Markkanen\"}","fg":"5.447","fga":"14.047","fg_pct":"0.388","three_p":"1.812","three_pa":"6.212","three_p_pct":"0.292","ft":"4.106","fta":"4.894","ft_pct":"0.839","orb":"1.824","drb":"7.071","trb":"8.894","ast":"2.306","stl":"1.035","blk":"0.565","tov":"1.718","pf":"1.694","pts":"16.812"},{"game_id":1256,"team_name":"CHI","player_id":"{\"cartewe01\"}","player_name":"{\"Wendell Carter Jr.\"}","fg":"4.824","fga":"8.871","fg_pct":"0.544","three_p":"0.200","three_pa":"0.965","three_p_pct":"0.207","ft":"2.847","fta":"3.835","ft_pct":"0.742","orb":"2.835","drb":"6.188","trb":"9.024","ast":"0.976","stl":"0.553","blk":"1.024","tov":"1.235","pf":"3.753","pts":"12.694"},{"game_id":1256,"team_name":"CHI","player_id":"{\"porteot01\"}","player_name":"{\"Otto Porter Jr.\"}","fg":"4.188","fga":"9.976","fg_pct":"0.420","three_p":"1.718","three_pa":"4.376","three_p_pct":"0.393","ft":"2.259","fta":"2.824","ft_pct":"0.800","orb":"1.071","drb":"3.035","trb":"4.106","ast":"1.494","stl":"0.647","blk":"0.141","tov":"0.812","pf":"1.941","pts":"12.353"},{"game_id":1256,"team_name":"CHI","player_id":"{\"satorto01\"}","player_name":"{\"Tomáš Satoranský\"}","fg":"2.294","fga":"6.247","fg_pct":"0.367","three_p":"0.965","three_pa":"2.306","three_p_pct":"0.418","ft":"1.776","fta":"1.988","ft_pct":"0.893","orb":"0.824","drb":"1.224","trb":"2.047","ast":"4.929","stl":"0.859","blk":"0.200","tov":"1.612","pf":"1.835","pts":"7.329"},{"game_id":1256,"team_name":"CHI","player_id":"{\"youngth01\"}","player_name":"{\"Thaddeus Young\"}","fg":"4.471","fga":"9.812","fg_pct":"0.456","three_p":"1.494","three_pa":"3.894","three_p_pct":"0.384","ft":"0.365","fta":"0.706","ft_pct":"0.517","orb":"1.306","drb":"3.718","trb":"5.024","ast":"1.988","stl":"1.424","blk":"0.459","tov":"1.271","pf":"1.765","pts":"10.800"},{"game_id":1256,"team_name":"CHI","player_id":"benchCHI","player_name":"Bench of CHI","fg":"3.142","fga":"8.074","fg_pct":"0.389","three_p":"0.840","three_pa":"3.007","three_p_pct":"0.279","ft":"0.932","fta":"1.234","ft_pct":"0.755","orb":"0.572","drb":"2.473","trb":"3.045","ast":"2.283","stl":"0.773","blk":"0.436","tov":"0.665","pf":"1.644","pts":"8.057"}]