[{"game_id":108,"team_name":"PHI","player_id":"{\"harrito02\"}","player_name":"{\"Tobias Harris\"}","ts_pct":"0.626","efg_pct":"0.595","three_par":"0.357","ftr":"0.163","orb_pct":"5.936","drb_pct":"19.576","trb_pct":"13.189","ast_pct":"16.915","stl_pct":"1.627","blk_pct":"2.889","tov_pct":"10.761","usg_pct":"23.286","ortg":"117.988","drtg":"102.165","bpm":"5.894"},{"game_id":108,"team_name":"PHI","player_id":"{\"embiijo01\"}","player_name":"{\"Joel Embiid\"}","ts_pct":"0.623","efg_pct":"0.539","three_par":"0.222","ftr":"0.704","orb_pct":"7.533","drb_pct":"30.091","trb_pct":"19.154","ast_pct":"13.492","stl_pct":"1.795","blk_pct":"5.016","tov_pct":"11.841","usg_pct":"29.005","ortg":"121.200","drtg":"97.235","bpm":"7.721"},{"game_id":108,"team_name":"PHI","player_id":"{\"curryse01\"}","player_name":"{\"Seth Curry\"}","ts_pct":"0.709","efg_pct":"0.670","three_par":"0.489","ftr":"0.223","orb_pct":"0.813","drb_pct":"5.298","trb_pct":"3.095","ast_pct":"16.366","stl_pct":"1.314","blk_pct":"1.353","tov_pct":"14.799","usg_pct":"17.101","ortg":"127.153","drtg":"109.882","bpm":"3.140"},{"game_id":108,"team_name":"PHI","player_id":"{\"simmobe01\"}","player_name":"{\"Ben Simmons\"}","ts_pct":"0.544","efg_pct":"0.508","three_par":"0.026","ftr":"0.495","orb_pct":"3.558","drb_pct":"25.542","trb_pct":"15.179","ast_pct":"29.672","stl_pct":"2.034","blk_pct":"2.952","tov_pct":"20.971","usg_pct":"20.409","ortg":"105.624","drtg":"99.035","bpm":"1.072"},{"game_id":108,"team_name":"PHI","player_id":"{\"greenda02\"}","player_name":"{\"Danny Green\"}","ts_pct":"0.549","efg_pct":"0.529","three_par":"0.763","ftr":"0.166","orb_pct":"4.395","drb_pct":"7.771","trb_pct":"6.040","ast_pct":"9.927","stl_pct":"2.036","blk_pct":"2.314","tov_pct":"14.533","usg_pct":"14.922","ortg":"104.259","drtg":"104.329","bpm":"0.811"},{"game_id":108,"team_name":"PHI","player_id":"{\"miltosh01\"}","player_name":"{\"Shake Milton\"}","ts_pct":"0.508","efg_pct":"0.468","three_par":"0.479","ftr":"0.244","orb_pct":"1.462","drb_pct":"8.040","trb_pct":"4.902","ast_pct":"16.664","stl_pct":"1.774","blk_pct":"0.751","tov_pct":"6.482","usg_pct":"20.940","ortg":"106.541","drtg":"106.412","bpm":"-1.425"},{"game_id":108,"team_name":"PHI","player_id":"benchPHI","player_name":"Bench of PHI","ts_pct":"0.366","efg_pct":"0.354","three_par":"0.404","ftr":"0.162","orb_pct":"4.031","drb_pct":"11.828","trb_pct":"8.102","ast_pct":"8.006","stl_pct":"1.644","blk_pct":"1.340","tov_pct":"15.344","usg_pct":"15.193","ortg":"67.614","drtg":"104.753","bpm":"-5.916"},{"game_id":108,"team_name":"WAS","player_id":"{\"robinje01\"}","player_name":"{\"Jerome Robinson\"}","ts_pct":"0.463","efg_pct":"0.438","three_par":"0.421","ftr":"0.192","orb_pct":"0.502","drb_pct":"9.868","trb_pct":"4.851","ast_pct":"13.994","stl_pct":"1.424","blk_pct":"0.654","tov_pct":"18.234","usg_pct":"17.327","ortg":"79.294","drtg":"115.071","bpm":"-7.005"},{"game_id":108,"team_name":"WAS","player_id":"{\"westbru01\"}","player_name":"{\"Russell Westbrook\"}","ts_pct":"0.464","efg_pct":"0.431","three_par":"0.259","ftr":"0.304","orb_pct":"3.976","drb_pct":"25.674","trb_pct":"14.498","ast_pct":"41.368","stl_pct":"1.982","blk_pct":"0.362","tov_pct":"17.204","usg_pct":"30.356","ortg":"94.859","drtg":"114.071","bpm":"-0.966"},{"game_id":108,"team_name":"WAS","player_id":"{\"bealbr01\"}","player_name":"{\"Bradley Beal\"}","ts_pct":"0.581","efg_pct":"0.508","three_par":"0.276","ftr":"0.399","orb_pct":"3.074","drb_pct":"11.800","trb_pct":"7.245","ast_pct":"26.101","stl_pct":"1.892","blk_pct":"2.335","tov_pct":"11.099","usg_pct":"35.172","ortg":"111.682","drtg":"112.918","bpm":"3.293"},{"game_id":108,"team_name":"WAS","player_id":"{\"bryanth01\"}","player_name":"{\"Thomas Bryant\"}","ts_pct":"0.749","efg_pct":"0.755","three_par":"0.251","ftr":"0.319","orb_pct":"7.822","drb_pct":"19.687","trb_pct":"13.284","ast_pct":"8.999","stl_pct":"0.995","blk_pct":"3.212","tov_pct":"10.698","usg_pct":"19.551","ortg":"136.188","drtg":"112.553","bpm":"3.833"},{"game_id":108,"team_name":"WAS","player_id":"{\"bertada01\"}","player_name":"{\"Dāvis Bertāns\"}","ts_pct":"0.561","efg_pct":"0.496","three_par":"0.881","ftr":"0.362","orb_pct":"2.493","drb_pct":"11.640","trb_pct":"6.760","ast_pct":"6.996","stl_pct":"0.679","blk_pct":"0.764","tov_pct":"4.733","usg_pct":"19.516","ortg":"111.812","drtg":"117.035","bpm":"-2.186"},{"game_id":108,"team_name":"WAS","player_id":"{\"hachiru01\"}","player_name":"{\"Rui Hachimura\"}","ts_pct":"0.536","efg_pct":"0.470","three_par":"0.168","ftr":"0.495","orb_pct":"6.688","drb_pct":"13.855","trb_pct":"10.175","ast_pct":"11.633","stl_pct":"0.689","blk_pct":"0.153","tov_pct":"9.275","usg_pct":"21.368","ortg":"110.565","drtg":"118.788","bpm":"-3.556"},{"game_id":108,"team_name":"WAS","player_id":"benchWAS","player_name":"Bench of WAS","ts_pct":"0.599","efg_pct":"0.597","three_par":"0.357","ftr":"0.203","orb_pct":"2.422","drb_pct":"12.195","trb_pct":"7.300","ast_pct":"12.020","stl_pct":"2.193","blk_pct":"1.303","tov_pct":"10.487","usg_pct":"12.443","ortg":"119.407","drtg":"111.209","bpm":"1.754"}]