[{"game_id":1021,"team_name":"CLE","player_id":"{\"okorois01\"}","player_name":"{\"Isaac Okoro\"}","fg":"4.765","fga":"11.188","fg_pct":"0.426","three_p":"1.059","three_pa":"3.635","three_p_pct":"0.291","ft":"3.518","fta":"4.624","ft_pct":"0.761","orb":"1.176","drb":"2.082","trb":"3.259","ast":"2.059","stl":"0.576","blk":"0.000","tov":"0.741","pf":"3.129","pts":"14.106"},{"game_id":1021,"team_name":"CLE","player_id":"{\"wadede01\"}","player_name":"{\"Dean Wade\"}","fg":"2.624","fga":"6.118","fg_pct":"0.429","three_p":"1.682","three_pa":"4.624","three_p_pct":"0.364","ft":"0.812","fta":"1.082","ft_pct":"0.750","orb":"0.824","drb":"2.565","trb":"3.388","ast":"1.082","stl":"0.776","blk":"0.306","tov":"0.835","pf":"1.447","pts":"7.741"},{"game_id":1021,"team_name":"CLE","player_id":"{\"sextoco01\"}","player_name":"{\"Collin Sexton\"}","fg":"8.835","fga":"19.000","fg_pct":"0.465","three_p":"1.871","three_pa":"4.576","three_p_pct":"0.409","ft":"5.118","fta":"6.800","ft_pct":"0.753","orb":"1.765","drb":"2.600","trb":"4.365","ast":"5.000","stl":"0.776","blk":"0.365","tov":"3.094","pf":"2.635","pts":"24.659"},{"game_id":1021,"team_name":"CLE","player_id":"{\"thomabr01\"}","player_name":"{\"Brodric Thomas\"}","fg":"1.647","fga":"3.082","fg_pct":"0.534","three_p":"1.094","three_pa":"1.847","three_p_pct":"0.592","ft":"0.812","fta":"1.224","ft_pct":"0.663","orb":"0.459","drb":"1.129","trb":"1.588","ast":"0.788","stl":"0.212","blk":"0.494","tov":"1.059","pf":"1.271","pts":"5.200"},{"game_id":1021,"team_name":"CLE","player_id":"{\"allenja01\"}","player_name":"{\"Jarrett Allen\"}","fg":"4.376","fga":"7.718","fg_pct":"0.567","three_p":"0.000","three_pa":"0.365","three_p_pct":"0.000","ft":"2.494","fta":"4.059","ft_pct":"0.614","orb":"3.776","drb":"6.518","trb":"10.294","ast":"1.929","stl":"0.800","blk":"0.788","tov":"1.988","pf":"1.024","pts":"11.247"},{"game_id":1021,"team_name":"CLE","player_id":"{\"dotsoda01\"}","player_name":"{\"Damyean Dotson\"}","fg":"2.365","fga":"6.353","fg_pct":"0.372","three_p":"0.941","three_pa":"3.682","three_p_pct":"0.256","ft":"0.071","fta":"0.188","ft_pct":"0.378","orb":"0.059","drb":"2.212","trb":"2.271","ast":"1.482","stl":"0.282","blk":"0.000","tov":"1.118","pf":"0.953","pts":"5.741"},{"game_id":1021,"team_name":"CLE","player_id":"benchCLE","player_name":"Bench of CLE","fg":"1.364","fga":"3.480","fg_pct":"0.392","three_p":"0.512","three_pa":"1.510","three_p_pct":"0.339","ft":"0.530","fta":"0.878","ft_pct":"0.604","orb":"0.324","drb":"0.948","trb":"1.272","ast":"0.783","stl":"0.324","blk":"0.218","tov":"0.531","pf":"0.563","pts":"3.769"},{"game_id":1021,"team_name":"IND","player_id":"{\"bitadgo01\"}","player_name":"{\"Goga Bitadze\"}","fg":"2.035","fga":"5.553","fg_pct":"0.366","three_p":"0.824","three_pa":"2.859","three_p_pct":"0.288","ft":"1.129","fta":"1.247","ft_pct":"0.905","orb":"1.388","drb":"2.929","trb":"4.318","ast":"1.294","stl":"0.306","blk":"2.141","tov":"0.365","pf":"2.506","pts":"6.024"},{"game_id":1021,"team_name":"IND","player_id":"{\"sabondo01\"}","player_name":"{\"Domantas Sabonis\"}","fg":"10.035","fga":"16.082","fg_pct":"0.624","three_p":"1.129","three_pa":"3.024","three_p_pct":"0.373","ft":"3.424","fta":"4.259","ft_pct":"0.804","orb":"1.635","drb":"12.212","trb":"13.847","ast":"8.918","stl":"1.694","blk":"0.082","tov":"4.024","pf":"2.965","pts":"24.624"},{"game_id":1021,"team_name":"IND","player_id":"{\"leverca01\"}","player_name":"{\"Caris LeVert\"}","fg":"9.859","fga":"21.318","fg_pct":"0.462","three_p":"2.247","three_pa":"5.188","three_p_pct":"0.433","ft":"4.871","fta":"6.106","ft_pct":"0.798","orb":"0.671","drb":"4.694","trb":"5.365","ast":"6.047","stl":"1.200","blk":"1.141","tov":"2.682","pf":"2.918","pts":"26.835"},{"game_id":1021,"team_name":"IND","player_id":"{\"mccontj01\"}","player_name":"{\"T.J. McConnell\"}","fg":"4.294","fga":"8.071","fg_pct":"0.532","three_p":"0.294","three_pa":"1.200","three_p_pct":"0.245","ft":"0.812","fta":"0.941","ft_pct":"0.863","orb":"1.329","drb":"2.271","trb":"3.600","ast":"6.035","stl":"2.282","blk":"0.129","tov":"2.200","pf":"1.447","pts":"9.694"},{"game_id":1021,"team_name":"IND","player_id":"{\"holidju01\"}","player_name":"{\"Justin Holiday\"}","fg":"2.776","fga":"6.835","fg_pct":"0.406","three_p":"1.882","three_pa":"4.694","three_p_pct":"0.401","ft":"1.071","fta":"1.188","ft_pct":"0.902","orb":"0.294","drb":"2.718","trb":"3.012","ast":"1.847","stl":"0.365","blk":"1.341","tov":"0.365","pf":"1.318","pts":"8.506"},{"game_id":1021,"team_name":"IND","player_id":"{\"martike03\"}","player_name":"{\"Kelan Martin\"}","fg":"2.071","fga":"4.612","fg_pct":"0.449","three_p":"0.553","three_pa":"1.553","three_p_pct":"0.356","ft":"0.176","fta":"0.259","ft_pct":"0.680","orb":"0.224","drb":"2.647","trb":"2.871","ast":"0.635","stl":"0.247","blk":"0.271","tov":"0.565","pf":"1.541","pts":"4.871"},{"game_id":1021,"team_name":"IND","player_id":"benchIND","player_name":"Bench of IND","fg":"4.305","fga":"8.372","fg_pct":"0.514","three_p":"1.235","three_pa":"2.988","three_p_pct":"0.413","ft":"2.116","fta":"2.531","ft_pct":"0.836","orb":"0.797","drb":"2.990","trb":"3.787","ast":"1.707","stl":"0.788","blk":"0.555","tov":"1.048","pf":"1.824","pts":"11.961"}]