[{"game_id":1251,"team_name":"MEM","player_id":"{\"cabocbr01\"}","player_name":"{\"Bruno Caboclo\"}","fg":"3.471","fga":"8.294","fg_pct":"0.418","three_p":"1.706","three_pa":"4.294","three_p_pct":"0.397","ft":"1.318","fta":"1.435","ft_pct":"0.918","orb":"1.365","drb":"3.953","trb":"5.318","ast":"1.694","stl":"0.353","blk":"1.118","tov":"1.282","pf":"2.153","pts":"9.965"},{"game_id":1251,"team_name":"MEM","player_id":"{\"moranja01\"}","player_name":"{\"Ja Morant\"}","fg":"7.109","fga":"14.174","fg_pct":"0.502","three_p":"0.783","three_pa":"1.826","three_p_pct":"0.429","ft":"2.783","fta":"3.717","ft_pct":"0.749","orb":"1.022","drb":"2.457","trb":"3.478","ast":"4.978","stl":"1.761","blk":"0.478","tov":"4.957","pf":"2.739","pts":"17.783"},{"game_id":1251,"team_name":"MEM","player_id":"{\"crowdja01\"}","player_name":"{\"Jae Crowder\"}","fg":"3.541","fga":"9.329","fg_pct":"0.380","three_p":"2.059","three_pa":"6.753","three_p_pct":"0.305","ft":"2.141","fta":"2.859","ft_pct":"0.749","orb":"1.000","drb":"5.165","trb":"6.165","ast":"1.906","stl":"0.682","blk":"0.376","tov":"0.988","pf":"1.624","pts":"11.282"},{"game_id":1251,"team_name":"MEM","player_id":"{\"valanjo01\"}","player_name":"{\"Jonas Valančiūnas\"}","fg":"6.353","fga":"13.365","fg_pct":"0.475","three_p":"0.529","three_pa":"1.647","three_p_pct":"0.321","ft":"3.188","fta":"3.929","ft_pct":"0.811","orb":"3.012","drb":"8.659","trb":"11.671","ast":"2.118","stl":"0.553","blk":"1.365","tov":"2.471","pf":"3.071","pts":"16.424"},{"game_id":1251,"team_name":"MEM","player_id":"{\"brookdi01\"}","player_name":"{\"Dillon Brooks\"}","fg":"3.918","fga":"9.682","fg_pct":"0.405","three_p":"1.600","three_pa":"3.741","three_p_pct":"0.428","ft":"0.988","fta":"1.259","ft_pct":"0.785","orb":"0.365","drb":"1.918","trb":"2.282","ast":"1.459","stl":"0.835","blk":"0.247","tov":"1.188","pf":"4.012","pts":"10.424"},{"game_id":1251,"team_name":"MEM","player_id":"{\"hillso01\"}","player_name":"{\"Solomon Hill\"}","fg":"2.706","fga":"6.188","fg_pct":"0.437","three_p":"1.482","three_pa":"3.553","three_p_pct":"0.417","ft":"0.941","fta":"1.306","ft_pct":"0.721","orb":"0.553","drb":"2.988","trb":"3.541","ast":"1.600","stl":"0.588","blk":"0.318","tov":"1.129","pf":"2.165","pts":"7.835"},{"game_id":1251,"team_name":"MEM","player_id":"benchMEM","player_name":"Bench of MEM","fg":"3.642","fga":"8.439","fg_pct":"0.432","three_p":"0.606","three_pa":"2.339","three_p_pct":"0.259","ft":"1.757","fta":"2.233","ft_pct":"0.787","orb":"0.911","drb":"2.709","trb":"3.620","ast":"2.271","stl":"0.670","blk":"0.686","tov":"1.291","pf":"2.350","pts":"9.647"},{"game_id":1251,"team_name":"PHO","player_id":"{\"rubiori01\"}","player_name":"{\"Ricky Rubio\"}","fg":"4.165","fga":"10.388","fg_pct":"0.401","three_p":"0.635","three_pa":"2.553","three_p_pct":"0.249","ft":"3.635","fta":"4.388","ft_pct":"0.828","orb":"0.765","drb":"4.224","trb":"4.988","ast":"8.341","stl":"1.988","blk":"0.094","tov":"2.871","pf":"3.235","pts":"12.600"},{"game_id":1251,"team_name":"PHO","player_id":"{\"bookede01\"}","player_name":"{\"Devin Booker\"}","fg":"10.153","fga":"19.541","fg_pct":"0.520","three_p":"2.565","three_pa":"6.259","three_p_pct":"0.410","ft":"5.082","fta":"5.612","ft_pct":"0.906","orb":"0.506","drb":"3.341","trb":"3.847","ast":"6.047","stl":"0.506","blk":"0.318","tov":"3.565","pf":"3.741","pts":"27.953"},{"game_id":1251,"team_name":"PHO","player_id":"{\"oubreke01\"}","player_name":"{\"Kelly Oubre Jr.\"}","fg":"7.235","fga":"14.906","fg_pct":"0.485","three_p":"1.694","three_pa":"4.776","three_p_pct":"0.355","ft":"3.765","fta":"4.282","ft_pct":"0.879","orb":"1.553","drb":"4.282","trb":"5.835","ast":"1.494","stl":"1.835","blk":"0.906","tov":"2.000","pf":"3.259","pts":"19.929"},{"game_id":1251,"team_name":"PHO","player_id":"{\"baynear01\"}","player_name":"{\"Aron Baynes\"}","fg":"3.541","fga":"6.365","fg_pct":"0.556","three_p":"1.129","three_pa":"2.894","three_p_pct":"0.390","ft":"1.682","fta":"2.294","ft_pct":"0.733","orb":"1.635","drb":"3.482","trb":"5.118","ast":"2.059","stl":"0.200","blk":"0.776","tov":"0.800","pf":"3.612","pts":"9.894"},{"game_id":1251,"team_name":"PHO","player_id":"{\"saricda01\"}","player_name":"{\"Dario Šarić\"}","fg":"4.435","fga":"10.165","fg_pct":"0.436","three_p":"1.671","three_pa":"4.671","three_p_pct":"0.358","ft":"1.529","fta":"1.929","ft_pct":"0.793","orb":"1.765","drb":"4.671","trb":"6.435","ast":"2.600","stl":"1.176","blk":"0.176","tov":"0.988","pf":"2.388","pts":"12.071"},{"game_id":1251,"team_name":"PHO","player_id":"{\"kaminfr01\"}","player_name":"{\"Frank Kaminsky\"}","fg":"4.047","fga":"10.212","fg_pct":"0.396","three_p":"1.306","three_pa":"4.659","three_p_pct":"0.280","ft":"4.118","fta":"5.071","ft_pct":"0.812","orb":"0.529","drb":"5.565","trb":"6.094","ast":"2.471","stl":"0.271","blk":"0.259","tov":"1.871","pf":"2.694","pts":"13.518"},{"game_id":1251,"team_name":"PHO","player_id":"benchPHO","player_name":"Bench of PHO","fg":"2.707","fga":"6.012","fg_pct":"0.450","three_p":"1.343","three_pa":"3.243","three_p_pct":"0.414","ft":"1.205","fta":"1.443","ft_pct":"0.835","orb":"0.440","drb":"2.359","trb":"2.798","ast":"1.666","stl":"0.815","blk":"0.155","tov":"1.024","pf":"2.006","pts":"7.963"}]