[{"game_id":1246,"team_name":"SAC","player_id":"{\"foxde01\"}","player_name":"{\"De'Aaron Fox\"}","ts_pct":"0.529","efg_pct":"0.485","three_par":"0.255","ftr":"0.313","orb_pct":"1.019","drb_pct":"12.227","trb_pct":"5.991","ast_pct":"42.519","stl_pct":"1.807","blk_pct":"0.864","tov_pct":"17.988","usg_pct":"26.639","ortg":"106.012","drtg":"119.153","bpm":"0.342"},{"game_id":1246,"team_name":"SAC","player_id":"{\"arizatr01\"}","player_name":"{\"Trevor Ariza\"}","ts_pct":"0.481","efg_pct":"0.463","three_par":"0.763","ftr":"0.095","orb_pct":"1.829","drb_pct":"16.784","trb_pct":"8.786","ast_pct":"9.789","stl_pct":"1.175","blk_pct":"0.600","tov_pct":"6.593","usg_pct":"12.107","ortg":"106.612","drtg":"117.094","bpm":"-0.266"},{"game_id":1246,"team_name":"SAC","player_id":"{\"barneha02\"}","player_name":"{\"Harrison Barnes\"}","ts_pct":"0.572","efg_pct":"0.552","three_par":"0.302","ftr":"0.314","orb_pct":"2.668","drb_pct":"18.368","trb_pct":"9.707","ast_pct":"6.253","stl_pct":"1.264","blk_pct":"0.181","tov_pct":"5.118","usg_pct":"16.924","ortg":"118.624","drtg":"119.247","bpm":"-0.572"},{"game_id":1246,"team_name":"SAC","player_id":"{\"hieldbu01\"}","player_name":"{\"Buddy Hield\"}","ts_pct":"0.484","efg_pct":"0.477","three_par":"0.600","ftr":"0.031","orb_pct":"2.966","drb_pct":"11.549","trb_pct":"6.662","ast_pct":"12.012","stl_pct":"1.138","blk_pct":"1.032","tov_pct":"13.585","usg_pct":"24.214","ortg":"93.471","drtg":"120.800","bpm":"-2.780"},{"game_id":1246,"team_name":"SAC","player_id":"{\"dedmode01\"}","player_name":"{\"Dewayne Dedmon\"}","ts_pct":"0.491","efg_pct":"0.466","three_par":"0.353","ftr":"0.167","orb_pct":"7.338","drb_pct":"25.336","trb_pct":"15.401","ast_pct":"2.686","stl_pct":"1.089","blk_pct":"2.753","tov_pct":"18.306","usg_pct":"15.816","ortg":"85.329","drtg":"114.153","bpm":"-5.576"},{"game_id":1246,"team_name":"SAC","player_id":"{\"bjeline01\"}","player_name":"{\"Nemanja Bjelica\"}","ts_pct":"0.712","efg_pct":"0.695","three_par":"0.475","ftr":"0.128","orb_pct":"4.448","drb_pct":"13.276","trb_pct":"8.247","ast_pct":"8.962","stl_pct":"1.519","blk_pct":"0.946","tov_pct":"10.611","usg_pct":"14.929","ortg":"133.141","drtg":"120.153","bpm":"2.067"},{"game_id":1246,"team_name":"SAC","player_id":"benchSAC","player_name":"Bench of SAC","ts_pct":"0.550","efg_pct":"0.512","three_par":"0.284","ftr":"0.271","orb_pct":"4.698","drb_pct":"13.396","trb_pct":"8.745","ast_pct":"14.995","stl_pct":"1.440","blk_pct":"1.816","tov_pct":"12.539","usg_pct":"18.924","ortg":"106.781","drtg":"116.015","bpm":"-2.173"},{"game_id":1246,"team_name":"UTA","player_id":"{\"davised01\"}","player_name":"{\"Ed Davis\"}","ts_pct":"0.510","efg_pct":"0.552","three_par":"0.000","ftr":"0.538","orb_pct":"16.074","drb_pct":"31.224","trb_pct":"24.466","ast_pct":"2.353","stl_pct":"0.699","blk_pct":"3.346","tov_pct":"28.520","usg_pct":"10.695","ortg":"108.600","drtg":"97.306","bpm":"-1.862"},{"game_id":1246,"team_name":"UTA","player_id":"{\"goberru01\"}","player_name":"{\"Rudy Gobert\"}","ts_pct":"0.659","efg_pct":"0.617","three_par":"0.000","ftr":"0.916","orb_pct":"8.165","drb_pct":"26.786","trb_pct":"18.178","ast_pct":"7.340","stl_pct":"1.522","blk_pct":"5.935","tov_pct":"26.878","usg_pct":"14.904","ortg":"104.035","drtg":"94.376","bpm":"0.684"},{"game_id":1246,"team_name":"UTA","player_id":"{\"bogdabo02\"}","player_name":"{\"Bojan Bogdanović\"}","ts_pct":"0.586","efg_pct":"0.531","three_par":"0.420","ftr":"0.295","orb_pct":"1.172","drb_pct":"15.391","trb_pct":"8.407","ast_pct":"10.611","stl_pct":"1.882","blk_pct":"0.395","tov_pct":"11.420","usg_pct":"26.044","ortg":"104.035","drtg":"100.376","bpm":"2.496"},{"game_id":1246,"team_name":"UTA","player_id":"{\"mitchdo01\"}","player_name":"{\"Donovan Mitchell\"}","ts_pct":"0.556","efg_pct":"0.509","three_par":"0.273","ftr":"0.280","orb_pct":"3.174","drb_pct":"11.201","trb_pct":"7.413","ast_pct":"17.811","stl_pct":"2.371","blk_pct":"0.480","tov_pct":"10.291","usg_pct":"29.749","ortg":"106.294","drtg":"99.000","bpm":"2.953"},{"game_id":1246,"team_name":"UTA","player_id":"{\"conlemi01\"}","player_name":"{\"Mike Conley\"}","ts_pct":"0.499","efg_pct":"0.433","three_par":"0.437","ftr":"0.358","orb_pct":"0.529","drb_pct":"8.429","trb_pct":"4.621","ast_pct":"27.056","stl_pct":"1.098","blk_pct":"0.734","tov_pct":"13.313","usg_pct":"26.942","ortg":"101.894","drtg":"106.447","bpm":"-0.767"},{"game_id":1246,"team_name":"UTA","player_id":"{\"inglejo01\"}","player_name":"{\"Joe Ingles\"}","ts_pct":"0.473","efg_pct":"0.462","three_par":"0.710","ftr":"0.052","orb_pct":"1.718","drb_pct":"15.972","trb_pct":"9.225","ast_pct":"24.842","stl_pct":"2.676","blk_pct":"0.000","tov_pct":"22.202","usg_pct":"12.598","ortg":"97.200","drtg":"97.824","bpm":"0.418"},{"game_id":1246,"team_name":"UTA","player_id":"benchUTA","player_name":"Bench of UTA","ts_pct":"0.549","efg_pct":"0.517","three_par":"0.377","ftr":"0.268","orb_pct":"1.013","drb_pct":"14.170","trb_pct":"8.033","ast_pct":"15.605","stl_pct":"1.590","blk_pct":"1.766","tov_pct":"19.934","usg_pct":"19.983","ortg":"99.001","drtg":"101.033","bpm":"0.171"}]