[{"game_id":1085,"team_name":"WAS","player_id":"teamWAS","player_name":"Team name: WAS","fg":"46.194","fga":"96.417","fg_pct":"0.479","three_p":"8.714","three_pa":"25.949","three_p_pct":"0.336","ft":"22.246","fta":"27.211","ft_pct":"0.818","orb":"11.171","drb":"36.349","trb":"47.520","ast":"26.337","stl":"6.777","blk":"5.829","tov":"11.663","pf":"22.343","pts":"123.349"},{"game_id":1085,"team_name":"IND","player_id":"teamIND","player_name":"Team name: IND","fg":"47.834","fga":"95.354","fg_pct":"0.502","three_p":"12.714","three_pa":"32.491","three_p_pct":"0.391","ft":"15.063","fta":"18.634","ft_pct":"0.808","orb":"9.531","drb":"35.411","trb":"44.943","ast":"31.537","stl":"8.217","blk":"5.726","tov":"13.720","pf":"19.646","pts":"123.446"}]