[{"game_id":1239,"team_name":"LAC","player_id":"teamLAC","player_name":"Team name: LAC","ts_pct":"0.631","efg_pct":"0.584","three_par":"0.430","ftr":"0.337","orb_pct":"5.803","drb_pct":"18.900","trb_pct":"12.942","ast_pct":"15.290","stl_pct":"1.458","blk_pct":"2.059","tov_pct":"14.488","usg_pct":"22.252","ortg":"120.521","drtg":"134.402","bpm":"-3.413"},{"game_id":1239,"team_name":"SAS","player_id":"teamSAS","player_name":"Team name: SAS","ts_pct":"0.567","efg_pct":"0.537","three_par":"0.315","ftr":"0.273","orb_pct":"6.547","drb_pct":"17.881","trb_pct":"12.391","ast_pct":"15.592","stl_pct":"1.018","blk_pct":"1.579","tov_pct":"9.102","usg_pct":"20.894","ortg":"123.221","drtg":"127.193","bpm":"-0.733"}]