[{"game_id":1139,"team_name":"ATL","player_id":"teamATL","player_name":"Team name: ATL","ts_pct":"0.546","efg_pct":"0.512","three_par":"0.408","ftr":"0.253","orb_pct":"4.459","drb_pct":"17.310","trb_pct":"11.223","ast_pct":"13.278","stl_pct":"1.226","blk_pct":"2.515","tov_pct":"11.866","usg_pct":"20.907","ortg":"107.781","drtg":"118.630","bpm":"-0.730"},{"game_id":1139,"team_name":"PHI","player_id":"teamPHI","player_name":"Team name: PHI","ts_pct":"0.676","efg_pct":"0.633","three_par":"0.444","ftr":"0.428","orb_pct":"6.055","drb_pct":"17.896","trb_pct":"12.064","ast_pct":"15.997","stl_pct":"2.111","blk_pct":"2.621","tov_pct":"12.729","usg_pct":"24.389","ortg":"138.750","drtg":"141.105","bpm":"-1.536"}]