[{"game_id":1170,"team_name":"PHO","player_id":"{\"craigto01\"}","player_name":"{\"Torrey Craig\"}","ts_pct":"0.555","efg_pct":"0.540","three_par":"0.439","ftr":"0.460","orb_pct":"6.687","drb_pct":"7.891","trb_pct":"7.347","ast_pct":"1.922","stl_pct":"0.180","blk_pct":"0.872","tov_pct":"11.059","usg_pct":"12.252","ortg":"107.000","drtg":"117.400","bpm":"-8.965"},{"game_id":1170,"team_name":"PHO","player_id":"{\"aytonde01\"}","player_name":"{\"Deandre Ayton\"}","ts_pct":"0.625","efg_pct":"0.613","three_par":"0.000","ftr":"0.183","orb_pct":"10.218","drb_pct":"30.396","trb_pct":"20.920","ast_pct":"6.819","stl_pct":"1.634","blk_pct":"3.486","tov_pct":"10.195","usg_pct":"16.855","ortg":"127.176","drtg":"106.729","bpm":"5.035"},{"game_id":1170,"team_name":"PHO","player_id":"{\"bookede01\"}","player_name":"{\"Devin Booker\"}","ts_pct":"0.506","efg_pct":"0.441","three_par":"0.313","ftr":"0.306","orb_pct":"2.721","drb_pct":"9.898","trb_pct":"6.373","ast_pct":"15.191","stl_pct":"1.078","blk_pct":"0.582","tov_pct":"11.484","usg_pct":"32.814","ortg":"99.659","drtg":"116.941","bpm":"-1.844"},{"game_id":1170,"team_name":"PHO","player_id":"{\"crowdja01\"}","player_name":"{\"Jae Crowder\"}","ts_pct":"0.587","efg_pct":"0.544","three_par":"0.797","ftr":"0.195","orb_pct":"1.171","drb_pct":"19.959","trb_pct":"11.007","ast_pct":"7.725","stl_pct":"0.856","blk_pct":"1.759","tov_pct":"7.681","usg_pct":"12.866","ortg":"120.541","drtg":"112.894","bpm":"1.474"},{"game_id":1170,"team_name":"PHO","player_id":"{\"paulch01\"}","player_name":"{\"Chris Paul\"}","ts_pct":"0.580","efg_pct":"0.549","three_par":"0.251","ftr":"0.190","orb_pct":"1.518","drb_pct":"7.488","trb_pct":"4.734","ast_pct":"37.329","stl_pct":"1.725","blk_pct":"0.000","tov_pct":"14.636","usg_pct":"27.846","ortg":"115.894","drtg":"115.388","bpm":"4.684"},{"game_id":1170,"team_name":"PHO","player_id":"{\"bridgmi01\"}","player_name":"{\"Mikal Bridges\"}","ts_pct":"0.626","efg_pct":"0.603","three_par":"0.428","ftr":"0.114","orb_pct":"3.159","drb_pct":"10.935","trb_pct":"7.213","ast_pct":"7.426","stl_pct":"0.440","blk_pct":"1.587","tov_pct":"10.468","usg_pct":"13.614","ortg":"123.824","drtg":"116.765","bpm":"0.726"},{"game_id":1170,"team_name":"PHO","player_id":"benchPHO","player_name":"Bench of PHO","ts_pct":"0.622","efg_pct":"0.607","three_par":"0.525","ftr":"0.130","orb_pct":"2.540","drb_pct":"12.594","trb_pct":"7.742","ast_pct":"14.079","stl_pct":"1.553","blk_pct":"0.842","tov_pct":"10.502","usg_pct":"19.319","ortg":"118.903","drtg":"114.541","bpm":"2.004"},{"game_id":1170,"team_name":"MIL","player_id":"{\"teaguje01\"}","player_name":"{\"Jeff Teague\"}","ts_pct":"0.540","efg_pct":"0.339","three_par":"0.261","ftr":"0.189","orb_pct":"1.144","drb_pct":"4.449","trb_pct":"2.609","ast_pct":"15.853","stl_pct":"1.031","blk_pct":"0.000","tov_pct":"13.900","usg_pct":"14.711","ortg":"105.612","drtg":"118.706","bpm":"-6.666"},{"game_id":1170,"team_name":"MIL","player_id":"{\"middlkh01\"}","player_name":"{\"Khris Middleton\"}","ts_pct":"0.530","efg_pct":"0.494","three_par":"0.403","ftr":"0.167","orb_pct":"2.853","drb_pct":"17.691","trb_pct":"9.831","ast_pct":"22.920","stl_pct":"1.885","blk_pct":"0.198","tov_pct":"11.364","usg_pct":"27.015","ortg":"111.741","drtg":"113.341","bpm":"2.306"},{"game_id":1170,"team_name":"MIL","player_id":"{\"holidjr01\"}","player_name":"{\"Jrue Holiday\"}","ts_pct":"0.481","efg_pct":"0.448","three_par":"0.377","ftr":"0.178","orb_pct":"3.273","drb_pct":"12.585","trb_pct":"7.754","ast_pct":"31.831","stl_pct":"2.041","blk_pct":"2.012","tov_pct":"11.928","usg_pct":"23.209","ortg":"108.859","drtg":"113.176","bpm":"2.138"},{"game_id":1170,"team_name":"MIL","player_id":"{\"antetgi01\"}","player_name":"{\"Giannis Antetokounmpo\"}","ts_pct":"0.632","efg_pct":"0.627","three_par":"0.133","ftr":"0.592","orb_pct":"8.693","drb_pct":"29.745","trb_pct":"18.473","ast_pct":"25.681","stl_pct":"1.884","blk_pct":"2.968","tov_pct":"9.042","usg_pct":"29.632","ortg":"129.200","drtg":"108.318","bpm":"12.332"},{"game_id":1170,"team_name":"MIL","player_id":"{\"connapa01\"}","player_name":"{\"Pat Connaughton\"}","ts_pct":"0.712","efg_pct":"0.691","three_par":"0.752","ftr":"0.070","orb_pct":"5.522","drb_pct":"13.089","trb_pct":"9.132","ast_pct":"5.387","stl_pct":"0.982","blk_pct":"0.547","tov_pct":"7.808","usg_pct":"11.038","ortg":"138.424","drtg":"116.165","bpm":"0.875"},{"game_id":1170,"team_name":"MIL","player_id":"{\"lopezbr01\"}","player_name":"{\"Brook Lopez\"}","ts_pct":"0.611","efg_pct":"0.573","three_par":"0.354","ftr":"0.241","orb_pct":"7.726","drb_pct":"9.772","trb_pct":"8.625","ast_pct":"0.976","stl_pct":"1.798","blk_pct":"4.612","tov_pct":"6.982","usg_pct":"20.005","ortg":"123.082","drtg":"111.835","bpm":"1.420"},{"game_id":1170,"team_name":"MIL","player_id":"benchMIL","player_name":"Bench of MIL","ts_pct":"0.466","efg_pct":"0.444","three_par":"0.455","ftr":"0.133","orb_pct":"10.102","drb_pct":"16.295","trb_pct":"13.088","ast_pct":"4.960","stl_pct":"2.212","blk_pct":"0.480","tov_pct":"4.341","usg_pct":"13.638","ortg":"122.067","drtg":"112.387","bpm":"-1.355"}]