[{"game_id":1070,"team_name":"GSW","player_id":"teamGSW","player_name":"Team name: GSW","fg":"42.343","fga":"87.354","fg_pct":"0.485","three_p":"17.371","three_pa":"44.549","three_p_pct":"0.390","ft":"16.509","fta":"20.314","ft_pct":"0.813","orb":"7.051","drb":"36.589","trb":"43.640","ast":"29.457","stl":"7.309","blk":"4.611","tov":"13.400","pf":"20.114","pts":"118.566"},{"game_id":1070,"team_name":"MEM","player_id":"teamMEM","player_name":"Team name: MEM","fg":"42.080","fga":"90.074","fg_pct":"0.467","three_p":"12.189","three_pa":"34.537","three_p_pct":"0.353","ft":"16.680","fta":"23.131","ft_pct":"0.721","orb":"12.091","drb":"36.800","trb":"48.891","ast":"27.137","stl":"7.143","blk":"7.869","tov":"13.320","pf":"16.920","pts":"113.029"}]