[{"game_id":1069,"team_name":"SAS","player_id":"{\"dienggo01\"}","player_name":"{\"Gorgui Dieng\"}","fg":"2.541","fga":"4.506","fg_pct":"0.564","three_p":"0.459","three_pa":"1.494","three_p_pct":"0.307","ft":"1.518","fta":"1.682","ft_pct":"0.902","orb":"0.965","drb":"1.988","trb":"2.953","ast":"1.435","stl":"0.741","blk":"0.153","tov":"0.918","pf":"0.906","pts":"7.059"},{"game_id":1069,"team_name":"SAS","player_id":"{\"eubandr01\"}","player_name":"{\"Drew Eubanks\"}","fg":"2.518","fga":"4.612","fg_pct":"0.546","three_p":"0.082","three_pa":"0.082","three_p_pct":"1.000","ft":"1.976","fta":"2.212","ft_pct":"0.893","orb":"2.506","drb":"3.588","trb":"6.094","ast":"0.624","stl":"0.153","blk":"0.682","tov":"0.800","pf":"2.365","pts":"7.094"},{"game_id":1069,"team_name":"SAS","player_id":"{\"murrade01\"}","player_name":"{\"Dejounte Murray\"}","fg":"7.588","fga":"16.165","fg_pct":"0.469","three_p":"0.459","three_pa":"2.271","three_p_pct":"0.202","ft":"1.494","fta":"2.129","ft_pct":"0.702","orb":"1.400","drb":"6.035","trb":"7.435","ast":"6.412","stl":"1.165","blk":"0.153","tov":"1.894","pf":"1.871","pts":"17.129"},{"game_id":1069,"team_name":"SAS","player_id":"{\"poeltja01\"}","player_name":"{\"Jakob Poeltl\"}","fg":"3.588","fga":"6.624","fg_pct":"0.542","three_p":"0.000","three_pa":"0.000","three_p_pct":"NaN","ft":"0.918","fta":"1.247","ft_pct":"0.736","orb":"2.612","drb":"4.906","trb":"7.518","ast":"2.753","stl":"1.024","blk":"1.835","tov":"0.518","pf":"2.976","pts":"8.094"},{"game_id":1069,"team_name":"SAS","player_id":"{\"walkelo01\"}","player_name":"{\"Lonnie Walker IV\"}","fg":"4.706","fga":"11.647","fg_pct":"0.404","three_p":"1.894","three_pa":"5.671","three_p_pct":"0.334","ft":"0.400","fta":"0.400","ft_pct":"1.000","orb":"0.400","drb":"2.541","trb":"2.941","ast":"2.176","stl":"0.518","blk":"0.059","tov":"0.871","pf":"1.118","pts":"11.706"},{"game_id":1069,"team_name":"SAS","player_id":"{\"vassede01\"}","player_name":"{\"Devin Vassell\"}","fg":"3.235","fga":"7.376","fg_pct":"0.439","three_p":"0.588","three_pa":"3.129","three_p_pct":"0.188","ft":"1.259","fta":"1.471","ft_pct":"0.856","orb":"0.482","drb":"3.753","trb":"4.235","ast":"1.059","stl":"0.412","blk":"0.235","tov":"0.212","pf":"1.988","pts":"8.318"},{"game_id":1069,"team_name":"SAS","player_id":"benchSAS","player_name":"Bench of SAS","fg":"3.893","fga":"8.240","fg_pct":"0.472","three_p":"0.534","three_pa":"1.662","three_p_pct":"0.321","ft":"2.456","fta":"2.946","ft_pct":"0.834","orb":"0.380","drb":"2.408","trb":"2.787","ast":"1.921","stl":"0.578","blk":"0.252","tov":"1.070","pf":"1.440","pts":"10.775"},{"game_id":1069,"team_name":"PHO","player_id":"{\"bridgmi01\"}","player_name":"{\"Mikal Bridges\"}","fg":"5.871","fga":"9.459","fg_pct":"0.621","three_p":"2.447","three_pa":"4.412","three_p_pct":"0.555","ft":"2.141","fta":"2.247","ft_pct":"0.953","orb":"0.800","drb":"3.435","trb":"4.235","ast":"1.647","stl":"1.682","blk":"1.024","tov":"0.835","pf":"1.718","pts":"16.329"},{"game_id":1069,"team_name":"PHO","player_id":"{\"carteje01\"}","player_name":"{\"Jevon Carter\"}","fg":"1.447","fga":"3.047","fg_pct":"0.475","three_p":"1.059","three_pa":"2.329","three_p_pct":"0.455","ft":"0.224","fta":"0.294","ft_pct":"0.762","orb":"0.059","drb":"1.012","trb":"1.071","ast":"0.635","stl":"0.435","blk":"0.000","tov":"0.153","pf":"0.506","pts":"4.176"},{"game_id":1069,"team_name":"PHO","player_id":"{\"smithja04\"}","player_name":"{\"Jalen Smith\"}","fg":"0.929","fga":"1.624","fg_pct":"0.572","three_p":"0.118","three_pa":"0.353","three_p_pct":"0.334","ft":"0.565","fta":"0.565","ft_pct":"1.000","orb":"0.235","drb":"1.176","trb":"1.412","ast":"0.000","stl":"0.082","blk":"0.153","tov":"0.365","pf":"0.494","pts":"2.541"},{"game_id":1069,"team_name":"PHO","player_id":"{\"craigto01\"}","player_name":"{\"Torrey Craig\"}","fg":"3.059","fga":"6.165","fg_pct":"0.496","three_p":"1.141","three_pa":"3.059","three_p_pct":"0.373","ft":"0.612","fta":"0.682","ft_pct":"0.897","orb":"1.506","drb":"3.494","trb":"5.000","ast":"0.941","stl":"0.529","blk":"0.624","tov":"0.588","pf":"1.835","pts":"7.871"},{"game_id":1069,"team_name":"PHO","player_id":"{\"payneca01\"}","player_name":"{\"Cameron Payne\"}","fg":"5.059","fga":"8.929","fg_pct":"0.567","three_p":"2.176","three_pa":"3.753","three_p_pct":"0.580","ft":"1.247","fta":"1.247","ft_pct":"1.000","orb":"0.318","drb":"2.506","trb":"2.824","ast":"3.906","stl":"0.624","blk":"0.482","tov":"0.518","pf":"1.353","pts":"13.541"},{"game_id":1069,"team_name":"PHO","player_id":"{\"saricda01\"}","player_name":"{\"Dario Šarić\"}","fg":"1.871","fga":"5.012","fg_pct":"0.373","three_p":"0.565","three_pa":"1.788","three_p_pct":"0.316","ft":"2.224","fta":"2.812","ft_pct":"0.791","orb":"0.400","drb":"2.482","trb":"2.882","ast":"0.753","stl":"0.635","blk":"0.082","tov":"0.694","pf":"1.835","pts":"6.529"},{"game_id":1069,"team_name":"PHO","player_id":"benchPHO","player_name":"Bench of PHO","fg":"1.592","fga":"4.194","fg_pct":"0.380","three_p":"0.400","three_pa":"1.439","three_p_pct":"0.278","ft":"0.766","fta":"0.981","ft_pct":"0.781","orb":"0.602","drb":"1.761","trb":"2.363","ast":"1.056","stl":"0.225","blk":"0.089","tov":"0.538","pf":"1.176","pts":"4.349"}]