[{"game_id":1124,"team_name":"LAC","player_id":"{\"morrima03\"}","player_name":"{\"Marcus Morris\"}","fg":"3.824","fga":"7.671","fg_pct":"0.499","three_p":"1.635","three_pa":"3.882","three_p_pct":"0.421","ft":"1.271","fta":"1.776","ft_pct":"0.716","orb":"0.659","drb":"2.765","trb":"3.424","ast":"0.835","stl":"0.271","blk":"0.388","tov":"1.153","pf":"2.859","pts":"10.553"},{"game_id":1124,"team_name":"LAC","player_id":"{\"leonaka01\"}","player_name":"{\"Kawhi Leonard\"}","fg":"9.012","fga":"15.588","fg_pct":"0.578","three_p":"2.200","three_pa":"4.718","three_p_pct":"0.466","ft":"6.200","fta":"6.894","ft_pct":"0.899","orb":"1.400","drb":"5.494","trb":"6.894","ast":"4.659","stl":"1.553","blk":"0.659","tov":"2.212","pf":"1.871","pts":"26.424"},{"game_id":1124,"team_name":"LAC","player_id":"{\"georgpa01\"}","player_name":"{\"Paul George\"}","fg":"8.106","fga":"17.800","fg_pct":"0.455","three_p":"2.459","three_pa":"7.718","three_p_pct":"0.319","ft":"3.847","fta":"4.459","ft_pct":"0.863","orb":"0.600","drb":"7.471","trb":"8.071","ast":"4.412","stl":"0.635","blk":"0.153","tov":"2.729","pf":"3.082","pts":"22.518"},{"game_id":1124,"team_name":"LAC","player_id":"{\"batumni01\"}","player_name":"{\"Nicolas Batum\"}","fg":"3.106","fga":"6.000","fg_pct":"0.518","three_p":"1.553","three_pa":"4.082","three_p_pct":"0.380","ft":"0.871","fta":"1.329","ft_pct":"0.655","orb":"0.624","drb":"4.047","trb":"4.671","ast":"1.353","stl":"1.094","blk":"0.588","tov":"0.471","pf":"0.835","pts":"8.635"},{"game_id":1124,"team_name":"LAC","player_id":"{\"jacksre01\"}","player_name":"{\"Reggie Jackson\"}","fg":"4.259","fga":"9.929","fg_pct":"0.429","three_p":"2.624","three_pa":"7.059","three_p_pct":"0.372","ft":"0.788","fta":"0.788","ft_pct":"1.000","orb":"0.318","drb":"2.494","trb":"2.812","ast":"2.271","stl":"0.459","blk":"0.212","tov":"0.882","pf":"1.459","pts":"11.929"},{"game_id":1124,"team_name":"LAC","player_id":"{\"rondora01\"}","player_name":"{\"Rajon Rondo\"}","fg":"2.612","fga":"5.494","fg_pct":"0.475","three_p":"1.341","three_pa":"2.518","three_p_pct":"0.533","ft":"0.800","fta":"1.176","ft_pct":"0.680","orb":"0.435","drb":"3.247","trb":"3.682","ast":"6.388","stl":"0.800","blk":"0.271","tov":"2.259","pf":"1.718","pts":"7.365"},{"game_id":1124,"team_name":"LAC","player_id":"benchLAC","player_name":"Bench of LAC","fg":"2.149","fga":"3.863","fg_pct":"0.556","three_p":"0.292","three_pa":"0.910","three_p_pct":"0.321","ft":"0.882","fta":"1.073","ft_pct":"0.822","orb":"1.097","drb":"1.954","trb":"3.050","ast":"0.751","stl":"0.128","blk":"0.426","tov":"0.498","pf":"1.695","pts":"5.473"},{"game_id":1124,"team_name":"DAL","player_id":"{\"richajo01\"}","player_name":"{\"Josh Richardson\"}","fg":"3.188","fga":"7.600","fg_pct":"0.419","three_p":"0.941","three_pa":"2.353","three_p_pct":"0.400","ft":"1.129","fta":"1.129","ft_pct":"1.000","orb":"0.929","drb":"1.412","trb":"2.341","ast":"1.329","stl":"0.918","blk":"0.118","tov":"0.671","pf":"1.306","pts":"8.447"},{"game_id":1124,"team_name":"DAL","player_id":"{\"caulewi01\"}","player_name":"{\"Willie Cauley-Stein\"}","fg":"1.353","fga":"1.953","fg_pct":"0.693","three_p":"0.000","three_pa":"0.047","three_p_pct":"0.000","ft":"0.694","fta":"0.812","ft_pct":"0.855","orb":"0.941","drb":"2.224","trb":"3.165","ast":"0.471","stl":"0.318","blk":"0.624","tov":"0.671","pf":"2.282","pts":"3.400"},{"game_id":1124,"team_name":"DAL","player_id":"{\"hardati02\"}","player_name":"{\"Tim Hardaway Jr.\"}","fg":"5.553","fga":"12.000","fg_pct":"0.463","three_p":"3.247","three_pa":"6.941","three_p_pct":"0.468","ft":"2.271","fta":"2.788","ft_pct":"0.815","orb":"0.506","drb":"2.082","trb":"2.588","ast":"2.294","stl":"0.447","blk":"0.106","tov":"0.871","pf":"1.765","pts":"16.624"},{"game_id":1124,"team_name":"DAL","player_id":"{\"doncilu01\"}","player_name":"{\"Luka Dončić\"}","fg":"10.094","fga":"21.918","fg_pct":"0.461","three_p":"3.306","three_pa":"9.247","three_p_pct":"0.358","ft":"3.682","fta":"6.518","ft_pct":"0.565","orb":"0.753","drb":"6.776","trb":"7.529","ast":"7.412","stl":"0.871","blk":"0.506","tov":"3.976","pf":"2.118","pts":"27.176"},{"game_id":1124,"team_name":"DAL","player_id":"{\"finnedo01\"}","player_name":"{\"Dorian Finney-Smith\"}","fg":"3.647","fga":"7.965","fg_pct":"0.458","three_p":"1.729","three_pa":"4.341","three_p_pct":"0.398","ft":"0.094","fta":"0.188","ft_pct":"0.500","orb":"1.518","drb":"3.647","trb":"5.165","ast":"1.718","stl":"0.294","blk":"0.247","tov":"1.271","pf":"2.859","pts":"9.118"},{"game_id":1124,"team_name":"DAL","player_id":"{\"porzikr01\"}","player_name":"{\"Kristaps Porziņģis\"}","fg":"6.047","fga":"12.365","fg_pct":"0.489","three_p":"1.741","three_pa":"3.894","three_p_pct":"0.447","ft":"2.659","fta":"3.165","ft_pct":"0.840","orb":"1.071","drb":"3.635","trb":"4.706","ast":"1.306","stl":"0.812","blk":"0.635","tov":"0.259","pf":"2.776","pts":"16.494"},{"game_id":1124,"team_name":"DAL","player_id":"benchDAL","player_name":"Bench of DAL","fg":"2.484","fga":"4.544","fg_pct":"0.547","three_p":"0.789","three_pa":"1.721","three_p_pct":"0.458","ft":"1.253","fta":"1.503","ft_pct":"0.834","orb":"0.861","drb":"2.381","trb":"3.242","ast":"1.755","stl":"0.232","blk":"0.262","tov":"0.497","pf":"1.338","pts":"7.011"}]