[{"game_id":1153,"team_name":"PHO","player_id":"{\"bookede01\"}","player_name":"{\"Devin Booker\"}","fg":"9.624","fga":"19.506","fg_pct":"0.493","three_p":"2.424","three_pa":"6.412","three_p_pct":"0.378","ft":"6.247","fta":"6.835","ft_pct":"0.914","orb":"0.729","drb":"6.635","trb":"7.365","ast":"4.553","stl":"0.765","blk":"0.106","tov":"3.494","pf":"2.894","pts":"27.918"},{"game_id":1153,"team_name":"PHO","player_id":"{\"aytonde01\"}","player_name":"{\"Deandre Ayton\"}","fg":"6.212","fga":"9.188","fg_pct":"0.676","three_p":"0.000","three_pa":"0.000","three_p_pct":"NaN","ft":"1.706","fta":"2.388","ft_pct":"0.714","orb":"2.318","drb":"7.835","trb":"10.153","ast":"0.635","stl":"0.506","blk":"0.424","tov":"1.047","pf":"2.412","pts":"14.129"},{"game_id":1153,"team_name":"PHO","player_id":"{\"bridgmi01\"}","player_name":"{\"Mikal Bridges\"}","fg":"4.741","fga":"10.035","fg_pct":"0.472","three_p":"1.859","three_pa":"5.412","three_p_pct":"0.343","ft":"1.565","fta":"1.847","ft_pct":"0.847","orb":"0.988","drb":"3.106","trb":"4.094","ast":"1.635","stl":"1.541","blk":"0.824","tov":"0.847","pf":"1.718","pts":"12.906"},{"game_id":1153,"team_name":"PHO","player_id":"{\"crowdja01\"}","player_name":"{\"Jae Crowder\"}","fg":"3.929","fga":"8.424","fg_pct":"0.466","three_p":"2.906","three_pa":"6.518","three_p_pct":"0.446","ft":"1.294","fta":"1.447","ft_pct":"0.894","orb":"0.235","drb":"5.129","trb":"5.365","ast":"1.753","stl":"0.647","blk":"1.235","tov":"1.024","pf":"2.424","pts":"12.059"},{"game_id":1153,"team_name":"PHO","player_id":"{\"payneca01\"}","player_name":"{\"Cameron Payne\"}","fg":"3.506","fga":"8.400","fg_pct":"0.417","three_p":"1.200","three_pa":"3.259","three_p_pct":"0.368","ft":"1.129","fta":"1.129","ft_pct":"1.000","orb":"0.341","drb":"2.376","trb":"2.718","ast":"2.624","stl":"0.918","blk":"0.635","tov":"1.424","pf":"2.235","pts":"9.341"},{"game_id":1153,"team_name":"PHO","player_id":"{\"johnsca02\"}","player_name":"{\"Cameron Johnson\"}","fg":"1.600","fga":"4.200","fg_pct":"0.381","three_p":"1.376","three_pa":"3.224","three_p_pct":"0.427","ft":"1.812","fta":"2.188","ft_pct":"0.828","orb":"0.506","drb":"1.918","trb":"2.424","ast":"0.929","stl":"1.024","blk":"0.141","tov":"0.541","pf":"0.671","pts":"6.388"},{"game_id":1153,"team_name":"PHO","player_id":"benchPHO","player_name":"Bench of PHO","fg":"2.191","fga":"4.546","fg_pct":"0.482","three_p":"0.757","three_pa":"1.735","three_p_pct":"0.436","ft":"0.786","fta":"0.914","ft_pct":"0.860","orb":"0.601","drb":"2.067","trb":"2.667","ast":"1.028","stl":"0.201","blk":"0.307","tov":"0.584","pf":"1.357","pts":"5.924"},{"game_id":1153,"team_name":"LAC","player_id":"{\"kennalu01\"}","player_name":"{\"Luke Kennard\"}","fg":"2.353","fga":"4.565","fg_pct":"0.515","three_p":"1.553","three_pa":"3.388","three_p_pct":"0.458","ft":"0.000","fta":"0.000","ft_pct":"NaN","orb":"0.235","drb":"0.741","trb":"0.976","ast":"0.306","stl":"0.212","blk":"0.000","tov":"0.082","pf":"1.412","pts":"6.259"},{"game_id":1153,"team_name":"LAC","player_id":"{\"jacksre01\"}","player_name":"{\"Reggie Jackson\"}","fg":"6.612","fga":"11.988","fg_pct":"0.552","three_p":"3.129","three_pa":"6.718","three_p_pct":"0.466","ft":"2.200","fta":"2.341","ft_pct":"0.940","orb":"0.412","drb":"1.965","trb":"2.376","ast":"3.824","stl":"1.012","blk":"0.000","tov":"1.059","pf":"3.271","pts":"18.553"},{"game_id":1153,"team_name":"LAC","player_id":"{\"georgpa01\"}","player_name":"{\"Paul George\"}","fg":"8.553","fga":"19.624","fg_pct":"0.436","three_p":"3.071","three_pa":"7.741","three_p_pct":"0.397","ft":"7.247","fta":"8.212","ft_pct":"0.882","orb":"1.365","drb":"8.212","trb":"9.576","ast":"5.447","stl":"1.094","blk":"0.824","tov":"3.976","pf":"3.741","pts":"27.424"},{"game_id":1153,"team_name":"LAC","player_id":"{\"batumni01\"}","player_name":"{\"Nicolas Batum\"}","fg":"3.494","fga":"6.906","fg_pct":"0.506","three_p":"2.212","three_pa":"4.894","three_p_pct":"0.452","ft":"1.118","fta":"1.435","ft_pct":"0.779","orb":"1.259","drb":"4.800","trb":"6.059","ast":"2.341","stl":"2.235","blk":"0.871","tov":"0.541","pf":"1.753","pts":"10.318"},{"game_id":1153,"team_name":"LAC","player_id":"{\"mannte01\"}","player_name":"{\"Terance Mann\"}","fg":"3.847","fga":"6.800","fg_pct":"0.566","three_p":"1.494","three_pa":"3.024","three_p_pct":"0.494","ft":"1.365","fta":"1.671","ft_pct":"0.817","orb":"0.671","drb":"1.635","trb":"2.306","ast":"0.729","stl":"0.729","blk":"0.118","tov":"0.118","pf":"1.929","pts":"10.553"},{"game_id":1153,"team_name":"LAC","player_id":"{\"rondora01\"}","player_name":"{\"Rajon Rondo\"}","fg":"1.047","fga":"3.682","fg_pct":"0.284","three_p":"0.541","three_pa":"2.106","three_p_pct":"0.257","ft":"0.518","fta":"0.776","ft_pct":"0.668","orb":"0.353","drb":"2.353","trb":"2.706","ast":"3.376","stl":"0.200","blk":"0.224","tov":"1.000","pf":"1.341","pts":"3.153"},{"game_id":1153,"team_name":"LAC","player_id":"benchLAC","player_name":"Bench of LAC","fg":"2.765","fga":"5.607","fg_pct":"0.493","three_p":"0.859","three_pa":"2.083","three_p_pct":"0.412","ft":"1.296","fta":"1.649","ft_pct":"0.786","orb":"0.983","drb":"2.653","trb":"3.635","ast":"1.153","stl":"0.651","blk":"0.636","tov":"0.574","pf":"2.060","pts":"7.684"}]