[{"game_id":1079,"team_name":"POR","player_id":"teamPOR","player_name":"Team name: POR","ts_pct":"0.605","efg_pct":"0.580","three_par":"0.396","ftr":"0.283","orb_pct":"5.468","drb_pct":"21.301","trb_pct":"13.753","ast_pct":"13.973","stl_pct":"1.224","blk_pct":"2.178","tov_pct":"10.274","usg_pct":"21.193","ortg":"126.343","drtg":"128.109","bpm":"0.365"},{"game_id":1079,"team_name":"DEN","player_id":"teamDEN","player_name":"Team name: DEN","ts_pct":"0.507","efg_pct":"0.474","three_par":"0.409","ftr":"0.249","orb_pct":"5.025","drb_pct":"16.040","trb_pct":"10.472","ast_pct":"14.514","stl_pct":"1.745","blk_pct":"1.984","tov_pct":"13.378","usg_pct":"20.185","ortg":"105.383","drtg":"113.969","bpm":"-1.392"}]