[{"game_id":111,"team_name":"NYK","player_id":"teamNYK","player_name":"Team name: NYK","fg":"39.520","fga":"84.486","fg_pct":"0.468","three_p":"9.731","three_pa":"26.354","three_p_pct":"0.369","ft":"17.743","fta":"23.634","ft_pct":"0.751","orb":"9.794","drb":"36.703","trb":"46.497","ast":"24.091","stl":"7.846","blk":"5.023","tov":"15.811","pf":"21.789","pts":"106.514"},{"game_id":111,"team_name":"UTA","player_id":"teamUTA","player_name":"Team name: UTA","fg":"38.554","fga":"85.920","fg_pct":"0.449","three_p":"14.280","three_pa":"37.583","three_p_pct":"0.380","ft":"14.971","fta":"20.983","ft_pct":"0.713","orb":"10.103","drb":"36.611","trb":"46.714","ast":"21.354","stl":"5.806","blk":"4.366","tov":"14.406","pf":"17.983","pts":"106.360"}]