[{"game_id":1263,"team_name":"LAC","player_id":"teamLAC","player_name":"Team name: LAC","fg":"40.457","fga":"85.754","fg_pct":"0.472","three_p":"10.754","three_pa":"30.274","three_p_pct":"0.355","ft":"21.429","fta":"26.760","ft_pct":"0.801","orb":"9.337","drb":"32.669","trb":"42.006","ast":"22.634","stl":"7.097","blk":"3.966","tov":"14.303","pf":"24.531","pts":"113.097"},{"game_id":1263,"team_name":"UTA","player_id":"teamUTA","player_name":"Team name: UTA","fg":"36.240","fga":"80.709","fg_pct":"0.449","three_p":"10.526","three_pa":"31.440","three_p_pct":"0.335","ft":"17.726","fta":"23.520","ft_pct":"0.754","orb":"7.720","drb":"36.429","trb":"44.149","ast":"21.766","stl":"8.966","blk":"4.669","tov":"16.640","pf":"22.697","pts":"100.731"}]