[{"game_id":1237,"team_name":"GSW","player_id":"teamGSW","player_name":"Team name: GSW","fg":"38.697","fga":"89.069","fg_pct":"0.434","three_p":"12.166","three_pa":"35.051","three_p_pct":"0.347","ft":"20.920","fta":"25.509","ft_pct":"0.820","orb":"11.669","drb":"32.474","trb":"44.143","ast":"27.869","stl":"7.994","blk":"3.680","tov":"15.320","pf":"21.531","pts":"110.480"},{"game_id":1237,"team_name":"PHO","player_id":"teamPHO","player_name":"Team name: PHO","fg":"41.737","fga":"88.977","fg_pct":"0.469","three_p":"11.829","three_pa":"33.251","three_p_pct":"0.356","ft":"18.897","fta":"23.846","ft_pct":"0.792","orb":"7.749","drb":"35.131","trb":"42.880","ast":"26.154","stl":"8.429","blk":"5.109","tov":"14.046","pf":"26.011","pts":"114.200"}]