[{"game_id":1046,"team_name":"MIA","player_id":"{\"dedmode01\"}","player_name":"{\"Dewayne Dedmon\"}","fg":"3.035","fga":"3.882","fg_pct":"0.782","three_p":"0.000","three_pa":"0.153","three_p_pct":"0.000","ft":"0.894","fta":"1.494","ft_pct":"0.598","orb":"1.353","drb":"3.847","trb":"5.200","ast":"1.235","stl":"0.506","blk":"0.224","tov":"0.682","pf":"2.318","pts":"6.965"},{"game_id":1046,"team_name":"MIA","player_id":"{\"adebaba01\"}","player_name":"{\"Bam Adebayo\"}","fg":"6.906","fga":"11.294","fg_pct":"0.611","three_p":"0.000","three_pa":"0.000","three_p_pct":"NaN","ft":"4.235","fta":"5.518","ft_pct":"0.767","orb":"1.788","drb":"5.212","trb":"7.000","ast":"5.753","stl":"1.894","blk":"0.753","tov":"2.494","pf":"2.824","pts":"18.047"},{"game_id":1046,"team_name":"MIA","player_id":"{\"arizatr01\"}","player_name":"{\"Trevor Ariza\"}","fg":"4.071","fga":"9.141","fg_pct":"0.445","three_p":"1.682","three_pa":"5.306","three_p_pct":"0.317","ft":"1.459","fta":"1.753","ft_pct":"0.832","orb":"1.082","drb":"4.612","trb":"5.694","ast":"1.788","stl":"1.718","blk":"0.647","tov":"0.694","pf":"2.071","pts":"11.282"},{"game_id":1046,"team_name":"MIA","player_id":"{\"butleji01\"}","player_name":"{\"Jimmy Butler\"}","fg":"6.729","fga":"13.188","fg_pct":"0.510","three_p":"0.294","three_pa":"1.588","three_p_pct":"0.185","ft":"7.671","fta":"8.718","ft_pct":"0.880","orb":"1.659","drb":"4.388","trb":"6.047","ast":"6.624","stl":"2.024","blk":"0.176","tov":"1.812","pf":"1.129","pts":"21.424"},{"game_id":1046,"team_name":"MIA","player_id":"{\"herroty01\"}","player_name":"{\"Tyler Herro\"}","fg":"6.141","fga":"11.471","fg_pct":"0.535","three_p":"2.647","three_pa":"4.894","three_p_pct":"0.541","ft":"0.447","fta":"0.600","ft_pct":"0.745","orb":"0.224","drb":"4.494","trb":"4.718","ast":"2.859","stl":"0.541","blk":"0.082","tov":"1.106","pf":"1.282","pts":"15.376"},{"game_id":1046,"team_name":"MIA","player_id":"{\"robindu01\"}","player_name":"{\"Duncan Robinson\"}","fg":"4.871","fga":"10.294","fg_pct":"0.473","three_p":"3.965","three_pa":"8.682","three_p_pct":"0.457","ft":"1.553","fta":"1.976","ft_pct":"0.786","orb":"0.118","drb":"3.247","trb":"3.365","ast":"1.694","stl":"0.541","blk":"0.259","tov":"0.988","pf":"2.682","pts":"15.259"},{"game_id":1046,"team_name":"MIA","player_id":"benchMIA","player_name":"Bench of MIA","fg":"2.627","fga":"6.100","fg_pct":"0.431","three_p":"1.030","three_pa":"2.832","three_p_pct":"0.364","ft":"0.666","fta":"0.843","ft_pct":"0.790","orb":"0.455","drb":"2.173","trb":"2.628","ast":"1.664","stl":"0.402","blk":"0.155","tov":"0.760","pf":"1.671","pts":"6.949"},{"game_id":1046,"team_name":"PHI","player_id":"{\"joeis01\"}","player_name":"{\"Isaiah Joe\"}","fg":"0.871","fga":"2.082","fg_pct":"0.418","three_p":"0.718","three_pa":"1.659","three_p_pct":"0.433","ft":"0.435","fta":"0.776","ft_pct":"0.561","orb":"0.000","drb":"0.553","trb":"0.553","ast":"0.106","stl":"0.259","blk":"0.000","tov":"0.294","pf":"0.282","pts":"2.894"},{"game_id":1046,"team_name":"PHI","player_id":"{\"scottmi01\"}","player_name":"{\"Mike Scott\"}","fg":"1.212","fga":"3.647","fg_pct":"0.332","three_p":"0.753","three_pa":"2.153","three_p_pct":"0.350","ft":"0.094","fta":"0.094","ft_pct":"1.000","orb":"0.153","drb":"1.612","trb":"1.765","ast":"0.965","stl":"0.365","blk":"0.435","tov":"0.200","pf":"0.941","pts":"3.271"},{"game_id":1046,"team_name":"PHI","player_id":"{\"reedpa01\"}","player_name":"{\"Paul Reed\"}","fg":"1.176","fga":"1.682","fg_pct":"0.699","three_p":"0.000","three_pa":"0.000","three_p_pct":"NaN","ft":"0.059","fta":"0.118","ft_pct":"0.500","orb":"0.741","drb":"0.953","trb":"1.694","ast":"0.165","stl":"0.376","blk":"0.576","tov":"0.318","pf":"0.729","pts":"2.412"},{"game_id":1046,"team_name":"PHI","player_id":"{\"harrito02\"}","player_name":"{\"Tobias Harris\"}","fg":"6.988","fga":"14.471","fg_pct":"0.483","three_p":"1.153","three_pa":"3.082","three_p_pct":"0.374","ft":"2.047","fta":"2.188","ft_pct":"0.936","orb":"0.847","drb":"4.212","trb":"5.059","ast":"3.259","stl":"0.624","blk":"0.353","tov":"1.247","pf":"1.565","pts":"17.176"},{"game_id":1046,"team_name":"PHI","player_id":"{\"simmobe01\"}","player_name":"{\"Ben Simmons\"}","fg":"5.588","fga":"9.035","fg_pct":"0.618","three_p":"0.000","three_pa":"0.047","three_p_pct":"0.000","ft":"1.306","fta":"2.600","ft_pct":"0.502","orb":"1.447","drb":"4.600","trb":"6.047","ast":"6.012","stl":"1.882","blk":"0.400","tov":"1.835","pf":"2.682","pts":"12.482"},{"game_id":1046,"team_name":"PHI","player_id":"{\"embiijo01\"}","player_name":"{\"Joel Embiid\"}","fg":"9.129","fga":"16.635","fg_pct":"0.549","three_p":"1.141","three_pa":"2.906","three_p_pct":"0.393","ft":"7.565","fta":"8.235","ft_pct":"0.919","orb":"2.494","drb":"6.729","trb":"9.224","ast":"1.906","stl":"0.588","blk":"1.212","tov":"2.800","pf":"2.129","pts":"26.965"},{"game_id":1046,"team_name":"PHI","player_id":"benchPHI","player_name":"Bench of PHI","fg":"3.275","fga":"7.249","fg_pct":"0.452","three_p":"1.515","three_pa":"3.651","three_p_pct":"0.415","ft":"1.224","fta":"1.590","ft_pct":"0.770","orb":"0.624","drb":"2.613","trb":"3.238","ast":"2.187","stl":"0.767","blk":"0.330","tov":"0.863","pf":"1.474","pts":"9.289"}]