[{"game_id":1125,"team_name":"NYK","player_id":"{\"bullore01\"}","player_name":"{\"Reggie Bullock\"}","fg":"3.624","fga":"8.812","fg_pct":"0.411","three_p":"2.318","three_pa":"6.482","three_p_pct":"0.358","ft":"0.918","fta":"1.047","ft_pct":"0.877","orb":"0.800","drb":"3.329","trb":"4.129","ast":"1.424","stl":"0.741","blk":"0.165","tov":"0.682","pf":"2.118","pts":"10.482"},{"game_id":1125,"team_name":"NYK","player_id":"{\"barrerj01\"}","player_name":"{\"RJ Barrett\"}","fg":"5.565","fga":"14.000","fg_pct":"0.398","three_p":"2.012","three_pa":"5.659","three_p_pct":"0.356","ft":"2.247","fta":"2.871","ft_pct":"0.783","orb":"0.553","drb":"5.871","trb":"6.424","ast":"2.929","stl":"0.847","blk":"0.294","tov":"0.871","pf":"2.224","pts":"15.388"},{"game_id":1125,"team_name":"NYK","player_id":"{\"randlju01\"}","player_name":"{\"Julius Randle\"}","fg":"6.506","fga":"19.388","fg_pct":"0.336","three_p":"2.082","three_pa":"6.129","three_p_pct":"0.340","ft":"5.529","fta":"6.671","ft_pct":"0.829","orb":"1.318","drb":"9.059","trb":"10.376","ast":"5.882","stl":"0.718","blk":"0.106","tov":"3.694","pf":"3.671","pts":"20.624"},{"game_id":1125,"team_name":"NYK","player_id":"{\"gibsota01\"}","player_name":"{\"Taj Gibson\"}","fg":"2.506","fga":"4.000","fg_pct":"0.626","three_p":"0.000","three_pa":"0.000","three_p_pct":"NaN","ft":"0.682","fta":"0.729","ft_pct":"0.936","orb":"2.435","drb":"3.435","trb":"5.871","ast":"1.059","stl":"0.965","blk":"1.188","tov":"0.200","pf":"2.082","pts":"5.694"},{"game_id":1125,"team_name":"NYK","player_id":"{\"rosede01\"}","player_name":"{\"Derrick Rose\"}","fg":"8.188","fga":"15.965","fg_pct":"0.513","three_p":"1.576","three_pa":"3.224","three_p_pct":"0.489","ft":"2.200","fta":"2.200","ft_pct":"1.000","orb":"0.800","drb":"3.329","trb":"4.129","ast":"4.776","stl":"0.576","blk":"0.200","tov":"1.976","pf":"0.976","pts":"20.153"},{"game_id":1125,"team_name":"NYK","player_id":"{\"burksal01\"}","player_name":"{\"Alec Burks\"}","fg":"5.047","fga":"11.482","fg_pct":"0.440","three_p":"2.306","three_pa":"5.682","three_p_pct":"0.406","ft":"2.271","fta":"2.882","ft_pct":"0.788","orb":"0.706","drb":"4.776","trb":"5.482","ast":"2.106","stl":"0.306","blk":"0.153","tov":"1.000","pf":"2.318","pts":"14.671"},{"game_id":1125,"team_name":"NYK","player_id":"benchNYK","player_name":"Bench of NYK","fg":"1.985","fga":"4.302","fg_pct":"0.461","three_p":"0.517","three_pa":"1.500","three_p_pct":"0.345","ft":"1.270","fta":"1.578","ft_pct":"0.805","orb":"0.830","drb":"2.236","trb":"3.065","ast":"0.539","stl":"0.561","blk":"0.573","tov":"0.544","pf":"1.750","pts":"5.756"},{"game_id":1125,"team_name":"ATL","player_id":"{\"willilo02\"}","player_name":"{\"Lou Williams\"}","fg":"2.624","fga":"6.012","fg_pct":"0.436","three_p":"0.600","three_pa":"1.188","three_p_pct":"0.505","ft":"0.965","fta":"0.965","ft_pct":"1.000","orb":"0.000","drb":"1.012","trb":"1.012","ast":"2.565","stl":"0.412","blk":"0.000","tov":"1.447","pf":"0.459","pts":"6.812"},{"game_id":1125,"team_name":"ATL","player_id":"{\"hillso01\"}","player_name":"{\"Solomon Hill\"}","fg":"0.659","fga":"2.141","fg_pct":"0.308","three_p":"0.541","three_pa":"1.694","three_p_pct":"0.319","ft":"0.306","fta":"0.400","ft_pct":"0.765","orb":"0.400","drb":"1.906","trb":"2.306","ast":"1.188","stl":"0.471","blk":"0.000","tov":"0.200","pf":"0.988","pts":"2.165"},{"game_id":1125,"team_name":"ATL","player_id":"{\"okongon01\"}","player_name":"{\"Onyeka Okongwu\"}","fg":"1.976","fga":"3.129","fg_pct":"0.632","three_p":"0.000","three_pa":"0.000","three_p_pct":"NaN","ft":"0.871","fta":"1.388","ft_pct":"0.628","orb":"1.788","drb":"2.212","trb":"4.000","ast":"0.553","stl":"0.353","blk":"0.553","tov":"0.776","pf":"1.729","pts":"4.824"},{"game_id":1125,"team_name":"ATL","player_id":"{\"youngtr01\"}","player_name":"{\"Trae Young\"}","fg":"8.835","fga":"18.753","fg_pct":"0.471","three_p":"1.988","three_pa":"6.682","three_p_pct":"0.298","ft":"5.612","fta":"5.859","ft_pct":"0.958","orb":"0.294","drb":"2.682","trb":"2.976","ast":"9.576","stl":"0.412","blk":"0.059","tov":"2.894","pf":"1.424","pts":"25.271"},{"game_id":1125,"team_name":"ATL","player_id":"{\"capelca01\"}","player_name":"{\"Clint Capela\"}","fg":"4.800","fga":"7.753","fg_pct":"0.619","three_p":"0.000","three_pa":"0.000","three_p_pct":"NaN","ft":"1.529","fta":"2.706","ft_pct":"0.565","orb":"3.153","drb":"9.941","trb":"13.094","ast":"0.765","stl":"0.459","blk":"1.894","tov":"1.200","pf":"1.882","pts":"11.129"},{"game_id":1125,"team_name":"ATL","player_id":"{\"collijo01\"}","player_name":"{\"John Collins\"}","fg":"5.106","fga":"9.035","fg_pct":"0.565","three_p":"1.706","three_pa":"3.435","three_p_pct":"0.497","ft":"2.906","fta":"3.188","ft_pct":"0.912","orb":"0.635","drb":"5.165","trb":"5.800","ast":"0.588","stl":"0.424","blk":"0.800","tov":"0.871","pf":"2.906","pts":"14.824"},{"game_id":1125,"team_name":"ATL","player_id":"benchATL","player_name":"Bench of ATL","fg":"4.522","fga":"10.216","fg_pct":"0.443","three_p":"2.166","three_pa":"5.523","three_p_pct":"0.392","ft":"1.310","fta":"1.573","ft_pct":"0.833","orb":"0.486","drb":"3.641","trb":"4.127","ast":"2.185","stl":"0.797","blk":"0.633","tov":"0.804","pf":"2.476","pts":"12.521"}]