[{"game_id":1162,"team_name":"ATL","player_id":"{\"huertke01\"}","player_name":"{\"Kevin Huerter\"}","ts_pct":"0.485","efg_pct":"0.474","three_par":"0.516","ftr":"0.087","orb_pct":"1.004","drb_pct":"10.540","trb_pct":"5.758","ast_pct":"11.684","stl_pct":"0.564","blk_pct":"2.240","tov_pct":"7.067","usg_pct":"16.121","ortg":"100.282","drtg":"117.271","bpm":"-0.846"},{"game_id":1162,"team_name":"ATL","player_id":"{\"willilo02\"}","player_name":"{\"Lou Williams\"}","ts_pct":"0.492","efg_pct":"0.420","three_par":"0.259","ftr":"0.325","orb_pct":"0.435","drb_pct":"12.166","trb_pct":"6.241","ast_pct":"18.622","stl_pct":"2.504","blk_pct":"0.688","tov_pct":"10.562","usg_pct":"20.856","ortg":"101.953","drtg":"113.871","bpm":"0.327"},{"game_id":1162,"team_name":"ATL","player_id":"{\"bogdabo01\"}","player_name":"{\"Bogdan Bogdanović\"}","ts_pct":"0.398","efg_pct":"0.382","three_par":"0.518","ftr":"0.093","orb_pct":"1.002","drb_pct":"8.587","trb_pct":"4.735","ast_pct":"13.000","stl_pct":"3.046","blk_pct":"0.627","tov_pct":"10.821","usg_pct":"19.628","ortg":"82.918","drtg":"113.753","bpm":"-3.198"},{"game_id":1162,"team_name":"ATL","player_id":"{\"knighna01\"}","player_name":"{\"Nathan Knight\"}","ts_pct":"0.361","efg_pct":"0.332","three_par":"0.433","ftr":"0.771","orb_pct":"4.949","drb_pct":"32.629","trb_pct":"18.956","ast_pct":"4.755","stl_pct":"0.684","blk_pct":"10.586","tov_pct":"0.000","usg_pct":"28.680","ortg":"78.788","drtg":"108.541","bpm":"-5.008"},{"game_id":1162,"team_name":"ATL","player_id":"{\"mayssk01\"}","player_name":"{\"Skylar Mays\"}","ts_pct":"0.488","efg_pct":"0.488","three_par":"0.200","ftr":"0.000","orb_pct":"0.241","drb_pct":"5.112","trb_pct":"2.789","ast_pct":"11.340","stl_pct":"2.713","blk_pct":"1.292","tov_pct":"7.414","usg_pct":"12.892","ortg":"98.565","drtg":"117.776","bpm":"-0.293"},{"game_id":1162,"team_name":"ATL","player_id":"{\"collijo01\"}","player_name":"{\"John Collins\"}","ts_pct":"0.659","efg_pct":"0.647","three_par":"0.285","ftr":"0.235","orb_pct":"9.913","drb_pct":"25.119","trb_pct":"17.402","ast_pct":"3.601","stl_pct":"0.375","blk_pct":"1.268","tov_pct":"13.746","usg_pct":"18.036","ortg":"119.965","drtg":"114.071","bpm":"0.749"},{"game_id":1162,"team_name":"ATL","player_id":"benchATL","player_name":"Bench of ATL","ts_pct":"0.460","efg_pct":"0.434","three_par":"0.237","ftr":"0.343","orb_pct":"6.545","drb_pct":"15.837","trb_pct":"11.678","ast_pct":"4.539","stl_pct":"1.704","blk_pct":"2.184","tov_pct":"9.544","usg_pct":"15.988","ortg":"97.867","drtg":"115.516","bpm":"-1.692"},{"game_id":1162,"team_name":"MIL","player_id":"{\"merrisa01\"}","player_name":"{\"Sam Merrill\"}","ts_pct":"0.307","efg_pct":"0.307","three_par":"0.489","ftr":"0.000","orb_pct":"3.976","drb_pct":"2.432","trb_pct":"3.282","ast_pct":"3.619","stl_pct":"8.378","blk_pct":"0.000","tov_pct":"4.309","usg_pct":"14.019","ortg":"69.765","drtg":"94.353","bpm":"0.076"},{"game_id":1162,"team_name":"MIL","player_id":"{\"nworajo01\"}","player_name":"{\"Jordan Nwora\"}","ts_pct":"0.229","efg_pct":"0.220","three_par":"0.318","ftr":"0.101","orb_pct":"17.056","drb_pct":"13.198","trb_pct":"14.058","ast_pct":"1.331","stl_pct":"1.284","blk_pct":"1.974","tov_pct":"12.260","usg_pct":"26.018","ortg":"58.247","drtg":"105.447","bpm":"-14.799"},{"game_id":1162,"team_name":"MIL","player_id":"{\"antetth01\"}","player_name":"{\"Thanasis Antetokounmpo\"}","ts_pct":"0.204","efg_pct":"0.071","three_par":"0.024","ftr":"0.376","orb_pct":"2.958","drb_pct":"19.291","trb_pct":"13.205","ast_pct":"3.819","stl_pct":"2.120","blk_pct":"10.529","tov_pct":"7.473","usg_pct":"6.495","ortg":"43.365","drtg":"86.918","bpm":"2.576"},{"game_id":1162,"team_name":"MIL","player_id":"{\"bryanel01\"}","player_name":"{\"Elijah Bryant\"}","ts_pct":"0.175","efg_pct":"0.171","three_par":"0.341","ftr":"0.014","orb_pct":"3.691","drb_pct":"18.683","trb_pct":"11.070","ast_pct":"5.888","stl_pct":"4.596","blk_pct":"3.817","tov_pct":"18.456","usg_pct":"15.794","ortg":"49.988","drtg":"95.778","bpm":"-0.977"},{"game_id":1162,"team_name":"MIL","player_id":"{\"diakima01\"}","player_name":"{\"Mamadi Diakite\"}","ts_pct":"0.260","efg_pct":"0.216","three_par":"0.105","ftr":"0.166","orb_pct":"1.801","drb_pct":"19.922","trb_pct":"10.704","ast_pct":"7.372","stl_pct":"3.134","blk_pct":"1.404","tov_pct":"3.824","usg_pct":"10.707","ortg":"69.482","drtg":"100.082","bpm":"-1.522"},{"game_id":1162,"team_name":"MIL","player_id":"{\"holidjr01\"}","player_name":"{\"Jrue Holiday\"}","ts_pct":"0.473","efg_pct":"0.459","three_par":"0.367","ftr":"0.135","orb_pct":"2.764","drb_pct":"9.867","trb_pct":"6.120","ast_pct":"28.301","stl_pct":"1.629","blk_pct":"1.448","tov_pct":"9.664","usg_pct":"21.919","ortg":"108.929","drtg":"109.847","bpm":"1.707"},{"game_id":1162,"team_name":"MIL","player_id":"benchMIL","player_name":"Bench of MIL","ts_pct":"0.528","efg_pct":"0.504","three_par":"0.465","ftr":"0.197","orb_pct":"5.245","drb_pct":"15.281","trb_pct":"10.109","ast_pct":"9.967","stl_pct":"1.577","blk_pct":"2.040","tov_pct":"8.842","usg_pct":"18.181","ortg":"109.443","drtg":"107.778","bpm":"1.454"}]