[{"game_id":1244,"team_name":"CHI","player_id":"{\"lavinza01\"}","player_name":"{\"Zach LaVine\"}","ts_pct":"0.549","efg_pct":"0.516","three_par":"0.344","ftr":"0.284","orb_pct":"3.505","drb_pct":"9.458","trb_pct":"6.656","ast_pct":"21.360","stl_pct":"1.932","blk_pct":"1.253","tov_pct":"14.688","usg_pct":"28.515","ortg":"102.659","drtg":"114.553","bpm":"0.982"},{"game_id":1244,"team_name":"CHI","player_id":"{\"cartewe01\"}","player_name":"{\"Wendell Carter Jr.\"}","ts_pct":"0.568","efg_pct":"0.523","three_par":"0.118","ftr":"0.463","orb_pct":"10.392","drb_pct":"24.705","trb_pct":"16.947","ast_pct":"4.978","stl_pct":"1.264","blk_pct":"3.728","tov_pct":"12.874","usg_pct":"18.767","ortg":"113.082","drtg":"112.224","bpm":"-2.701"},{"game_id":1244,"team_name":"CHI","player_id":"{\"porteot01\"}","player_name":"{\"Otto Porter Jr.\"}","ts_pct":"0.496","efg_pct":"0.441","three_par":"0.466","ftr":"0.270","orb_pct":"3.128","drb_pct":"13.160","trb_pct":"7.688","ast_pct":"7.660","stl_pct":"1.232","blk_pct":"0.607","tov_pct":"5.565","usg_pct":"18.356","ortg":"105.024","drtg":"119.518","bpm":"-3.375"},{"game_id":1244,"team_name":"CHI","player_id":"{\"youngth01\"}","player_name":"{\"Thaddeus Young\"}","ts_pct":"0.532","efg_pct":"0.530","three_par":"0.358","ftr":"0.074","orb_pct":"4.406","drb_pct":"13.534","trb_pct":"8.451","ast_pct":"14.285","stl_pct":"2.154","blk_pct":"1.132","tov_pct":"13.038","usg_pct":"21.882","ortg":"100.765","drtg":"110.729","bpm":"0.175"},{"game_id":1244,"team_name":"CHI","player_id":"{\"satorto01\"}","player_name":"{\"Tomáš Satoranský\"}","ts_pct":"0.474","efg_pct":"0.419","three_par":"0.362","ftr":"0.309","orb_pct":"3.473","drb_pct":"6.041","trb_pct":"4.640","ast_pct":"24.547","stl_pct":"1.920","blk_pct":"0.876","tov_pct":"13.724","usg_pct":"13.424","ortg":"108.188","drtg":"116.024","bpm":"-2.285"},{"game_id":1244,"team_name":"CHI","player_id":"{\"markkla01\"}","player_name":"{\"Lauri Markkanen\"}","ts_pct":"0.490","efg_pct":"0.422","three_par":"0.421","ftr":"0.368","orb_pct":"6.309","drb_pct":"29.820","trb_pct":"17.184","ast_pct":"10.186","stl_pct":"1.395","blk_pct":"2.332","tov_pct":"10.892","usg_pct":"27.880","ortg":"100.541","drtg":"108.188","bpm":"-0.446"},{"game_id":1244,"team_name":"CHI","player_id":"benchCHI","player_name":"Bench of CHI","ts_pct":"0.481","efg_pct":"0.445","three_par":"0.433","ftr":"0.181","orb_pct":"3.144","drb_pct":"12.247","trb_pct":"7.545","ast_pct":"17.015","stl_pct":"1.952","blk_pct":"1.539","tov_pct":"5.896","usg_pct":"18.210","ortg":"103.469","drtg":"112.615","bpm":"-2.047"},{"game_id":1244,"team_name":"DET","player_id":"{\"drumman01\"}","player_name":"{\"Andre Drummond\"}","ts_pct":"0.553","efg_pct":"0.545","three_par":"0.020","ftr":"0.419","orb_pct":"16.048","drb_pct":"39.161","trb_pct":"27.300","ast_pct":"10.618","stl_pct":"1.953","blk_pct":"3.892","tov_pct":"17.748","usg_pct":"25.948","ortg":"102.353","drtg":"106.529","bpm":"-0.121"},{"game_id":1244,"team_name":"DET","player_id":"{\"kennalu01\"}","player_name":"{\"Luke Kennard\"}","ts_pct":"0.569","efg_pct":"0.538","three_par":"0.491","ftr":"0.219","orb_pct":"0.435","drb_pct":"10.209","trb_pct":"5.173","ast_pct":"15.793","stl_pct":"0.560","blk_pct":"0.273","tov_pct":"6.681","usg_pct":"18.509","ortg":"119.753","drtg":"117.459","bpm":"2.176"},{"game_id":1244,"team_name":"DET","player_id":"{\"morrima02\"}","player_name":"{\"Markieff Morris\"}","ts_pct":"0.540","efg_pct":"0.519","three_par":"0.459","ftr":"0.290","orb_pct":"3.400","drb_pct":"15.631","trb_pct":"9.455","ast_pct":"9.725","stl_pct":"0.875","blk_pct":"1.713","tov_pct":"17.046","usg_pct":"19.581","ortg":"91.671","drtg":"113.035","bpm":"-5.772"},{"game_id":1244,"team_name":"DET","player_id":"{\"snellto01\"}","player_name":"{\"Tony Snell\"}","ts_pct":"0.366","efg_pct":"0.366","three_par":"0.465","ftr":"0.000","orb_pct":"3.915","drb_pct":"6.421","trb_pct":"5.311","ast_pct":"8.982","stl_pct":"0.453","blk_pct":"3.487","tov_pct":"3.342","usg_pct":"10.091","ortg":"98.729","drtg":"112.094","bpm":"-1.869"},{"game_id":1244,"team_name":"DET","player_id":"{\"rosede01\"}","player_name":"{\"Derrick Rose\"}","ts_pct":"0.561","efg_pct":"0.524","three_par":"0.061","ftr":"0.192","orb_pct":"3.333","drb_pct":"5.344","trb_pct":"4.328","ast_pct":"40.985","stl_pct":"1.341","blk_pct":"0.880","tov_pct":"14.351","usg_pct":"33.771","ortg":"108.682","drtg":"116.165","bpm":"1.431"},{"game_id":1244,"team_name":"DET","player_id":"{\"gallola01\"}","player_name":"{\"Langston Galloway\"}","ts_pct":"0.548","efg_pct":"0.508","three_par":"0.573","ftr":"0.491","orb_pct":"1.265","drb_pct":"12.224","trb_pct":"6.619","ast_pct":"6.455","stl_pct":"1.478","blk_pct":"1.859","tov_pct":"8.491","usg_pct":"16.773","ortg":"107.153","drtg":"113.953","bpm":"-1.494"},{"game_id":1244,"team_name":"DET","player_id":"benchDET","player_name":"Bench of DET","ts_pct":"0.451","efg_pct":"0.388","three_par":"0.325","ftr":"0.476","orb_pct":"3.657","drb_pct":"15.424","trb_pct":"9.457","ast_pct":"9.652","stl_pct":"1.073","blk_pct":"1.369","tov_pct":"20.442","usg_pct":"17.880","ortg":"85.751","drtg":"113.015","bpm":"-5.119"}]