[{"game_id":1256,"team_name":"IND","player_id":"teamIND","player_name":"Team name: IND","fg":"38.486","fga":"89.829","fg_pct":"0.428","three_p":"9.006","three_pa":"26.880","three_p_pct":"0.335","ft":"16.634","fta":"20.663","ft_pct":"0.805","orb":"9.949","drb":"32.491","trb":"42.440","ast":"22.371","stl":"8.709","blk":"4.634","tov":"11.469","pf":"22.983","pts":"102.611"},{"game_id":1256,"team_name":"CHI","player_id":"teamCHI","player_name":"Team name: CHI","fg":"39.011","fga":"91.606","fg_pct":"0.426","three_p":"10.240","three_pa":"32.234","three_p_pct":"0.318","ft":"16.474","fta":"21.691","ft_pct":"0.759","orb":"10.114","drb":"32.154","trb":"42.269","ast":"21.566","stl":"7.451","blk":"3.851","tov":"11.189","pf":"20.349","pts":"104.737"}]