[{"game_id":1241,"team_name":"BRK","player_id":"{\"kurucro01\"}","player_name":"{\"Rodions Kurucs\"}","ts_pct":"0.381","efg_pct":"0.378","three_par":"0.259","ftr":"0.442","orb_pct":"7.012","drb_pct":"23.304","trb_pct":"15.042","ast_pct":"5.288","stl_pct":"1.614","blk_pct":"0.000","tov_pct":"22.821","usg_pct":"16.715","ortg":"75.494","drtg":"110.671","bpm":"-5.361"},{"game_id":1241,"team_name":"BRK","player_id":"{\"musadz01\"}","player_name":"{\"Džanan Musa\"}","ts_pct":"0.376","efg_pct":"0.376","three_par":"0.400","ftr":"0.000","orb_pct":"0.000","drb_pct":"6.151","trb_pct":"2.618","ast_pct":"3.129","stl_pct":"1.979","blk_pct":"0.000","tov_pct":"19.749","usg_pct":"21.100","ortg":"58.682","drtg":"114.271","bpm":"-12.019"},{"game_id":1241,"team_name":"BRK","player_id":"{\"irvinky01\"}","player_name":"{\"Kyrie Irving\"}","ts_pct":"0.528","efg_pct":"0.464","three_par":"0.356","ftr":"0.305","orb_pct":"2.401","drb_pct":"12.333","trb_pct":"7.393","ast_pct":"33.338","stl_pct":"1.938","blk_pct":"1.155","tov_pct":"9.731","usg_pct":"32.875","ortg":"110.329","drtg":"110.235","bpm":"6.299"},{"game_id":1241,"team_name":"BRK","player_id":"{\"princta02\"}","player_name":"{\"Taurean Prince\"}","ts_pct":"0.509","efg_pct":"0.480","three_par":"0.601","ftr":"0.249","orb_pct":"1.654","drb_pct":"12.841","trb_pct":"7.215","ast_pct":"8.186","stl_pct":"1.175","blk_pct":"1.353","tov_pct":"13.002","usg_pct":"18.718","ortg":"99.071","drtg":"116.153","bpm":"-3.647"},{"game_id":1241,"team_name":"BRK","player_id":"{\"harrijo01\"}","player_name":"{\"Joe Harris\"}","ts_pct":"0.607","efg_pct":"0.582","three_par":"0.583","ftr":"0.121","orb_pct":"3.216","drb_pct":"8.860","trb_pct":"5.918","ast_pct":"4.071","stl_pct":"0.844","blk_pct":"0.247","tov_pct":"18.302","usg_pct":"15.145","ortg":"101.976","drtg":"117.082","bpm":"-3.691"},{"game_id":1241,"team_name":"BRK","player_id":"{\"leverca01\"}","player_name":"{\"Caris LeVert\"}","ts_pct":"0.584","efg_pct":"0.558","three_par":"0.339","ftr":"0.334","orb_pct":"4.256","drb_pct":"10.658","trb_pct":"7.313","ast_pct":"19.995","stl_pct":"1.553","blk_pct":"0.414","tov_pct":"17.342","usg_pct":"26.007","ortg":"106.082","drtg":"114.165","bpm":"0.516"},{"game_id":1241,"team_name":"BRK","player_id":"benchBRK","player_name":"Bench of BRK","ts_pct":"0.558","efg_pct":"0.465","three_par":"0.245","ftr":"0.691","orb_pct":"7.666","drb_pct":"18.663","trb_pct":"12.870","ast_pct":"12.976","stl_pct":"1.330","blk_pct":"2.098","tov_pct":"16.358","usg_pct":"16.914","ortg":"109.899","drtg":"113.611","bpm":"-1.420"},{"game_id":1241,"team_name":"HOU","player_id":"{\"hardeja01\"}","player_name":"{\"James Harden\"}","ts_pct":"0.601","efg_pct":"0.487","three_par":"0.556","ftr":"0.616","orb_pct":"1.876","drb_pct":"13.756","trb_pct":"7.896","ast_pct":"32.316","stl_pct":"1.993","blk_pct":"1.158","tov_pct":"13.939","usg_pct":"37.706","ortg":"120.000","drtg":"116.882","bpm":"6.160"},{"game_id":1241,"team_name":"HOU","player_id":"{\"westbru01\"}","player_name":"{\"Russell Westbrook\"}","ts_pct":"0.526","efg_pct":"0.485","three_par":"0.269","ftr":"0.332","orb_pct":"6.762","drb_pct":"23.856","trb_pct":"15.204","ast_pct":"46.795","stl_pct":"1.655","blk_pct":"1.401","tov_pct":"17.014","usg_pct":"28.440","ortg":"111.435","drtg":"113.141","bpm":"4.205"},{"game_id":1241,"team_name":"HOU","player_id":"{\"tuckepj01\"}","player_name":"{\"P.J. Tucker\"}","ts_pct":"0.720","efg_pct":"0.692","three_par":"0.601","ftr":"0.168","orb_pct":"5.807","drb_pct":"15.164","trb_pct":"10.571","ast_pct":"7.062","stl_pct":"2.158","blk_pct":"1.387","tov_pct":"8.111","usg_pct":"10.692","ortg":"147.000","drtg":"115.424","bpm":"4.433"},{"game_id":1241,"team_name":"HOU","player_id":"{\"houseda01\"}","player_name":"{\"Danuel House Jr.\"}","ts_pct":"0.535","efg_pct":"0.519","three_par":"0.755","ftr":"0.286","orb_pct":"2.625","drb_pct":"15.334","trb_pct":"8.998","ast_pct":"2.762","stl_pct":"1.015","blk_pct":"1.769","tov_pct":"7.861","usg_pct":"12.852","ortg":"101.024","drtg":"115.988","bpm":"-3.238"},{"game_id":1241,"team_name":"HOU","player_id":"{\"gordoer01\"}","player_name":"{\"Eric Gordon\"}","ts_pct":"0.504","efg_pct":"0.480","three_par":"0.666","ftr":"0.115","orb_pct":"1.431","drb_pct":"3.765","trb_pct":"2.635","ast_pct":"4.835","stl_pct":"0.654","blk_pct":"0.782","tov_pct":"8.848","usg_pct":"19.747","ortg":"100.741","drtg":"122.800","bpm":"-5.039"},{"game_id":1241,"team_name":"HOU","player_id":"{\"mclembe01\"}","player_name":"{\"Ben McLemore\"}","ts_pct":"0.501","efg_pct":"0.509","three_par":"0.770","ftr":"0.101","orb_pct":"0.889","drb_pct":"3.134","trb_pct":"2.035","ast_pct":"1.447","stl_pct":"1.669","blk_pct":"0.773","tov_pct":"7.731","usg_pct":"23.253","ortg":"89.494","drtg":"119.059","bpm":"-15.248"},{"game_id":1241,"team_name":"HOU","player_id":"benchHOU","player_name":"Bench of HOU","ts_pct":"0.575","efg_pct":"0.570","three_par":"0.232","ftr":"0.336","orb_pct":"6.524","drb_pct":"18.177","trb_pct":"12.070","ast_pct":"5.658","stl_pct":"0.866","blk_pct":"1.866","tov_pct":"13.164","usg_pct":"14.498","ortg":"112.269","drtg":"117.398","bpm":"-2.871"}]