[{"game_id":1243,"team_name":"IND","player_id":"teamIND","player_name":"Team name: IND","ts_pct":"0.487","efg_pct":"0.453","three_par":"0.314","ftr":"0.212","orb_pct":"3.778","drb_pct":"14.932","trb_pct":"9.163","ast_pct":"14.746","stl_pct":"1.611","blk_pct":"1.465","tov_pct":"10.500","usg_pct":"19.990","ortg":"101.009","drtg":"113.138","bpm":"-1.344"},{"game_id":1243,"team_name":"CLE","player_id":"teamCLE","player_name":"Team name: CLE","ts_pct":"0.521","efg_pct":"0.493","three_par":"0.357","ftr":"0.304","orb_pct":"5.655","drb_pct":"17.313","trb_pct":"11.710","ast_pct":"11.997","stl_pct":"1.661","blk_pct":"1.189","tov_pct":"12.845","usg_pct":"20.605","ortg":"104.163","drtg":"123.056","bpm":"-2.086"}]