[{"game_id":1131,"team_name":"LAC","player_id":"teamLAC","player_name":"Team name: LAC","fg":"39.783","fga":"82.589","fg_pct":"0.482","three_p":"12.594","three_pa":"36.160","three_p_pct":"0.348","ft":"17.971","fta":"21.589","ft_pct":"0.832","orb":"9.143","drb":"34.051","trb":"43.194","ast":"22.337","stl":"6.840","blk":"5.166","tov":"11.069","pf":"18.789","pts":"110.131"},{"game_id":1131,"team_name":"DAL","player_id":"teamDAL","player_name":"Team name: DAL","fg":"39.263","fga":"87.446","fg_pct":"0.449","three_p":"14.320","three_pa":"36.749","three_p_pct":"0.390","ft":"15.531","fta":"20.143","ft_pct":"0.771","orb":"9.897","drb":"30.143","trb":"40.040","ast":"22.469","stl":"5.720","blk":"2.549","tov":"10.103","pf":"20.080","pts":"108.377"}]