[{"game_id":1037,"team_name":"ATL","player_id":"teamATL","player_name":"Team name: ATL","fg":"41.371","fga":"85.320","fg_pct":"0.485","three_p":"12.171","three_pa":"31.509","three_p_pct":"0.386","ft":"18.520","fta":"22.194","ft_pct":"0.834","orb":"9.509","drb":"35.554","trb":"45.063","ast":"24.211","stl":"6.954","blk":"4.623","tov":"12.806","pf":"18.891","pts":"113.434"},{"game_id":1037,"team_name":"WAS","player_id":"teamWAS","player_name":"Team name: WAS","fg":"49.194","fga":"97.829","fg_pct":"0.503","three_p":"9.194","three_pa":"24.126","three_p_pct":"0.381","ft":"22.749","fta":"28.154","ft_pct":"0.808","orb":"11.589","drb":"35.091","trb":"46.680","ast":"28.703","stl":"7.400","blk":"6.137","tov":"11.389","pf":"21.571","pts":"130.331"}]