[{"game_id":109,"team_name":"ATL","player_id":"{\"youngtr01\"}","player_name":"{\"Trae Young\"}","fg":"8.153","fga":"19.071","fg_pct":"0.428","three_p":"2.365","three_pa":"7.000","three_p_pct":"0.338","ft":"9.624","fta":"11.318","ft_pct":"0.850","orb":"1.400","drb":"2.529","trb":"3.929","ast":"9.718","stl":"0.518","blk":"0.129","tov":"4.894","pf":"1.871","pts":"28.294"},{"game_id":109,"team_name":"ATL","player_id":"{\"huntede01\"}","player_name":"{\"De'Andre Hunter\"}","fg":"5.647","fga":"11.024","fg_pct":"0.512","three_p":"2.459","three_pa":"5.035","three_p_pct":"0.488","ft":"2.024","fta":"2.635","ft_pct":"0.768","orb":"1.094","drb":"5.776","trb":"6.871","ast":"1.835","stl":"0.400","blk":"0.482","tov":"1.212","pf":"3.082","pts":"15.776"},{"game_id":109,"team_name":"ATL","player_id":"{\"huertke01\"}","player_name":"{\"Kevin Huerter\"}","fg":"4.188","fga":"9.788","fg_pct":"0.428","three_p":"1.859","three_pa":"4.976","three_p_pct":"0.374","ft":"0.600","fta":"0.682","ft_pct":"0.880","orb":"0.953","drb":"2.471","trb":"3.424","ast":"3.376","stl":"1.376","blk":"0.212","tov":"1.318","pf":"2.482","pts":"10.835"},{"game_id":109,"team_name":"ATL","player_id":"{\"collijo01\"}","player_name":"{\"John Collins\"}","fg":"7.282","fga":"13.212","fg_pct":"0.551","three_p":"1.259","three_pa":"3.765","three_p_pct":"0.334","ft":"2.894","fta":"3.506","ft_pct":"0.825","orb":"2.400","drb":"5.482","trb":"7.882","ast":"1.753","stl":"0.753","blk":"0.965","tov":"1.282","pf":"3.435","pts":"18.718"},{"game_id":109,"team_name":"ATL","player_id":"{\"reddica01\"}","player_name":"{\"Cam Reddish\"}","fg":"3.800","fga":"9.659","fg_pct":"0.393","three_p":"1.482","three_pa":"4.141","three_p_pct":"0.358","ft":"2.000","fta":"2.553","ft_pct":"0.783","orb":"0.729","drb":"3.871","trb":"4.600","ast":"1.212","stl":"1.094","blk":"0.282","tov":"1.576","pf":"2.859","pts":"11.082"},{"game_id":109,"team_name":"ATL","player_id":"{\"capelca01\"}","player_name":"{\"Clint Capela\"}","fg":"5.012","fga":"8.212","fg_pct":"0.610","three_p":"0.000","three_pa":"0.000","three_p_pct":"NaN","ft":"0.776","fta":"2.671","ft_pct":"0.291","orb":"4.176","drb":"6.965","trb":"11.141","ast":"1.259","stl":"0.424","blk":"1.541","tov":"1.247","pf":"2.224","pts":"10.800"},{"game_id":109,"team_name":"ATL","player_id":"benchATL","player_name":"Bench of ATL","fg":"2.127","fga":"4.928","fg_pct":"0.432","three_p":"1.270","three_pa":"3.044","three_p_pct":"0.417","ft":"0.808","fta":"1.013","ft_pct":"0.798","orb":"0.555","drb":"1.704","trb":"2.259","ast":"1.239","stl":"0.302","blk":"0.106","tov":"0.837","pf":"1.222","pts":"6.332"},{"game_id":109,"team_name":"CHO","player_id":"{\"haywago01\"}","player_name":"{\"Gordon Hayward\"}","fg":"6.600","fga":"14.447","fg_pct":"0.457","three_p":"1.612","three_pa":"4.918","three_p_pct":"0.328","ft":"2.365","fta":"2.459","ft_pct":"0.962","orb":"0.376","drb":"4.918","trb":"5.294","ast":"4.012","stl":"1.341","blk":"0.353","tov":"2.024","pf":"2.588","pts":"17.176"},{"game_id":109,"team_name":"CHO","player_id":"{\"grahade01\"}","player_name":"{\"Devonte' Graham\"}","fg":"4.259","fga":"13.235","fg_pct":"0.322","three_p":"3.024","three_pa":"8.224","three_p_pct":"0.368","ft":"1.212","fta":"1.400","ft_pct":"0.866","orb":"0.400","drb":"2.271","trb":"2.671","ast":"6.035","stl":"1.294","blk":"0.000","tov":"0.965","pf":"1.400","pts":"12.753"},{"game_id":109,"team_name":"CHO","player_id":"{\"washipj01\"}","player_name":"{\"P.J. Washington\"}","fg":"4.059","fga":"9.729","fg_pct":"0.417","three_p":"1.271","three_pa":"3.482","three_p_pct":"0.365","ft":"2.165","fta":"3.271","ft_pct":"0.662","orb":"1.941","drb":"3.776","trb":"5.718","ast":"2.471","stl":"0.882","blk":"0.494","tov":"1.988","pf":"3.341","pts":"11.553"},{"game_id":109,"team_name":"CHO","player_id":"{\"roziete01\"}","player_name":"{\"Terry Rozier\"}","fg":"7.482","fga":"15.306","fg_pct":"0.489","three_p":"3.929","three_pa":"8.118","three_p_pct":"0.484","ft":"3.165","fta":"3.753","ft_pct":"0.843","orb":"0.706","drb":"2.294","trb":"3.000","ast":"3.235","stl":"0.753","blk":"0.447","tov":"2.059","pf":"2.341","pts":"22.059"},{"game_id":109,"team_name":"CHO","player_id":"{\"biyombi01\"}","player_name":"{\"Bismack Biyombo\"}","fg":"3.518","fga":"6.576","fg_pct":"0.535","three_p":"0.000","three_pa":"0.129","three_p_pct":"0.000","ft":"1.729","fta":"3.059","ft_pct":"0.565","orb":"2.988","drb":"3.882","trb":"6.871","ast":"2.741","stl":"0.141","blk":"0.988","tov":"1.294","pf":"2.671","pts":"8.765"},{"game_id":109,"team_name":"CHO","player_id":"{\"ballla01\"}","player_name":"{\"LaMelo Ball\"}","fg":"4.386","fga":"11.071","fg_pct":"0.396","three_p":"1.543","three_pa":"4.571","three_p_pct":"0.338","ft":"1.900","fta":"2.700","ft_pct":"0.704","orb":"1.671","drb":"3.243","trb":"4.914","ast":"5.243","stl":"1.957","blk":"0.486","tov":"2.229","pf":"2.629","pts":"12.214"},{"game_id":109,"team_name":"CHO","player_id":"benchCHO","player_name":"Bench of CHO","fg":"2.990","fga":"6.459","fg_pct":"0.463","three_p":"0.922","three_pa":"2.660","three_p_pct":"0.347","ft":"1.112","fta":"1.445","ft_pct":"0.770","orb":"0.791","drb":"3.442","trb":"4.233","ast":"2.164","stl":"0.806","blk":"0.665","tov":"1.331","pf":"1.498","pts":"8.014"}]