[{"game_id":1021,"team_name":"CLE","player_id":"teamCLE","player_name":"Team name: CLE","ts_pct":"0.503","efg_pct":"0.479","three_par":"0.425","ftr":"0.285","orb_pct":"4.866","drb_pct":"16.069","trb_pct":"10.132","ast_pct":"16.419","stl_pct":"1.133","blk_pct":"1.117","tov_pct":"14.995","usg_pct":"20.555","ortg":"99.323","drtg":"129.202","bpm":"-5.123"},{"game_id":1021,"team_name":"IND","player_id":"teamIND","player_name":"Team name: IND","ts_pct":"0.583","efg_pct":"0.550","three_par":"0.335","ftr":"0.245","orb_pct":"3.770","drb_pct":"13.821","trb_pct":"9.184","ast_pct":"14.729","stl_pct":"1.486","blk_pct":"2.300","tov_pct":"12.229","usg_pct":"20.020","ortg":"113.183","drtg":"118.475","bpm":"-2.452"}]