[{"game_id":1112,"team_name":"MEM","player_id":"{\"jonesty01\"}","player_name":"{\"Tyus Jones\"}","fg":"1.388","fga":"3.341","fg_pct":"0.415","three_p":"0.341","three_pa":"0.824","three_p_pct":"0.414","ft":"0.918","fta":"0.918","ft_pct":"1.000","orb":"0.141","drb":"1.400","trb":"1.541","ast":"1.588","stl":"0.259","blk":"0.000","tov":"0.329","pf":"0.565","pts":"4.035"},{"game_id":1112,"team_name":"MEM","player_id":"{\"clarkbr01\"}","player_name":"{\"Brandon Clarke\"}","fg":"3.271","fga":"6.424","fg_pct":"0.509","three_p":"0.094","three_pa":"1.212","three_p_pct":"0.078","ft":"1.459","fta":"1.882","ft_pct":"0.775","orb":"2.529","drb":"3.235","trb":"5.765","ast":"0.965","stl":"1.047","blk":"1.035","tov":"0.294","pf":"1.294","pts":"8.094"},{"game_id":1112,"team_name":"MEM","player_id":"{\"moranja01\"}","player_name":"{\"Ja Morant\"}","fg":"9.247","fga":"19.576","fg_pct":"0.472","three_p":"1.965","three_pa":"5.647","three_p_pct":"0.348","ft":"4.576","fta":"6.659","ft_pct":"0.687","orb":"1.471","drb":"3.506","trb":"4.976","ast":"6.918","stl":"1.094","blk":"0.047","tov":"3.800","pf":"1.647","pts":"25.035"},{"game_id":1112,"team_name":"MEM","player_id":"{\"valanjo01\"}","player_name":"{\"Jonas Valančiūnas\"}","fg":"7.741","fga":"12.082","fg_pct":"0.641","three_p":"0.129","three_pa":"0.518","three_p_pct":"0.249","ft":"2.918","fta":"3.882","ft_pct":"0.752","orb":"4.447","drb":"8.906","trb":"13.353","ast":"2.224","stl":"0.271","blk":"1.553","tov":"1.529","pf":"3.718","pts":"18.529"},{"game_id":1112,"team_name":"MEM","player_id":"{\"brookdi01\"}","player_name":"{\"Dillon Brooks\"}","fg":"9.165","fga":"19.859","fg_pct":"0.462","three_p":"1.329","three_pa":"4.624","three_p_pct":"0.287","ft":"2.282","fta":"3.306","ft_pct":"0.690","orb":"1.082","drb":"2.788","trb":"3.871","ast":"2.682","stl":"1.518","blk":"0.753","tov":"0.965","pf":"3.929","pts":"21.941"},{"game_id":1112,"team_name":"MEM","player_id":"{\"anderky01\"}","player_name":"{\"Kyle Anderson\"}","fg":"4.141","fga":"8.518","fg_pct":"0.486","three_p":"1.129","three_pa":"2.388","three_p_pct":"0.473","ft":"2.341","fta":"2.741","ft_pct":"0.854","orb":"0.776","drb":"4.706","trb":"5.482","ast":"4.141","stl":"1.965","blk":"1.306","tov":"1.482","pf":"2.188","pts":"11.753"},{"game_id":1112,"team_name":"MEM","player_id":"benchMEM","player_name":"Bench of MEM","fg":"2.378","fga":"6.477","fg_pct":"0.367","three_p":"1.141","three_pa":"3.627","three_p_pct":"0.315","ft":"1.485","fta":"1.814","ft_pct":"0.819","orb":"0.704","drb":"2.378","trb":"3.082","ast":"1.328","stl":"0.809","blk":"0.719","tov":"0.869","pf":"1.925","pts":"7.381"},{"game_id":1112,"team_name":"UTA","player_id":"{\"bogdabo02\"}","player_name":"{\"Bojan Bogdanović\"}","fg":"7.929","fga":"16.035","fg_pct":"0.494","three_p":"2.506","three_pa":"6.600","three_p_pct":"0.380","ft":"4.835","fta":"5.329","ft_pct":"0.907","orb":"0.671","drb":"3.729","trb":"4.400","ast":"1.612","stl":"1.000","blk":"0.000","tov":"3.224","pf":"1.788","pts":"23.200"},{"game_id":1112,"team_name":"UTA","player_id":"{\"conlemi01\"}","player_name":"{\"Mike Conley\"}","fg":"5.447","fga":"13.435","fg_pct":"0.405","three_p":"2.482","three_pa":"6.235","three_p_pct":"0.398","ft":"3.024","fta":"3.412","ft_pct":"0.886","orb":"0.647","drb":"3.612","trb":"4.259","ast":"9.788","stl":"1.153","blk":"0.494","tov":"2.047","pf":"2.565","pts":"16.400"},{"game_id":1112,"team_name":"UTA","player_id":"{\"goberru01\"}","player_name":"{\"Rudy Gobert\"}","fg":"5.812","fga":"8.141","fg_pct":"0.714","three_p":"0.000","three_pa":"0.129","three_p_pct":"0.000","ft":"3.012","fta":"5.482","ft_pct":"0.549","orb":"4.106","drb":"10.682","trb":"14.788","ast":"1.341","stl":"0.471","blk":"2.165","tov":"1.788","pf":"2.741","pts":"14.635"},{"game_id":1112,"team_name":"UTA","player_id":"{\"onealro01\"}","player_name":"{\"Royce O'Neale\"}","fg":"2.812","fga":"6.365","fg_pct":"0.442","three_p":"1.859","three_pa":"4.341","three_p_pct":"0.428","ft":"0.294","fta":"0.424","ft_pct":"0.693","orb":"1.494","drb":"4.129","trb":"5.624","ast":"2.635","stl":"0.588","blk":"0.294","tov":"1.200","pf":"2.471","pts":"7.776"},{"game_id":1112,"team_name":"UTA","player_id":"{\"mitchdo01\"}","player_name":"{\"Donovan Mitchell\"}","fg":"9.894","fga":"22.635","fg_pct":"0.437","three_p":"3.365","three_pa":"9.388","three_p_pct":"0.358","ft":"6.518","fta":"7.529","ft_pct":"0.866","orb":"0.553","drb":"3.247","trb":"3.800","ast":"3.176","stl":"0.776","blk":"0.247","tov":"2.082","pf":"2.259","pts":"29.671"},{"game_id":1112,"team_name":"UTA","player_id":"{\"inglejo01\"}","player_name":"{\"Joe Ingles\"}","fg":"3.647","fga":"8.259","fg_pct":"0.442","three_p":"2.247","three_pa":"6.047","three_p_pct":"0.372","ft":"1.282","fta":"1.388","ft_pct":"0.924","orb":"0.047","drb":"3.259","trb":"3.306","ast":"5.176","stl":"0.576","blk":"0.000","tov":"1.612","pf":"1.318","pts":"10.824"},{"game_id":1112,"team_name":"UTA","player_id":"benchUTA","player_name":"Bench of UTA","fg":"3.951","fga":"8.269","fg_pct":"0.478","three_p":"1.510","three_pa":"4.251","three_p_pct":"0.355","ft":"1.699","fta":"1.965","ft_pct":"0.865","orb":"0.839","drb":"2.629","trb":"3.469","ast":"1.346","stl":"0.530","blk":"0.401","tov":"0.789","pf":"1.722","pts":"11.111"}]