[{"game_id":1067,"team_name":"TOR","player_id":"teamTOR","player_name":"Team name: TOR","fg":"40.023","fga":"90.823","fg_pct":"0.441","three_p":"12.703","three_pa":"36.166","three_p_pct":"0.351","ft":"14.360","fta":"19.571","ft_pct":"0.734","orb":"10.120","drb":"31.177","trb":"41.297","ast":"22.491","stl":"10.131","blk":"4.011","tov":"11.663","pf":"19.600","pts":"107.109"},{"game_id":1067,"team_name":"IND","player_id":"teamIND","player_name":"Team name: IND","fg":"46.617","fga":"93.429","fg_pct":"0.499","three_p":"12.463","three_pa":"31.989","three_p_pct":"0.390","ft":"16.183","fta":"19.703","ft_pct":"0.821","orb":"8.417","drb":"35.126","trb":"43.543","ast":"30.834","stl":"8.309","blk":"6.634","tov":"13.520","pf":"19.954","pts":"121.880"}]