[{"game_id":1237,"team_name":"GSW","player_id":"{\"pascher01\"}","player_name":"{\"Eric Paschall\"}","fg":"4.611","fga":"7.778","fg_pct":"0.593","three_p":"0.000","three_pa":"0.639","three_p_pct":"0.000","ft":"1.278","fta":"1.583","ft_pct":"0.807","orb":"1.306","drb":"1.639","trb":"2.944","ast":"2.333","stl":"0.611","blk":"0.000","tov":"1.389","pf":"0.639","pts":"10.500"},{"game_id":1237,"team_name":"GSW","player_id":"{\"robingl02\"}","player_name":"{\"Glenn Robinson III\"}","fg":"2.388","fga":"6.706","fg_pct":"0.356","three_p":"0.365","three_pa":"2.259","three_p_pct":"0.162","ft":"1.271","fta":"1.482","ft_pct":"0.858","orb":"1.682","drb":"2.753","trb":"4.435","ast":"0.965","stl":"0.776","blk":"0.235","tov":"0.376","pf":"1.306","pts":"6.412"},{"game_id":1237,"team_name":"GSW","player_id":"{\"russeda01\"}","player_name":"{\"D'Angelo Russell\"}","fg":"6.635","fga":"17.682","fg_pct":"0.375","three_p":"2.553","three_pa":"7.200","three_p_pct":"0.355","ft":"2.224","fta":"2.871","ft_pct":"0.775","orb":"0.624","drb":"3.012","trb":"3.635","ast":"4.835","stl":"0.765","blk":"0.153","tov":"2.294","pf":"1.882","pts":"18.047"},{"game_id":1237,"team_name":"GSW","player_id":"{\"greendr01\"}","player_name":"{\"Draymond Green\"}","fg":"4.682","fga":"9.718","fg_pct":"0.482","three_p":"0.812","three_pa":"2.859","three_p_pct":"0.284","ft":"2.435","fta":"2.941","ft_pct":"0.828","orb":"1.365","drb":"9.129","trb":"10.494","ast":"7.776","stl":"1.776","blk":"0.694","tov":"3.694","pf":"3.294","pts":"12.612"},{"game_id":1237,"team_name":"GSW","player_id":"{\"spellom01\"}","player_name":"{\"Omari Spellman\"}","fg":"2.753","fga":"6.565","fg_pct":"0.419","three_p":"0.706","three_pa":"2.329","three_p_pct":"0.303","ft":"0.976","fta":"1.412","ft_pct":"0.691","orb":"2.471","drb":"3.553","trb":"6.024","ast":"1.447","stl":"0.776","blk":"0.682","tov":"1.094","pf":"1.365","pts":"7.188"},{"game_id":1237,"team_name":"GSW","player_id":"{\"curryst01\"}","player_name":"{\"Stephen Curry\"}","fg":"8.576","fga":"20.224","fg_pct":"0.424","three_p":"3.494","three_pa":"10.988","three_p_pct":"0.318","ft":"7.082","fta":"7.376","ft_pct":"0.960","orb":"1.306","drb":"4.153","trb":"5.459","ast":"6.706","stl":"1.400","blk":"0.118","tov":"3.118","pf":"2.412","pts":"27.729"},{"game_id":1237,"team_name":"GSW","player_id":"benchGSW","player_name":"Bench of GSW","fg":"2.049","fga":"5.650","fg_pct":"0.363","three_p":"0.634","three_pa":"1.977","three_p_pct":"0.321","ft":"1.210","fta":"1.348","ft_pct":"0.898","orb":"0.491","drb":"2.254","trb":"2.745","ast":"0.900","stl":"0.714","blk":"0.126","tov":"0.590","pf":"1.332","pts":"5.943"},{"game_id":1237,"team_name":"PHO","player_id":"{\"bookede01\"}","player_name":"{\"Devin Booker\"}","fg":"10.306","fga":"19.812","fg_pct":"0.520","three_p":"1.976","three_pa":"5.882","three_p_pct":"0.336","ft":"5.435","fta":"6.035","ft_pct":"0.901","orb":"0.576","drb":"3.176","trb":"3.753","ast":"6.435","stl":"0.494","blk":"0.353","tov":"3.671","pf":"3.847","pts":"28.024"},{"game_id":1237,"team_name":"PHO","player_id":"{\"rubiori01\"}","player_name":"{\"Ricky Rubio\"}","fg":"4.235","fga":"10.894","fg_pct":"0.389","three_p":"0.424","three_pa":"2.671","three_p_pct":"0.159","ft":"3.812","fta":"4.659","ft_pct":"0.818","orb":"0.729","drb":"4.388","trb":"5.118","ast":"8.718","stl":"2.059","blk":"0.106","tov":"3.176","pf":"3.353","pts":"12.706"},{"game_id":1237,"team_name":"PHO","player_id":"{\"oubreke01\"}","player_name":"{\"Kelly Oubre Jr.\"}","fg":"7.624","fga":"15.765","fg_pct":"0.484","three_p":"1.824","three_pa":"5.247","three_p_pct":"0.348","ft":"4.294","fta":"4.918","ft_pct":"0.873","orb":"1.412","drb":"4.141","trb":"5.553","ast":"1.718","stl":"2.153","blk":"0.894","tov":"1.976","pf":"3.153","pts":"21.365"},{"game_id":1237,"team_name":"PHO","player_id":"{\"saricda01\"}","player_name":"{\"Dario Šarić\"}","fg":"4.071","fga":"9.329","fg_pct":"0.436","three_p":"1.647","three_pa":"4.635","three_p_pct":"0.355","ft":"1.788","fta":"2.224","ft_pct":"0.804","orb":"1.012","drb":"4.776","trb":"5.788","ast":"2.165","stl":"0.459","blk":"0.200","tov":"0.929","pf":"2.271","pts":"11.576"},{"game_id":1237,"team_name":"PHO","player_id":"{\"baynear01\"}","player_name":"{\"Aron Baynes\"}","fg":"2.435","fga":"4.035","fg_pct":"0.603","three_p":"0.906","three_pa":"1.847","three_p_pct":"0.491","ft":"1.176","fta":"1.682","ft_pct":"0.699","orb":"1.129","drb":"2.588","trb":"3.718","ast":"1.082","stl":"0.106","blk":"0.353","tov":"0.765","pf":"3.424","pts":"6.953"},{"game_id":1237,"team_name":"PHO","player_id":"{\"okoboel01\"}","player_name":"{\"Elie Okobo\"}","fg":"2.694","fga":"5.118","fg_pct":"0.526","three_p":"1.047","three_pa":"2.388","three_p_pct":"0.438","ft":"0.659","fta":"0.729","ft_pct":"0.904","orb":"0.294","drb":"1.129","trb":"1.424","ast":"1.706","stl":"0.659","blk":"0.141","tov":"1.153","pf":"1.388","pts":"7.094"},{"game_id":1237,"team_name":"PHO","player_id":"benchPHO","player_name":"Bench of PHO","fg":"3.034","fga":"6.603","fg_pct":"0.459","three_p":"1.197","three_pa":"3.134","three_p_pct":"0.382","ft":"1.711","fta":"2.044","ft_pct":"0.837","orb":"0.689","drb":"3.389","trb":"4.079","ast":"1.720","stl":"0.564","blk":"0.172","tov":"1.053","pf":"2.396","pts":"8.978"}]