[{"game_id":1046,"team_name":"MIA","player_id":"teamMIA","player_name":"Team name: MIA","ts_pct":"0.568","efg_pct":"0.546","three_par":"0.397","ftr":"0.273","orb_pct":"3.863","drb_pct":"16.004","trb_pct":"9.904","ast_pct":"15.053","stl_pct":"1.618","blk_pct":"1.309","tov_pct":"9.800","usg_pct":"19.099","ortg":"115.811","drtg":"119.057","bpm":"-0.148"},{"game_id":1046,"team_name":"PHI","player_id":"teamPHI","player_name":"Team name: PHI","ts_pct":"0.652","efg_pct":"0.608","three_par":"0.486","ftr":"0.395","orb_pct":"5.643","drb_pct":"16.889","trb_pct":"11.476","ast_pct":"16.203","stl_pct":"2.653","blk_pct":"3.024","tov_pct":"12.891","usg_pct":"24.238","ortg":"131.217","drtg":"132.031","bpm":"-0.823"}]