[{"game_id":1146,"team_name":"BRK","player_id":"teamBRK","player_name":"Team name: BRK","ts_pct":"0.578","efg_pct":"0.546","three_par":"0.409","ftr":"0.190","orb_pct":"5.187","drb_pct":"17.775","trb_pct":"11.859","ast_pct":"13.797","stl_pct":"1.661","blk_pct":"2.359","tov_pct":"10.660","usg_pct":"20.960","ortg":"119.655","drtg":"127.395","bpm":"-1.029"},{"game_id":1146,"team_name":"MIL","player_id":"teamMIL","player_name":"Team name: MIL","ts_pct":"0.508","efg_pct":"0.472","three_par":"0.511","ftr":"0.214","orb_pct":"6.109","drb_pct":"17.105","trb_pct":"11.627","ast_pct":"13.928","stl_pct":"1.897","blk_pct":"2.779","tov_pct":"10.544","usg_pct":"20.456","ortg":"112.691","drtg":"121.437","bpm":"2.325"}]