[{"game_id":1003,"team_name":"POR","player_id":"teamPOR","player_name":"Team name: POR","ts_pct":"0.670","efg_pct":"0.632","three_par":"0.406","ftr":"0.303","orb_pct":"6.957","drb_pct":"20.365","trb_pct":"13.593","ast_pct":"14.812","stl_pct":"1.570","blk_pct":"2.533","tov_pct":"9.310","usg_pct":"22.419","ortg":"138.504","drtg":"133.101","bpm":"1.577"},{"game_id":1003,"team_name":"LAL","player_id":"teamLAL","player_name":"Team name: LAL","ts_pct":"0.563","efg_pct":"0.529","three_par":"0.414","ftr":"0.339","orb_pct":"5.373","drb_pct":"17.381","trb_pct":"11.108","ast_pct":"14.544","stl_pct":"1.567","blk_pct":"2.542","tov_pct":"15.391","usg_pct":"21.036","ortg":"110.960","drtg":"124.536","bpm":"-2.584"}]