[{"game_id":1126,"team_name":"POR","player_id":"teamPOR","player_name":"Team name: POR","fg":"43.337","fga":"89.966","fg_pct":"0.482","three_p":"15.937","three_pa":"38.497","three_p_pct":"0.414","ft":"19.349","fta":"23.783","ft_pct":"0.814","orb":"9.680","drb":"34.509","trb":"44.189","ast":"22.994","stl":"5.109","blk":"5.080","tov":"10.371","pf":"20.829","pts":"121.960"},{"game_id":1126,"team_name":"DEN","player_id":"teamDEN","player_name":"Team name: DEN","fg":"42.869","fga":"91.943","fg_pct":"0.466","three_p":"14.086","three_pa":"37.189","three_p_pct":"0.379","ft":"17.629","fta":"21.297","ft_pct":"0.828","orb":"11.440","drb":"32.629","trb":"44.069","ast":"25.509","stl":"6.691","blk":"3.691","tov":"10.703","pf":"20.669","pts":"117.451"}]