[{"game_id":1053,"team_name":"DET","player_id":"{\"beysa01\"}","player_name":"{\"Saddiq Bey\"}","fg":"5.671","fga":"13.341","fg_pct":"0.425","three_p":"3.506","three_pa":"7.812","three_p_pct":"0.449","ft":"1.824","fta":"2.388","ft_pct":"0.764","orb":"0.894","drb":"6.082","trb":"6.976","ast":"1.753","stl":"0.482","blk":"0.553","tov":"1.188","pf":"1.388","pts":"16.671"},{"game_id":1053,"team_name":"DET","player_id":"{\"hayeski01\"}","player_name":"{\"Killian Hayes\"}","fg":"3.753","fga":"9.518","fg_pct":"0.394","three_p":"1.188","three_pa":"3.106","three_p_pct":"0.382","ft":"0.576","fta":"0.800","ft_pct":"0.720","orb":"0.200","drb":"3.682","trb":"3.882","ast":"6.894","stl":"0.941","blk":"0.259","tov":"4.376","pf":"2.482","pts":"9.271"},{"game_id":1053,"team_name":"DET","player_id":"{\"diallha01\"}","player_name":"{\"Hamidou Diallo\"}","fg":"4.435","fga":"9.471","fg_pct":"0.468","three_p":"1.082","three_pa":"2.329","three_p_pct":"0.465","ft":"2.235","fta":"3.894","ft_pct":"0.574","orb":"1.200","drb":"4.671","trb":"5.871","ast":"0.753","stl":"0.412","blk":"0.506","tov":"1.318","pf":"2.647","pts":"12.188"},{"game_id":1053,"team_name":"DET","player_id":"{\"cookty01\"}","player_name":"{\"Tyler Cook\"}","fg":"2.565","fga":"3.624","fg_pct":"0.708","three_p":"0.118","three_pa":"0.176","three_p_pct":"0.670","ft":"0.518","fta":"1.388","ft_pct":"0.373","orb":"0.647","drb":"2.718","trb":"3.365","ast":"0.400","stl":"0.424","blk":"0.153","tov":"0.341","pf":"1.012","pts":"5.765"},{"game_id":1053,"team_name":"DET","player_id":"{\"jacksjo02\"}","player_name":"{\"Josh Jackson\"}","fg":"4.353","fga":"11.047","fg_pct":"0.394","three_p":"1.176","three_pa":"4.129","three_p_pct":"0.285","ft":"3.306","fta":"4.365","ft_pct":"0.757","orb":"0.776","drb":"2.753","trb":"3.529","ast":"2.871","stl":"0.659","blk":"0.882","tov":"3.518","pf":"3.035","pts":"13.188"},{"game_id":1053,"team_name":"DET","player_id":"{\"okafoja01\"}","player_name":"{\"Jahlil Okafor\"}","fg":"2.553","fga":"3.929","fg_pct":"0.650","three_p":"0.047","three_pa":"0.212","three_p_pct":"0.222","ft":"0.718","fta":"1.259","ft_pct":"0.570","orb":"0.612","drb":"1.988","trb":"2.600","ast":"0.435","stl":"0.400","blk":"0.141","tov":"1.400","pf":"1.976","pts":"5.871"},{"game_id":1053,"team_name":"DET","player_id":"benchDET","player_name":"Bench of DET","fg":"1.749","fga":"4.067","fg_pct":"0.430","three_p":"0.271","three_pa":"1.155","three_p_pct":"0.235","ft":"0.864","fta":"1.231","ft_pct":"0.702","orb":"0.260","drb":"2.334","trb":"2.594","ast":"2.511","stl":"0.429","blk":"0.153","tov":"0.894","pf":"1.401","pts":"4.633"},{"game_id":1053,"team_name":"DEN","player_id":"{\"bolbo01\"}","player_name":"{\"Bol Bol\"}","fg":"0.447","fga":"1.647","fg_pct":"0.271","three_p":"0.000","three_pa":"0.612","three_p_pct":"0.000","ft":"0.424","fta":"0.541","ft_pct":"0.784","orb":"0.000","drb":"0.576","trb":"0.576","ast":"0.094","stl":"0.094","blk":"0.282","tov":"0.412","pf":"0.329","pts":"1.318"},{"game_id":1053,"team_name":"DEN","player_id":"{\"howarma02\"}","player_name":"{\"Markus Howard\"}","fg":"1.624","fga":"3.882","fg_pct":"0.418","three_p":"0.941","three_pa":"2.541","three_p_pct":"0.370","ft":"0.400","fta":"0.518","ft_pct":"0.772","orb":"0.129","drb":"0.424","trb":"0.553","ast":"0.388","stl":"0.141","blk":"0.000","tov":"0.694","pf":"1.000","pts":"4.588"},{"game_id":1053,"team_name":"DEN","player_id":"{\"cancavl01\"}","player_name":"{\"Vlatko Čančar\"}","fg":"1.318","fga":"2.518","fg_pct":"0.523","three_p":"0.565","three_pa":"1.318","three_p_pct":"0.429","ft":"0.376","fta":"0.659","ft_pct":"0.571","orb":"0.412","drb":"1.118","trb":"1.529","ast":"0.659","stl":"0.047","blk":"0.000","tov":"0.247","pf":"0.471","pts":"3.576"},{"game_id":1053,"team_name":"DEN","player_id":"{\"jokicni01\"}","player_name":"{\"Nikola Jokić\"}","fg":"9.965","fga":"17.871","fg_pct":"0.558","three_p":"0.847","three_pa":"3.294","three_p_pct":"0.257","ft":"8.000","fta":"8.671","ft_pct":"0.923","orb":"2.918","drb":"7.906","trb":"10.824","ast":"6.294","stl":"0.894","blk":"0.835","tov":"3.141","pf":"2.859","pts":"28.776"},{"game_id":1053,"team_name":"DEN","player_id":"{\"portemi01\"}","player_name":"{\"Michael Porter Jr.\"}","fg":"10.118","fga":"17.271","fg_pct":"0.586","three_p":"4.235","three_pa":"8.353","three_p_pct":"0.507","ft":"1.976","fta":"2.212","ft_pct":"0.893","orb":"0.518","drb":"5.576","trb":"6.094","ast":"1.753","stl":"1.082","blk":"0.518","tov":"2.247","pf":"2.529","pts":"26.447"},{"game_id":1053,"team_name":"DEN","player_id":"{\"riverau01\"}","player_name":"{\"Austin Rivers\"}","fg":"3.729","fga":"8.541","fg_pct":"0.437","three_p":"2.600","three_pa":"5.988","three_p_pct":"0.434","ft":"0.953","fta":"1.412","ft_pct":"0.675","orb":"0.141","drb":"2.376","trb":"2.518","ast":"2.671","stl":"1.576","blk":"0.047","tov":"1.247","pf":"2.553","pts":"11.012"},{"game_id":1053,"team_name":"DEN","player_id":"benchDEN","player_name":"Bench of DEN","fg":"1.928","fga":"4.854","fg_pct":"0.397","three_p":"0.520","three_pa":"1.563","three_p_pct":"0.333","ft":"0.749","fta":"0.885","ft_pct":"0.846","orb":"0.784","drb":"2.243","trb":"3.028","ast":"1.197","stl":"0.427","blk":"0.456","tov":"0.692","pf":"1.863","pts":"5.126"}]