[{"game_id":1009,"team_name":"GSW","player_id":"teamGSW","player_name":"Team name: GSW","ts_pct":"0.508","efg_pct":"0.493","three_par":"0.384","ftr":"0.183","orb_pct":"3.847","drb_pct":"13.637","trb_pct":"9.138","ast_pct":"15.713","stl_pct":"1.788","blk_pct":"1.632","tov_pct":"14.978","usg_pct":"17.589","ortg":"108.746","drtg":"103.076","bpm":"0.628"},{"game_id":1009,"team_name":"OKC","player_id":"teamOKC","player_name":"Team name: OKC","ts_pct":"0.523","efg_pct":"0.498","three_par":"0.340","ftr":"0.273","orb_pct":"5.979","drb_pct":"17.241","trb_pct":"11.114","ast_pct":"14.829","stl_pct":"1.697","blk_pct":"1.284","tov_pct":"15.500","usg_pct":"20.401","ortg":"104.252","drtg":"125.023","bpm":"-3.915"}]