[{"game_id":1141,"team_name":"LAC","player_id":"{\"georgpa01\"}","player_name":"{\"Paul George\"}","ts_pct":"0.572","efg_pct":"0.481","three_par":"0.434","ftr":"0.458","orb_pct":"2.233","drb_pct":"24.536","trb_pct":"13.641","ast_pct":"20.972","stl_pct":"0.819","blk_pct":"1.422","tov_pct":"13.758","usg_pct":"27.452","ortg":"112.906","drtg":"115.647","bpm":"1.307"},{"game_id":1141,"team_name":"LAC","player_id":"{\"leonaka01\"}","player_name":"{\"Kawhi Leonard\"}","ts_pct":"0.683","efg_pct":"0.637","three_par":"0.276","ftr":"0.334","orb_pct":"5.948","drb_pct":"14.092","trb_pct":"10.164","ast_pct":"22.278","stl_pct":"2.625","blk_pct":"1.566","tov_pct":"9.574","usg_pct":"27.524","ortg":"135.271","drtg":"113.588","bpm":"9.866"},{"game_id":1141,"team_name":"LAC","player_id":"{\"batumni01\"}","player_name":"{\"Nicolas Batum\"}","ts_pct":"0.650","efg_pct":"0.611","three_par":"0.656","ftr":"0.307","orb_pct":"3.346","drb_pct":"16.054","trb_pct":"9.758","ast_pct":"10.268","stl_pct":"2.455","blk_pct":"1.414","tov_pct":"6.827","usg_pct":"11.185","ortg":"135.588","drtg":"114.871","bpm":"4.200"},{"game_id":1141,"team_name":"LAC","player_id":"{\"coffeam01\"}","player_name":"{\"Amir Coffey\"}","ts_pct":"0.370","efg_pct":"0.315","three_par":"0.218","ftr":"0.291","orb_pct":"1.119","drb_pct":"3.427","trb_pct":"2.315","ast_pct":"3.039","stl_pct":"0.318","blk_pct":"0.000","tov_pct":"3.678","usg_pct":"9.218","ortg":"77.824","drtg":"119.694","bpm":"-0.216"},{"game_id":1141,"team_name":"LAC","player_id":"{\"ferreyo01\"}","player_name":"{\"Yogi Ferrell\"}","ts_pct":"0.270","efg_pct":"0.256","three_par":"0.418","ftr":"0.041","orb_pct":"0.753","drb_pct":"9.793","trb_pct":"5.396","ast_pct":"19.774","stl_pct":"0.551","blk_pct":"0.699","tov_pct":"0.000","usg_pct":"11.486","ortg":"84.729","drtg":"116.176","bpm":"-1.596"},{"game_id":1141,"team_name":"LAC","player_id":"{\"jacksre01\"}","player_name":"{\"Reggie Jackson\"}","ts_pct":"0.632","efg_pct":"0.605","three_par":"0.665","ftr":"0.166","orb_pct":"1.064","drb_pct":"8.713","trb_pct":"5.009","ast_pct":"15.478","stl_pct":"0.619","blk_pct":"0.329","tov_pct":"8.589","usg_pct":"23.266","ortg":"121.918","drtg":"122.012","bpm":"2.128"},{"game_id":1141,"team_name":"LAC","player_id":"benchLAC","player_name":"Bench of LAC","ts_pct":"0.488","efg_pct":"0.456","three_par":"0.304","ftr":"0.216","orb_pct":"6.510","drb_pct":"12.673","trb_pct":"9.659","ast_pct":"6.909","stl_pct":"0.762","blk_pct":"3.415","tov_pct":"6.005","usg_pct":"13.092","ortg":"103.906","drtg":"114.944","bpm":"-2.640"},{"game_id":1141,"team_name":"UTA","player_id":"{\"onimi01\"}","player_name":"{\"Miye Oni\"}","ts_pct":"0.194","efg_pct":"0.194","three_par":"0.576","ftr":"0.000","orb_pct":"9.452","drb_pct":"0.642","trb_pct":"4.807","ast_pct":"1.567","stl_pct":"0.838","blk_pct":"0.000","tov_pct":"0.000","usg_pct":"3.159","ortg":"98.812","drtg":"118.541","bpm":"-7.828"},{"game_id":1141,"team_name":"UTA","player_id":"{\"bogdabo02\"}","player_name":"{\"Bojan Bogdanović\"}","ts_pct":"0.641","efg_pct":"0.596","three_par":"0.462","ftr":"0.336","orb_pct":"1.538","drb_pct":"13.092","trb_pct":"7.633","ast_pct":"7.602","stl_pct":"1.432","blk_pct":"0.000","tov_pct":"13.052","usg_pct":"21.292","ortg":"118.188","drtg":"115.071","bpm":"0.782"},{"game_id":1141,"team_name":"UTA","player_id":"{\"onealro01\"}","player_name":"{\"Royce O'Neale\"}","ts_pct":"0.665","efg_pct":"0.627","three_par":"0.717","ftr":"0.286","orb_pct":"4.656","drb_pct":"16.594","trb_pct":"10.859","ast_pct":"8.195","stl_pct":"1.667","blk_pct":"1.106","tov_pct":"7.299","usg_pct":"9.982","ortg":"139.176","drtg":"112.741","bpm":"3.120"},{"game_id":1141,"team_name":"UTA","player_id":"{\"ilyaser01\"}","player_name":"{\"Ersan İlyasova\"}","ts_pct":"0.578","efg_pct":"0.558","three_par":"0.696","ftr":"0.094","orb_pct":"8.060","drb_pct":"15.713","trb_pct":"12.142","ast_pct":"2.364","stl_pct":"2.200","blk_pct":"1.318","tov_pct":"14.355","usg_pct":"24.324","ortg":"101.729","drtg":"106.494","bpm":"-9.041"},{"game_id":1141,"team_name":"UTA","player_id":"{\"morgaju01\"}","player_name":"{\"Juwan Morgan\"}","ts_pct":"0.237","efg_pct":"0.237","three_par":"0.114","ftr":"0.000","orb_pct":"11.425","drb_pct":"16.231","trb_pct":"14.180","ast_pct":"5.451","stl_pct":"0.000","blk_pct":"1.005","tov_pct":"6.824","usg_pct":"8.652","ortg":"112.412","drtg":"107.412","bpm":"-4.695"},{"game_id":1141,"team_name":"UTA","player_id":"{\"thomama02\"}","player_name":"{\"Matt Thomas\"}","ts_pct":"0.275","efg_pct":"0.218","three_par":"0.391","ftr":"0.424","orb_pct":"2.424","drb_pct":"19.255","trb_pct":"10.827","ast_pct":"10.944","stl_pct":"2.329","blk_pct":"0.000","tov_pct":"5.374","usg_pct":"24.794","ortg":"63.412","drtg":"106.776","bpm":"-11.834"},{"game_id":1141,"team_name":"UTA","player_id":"benchUTA","player_name":"Bench of UTA","ts_pct":"0.585","efg_pct":"0.554","three_par":"0.400","ftr":"0.353","orb_pct":"5.636","drb_pct":"15.501","trb_pct":"10.888","ast_pct":"12.821","stl_pct":"1.090","blk_pct":"2.126","tov_pct":"13.278","usg_pct":"22.180","ortg":"115.503","drtg":"112.947","bpm":"0.847"}]