[{"game_id":1225,"team_name":"LAL","player_id":"{\"dudleja01\"}","player_name":"{\"Jared Dudley\"}","fg":"1.047","fga":"2.529","fg_pct":"0.414","three_p":"0.729","three_pa":"1.824","three_p_pct":"0.400","ft":"0.729","fta":"0.776","ft_pct":"0.939","orb":"0.376","drb":"1.047","trb":"1.424","ast":"1.482","stl":"0.494","blk":"0.176","tov":"0.553","pf":"1.882","pts":"3.553"},{"game_id":1225,"team_name":"LAL","player_id":"{\"davisan02\"}","player_name":"{\"Anthony Davis\"}","fg":"7.518","fga":"15.259","fg_pct":"0.493","three_p":"0.906","three_pa":"2.447","three_p_pct":"0.370","ft":"4.071","fta":"5.035","ft_pct":"0.809","orb":"2.412","drb":"7.094","trb":"9.506","ast":"2.800","stl":"1.341","blk":"2.447","tov":"2.753","pf":"2.118","pts":"20.012"},{"game_id":1225,"team_name":"LAL","player_id":"{\"mcgeeja01\"}","player_name":"{\"JaVale McGee\"}","fg":"4.918","fga":"7.812","fg_pct":"0.630","three_p":"0.000","three_pa":"0.376","three_p_pct":"0.000","ft":"0.718","fta":"1.600","ft_pct":"0.449","orb":"2.671","drb":"4.024","trb":"6.694","ast":"1.012","stl":"0.388","blk":"1.271","tov":"1.776","pf":"2.765","pts":"10.553"},{"game_id":1225,"team_name":"LAL","player_id":"{\"caldwke01\"}","player_name":"{\"Kentavious Caldwell-Pope\"}","fg":"5.859","fga":"15.082","fg_pct":"0.388","three_p":"2.294","three_pa":"7.176","three_p_pct":"0.320","ft":"1.659","fta":"2.247","ft_pct":"0.738","orb":"0.588","drb":"2.788","trb":"3.376","ast":"3.506","stl":"1.106","blk":"0.000","tov":"1.188","pf":"2.447","pts":"15.671"},{"game_id":1225,"team_name":"LAL","player_id":"{\"jamesle01\"}","player_name":"{\"LeBron James\"}","fg":"9.824","fga":"20.459","fg_pct":"0.480","three_p":"1.518","three_pa":"5.176","three_p_pct":"0.293","ft":"4.871","fta":"6.259","ft_pct":"0.778","orb":"1.188","drb":"6.012","trb":"7.200","ast":"10.118","stl":"0.953","blk":"0.376","tov":"4.071","pf":"1.306","pts":"26.035"},{"game_id":1225,"team_name":"LAL","player_id":"{\"bradlav01\"}","player_name":"{\"Avery Bradley\"}","fg":"4.847","fga":"10.800","fg_pct":"0.449","three_p":"1.588","three_pa":"5.188","three_p_pct":"0.306","ft":"1.082","fta":"1.153","ft_pct":"0.938","orb":"0.271","drb":"2.329","trb":"2.600","ast":"2.329","stl":"0.965","blk":"0.141","tov":"1.612","pf":"2.388","pts":"12.365"},{"game_id":1225,"team_name":"LAL","player_id":"benchLAL","player_name":"Bench of LAL","fg":"3.312","fga":"7.606","fg_pct":"0.435","three_p":"1.253","three_pa":"3.381","three_p_pct":"0.371","ft":"0.808","fta":"1.253","ft_pct":"0.645","orb":"0.920","drb":"2.643","trb":"3.563","ast":"1.914","stl":"0.793","blk":"0.403","tov":"1.220","pf":"2.258","pts":"8.685"},{"game_id":1225,"team_name":"MEM","player_id":"{\"cabocbr01\"}","player_name":"{\"Bruno Caboclo\"}","fg":"4.282","fga":"9.424","fg_pct":"0.454","three_p":"2.118","three_pa":"4.812","three_p_pct":"0.440","ft":"1.682","fta":"1.824","ft_pct":"0.922","orb":"1.541","drb":"4.659","trb":"6.200","ast":"2.012","stl":"0.447","blk":"1.318","tov":"1.482","pf":"2.165","pts":"12.365"},{"game_id":1225,"team_name":"MEM","player_id":"{\"meltode01\"}","player_name":"{\"De'Anthony Melton\"}","fg":"1.953","fga":"3.953","fg_pct":"0.494","three_p":"0.235","three_pa":"0.847","three_p_pct":"0.277","ft":"0.753","fta":"1.447","ft_pct":"0.520","orb":"0.576","drb":"1.953","trb":"2.529","ast":"2.847","stl":"1.282","blk":"0.412","tov":"1.635","pf":"1.647","pts":"4.894"},{"game_id":1225,"team_name":"MEM","player_id":"{\"crowdja01\"}","player_name":"{\"Jae Crowder\"}","fg":"3.553","fga":"9.282","fg_pct":"0.383","three_p":"2.188","three_pa":"6.635","three_p_pct":"0.330","ft":"2.188","fta":"2.871","ft_pct":"0.762","orb":"0.941","drb":"5.412","trb":"6.353","ast":"1.988","stl":"0.765","blk":"0.471","tov":"0.635","pf":"1.565","pts":"11.482"},{"game_id":1225,"team_name":"MEM","player_id":"{\"moranja01\"}","player_name":"{\"Ja Morant\"}","fg":"7.528","fga":"14.611","fg_pct":"0.515","three_p":"0.694","three_pa":"1.361","three_p_pct":"0.510","ft":"2.694","fta":"4.000","ft_pct":"0.673","orb":"1.028","drb":"2.639","trb":"3.667","ast":"6.139","stl":"1.667","blk":"0.667","tov":"5.333","pf":"2.639","pts":"18.444"},{"game_id":1225,"team_name":"MEM","player_id":"{\"gudurma01\"}","player_name":"{\"Marko Guduric\"}","fg":"2.222","fga":"5.472","fg_pct":"0.406","three_p":"0.333","three_pa":"2.278","three_p_pct":"0.146","ft":"1.028","fta":"1.028","ft_pct":"1.000","orb":"1.028","drb":"0.944","trb":"1.972","ast":"0.944","stl":"0.000","blk":"0.000","tov":"1.944","pf":"0.972","pts":"5.806"},{"game_id":1225,"team_name":"MEM","player_id":"{\"valanjo01\"}","player_name":"{\"Jonas Valančiūnas\"}","fg":"6.824","fga":"14.318","fg_pct":"0.477","three_p":"0.588","three_pa":"1.588","three_p_pct":"0.370","ft":"3.529","fta":"4.576","ft_pct":"0.771","orb":"3.306","drb":"8.765","trb":"12.071","ast":"2.094","stl":"0.612","blk":"1.565","tov":"2.694","pf":"3.071","pts":"17.765"},{"game_id":1225,"team_name":"MEM","player_id":"benchMEM","player_name":"Bench of MEM","fg":"4.008","fga":"8.801","fg_pct":"0.455","three_p":"0.977","three_pa":"2.822","three_p_pct":"0.346","ft":"1.555","fta":"2.094","ft_pct":"0.743","orb":"0.776","drb":"2.904","trb":"3.679","ast":"2.055","stl":"0.661","blk":"0.687","tov":"1.234","pf":"2.704","pts":"10.548"}]