[{"game_id":1027,"team_name":"BOS","player_id":"teamBOS","player_name":"Team name: BOS","fg":"41.823","fga":"90.777","fg_pct":"0.461","three_p":"15.417","three_pa":"40.954","three_p_pct":"0.376","ft":"17.880","fta":"22.320","ft_pct":"0.801","orb":"11.400","drb":"34.103","trb":"45.503","ast":"24.617","stl":"7.291","blk":"5.954","tov":"14.629","pf":"20.463","pts":"116.943"},{"game_id":1027,"team_name":"MIA","player_id":"teamMIA","player_name":"Team name: MIA","fg":"41.857","fga":"84.131","fg_pct":"0.498","three_p":"13.394","three_pa":"34.909","three_p_pct":"0.384","ft":"18.429","fta":"22.320","ft_pct":"0.826","orb":"7.657","drb":"30.617","trb":"38.274","ast":"26.840","stl":"9.349","blk":"2.583","tov":"10.491","pf":"19.057","pts":"115.537"}]