[{"game_id":1143,"team_name":"DEN","player_id":"teamDEN","player_name":"Team name: DEN","ts_pct":"0.629","efg_pct":"0.597","three_par":"0.534","ftr":"0.267","orb_pct":"5.245","drb_pct":"20.923","trb_pct":"12.635","ast_pct":"17.783","stl_pct":"1.781","blk_pct":"2.660","tov_pct":"12.450","usg_pct":"22.530","ortg":"137.910","drtg":"150.250","bpm":"1.687"},{"game_id":1143,"team_name":"PHO","player_id":"teamPHO","player_name":"Team name: PHO","ts_pct":"0.604","efg_pct":"0.567","three_par":"0.433","ftr":"0.254","orb_pct":"3.800","drb_pct":"16.455","trb_pct":"10.718","ast_pct":"18.345","stl_pct":"1.403","blk_pct":"2.078","tov_pct":"10.543","usg_pct":"21.282","ortg":"122.370","drtg":"113.808","bpm":"1.948"}]