[{"game_id":1135,"team_name":"UTA","player_id":"{\"onimi01\"}","player_name":"{\"Miye Oni\"}","ts_pct":"0.294","efg_pct":"0.294","three_par":"0.671","ftr":"0.000","orb_pct":"3.166","drb_pct":"1.944","trb_pct":"2.629","ast_pct":"5.138","stl_pct":"1.708","blk_pct":"0.000","tov_pct":"1.176","usg_pct":"4.058","ortg":"76.682","drtg":"114.694","bpm":"-5.989"},{"game_id":1135,"team_name":"UTA","player_id":"{\"bogdabo02\"}","player_name":"{\"Bojan Bogdanović\"}","ts_pct":"0.604","efg_pct":"0.551","three_par":"0.422","ftr":"0.325","orb_pct":"2.312","drb_pct":"12.956","trb_pct":"7.927","ast_pct":"9.136","stl_pct":"1.460","blk_pct":"0.000","tov_pct":"14.180","usg_pct":"24.225","ortg":"112.271","drtg":"114.341","bpm":"-0.291"},{"game_id":1135,"team_name":"UTA","player_id":"{\"mitchdo01\"}","player_name":"{\"Donovan Mitchell\"}","ts_pct":"0.619","efg_pct":"0.551","three_par":"0.433","ftr":"0.367","orb_pct":"1.711","drb_pct":"10.189","trb_pct":"6.269","ast_pct":"27.646","stl_pct":"1.511","blk_pct":"0.911","tov_pct":"10.531","usg_pct":"38.812","ortg":"120.859","drtg":"113.671","bpm":"6.349"},{"game_id":1135,"team_name":"UTA","player_id":"{\"onealro01\"}","player_name":"{\"Royce O'Neale\"}","ts_pct":"0.667","efg_pct":"0.665","three_par":"0.734","ftr":"0.040","orb_pct":"4.640","drb_pct":"16.218","trb_pct":"10.669","ast_pct":"8.318","stl_pct":"1.918","blk_pct":"0.854","tov_pct":"9.052","usg_pct":"11.014","ortg":"132.882","drtg":"111.788","bpm":"3.081"},{"game_id":1135,"team_name":"UTA","player_id":"{\"goberru01\"}","player_name":"{\"Rudy Gobert\"}","ts_pct":"0.728","efg_pct":"0.751","three_par":"0.012","ftr":"0.686","orb_pct":"15.665","drb_pct":"33.169","trb_pct":"24.784","ast_pct":"5.416","stl_pct":"0.340","blk_pct":"6.496","tov_pct":"12.160","usg_pct":"17.348","ortg":"139.682","drtg":"106.529","bpm":"5.046"},{"game_id":1135,"team_name":"UTA","player_id":"{\"inglejo01\"}","player_name":"{\"Joe Ingles\"}","ts_pct":"0.481","efg_pct":"0.479","three_par":"0.760","ftr":"0.134","orb_pct":"0.000","drb_pct":"12.056","trb_pct":"6.274","ast_pct":"17.556","stl_pct":"0.982","blk_pct":"0.000","tov_pct":"16.291","usg_pct":"12.261","ortg":"104.659","drtg":"116.224","bpm":"-3.551"},{"game_id":1135,"team_name":"UTA","player_id":"benchUTA","player_name":"Bench of UTA","ts_pct":"0.663","efg_pct":"0.630","three_par":"0.424","ftr":"0.220","orb_pct":"6.192","drb_pct":"16.414","trb_pct":"11.562","ast_pct":"7.341","stl_pct":"0.862","blk_pct":"2.215","tov_pct":"10.340","usg_pct":"21.696","ortg":"128.299","drtg":"113.046","bpm":"1.650"},{"game_id":1135,"team_name":"LAC","player_id":"{\"mannte01\"}","player_name":"{\"Terance Mann\"}","ts_pct":"0.470","efg_pct":"0.459","three_par":"0.129","ftr":"0.448","orb_pct":"4.933","drb_pct":"15.214","trb_pct":"10.688","ast_pct":"5.972","stl_pct":"0.872","blk_pct":"2.665","tov_pct":"1.826","usg_pct":"11.904","ortg":"100.800","drtg":"114.529","bpm":"0.229"},{"game_id":1135,"team_name":"LAC","player_id":"{\"beverpa01\"}","player_name":"{\"Patrick Beverley\"}","ts_pct":"0.379","efg_pct":"0.360","three_par":"0.422","ftr":"0.089","orb_pct":"0.918","drb_pct":"8.242","trb_pct":"5.002","ast_pct":"6.268","stl_pct":"0.618","blk_pct":"2.695","tov_pct":"6.475","usg_pct":"15.478","ortg":"81.435","drtg":"116.271","bpm":"-4.305"},{"game_id":1135,"team_name":"LAC","player_id":"{\"georgpa01\"}","player_name":"{\"Paul George\"}","ts_pct":"0.570","efg_pct":"0.501","three_par":"0.459","ftr":"0.384","orb_pct":"2.628","drb_pct":"21.468","trb_pct":"12.695","ast_pct":"22.739","stl_pct":"1.121","blk_pct":"1.894","tov_pct":"14.734","usg_pct":"27.394","ortg":"112.506","drtg":"112.400","bpm":"1.359"},{"game_id":1135,"team_name":"LAC","player_id":"{\"couside01\"}","player_name":"{\"DeMarcus Cousins\"}","ts_pct":"0.678","efg_pct":"0.637","three_par":"0.165","ftr":"0.182","orb_pct":"10.828","drb_pct":"27.768","trb_pct":"19.978","ast_pct":"12.436","stl_pct":"6.904","blk_pct":"2.938","tov_pct":"13.814","usg_pct":"24.426","ortg":"126.012","drtg":"91.929","bpm":"6.379"},{"game_id":1135,"team_name":"LAC","player_id":"{\"leonaka01\"}","player_name":"{\"Kawhi Leonard\"}","ts_pct":"0.723","efg_pct":"0.668","three_par":"0.291","ftr":"0.403","orb_pct":"4.667","drb_pct":"16.109","trb_pct":"10.699","ast_pct":"23.631","stl_pct":"2.827","blk_pct":"1.940","tov_pct":"10.088","usg_pct":"28.199","ortg":"141.000","drtg":"109.788","bpm":"12.064"},{"game_id":1135,"team_name":"LAC","player_id":"{\"morrima03\"}","player_name":"{\"Marcus Morris\"}","ts_pct":"0.590","efg_pct":"0.563","three_par":"0.520","ftr":"0.162","orb_pct":"3.700","drb_pct":"11.504","trb_pct":"7.946","ast_pct":"6.436","stl_pct":"0.758","blk_pct":"1.051","tov_pct":"4.155","usg_pct":"17.047","ortg":"117.612","drtg":"117.024","bpm":"-0.249"},{"game_id":1135,"team_name":"LAC","player_id":"benchLAC","player_name":"Bench of LAC","ts_pct":"0.552","efg_pct":"0.507","three_par":"0.534","ftr":"0.176","orb_pct":"5.026","drb_pct":"13.951","trb_pct":"9.731","ast_pct":"16.211","stl_pct":"1.100","blk_pct":"0.912","tov_pct":"11.584","usg_pct":"15.846","ortg":"119.385","drtg":"113.897","bpm":"-2.576"}]