[{"game_id":1220,"team_name":"PHO","player_id":"teamPHO","player_name":"Team name: PHO","fg":"43.006","fga":"90.017","fg_pct":"0.478","three_p":"11.829","three_pa":"33.411","three_p_pct":"0.354","ft":"19.406","fta":"24.086","ft_pct":"0.806","orb":"8.617","drb":"34.994","trb":"43.611","ast":"26.257","stl":"8.651","blk":"5.543","tov":"13.851","pf":"25.469","pts":"117.246"},{"game_id":1220,"team_name":"UTA","player_id":"teamUTA","player_name":"Team name: UTA","fg":"37.240","fga":"84.857","fg_pct":"0.439","three_p":"10.377","three_pa":"32.697","three_p_pct":"0.317","ft":"18.411","fta":"23.869","ft_pct":"0.771","orb":"9.714","drb":"37.234","trb":"46.949","ast":"23.034","stl":"7.623","blk":"4.857","tov":"16.080","pf":"23.360","pts":"103.269"}]