[{"game_id":1141,"team_name":"LAC","player_id":"teamLAC","player_name":"Team name: LAC","fg":"39.114","fga":"83.069","fg_pct":"0.471","three_p":"13.303","three_pa":"36.589","three_p_pct":"0.364","ft":"19.497","fta":"22.949","ft_pct":"0.850","orb":"9.069","drb":"32.463","trb":"41.531","ast":"21.726","stl":"6.446","blk":"4.669","tov":"9.531","pf":"20.954","pts":"111.029"},{"game_id":1141,"team_name":"UTA","player_id":"teamUTA","player_name":"Team name: UTA","fg":"40.851","fga":"86.166","fg_pct":"0.474","three_p":"16.714","three_pa":"41.566","three_p_pct":"0.402","ft":"19.640","fta":"24.360","ft_pct":"0.806","orb":"9.937","drb":"36.034","trb":"45.971","ast":"21.280","stl":"5.674","blk":"5.011","tov":"12.171","pf":"19.731","pts":"118.057"}]