[{"game_id":110,"team_name":"MIA","player_id":"{\"herroty01\"}","player_name":"{\"Tyler Herro\"}","fg":"5.424","fga":"12.376","fg_pct":"0.438","three_p":"1.706","three_pa":"5.059","three_p_pct":"0.337","ft":"1.341","fta":"1.706","ft_pct":"0.786","orb":"0.188","drb":"5.553","trb":"5.741","ast":"4.353","stl":"0.565","blk":"0.000","tov":"2.329","pf":"1.518","pts":"13.894"},{"game_id":110,"team_name":"MIA","player_id":"{\"adebaba01\"}","player_name":"{\"Bam Adebayo\"}","fg":"7.188","fga":"11.118","fg_pct":"0.647","three_p":"0.000","three_pa":"0.000","three_p_pct":"NaN","ft":"4.012","fta":"5.376","ft_pct":"0.746","orb":"1.212","drb":"6.471","trb":"7.682","ast":"4.000","stl":"1.082","blk":"0.812","tov":"2.953","pf":"2.388","pts":"18.388"},{"game_id":110,"team_name":"MIA","player_id":"{\"butleji01\"}","player_name":"{\"Jimmy Butler\"}","fg":"6.000","fga":"12.624","fg_pct":"0.475","three_p":"0.294","three_pa":"1.424","three_p_pct":"0.206","ft":"5.247","fta":"5.882","ft_pct":"0.892","orb":"1.929","drb":"4.118","trb":"6.047","ast":"7.212","stl":"2.400","blk":"0.424","tov":"2.624","pf":"1.118","pts":"17.541"},{"game_id":110,"team_name":"MIA","player_id":"{\"robindu01\"}","player_name":"{\"Duncan Robinson\"}","fg":"3.588","fga":"8.729","fg_pct":"0.411","three_p":"3.212","three_pa":"7.906","three_p_pct":"0.406","ft":"1.812","fta":"2.094","ft_pct":"0.865","orb":"0.071","drb":"3.741","trb":"3.812","ast":"1.800","stl":"0.894","blk":"0.224","tov":"1.694","pf":"2.259","pts":"12.200"},{"game_id":110,"team_name":"MIA","player_id":"{\"dragigo01\"}","player_name":"{\"Goran Dragić\"}","fg":"4.541","fga":"10.118","fg_pct":"0.449","three_p":"0.929","three_pa":"3.882","three_p_pct":"0.239","ft":"2.541","fta":"3.094","ft_pct":"0.821","orb":"0.341","drb":"2.447","trb":"2.788","ast":"5.024","stl":"0.800","blk":"0.000","tov":"2.671","pf":"2.106","pts":"12.553"},{"game_id":110,"team_name":"MIA","player_id":"{\"bradlav01\"}","player_name":"{\"Avery Bradley\"}","fg":"4.447","fga":"8.659","fg_pct":"0.514","three_p":"2.424","three_pa":"5.318","three_p_pct":"0.456","ft":"1.129","fta":"1.376","ft_pct":"0.820","orb":"0.047","drb":"1.988","trb":"2.035","ast":"1.565","stl":"1.012","blk":"0.047","tov":"0.918","pf":"2.671","pts":"12.447"},{"game_id":110,"team_name":"MIA","player_id":"benchMIA","player_name":"Bench of MIA","fg":"2.640","fga":"5.591","fg_pct":"0.472","three_p":"1.091","three_pa":"2.621","three_p_pct":"0.416","ft":"0.918","fta":"1.569","ft_pct":"0.585","orb":"0.897","drb":"3.603","trb":"4.500","ast":"1.133","stl":"0.650","blk":"0.504","tov":"1.164","pf":"2.433","pts":"7.289"},{"game_id":110,"team_name":"BOS","player_id":"{\"edwarca01\"}","player_name":"{\"Carsen Edwards\"}","fg":"1.388","fga":"3.906","fg_pct":"0.355","three_p":"0.600","three_pa":"1.718","three_p_pct":"0.349","ft":"0.200","fta":"0.600","ft_pct":"0.333","orb":"0.224","drb":"0.953","trb":"1.176","ast":"0.471","stl":"0.200","blk":"0.235","tov":"0.141","pf":"1.000","pts":"3.576"},{"game_id":110,"team_name":"BOS","player_id":"{\"tatumja01\"}","player_name":"{\"Jayson Tatum\"}","fg":"9.518","fga":"20.659","fg_pct":"0.461","three_p":"3.365","three_pa":"8.000","three_p_pct":"0.421","ft":"4.459","fta":"5.082","ft_pct":"0.877","orb":"0.518","drb":"7.012","trb":"7.529","ast":"4.741","stl":"0.953","blk":"1.024","tov":"2.035","pf":"1.659","pts":"26.859"},{"game_id":110,"team_name":"BOS","player_id":"{\"brownja02\"}","player_name":"{\"Jaylen Brown\"}","fg":"10.694","fga":"18.329","fg_pct":"0.583","three_p":"2.494","three_pa":"5.600","three_p_pct":"0.445","ft":"2.788","fta":"3.812","ft_pct":"0.731","orb":"1.047","drb":"3.871","trb":"4.918","ast":"3.059","stl":"1.635","blk":"0.506","tov":"3.212","pf":"2.353","pts":"26.671"},{"game_id":110,"team_name":"BOS","player_id":"{\"smartma01\"}","player_name":"{\"Marcus Smart\"}","fg":"4.153","fga":"10.976","fg_pct":"0.378","three_p":"2.388","three_pa":"6.318","three_p_pct":"0.378","ft":"2.776","fta":"3.671","ft_pct":"0.756","orb":"0.847","drb":"2.224","trb":"3.071","ast":"6.812","stl":"1.706","blk":"0.706","tov":"1.988","pf":"2.435","pts":"13.471"},{"game_id":110,"team_name":"BOS","player_id":"{\"willigr01\"}","player_name":"{\"Grant Williams\"}","fg":"2.059","fga":"4.129","fg_pct":"0.499","three_p":"0.765","three_pa":"1.824","three_p_pct":"0.419","ft":"0.259","fta":"0.576","ft_pct":"0.450","orb":"0.988","drb":"2.094","trb":"3.082","ast":"0.459","stl":"0.341","blk":"0.624","tov":"0.765","pf":"2.953","pts":"5.141"},{"game_id":110,"team_name":"BOS","player_id":"{\"theisda01\"}","player_name":"{\"Daniel Theis\"}","fg":"3.024","fga":"5.141","fg_pct":"0.588","three_p":"0.282","three_pa":"1.612","three_p_pct":"0.175","ft":"0.494","fta":"1.106","ft_pct":"0.447","orb":"1.259","drb":"3.576","trb":"4.835","ast":"1.047","stl":"0.353","blk":"1.059","tov":"1.012","pf":"2.788","pts":"6.824"},{"game_id":110,"team_name":"BOS","player_id":"benchBOS","player_name":"Bench of BOS","fg":"2.873","fga":"5.344","fg_pct":"0.538","three_p":"0.509","three_pa":"1.309","three_p_pct":"0.389","ft":"0.902","fta":"1.385","ft_pct":"0.651","orb":"1.522","drb":"3.411","trb":"4.933","ast":"1.534","stl":"0.678","blk":"0.695","tov":"1.344","pf":"1.772","pts":"7.157"}]