[{"game_id":100,"team_name":"GSW","player_id":"teamGSW","player_name":"Team name: GSW","fg":"39.349","fga":"88.331","fg_pct":"0.445","three_p":"12.263","three_pa":"38.006","three_p_pct":"0.323","ft":"22.640","fta":"28.914","ft_pct":"0.783","orb":"8.034","drb":"34.880","trb":"42.914","ast":"24.131","stl":"6.371","blk":"5.303","tov":"13.480","pf":"23.400","pts":"113.600"},{"game_id":100,"team_name":"SAC","player_id":"teamSAC","player_name":"Team name: SAC","fg":"42.074","fga":"90.383","fg_pct":"0.466","three_p":"11.406","three_pa":"31.583","three_p_pct":"0.361","ft":"17.503","fta":"23.246","ft_pct":"0.753","orb":"11.817","drb":"33.834","trb":"45.651","ast":"24.303","stl":"6.800","blk":"4.526","tov":"15.011","pf":"21.743","pts":"113.057"}]