[{"game_id":1130,"team_name":"PHI","player_id":"teamPHI","player_name":"Team name: PHI","fg":"43.749","fga":"88.663","fg_pct":"0.493","three_p":"11.737","three_pa":"30.743","three_p_pct":"0.382","ft":"19.566","fta":"26.337","ft_pct":"0.743","orb":"8.994","drb":"33.451","trb":"42.446","ast":"26.971","stl":"8.709","blk":"6.080","tov":"10.817","pf":"22.880","pts":"118.800"},{"game_id":1130,"team_name":"ATL","player_id":"teamATL","player_name":"Team name: ATL","fg":"40.983","fga":"87.783","fg_pct":"0.467","three_p":"12.029","three_pa":"33.623","three_p_pct":"0.358","ft":"17.806","fta":"21.703","ft_pct":"0.820","orb":"9.217","drb":"37.366","trb":"46.583","ast":"22.389","stl":"5.800","blk":"6.337","tov":"10.823","pf":"18.337","pts":"111.800"}]