[{"game_id":1226,"team_name":"CLE","player_id":"{\"thomptr01\"}","player_name":"{\"Tristan Thompson\"}","ts_pct":"0.589","efg_pct":"0.574","three_par":"0.018","ftr":"0.320","orb_pct":"12.224","drb_pct":"24.344","trb_pct":"17.841","ast_pct":"9.307","stl_pct":"0.000","blk_pct":"1.325","tov_pct":"8.876","usg_pct":"20.018","ortg":"123.388","drtg":"118.235","bpm":"0.649"},{"game_id":1226,"team_name":"CLE","player_id":"{\"loveke01\"}","player_name":"{\"Kevin Love\"}","ts_pct":"0.587","efg_pct":"0.536","three_par":"0.547","ftr":"0.345","orb_pct":"1.940","drb_pct":"43.992","trb_pct":"21.906","ast_pct":"17.220","stl_pct":"1.209","blk_pct":"0.272","tov_pct":"14.574","usg_pct":"21.785","ortg":"109.835","drtg":"109.482","bpm":"2.540"},{"game_id":1226,"team_name":"CLE","player_id":"{\"osmande01\"}","player_name":"{\"Cedi Osman\"}","ts_pct":"0.505","efg_pct":"0.469","three_par":"0.478","ftr":"0.213","orb_pct":"2.404","drb_pct":"8.725","trb_pct":"5.281","ast_pct":"7.581","stl_pct":"1.642","blk_pct":"0.000","tov_pct":"9.091","usg_pct":"15.741","ortg":"100.541","drtg":"119.447","bpm":"-3.235"},{"game_id":1226,"team_name":"CLE","player_id":"{\"nancela02\"}","player_name":"{\"Larry Nance Jr.\"}","ts_pct":"0.580","efg_pct":"0.567","three_par":"0.340","ftr":"0.147","orb_pct":"10.175","drb_pct":"31.704","trb_pct":"20.204","ast_pct":"14.358","stl_pct":"2.356","blk_pct":"2.828","tov_pct":"11.156","usg_pct":"16.591","ortg":"123.259","drtg":"111.600","bpm":"2.973"},{"game_id":1226,"team_name":"CLE","player_id":"{\"sextoco01\"}","player_name":"{\"Collin Sexton\"}","ts_pct":"0.547","efg_pct":"0.521","three_par":"0.358","ftr":"0.179","orb_pct":"2.285","drb_pct":"5.661","trb_pct":"3.860","ast_pct":"16.739","stl_pct":"0.596","blk_pct":"0.000","tov_pct":"13.248","usg_pct":"25.652","ortg":"105.094","drtg":"121.882","bpm":"-2.816"},{"game_id":1226,"team_name":"CLE","player_id":"{\"clarkjo01\"}","player_name":"{\"Jordan Clarkson\"}","ts_pct":"0.513","efg_pct":"0.482","three_par":"0.369","ftr":"0.198","orb_pct":"2.900","drb_pct":"5.916","trb_pct":"4.356","ast_pct":"13.615","stl_pct":"2.054","blk_pct":"0.000","tov_pct":"10.204","usg_pct":"26.722","ortg":"102.059","drtg":"119.012","bpm":"-0.976"},{"game_id":1226,"team_name":"CLE","player_id":"benchCLE","player_name":"Bench of CLE","ts_pct":"0.354","efg_pct":"0.325","three_par":"0.448","ftr":"0.094","orb_pct":"2.617","drb_pct":"5.105","trb_pct":"3.832","ast_pct":"18.527","stl_pct":"1.144","blk_pct":"1.604","tov_pct":"16.453","usg_pct":"18.548","ortg":"75.519","drtg":"110.443","bpm":"-8.144"},{"game_id":1226,"team_name":"CHI","player_id":"{\"lavinza01\"}","player_name":"{\"Zach LaVine\"}","ts_pct":"0.545","efg_pct":"0.507","three_par":"0.300","ftr":"0.338","orb_pct":"3.975","drb_pct":"10.956","trb_pct":"7.648","ast_pct":"23.042","stl_pct":"1.894","blk_pct":"1.398","tov_pct":"15.839","usg_pct":"30.011","ortg":"102.388","drtg":"112.776","bpm":"1.774"},{"game_id":1226,"team_name":"CHI","player_id":"{\"porteot01\"}","player_name":"{\"Otto Porter Jr.\"}","ts_pct":"0.477","efg_pct":"0.426","three_par":"0.499","ftr":"0.220","orb_pct":"2.533","drb_pct":"13.135","trb_pct":"7.419","ast_pct":"6.449","stl_pct":"1.574","blk_pct":"0.692","tov_pct":"6.501","usg_pct":"18.255","ortg":"99.765","drtg":"117.624","bpm":"-3.707"},{"game_id":1226,"team_name":"CHI","player_id":"{\"markkla01\"}","player_name":"{\"Lauri Markkanen\"}","ts_pct":"0.487","efg_pct":"0.428","three_par":"0.404","ftr":"0.327","orb_pct":"6.688","drb_pct":"28.247","trb_pct":"17.032","ast_pct":"8.889","stl_pct":"1.540","blk_pct":"2.113","tov_pct":"13.052","usg_pct":"27.859","ortg":"97.106","drtg":"107.129","bpm":"-1.139"},{"game_id":1226,"team_name":"CHI","player_id":"{\"satorto01\"}","player_name":"{\"Tomáš Satoranský\"}","ts_pct":"0.449","efg_pct":"0.400","three_par":"0.345","ftr":"0.283","orb_pct":"3.875","drb_pct":"5.488","trb_pct":"4.669","ast_pct":"22.593","stl_pct":"2.221","blk_pct":"0.969","tov_pct":"13.051","usg_pct":"13.548","ortg":"104.741","drtg":"114.424","bpm":"-2.340"},{"game_id":1226,"team_name":"CHI","player_id":"{\"cartewe01\"}","player_name":"{\"Wendell Carter Jr.\"}","ts_pct":"0.550","efg_pct":"0.511","three_par":"0.117","ftr":"0.410","orb_pct":"10.896","drb_pct":"22.927","trb_pct":"16.569","ast_pct":"6.064","stl_pct":"1.594","blk_pct":"3.142","tov_pct":"10.740","usg_pct":"17.698","ortg":"115.247","drtg":"111.341","bpm":"-2.068"},{"game_id":1226,"team_name":"CHI","player_id":"{\"youngth01\"}","player_name":"{\"Thaddeus Young\"}","ts_pct":"0.535","efg_pct":"0.534","three_par":"0.321","ftr":"0.094","orb_pct":"4.379","drb_pct":"11.568","trb_pct":"7.652","ast_pct":"15.798","stl_pct":"2.111","blk_pct":"1.281","tov_pct":"15.062","usg_pct":"20.622","ortg":"100.059","drtg":"109.341","bpm":"0.601"},{"game_id":1226,"team_name":"CHI","player_id":"benchCHI","player_name":"Bench of CHI","ts_pct":"0.482","efg_pct":"0.454","three_par":"0.408","ftr":"0.170","orb_pct":"3.003","drb_pct":"14.754","trb_pct":"8.634","ast_pct":"17.685","stl_pct":"1.708","blk_pct":"1.600","tov_pct":"6.777","usg_pct":"18.637","ortg":"103.040","drtg":"110.870","bpm":"-1.601"}]