[{"game_id":1145,"team_name":"LAC","player_id":"{\"georgpa01\"}","player_name":"{\"Paul George\"}","fg":"7.718","fga":"17.906","fg_pct":"0.431","three_p":"2.859","three_pa":"7.459","three_p_pct":"0.383","ft":"6.141","fta":"6.929","ft_pct":"0.886","orb":"0.882","drb":"7.529","trb":"8.412","ast":"5.365","stl":"0.682","blk":"0.600","tov":"3.388","pf":"3.435","pts":"24.435"},{"game_id":1145,"team_name":"LAC","player_id":"{\"morrima03\"}","player_name":"{\"Marcus Morris\"}","fg":"4.000","fga":"10.129","fg_pct":"0.395","three_p":"1.741","three_pa":"5.400","three_p_pct":"0.322","ft":"0.624","fta":"0.776","ft_pct":"0.804","orb":"1.071","drb":"3.541","trb":"4.612","ast":"1.612","stl":"0.647","blk":"0.459","tov":"0.318","pf":"2.765","pts":"10.365"},{"game_id":1145,"team_name":"LAC","player_id":"{\"leonaka01\"}","player_name":"{\"Kawhi Leonard\"}","fg":"11.247","fga":"19.435","fg_pct":"0.579","three_p":"1.965","three_pa":"5.259","three_p_pct":"0.374","ft":"5.188","fta":"5.659","ft_pct":"0.917","orb":"2.000","drb":"5.800","trb":"7.800","ast":"4.635","stl":"2.035","blk":"0.765","tov":"2.200","pf":"2.647","pts":"29.647"},{"game_id":1145,"team_name":"LAC","player_id":"{\"batumni01\"}","player_name":"{\"Nicolas Batum\"}","fg":"3.247","fga":"6.259","fg_pct":"0.519","three_p":"1.694","three_pa":"3.988","three_p_pct":"0.425","ft":"1.482","fta":"1.941","ft_pct":"0.764","orb":"1.000","drb":"4.365","trb":"5.365","ast":"2.235","stl":"1.494","blk":"0.424","tov":"0.565","pf":"1.447","pts":"9.671"},{"game_id":1145,"team_name":"LAC","player_id":"{\"jacksre01\"}","player_name":"{\"Reggie Jackson\"}","fg":"6.012","fga":"11.776","fg_pct":"0.511","three_p":"3.659","three_pa":"7.482","three_p_pct":"0.489","ft":"1.812","fta":"2.024","ft_pct":"0.895","orb":"0.224","drb":"2.459","trb":"2.682","ast":"2.659","stl":"0.494","blk":"0.047","tov":"1.165","pf":"2.953","pts":"17.494"},{"game_id":1145,"team_name":"LAC","player_id":"{\"beverpa01\"}","player_name":"{\"Patrick Beverley\"}","fg":"1.212","fga":"3.471","fg_pct":"0.349","three_p":"0.224","three_pa":"1.376","three_p_pct":"0.163","ft":"1.047","fta":"1.247","ft_pct":"0.840","orb":"0.282","drb":"0.918","trb":"1.200","ast":"0.906","stl":"0.412","blk":"0.435","tov":"0.071","pf":"1.588","pts":"3.694"},{"game_id":1145,"team_name":"LAC","player_id":"benchLAC","player_name":"Bench of LAC","fg":"1.795","fga":"3.952","fg_pct":"0.454","three_p":"0.488","three_pa":"1.340","three_p_pct":"0.364","ft":"0.799","fta":"0.983","ft_pct":"0.813","orb":"0.752","drb":"1.650","trb":"2.402","ast":"0.567","stl":"0.285","blk":"0.296","tov":"0.474","pf":"1.277","pts":"4.877"},{"game_id":1145,"team_name":"UTA","player_id":"{\"mitchdo01\"}","player_name":"{\"Donovan Mitchell\"}","fg":"11.082","fga":"23.094","fg_pct":"0.480","three_p":"4.424","three_pa":"10.000","three_p_pct":"0.442","ft":"5.365","fta":"6.447","ft_pct":"0.832","orb":"0.224","drb":"3.282","trb":"3.506","ast":"4.918","stl":"1.047","blk":"0.306","tov":"2.859","pf":"1.835","pts":"31.953"},{"game_id":1145,"team_name":"UTA","player_id":"{\"bogdabo02\"}","player_name":"{\"Bojan Bogdanović\"}","fg":"5.212","fga":"11.765","fg_pct":"0.443","three_p":"2.400","three_pa":"5.482","three_p_pct":"0.438","ft":"3.553","fta":"3.871","ft_pct":"0.918","orb":"0.341","drb":"4.247","trb":"4.588","ast":"1.659","stl":"0.871","blk":"0.000","tov":"2.047","pf":"1.835","pts":"16.376"},{"game_id":1145,"team_name":"UTA","player_id":"{\"onealro01\"}","player_name":"{\"Royce O'Neale\"}","fg":"3.424","fga":"6.776","fg_pct":"0.505","three_p":"2.412","three_pa":"5.247","three_p_pct":"0.460","ft":"1.000","fta":"1.200","ft_pct":"0.833","orb":"1.259","drb":"5.282","trb":"6.541","ast":"2.129","stl":"1.365","blk":"0.353","tov":"0.729","pf":"3.588","pts":"10.259"},{"game_id":1145,"team_name":"UTA","player_id":"{\"goberru01\"}","player_name":"{\"Rudy Gobert\"}","fg":"5.412","fga":"7.871","fg_pct":"0.688","three_p":"0.000","three_pa":"0.212","three_p_pct":"0.000","ft":"4.082","fta":"6.212","ft_pct":"0.657","orb":"3.659","drb":"10.094","trb":"13.753","ast":"0.694","stl":"0.482","blk":"2.529","tov":"1.482","pf":"3.518","pts":"14.906"},{"game_id":1145,"team_name":"UTA","player_id":"{\"clarkjo01\"}","player_name":"{\"Jordan Clarkson\"}","fg":"6.847","fga":"16.247","fg_pct":"0.421","three_p":"3.824","three_pa":"9.718","three_p_pct":"0.393","ft":"2.212","fta":"2.212","ft_pct":"1.000","orb":"0.612","drb":"1.965","trb":"2.576","ast":"1.859","stl":"0.776","blk":"0.235","tov":"2.047","pf":"1.600","pts":"19.729"},{"game_id":1145,"team_name":"UTA","player_id":"{\"inglejo01\"}","player_name":"{\"Joe Ingles\"}","fg":"3.376","fga":"7.729","fg_pct":"0.437","three_p":"2.176","three_pa":"5.635","three_p_pct":"0.386","ft":"0.941","fta":"1.212","ft_pct":"0.776","orb":"0.000","drb":"3.294","trb":"3.294","ast":"3.800","stl":"0.576","blk":"0.000","tov":"1.047","pf":"1.541","pts":"9.871"},{"game_id":1145,"team_name":"UTA","player_id":"benchUTA","player_name":"Bench of UTA","fg":"0.940","fga":"2.277","fg_pct":"0.413","three_p":"0.310","three_pa":"1.080","three_p_pct":"0.287","ft":"0.402","fta":"0.494","ft_pct":"0.814","orb":"0.631","drb":"1.167","trb":"1.797","ast":"0.486","stl":"0.202","blk":"0.183","tov":"0.486","pf":"1.159","pts":"2.593"}]