[{"game_id":1165,"team_name":"ATL","player_id":"teamATL","player_name":"Team name: ATL","ts_pct":"0.527","efg_pct":"0.501","three_par":"0.337","ftr":"0.324","orb_pct":"5.159","drb_pct":"15.413","trb_pct":"10.535","ast_pct":"11.077","stl_pct":"1.807","blk_pct":"2.253","tov_pct":"10.044","usg_pct":"20.561","ortg":"113.076","drtg":"124.938","bpm":"-0.049"},{"game_id":1165,"team_name":"MIL","player_id":"teamMIL","player_name":"Team name: MIL","ts_pct":"0.476","efg_pct":"0.450","three_par":"0.430","ftr":"0.196","orb_pct":"5.069","drb_pct":"16.118","trb_pct":"10.550","ast_pct":"11.444","stl_pct":"2.397","blk_pct":"2.752","tov_pct":"9.799","usg_pct":"18.944","ortg":"100.149","drtg":"114.874","bpm":"0.177"}]