[{"game_id":1152,"team_name":"BRK","player_id":"teamBRK","player_name":"Team name: BRK","fg":"40.903","fga":"86.354","fg_pct":"0.474","three_p":"13.966","three_pa":"35.389","three_p_pct":"0.395","ft":"15.617","fta":"18.251","ft_pct":"0.856","orb":"7.086","drb":"34.394","trb":"41.480","ast":"22.566","stl":"7.429","blk":"4.554","tov":"10.657","pf":"20.874","pts":"111.389"},{"game_id":1152,"team_name":"MIL","player_id":"teamMIL","player_name":"Team name: MIL","fg":"40.589","fga":"89.880","fg_pct":"0.452","three_p":"10.760","three_pa":"35.886","three_p_pct":"0.300","ft":"14.217","fta":"19.920","ft_pct":"0.714","orb":"11.194","drb":"39.926","trb":"51.120","ast":"20.714","stl":"6.720","blk":"4.634","tov":"13.291","pf":"17.634","pts":"106.154"}]