[{"game_id":1069,"team_name":"SAS","player_id":"teamSAS","player_name":"Team name: SAS","ts_pct":"0.564","efg_pct":"0.521","three_par":"0.309","ftr":"0.293","orb_pct":"4.770","drb_pct":"17.270","trb_pct":"10.801","ast_pct":"13.491","stl_pct":"1.526","blk_pct":"1.764","tov_pct":"11.338","usg_pct":"21.383","ortg":"116.913","drtg":"135.673","bpm":"-2.154"},{"game_id":1069,"team_name":"PHO","player_id":"teamPHO","player_name":"Team name: PHO","ts_pct":"0.674","efg_pct":"0.641","three_par":"0.479","ftr":"0.289","orb_pct":"4.461","drb_pct":"18.339","trb_pct":"11.498","ast_pct":"16.088","stl_pct":"1.391","blk_pct":"1.654","tov_pct":"10.207","usg_pct":"20.734","ortg":"135.027","drtg":"132.323","bpm":"0.283"}]