[{"game_id":1107,"team_name":"BOS","player_id":"{\"nesmiaa01\"}","player_name":"{\"Aaron Nesmith\"}","ts_pct":"0.437","efg_pct":"0.396","three_par":"0.630","ftr":"0.165","orb_pct":"3.839","drb_pct":"20.211","trb_pct":"11.426","ast_pct":"6.147","stl_pct":"1.234","blk_pct":"0.647","tov_pct":"9.176","usg_pct":"15.106","ortg":"90.765","drtg":"114.859","bpm":"-5.561"},{"game_id":1107,"team_name":"BOS","player_id":"{\"williro04\"}","player_name":"{\"Robert Williams\"}","ts_pct":"0.754","efg_pct":"0.765","three_par":"0.005","ftr":"0.459","orb_pct":"12.522","drb_pct":"22.781","trb_pct":"17.309","ast_pct":"13.329","stl_pct":"1.704","blk_pct":"8.958","tov_pct":"10.087","usg_pct":"12.920","ortg":"155.506","drtg":"111.012","bpm":"4.988"},{"game_id":1107,"team_name":"BOS","player_id":"{\"pritcpa01\"}","player_name":"{\"Payton Pritchard\"}","ts_pct":"0.289","efg_pct":"0.262","three_par":"0.739","ftr":"0.076","orb_pct":"0.821","drb_pct":"16.544","trb_pct":"8.162","ast_pct":"18.376","stl_pct":"1.533","blk_pct":"0.000","tov_pct":"4.104","usg_pct":"16.714","ortg":"74.247","drtg":"116.388","bpm":"-4.533"},{"game_id":1107,"team_name":"BOS","player_id":"{\"tatumja01\"}","player_name":"{\"Jayson Tatum\"}","ts_pct":"0.532","efg_pct":"0.465","three_par":"0.345","ftr":"0.340","orb_pct":"3.199","drb_pct":"18.195","trb_pct":"10.347","ast_pct":"16.247","stl_pct":"2.152","blk_pct":"3.762","tov_pct":"11.648","usg_pct":"33.151","ortg":"104.282","drtg":"113.106","bpm":"0.426"},{"game_id":1107,"team_name":"BOS","player_id":"{\"smartma01\"}","player_name":"{\"Marcus Smart\"}","ts_pct":"0.477","efg_pct":"0.466","three_par":"0.570","ftr":"0.195","orb_pct":"1.788","drb_pct":"9.353","trb_pct":"5.427","ast_pct":"24.751","stl_pct":"1.799","blk_pct":"0.669","tov_pct":"18.688","usg_pct":"17.753","ortg":"101.706","drtg":"121.247","bpm":"-3.248"},{"game_id":1107,"team_name":"BOS","player_id":"{\"fournev01\"}","player_name":"{\"Evan Fournier\"}","ts_pct":"0.639","efg_pct":"0.626","three_par":"0.525","ftr":"0.108","orb_pct":"2.045","drb_pct":"10.382","trb_pct":"6.064","ast_pct":"16.442","stl_pct":"1.944","blk_pct":"1.155","tov_pct":"9.820","usg_pct":"18.861","ortg":"121.576","drtg":"117.471","bpm":"3.871"},{"game_id":1107,"team_name":"BOS","player_id":"benchBOS","player_name":"Bench of BOS","ts_pct":"0.502","efg_pct":"0.501","three_par":"0.244","ftr":"0.358","orb_pct":"7.736","drb_pct":"13.732","trb_pct":"10.580","ast_pct":"12.864","stl_pct":"1.070","blk_pct":"1.565","tov_pct":"9.967","usg_pct":"17.444","ortg":"113.319","drtg":"118.830","bpm":"-0.934"},{"game_id":1107,"team_name":"BRK","player_id":"{\"johnsty01\"}","player_name":"{\"Tyler Johnson\"}","ts_pct":"0.541","efg_pct":"0.537","three_par":"0.765","ftr":"0.024","orb_pct":"0.836","drb_pct":"9.012","trb_pct":"5.411","ast_pct":"12.272","stl_pct":"0.328","blk_pct":"0.000","tov_pct":"6.159","usg_pct":"13.213","ortg":"111.976","drtg":"118.024","bpm":"-5.642"},{"game_id":1107,"team_name":"BRK","player_id":"{\"irvinky01\"}","player_name":"{\"Kyrie Irving\"}","ts_pct":"0.655","efg_pct":"0.626","three_par":"0.379","ftr":"0.157","orb_pct":"3.076","drb_pct":"10.860","trb_pct":"7.173","ast_pct":"18.194","stl_pct":"1.869","blk_pct":"3.415","tov_pct":"8.754","usg_pct":"27.453","ortg":"126.259","drtg":"111.176","bpm":"7.021"},{"game_id":1107,"team_name":"BRK","player_id":"{\"duranke01\"}","player_name":"{\"Kevin Durant\"}","ts_pct":"0.651","efg_pct":"0.574","three_par":"0.284","ftr":"0.481","orb_pct":"1.893","drb_pct":"23.521","trb_pct":"13.929","ast_pct":"28.341","stl_pct":"1.011","blk_pct":"4.401","tov_pct":"14.398","usg_pct":"30.148","ortg":"124.035","drtg":"106.741","bpm":"7.264"},{"game_id":1107,"team_name":"BRK","player_id":"{\"hardeja01\"}","player_name":"{\"James Harden\"}","ts_pct":"0.571","efg_pct":"0.527","three_par":"0.567","ftr":"0.479","orb_pct":"2.309","drb_pct":"21.812","trb_pct":"12.749","ast_pct":"45.766","stl_pct":"2.321","blk_pct":"2.107","tov_pct":"12.189","usg_pct":"25.000","ortg":"129.247","drtg":"105.859","bpm":"10.093"},{"game_id":1107,"team_name":"BRK","player_id":"{\"harrijo01\"}","player_name":"{\"Joe Harris\"}","ts_pct":"0.602","efg_pct":"0.597","three_par":"0.620","ftr":"0.032","orb_pct":"1.724","drb_pct":"10.419","trb_pct":"6.480","ast_pct":"8.538","stl_pct":"1.200","blk_pct":"0.774","tov_pct":"11.971","usg_pct":"16.694","ortg":"111.212","drtg":"116.224","bpm":"-0.825"},{"game_id":1107,"team_name":"BRK","player_id":"{\"griffbl01\"}","player_name":"{\"Blake Griffin\"}","ts_pct":"0.611","efg_pct":"0.498","three_par":"0.320","ftr":"0.253","orb_pct":"6.128","drb_pct":"9.947","trb_pct":"8.173","ast_pct":"18.822","stl_pct":"1.478","blk_pct":"0.786","tov_pct":"5.054","usg_pct":"15.900","ortg":"139.118","drtg":"113.035","bpm":"1.682"},{"game_id":1107,"team_name":"BRK","player_id":"benchBRK","player_name":"Bench of BRK","ts_pct":"0.528","efg_pct":"0.525","three_par":"0.312","ftr":"0.393","orb_pct":"7.354","drb_pct":"15.143","trb_pct":"11.858","ast_pct":"7.759","stl_pct":"1.113","blk_pct":"3.570","tov_pct":"9.699","usg_pct":"12.910","ortg":"117.736","drtg":"110.141","bpm":"-1.124"}]