[{"game_id":1107,"team_name":"BOS","player_id":"teamBOS","player_name":"Team name: BOS","fg":"39.646","fga":"90.709","fg_pct":"0.437","three_p":"14.040","three_pa":"38.874","three_p_pct":"0.361","ft":"16.183","fta":"20.937","ft_pct":"0.773","orb":"10.309","drb":"32.429","trb":"42.737","ast":"22.577","stl":"7.349","blk":"6.583","tov":"11.954","pf":"20.097","pts":"109.514"},{"game_id":1107,"team_name":"BRK","player_id":"teamBRK","player_name":"Team name: BRK","fg":"42.411","fga":"84.874","fg_pct":"0.500","three_p":"14.286","three_pa":"34.629","three_p_pct":"0.413","ft":"18.189","fta":"22.669","ft_pct":"0.802","orb":"8.646","drb":"37.017","trb":"45.663","ast":"26.411","stl":"6.549","blk":"6.674","tov":"12.137","pf":"19.909","pts":"117.297"}]