[{"game_id":1088,"team_name":"BRK","player_id":"{\"duranke01\"}","player_name":"{\"Kevin Durant\"}","fg":"8.188","fga":"16.094","fg_pct":"0.509","three_p":"1.812","three_pa":"4.965","three_p_pct":"0.365","ft":"5.553","fta":"6.071","ft_pct":"0.915","orb":"0.376","drb":"7.600","trb":"7.976","ast":"7.118","stl":"0.729","blk":"1.306","tov":"2.953","pf":"1.929","pts":"23.741"},{"game_id":1088,"team_name":"BRK","player_id":"{\"irvinky01\"}","player_name":"{\"Kyrie Irving\"}","fg":"9.424","fga":"18.094","fg_pct":"0.521","three_p":"3.647","three_pa":"7.271","three_p_pct":"0.502","ft":"2.635","fta":"2.847","ft_pct":"0.926","orb":"0.424","drb":"3.329","trb":"3.753","ast":"3.824","stl":"1.718","blk":"1.176","tov":"1.729","pf":"2.412","pts":"25.129"},{"game_id":1088,"team_name":"BRK","player_id":"{\"harrijo01\"}","player_name":"{\"Joe Harris\"}","fg":"4.388","fga":"10.024","fg_pct":"0.438","three_p":"2.388","three_pa":"5.800","three_p_pct":"0.412","ft":"0.612","fta":"0.694","ft_pct":"0.882","orb":"0.624","drb":"3.365","trb":"3.988","ast":"2.024","stl":"0.600","blk":"0.247","tov":"1.506","pf":"2.447","pts":"11.776"},{"game_id":1088,"team_name":"BRK","player_id":"{\"hardeja01\"}","player_name":"{\"James Harden\"}","fg":"6.353","fga":"14.271","fg_pct":"0.445","three_p":"1.800","three_pa":"5.494","three_p_pct":"0.328","ft":"5.859","fta":"7.247","ft_pct":"0.808","orb":"0.471","drb":"6.471","trb":"6.941","ast":"9.047","stl":"1.224","blk":"0.765","tov":"2.647","pf":"2.118","pts":"20.365"},{"game_id":1088,"team_name":"BRK","player_id":"{\"greenje02\"}","player_name":"{\"Jeff Green\"}","fg":"4.776","fga":"7.694","fg_pct":"0.621","three_p":"2.447","three_pa":"4.141","three_p_pct":"0.591","ft":"1.929","fta":"2.588","ft_pct":"0.745","orb":"0.541","drb":"3.071","trb":"3.612","ast":"0.941","stl":"0.259","blk":"0.271","tov":"0.859","pf":"1.529","pts":"13.929"},{"game_id":1088,"team_name":"BRK","player_id":"{\"griffbl01\"}","player_name":"{\"Blake Griffin\"}","fg":"3.929","fga":"7.965","fg_pct":"0.493","three_p":"1.318","three_pa":"3.447","three_p_pct":"0.382","ft":"1.153","fta":"1.471","ft_pct":"0.784","orb":"1.247","drb":"2.847","trb":"4.094","ast":"2.506","stl":"0.447","blk":"0.341","tov":"0.800","pf":"2.459","pts":"10.329"},{"game_id":1088,"team_name":"BRK","player_id":"benchBRK","player_name":"Bench of BRK","fg":"3.366","fga":"5.942","fg_pct":"0.566","three_p":"0.781","three_pa":"2.030","three_p_pct":"0.385","ft":"1.052","fta":"1.729","ft_pct":"0.608","orb":"1.038","drb":"3.887","trb":"4.925","ast":"1.496","stl":"0.663","blk":"0.894","tov":"0.579","pf":"1.943","pts":"8.566"},{"game_id":1088,"team_name":"BOS","player_id":"{\"pritcpa01\"}","player_name":"{\"Payton Pritchard\"}","fg":"2.424","fga":"6.882","fg_pct":"0.352","three_p":"1.753","three_pa":"4.800","three_p_pct":"0.365","ft":"0.235","fta":"0.353","ft_pct":"0.666","orb":"0.365","drb":"2.694","trb":"3.059","ast":"1.576","stl":"0.682","blk":"0.000","tov":"0.376","pf":"0.929","pts":"6.835"},{"game_id":1088,"team_name":"BOS","player_id":"{\"tatumja01\"}","player_name":"{\"Jayson Tatum\"}","fg":"10.894","fga":"23.212","fg_pct":"0.469","three_p":"3.353","three_pa":"8.624","three_p_pct":"0.389","ft":"7.459","fta":"8.318","ft_pct":"0.897","orb":"1.153","drb":"6.259","trb":"7.412","ast":"3.918","stl":"1.176","blk":"1.188","tov":"2.482","pf":"2.153","pts":"32.600"},{"game_id":1088,"team_name":"BOS","player_id":"{\"smartma01\"}","player_name":"{\"Marcus Smart\"}","fg":"3.718","fga":"10.365","fg_pct":"0.359","three_p":"1.376","three_pa":"5.682","three_p_pct":"0.242","ft":"1.271","fta":"1.671","ft_pct":"0.761","orb":"0.635","drb":"2.847","trb":"3.482","ast":"6.224","stl":"1.447","blk":"0.388","tov":"2.953","pf":"2.976","pts":"10.082"},{"game_id":1088,"team_name":"BOS","player_id":"{\"fournev01\"}","player_name":"{\"Evan Fournier\"}","fg":"6.176","fga":"12.859","fg_pct":"0.480","three_p":"3.529","three_pa":"6.859","three_p_pct":"0.515","ft":"0.482","fta":"0.741","ft_pct":"0.650","orb":"0.518","drb":"3.482","trb":"4.000","ast":"4.294","stl":"0.988","blk":"0.565","tov":"1.212","pf":"2.871","pts":"16.365"},{"game_id":1088,"team_name":"BOS","player_id":"{\"walkeke02\"}","player_name":"{\"Kemba Walker\"}","fg":"9.259","fga":"19.153","fg_pct":"0.483","three_p":"4.235","three_pa":"9.918","three_p_pct":"0.427","ft":"4.412","fta":"5.388","ft_pct":"0.819","orb":"0.929","drb":"4.129","trb":"5.059","ast":"4.082","stl":"1.306","blk":"0.353","tov":"1.941","pf":"2.047","pts":"27.165"},{"game_id":1088,"team_name":"BOS","player_id":"{\"thomptr01\"}","player_name":"{\"Tristan Thompson\"}","fg":"2.729","fga":"5.965","fg_pct":"0.458","three_p":"0.000","three_pa":"0.000","three_p_pct":"NaN","ft":"1.176","fta":"2.588","ft_pct":"0.454","orb":"3.741","drb":"4.894","trb":"8.635","ast":"1.847","stl":"0.729","blk":"0.941","tov":"1.529","pf":"2.812","pts":"6.635"},{"game_id":1088,"team_name":"BOS","player_id":"benchBOS","player_name":"Bench of BOS","fg":"2.630","fga":"4.970","fg_pct":"0.529","three_p":"0.580","three_pa":"1.599","three_p_pct":"0.363","ft":"0.790","fta":"1.081","ft_pct":"0.731","orb":"0.987","drb":"2.797","trb":"3.784","ast":"1.629","stl":"0.363","blk":"0.490","tov":"0.795","pf":"1.677","pts":"6.630"}]