[{"game_id":1217,"team_name":"MIL","player_id":"{\"antetgi01\"}","player_name":"{\"Giannis Antetokounmpo\"}","fg":"9.271","fga":"18.000","fg_pct":"0.515","three_p":"1.129","three_pa":"3.965","three_p_pct":"0.285","ft":"5.494","fta":"9.600","ft_pct":"0.572","orb":"2.306","drb":"11.094","trb":"13.400","ast":"6.835","stl":"1.447","blk":"2.188","tov":"4.329","pf":"4.353","pts":"25.165"},{"game_id":1217,"team_name":"MIL","player_id":"{\"middlkh01\"}","player_name":"{\"Khris Middleton\"}","fg":"5.141","fga":"13.824","fg_pct":"0.372","three_p":"2.518","three_pa":"7.024","three_p_pct":"0.358","ft":"2.612","fta":"3.212","ft_pct":"0.813","orb":"0.882","drb":"5.506","trb":"6.388","ast":"4.071","stl":"0.565","blk":"0.141","tov":"1.859","pf":"3.812","pts":"15.412"},{"game_id":1217,"team_name":"MIL","player_id":"{\"matthwe02\"}","player_name":"{\"Wesley Matthews\"}","fg":"3.294","fga":"8.118","fg_pct":"0.406","three_p":"2.059","three_pa":"5.471","three_p_pct":"0.376","ft":"0.447","fta":"0.506","ft_pct":"0.883","orb":"0.106","drb":"2.188","trb":"2.294","ast":"1.647","stl":"1.012","blk":"0.235","tov":"1.388","pf":"1.471","pts":"9.094"},{"game_id":1217,"team_name":"MIL","player_id":"{\"lopezbr01\"}","player_name":"{\"Brook Lopez\"}","fg":"4.200","fga":"9.882","fg_pct":"0.425","three_p":"1.388","three_pa":"5.188","three_p_pct":"0.268","ft":"3.035","fta":"3.318","ft_pct":"0.915","orb":"0.941","drb":"4.776","trb":"5.718","ast":"1.565","stl":"0.471","blk":"1.824","tov":"0.729","pf":"2.871","pts":"12.824"},{"game_id":1217,"team_name":"MIL","player_id":"{\"bledser01\"}","player_name":"{\"Eric Bledsoe\"}","fg":"3.765","fga":"11.035","fg_pct":"0.341","three_p":"0.941","three_pa":"4.176","three_p_pct":"0.225","ft":"2.529","fta":"3.435","ft_pct":"0.736","orb":"0.635","drb":"3.600","trb":"4.235","ast":"3.388","stl":"0.682","blk":"0.094","tov":"2.118","pf":"2.600","pts":"11.000"},{"game_id":1217,"team_name":"MIL","player_id":"{\"wilsodj01\"}","player_name":"{\"D.J. Wilson\"}","fg":"1.388","fga":"3.035","fg_pct":"0.457","three_p":"0.318","three_pa":"1.082","three_p_pct":"0.294","ft":"0.376","fta":"0.424","ft_pct":"0.887","orb":"0.376","drb":"2.012","trb":"2.388","ast":"0.600","stl":"0.059","blk":"0.200","tov":"0.906","pf":"0.988","pts":"3.471"},{"game_id":1217,"team_name":"MIL","player_id":"benchMIL","player_name":"Bench of MIL","fg":"2.524","fga":"5.327","fg_pct":"0.474","three_p":"0.942","three_pa":"2.750","three_p_pct":"0.343","ft":"0.673","fta":"0.986","ft_pct":"0.683","orb":"0.860","drb":"2.417","trb":"3.278","ast":"1.350","stl":"0.529","blk":"0.382","tov":"0.511","pf":"1.595","pts":"6.664"},{"game_id":1217,"team_name":"CLE","player_id":"{\"thomptr01\"}","player_name":"{\"Tristan Thompson\"}","fg":"5.424","fga":"8.706","fg_pct":"0.623","three_p":"0.153","three_pa":"0.306","three_p_pct":"0.500","ft":"1.682","fta":"2.588","ft_pct":"0.650","orb":"2.812","drb":"5.118","trb":"7.929","ast":"1.165","stl":"0.000","blk":"0.600","tov":"0.918","pf":"1.188","pts":"12.682"},{"game_id":1217,"team_name":"CLE","player_id":"{\"loveke01\"}","player_name":"{\"Kevin Love\"}","fg":"4.706","fga":"11.059","fg_pct":"0.426","three_p":"1.765","three_pa":"5.212","three_p_pct":"0.339","ft":"3.294","fta":"3.671","ft_pct":"0.897","orb":"0.718","drb":"10.671","trb":"11.388","ast":"3.247","stl":"0.682","blk":"0.141","tov":"2.176","pf":"2.012","pts":"14.471"},{"game_id":1217,"team_name":"CLE","player_id":"{\"sextoco01\"}","player_name":"{\"Collin Sexton\"}","fg":"7.424","fga":"16.753","fg_pct":"0.443","three_p":"2.165","three_pa":"5.953","three_p_pct":"0.364","ft":"2.612","fta":"3.341","ft_pct":"0.782","orb":"0.824","drb":"1.306","trb":"2.129","ast":"3.988","stl":"0.494","blk":"0.000","tov":"2.682","pf":"1.529","pts":"19.624"},{"game_id":1217,"team_name":"CLE","player_id":"{\"osmande01\"}","player_name":"{\"Cedi Osman\"}","fg":"4.329","fga":"10.106","fg_pct":"0.428","three_p":"1.529","three_pa":"4.718","three_p_pct":"0.324","ft":"1.424","fta":"2.012","ft_pct":"0.708","orb":"0.835","drb":"2.718","trb":"3.553","ast":"1.576","stl":"1.224","blk":"0.000","tov":"1.035","pf":"2.365","pts":"11.612"},{"game_id":1217,"team_name":"CLE","player_id":"{\"clarkjo01\"}","player_name":"{\"Jordan Clarkson\"}","fg":"5.341","fga":"12.200","fg_pct":"0.438","three_p":"1.106","three_pa":"3.929","three_p_pct":"0.281","ft":"1.847","fta":"2.271","ft_pct":"0.813","orb":"0.741","drb":"1.447","trb":"2.188","ast":"2.047","stl":"1.012","blk":"0.000","tov":"1.506","pf":"0.753","pts":"13.635"},{"game_id":1217,"team_name":"CLE","player_id":"{\"nancela02\"}","player_name":"{\"Larry Nance Jr.\"}","fg":"4.224","fga":"8.871","fg_pct":"0.476","three_p":"0.671","three_pa":"2.800","three_p_pct":"0.240","ft":"1.000","fta":"1.353","ft_pct":"0.739","orb":"2.788","drb":"8.118","trb":"10.906","ast":"3.435","stl":"1.471","blk":"0.565","tov":"1.706","pf":"2.906","pts":"10.118"},{"game_id":1217,"team_name":"CLE","player_id":"benchCLE","player_name":"Bench of CLE","fg":"1.682","fga":"4.996","fg_pct":"0.337","three_p":"0.654","three_pa":"2.272","three_p_pct":"0.288","ft":"0.147","fta":"0.276","ft_pct":"0.533","orb":"0.469","drb":"0.818","trb":"1.287","ast":"2.190","stl":"0.466","blk":"0.189","tov":"1.333","pf":"1.406","pts":"4.165"}]