[{"game_id":1139,"team_name":"ATL","player_id":"{\"okongon01\"}","player_name":"{\"Onyeka Okongwu\"}","fg":"1.271","fga":"2.082","fg_pct":"0.610","three_p":"0.000","three_pa":"0.000","three_p_pct":"NaN","ft":"0.506","fta":"0.847","ft_pct":"0.597","orb":"1.647","drb":"1.953","trb":"3.600","ast":"0.353","stl":"0.424","blk":"0.859","tov":"0.553","pf":"2.000","pts":"3.047"},{"game_id":1139,"team_name":"ATL","player_id":"{\"bogdabo01\"}","player_name":"{\"Bogdan Bogdanović\"}","fg":"6.341","fga":"14.576","fg_pct":"0.435","three_p":"3.294","three_pa":"8.612","three_p_pct":"0.382","ft":"0.729","fta":"0.729","ft_pct":"1.000","orb":"0.882","drb":"4.906","trb":"5.788","ast":"3.847","stl":"1.471","blk":"0.376","tov":"1.282","pf":"3.024","pts":"16.706"},{"game_id":1139,"team_name":"ATL","player_id":"{\"youngtr01\"}","player_name":"{\"Trae Young\"}","fg":"8.800","fga":"20.212","fg_pct":"0.435","three_p":"2.412","three_pa":"8.118","three_p_pct":"0.297","ft":"6.976","fta":"7.565","ft_pct":"0.922","orb":"0.447","drb":"2.294","trb":"2.741","ast":"9.753","stl":"0.953","blk":"0.000","tov":"3.212","pf":"1.447","pts":"26.988"},{"game_id":1139,"team_name":"ATL","player_id":"{\"collijo01\"}","player_name":"{\"John Collins\"}","fg":"4.824","fga":"8.976","fg_pct":"0.537","three_p":"1.565","three_pa":"3.294","three_p_pct":"0.475","ft":"2.329","fta":"2.553","ft_pct":"0.912","orb":"1.118","drb":"5.141","trb":"6.259","ast":"0.812","stl":"0.459","blk":"0.824","tov":"0.953","pf":"3.400","pts":"13.541"},{"game_id":1139,"team_name":"ATL","player_id":"{\"gallida01\"}","player_name":"{\"Danilo Gallinari\"}","fg":"3.435","fga":"8.847","fg_pct":"0.388","three_p":"1.788","three_pa":"4.553","three_p_pct":"0.393","ft":"2.153","fta":"2.282","ft_pct":"0.943","orb":"0.188","drb":"3.894","trb":"4.082","ast":"1.212","stl":"0.376","blk":"0.365","tov":"0.600","pf":"2.329","pts":"10.812"},{"game_id":1139,"team_name":"ATL","player_id":"{\"capelca01\"}","player_name":"{\"Clint Capela\"}","fg":"4.871","fga":"7.506","fg_pct":"0.649","three_p":"0.000","three_pa":"0.000","three_p_pct":"NaN","ft":"1.282","fta":"2.200","ft_pct":"0.583","orb":"3.188","drb":"9.294","trb":"12.482","ast":"0.647","stl":"0.506","blk":"1.553","tov":"1.271","pf":"2.765","pts":"11.024"},{"game_id":1139,"team_name":"ATL","player_id":"benchATL","player_name":"Bench of ATL","fg":"1.943","fga":"4.209","fg_pct":"0.462","three_p":"0.815","three_pa":"2.057","three_p_pct":"0.396","ft":"0.452","fta":"0.532","ft_pct":"0.850","orb":"0.274","drb":"1.764","trb":"2.038","ast":"1.140","stl":"0.364","blk":"0.284","tov":"0.771","pf":"0.982","pts":"5.154"},{"game_id":1139,"team_name":"PHI","player_id":"{\"maxeyty01\"}","player_name":"{\"Tyrese Maxey\"}","fg":"3.529","fga":"8.071","fg_pct":"0.437","three_p":"0.447","three_pa":"1.482","three_p_pct":"0.302","ft":"1.271","fta":"1.894","ft_pct":"0.671","orb":"0.000","drb":"2.412","trb":"2.412","ast":"2.165","stl":"0.482","blk":"0.576","tov":"0.471","pf":"1.976","pts":"8.776"},{"game_id":1139,"team_name":"PHI","player_id":"{\"harrito02\"}","player_name":"{\"Tobias Harris\"}","fg":"9.047","fga":"17.694","fg_pct":"0.511","three_p":"1.153","three_pa":"3.576","three_p_pct":"0.322","ft":"3.129","fta":"3.588","ft_pct":"0.872","orb":"0.824","drb":"7.882","trb":"8.706","ast":"3.600","stl":"1.353","blk":"0.600","tov":"1.588","pf":"1.600","pts":"22.376"},{"game_id":1139,"team_name":"PHI","player_id":"{\"greenda02\"}","player_name":"{\"Danny Green\"}","fg":"2.835","fga":"6.906","fg_pct":"0.411","three_p":"1.918","three_pa":"5.341","three_p_pct":"0.359","ft":"0.141","fta":"0.212","ft_pct":"0.665","orb":"1.118","drb":"1.741","trb":"2.859","ast":"2.976","stl":"1.235","blk":"0.953","tov":"0.624","pf":"1.600","pts":"7.729"},{"game_id":1139,"team_name":"PHI","player_id":"{\"embiijo01\"}","player_name":"{\"Joel Embiid\"}","fg":"8.906","fga":"15.541","fg_pct":"0.573","three_p":"1.400","three_pa":"3.094","three_p_pct":"0.452","ft":"7.776","fta":"8.929","ft_pct":"0.871","orb":"0.624","drb":"7.671","trb":"8.294","ast":"2.400","stl":"1.212","blk":"0.965","tov":"2.776","pf":"2.824","pts":"26.988"},{"game_id":1139,"team_name":"PHI","player_id":"{\"simmobe01\"}","player_name":"{\"Ben Simmons\"}","fg":"5.647","fga":"8.341","fg_pct":"0.677","three_p":"0.000","three_pa":"0.082","three_p_pct":"0.000","ft":"2.082","fta":"5.329","ft_pct":"0.391","orb":"1.847","drb":"5.212","trb":"7.059","ast":"8.518","stl":"1.659","blk":"0.800","tov":"2.506","pf":"3.047","pts":"13.376"},{"game_id":1139,"team_name":"PHI","player_id":"{\"curryse01\"}","player_name":"{\"Seth Curry\"}","fg":"6.459","fga":"11.482","fg_pct":"0.563","three_p":"3.012","three_pa":"5.965","three_p_pct":"0.505","ft":"1.329","fta":"1.529","ft_pct":"0.869","orb":"0.082","drb":"1.624","trb":"1.706","ast":"2.565","stl":"0.388","blk":"0.000","tov":"0.612","pf":"2.365","pts":"17.259"},{"game_id":1139,"team_name":"PHI","player_id":"benchPHI","player_name":"Bench of PHI","fg":"1.879","fga":"4.127","fg_pct":"0.455","three_p":"0.793","three_pa":"2.061","three_p_pct":"0.385","ft":"0.924","fta":"1.281","ft_pct":"0.721","orb":"0.525","drb":"1.411","trb":"1.936","ast":"0.957","stl":"0.623","blk":"0.439","tov":"0.635","pf":"1.567","pts":"5.475"}]