[{"game_id":1121,"team_name":"PHO","player_id":"{\"mooreet01\"}","player_name":"{\"E'Twaun Moore\"}","ts_pct":"0.358","efg_pct":"0.332","three_par":"0.269","ftr":"0.087","orb_pct":"3.513","drb_pct":"16.045","trb_pct":"9.665","ast_pct":"25.854","stl_pct":"1.065","blk_pct":"1.758","tov_pct":"11.025","usg_pct":"16.919","ortg":"118.953","drtg":"113.694","bpm":"3.087"},{"game_id":1121,"team_name":"PHO","player_id":"{\"gallola01\"}","player_name":"{\"Langston Galloway\"}","ts_pct":"0.367","efg_pct":"0.344","three_par":"0.481","ftr":"0.171","orb_pct":"1.685","drb_pct":"15.356","trb_pct":"8.415","ast_pct":"2.301","stl_pct":"2.748","blk_pct":"0.000","tov_pct":"11.471","usg_pct":"19.491","ortg":"65.071","drtg":"109.847","bpm":"-8.195"},{"game_id":1121,"team_name":"PHO","player_id":"{\"carteje01\"}","player_name":"{\"Jevon Carter\"}","ts_pct":"0.765","efg_pct":"0.760","three_par":"0.798","ftr":"0.047","orb_pct":"1.481","drb_pct":"8.972","trb_pct":"5.508","ast_pct":"7.452","stl_pct":"1.316","blk_pct":"0.000","tov_pct":"5.652","usg_pct":"13.124","ortg":"143.047","drtg":"120.988","bpm":"-0.880"},{"game_id":1121,"team_name":"PHO","player_id":"{\"saricda01\"}","player_name":"{\"Dario Šarić\"}","ts_pct":"0.475","efg_pct":"0.350","three_par":"0.459","ftr":"0.587","orb_pct":"7.292","drb_pct":"13.173","trb_pct":"10.376","ast_pct":"6.541","stl_pct":"1.746","blk_pct":"1.459","tov_pct":"17.980","usg_pct":"18.489","ortg":"86.071","drtg":"116.012","bpm":"-6.400"},{"game_id":1121,"team_name":"PHO","player_id":"{\"smithja04\"}","player_name":"{\"Jalen Smith\"}","ts_pct":"0.432","efg_pct":"0.421","three_par":"0.154","ftr":"0.518","orb_pct":"2.435","drb_pct":"19.346","trb_pct":"10.381","ast_pct":"0.765","stl_pct":"0.607","blk_pct":"1.407","tov_pct":"11.682","usg_pct":"16.468","ortg":"81.035","drtg":"117.247","bpm":"-8.079"},{"game_id":1121,"team_name":"PHO","player_id":"{\"bookede01\"}","player_name":"{\"Devin Booker\"}","ts_pct":"0.555","efg_pct":"0.443","three_par":"0.273","ftr":"0.517","orb_pct":"2.366","drb_pct":"11.775","trb_pct":"7.062","ast_pct":"19.872","stl_pct":"0.439","blk_pct":"0.000","tov_pct":"14.754","usg_pct":"31.452","ortg":"105.647","drtg":"117.412","bpm":"-2.274"},{"game_id":1121,"team_name":"PHO","player_id":"benchPHO","player_name":"Bench of PHO","ts_pct":"0.586","efg_pct":"0.564","three_par":"0.426","ftr":"0.182","orb_pct":"4.154","drb_pct":"16.633","trb_pct":"10.471","ast_pct":"15.748","stl_pct":"1.698","blk_pct":"1.986","tov_pct":"9.324","usg_pct":"18.022","ortg":"117.376","drtg":"112.131","bpm":"1.869"},{"game_id":1121,"team_name":"LAL","player_id":"{\"dudleja01\"}","player_name":"{\"Jared Dudley\"}","ts_pct":"0.079","efg_pct":"0.079","three_par":"0.306","ftr":"0.000","orb_pct":"2.485","drb_pct":"21.267","trb_pct":"11.427","ast_pct":"11.504","stl_pct":"0.508","blk_pct":"1.139","tov_pct":"7.444","usg_pct":"6.252","ortg":"81.224","drtg":"115.588","bpm":"-5.232"},{"game_id":1121,"team_name":"LAL","player_id":"{\"jamesle01\"}","player_name":"{\"LeBron James\"}","ts_pct":"0.574","efg_pct":"0.552","three_par":"0.358","ftr":"0.301","orb_pct":"4.395","drb_pct":"17.295","trb_pct":"10.978","ast_pct":"46.718","stl_pct":"2.235","blk_pct":"0.461","tov_pct":"16.653","usg_pct":"30.579","ortg":"110.753","drtg":"106.729","bpm":"6.395"},{"game_id":1121,"team_name":"LAL","player_id":"{\"schrode01\"}","player_name":"{\"Dennis Schröder\"}","ts_pct":"0.531","efg_pct":"0.486","three_par":"0.389","ftr":"0.362","orb_pct":"1.487","drb_pct":"8.811","trb_pct":"5.102","ast_pct":"20.780","stl_pct":"1.678","blk_pct":"0.621","tov_pct":"12.861","usg_pct":"21.600","ortg":"105.424","drtg":"110.906","bpm":"-0.501"},{"game_id":1121,"team_name":"LAL","player_id":"{\"kuzmaky01\"}","player_name":"{\"Kyle Kuzma\"}","ts_pct":"0.402","efg_pct":"0.380","three_par":"0.430","ftr":"0.163","orb_pct":"4.036","drb_pct":"17.660","trb_pct":"10.756","ast_pct":"13.448","stl_pct":"1.005","blk_pct":"0.946","tov_pct":"11.069","usg_pct":"16.378","ortg":"90.224","drtg":"108.553","bpm":"-2.942"},{"game_id":1121,"team_name":"LAL","player_id":"{\"matthwe02\"}","player_name":"{\"Wesley Matthews\"}","ts_pct":"0.490","efg_pct":"0.424","three_par":"0.865","ftr":"0.313","orb_pct":"2.245","drb_pct":"7.774","trb_pct":"5.021","ast_pct":"4.554","stl_pct":"1.361","blk_pct":"0.229","tov_pct":"3.493","usg_pct":"14.416","ortg":"104.176","drtg":"112.000","bpm":"-4.267"},{"game_id":1121,"team_name":"LAL","player_id":"{\"drumman01\"}","player_name":"{\"Andre Drummond\"}","ts_pct":"0.593","efg_pct":"0.592","three_par":"0.000","ftr":"0.330","orb_pct":"19.227","drb_pct":"38.447","trb_pct":"28.871","ast_pct":"3.555","stl_pct":"1.673","blk_pct":"4.905","tov_pct":"17.579","usg_pct":"20.392","ortg":"108.859","drtg":"100.706","bpm":"0.644"},{"game_id":1121,"team_name":"LAL","player_id":"benchLAL","player_name":"Bench of LAL","ts_pct":"0.493","efg_pct":"0.463","three_par":"0.431","ftr":"0.238","orb_pct":"4.047","drb_pct":"11.957","trb_pct":"7.916","ast_pct":"10.741","stl_pct":"1.728","blk_pct":"1.375","tov_pct":"11.264","usg_pct":"16.964","ortg":"99.661","drtg":"109.706","bpm":"-1.993"}]