[{"game_id":1228,"team_name":"PHI","player_id":"teamPHI","player_name":"Team name: PHI","fg":"36.086","fga":"82.491","fg_pct":"0.437","three_p":"9.903","three_pa":"31.314","three_p_pct":"0.316","ft":"20.629","fta":"26.629","ft_pct":"0.775","orb":"9.737","drb":"36.983","trb":"46.720","ast":"23.434","stl":"7.171","blk":"5.880","tov":"17.091","pf":"24.280","pts":"102.703"},{"game_id":1228,"team_name":"MIN","player_id":"teamMIN","player_name":"Team name: MIN","fg":"42.120","fga":"91.503","fg_pct":"0.460","three_p":"11.566","three_pa":"33.920","three_p_pct":"0.341","ft":"18.086","fta":"22.989","ft_pct":"0.787","orb":"8.897","drb":"33.051","trb":"41.949","ast":"25.886","stl":"8.926","blk":"3.840","tov":"12.600","pf":"19.960","pts":"113.891"}]