[{"game_id":107,"team_name":"ORL","player_id":"teamORL","player_name":"Team name: ORL","ts_pct":"0.511","efg_pct":"0.468","three_par":"0.354","ftr":"0.263","orb_pct":"4.731","drb_pct":"18.138","trb_pct":"10.941","ast_pct":"14.371","stl_pct":"1.479","blk_pct":"1.321","tov_pct":"14.360","usg_pct":"19.290","ortg":"105.273","drtg":"111.766","bpm":"-1.372"},{"game_id":107,"team_name":"CLE","player_id":"teamCLE","player_name":"Team name: CLE","ts_pct":"0.506","efg_pct":"0.462","three_par":"0.330","ftr":"0.206","orb_pct":"4.813","drb_pct":"15.186","trb_pct":"10.001","ast_pct":"13.120","stl_pct":"2.130","blk_pct":"1.781","tov_pct":"15.896","usg_pct":"20.481","ortg":"93.991","drtg":"106.973","bpm":"-12.306"}]