[{"game_id":102,"team_name":"MEM","player_id":"teamMEM","player_name":"Team name: MEM","ts_pct":"0.522","efg_pct":"0.479","three_par":"0.404","ftr":"0.247","orb_pct":"4.950","drb_pct":"15.348","trb_pct":"10.128","ast_pct":"15.760","stl_pct":"1.468","blk_pct":"1.766","tov_pct":"12.340","usg_pct":"19.239","ortg":"105.726","drtg":"113.298","bpm":"-0.665"},{"game_id":102,"team_name":"LAL","player_id":"teamLAL","player_name":"Team name: LAL","ts_pct":"0.630","efg_pct":"0.599","three_par":"0.504","ftr":"0.254","orb_pct":"5.325","drb_pct":"17.019","trb_pct":"11.473","ast_pct":"14.638","stl_pct":"1.327","blk_pct":"2.229","tov_pct":"14.272","usg_pct":"20.821","ortg":"130.719","drtg":"121.895","bpm":"3.585"}]