[{"game_id":1131,"team_name":"LAC","player_id":"{\"rondora01\"}","player_name":"{\"Rajon Rondo\"}","fg":"1.882","fga":"5.024","fg_pct":"0.375","three_p":"1.000","three_pa":"2.424","three_p_pct":"0.413","ft":"0.659","fta":"1.106","ft_pct":"0.596","orb":"0.282","drb":"2.729","trb":"3.012","ast":"5.612","stl":"0.482","blk":"0.365","tov":"1.776","pf":"1.894","pts":"5.424"},{"game_id":1131,"team_name":"LAC","player_id":"{\"georgpa01\"}","player_name":"{\"Paul George\"}","fg":"7.776","fga":"16.988","fg_pct":"0.458","three_p":"2.459","three_pa":"7.506","three_p_pct":"0.328","ft":"4.388","fta":"5.294","ft_pct":"0.829","orb":"0.765","drb":"8.365","trb":"9.129","ast":"4.976","stl":"0.471","blk":"0.953","tov":"3.353","pf":"3.141","pts":"22.400"},{"game_id":1131,"team_name":"LAC","player_id":"{\"leonaka01\"}","player_name":"{\"Kawhi Leonard\"}","fg":"10.576","fga":"18.141","fg_pct":"0.583","three_p":"2.529","three_pa":"5.859","three_p_pct":"0.432","ft":"5.941","fta":"6.635","ft_pct":"0.895","orb":"1.518","drb":"5.271","trb":"6.788","ast":"4.353","stl":"1.694","blk":"0.824","tov":"2.882","pf":"1.906","pts":"29.624"},{"game_id":1131,"team_name":"LAC","player_id":"{\"batumni01\"}","player_name":"{\"Nicolas Batum\"}","fg":"2.965","fga":"6.235","fg_pct":"0.476","three_p":"1.176","three_pa":"3.729","three_p_pct":"0.315","ft":"1.541","fta":"1.871","ft_pct":"0.824","orb":"0.871","drb":"4.259","trb":"5.129","ast":"1.729","stl":"1.247","blk":"0.388","tov":"0.341","pf":"1.200","pts":"8.647"},{"game_id":1131,"team_name":"LAC","player_id":"{\"morrima03\"}","player_name":"{\"Marcus Morris\"}","fg":"3.447","fga":"8.706","fg_pct":"0.396","three_p":"1.671","three_pa":"4.424","three_p_pct":"0.378","ft":"1.353","fta":"1.741","ft_pct":"0.777","orb":"0.659","drb":"3.106","trb":"3.765","ast":"1.176","stl":"0.612","blk":"0.435","tov":"0.671","pf":"3.035","pts":"9.918"},{"game_id":1131,"team_name":"LAC","player_id":"{\"jacksre01\"}","player_name":"{\"Reggie Jackson\"}","fg":"5.153","fga":"11.506","fg_pct":"0.448","three_p":"3.153","three_pa":"7.812","three_p_pct":"0.404","ft":"1.541","fta":"1.847","ft_pct":"0.834","orb":"0.365","drb":"3.165","trb":"3.529","ast":"2.612","stl":"0.471","blk":"0.165","tov":"1.353","pf":"2.306","pts":"15.000"},{"game_id":1131,"team_name":"LAC","player_id":"benchLAC","player_name":"Bench of LAC","fg":"1.686","fga":"3.692","fg_pct":"0.457","three_p":"0.357","three_pa":"1.268","three_p_pct":"0.282","ft":"0.878","fta":"1.073","ft_pct":"0.818","orb":"0.906","drb":"1.718","trb":"2.625","ast":"0.724","stl":"0.303","blk":"0.315","tov":"0.317","pf":"1.259","pts":"4.607"},{"game_id":1131,"team_name":"DAL","player_id":"{\"klebima01\"}","player_name":"{\"Maxi Kleber\"}","fg":"1.941","fga":"4.988","fg_pct":"0.389","three_p":"1.365","three_pa":"3.565","three_p_pct":"0.383","ft":"0.624","fta":"0.824","ft_pct":"0.757","orb":"0.953","drb":"2.965","trb":"3.918","ast":"1.435","stl":"0.247","blk":"0.129","tov":"0.165","pf":"2.329","pts":"5.871"},{"game_id":1131,"team_name":"DAL","player_id":"{\"burketr01\"}","player_name":"{\"Trey Burke\"}","fg":"1.376","fga":"4.988","fg_pct":"0.276","three_p":"0.459","three_pa":"2.494","three_p_pct":"0.184","ft":"0.953","fta":"1.106","ft_pct":"0.862","orb":"0.529","drb":"0.424","trb":"0.953","ast":"0.800","stl":"0.224","blk":"0.188","tov":"0.353","pf":"0.847","pts":"4.165"},{"game_id":1131,"team_name":"DAL","player_id":"{\"richajo01\"}","player_name":"{\"Josh Richardson\"}","fg":"2.094","fga":"5.718","fg_pct":"0.366","three_p":"0.659","three_pa":"1.835","three_p_pct":"0.359","ft":"1.388","fta":"1.388","ft_pct":"1.000","orb":"0.659","drb":"1.224","trb":"1.882","ast":"1.165","stl":"0.494","blk":"0.047","tov":"0.776","pf":"1.329","pts":"6.235"},{"game_id":1131,"team_name":"DAL","player_id":"{\"poweldw01\"}","player_name":"{\"Dwight Powell\"}","fg":"1.259","fga":"1.576","fg_pct":"0.799","three_p":"0.000","three_pa":"0.000","three_p_pct":"NaN","ft":"1.306","fta":"1.565","ft_pct":"0.835","orb":"1.000","drb":"1.765","trb":"2.765","ast":"1.612","stl":"0.306","blk":"0.235","tov":"0.400","pf":"1.741","pts":"3.824"},{"game_id":1131,"team_name":"DAL","player_id":"{\"doncilu01\"}","player_name":"{\"Luka Dončić\"}","fg":"11.624","fga":"25.200","fg_pct":"0.461","three_p":"3.753","three_pa":"10.129","three_p_pct":"0.371","ft":"3.447","fta":"5.835","ft_pct":"0.591","orb":"0.647","drb":"7.129","trb":"7.776","ast":"9.247","stl":"1.365","blk":"0.365","tov":"4.024","pf":"2.176","pts":"30.447"},{"game_id":1131,"team_name":"DAL","player_id":"{\"porzikr01\"}","player_name":"{\"Kristaps Porziņģis\"}","fg":"5.141","fga":"10.647","fg_pct":"0.483","three_p":"1.671","three_pa":"3.847","three_p_pct":"0.434","ft":"1.671","fta":"2.000","ft_pct":"0.836","orb":"1.153","drb":"3.635","trb":"4.788","ast":"1.306","stl":"0.953","blk":"0.671","tov":"0.365","pf":"2.576","pts":"13.624"},{"game_id":1131,"team_name":"DAL","player_id":"benchDAL","player_name":"Bench of DAL","fg":"3.939","fga":"8.920","fg_pct":"0.442","three_p":"1.731","three_pa":"4.056","three_p_pct":"0.427","ft":"1.555","fta":"1.867","ft_pct":"0.833","orb":"1.057","drb":"2.783","trb":"3.840","ast":"1.595","stl":"0.469","blk":"0.129","tov":"0.883","pf":"1.865","pts":"11.165"}]