[{"game_id":1077,"team_name":"NOP","player_id":"teamNOP","player_name":"Team name: NOP","ts_pct":"0.508","efg_pct":"0.469","three_par":"0.309","ftr":"0.291","orb_pct":"5.901","drb_pct":"15.995","trb_pct":"10.701","ast_pct":"14.502","stl_pct":"1.711","blk_pct":"1.962","tov_pct":"11.667","usg_pct":"19.600","ortg":"104.777","drtg":"114.532","bpm":"-2.004"},{"game_id":1077,"team_name":"LAL","player_id":"teamLAL","player_name":"Team name: LAL","ts_pct":"0.548","efg_pct":"0.509","three_par":"0.369","ftr":"0.338","orb_pct":"5.386","drb_pct":"16.473","trb_pct":"10.713","ast_pct":"15.155","stl_pct":"1.234","blk_pct":"1.901","tov_pct":"13.945","usg_pct":"20.035","ortg":"113.054","drtg":"118.991","bpm":"-1.483"}]