[{"game_id":1026,"team_name":"CHO","player_id":"teamCHO","player_name":"Team name: CHO","fg":"40.594","fga":"89.194","fg_pct":"0.455","three_p":"13.149","three_pa":"35.577","three_p_pct":"0.370","ft":"15.417","fta":"22.206","ft_pct":"0.694","orb":"11.629","drb":"32.989","trb":"44.617","ast":"27.286","stl":"7.417","blk":"5.703","tov":"12.457","pf":"19.057","pts":"109.754"},{"game_id":1026,"team_name":"DEN","player_id":"teamDEN","player_name":"Team name: DEN","fg":"41.177","fga":"87.863","fg_pct":"0.469","three_p":"12.326","three_pa":"35.600","three_p_pct":"0.346","ft":"18.560","fta":"22.240","ft_pct":"0.835","orb":"8.600","drb":"33.994","trb":"42.594","ast":"25.520","stl":"8.600","blk":"5.286","tov":"12.811","pf":"20.149","pts":"113.240"}]