[{"game_id":1106,"team_name":"ATL","player_id":"{\"okongon01\"}","player_name":"{\"Onyeka Okongwu\"}","ts_pct":"0.567","efg_pct":"0.469","three_par":"0.000","ftr":"0.200","orb_pct":"14.052","drb_pct":"16.333","trb_pct":"14.935","ast_pct":"6.606","stl_pct":"0.982","blk_pct":"3.144","tov_pct":"11.912","usg_pct":"14.414","ortg":"113.800","drtg":"108.012","bpm":"-1.480"},{"game_id":1106,"team_name":"ATL","player_id":"{\"hillso01\"}","player_name":"{\"Solomon Hill\"}","ts_pct":"0.404","efg_pct":"0.256","three_par":"0.648","ftr":"0.384","orb_pct":"1.967","drb_pct":"12.514","trb_pct":"7.969","ast_pct":"7.973","stl_pct":"1.304","blk_pct":"0.106","tov_pct":"8.528","usg_pct":"7.239","ortg":"100.718","drtg":"114.329","bpm":"-2.536"},{"game_id":1106,"team_name":"ATL","player_id":"{\"bogdabo01\"}","player_name":"{\"Bogdan Bogdanović\"}","ts_pct":"0.661","efg_pct":"0.654","three_par":"0.623","ftr":"0.066","orb_pct":"1.701","drb_pct":"9.655","trb_pct":"5.892","ast_pct":"18.795","stl_pct":"2.426","blk_pct":"1.702","tov_pct":"5.601","usg_pct":"23.034","ortg":"130.706","drtg":"109.941","bpm":"8.779"},{"game_id":1106,"team_name":"ATL","player_id":"{\"youngtr01\"}","player_name":"{\"Trae Young\"}","ts_pct":"0.608","efg_pct":"0.527","three_par":"0.313","ftr":"0.390","orb_pct":"1.608","drb_pct":"10.808","trb_pct":"6.551","ast_pct":"49.186","stl_pct":"1.024","blk_pct":"0.165","tov_pct":"13.761","usg_pct":"33.714","ortg":"123.318","drtg":"112.824","bpm":"6.065"},{"game_id":1106,"team_name":"ATL","player_id":"{\"huntede01\"}","player_name":"{\"De'Andre Hunter\"}","ts_pct":"0.450","efg_pct":"0.389","three_par":"0.461","ftr":"0.375","orb_pct":"1.600","drb_pct":"13.752","trb_pct":"7.905","ast_pct":"5.292","stl_pct":"1.013","blk_pct":"2.168","tov_pct":"7.242","usg_pct":"20.566","ortg":"93.965","drtg":"110.824","bpm":"-4.958"},{"game_id":1106,"team_name":"ATL","player_id":"{\"capelca01\"}","player_name":"{\"Clint Capela\"}","ts_pct":"0.599","efg_pct":"0.608","three_par":"0.000","ftr":"0.359","orb_pct":"14.221","drb_pct":"31.067","trb_pct":"22.928","ast_pct":"1.488","stl_pct":"1.082","blk_pct":"5.014","tov_pct":"9.554","usg_pct":"16.345","ortg":"121.788","drtg":"105.282","bpm":"0.820"},{"game_id":1106,"team_name":"ATL","player_id":"benchATL","player_name":"Bench of ATL","ts_pct":"0.536","efg_pct":"0.508","three_par":"0.437","ftr":"0.186","orb_pct":"2.087","drb_pct":"14.686","trb_pct":"8.886","ast_pct":"12.651","stl_pct":"1.449","blk_pct":"2.115","tov_pct":"11.000","usg_pct":"20.039","ortg":"105.574","drtg":"110.150","bpm":"-0.687"},{"game_id":1106,"team_name":"NYK","player_id":"{\"rosede01\"}","player_name":"{\"Derrick Rose\"}","ts_pct":"0.612","efg_pct":"0.578","three_par":"0.199","ftr":"0.148","orb_pct":"2.785","drb_pct":"11.360","trb_pct":"7.052","ast_pct":"25.206","stl_pct":"0.960","blk_pct":"0.558","tov_pct":"12.532","usg_pct":"25.732","ortg":"116.024","drtg":"109.918","bpm":"3.638"},{"game_id":1106,"team_name":"NYK","player_id":"{\"bullore01\"}","player_name":"{\"Reggie Bullock\"}","ts_pct":"0.604","efg_pct":"0.591","three_par":"0.734","ftr":"0.114","orb_pct":"1.896","drb_pct":"10.112","trb_pct":"6.160","ast_pct":"6.509","stl_pct":"1.215","blk_pct":"0.574","tov_pct":"5.420","usg_pct":"15.386","ortg":"118.118","drtg":"109.212","bpm":"0.707"},{"game_id":1106,"team_name":"NYK","player_id":"{\"randlju01\"}","player_name":"{\"Julius Randle\"}","ts_pct":"0.464","efg_pct":"0.408","three_par":"0.319","ftr":"0.306","orb_pct":"2.342","drb_pct":"24.935","trb_pct":"13.814","ast_pct":"27.348","stl_pct":"0.714","blk_pct":"0.527","tov_pct":"13.736","usg_pct":"31.271","ortg":"94.035","drtg":"106.494","bpm":"-0.648"},{"game_id":1106,"team_name":"NYK","player_id":"{\"barrerj01\"}","player_name":"{\"RJ Barrett\"}","ts_pct":"0.491","efg_pct":"0.462","three_par":"0.371","ftr":"0.212","orb_pct":"1.984","drb_pct":"19.513","trb_pct":"10.748","ast_pct":"12.895","stl_pct":"0.739","blk_pct":"0.785","tov_pct":"5.499","usg_pct":"23.115","ortg":"102.812","drtg":"108.024","bpm":"-0.608"},{"game_id":1106,"team_name":"NYK","player_id":"{\"gibsota01\"}","player_name":"{\"Taj Gibson\"}","ts_pct":"0.719","efg_pct":"0.687","three_par":"0.009","ftr":"0.329","orb_pct":"12.311","drb_pct":"15.796","trb_pct":"14.241","ast_pct":"9.422","stl_pct":"1.714","blk_pct":"5.780","tov_pct":"1.682","usg_pct":"8.880","ortg":"162.447","drtg":"102.435","bpm":"5.118"},{"game_id":1106,"team_name":"NYK","player_id":"{\"burksal01\"}","player_name":"{\"Alec Burks\"}","ts_pct":"0.553","efg_pct":"0.538","three_par":"0.475","ftr":"0.232","orb_pct":"3.172","drb_pct":"19.873","trb_pct":"11.575","ast_pct":"15.440","stl_pct":"0.434","blk_pct":"1.111","tov_pct":"6.713","usg_pct":"24.048","ortg":"110.576","drtg":"106.694","bpm":"3.855"},{"game_id":1106,"team_name":"NYK","player_id":"benchNYK","player_name":"Bench of NYK","ts_pct":"0.553","efg_pct":"0.534","three_par":"0.324","ftr":"0.202","orb_pct":"3.678","drb_pct":"10.870","trb_pct":"7.356","ast_pct":"6.313","stl_pct":"4.229","blk_pct":"3.172","tov_pct":"6.315","usg_pct":"13.289","ortg":"116.536","drtg":"99.622","bpm":"2.249"}]