[{"game_id":1043,"team_name":"CHO","player_id":"{\"roziete01\"}","player_name":"{\"Terry Rozier\"}","ts_pct":"0.528","efg_pct":"0.501","three_par":"0.455","ftr":"0.174","orb_pct":"4.180","drb_pct":"9.261","trb_pct":"6.821","ast_pct":"21.726","stl_pct":"1.529","blk_pct":"0.840","tov_pct":"6.438","usg_pct":"25.899","ortg":"114.141","drtg":"116.576","bpm":"0.762"},{"game_id":1043,"team_name":"CHO","player_id":"{\"rillegr01\"}","player_name":"{\"Grant Riller\"}","ts_pct":"0.813","efg_pct":"0.813","three_par":"0.361","ftr":"0.000","orb_pct":"0.000","drb_pct":"10.813","trb_pct":"5.035","ast_pct":"24.721","stl_pct":"0.925","blk_pct":"0.000","tov_pct":"3.492","usg_pct":"27.878","ortg":"186.556","drtg":"121.460","bpm":"25.978"},{"game_id":1043,"team_name":"CHO","player_id":"{\"careyve01\"}","player_name":"{\"Vernon Carey Jr.\"}","ts_pct":"0.402","efg_pct":"0.375","three_par":"0.114","ftr":"0.181","orb_pct":"8.012","drb_pct":"12.071","trb_pct":"10.100","ast_pct":"0.304","stl_pct":"0.576","blk_pct":"8.831","tov_pct":"6.573","usg_pct":"18.309","ortg":"80.894","drtg":"116.341","bpm":"-9.748"},{"game_id":1043,"team_name":"CHO","player_id":"{\"washipj01\"}","player_name":"{\"P.J. Washington\"}","ts_pct":"0.622","efg_pct":"0.607","three_par":"0.469","ftr":"0.156","orb_pct":"4.793","drb_pct":"17.635","trb_pct":"11.355","ast_pct":"9.021","stl_pct":"2.221","blk_pct":"2.791","tov_pct":"10.636","usg_pct":"20.591","ortg":"114.976","drtg":"111.929","bpm":"1.349"},{"game_id":1043,"team_name":"CHO","player_id":"{\"mcdanja01\"}","player_name":"{\"Jalen McDaniels\"}","ts_pct":"0.593","efg_pct":"0.596","three_par":"0.327","ftr":"0.205","orb_pct":"10.732","drb_pct":"14.538","trb_pct":"12.594","ast_pct":"6.939","stl_pct":"1.595","blk_pct":"3.232","tov_pct":"10.867","usg_pct":"15.973","ortg":"117.835","drtg":"112.647","bpm":"-1.621"},{"game_id":1043,"team_name":"CHO","player_id":"{\"ballla01\"}","player_name":"{\"LaMelo Ball\"}","ts_pct":"0.441","efg_pct":"0.395","three_par":"0.300","ftr":"0.352","orb_pct":"2.118","drb_pct":"20.071","trb_pct":"11.044","ast_pct":"31.745","stl_pct":"2.580","blk_pct":"0.828","tov_pct":"18.528","usg_pct":"29.025","ortg":"91.024","drtg":"112.824","bpm":"-4.120"},{"game_id":1043,"team_name":"CHO","player_id":"benchCHO","player_name":"Bench of CHO","ts_pct":"0.508","efg_pct":"0.473","three_par":"0.345","ftr":"0.362","orb_pct":"4.435","drb_pct":"14.727","trb_pct":"9.581","ast_pct":"16.618","stl_pct":"0.786","blk_pct":"2.160","tov_pct":"14.198","usg_pct":"17.840","ortg":"106.328","drtg":"116.611","bpm":"-2.789"},{"game_id":1043,"team_name":"LAC","player_id":"{\"couside01\"}","player_name":"{\"DeMarcus Cousins\"}","ts_pct":"0.613","efg_pct":"0.566","three_par":"0.236","ftr":"0.231","orb_pct":"12.868","drb_pct":"25.867","trb_pct":"19.700","ast_pct":"10.901","stl_pct":"3.988","blk_pct":"2.724","tov_pct":"17.405","usg_pct":"26.933","ortg":"109.624","drtg":"98.965","bpm":"2.912"},{"game_id":1043,"team_name":"LAC","player_id":"{\"scrubja01\"}","player_name":"{\"Jay Scrubb\"}","ts_pct":"0.000","efg_pct":"0.000","three_par":"0.000","ftr":"0.000","orb_pct":"0.000","drb_pct":"0.000","trb_pct":"0.000","ast_pct":"0.000","stl_pct":"0.000","blk_pct":"0.000","tov_pct":"33.300","usg_pct":"32.900","ortg":"0.000","drtg":"111.000","bpm":"-40.500"},{"game_id":1043,"team_name":"LAC","player_id":"{\"oturuda01\"}","player_name":"{\"Daniel Oturu\"}","ts_pct":"0.146","efg_pct":"0.153","three_par":"0.000","ftr":"0.188","orb_pct":"9.315","drb_pct":"15.666","trb_pct":"12.722","ast_pct":"2.635","stl_pct":"0.000","blk_pct":"3.247","tov_pct":"0.000","usg_pct":"5.233","ortg":"46.353","drtg":"110.459","bpm":"-5.919"},{"game_id":1043,"team_name":"LAC","player_id":"{\"mannte01\"}","player_name":"{\"Terance Mann\"}","ts_pct":"0.611","efg_pct":"0.581","three_par":"0.282","ftr":"0.287","orb_pct":"12.458","drb_pct":"14.164","trb_pct":"12.962","ast_pct":"7.853","stl_pct":"0.802","blk_pct":"0.000","tov_pct":"5.566","usg_pct":"20.285","ortg":"120.765","drtg":"111.918","bpm":"3.931"},{"game_id":1043,"team_name":"LAC","player_id":"{\"kennalu01\"}","player_name":"{\"Luke Kennard\"}","ts_pct":"0.656","efg_pct":"0.652","three_par":"0.611","ftr":"0.037","orb_pct":"1.548","drb_pct":"16.173","trb_pct":"9.714","ast_pct":"20.171","stl_pct":"0.591","blk_pct":"0.216","tov_pct":"5.156","usg_pct":"13.886","ortg":"161.188","drtg":"111.647","bpm":"5.592"},{"game_id":1043,"team_name":"LAC","player_id":"{\"ferreyo01\"}","player_name":"{\"Yogi Ferrell\"}","ts_pct":"0.351","efg_pct":"0.338","three_par":"0.371","ftr":"0.138","orb_pct":"1.314","drb_pct":"4.215","trb_pct":"2.631","ast_pct":"37.074","stl_pct":"1.468","blk_pct":"0.404","tov_pct":"4.399","usg_pct":"19.389","ortg":"109.765","drtg":"115.529","bpm":"3.629"},{"game_id":1043,"team_name":"LAC","player_id":"benchLAC","player_name":"Bench of LAC","ts_pct":"0.599","efg_pct":"0.558","three_par":"0.409","ftr":"0.302","orb_pct":"4.087","drb_pct":"16.559","trb_pct":"10.827","ast_pct":"17.697","stl_pct":"1.305","blk_pct":"1.540","tov_pct":"14.886","usg_pct":"20.455","ortg":"115.168","drtg":"109.400","bpm":"1.541"}]