[{"game_id":1084,"team_name":"LAL","player_id":"{\"harremo01\"}","player_name":"{\"Montrezl Harrell\"}","ts_pct":"0.667","efg_pct":"0.643","three_par":"0.000","ftr":"0.685","orb_pct":"11.014","drb_pct":"20.558","trb_pct":"15.633","ast_pct":"7.016","stl_pct":"0.986","blk_pct":"3.144","tov_pct":"9.296","usg_pct":"24.911","ortg":"128.871","drtg":"111.635","bpm":"3.599"},{"game_id":1084,"team_name":"LAL","player_id":"{\"hortota01\"}","player_name":"{\"Talen Horton-Tucker\"}","ts_pct":"0.612","efg_pct":"0.592","three_par":"0.227","ftr":"0.390","orb_pct":"1.676","drb_pct":"7.556","trb_pct":"4.338","ast_pct":"26.858","stl_pct":"2.511","blk_pct":"0.494","tov_pct":"20.532","usg_pct":"21.522","ortg":"108.600","drtg":"110.071","bpm":"-1.142"},{"game_id":1084,"team_name":"LAL","player_id":"{\"davisan02\"}","player_name":"{\"Anthony Davis\"}","ts_pct":"0.500","efg_pct":"0.441","three_par":"0.167","ftr":"0.393","orb_pct":"3.607","drb_pct":"22.959","trb_pct":"12.753","ast_pct":"16.193","stl_pct":"1.722","blk_pct":"2.905","tov_pct":"8.542","usg_pct":"31.940","ortg":"102.176","drtg":"106.494","bpm":"0.573"},{"game_id":1084,"team_name":"LAL","player_id":"{\"jamesle01\"}","player_name":"{\"LeBron James\"}","ts_pct":"0.628","efg_pct":"0.597","three_par":"0.337","ftr":"0.357","orb_pct":"3.854","drb_pct":"17.991","trb_pct":"11.513","ast_pct":"47.467","stl_pct":"1.480","blk_pct":"0.913","tov_pct":"16.953","usg_pct":"33.121","ortg":"117.306","drtg":"109.318","bpm":"8.704"},{"game_id":1084,"team_name":"LAL","player_id":"{\"caldwke01\"}","player_name":"{\"Kentavious Caldwell-Pope\"}","ts_pct":"0.651","efg_pct":"0.599","three_par":"0.598","ftr":"0.296","orb_pct":"1.348","drb_pct":"8.476","trb_pct":"4.679","ast_pct":"14.908","stl_pct":"2.015","blk_pct":"1.731","tov_pct":"8.791","usg_pct":"12.793","ortg":"130.788","drtg":"110.271","bpm":"2.180"},{"game_id":1084,"team_name":"LAL","player_id":"{\"schrode01\"}","player_name":"{\"Dennis Schröder\"}","ts_pct":"0.532","efg_pct":"0.500","three_par":"0.381","ftr":"0.181","orb_pct":"1.735","drb_pct":"10.127","trb_pct":"5.639","ast_pct":"32.559","stl_pct":"1.571","blk_pct":"0.376","tov_pct":"11.158","usg_pct":"21.053","ortg":"114.106","drtg":"114.788","bpm":"-0.838"},{"game_id":1084,"team_name":"LAL","player_id":"benchLAL","player_name":"Bench of LAL","ts_pct":"0.558","efg_pct":"0.525","three_par":"0.377","ftr":"0.349","orb_pct":"6.157","drb_pct":"17.903","trb_pct":"11.788","ast_pct":"14.875","stl_pct":"1.510","blk_pct":"2.079","tov_pct":"15.943","usg_pct":"18.403","ortg":"108.547","drtg":"108.984","bpm":"-0.604"},{"game_id":1084,"team_name":"GSW","player_id":"{\"greendr01\"}","player_name":"{\"Draymond Green\"}","ts_pct":"0.650","efg_pct":"0.604","three_par":"0.298","ftr":"0.361","orb_pct":"2.714","drb_pct":"24.327","trb_pct":"13.947","ast_pct":"35.878","stl_pct":"2.691","blk_pct":"2.314","tov_pct":"28.341","usg_pct":"13.187","ortg":"130.388","drtg":"103.082","bpm":"5.841"},{"game_id":1084,"team_name":"GSW","player_id":"{\"curryst01\"}","player_name":"{\"Stephen Curry\"}","ts_pct":"0.618","efg_pct":"0.566","three_par":"0.622","ftr":"0.286","orb_pct":"1.513","drb_pct":"12.856","trb_pct":"7.568","ast_pct":"29.992","stl_pct":"1.945","blk_pct":"0.275","tov_pct":"10.533","usg_pct":"41.352","ortg":"115.953","drtg":"109.188","bpm":"7.918"},{"game_id":1084,"team_name":"GSW","player_id":"{\"wiggian01\"}","player_name":"{\"Andrew Wiggins\"}","ts_pct":"0.591","efg_pct":"0.568","three_par":"0.291","ftr":"0.157","orb_pct":"6.282","drb_pct":"10.764","trb_pct":"8.927","ast_pct":"11.473","stl_pct":"0.786","blk_pct":"2.331","tov_pct":"7.745","usg_pct":"25.771","ortg":"114.965","drtg":"111.082","bpm":"-0.029"},{"game_id":1084,"team_name":"GSW","player_id":"{\"poolejo01\"}","player_name":"{\"Jordan Poole\"}","ts_pct":"0.673","efg_pct":"0.623","three_par":"0.669","ftr":"0.334","orb_pct":"3.928","drb_pct":"8.519","trb_pct":"6.267","ast_pct":"13.209","stl_pct":"0.824","blk_pct":"0.735","tov_pct":"9.412","usg_pct":"27.259","ortg":"124.588","drtg":"113.153","bpm":"3.131"},{"game_id":1084,"team_name":"GSW","player_id":"{\"toscaju01\"}","player_name":"{\"Juan Toscano-Anderson\"}","ts_pct":"0.704","efg_pct":"0.708","three_par":"0.537","ftr":"0.164","orb_pct":"1.226","drb_pct":"20.127","trb_pct":"11.152","ast_pct":"20.013","stl_pct":"2.286","blk_pct":"2.027","tov_pct":"21.851","usg_pct":"10.861","ortg":"127.788","drtg":"105.518","bpm":"2.411"},{"game_id":1084,"team_name":"GSW","player_id":"{\"bazemke01\"}","player_name":"{\"Kent Bazemore\"}","ts_pct":"0.636","efg_pct":"0.548","three_par":"0.555","ftr":"0.397","orb_pct":"0.606","drb_pct":"14.653","trb_pct":"8.100","ast_pct":"7.536","stl_pct":"2.100","blk_pct":"1.233","tov_pct":"21.027","usg_pct":"14.711","ortg":"101.082","drtg":"107.859","bpm":"-2.724"},{"game_id":1084,"team_name":"GSW","player_id":"benchGSW","player_name":"Bench of GSW","ts_pct":"0.563","efg_pct":"0.551","three_par":"0.439","ftr":"0.247","orb_pct":"5.386","drb_pct":"14.643","trb_pct":"10.430","ast_pct":"7.865","stl_pct":"0.330","blk_pct":"1.025","tov_pct":"6.852","usg_pct":"13.130","ortg":"120.985","drtg":"111.851","bpm":"-2.053"}]