[{"game_id":1090,"team_name":"DEN","player_id":"teamDEN","player_name":"Team name: DEN","fg":"41.634","fga":"89.354","fg_pct":"0.466","three_p":"12.177","three_pa":"34.880","three_p_pct":"0.349","ft":"16.994","fta":"19.954","ft_pct":"0.852","orb":"10.674","drb":"33.286","trb":"43.960","ast":"25.120","stl":"7.966","blk":"3.646","tov":"12.011","pf":"20.674","pts":"112.440"},{"game_id":1090,"team_name":"POR","player_id":"teamPOR","player_name":"Team name: POR","fg":"44.503","fga":"89.686","fg_pct":"0.496","three_p":"15.531","three_pa":"36.703","three_p_pct":"0.423","ft":"18.840","fta":"23.349","ft_pct":"0.807","orb":"8.794","drb":"36.766","trb":"45.560","ast":"24.046","stl":"5.771","blk":"4.657","tov":"9.406","pf":"17.486","pts":"123.377"}]