[{"game_id":1023,"team_name":"GSW","player_id":"teamGSW","player_name":"Team name: GSW","ts_pct":"0.556","efg_pct":"0.544","three_par":"0.416","ftr":"0.179","orb_pct":"3.754","drb_pct":"13.990","trb_pct":"9.428","ast_pct":"16.156","stl_pct":"1.760","blk_pct":"1.669","tov_pct":"16.440","usg_pct":"17.948","ortg":"112.348","drtg":"100.597","bpm":"0.892"},{"game_id":1023,"team_name":"UTA","player_id":"teamUTA","player_name":"Team name: UTA","ts_pct":"0.695","efg_pct":"0.659","three_par":"0.570","ftr":"0.207","orb_pct":"5.784","drb_pct":"17.883","trb_pct":"12.346","ast_pct":"16.259","stl_pct":"1.588","blk_pct":"1.892","tov_pct":"14.388","usg_pct":"22.209","ortg":"139.805","drtg":"127.761","bpm":"0.117"}]