[{"game_id":1149,"team_name":"MIL","player_id":"teamMIL","player_name":"Team name: MIL","fg":"40.891","fga":"90.966","fg_pct":"0.450","three_p":"11.354","three_pa":"36.366","three_p_pct":"0.312","ft":"13.794","fta":"19.766","ft_pct":"0.698","orb":"10.634","drb":"39.811","trb":"50.446","ast":"21.131","stl":"6.491","blk":"4.469","tov":"13.171","pf":"18.131","pts":"106.931"},{"game_id":1149,"team_name":"BRK","player_id":"teamBRK","player_name":"Team name: BRK","fg":"41.137","fga":"86.897","fg_pct":"0.473","three_p":"14.194","three_pa":"35.994","three_p_pct":"0.394","ft":"17.434","fta":"19.646","ft_pct":"0.887","orb":"7.366","drb":"35.074","trb":"42.440","ast":"23.377","stl":"6.926","blk":"5.217","tov":"9.971","pf":"21.354","pts":"113.903"}]