[{"game_id":1232,"team_name":"OKC","player_id":"{\"gilgesh01\"}","player_name":"{\"Shai Gilgeous-Alexander\"}","fg":"7.071","fga":"14.635","fg_pct":"0.483","three_p":"1.729","three_pa":"4.318","three_p_pct":"0.400","ft":"3.388","fta":"4.541","ft_pct":"0.746","orb":"0.788","drb":"4.282","trb":"5.071","ast":"3.376","stl":"0.765","blk":"0.988","tov":"1.165","pf":"2.259","pts":"19.259"},{"game_id":1232,"team_name":"OKC","player_id":"{\"fergute01\"}","player_name":"{\"Terrance Ferguson\"}","fg":"1.612","fga":"4.118","fg_pct":"0.391","three_p":"1.141","three_pa":"3.000","three_p_pct":"0.380","ft":"0.235","fta":"0.235","ft_pct":"1.000","orb":"0.706","drb":"1.953","trb":"2.659","ast":"1.541","stl":"0.459","blk":"0.129","tov":"1.094","pf":"3.224","pts":"4.600"},{"game_id":1232,"team_name":"OKC","player_id":"{\"paulch01\"}","player_name":"{\"Chris Paul\"}","fg":"5.059","fga":"11.824","fg_pct":"0.428","three_p":"2.024","three_pa":"5.106","three_p_pct":"0.396","ft":"2.741","fta":"3.824","ft_pct":"0.717","orb":"0.824","drb":"4.776","trb":"5.600","ast":"4.412","stl":"1.224","blk":"0.153","tov":"2.953","pf":"3.047","pts":"14.882"},{"game_id":1232,"team_name":"OKC","player_id":"{\"gallida01\"}","player_name":"{\"Danilo Gallinari\"}","fg":"6.447","fga":"15.859","fg_pct":"0.407","three_p":"2.365","three_pa":"6.706","three_p_pct":"0.353","ft":"4.694","fta":"5.141","ft_pct":"0.913","orb":"0.976","drb":"4.353","trb":"5.329","ast":"2.082","stl":"0.812","blk":"0.247","tov":"1.588","pf":"1.929","pts":"19.953"},{"game_id":1232,"team_name":"OKC","player_id":"{\"noelne01\"}","player_name":"{\"Nerlens Noel\"}","fg":"2.235","fga":"3.459","fg_pct":"0.646","three_p":"0.000","three_pa":"0.000","three_p_pct":"NaN","ft":"0.765","fta":"1.082","ft_pct":"0.707","orb":"1.212","drb":"1.671","trb":"2.882","ast":"0.506","stl":"0.659","blk":"0.694","tov":"0.588","pf":"1.553","pts":"5.235"},{"game_id":1232,"team_name":"OKC","player_id":"{\"schrode01\"}","player_name":"{\"Dennis Schröder\"}","fg":"5.753","fga":"11.871","fg_pct":"0.485","three_p":"1.812","three_pa":"4.565","three_p_pct":"0.397","ft":"2.118","fta":"2.812","ft_pct":"0.753","orb":"0.682","drb":"3.941","trb":"4.624","ast":"4.329","stl":"1.353","blk":"0.129","tov":"2.153","pf":"2.941","pts":"15.435"},{"game_id":1232,"team_name":"OKC","player_id":"benchOKC","player_name":"Bench of OKC","fg":"2.032","fga":"4.578","fg_pct":"0.444","three_p":"0.762","three_pa":"2.200","three_p_pct":"0.346","ft":"0.593","fta":"0.857","ft_pct":"0.692","orb":"0.567","drb":"2.917","trb":"3.484","ast":"0.646","stl":"0.334","blk":"0.380","tov":"1.087","pf":"1.469","pts":"5.420"},{"game_id":1232,"team_name":"POR","player_id":"{\"trentga02\"}","player_name":"{\"Gary Trent Jr.\"}","fg":"1.424","fga":"4.118","fg_pct":"0.346","three_p":"0.247","three_pa":"1.565","three_p_pct":"0.158","ft":"0.282","fta":"0.424","ft_pct":"0.665","orb":"0.129","drb":"0.682","trb":"0.812","ast":"0.553","stl":"0.141","blk":"0.141","tov":"0.365","pf":"0.341","pts":"3.376"},{"game_id":1232,"team_name":"POR","player_id":"{\"lillada01\"}","player_name":"{\"Damian Lillard\"}","fg":"8.624","fga":"20.647","fg_pct":"0.418","three_p":"3.000","three_pa":"9.200","three_p_pct":"0.326","ft":"6.541","fta":"7.424","ft_pct":"0.881","orb":"0.353","drb":"4.976","trb":"5.329","ast":"7.153","stl":"1.141","blk":"0.447","tov":"3.024","pf":"2.906","pts":"26.788"},{"game_id":1232,"team_name":"POR","player_id":"{\"mccolcj01\"}","player_name":"{\"CJ McCollum\"}","fg":"9.506","fga":"21.765","fg_pct":"0.437","three_p":"2.153","three_pa":"5.800","three_p_pct":"0.371","ft":"3.294","fta":"3.988","ft_pct":"0.826","orb":"0.694","drb":"2.988","trb":"3.682","ast":"3.965","stl":"0.965","blk":"0.271","tov":"2.024","pf":"2.800","pts":"24.459"},{"game_id":1232,"team_name":"POR","player_id":"{\"hoodro01\"}","player_name":"{\"Rodney Hood\"}","fg":"4.082","fga":"8.565","fg_pct":"0.477","three_p":"1.624","three_pa":"4.000","three_p_pct":"0.406","ft":"2.024","fta":"2.400","ft_pct":"0.843","orb":"0.776","drb":"2.588","trb":"3.365","ast":"0.612","stl":"0.941","blk":"0.424","tov":"0.741","pf":"2.212","pts":"11.812"},{"game_id":1232,"team_name":"POR","player_id":"{\"tollian01\"}","player_name":"{\"Anthony Tolliver\"}","fg":"0.847","fga":"3.388","fg_pct":"0.250","three_p":"0.694","three_pa":"2.871","three_p_pct":"0.242","ft":"0.447","fta":"0.600","ft_pct":"0.745","orb":"0.071","drb":"2.988","trb":"3.059","ast":"1.141","stl":"0.435","blk":"0.282","tov":"0.612","pf":"1.235","pts":"2.835"},{"game_id":1232,"team_name":"POR","player_id":"{\"whiteha01\"}","player_name":"{\"Hassan Whiteside\"}","fg":"5.518","fga":"7.647","fg_pct":"0.722","three_p":"0.000","three_pa":"0.000","three_p_pct":"NaN","ft":"1.576","fta":"2.424","ft_pct":"0.650","orb":"2.353","drb":"8.729","trb":"11.082","ast":"0.659","stl":"0.388","blk":"1.424","tov":"1.941","pf":"3.118","pts":"12.612"},{"game_id":1232,"team_name":"POR","player_id":"benchPOR","player_name":"Bench of POR","fg":"2.786","fga":"6.445","fg_pct":"0.432","three_p":"0.706","three_pa":"2.226","three_p_pct":"0.317","ft":"1.067","fta":"1.514","ft_pct":"0.705","orb":"0.765","drb":"2.847","trb":"3.612","ast":"1.361","stl":"0.730","blk":"0.400","tov":"1.317","pf":"2.185","pts":"7.346"}]