[{"game_id":1123,"team_name":"UTA","player_id":"teamUTA","player_name":"Team name: UTA","fg":"40.606","fga":"86.349","fg_pct":"0.470","three_p":"15.977","three_pa":"40.680","three_p_pct":"0.393","ft":"21.657","fta":"25.863","ft_pct":"0.837","orb":"10.686","drb":"35.977","trb":"46.663","ast":"22.234","stl":"5.909","blk":"4.589","tov":"12.766","pf":"18.651","pts":"118.846"},{"game_id":1123,"team_name":"MEM","player_id":"teamMEM","player_name":"Team name: MEM","fg":"42.926","fga":"92.383","fg_pct":"0.465","three_p":"10.274","three_pa":"30.063","three_p_pct":"0.342","ft":"17.617","fta":"23.189","ft_pct":"0.760","orb":"11.851","drb":"32.909","trb":"44.760","ast":"23.314","stl":"8.423","blk":"5.360","tov":"11.051","pf":"20.709","pts":"113.743"}]