[{"game_id":1142,"team_name":"MIL","player_id":"teamMIL","player_name":"Team name: MIL","ts_pct":"0.510","efg_pct":"0.473","three_par":"0.477","ftr":"0.222","orb_pct":"6.585","drb_pct":"17.038","trb_pct":"11.926","ast_pct":"13.990","stl_pct":"1.846","blk_pct":"2.590","tov_pct":"10.895","usg_pct":"20.478","ortg":"114.253","drtg":"121.366","bpm":"1.971"},{"game_id":1142,"team_name":"BRK","player_id":"teamBRK","player_name":"Team name: BRK","ts_pct":"0.562","efg_pct":"0.530","three_par":"0.400","ftr":"0.192","orb_pct":"5.501","drb_pct":"16.973","trb_pct":"11.681","ast_pct":"12.846","stl_pct":"1.528","blk_pct":"2.641","tov_pct":"8.363","usg_pct":"20.279","ortg":"119.210","drtg":"125.163","bpm":"-1.685"}]