[{"game_id":122,"team_name":"DET","player_id":"{\"jacksfr01\"}","player_name":"{\"Frank Jackson\"}","ts_pct":"0.443","efg_pct":"0.428","three_par":"0.300","ftr":"0.122","orb_pct":"2.714","drb_pct":"8.146","trb_pct":"5.464","ast_pct":"18.793","stl_pct":"0.467","blk_pct":"0.000","tov_pct":"9.573","usg_pct":"23.688","ortg":"102.659","drtg":"120.471","bpm":"-5.745"},{"game_id":122,"team_name":"DET","player_id":"{\"stewais01\"}","player_name":"{\"Isaiah Stewart\"}","ts_pct":"0.497","efg_pct":"0.490","three_par":"0.000","ftr":"0.188","orb_pct":"14.562","drb_pct":"15.749","trb_pct":"14.897","ast_pct":"4.311","stl_pct":"0.438","blk_pct":"4.308","tov_pct":"9.690","usg_pct":"11.710","ortg":"117.857","drtg":"120.159","bpm":"-7.016"},{"game_id":122,"team_name":"DET","player_id":"{\"doumbse01\"}","player_name":"{\"Sekou Doumbouya\"}","ts_pct":"0.408","efg_pct":"0.387","three_par":"0.313","ftr":"0.136","orb_pct":"5.000","drb_pct":"16.146","trb_pct":"10.164","ast_pct":"7.227","stl_pct":"1.620","blk_pct":"2.011","tov_pct":"2.941","usg_pct":"15.466","ortg":"130.882","drtg":"117.329","bpm":"-3.192"},{"game_id":122,"team_name":"DET","player_id":"{\"grantje01\"}","player_name":"{\"Jerami Grant\"}","ts_pct":"0.564","efg_pct":"0.514","three_par":"0.405","ftr":"0.279","orb_pct":"3.584","drb_pct":"16.668","trb_pct":"9.399","ast_pct":"7.048","stl_pct":"1.125","blk_pct":"2.945","tov_pct":"5.418","usg_pct":"26.322","ortg":"114.294","drtg":"118.047","bpm":"1.179"},{"game_id":122,"team_name":"DET","player_id":"{\"griffbl01\"}","player_name":"{\"Blake Griffin\"}","ts_pct":"0.505","efg_pct":"0.444","three_par":"0.596","ftr":"0.386","orb_pct":"1.871","drb_pct":"16.716","trb_pct":"8.754","ast_pct":"18.819","stl_pct":"1.515","blk_pct":"0.534","tov_pct":"6.949","usg_pct":"21.632","ortg":"109.082","drtg":"118.929","bpm":"-2.947"},{"game_id":122,"team_name":"DET","player_id":"{\"wrighde01\"}","player_name":"{\"Delon Wright\"}","ts_pct":"0.525","efg_pct":"0.487","three_par":"0.337","ftr":"0.304","orb_pct":"2.059","drb_pct":"12.134","trb_pct":"6.440","ast_pct":"19.289","stl_pct":"2.095","blk_pct":"1.821","tov_pct":"20.409","usg_pct":"13.538","ortg":"102.612","drtg":"119.282","bpm":"-2.292"},{"game_id":122,"team_name":"DET","player_id":"benchDET","player_name":"Bench of DET","ts_pct":"0.552","efg_pct":"0.508","three_par":"0.383","ftr":"0.255","orb_pct":"5.382","drb_pct":"18.848","trb_pct":"11.705","ast_pct":"17.396","stl_pct":"1.413","blk_pct":"1.322","tov_pct":"9.925","usg_pct":"20.762","ortg":"116.685","drtg":"117.279","bpm":"-0.076"},{"game_id":122,"team_name":"PHO","player_id":"{\"bookede01\"}","player_name":"{\"Devin Booker\"}","ts_pct":"0.597","efg_pct":"0.549","three_par":"0.377","ftr":"0.401","orb_pct":"1.575","drb_pct":"11.825","trb_pct":"6.715","ast_pct":"22.061","stl_pct":"1.055","blk_pct":"0.562","tov_pct":"16.821","usg_pct":"29.189","ortg":"108.824","drtg":"111.929","bpm":"-0.193"},{"game_id":122,"team_name":"PHO","player_id":"{\"paulch01\"}","player_name":"{\"Chris Paul\"}","ts_pct":"0.547","efg_pct":"0.471","three_par":"0.253","ftr":"0.357","orb_pct":"2.947","drb_pct":"15.220","trb_pct":"9.292","ast_pct":"39.379","stl_pct":"1.487","blk_pct":"0.879","tov_pct":"13.251","usg_pct":"21.769","ortg":"121.400","drtg":"108.259","bpm":"3.174"},{"game_id":122,"team_name":"PHO","player_id":"{\"aytonde01\"}","player_name":"{\"Deandre Ayton\"}","ts_pct":"0.591","efg_pct":"0.572","three_par":"0.062","ftr":"0.272","orb_pct":"11.549","drb_pct":"32.333","trb_pct":"22.034","ast_pct":"9.053","stl_pct":"0.836","blk_pct":"2.705","tov_pct":"11.622","usg_pct":"19.154","ortg":"119.165","drtg":"105.918","bpm":"1.376"},{"game_id":122,"team_name":"PHO","player_id":"{\"bridgmi01\"}","player_name":"{\"Mikal Bridges\"}","ts_pct":"0.657","efg_pct":"0.595","three_par":"0.614","ftr":"0.298","orb_pct":"4.039","drb_pct":"13.295","trb_pct":"8.778","ast_pct":"6.046","stl_pct":"0.994","blk_pct":"3.576","tov_pct":"3.112","usg_pct":"15.353","ortg":"135.624","drtg":"109.659","bpm":"4.386"},{"game_id":122,"team_name":"PHO","player_id":"{\"saricda01\"}","player_name":"{\"Dario Šarić\"}","ts_pct":"0.696","efg_pct":"0.654","three_par":"0.440","ftr":"0.351","orb_pct":"6.459","drb_pct":"27.376","trb_pct":"17.065","ast_pct":"11.791","stl_pct":"1.193","blk_pct":"0.338","tov_pct":"15.595","usg_pct":"26.525","ortg":"117.235","drtg":"108.694","bpm":"3.236"},{"game_id":122,"team_name":"PHO","player_id":"{\"johnsca02\"}","player_name":"{\"Cameron Johnson\"}","ts_pct":"0.694","efg_pct":"0.681","three_par":"0.659","ftr":"0.089","orb_pct":"1.642","drb_pct":"12.291","trb_pct":"7.039","ast_pct":"7.265","stl_pct":"1.636","blk_pct":"1.628","tov_pct":"6.314","usg_pct":"20.275","ortg":"126.659","drtg":"109.541","bpm":"5.869"},{"game_id":122,"team_name":"PHO","player_id":"benchPHO","player_name":"Bench of PHO","ts_pct":"0.496","efg_pct":"0.478","three_par":"0.602","ftr":"0.134","orb_pct":"1.668","drb_pct":"12.153","trb_pct":"7.001","ast_pct":"15.265","stl_pct":"0.904","blk_pct":"0.686","tov_pct":"12.864","usg_pct":"16.338","ortg":"102.541","drtg":"111.895","bpm":"-0.027"}]