[{"game_id":1236,"team_name":"ATL","player_id":"teamATL","player_name":"Team name: ATL","ts_pct":"0.604","efg_pct":"0.566","three_par":"0.450","ftr":"0.344","orb_pct":"5.960","drb_pct":"15.185","trb_pct":"10.501","ast_pct":"16.564","stl_pct":"2.112","blk_pct":"2.256","tov_pct":"13.538","usg_pct":"20.969","ortg":"120.432","drtg":"124.274","bpm":"-1.732"},{"game_id":1236,"team_name":"MIA","player_id":"teamMIA","player_name":"Team name: MIA","ts_pct":"0.524","efg_pct":"0.487","three_par":"0.378","ftr":"0.285","orb_pct":"5.960","drb_pct":"17.872","trb_pct":"12.133","ast_pct":"13.010","stl_pct":"1.431","blk_pct":"2.627","tov_pct":"17.129","usg_pct":"19.503","ortg":"98.469","drtg":"108.371","bpm":"-2.033"}]