[{"game_id":1161,"team_name":"PHO","player_id":"teamPHO","player_name":"Team name: PHO","ts_pct":"0.585","efg_pct":"0.544","three_par":"0.417","ftr":"0.234","orb_pct":"4.014","drb_pct":"17.359","trb_pct":"11.160","ast_pct":"17.178","stl_pct":"1.068","blk_pct":"1.753","tov_pct":"9.230","usg_pct":"20.269","ortg":"121.418","drtg":"115.237","bpm":"0.522"},{"game_id":1161,"team_name":"LAC","player_id":"teamLAC","player_name":"Team name: LAC","ts_pct":"0.576","efg_pct":"0.535","three_par":"0.434","ftr":"0.276","orb_pct":"4.544","drb_pct":"18.250","trb_pct":"12.429","ast_pct":"11.510","stl_pct":"1.216","blk_pct":"2.173","tov_pct":"7.904","usg_pct":"19.626","ortg":"120.746","drtg":"128.125","bpm":"4.196"}]