[{"game_id":1102,"team_name":"UTA","player_id":"teamUTA","player_name":"Team name: UTA","fg":"40.554","fga":"86.491","fg_pct":"0.469","three_p":"14.857","three_pa":"41.251","three_p_pct":"0.360","ft":"18.417","fta":"22.257","ft_pct":"0.827","orb":"11.389","drb":"38.063","trb":"49.451","ast":"22.063","stl":"6.594","blk":"4.080","tov":"13.914","pf":"17.509","pts":"114.383"},{"game_id":1102,"team_name":"MEM","player_id":"teamMEM","player_name":"Team name: MEM","fg":"41.931","fga":"91.337","fg_pct":"0.459","three_p":"10.429","three_pa":"30.320","three_p_pct":"0.344","ft":"16.440","fta":"23.034","ft_pct":"0.714","orb":"12.366","drb":"34.714","trb":"47.080","ast":"24.486","stl":"8.737","blk":"7.726","tov":"12.354","pf":"19.063","pts":"110.731"}]