[{"game_id":1242,"team_name":"BOS","player_id":"{\"poirivi01\"}","player_name":"{\"Vincent Poirier\"}","fg":"1.000","fga":"2.000","fg_pct":"0.500","three_p":"0.000","three_pa":"0.000","three_p_pct":"NaN","ft":"0.000","fta":"0.000","ft_pct":"NaN","orb":"0.000","drb":"0.000","trb":"0.000","ast":"0.000","stl":"0.000","blk":"0.000","tov":"1.000","pf":"2.000","pts":"2.000"},{"game_id":1242,"team_name":"BOS","player_id":"{\"walkeke02\"}","player_name":"{\"Kemba Walker\"}","fg":"9.588","fga":"20.588","fg_pct":"0.466","three_p":"3.612","three_pa":"9.153","three_p_pct":"0.395","ft":"6.294","fta":"7.035","ft_pct":"0.895","orb":"1.282","drb":"3.482","trb":"4.765","ast":"4.859","stl":"0.741","blk":"0.471","tov":"1.929","pf":"2.024","pts":"29.082"},{"game_id":1242,"team_name":"BOS","player_id":"{\"haywago01\"}","player_name":"{\"Gordon Hayward\"}","fg":"4.800","fga":"10.659","fg_pct":"0.450","three_p":"1.529","three_pa":"3.082","three_p_pct":"0.496","ft":"2.047","fta":"2.282","ft_pct":"0.897","orb":"0.635","drb":"4.812","trb":"5.447","ast":"3.212","stl":"0.553","blk":"0.353","tov":"2.176","pf":"2.000","pts":"13.176"},{"game_id":1242,"team_name":"BOS","player_id":"{\"tatumja01\"}","player_name":"{\"Jayson Tatum\"}","fg":"6.118","fga":"16.318","fg_pct":"0.375","three_p":"2.129","three_pa":"5.447","three_p_pct":"0.391","ft":"3.447","fta":"4.494","ft_pct":"0.767","orb":"1.365","drb":"6.424","trb":"7.788","ast":"2.118","stl":"1.471","blk":"0.906","tov":"1.753","pf":"2.576","pts":"17.812"},{"game_id":1242,"team_name":"BOS","player_id":"{\"smartma01\"}","player_name":"{\"Marcus Smart\"}","fg":"3.035","fga":"8.706","fg_pct":"0.349","three_p":"1.965","three_pa":"6.482","three_p_pct":"0.303","ft":"1.176","fta":"1.447","ft_pct":"0.813","orb":"1.094","drb":"1.976","trb":"3.071","ast":"4.012","stl":"1.341","blk":"0.353","tov":"1.071","pf":"2.212","pts":"9.212"},{"game_id":1242,"team_name":"BOS","player_id":"{\"theisda01\"}","player_name":"{\"Daniel Theis\"}","fg":"1.247","fga":"3.624","fg_pct":"0.344","three_p":"0.153","three_pa":"0.906","three_p_pct":"0.169","ft":"0.647","fta":"0.918","ft_pct":"0.705","orb":"1.047","drb":"2.071","trb":"3.118","ast":"0.294","stl":"0.059","blk":"0.659","tov":"0.247","pf":"1.376","pts":"3.294"},{"game_id":1242,"team_name":"BOS","player_id":"benchBOS","player_name":"Bench of BOS","fg":"1.104","fga":"3.357","fg_pct":"0.329","three_p":"0.223","three_pa":"1.360","three_p_pct":"0.164","ft":"0.649","fta":"1.078","ft_pct":"0.602","orb":"0.717","drb":"0.813","trb":"1.529","ast":"0.923","stl":"0.547","blk":"0.252","tov":"0.330","pf":"1.096","pts":"3.080"},{"game_id":1242,"team_name":"NYK","player_id":"{\"morrima03\"}","player_name":"{\"Marcus Morris\"}","fg":"4.318","fga":"10.541","fg_pct":"0.410","three_p":"1.741","three_pa":"4.118","three_p_pct":"0.423","ft":"3.365","fta":"4.059","ft_pct":"0.829","orb":"1.047","drb":"5.482","trb":"6.529","ast":"0.929","stl":"0.800","blk":"1.153","tov":"1.718","pf":"3.353","pts":"13.741"},{"game_id":1242,"team_name":"NYK","player_id":"{\"barrerj01\"}","player_name":"{\"RJ Barrett\"}","fg":"7.018","fga":"15.109","fg_pct":"0.464","three_p":"1.564","three_pa":"3.800","three_p_pct":"0.412","ft":"2.218","fta":"5.473","ft_pct":"0.405","orb":"1.909","drb":"4.600","trb":"6.509","ast":"3.036","stl":"1.418","blk":"0.218","tov":"3.109","pf":"2.945","pts":"17.818"},{"game_id":1242,"team_name":"NYK","player_id":"{\"ntilila01\"}","player_name":"{\"Frank Ntilikina\"}","fg":"1.129","fga":"4.565","fg_pct":"0.247","three_p":"0.294","three_pa":"1.918","three_p_pct":"0.153","ft":"0.188","fta":"0.188","ft_pct":"1.000","orb":"0.412","drb":"1.624","trb":"2.035","ast":"2.635","stl":"0.447","blk":"0.071","tov":"1.200","pf":"1.729","pts":"2.741"},{"game_id":1242,"team_name":"NYK","player_id":"{\"randlju01\"}","player_name":"{\"Julius Randle\"}","fg":"7.541","fga":"15.518","fg_pct":"0.486","three_p":"0.718","three_pa":"2.871","three_p_pct":"0.250","ft":"4.118","fta":"6.188","ft_pct":"0.665","orb":"3.753","drb":"7.153","trb":"10.906","ast":"4.424","stl":"0.729","blk":"0.235","tov":"4.529","pf":"3.212","pts":"19.918"},{"game_id":1242,"team_name":"NYK","player_id":"{\"knoxke01\"}","player_name":"{\"Kevin Knox\"}","fg":"4.071","fga":"10.471","fg_pct":"0.389","three_p":"1.976","three_pa":"4.941","three_p_pct":"0.400","ft":"2.682","fta":"3.753","ft_pct":"0.715","orb":"0.600","drb":"4.282","trb":"4.882","ast":"1.482","stl":"0.424","blk":"0.271","tov":"1.247","pf":"2.024","pts":"12.800"},{"game_id":1242,"team_name":"NYK","player_id":"{\"ellinwa01\"}","player_name":"{\"Wayne Ellington\"}","fg":"2.341","fga":"7.400","fg_pct":"0.316","three_p":"1.647","three_pa":"5.471","three_p_pct":"0.301","ft":"0.424","fta":"0.576","ft_pct":"0.736","orb":"0.247","drb":"2.165","trb":"2.412","ast":"1.000","stl":"0.424","blk":"0.118","tov":"0.753","pf":"0.671","pts":"6.753"},{"game_id":1242,"team_name":"NYK","player_id":"benchNYK","player_name":"Bench of NYK","fg":"4.648","fga":"8.606","fg_pct":"0.540","three_p":"0.691","three_pa":"2.062","three_p_pct":"0.335","ft":"1.751","fta":"2.179","ft_pct":"0.804","orb":"2.763","drb":"5.599","trb":"8.361","ast":"1.117","stl":"0.677","blk":"1.354","tov":"0.892","pf":"2.924","pts":"11.739"}]