[{"game_id":106,"team_name":"IND","player_id":"teamIND","player_name":"Team name: IND","fg":"41.874","fga":"87.109","fg_pct":"0.481","three_p":"13.177","three_pa":"35.886","three_p_pct":"0.367","ft":"14.200","fta":"18.983","ft_pct":"0.748","orb":"6.589","drb":"33.303","trb":"39.891","ast":"26.434","stl":"9.840","blk":"5.509","tov":"13.823","pf":"23.480","pts":"111.126"},{"game_id":106,"team_name":"HOU","player_id":"teamHOU","player_name":"Team name: HOU","fg":"36.817","fga":"81.303","fg_pct":"0.453","three_p":"13.669","three_pa":"39.383","three_p_pct":"0.347","ft":"20.714","fta":"26.874","ft_pct":"0.771","orb":"6.731","drb":"30.823","trb":"37.554","ast":"21.486","stl":"8.063","blk":"4.537","tov":"14.200","pf":"20.686","pts":"108.017"}]