[{"game_id":118,"team_name":"MEM","player_id":"{\"clarkbr01\"}","player_name":"{\"Brandon Clarke\"}","ts_pct":"0.496","efg_pct":"0.491","three_par":"0.209","ftr":"0.215","orb_pct":"5.749","drb_pct":"13.221","trb_pct":"9.474","ast_pct":"7.295","stl_pct":"1.266","blk_pct":"3.214","tov_pct":"6.154","usg_pct":"19.200","ortg":"100.412","drtg":"110.024","bpm":"-2.761"},{"game_id":118,"team_name":"MEM","player_id":"{\"brookdi01\"}","player_name":"{\"Dillon Brooks\"}","ts_pct":"0.491","efg_pct":"0.471","three_par":"0.390","ftr":"0.113","orb_pct":"4.788","drb_pct":"8.979","trb_pct":"6.838","ast_pct":"15.209","stl_pct":"2.389","blk_pct":"0.978","tov_pct":"10.722","usg_pct":"27.118","ortg":"95.612","drtg":"109.894","bpm":"-1.396"},{"game_id":118,"team_name":"MEM","player_id":"{\"anderky01\"}","player_name":"{\"Kyle Anderson\"}","ts_pct":"0.534","efg_pct":"0.502","three_par":"0.393","ftr":"0.211","orb_pct":"2.945","drb_pct":"21.052","trb_pct":"11.956","ast_pct":"19.513","stl_pct":"1.104","blk_pct":"1.902","tov_pct":"16.771","usg_pct":"22.245","ortg":"100.035","drtg":"109.235","bpm":"-0.481"},{"game_id":118,"team_name":"MEM","player_id":"{\"valanjo01\"}","player_name":"{\"Jonas Valančiūnas\"}","ts_pct":"0.581","efg_pct":"0.530","three_par":"0.125","ftr":"0.474","orb_pct":"10.222","drb_pct":"33.858","trb_pct":"21.959","ast_pct":"13.411","stl_pct":"1.408","blk_pct":"1.727","tov_pct":"15.269","usg_pct":"24.541","ortg":"108.800","drtg":"104.929","bpm":"0.542"},{"game_id":118,"team_name":"MEM","player_id":"{\"jonesty01\"}","player_name":"{\"Tyus Jones\"}","ts_pct":"0.434","efg_pct":"0.414","three_par":"0.366","ftr":"0.148","orb_pct":"0.307","drb_pct":"6.840","trb_pct":"3.551","ast_pct":"24.969","stl_pct":"2.533","blk_pct":"1.420","tov_pct":"8.989","usg_pct":"15.660","ortg":"101.518","drtg":"109.741","bpm":"-1.065"},{"game_id":118,"team_name":"MEM","player_id":"{\"banede01\"}","player_name":"{\"Desmond Bane\"}","ts_pct":"0.674","efg_pct":"0.679","three_par":"0.649","ftr":"0.034","orb_pct":"2.479","drb_pct":"10.133","trb_pct":"6.240","ast_pct":"6.937","stl_pct":"1.464","blk_pct":"0.000","tov_pct":"13.416","usg_pct":"16.817","ortg":"122.314","drtg":"111.886","bpm":"-1.663"},{"game_id":118,"team_name":"MEM","player_id":"benchMEM","player_name":"Bench of MEM","ts_pct":"0.519","efg_pct":"0.486","three_par":"0.410","ftr":"0.176","orb_pct":"3.361","drb_pct":"16.918","trb_pct":"10.065","ast_pct":"10.818","stl_pct":"1.918","blk_pct":"1.506","tov_pct":"10.170","usg_pct":"16.508","ortg":"107.352","drtg":"107.757","bpm":"-1.354"},{"game_id":118,"team_name":"CLE","player_id":"{\"makerth01\"}","player_name":"{\"Thon Maker\"}","ts_pct":"0.644","efg_pct":"0.451","three_par":"0.122","ftr":"0.434","orb_pct":"8.953","drb_pct":"19.666","trb_pct":"13.668","ast_pct":"12.506","stl_pct":"0.901","blk_pct":"3.565","tov_pct":"16.692","usg_pct":"14.876","ortg":"122.024","drtg":"112.659","bpm":"-1.334"},{"game_id":118,"team_name":"CLE","player_id":"{\"okorois01\"}","player_name":"{\"Isaac Okoro\"}","ts_pct":"0.593","efg_pct":"0.564","three_par":"0.444","ftr":"0.267","orb_pct":"0.000","drb_pct":"5.286","trb_pct":"2.889","ast_pct":"9.700","stl_pct":"0.367","blk_pct":"0.000","tov_pct":"18.861","usg_pct":"8.589","ortg":"109.194","drtg":"114.694","bpm":"-5.308"},{"game_id":118,"team_name":"CLE","player_id":"{\"osmande01\"}","player_name":"{\"Cedi Osman\"}","ts_pct":"0.437","efg_pct":"0.409","three_par":"0.568","ftr":"0.175","orb_pct":"2.673","drb_pct":"12.564","trb_pct":"7.526","ast_pct":"17.200","stl_pct":"1.844","blk_pct":"1.012","tov_pct":"7.122","usg_pct":"20.835","ortg":"94.824","drtg":"108.588","bpm":"-3.164"},{"game_id":118,"team_name":"CLE","player_id":"{\"drumman01\"}","player_name":"{\"Andre Drummond\"}","ts_pct":"0.498","efg_pct":"0.492","three_par":"0.036","ftr":"0.329","orb_pct":"15.744","drb_pct":"36.920","trb_pct":"26.041","ast_pct":"14.859","stl_pct":"2.412","blk_pct":"4.985","tov_pct":"16.895","usg_pct":"30.471","ortg":"94.353","drtg":"97.506","bpm":"-1.000"},{"game_id":118,"team_name":"CLE","player_id":"{\"dotsoda01\"}","player_name":"{\"Damyean Dotson\"}","ts_pct":"0.501","efg_pct":"0.504","three_par":"0.615","ftr":"0.037","orb_pct":"1.800","drb_pct":"6.579","trb_pct":"4.109","ast_pct":"11.186","stl_pct":"1.135","blk_pct":"0.000","tov_pct":"10.495","usg_pct":"14.776","ortg":"94.341","drtg":"115.859","bpm":"-4.089"},{"game_id":118,"team_name":"CLE","player_id":"{\"nancela02\"}","player_name":"{\"Larry Nance Jr.\"}","ts_pct":"0.524","efg_pct":"0.537","three_par":"0.461","ftr":"0.245","orb_pct":"4.921","drb_pct":"14.475","trb_pct":"9.509","ast_pct":"16.644","stl_pct":"3.082","blk_pct":"1.365","tov_pct":"14.253","usg_pct":"12.451","ortg":"105.729","drtg":"105.271","bpm":"0.725"},{"game_id":118,"team_name":"CLE","player_id":"benchCLE","player_name":"Bench of CLE","ts_pct":"0.348","efg_pct":"0.275","three_par":"0.226","ftr":"0.337","orb_pct":"6.509","drb_pct":"18.665","trb_pct":"12.632","ast_pct":"5.540","stl_pct":"2.519","blk_pct":"1.829","tov_pct":"10.342","usg_pct":"19.432","ortg":"71.187","drtg":"107.958","bpm":"-7.519"}]