[{"game_id":1235,"team_name":"UTA","player_id":"{\"mitchdo01\"}","player_name":"{\"Donovan Mitchell\"}","fg":"8.400","fga":"20.094","fg_pct":"0.418","three_p":"2.094","three_pa":"6.212","three_p_pct":"0.337","ft":"4.965","fta":"6.553","ft_pct":"0.758","orb":"1.447","drb":"3.541","trb":"4.988","ast":"3.271","stl":"1.694","blk":"0.212","tov":"2.765","pf":"2.941","pts":"23.859"},{"game_id":1235,"team_name":"UTA","player_id":"{\"goberru01\"}","player_name":"{\"Rudy Gobert\"}","fg":"3.365","fga":"5.906","fg_pct":"0.570","three_p":"0.000","three_pa":"0.000","three_p_pct":"NaN","ft":"3.435","fta":"4.506","ft_pct":"0.762","orb":"2.788","drb":"8.212","trb":"11.000","ast":"1.482","stl":"1.000","blk":"1.635","tov":"2.906","pf":"3.235","pts":"10.165"},{"game_id":1235,"team_name":"UTA","player_id":"{\"conlemi01\"}","player_name":"{\"Mike Conley\"}","fg":"5.012","fga":"13.824","fg_pct":"0.363","three_p":"1.624","three_pa":"5.776","three_p_pct":"0.281","ft":"4.988","fta":"6.012","ft_pct":"0.830","orb":"0.176","drb":"2.553","trb":"2.729","ast":"5.388","stl":"0.541","blk":"0.153","tov":"2.118","pf":"2.353","pts":"16.635"},{"game_id":1235,"team_name":"UTA","player_id":"{\"inglejo01\"}","player_name":"{\"Joe Ingles\"}","fg":"2.000","fga":"6.153","fg_pct":"0.325","three_p":"1.306","three_pa":"4.659","three_p_pct":"0.280","ft":"0.376","fta":"0.376","ft_pct":"1.000","orb":"0.447","drb":"4.518","trb":"4.965","ast":"4.094","stl":"1.553","blk":"0.000","tov":"1.729","pf":"2.506","pts":"5.682"},{"game_id":1235,"team_name":"UTA","player_id":"{\"bogdabo02\"}","player_name":"{\"Bojan Bogdanović\"}","fg":"6.671","fga":"14.624","fg_pct":"0.456","three_p":"2.294","three_pa":"5.941","three_p_pct":"0.386","ft":"3.824","fta":"4.153","ft_pct":"0.921","orb":"0.447","drb":"4.306","trb":"4.753","ast":"1.988","stl":"1.447","blk":"0.200","tov":"1.741","pf":"2.035","pts":"19.459"},{"game_id":1235,"team_name":"UTA","player_id":"{\"onealro01\"}","player_name":"{\"Royce O'Neale\"}","fg":"3.965","fga":"7.400","fg_pct":"0.536","three_p":"1.482","three_pa":"3.718","three_p_pct":"0.399","ft":"0.282","fta":"0.376","ft_pct":"0.750","orb":"0.212","drb":"4.129","trb":"4.341","ast":"1.753","stl":"0.412","blk":"0.482","tov":"1.565","pf":"2.976","pts":"9.694"},{"game_id":1235,"team_name":"UTA","player_id":"benchUTA","player_name":"Bench of UTA","fg":"2.120","fga":"4.915","fg_pct":"0.431","three_p":"0.468","three_pa":"1.635","three_p_pct":"0.286","ft":"1.080","fta":"1.445","ft_pct":"0.747","orb":"0.562","drb":"2.309","trb":"2.872","ast":"1.146","stl":"0.245","blk":"0.232","tov":"1.093","pf":"1.523","pts":"5.788"},{"game_id":1235,"team_name":"LAC","player_id":"{\"shamela01\"}","player_name":"{\"Landry Shamet\"}","fg":"2.941","fga":"7.153","fg_pct":"0.411","three_p":"2.106","three_pa":"5.518","three_p_pct":"0.382","ft":"1.306","fta":"1.306","ft_pct":"1.000","orb":"0.059","drb":"1.859","trb":"1.918","ast":"2.235","stl":"0.588","blk":"0.129","tov":"1.129","pf":"2.906","pts":"9.294"},{"game_id":1235,"team_name":"LAC","player_id":"{\"pattepa01\"}","player_name":"{\"Patrick Patterson\"}","fg":"1.459","fga":"3.647","fg_pct":"0.400","three_p":"1.188","three_pa":"2.600","three_p_pct":"0.457","ft":"0.118","fta":"0.235","ft_pct":"0.502","orb":"0.376","drb":"2.188","trb":"2.565","ast":"0.729","stl":"0.153","blk":"0.141","tov":"0.376","pf":"1.447","pts":"4.224"},{"game_id":1235,"team_name":"LAC","player_id":"{\"willilo02\"}","player_name":"{\"Lou Williams\"}","fg":"6.824","fga":"15.965","fg_pct":"0.427","three_p":"1.388","three_pa":"4.141","three_p_pct":"0.335","ft":"6.412","fta":"7.671","ft_pct":"0.836","orb":"0.718","drb":"2.471","trb":"3.188","ast":"6.176","stl":"0.753","blk":"0.059","tov":"2.800","pf":"1.541","pts":"21.447"},{"game_id":1235,"team_name":"LAC","player_id":"{\"greenja01\"}","player_name":"{\"JaMychal Green\"}","fg":"3.247","fga":"6.165","fg_pct":"0.527","three_p":"2.188","three_pa":"4.000","three_p_pct":"0.547","ft":"1.129","fta":"1.400","ft_pct":"0.806","orb":"0.812","drb":"3.188","trb":"4.000","ast":"0.553","stl":"0.447","blk":"0.000","tov":"1.047","pf":"3.753","pts":"9.812"},{"game_id":1235,"team_name":"LAC","player_id":"{\"beverpa01\"}","player_name":"{\"Patrick Beverley\"}","fg":"2.929","fga":"7.553","fg_pct":"0.388","three_p":"1.482","three_pa":"4.953","three_p_pct":"0.299","ft":"0.765","fta":"1.235","ft_pct":"0.619","orb":"1.376","drb":"6.212","trb":"7.588","ast":"4.000","stl":"1.694","blk":"0.624","tov":"2.012","pf":"3.741","pts":"8.106"},{"game_id":1235,"team_name":"LAC","player_id":"{\"robinje01\"}","player_name":"{\"Jerome Robinson\"}","fg":"1.000","fga":"2.412","fg_pct":"0.415","three_p":"0.553","three_pa":"1.012","three_p_pct":"0.546","ft":"0.565","fta":"0.624","ft_pct":"0.905","orb":"0.188","drb":"1.059","trb":"1.247","ast":"0.894","stl":"0.235","blk":"0.000","tov":"0.224","pf":"0.671","pts":"3.118"},{"game_id":1235,"team_name":"LAC","player_id":"benchLAC","player_name":"Bench of LAC","fg":"2.439","fga":"4.206","fg_pct":"0.580","three_p":"0.290","three_pa":"0.828","three_p_pct":"0.350","ft":"1.177","fta":"1.655","ft_pct":"0.711","orb":"1.131","drb":"2.149","trb":"3.280","ast":"0.840","stl":"0.524","blk":"0.580","tov":"0.798","pf":"1.452","pts":"6.343"}]