[{"game_id":1051,"team_name":"WAS","player_id":"teamWAS","player_name":"Team name: WAS","fg":"49.091","fga":"98.857","fg_pct":"0.497","three_p":"9.114","three_pa":"24.286","three_p_pct":"0.375","ft":"22.029","fta":"27.160","ft_pct":"0.811","orb":"11.366","drb":"35.474","trb":"46.840","ast":"29.006","stl":"7.474","blk":"5.509","tov":"10.937","pf":"21.417","pts":"129.326"},{"game_id":1051,"team_name":"CLE","player_id":"teamCLE","player_name":"Team name: CLE","fg":"35.451","fga":"85.583","fg_pct":"0.414","three_p":"11.206","three_pa":"33.943","three_p_pct":"0.330","ft":"19.280","fta":"25.720","ft_pct":"0.750","orb":"10.857","drb":"33.326","trb":"44.183","ast":"23.629","stl":"6.097","blk":"2.994","tov":"14.229","pf":"15.034","pts":"101.389"}]