[{"game_id":1092,"team_name":"PHO","player_id":"teamPHO","player_name":"Team name: PHO","fg":"45.126","fga":"88.914","fg_pct":"0.508","three_p":"13.440","three_pa":"33.103","three_p_pct":"0.406","ft":"18.131","fta":"20.623","ft_pct":"0.879","orb":"8.057","drb":"33.234","trb":"41.291","ast":"27.497","stl":"7.200","blk":"4.949","tov":"9.617","pf":"18.274","pts":"121.823"},{"game_id":1092,"team_name":"LAL","player_id":"teamLAL","player_name":"Team name: LAL","fg":"39.794","fga":"87.343","fg_pct":"0.456","three_p":"10.811","three_pa":"29.760","three_p_pct":"0.363","ft":"18.691","fta":"26.023","ft_pct":"0.718","orb":"10.457","drb":"33.874","trb":"44.331","ast":"25.766","stl":"8.377","blk":"4.920","tov":"13.034","pf":"18.891","pts":"109.091"}]