[{"game_id":119,"team_name":"DEN","player_id":"teamDEN","player_name":"Team name: DEN","ts_pct":"0.549","efg_pct":"0.510","three_par":"0.391","ftr":"0.358","orb_pct":"6.351","drb_pct":"15.861","trb_pct":"11.364","ast_pct":"13.942","stl_pct":"1.239","blk_pct":"1.722","tov_pct":"13.526","usg_pct":"21.589","ortg":"107.417","drtg":"133.834","bpm":"-4.601"},{"game_id":119,"team_name":"DAL","player_id":"teamDAL","player_name":"Team name: DAL","ts_pct":"0.612","efg_pct":"0.566","three_par":"0.490","ftr":"0.491","orb_pct":"5.807","drb_pct":"18.524","trb_pct":"12.641","ast_pct":"15.626","stl_pct":"1.825","blk_pct":"1.560","tov_pct":"13.882","usg_pct":"24.665","ortg":"126.147","drtg":"135.751","bpm":"-3.285"}]