[{"game_id":112,"team_name":"MIL","player_id":"teamMIL","player_name":"Team name: MIL","ts_pct":"0.664","efg_pct":"0.621","three_par":"0.535","ftr":"0.192","orb_pct":"5.216","drb_pct":"17.784","trb_pct":"11.576","ast_pct":"14.953","stl_pct":"2.031","blk_pct":"2.169","tov_pct":"14.499","usg_pct":"21.040","ortg":"132.790","drtg":"123.188","bpm":"1.207"},{"game_id":112,"team_name":"DET","player_id":"teamDET","player_name":"Team name: DET","ts_pct":"0.560","efg_pct":"0.524","three_par":"0.411","ftr":"0.270","orb_pct":"5.246","drb_pct":"16.423","trb_pct":"10.401","ast_pct":"15.640","stl_pct":"1.582","blk_pct":"1.600","tov_pct":"11.192","usg_pct":"20.758","ortg":"115.802","drtg":"125.291","bpm":"-2.664"}]