[{"game_id":1102,"team_name":"UTA","player_id":"{\"conlemi01\"}","player_name":"{\"Mike Conley\"}","fg":"5.118","fga":"12.988","fg_pct":"0.394","three_p":"2.506","three_pa":"6.600","three_p_pct":"0.380","ft":"3.435","fta":"3.871","ft_pct":"0.887","orb":"0.471","drb":"3.859","trb":"4.329","ast":"8.671","stl":"1.353","blk":"0.553","tov":"2.106","pf":"2.235","pts":"16.176"},{"game_id":1102,"team_name":"UTA","player_id":"{\"goberru01\"}","player_name":"{\"Rudy Gobert\"}","fg":"5.294","fga":"7.694","fg_pct":"0.688","three_p":"0.000","three_pa":"0.141","three_p_pct":"0.000","ft":"2.929","fta":"4.882","ft_pct":"0.600","orb":"4.141","drb":"10.941","trb":"15.082","ast":"1.000","stl":"0.588","blk":"1.788","tov":"2.035","pf":"2.471","pts":"13.518"},{"game_id":1102,"team_name":"UTA","player_id":"{\"onealro01\"}","player_name":"{\"Royce O'Neale\"}","fg":"2.459","fga":"6.176","fg_pct":"0.398","three_p":"1.541","three_pa":"4.071","three_p_pct":"0.379","ft":"0.329","fta":"0.471","ft_pct":"0.699","orb":"1.553","drb":"3.882","trb":"5.435","ast":"2.447","stl":"0.729","blk":"0.329","tov":"1.224","pf":"2.200","pts":"6.788"},{"game_id":1102,"team_name":"UTA","player_id":"{\"bogdabo02\"}","player_name":"{\"Bojan Bogdanović\"}","fg":"8.341","fga":"16.859","fg_pct":"0.495","three_p":"2.941","three_pa":"7.071","three_p_pct":"0.416","ft":"5.071","fta":"5.459","ft_pct":"0.929","orb":"0.800","drb":"3.812","trb":"4.612","ast":"1.824","stl":"0.953","blk":"0.000","tov":"3.259","pf":"1.553","pts":"24.694"},{"game_id":1102,"team_name":"UTA","player_id":"{\"inglejo01\"}","player_name":"{\"Joe Ingles\"}","fg":"3.624","fga":"9.012","fg_pct":"0.402","three_p":"2.200","three_pa":"6.624","three_p_pct":"0.332","ft":"1.071","fta":"1.235","ft_pct":"0.867","orb":"0.059","drb":"3.294","trb":"3.353","ast":"5.788","stl":"0.659","blk":"0.000","tov":"1.835","pf":"1.294","pts":"10.518"},{"game_id":1102,"team_name":"UTA","player_id":"{\"mitchdo01\"}","player_name":"{\"Donovan Mitchell\"}","fg":"10.071","fga":"22.847","fg_pct":"0.441","three_p":"3.106","three_pa":"9.165","three_p_pct":"0.339","ft":"6.671","fta":"7.847","ft_pct":"0.850","orb":"0.718","drb":"3.306","trb":"4.024","ast":"3.776","stl":"0.753","blk":"0.318","tov":"2.106","pf":"2.235","pts":"29.918"},{"game_id":1102,"team_name":"UTA","player_id":"benchUTA","player_name":"Bench of UTA","fg":"5.249","fga":"10.856","fg_pct":"0.484","three_p":"1.968","three_pa":"5.453","three_p_pct":"0.361","ft":"1.872","fta":"2.214","ft_pct":"0.846","orb":"0.766","drb":"3.442","trb":"4.208","ast":"1.639","stl":"0.625","blk":"0.533","tov":"1.082","pf":"1.884","pts":"14.339"},{"game_id":1102,"team_name":"MEM","player_id":"{\"tillmxa01\"}","player_name":"{\"Xavier Tillman Sr.\"}","fg":"2.000","fga":"3.965","fg_pct":"0.504","three_p":"0.424","three_pa":"0.753","three_p_pct":"0.563","ft":"0.353","fta":"1.024","ft_pct":"0.345","orb":"1.235","drb":"2.341","trb":"3.576","ast":"0.682","stl":"0.612","blk":"0.635","tov":"1.024","pf":"0.894","pts":"4.776"},{"game_id":1102,"team_name":"MEM","player_id":"{\"jonesty01\"}","player_name":"{\"Tyus Jones\"}","fg":"1.400","fga":"3.682","fg_pct":"0.380","three_p":"0.388","three_pa":"0.941","three_p_pct":"0.412","ft":"1.012","fta":"1.012","ft_pct":"1.000","orb":"0.153","drb":"1.412","trb":"1.565","ast":"1.976","stl":"0.388","blk":"0.000","tov":"0.424","pf":"0.624","pts":"4.200"},{"game_id":1102,"team_name":"MEM","player_id":"{\"moranja01\"}","player_name":"{\"Ja Morant\"}","fg":"8.400","fga":"18.565","fg_pct":"0.452","three_p":"1.918","three_pa":"5.259","three_p_pct":"0.365","ft":"2.953","fta":"4.600","ft_pct":"0.642","orb":"1.306","drb":"3.788","trb":"5.094","ast":"7.071","stl":"1.306","blk":"0.106","tov":"3.788","pf":"1.329","pts":"21.671"},{"game_id":1102,"team_name":"MEM","player_id":"{\"anderky01\"}","player_name":"{\"Kyle Anderson\"}","fg":"4.129","fga":"8.812","fg_pct":"0.469","three_p":"1.247","three_pa":"2.518","three_p_pct":"0.495","ft":"2.776","fta":"3.282","ft_pct":"0.846","orb":"0.776","drb":"4.506","trb":"5.282","ast":"4.247","stl":"1.576","blk":"1.459","tov":"1.376","pf":"2.106","pts":"12.282"},{"game_id":1102,"team_name":"MEM","player_id":"{\"jacksja02\"}","player_name":"{\"Jaren Jackson Jr.\"}","fg":"3.565","fga":"9.294","fg_pct":"0.384","three_p":"1.671","three_pa":"5.212","three_p_pct":"0.321","ft":"3.082","fta":"3.518","ft_pct":"0.876","orb":"1.612","drb":"2.953","trb":"4.565","ast":"1.224","stl":"1.565","blk":"1.565","tov":"1.306","pf":"3.600","pts":"11.882"},{"game_id":1102,"team_name":"MEM","player_id":"{\"valanjo01\"}","player_name":"{\"Jonas Valančiūnas\"}","fg":"7.694","fga":"11.882","fg_pct":"0.648","three_p":"0.141","three_pa":"0.412","three_p_pct":"0.342","ft":"2.718","fta":"3.788","ft_pct":"0.718","orb":"4.788","drb":"9.918","trb":"14.706","ast":"2.024","stl":"0.318","blk":"1.729","tov":"1.459","pf":"3.541","pts":"18.247"},{"game_id":1102,"team_name":"MEM","player_id":"benchMEM","player_name":"Bench of MEM","fg":"3.970","fga":"9.775","fg_pct":"0.406","three_p":"1.096","three_pa":"3.856","three_p_pct":"0.284","ft":"1.214","fta":"1.640","ft_pct":"0.740","orb":"0.600","drb":"2.384","trb":"2.983","ast":"1.907","stl":"0.869","blk":"0.537","tov":"0.870","pf":"1.880","pts":"10.250"}]