[{"game_id":1044,"team_name":"IND","player_id":"{\"stanlca01\"}","player_name":"{\"Cassius Stanley\"}","ts_pct":"0.488","efg_pct":"0.460","three_par":"0.308","ftr":"0.176","orb_pct":"4.734","drb_pct":"11.702","trb_pct":"8.401","ast_pct":"2.128","stl_pct":"0.593","blk_pct":"0.000","tov_pct":"0.000","usg_pct":"25.384","ortg":"99.847","drtg":"112.247","bpm":"-7.198"},{"game_id":1044,"team_name":"IND","player_id":"{\"mccontj01\"}","player_name":"{\"T.J. McConnell\"}","ts_pct":"0.598","efg_pct":"0.576","three_par":"0.123","ftr":"0.130","orb_pct":"5.720","drb_pct":"11.234","trb_pct":"8.607","ast_pct":"27.433","stl_pct":"3.862","blk_pct":"0.634","tov_pct":"20.041","usg_pct":"18.281","ortg":"113.953","drtg":"108.188","bpm":"-0.296"},{"game_id":1044,"team_name":"IND","player_id":"{\"holidju01\"}","player_name":"{\"Justin Holiday\"}","ts_pct":"0.693","efg_pct":"0.659","three_par":"0.683","ftr":"0.229","orb_pct":"0.879","drb_pct":"11.561","trb_pct":"6.891","ast_pct":"7.107","stl_pct":"0.207","blk_pct":"4.558","tov_pct":"3.224","usg_pct":"12.800","ortg":"134.776","drtg":"113.600","bpm":"1.660"},{"game_id":1044,"team_name":"IND","player_id":"{\"brissos01\"}","player_name":"{\"Oshae Brissett\"}","ts_pct":"0.617","efg_pct":"0.566","three_par":"0.457","ftr":"0.452","orb_pct":"5.781","drb_pct":"14.975","trb_pct":"10.989","ast_pct":"2.607","stl_pct":"2.167","blk_pct":"3.080","tov_pct":"9.254","usg_pct":"13.814","ortg":"117.729","drtg":"109.447","bpm":"-1.787"},{"game_id":1044,"team_name":"IND","player_id":"{\"mcderdo01\"}","player_name":"{\"Doug McDermott\"}","ts_pct":"0.669","efg_pct":"0.660","three_par":"0.391","ftr":"0.194","orb_pct":"1.998","drb_pct":"8.005","trb_pct":"5.320","ast_pct":"6.165","stl_pct":"0.601","blk_pct":"0.226","tov_pct":"7.475","usg_pct":"21.622","ortg":"118.906","drtg":"116.353","bpm":"-1.622"},{"game_id":1044,"team_name":"IND","player_id":"{\"martike03\"}","player_name":"{\"Kelan Martin\"}","ts_pct":"0.512","efg_pct":"0.512","three_par":"0.342","ftr":"0.041","orb_pct":"3.191","drb_pct":"21.145","trb_pct":"13.031","ast_pct":"6.973","stl_pct":"0.649","blk_pct":"1.884","tov_pct":"11.407","usg_pct":"19.975","ortg":"87.824","drtg":"111.671","bpm":"-3.399"},{"game_id":1044,"team_name":"IND","player_id":"benchIND","player_name":"Bench of IND","ts_pct":"0.547","efg_pct":"0.507","three_par":"0.306","ftr":"0.276","orb_pct":"6.787","drb_pct":"21.321","trb_pct":"14.371","ast_pct":"17.172","stl_pct":"0.887","blk_pct":"5.390","tov_pct":"10.825","usg_pct":"18.978","ortg":"107.384","drtg":"108.730","bpm":"-0.703"},{"game_id":1044,"team_name":"MIL","player_id":"{\"teaguje01\"}","player_name":"{\"Jeff Teague\"}","ts_pct":"0.514","efg_pct":"0.480","three_par":"0.235","ftr":"0.267","orb_pct":"2.528","drb_pct":"6.141","trb_pct":"4.419","ast_pct":"14.938","stl_pct":"1.971","blk_pct":"1.581","tov_pct":"29.014","usg_pct":"19.892","ortg":"84.200","drtg":"117.529","bpm":"-6.844"},{"game_id":1044,"team_name":"MIL","player_id":"{\"antetgi01\"}","player_name":"{\"Giannis Antetokounmpo\"}","ts_pct":"0.651","efg_pct":"0.575","three_par":"0.194","ftr":"0.366","orb_pct":"2.933","drb_pct":"26.072","trb_pct":"14.567","ast_pct":"34.165","stl_pct":"6.634","blk_pct":"2.407","tov_pct":"9.285","usg_pct":"32.716","ortg":"132.741","drtg":"102.141","bpm":"18.268"},{"game_id":1044,"team_name":"MIL","player_id":"{\"holidjr01\"}","player_name":"{\"Jrue Holiday\"}","ts_pct":"0.587","efg_pct":"0.568","three_par":"0.358","ftr":"0.207","orb_pct":"4.219","drb_pct":"9.432","trb_pct":"6.907","ast_pct":"26.742","stl_pct":"1.453","blk_pct":"2.367","tov_pct":"12.102","usg_pct":"24.311","ortg":"119.906","drtg":"118.635","bpm":"1.746"},{"game_id":1044,"team_name":"MIL","player_id":"{\"middlkh01\"}","player_name":"{\"Khris Middleton\"}","ts_pct":"0.547","efg_pct":"0.482","three_par":"0.381","ftr":"0.265","orb_pct":"2.140","drb_pct":"16.584","trb_pct":"9.416","ast_pct":"19.601","stl_pct":"0.939","blk_pct":"0.000","tov_pct":"8.589","usg_pct":"25.852","ortg":"113.329","drtg":"116.929","bpm":"-0.981"},{"game_id":1044,"team_name":"MIL","player_id":"{\"divindo01\"}","player_name":"{\"Donte DiVincenzo\"}","ts_pct":"0.569","efg_pct":"0.570","three_par":"0.635","ftr":"0.120","orb_pct":"4.454","drb_pct":"18.644","trb_pct":"11.346","ast_pct":"14.218","stl_pct":"1.386","blk_pct":"1.315","tov_pct":"9.502","usg_pct":"16.229","ortg":"114.329","drtg":"117.412","bpm":"1.901"},{"game_id":1044,"team_name":"MIL","player_id":"{\"lopezbr01\"}","player_name":"{\"Brook Lopez\"}","ts_pct":"0.606","efg_pct":"0.571","three_par":"0.271","ftr":"0.397","orb_pct":"7.952","drb_pct":"10.446","trb_pct":"9.288","ast_pct":"3.387","stl_pct":"0.836","blk_pct":"6.227","tov_pct":"6.640","usg_pct":"19.391","ortg":"124.600","drtg":"116.482","bpm":"0.266"},{"game_id":1044,"team_name":"MIL","player_id":"benchMIL","player_name":"Bench of MIL","ts_pct":"0.535","efg_pct":"0.516","three_par":"0.604","ftr":"0.146","orb_pct":"6.044","drb_pct":"17.064","trb_pct":"11.582","ast_pct":"5.352","stl_pct":"1.551","blk_pct":"0.899","tov_pct":"11.530","usg_pct":"14.190","ortg":"105.460","drtg":"116.487","bpm":"-2.623"}]