[{"game_id":1119,"team_name":"BRK","player_id":"teamBRK","player_name":"Team name: BRK","fg":"42.783","fga":"83.869","fg_pct":"0.510","three_p":"14.120","three_pa":"32.994","three_p_pct":"0.428","ft":"20.977","fta":"24.726","ft_pct":"0.848","orb":"8.703","drb":"34.697","trb":"43.400","ast":"26.446","stl":"7.046","blk":"6.960","tov":"11.046","pf":"21.531","pts":"120.663"},{"game_id":1119,"team_name":"BOS","player_id":"teamBOS","player_name":"Team name: BOS","fg":"39.497","fga":"89.651","fg_pct":"0.441","three_p":"14.011","three_pa":"38.600","three_p_pct":"0.363","ft":"19.634","fta":"24.303","ft_pct":"0.808","orb":"10.789","drb":"30.823","trb":"41.611","ast":"22.434","stl":"7.274","blk":"5.577","tov":"11.829","pf":"20.954","pts":"112.640"}]