[{"game_id":1154,"team_name":"PHI","player_id":"teamPHI","player_name":"Team name: PHI","ts_pct":"0.617","efg_pct":"0.590","three_par":"0.399","ftr":"0.429","orb_pct":"5.619","drb_pct":"17.339","trb_pct":"11.771","ast_pct":"13.479","stl_pct":"1.717","blk_pct":"2.202","tov_pct":"12.624","usg_pct":"22.320","ortg":"124.402","drtg":"128.759","bpm":"-0.673"},{"game_id":1154,"team_name":"ATL","player_id":"teamATL","player_name":"Team name: ATL","ts_pct":"0.488","efg_pct":"0.456","three_par":"0.363","ftr":"0.267","orb_pct":"5.541","drb_pct":"16.588","trb_pct":"11.378","ast_pct":"11.364","stl_pct":"1.297","blk_pct":"2.146","tov_pct":"10.403","usg_pct":"19.909","ortg":"100.330","drtg":"117.335","bpm":"-0.087"}]