[{"game_id":1226,"team_name":"CLE","player_id":"teamCLE","player_name":"Team name: CLE","fg":"40.440","fga":"89.526","fg_pct":"0.452","three_p":"9.377","three_pa":"29.829","three_p_pct":"0.314","ft":"13.606","fta":"18.274","ft_pct":"0.745","orb":"12.171","drb":"33.234","trb":"45.406","ast":"19.789","stl":"6.914","blk":"2.286","tov":"13.646","pf":"17.560","pts":"103.863"},{"game_id":1226,"team_name":"CHI","player_id":"teamCHI","player_name":"Team name: CHI","fg":"39.434","fga":"92.766","fg_pct":"0.425","three_p":"8.314","three_pa":"28.766","three_p_pct":"0.289","ft":"15.463","fta":"20.989","ft_pct":"0.737","orb":"10.789","drb":"33.851","trb":"44.640","ast":"19.897","stl":"7.926","blk":"4.109","tov":"10.794","pf":"19.600","pts":"102.646"}]