[{"game_id":1050,"team_name":"MIN","player_id":"teamMIN","player_name":"Team name: MIN","fg":"44.320","fga":"93.354","fg_pct":"0.475","three_p":"14.491","three_pa":"41.629","three_p_pct":"0.348","ft":"17.663","fta":"24.766","ft_pct":"0.713","orb":"11.377","drb":"35.703","trb":"47.080","ast":"29.109","stl":"9.480","blk":"5.143","tov":"13.777","pf":"22.131","pts":"120.794"},{"game_id":1050,"team_name":"DEN","player_id":"teamDEN","player_name":"Team name: DEN","fg":"41.640","fga":"87.246","fg_pct":"0.477","three_p":"12.366","three_pa":"34.554","three_p_pct":"0.358","ft":"19.183","fta":"22.880","ft_pct":"0.838","orb":"8.977","drb":"33.503","trb":"42.480","ast":"25.531","stl":"9.000","blk":"4.743","tov":"13.606","pf":"20.440","pts":"114.829"}]