[{"game_id":1068,"team_name":"WAS","player_id":"{\"hutchch01\"}","player_name":"{\"Chandler Hutchison\"}","fg":"1.847","fga":"4.518","fg_pct":"0.409","three_p":"0.471","three_pa":"0.788","three_p_pct":"0.598","ft":"1.224","fta":"1.494","ft_pct":"0.819","orb":"0.176","drb":"3.059","trb":"3.235","ast":"0.659","stl":"0.847","blk":"0.576","tov":"0.647","pf":"1.576","pts":"5.388"},{"game_id":1068,"team_name":"WAS","player_id":"{\"mathega01\"}","player_name":"{\"Garrison Mathews\"}","fg":"1.200","fga":"3.306","fg_pct":"0.363","three_p":"1.059","three_pa":"3.059","three_p_pct":"0.346","ft":"1.565","fta":"1.918","ft_pct":"0.816","orb":"0.094","drb":"0.800","trb":"0.894","ast":"0.094","stl":"0.235","blk":"0.000","tov":"0.118","pf":"1.482","pts":"5.024"},{"game_id":1068,"team_name":"WAS","player_id":"{\"gillan01\"}","player_name":"{\"Anthony Gill\"}","fg":"2.694","fga":"4.776","fg_pct":"0.564","three_p":"0.588","three_pa":"1.388","three_p_pct":"0.424","ft":"1.400","fta":"1.624","ft_pct":"0.862","orb":"0.835","drb":"1.659","trb":"2.494","ast":"0.800","stl":"0.729","blk":"0.259","tov":"0.329","pf":"2.141","pts":"7.376"},{"game_id":1068,"team_name":"WAS","player_id":"{\"lenal01\"}","player_name":"{\"Alex Len\"}","fg":"2.365","fga":"4.694","fg_pct":"0.504","three_p":"0.000","three_pa":"0.047","three_p_pct":"0.000","ft":"1.247","fta":"1.471","ft_pct":"0.848","orb":"1.918","drb":"3.576","trb":"5.494","ast":"0.624","stl":"0.706","blk":"1.059","tov":"0.235","pf":"1.753","pts":"5.976"},{"game_id":1068,"team_name":"WAS","player_id":"{\"westbru01\"}","player_name":"{\"Russell Westbrook\"}","fg":"9.247","fga":"20.741","fg_pct":"0.446","three_p":"1.824","three_pa":"5.212","three_p_pct":"0.350","ft":"5.153","fta":"6.541","ft_pct":"0.788","orb":"1.400","drb":"11.976","trb":"13.376","ast":"16.518","stl":"1.765","blk":"0.412","tov":"3.765","pf":"3.365","pts":"25.471"},{"game_id":1068,"team_name":"WAS","player_id":"{\"bealbr01\"}","player_name":"{\"Bradley Beal\"}","fg":"12.918","fga":"24.788","fg_pct":"0.521","three_p":"1.859","three_pa":"4.694","three_p_pct":"0.396","ft":"6.153","fta":"7.529","ft_pct":"0.817","orb":"1.553","drb":"2.635","trb":"4.188","ast":"3.188","stl":"0.918","blk":"0.518","tov":"2.329","pf":"1.882","pts":"33.847"},{"game_id":1068,"team_name":"WAS","player_id":"benchWAS","player_name":"Bench of WAS","fg":"4.503","fga":"8.963","fg_pct":"0.502","three_p":"0.852","three_pa":"2.410","three_p_pct":"0.354","ft":"1.496","fta":"1.891","ft_pct":"0.791","orb":"1.095","drb":"2.630","trb":"3.724","ast":"1.178","stl":"0.548","blk":"0.511","tov":"0.753","pf":"1.787","pts":"11.354"},{"game_id":1068,"team_name":"CHO","player_id":"{\"monkma01\"}","player_name":"{\"Malik Monk\"}","fg":"2.682","fga":"8.235","fg_pct":"0.326","three_p":"1.529","three_pa":"4.976","three_p_pct":"0.307","ft":"0.635","fta":"0.788","ft_pct":"0.806","orb":"0.200","drb":"1.471","trb":"1.671","ast":"2.635","stl":"0.318","blk":"0.000","tov":"0.941","pf":"0.824","pts":"7.529"},{"game_id":1068,"team_name":"CHO","player_id":"{\"biyombi01\"}","player_name":"{\"Bismack Biyombo\"}","fg":"2.200","fga":"3.435","fg_pct":"0.640","three_p":"0.000","three_pa":"0.000","three_p_pct":"NaN","ft":"0.318","fta":"1.024","ft_pct":"0.311","orb":"1.918","drb":"3.106","trb":"5.024","ast":"1.047","stl":"0.165","blk":"1.153","tov":"1.388","pf":"2.106","pts":"4.718"},{"game_id":1068,"team_name":"CHO","player_id":"{\"bridgmi02\"}","player_name":"{\"Miles Bridges\"}","fg":"7.918","fga":"15.388","fg_pct":"0.515","three_p":"2.965","three_pa":"6.929","three_p_pct":"0.428","ft":"2.494","fta":"2.835","ft_pct":"0.880","orb":"1.129","drb":"5.435","trb":"6.565","ast":"3.918","stl":"0.741","blk":"0.776","tov":"1.106","pf":"2.753","pts":"21.294"},{"game_id":1068,"team_name":"CHO","player_id":"{\"roziete01\"}","player_name":"{\"Terry Rozier\"}","fg":"7.165","fga":"17.788","fg_pct":"0.403","three_p":"2.706","three_pa":"8.400","three_p_pct":"0.322","ft":"3.118","fta":"4.106","ft_pct":"0.759","orb":"1.188","drb":"3.788","trb":"4.976","ast":"4.624","stl":"1.365","blk":"0.188","tov":"1.776","pf":"1.541","pts":"20.153"},{"game_id":1068,"team_name":"CHO","player_id":"{\"ballla01\"}","player_name":"{\"LaMelo Ball\"}","fg":"5.306","fga":"13.835","fg_pct":"0.384","three_p":"1.012","three_pa":"4.129","three_p_pct":"0.245","ft":"2.753","fta":"4.212","ft_pct":"0.654","orb":"0.835","drb":"5.153","trb":"5.988","ast":"5.988","stl":"1.529","blk":"0.341","tov":"2.918","pf":"2.012","pts":"14.376"},{"game_id":1068,"team_name":"CHO","player_id":"{\"grahade01\"}","player_name":"{\"Devonte' Graham\"}","fg":"5.176","fga":"13.353","fg_pct":"0.388","three_p":"3.976","three_pa":"10.259","three_p_pct":"0.388","ft":"4.176","fta":"4.647","ft_pct":"0.899","orb":"0.576","drb":"2.365","trb":"2.941","ast":"6.424","stl":"0.200","blk":"0.212","tov":"1.588","pf":"1.753","pts":"18.506"},{"game_id":1068,"team_name":"CHO","player_id":"benchCHO","player_name":"Bench of CHO","fg":"4.873","fga":"10.063","fg_pct":"0.484","three_p":"1.071","three_pa":"3.338","three_p_pct":"0.321","ft":"1.325","fta":"2.085","ft_pct":"0.635","orb":"2.050","drb":"5.191","trb":"7.241","ast":"1.612","stl":"1.012","blk":"0.650","tov":"1.281","pf":"2.792","pts":"12.140"}]