[{"game_id":1114,"team_name":"LAL","player_id":"{\"morrima02\"}","player_name":"{\"Markieff Morris\"}","fg":"1.224","fga":"4.529","fg_pct":"0.270","three_p":"0.388","three_pa":"1.635","three_p_pct":"0.237","ft":"0.447","fta":"0.753","ft_pct":"0.594","orb":"0.624","drb":"2.141","trb":"2.765","ast":"1.482","stl":"0.329","blk":"0.129","tov":"0.624","pf":"1.212","pts":"3.282"},{"game_id":1114,"team_name":"LAL","player_id":"{\"harremo01\"}","player_name":"{\"Montrezl Harrell\"}","fg":"3.459","fga":"5.882","fg_pct":"0.588","three_p":"0.000","three_pa":"0.000","three_p_pct":"NaN","ft":"2.647","fta":"3.929","ft_pct":"0.674","orb":"1.353","drb":"2.482","trb":"3.835","ast":"0.506","stl":"0.612","blk":"0.306","tov":"0.859","pf":"1.141","pts":"9.565"},{"game_id":1114,"team_name":"LAL","player_id":"{\"jamesle01\"}","player_name":"{\"LeBron James\"}","fg":"8.200","fga":"16.435","fg_pct":"0.499","three_p":"2.129","three_pa":"5.624","three_p_pct":"0.379","ft":"2.776","fta":"4.224","ft_pct":"0.657","orb":"1.259","drb":"4.765","trb":"6.024","ast":"8.012","stl":"1.565","blk":"0.235","tov":"3.529","pf":"1.306","pts":"21.306"},{"game_id":1114,"team_name":"LAL","player_id":"{\"schrode01\"}","player_name":"{\"Dennis Schröder\"}","fg":"5.459","fga":"12.329","fg_pct":"0.443","three_p":"1.306","three_pa":"4.518","three_p_pct":"0.289","ft":"3.600","fta":"4.259","ft_pct":"0.845","orb":"0.506","drb":"2.353","trb":"2.859","ast":"5.012","stl":"1.247","blk":"0.247","tov":"2.259","pf":"2.376","pts":"15.824"},{"game_id":1114,"team_name":"LAL","player_id":"{\"carusal01\"}","player_name":"{\"Alex Caruso\"}","fg":"3.659","fga":"7.918","fg_pct":"0.462","three_p":"0.976","three_pa":"2.529","three_p_pct":"0.386","ft":"0.435","fta":"0.812","ft_pct":"0.536","orb":"0.565","drb":"1.647","trb":"2.212","ast":"2.459","stl":"0.918","blk":"0.718","tov":"1.318","pf":"2.094","pts":"8.729"},{"game_id":1114,"team_name":"LAL","player_id":"{\"kuzmaky01\"}","player_name":"{\"Kyle Kuzma\"}","fg":"3.141","fga":"8.118","fg_pct":"0.387","three_p":"0.906","three_pa":"3.694","three_p_pct":"0.245","ft":"1.035","fta":"1.376","ft_pct":"0.752","orb":"0.894","drb":"4.165","trb":"5.059","ast":"2.435","stl":"0.624","blk":"0.271","tov":"0.859","pf":"1.518","pts":"8.224"},{"game_id":1114,"team_name":"LAL","player_id":"benchLAL","player_name":"Bench of LAL","fg":"3.366","fga":"7.485","fg_pct":"0.450","three_p":"0.821","three_pa":"2.453","three_p_pct":"0.335","ft":"2.144","fta":"2.759","ft_pct":"0.777","orb":"1.314","drb":"3.877","trb":"5.191","ast":"1.466","stl":"0.649","blk":"0.660","tov":"0.960","pf":"1.883","pts":"9.697"},{"game_id":1114,"team_name":"PHO","player_id":"{\"kaminfr01\"}","player_name":"{\"Frank Kaminsky\"}","fg":"2.459","fga":"6.047","fg_pct":"0.407","three_p":"0.282","three_pa":"1.129","three_p_pct":"0.250","ft":"1.035","fta":"1.376","ft_pct":"0.752","orb":"1.024","drb":"3.976","trb":"5.000","ast":"2.459","stl":"0.129","blk":"0.435","tov":"0.682","pf":"2.341","pts":"6.235"},{"game_id":1114,"team_name":"PHO","player_id":"{\"bookede01\"}","player_name":"{\"Devin Booker\"}","fg":"8.259","fga":"19.012","fg_pct":"0.434","three_p":"1.447","three_pa":"4.918","three_p_pct":"0.294","ft":"8.082","fta":"8.682","ft_pct":"0.931","orb":"0.753","drb":"3.565","trb":"4.318","ast":"4.259","stl":"0.259","blk":"0.000","tov":"3.424","pf":"3.047","pts":"26.047"},{"game_id":1114,"team_name":"PHO","player_id":"{\"aytonde01\"}","player_name":"{\"Deandre Ayton\"}","fg":"7.294","fga":"9.365","fg_pct":"0.779","three_p":"0.000","three_pa":"0.000","three_p_pct":"NaN","ft":"1.071","fta":"1.494","ft_pct":"0.717","orb":"3.353","drb":"6.859","trb":"10.212","ast":"0.918","stl":"0.553","blk":"1.482","tov":"1.365","pf":"2.753","pts":"15.659"},{"game_id":1114,"team_name":"PHO","player_id":"{\"crowdja01\"}","player_name":"{\"Jae Crowder\"}","fg":"2.953","fga":"8.859","fg_pct":"0.333","three_p":"2.059","three_pa":"7.047","three_p_pct":"0.292","ft":"1.812","fta":"2.141","ft_pct":"0.846","orb":"0.718","drb":"3.082","trb":"3.800","ast":"2.118","stl":"1.035","blk":"0.871","tov":"0.847","pf":"3.447","pts":"9.776"},{"game_id":1114,"team_name":"PHO","player_id":"{\"bridgmi01\"}","player_name":"{\"Mikal Bridges\"}","fg":"4.012","fga":"7.553","fg_pct":"0.531","three_p":"1.929","three_pa":"3.682","three_p_pct":"0.524","ft":"1.153","fta":"1.153","ft_pct":"1.000","orb":"0.424","drb":"3.094","trb":"3.518","ast":"1.188","stl":"1.071","blk":"0.612","tov":"0.600","pf":"1.329","pts":"11.106"},{"game_id":1114,"team_name":"PHO","player_id":"{\"paulch01\"}","player_name":"{\"Chris Paul\"}","fg":"5.435","fga":"10.471","fg_pct":"0.519","three_p":"1.024","three_pa":"1.871","three_p_pct":"0.547","ft":"1.706","fta":"2.212","ft_pct":"0.771","orb":"0.188","drb":"3.541","trb":"3.729","ast":"8.224","stl":"1.071","blk":"0.400","tov":"2.012","pf":"2.600","pts":"13.600"},{"game_id":1114,"team_name":"PHO","player_id":"benchPHO","player_name":"Bench of PHO","fg":"3.462","fga":"7.947","fg_pct":"0.436","three_p":"1.681","three_pa":"4.360","three_p_pct":"0.386","ft":"1.023","fta":"1.102","ft_pct":"0.928","orb":"0.652","drb":"2.709","trb":"3.362","ast":"2.365","stl":"0.843","blk":"0.244","tov":"0.757","pf":"1.601","pts":"9.628"}]