[{"game_id":1263,"team_name":"LAC","player_id":"{\"leonaka01\"}","player_name":"{\"Kawhi Leonard\"}","fg":"10.329","fga":"21.400","fg_pct":"0.483","three_p":"2.024","three_pa":"5.435","three_p_pct":"0.372","ft":"6.624","fta":"7.412","ft_pct":"0.894","orb":"2.012","drb":"6.541","trb":"8.553","ast":"5.294","stl":"2.294","blk":"1.153","tov":"3.106","pf":"2.659","pts":"29.306"},{"game_id":1263,"team_name":"LAC","player_id":"{\"beverpa01\"}","player_name":"{\"Patrick Beverley\"}","fg":"3.141","fga":"8.271","fg_pct":"0.380","three_p":"1.165","three_pa":"4.553","three_p_pct":"0.256","ft":"0.659","fta":"1.188","ft_pct":"0.555","orb":"1.153","drb":"5.494","trb":"6.647","ast":"3.435","stl":"1.424","blk":"0.435","tov":"1.729","pf":"3.047","pts":"8.106"},{"game_id":1263,"team_name":"LAC","player_id":"{\"willilo02\"}","player_name":"{\"Lou Williams\"}","fg":"6.447","fga":"16.165","fg_pct":"0.399","three_p":"1.282","three_pa":"4.094","three_p_pct":"0.313","ft":"5.482","fta":"6.824","ft_pct":"0.803","orb":"0.435","drb":"2.612","trb":"3.047","ast":"5.329","stl":"0.471","blk":"0.000","tov":"2.929","pf":"1.353","pts":"19.659"},{"game_id":1263,"team_name":"LAC","player_id":"{\"harremo01\"}","player_name":"{\"Montrezl Harrell\"}","fg":"7.365","fga":"10.176","fg_pct":"0.724","three_p":"0.000","three_pa":"0.059","three_p_pct":"0.000","ft":"3.424","fta":"4.882","ft_pct":"0.701","orb":"1.835","drb":"3.294","trb":"5.129","ast":"1.894","stl":"0.553","blk":"0.635","tov":"2.235","pf":"3.047","pts":"18.153"},{"game_id":1263,"team_name":"LAC","player_id":"{\"shamela01\"}","player_name":"{\"Landry Shamet\"}","fg":"2.588","fga":"7.282","fg_pct":"0.355","three_p":"1.624","three_pa":"5.329","three_p_pct":"0.305","ft":"1.729","fta":"1.729","ft_pct":"1.000","orb":"0.000","drb":"1.471","trb":"1.471","ast":"2.176","stl":"0.624","blk":"0.106","tov":"1.200","pf":"3.024","pts":"8.529"},{"game_id":1263,"team_name":"LAC","player_id":"{\"greenja01\"}","player_name":"{\"JaMychal Green\"}","fg":"3.282","fga":"6.224","fg_pct":"0.527","three_p":"2.259","three_pa":"4.141","three_p_pct":"0.546","ft":"1.118","fta":"1.282","ft_pct":"0.872","orb":"0.647","drb":"4.282","trb":"4.929","ast":"0.376","stl":"0.424","blk":"0.141","tov":"0.741","pf":"3.153","pts":"9.941"},{"game_id":1263,"team_name":"LAC","player_id":"benchLAC","player_name":"Bench of LAC","fg":"1.771","fga":"3.587","fg_pct":"0.494","three_p":"0.367","three_pa":"1.147","three_p_pct":"0.320","ft":"0.731","fta":"1.032","ft_pct":"0.708","orb":"1.017","drb":"2.451","trb":"3.468","ast":"0.899","stl":"0.477","blk":"0.504","tov":"0.670","pf":"1.641","pts":"4.640"},{"game_id":1263,"team_name":"UTA","player_id":"{\"niangge01\"}","player_name":"{\"Georges Niang\"}","fg":"1.671","fga":"3.541","fg_pct":"0.472","three_p":"0.776","three_pa":"2.365","three_p_pct":"0.328","ft":"0.471","fta":"0.471","ft_pct":"1.000","orb":"0.000","drb":"1.859","trb":"1.859","ast":"0.588","stl":"0.071","blk":"0.082","tov":"0.600","pf":"1.047","pts":"4.588"},{"game_id":1263,"team_name":"UTA","player_id":"{\"conlemi01\"}","player_name":"{\"Mike Conley\"}","fg":"5.541","fga":"13.894","fg_pct":"0.399","three_p":"2.212","three_pa":"6.459","three_p_pct":"0.342","ft":"4.365","fta":"5.341","ft_pct":"0.817","orb":"0.259","drb":"2.341","trb":"2.600","ast":"4.706","stl":"1.271","blk":"0.129","tov":"2.506","pf":"2.412","pts":"17.659"},{"game_id":1263,"team_name":"UTA","player_id":"{\"bogdabo02\"}","player_name":"{\"Bojan Bogdanović\"}","fg":"6.635","fga":"14.035","fg_pct":"0.473","three_p":"2.588","three_pa":"5.812","three_p_pct":"0.445","ft":"3.471","fta":"3.682","ft_pct":"0.943","orb":"0.353","drb":"4.600","trb":"4.953","ast":"1.941","stl":"1.247","blk":"0.282","tov":"2.306","pf":"2.259","pts":"19.329"},{"game_id":1263,"team_name":"UTA","player_id":"{\"onealro01\"}","player_name":"{\"Royce O'Neale\"}","fg":"3.400","fga":"6.082","fg_pct":"0.559","three_p":"1.153","three_pa":"2.835","three_p_pct":"0.407","ft":"0.212","fta":"0.282","ft_pct":"0.752","orb":"0.165","drb":"4.035","trb":"4.200","ast":"2.106","stl":"0.612","blk":"0.388","tov":"1.424","pf":"2.882","pts":"8.165"},{"game_id":1263,"team_name":"UTA","player_id":"{\"goberru01\"}","player_name":"{\"Rudy Gobert\"}","fg":"3.494","fga":"5.647","fg_pct":"0.619","three_p":"0.000","three_pa":"0.000","three_p_pct":"NaN","ft":"3.424","fta":"5.153","ft_pct":"0.664","orb":"2.600","drb":"8.635","trb":"11.235","ast":"1.094","stl":"1.059","blk":"1.871","tov":"2.776","pf":"3.071","pts":"10.412"},{"game_id":1263,"team_name":"UTA","player_id":"{\"mitchdo01\"}","player_name":"{\"Donovan Mitchell\"}","fg":"8.588","fga":"19.259","fg_pct":"0.446","three_p":"1.482","three_pa":"4.941","three_p_pct":"0.300","ft":"4.647","fta":"5.882","ft_pct":"0.790","orb":"1.012","drb":"3.729","trb":"4.741","ast":"2.988","stl":"1.953","blk":"0.165","tov":"2.047","pf":"2.835","pts":"23.306"},{"game_id":1263,"team_name":"UTA","player_id":"benchUTA","player_name":"Bench of UTA","fg":"2.234","fga":"5.449","fg_pct":"0.410","three_p":"1.003","three_pa":"2.885","three_p_pct":"0.348","ft":"0.701","fta":"1.016","ft_pct":"0.690","orb":"0.499","drb":"2.422","trb":"2.921","ast":"1.893","stl":"0.846","blk":"0.213","tov":"1.077","pf":"1.668","pts":"6.172"}]