[{"game_id":1032,"team_name":"MEM","player_id":"{\"fraziti01\"}","player_name":"{\"Tim Frazier\"}","fg":"0.588","fga":"2.576","fg_pct":"0.228","three_p":"0.000","three_pa":"0.824","three_p_pct":"0.000","ft":"0.082","fta":"0.165","ft_pct":"0.497","orb":"0.188","drb":"1.212","trb":"1.400","ast":"2.659","stl":"0.365","blk":"0.165","tov":"1.506","pf":"1.435","pts":"1.259"},{"game_id":1032,"team_name":"MEM","player_id":"{\"portejo01\"}","player_name":"{\"Jontay Porter\"}","fg":"0.284","fga":"1.000","fg_pct":"0.284","three_p":"0.210","three_pa":"0.704","three_p_pct":"0.298","ft":"0.444","fta":"0.444","ft_pct":"1.000","orb":"0.136","drb":"0.704","trb":"0.840","ast":"0.074","stl":"0.148","blk":"0.000","tov":"0.432","pf":"0.568","pts":"1.222"},{"game_id":1032,"team_name":"MEM","player_id":"{\"winslju01\"}","player_name":"{\"Justise Winslow\"}","fg":"1.706","fga":"5.753","fg_pct":"0.297","three_p":"0.094","three_pa":"1.094","three_p_pct":"0.086","ft":"0.988","fta":"1.659","ft_pct":"0.596","orb":"0.400","drb":"3.047","trb":"3.447","ast":"1.835","stl":"0.482","blk":"0.576","tov":"0.988","pf":"1.353","pts":"4.494"},{"game_id":1032,"team_name":"MEM","player_id":"{\"brookdi01\"}","player_name":"{\"Dillon Brooks\"}","fg":"6.235","fga":"15.376","fg_pct":"0.406","three_p":"1.976","three_pa":"5.776","three_p_pct":"0.342","ft":"3.200","fta":"4.341","ft_pct":"0.737","orb":"0.588","drb":"2.118","trb":"2.706","ast":"1.906","stl":"1.047","blk":"0.153","tov":"1.518","pf":"4.035","pts":"17.647"},{"game_id":1032,"team_name":"MEM","player_id":"{\"moranja01\"}","player_name":"{\"Ja Morant\"}","fg":"6.129","fga":"14.541","fg_pct":"0.421","three_p":"1.494","three_pa":"4.329","three_p_pct":"0.345","ft":"3.906","fta":"5.906","ft_pct":"0.661","orb":"0.706","drb":"3.765","trb":"4.471","ast":"7.353","stl":"1.000","blk":"0.412","tov":"3.600","pf":"1.047","pts":"17.659"},{"game_id":1032,"team_name":"MEM","player_id":"{\"konchjo01\"}","player_name":"{\"John Konchar\"}","fg":"1.835","fga":"2.988","fg_pct":"0.614","three_p":"0.424","three_pa":"1.176","three_p_pct":"0.361","ft":"0.094","fta":"0.094","ft_pct":"1.000","orb":"0.882","drb":"2.282","trb":"3.165","ast":"0.635","stl":"0.318","blk":"0.294","tov":"0.212","pf":"0.506","pts":"4.188"},{"game_id":1032,"team_name":"MEM","player_id":"benchMEM","player_name":"Bench of MEM","fg":"2.793","fga":"6.158","fg_pct":"0.454","three_p":"0.953","three_pa":"2.761","three_p_pct":"0.345","ft":"0.953","fta":"1.322","ft_pct":"0.721","orb":"0.854","drb":"2.931","trb":"3.784","ast":"2.065","stl":"0.601","blk":"0.646","tov":"0.833","pf":"1.217","pts":"7.493"},{"game_id":1032,"team_name":"DAL","player_id":"{\"hintona01\"}","player_name":"{\"Nate Hinton\"}","fg":"0.765","fga":"1.647","fg_pct":"0.464","three_p":"0.141","three_pa":"0.671","three_p_pct":"0.210","ft":"0.235","fta":"0.376","ft_pct":"0.625","orb":"0.106","drb":"0.694","trb":"0.800","ast":"0.306","stl":"0.235","blk":"0.141","tov":"0.118","pf":"0.588","pts":"1.906"},{"game_id":1032,"team_name":"DAL","player_id":"{\"beyty01\"}","player_name":"{\"Tyler Bey\"}","fg":"0.541","fga":"1.329","fg_pct":"0.407","three_p":"0.118","three_pa":"0.412","three_p_pct":"0.286","ft":"0.118","fta":"0.118","ft_pct":"1.000","orb":"0.365","drb":"0.718","trb":"1.082","ast":"0.176","stl":"0.000","blk":"0.000","tov":"0.259","pf":"0.376","pts":"1.318"},{"game_id":1032,"team_name":"DAL","player_id":"{\"marjabo01\"}","player_name":"{\"Boban Marjanović\"}","fg":"1.953","fga":"3.471","fg_pct":"0.563","three_p":"0.153","three_pa":"0.282","three_p_pct":"0.543","ft":"1.506","fta":"1.624","ft_pct":"0.927","orb":"1.518","drb":"2.659","trb":"4.176","ast":"0.376","stl":"0.129","blk":"0.329","tov":"0.141","pf":"1.059","pts":"5.565"},{"game_id":1032,"team_name":"DAL","player_id":"{\"hardati02\"}","player_name":"{\"Tim Hardaway Jr.\"}","fg":"7.918","fga":"15.600","fg_pct":"0.508","three_p":"4.447","three_pa":"9.435","three_p_pct":"0.471","ft":"2.482","fta":"3.094","ft_pct":"0.802","orb":"0.259","drb":"3.059","trb":"3.318","ast":"2.188","stl":"0.341","blk":"0.165","tov":"0.882","pf":"2.059","pts":"22.765"},{"game_id":1032,"team_name":"DAL","player_id":"{\"finnedo01\"}","player_name":"{\"Dorian Finney-Smith\"}","fg":"4.082","fga":"8.424","fg_pct":"0.485","three_p":"2.047","three_pa":"5.506","three_p_pct":"0.372","ft":"0.588","fta":"0.953","ft_pct":"0.617","orb":"1.659","drb":"4.024","trb":"5.682","ast":"2.518","stl":"1.047","blk":"0.329","tov":"1.600","pf":"1.824","pts":"10.800"},{"game_id":1032,"team_name":"DAL","player_id":"{\"doncilu01\"}","player_name":"{\"Luka Dončić\"}","fg":"8.612","fga":"18.365","fg_pct":"0.469","three_p":"2.447","three_pa":"7.624","three_p_pct":"0.321","ft":"5.294","fta":"7.471","ft_pct":"0.709","orb":"0.941","drb":"7.376","trb":"8.318","ast":"7.765","stl":"1.082","blk":"0.141","tov":"4.353","pf":"2.471","pts":"24.965"},{"game_id":1032,"team_name":"DAL","player_id":"benchDAL","player_name":"Bench of DAL","fg":"2.935","fga":"6.278","fg_pct":"0.468","three_p":"0.865","three_pa":"2.344","three_p_pct":"0.369","ft":"0.930","fta":"1.104","ft_pct":"0.842","orb":"0.676","drb":"2.119","trb":"2.795","ast":"1.660","stl":"0.691","blk":"0.383","tov":"0.707","pf":"1.501","pts":"7.665"}]