[{"game_id":1259,"team_name":"SAS","player_id":"{\"carrode01\"}","player_name":"{\"DeMarre Carroll\"}","fg":"1.929","fga":"6.941","fg_pct":"0.278","three_p":"0.976","three_pa":"3.929","three_p_pct":"0.248","ft":"1.494","fta":"1.647","ft_pct":"0.907","orb":"0.812","drb":"3.106","trb":"3.918","ast":"0.812","stl":"0.506","blk":"0.200","tov":"0.682","pf":"2.047","pts":"6.329"},{"game_id":1259,"team_name":"SAS","player_id":"{\"derozde01\"}","player_name":"{\"DeMar DeRozan\"}","fg":"8.259","fga":"15.953","fg_pct":"0.518","three_p":"0.000","three_pa":"0.153","three_p_pct":"0.000","ft":"4.835","fta":"6.247","ft_pct":"0.774","orb":"0.541","drb":"4.494","trb":"5.035","ast":"4.482","stl":"1.035","blk":"0.224","tov":"3.165","pf":"2.306","pts":"21.353"},{"game_id":1259,"team_name":"SAS","player_id":"{\"aldrila01\"}","player_name":"{\"LaMarcus Aldridge\"}","fg":"7.153","fga":"14.976","fg_pct":"0.478","three_p":"0.553","three_pa":"1.765","three_p_pct":"0.313","ft":"3.765","fta":"4.482","ft_pct":"0.840","orb":"2.800","drb":"5.553","trb":"8.353","ast":"2.353","stl":"0.506","blk":"1.953","tov":"1.906","pf":"2.553","pts":"18.624"},{"game_id":1259,"team_name":"SAS","player_id":"{\"gayru01\"}","player_name":"{\"Rudy Gay\"}","fg":"4.282","fga":"9.247","fg_pct":"0.463","three_p":"1.059","three_pa":"3.388","three_p_pct":"0.313","ft":"2.047","fta":"2.624","ft_pct":"0.780","orb":"1.612","drb":"5.612","trb":"7.224","ast":"2.176","stl":"0.365","blk":"0.788","tov":"1.294","pf":"1.494","pts":"11.671"},{"game_id":1259,"team_name":"SAS","player_id":"{\"forbebr01\"}","player_name":"{\"Bryn Forbes\"}","fg":"4.612","fga":"10.400","fg_pct":"0.443","three_p":"2.565","three_pa":"5.965","three_p_pct":"0.430","ft":"1.553","fta":"1.765","ft_pct":"0.880","orb":"0.447","drb":"2.953","trb":"3.400","ast":"0.835","stl":"0.153","blk":"0.059","tov":"0.635","pf":"1.918","pts":"13.341"},{"game_id":1259,"team_name":"SAS","player_id":"{\"murrade01\"}","player_name":"{\"Dejounte Murray\"}","fg":"3.882","fga":"8.082","fg_pct":"0.480","three_p":"0.482","three_pa":"1.365","three_p_pct":"0.353","ft":"2.318","fta":"2.965","ft_pct":"0.782","orb":"0.835","drb":"5.565","trb":"6.400","ast":"3.494","stl":"1.682","blk":"0.624","tov":"1.835","pf":"2.035","pts":"10.565"},{"game_id":1259,"team_name":"SAS","player_id":"benchSAS","player_name":"Bench of SAS","fg":"2.953","fga":"6.462","fg_pct":"0.457","three_p":"0.866","three_pa":"2.480","three_p_pct":"0.349","ft":"1.401","fta":"1.880","ft_pct":"0.745","orb":"1.111","drb":"2.525","trb":"3.636","ast":"1.915","stl":"0.395","blk":"0.332","tov":"0.795","pf":"2.049","pts":"8.173"},{"game_id":1259,"team_name":"LAL","player_id":"{\"cookqu01\"}","player_name":"{\"Quinn Cook\"}","fg":"2.071","fga":"5.588","fg_pct":"0.371","three_p":"0.624","three_pa":"2.576","three_p_pct":"0.242","ft":"0.059","fta":"0.059","ft_pct":"1.000","orb":"0.129","drb":"1.259","trb":"1.388","ast":"2.024","stl":"0.200","blk":"0.047","tov":"0.624","pf":"0.835","pts":"4.824"},{"game_id":1259,"team_name":"LAL","player_id":"{\"jamesle01\"}","player_name":"{\"LeBron James\"}","fg":"9.741","fga":"19.729","fg_pct":"0.494","three_p":"1.976","three_pa":"5.741","three_p_pct":"0.344","ft":"5.518","fta":"6.988","ft_pct":"0.790","orb":"0.882","drb":"6.341","trb":"7.224","ast":"11.129","stl":"1.247","blk":"0.576","tov":"4.282","pf":"1.600","pts":"26.976"},{"game_id":1259,"team_name":"LAL","player_id":"{\"davisan02\"}","player_name":"{\"Anthony Davis\"}","fg":"8.706","fga":"17.776","fg_pct":"0.490","three_p":"0.671","three_pa":"2.894","three_p_pct":"0.232","ft":"6.953","fta":"7.965","ft_pct":"0.873","orb":"3.118","drb":"7.812","trb":"10.929","ast":"2.553","stl":"1.212","blk":"2.329","tov":"2.259","pf":"1.929","pts":"25.035"},{"game_id":1259,"team_name":"LAL","player_id":"{\"caldwke01\"}","player_name":"{\"Kentavious Caldwell-Pope\"}","fg":"4.859","fga":"12.741","fg_pct":"0.381","three_p":"1.541","three_pa":"5.318","three_p_pct":"0.290","ft":"1.200","fta":"1.671","ft_pct":"0.718","orb":"0.424","drb":"2.847","trb":"3.271","ast":"3.165","stl":"0.788","blk":"0.141","tov":"1.165","pf":"2.341","pts":"12.459"},{"game_id":1259,"team_name":"LAL","player_id":"{\"bradlav01\"}","player_name":"{\"Avery Bradley\"}","fg":"4.588","fga":"10.224","fg_pct":"0.449","three_p":"1.318","three_pa":"4.165","three_p_pct":"0.316","ft":"0.765","fta":"1.094","ft_pct":"0.699","orb":"0.329","drb":"2.506","trb":"2.835","ast":"1.706","stl":"1.247","blk":"0.118","tov":"1.541","pf":"2.388","pts":"11.259"},{"game_id":1259,"team_name":"LAL","player_id":"{\"greenda02\"}","player_name":"{\"Danny Green\"}","fg":"3.588","fga":"8.000","fg_pct":"0.449","three_p":"2.365","three_pa":"5.459","three_p_pct":"0.433","ft":"0.376","fta":"0.647","ft_pct":"0.581","orb":"0.753","drb":"2.376","trb":"3.129","ast":"1.129","stl":"1.306","blk":"0.282","tov":"0.929","pf":"2.694","pts":"9.918"},{"game_id":1259,"team_name":"LAL","player_id":"benchLAL","player_name":"Bench of LAL","fg":"3.881","fga":"8.471","fg_pct":"0.458","three_p":"0.798","three_pa":"2.804","three_p_pct":"0.285","ft":"1.399","fta":"2.073","ft_pct":"0.675","orb":"1.114","drb":"3.424","trb":"4.538","ast":"1.842","stl":"0.735","blk":"0.792","tov":"1.598","pf":"2.504","pts":"9.959"}]