[{"game_id":1262,"team_name":"BRK","player_id":"teamBRK","player_name":"Team name: BRK","fg":"41.069","fga":"91.903","fg_pct":"0.447","three_p":"13.017","three_pa":"35.286","three_p_pct":"0.369","ft":"20.691","fta":"28.406","ft_pct":"0.728","orb":"11.680","drb":"35.440","trb":"47.120","ast":"22.377","stl":"7.097","blk":"4.554","tov":"17.126","pf":"22.806","pts":"115.846"},{"game_id":1262,"team_name":"NOP","player_id":"teamNOP","player_name":"Team name: NOP","fg":"44.606","fga":"95.777","fg_pct":"0.466","three_p":"14.446","three_pa":"38.874","three_p_pct":"0.372","ft":"14.246","fta":"19.709","ft_pct":"0.723","orb":"10.960","drb":"36.211","trb":"47.171","ast":"28.937","stl":"7.194","blk":"4.960","tov":"15.469","pf":"23.200","pts":"117.903"}]