[{"game_id":1079,"team_name":"POR","player_id":"teamPOR","player_name":"Team name: POR","fg":"44.349","fga":"90.223","fg_pct":"0.492","three_p":"15.171","three_pa":"36.120","three_p_pct":"0.420","ft":"18.880","fta":"23.337","ft_pct":"0.809","orb":"8.663","drb":"36.589","trb":"45.251","ast":"23.983","stl":"6.229","blk":"4.577","tov":"8.971","pf":"17.869","pts":"122.749"},{"game_id":1079,"team_name":"DEN","player_id":"teamDEN","player_name":"Team name: DEN","fg":"41.411","fga":"87.874","fg_pct":"0.471","three_p":"11.771","three_pa":"34.377","three_p_pct":"0.342","ft":"17.486","fta":"20.863","ft_pct":"0.838","orb":"10.194","drb":"34.383","trb":"44.577","ast":"25.851","stl":"8.406","blk":"4.200","tov":"13.251","pf":"20.491","pts":"112.080"}]