[{"game_id":1050,"team_name":"MIN","player_id":"{\"edwaran01\"}","player_name":"{\"Anthony Edwards\"}","fg":"9.059","fga":"17.659","fg_pct":"0.513","three_p":"2.765","three_pa":"7.576","three_p_pct":"0.365","ft":"3.000","fta":"4.482","ft_pct":"0.669","orb":"1.176","drb":"5.400","trb":"6.576","ast":"3.918","stl":"1.035","blk":"0.753","tov":"3.247","pf":"2.753","pts":"23.882"},{"game_id":1050,"team_name":"MIN","player_id":"{\"townska01\"}","player_name":"{\"Karl-Anthony Towns\"}","fg":"8.553","fga":"17.718","fg_pct":"0.483","three_p":"2.706","three_pa":"7.318","three_p_pct":"0.370","ft":"6.071","fta":"7.259","ft_pct":"0.836","orb":"1.965","drb":"6.588","trb":"8.553","ast":"4.424","stl":"1.235","blk":"0.341","tov":"3.071","pf":"4.035","pts":"25.882"},{"game_id":1050,"team_name":"MIN","player_id":"{\"russeda01\"}","player_name":"{\"D'Angelo Russell\"}","fg":"6.518","fga":"16.318","fg_pct":"0.399","three_p":"2.965","three_pa":"8.365","three_p_pct":"0.354","ft":"2.553","fta":"3.576","ft_pct":"0.714","orb":"0.518","drb":"3.059","trb":"3.576","ast":"8.506","stl":"1.176","blk":"0.271","tov":"2.329","pf":"1.047","pts":"18.553"},{"game_id":1050,"team_name":"MIN","player_id":"{\"reidna01\"}","player_name":"{\"Naz Reid\"}","fg":"4.894","fga":"8.765","fg_pct":"0.558","three_p":"1.106","three_pa":"3.082","three_p_pct":"0.359","ft":"0.506","fta":"1.294","ft_pct":"0.391","orb":"1.282","drb":"3.435","trb":"4.718","ast":"1.024","stl":"0.224","blk":"1.118","tov":"1.024","pf":"2.800","pts":"11.400"},{"game_id":1050,"team_name":"MIN","player_id":"{\"okogijo01\"}","player_name":"{\"Josh Okogie\"}","fg":"1.506","fga":"3.729","fg_pct":"0.404","three_p":"0.141","three_pa":"1.294","three_p_pct":"0.109","ft":"1.188","fta":"1.812","ft_pct":"0.656","orb":"1.906","drb":"1.259","trb":"3.165","ast":"1.271","stl":"0.682","blk":"0.482","tov":"0.753","pf":"1.906","pts":"4.341"},{"game_id":1050,"team_name":"MIN","player_id":"{\"rubiori01\"}","player_name":"{\"Ricky Rubio\"}","fg":"4.329","fga":"9.059","fg_pct":"0.478","three_p":"1.812","three_pa":"4.882","three_p_pct":"0.371","ft":"1.918","fta":"2.047","ft_pct":"0.937","orb":"0.482","drb":"2.765","trb":"3.247","ast":"5.141","stl":"1.847","blk":"0.153","tov":"1.118","pf":"2.082","pts":"12.388"},{"game_id":1050,"team_name":"MIN","player_id":"benchMIN","player_name":"Bench of MIN","fg":"2.643","fga":"5.342","fg_pct":"0.495","three_p":"0.809","three_pa":"2.408","three_p_pct":"0.336","ft":"0.666","fta":"1.170","ft_pct":"0.569","orb":"1.201","drb":"3.579","trb":"4.780","ast":"1.370","stl":"0.949","blk":"0.515","tov":"0.658","pf":"1.997","pts":"6.761"},{"game_id":1050,"team_name":"DEN","player_id":"{\"campafa01\"}","player_name":"{\"Facundo Campazzo\"}","fg":"3.271","fga":"8.118","fg_pct":"0.403","three_p":"1.659","three_pa":"5.329","three_p_pct":"0.311","ft":"3.000","fta":"3.188","ft_pct":"0.941","orb":"0.529","drb":"3.965","trb":"4.494","ast":"6.447","stl":"2.612","blk":"0.306","tov":"1.800","pf":"2.153","pts":"11.200"},{"game_id":1050,"team_name":"DEN","player_id":"{\"jokicni01\"}","player_name":"{\"Nikola Jokić\"}","fg":"9.271","fga":"17.129","fg_pct":"0.541","three_p":"0.976","three_pa":"3.200","three_p_pct":"0.305","ft":"8.612","fta":"9.459","ft_pct":"0.910","orb":"2.235","drb":"7.941","trb":"10.176","ast":"6.929","stl":"0.906","blk":"0.824","tov":"3.388","pf":"3.047","pts":"28.129"},{"game_id":1050,"team_name":"DEN","player_id":"{\"riverau01\"}","player_name":"{\"Austin Rivers\"}","fg":"3.612","fga":"8.188","fg_pct":"0.441","three_p":"2.294","three_pa":"5.447","three_p_pct":"0.421","ft":"1.106","fta":"1.659","ft_pct":"0.667","orb":"0.153","drb":"2.059","trb":"2.212","ast":"2.976","stl":"1.776","blk":"0.059","tov":"0.882","pf":"2.153","pts":"10.624"},{"game_id":1050,"team_name":"DEN","player_id":"{\"gordoaa01\"}","player_name":"{\"Aaron Gordon\"}","fg":"3.965","fga":"8.600","fg_pct":"0.461","three_p":"0.447","three_pa":"2.271","three_p_pct":"0.197","ft":"0.906","fta":"1.553","ft_pct":"0.583","orb":"1.965","drb":"3.082","trb":"5.047","ast":"1.812","stl":"0.576","blk":"0.612","tov":"1.200","pf":"1.729","pts":"9.282"},{"game_id":1050,"team_name":"DEN","player_id":"{\"mcgeeja01\"}","player_name":"{\"JaVale McGee\"}","fg":"1.859","fga":"4.235","fg_pct":"0.439","three_p":"0.000","three_pa":"0.224","three_p_pct":"0.000","ft":"0.706","fta":"0.941","ft_pct":"0.750","orb":"1.365","drb":"2.847","trb":"4.212","ast":"0.318","stl":"0.271","blk":"0.953","tov":"1.553","pf":"3.165","pts":"4.424"},{"game_id":1050,"team_name":"DEN","player_id":"{\"greenja01\"}","player_name":"{\"JaMychal Green\"}","fg":"2.906","fga":"7.035","fg_pct":"0.413","three_p":"1.271","three_pa":"3.529","three_p_pct":"0.360","ft":"1.071","fta":"1.294","ft_pct":"0.828","orb":"1.753","drb":"2.882","trb":"4.635","ast":"1.153","stl":"0.247","blk":"0.494","tov":"1.035","pf":"1.871","pts":"8.153"},{"game_id":1050,"team_name":"DEN","player_id":"benchDEN","player_name":"Bench of DEN","fg":"1.738","fga":"4.190","fg_pct":"0.415","three_p":"0.328","three_pa":"1.436","three_p_pct":"0.228","ft":"0.674","fta":"0.941","ft_pct":"0.716","orb":"0.543","drb":"1.570","trb":"2.113","ast":"0.978","stl":"0.470","blk":"0.293","tov":"0.563","pf":"1.089","pts":"4.478"}]