[{"game_id":1039,"team_name":"CLE","player_id":"teamCLE","player_name":"Team name: CLE","ts_pct":"0.486","efg_pct":"0.460","three_par":"0.426","ftr":"0.291","orb_pct":"4.835","drb_pct":"15.715","trb_pct":"9.862","ast_pct":"15.765","stl_pct":"1.209","blk_pct":"1.070","tov_pct":"13.847","usg_pct":"20.203","ortg":"97.049","drtg":"126.049","bpm":"-5.004"},{"game_id":1039,"team_name":"BOS","player_id":"teamBOS","player_name":"Team name: BOS","ts_pct":"0.627","efg_pct":"0.606","three_par":"0.471","ftr":"0.229","orb_pct":"4.802","drb_pct":"18.139","trb_pct":"11.119","ast_pct":"15.214","stl_pct":"1.224","blk_pct":"2.927","tov_pct":"14.130","usg_pct":"20.195","ortg":"125.288","drtg":"138.231","bpm":"-2.179"}]