[{"game_id":119,"team_name":"DEN","player_id":"{\"harteis01\"}","player_name":"{\"Isaiah Hartenstein\"}","fg":"1.659","fga":"3.376","fg_pct":"0.491","three_p":"0.000","three_pa":"0.165","three_p_pct":"0.000","ft":"0.765","fta":"1.529","ft_pct":"0.500","orb":"1.424","drb":"1.376","trb":"2.800","ast":"0.424","stl":"0.212","blk":"0.329","tov":"0.824","pf":"1.647","pts":"4.082"},{"game_id":119,"team_name":"DEN","player_id":"{\"murraja01\"}","player_name":"{\"Jamal Murray\"}","fg":"8.106","fga":"16.059","fg_pct":"0.505","three_p":"2.318","three_pa":"6.412","three_p_pct":"0.362","ft":"4.953","fta":"6.035","ft_pct":"0.821","orb":"1.082","drb":"3.082","trb":"4.165","ast":"4.435","stl":"0.988","blk":"0.282","tov":"2.600","pf":"2.282","pts":"23.482"},{"game_id":119,"team_name":"DEN","player_id":"{\"jokicni01\"}","player_name":"{\"Nikola Jokić\"}","fg":"8.753","fga":"14.506","fg_pct":"0.603","three_p":"1.176","three_pa":"2.541","three_p_pct":"0.463","ft":"4.659","fta":"5.553","ft_pct":"0.839","orb":"3.106","drb":"7.953","trb":"11.059","ast":"10.271","stl":"1.612","blk":"0.471","tov":"4.553","pf":"4.071","pts":"23.341"},{"game_id":119,"team_name":"DEN","player_id":"{\"harriga01\"}","player_name":"{\"Gary Harris\"}","fg":"2.882","fga":"8.024","fg_pct":"0.359","three_p":"0.506","three_pa":"3.271","three_p_pct":"0.155","ft":"0.953","fta":"1.188","ft_pct":"0.802","orb":"0.259","drb":"1.565","trb":"1.824","ast":"1.494","stl":"0.871","blk":"0.224","tov":"0.953","pf":"1.812","pts":"7.224"},{"game_id":119,"team_name":"DEN","player_id":"{\"bartowi01\"}","player_name":"{\"Will Barton\"}","fg":"4.812","fga":"11.765","fg_pct":"0.409","three_p":"1.588","three_pa":"4.788","three_p_pct":"0.332","ft":"1.376","fta":"2.118","ft_pct":"0.650","orb":"0.588","drb":"4.659","trb":"5.247","ast":"3.071","stl":"1.000","blk":"0.788","tov":"0.976","pf":"1.518","pts":"12.588"},{"game_id":119,"team_name":"DEN","player_id":"{\"millspa01\"}","player_name":"{\"Paul Millsap\"}","fg":"3.918","fga":"7.506","fg_pct":"0.522","three_p":"1.400","three_pa":"3.318","three_p_pct":"0.422","ft":"2.094","fta":"3.012","ft_pct":"0.695","orb":"0.918","drb":"3.224","trb":"4.141","ast":"1.306","stl":"0.129","blk":"0.047","tov":"1.388","pf":"2.976","pts":"11.329"},{"game_id":119,"team_name":"DEN","player_id":"benchDEN","player_name":"Bench of DEN","fg":"3.115","fga":"6.051","fg_pct":"0.515","three_p":"1.074","three_pa":"2.528","three_p_pct":"0.425","ft":"1.259","fta":"1.904","ft_pct":"0.661","orb":"0.802","drb":"2.614","trb":"3.416","ast":"1.854","stl":"0.480","blk":"0.351","tov":"0.761","pf":"1.394","pts":"8.562"},{"game_id":119,"team_name":"DAL","player_id":"{\"johnsja01\"}","player_name":"{\"James Johnson\"}","fg":"2.012","fga":"5.600","fg_pct":"0.359","three_p":"0.776","three_pa":"2.212","three_p_pct":"0.351","ft":"0.682","fta":"1.200","ft_pct":"0.568","orb":"0.588","drb":"2.965","trb":"3.553","ast":"2.447","stl":"1.353","blk":"0.412","tov":"1.082","pf":"1.918","pts":"5.482"},{"game_id":119,"team_name":"DAL","player_id":"{\"doncilu01\"}","player_name":"{\"Luka Dončić\"}","fg":"9.459","fga":"20.788","fg_pct":"0.455","three_p":"1.776","three_pa":"7.306","three_p_pct":"0.243","ft":"6.235","fta":"8.541","ft_pct":"0.730","orb":"0.859","drb":"8.976","trb":"9.835","ast":"7.729","stl":"0.624","blk":"0.424","tov":"4.235","pf":"1.871","pts":"26.929"},{"game_id":119,"team_name":"DAL","player_id":"{\"richajo01\"}","player_name":"{\"Josh Richardson\"}","fg":"4.624","fga":"11.659","fg_pct":"0.397","three_p":"2.047","three_pa":"6.212","three_p_pct":"0.330","ft":"2.800","fta":"3.012","ft_pct":"0.930","orb":"1.306","drb":"1.647","trb":"2.953","ast":"2.059","stl":"0.647","blk":"0.376","tov":"1.424","pf":"3.753","pts":"14.094"},{"game_id":119,"team_name":"DAL","player_id":"{\"finnedo01\"}","player_name":"{\"Dorian Finney-Smith\"}","fg":"3.282","fga":"7.635","fg_pct":"0.430","three_p":"1.576","three_pa":"4.965","three_p_pct":"0.317","ft":"0.812","fta":"1.024","ft_pct":"0.793","orb":"1.447","drb":"3.424","trb":"4.871","ast":"1.259","stl":"1.071","blk":"0.506","tov":"0.835","pf":"2.976","pts":"8.953"},{"game_id":119,"team_name":"DAL","player_id":"{\"klebima01\"}","player_name":"{\"Maxi Kleber\"}","fg":"2.212","fga":"4.753","fg_pct":"0.465","three_p":"1.647","three_pa":"3.847","three_p_pct":"0.428","ft":"1.741","fta":"2.000","ft_pct":"0.871","orb":"1.047","drb":"4.588","trb":"5.635","ast":"1.329","stl":"0.376","blk":"0.824","tov":"0.600","pf":"2.494","pts":"7.812"},{"game_id":119,"team_name":"DAL","player_id":"{\"caulewi01\"}","player_name":"{\"Willie Cauley-Stein\"}","fg":"2.388","fga":"3.600","fg_pct":"0.663","three_p":"0.000","three_pa":"0.106","three_p_pct":"0.000","ft":"1.259","fta":"2.165","ft_pct":"0.582","orb":"1.471","drb":"2.753","trb":"4.224","ast":"0.741","stl":"0.341","blk":"0.400","tov":"0.541","pf":"2.741","pts":"6.035"},{"game_id":119,"team_name":"DAL","player_id":"benchDAL","player_name":"Bench of DAL","fg":"3.068","fga":"6.359","fg_pct":"0.482","three_p":"0.998","three_pa":"2.693","three_p_pct":"0.371","ft":"1.235","fta":"1.682","ft_pct":"0.734","orb":"0.598","drb":"2.442","trb":"3.040","ast":"1.556","stl":"0.461","blk":"0.134","tov":"0.876","pf":"1.196","pts":"8.369"}]