[{"game_id":1253,"team_name":"MIL","player_id":"teamMIL","player_name":"Team name: MIL","ts_pct":"0.582","efg_pct":"0.554","three_par":"0.562","ftr":"0.280","orb_pct":"4.098","drb_pct":"17.769","trb_pct":"11.181","ast_pct":"15.518","stl_pct":"1.528","blk_pct":"2.576","tov_pct":"12.369","usg_pct":"20.785","ortg":"117.494","drtg":"117.557","bpm":"0.973"},{"game_id":1253,"team_name":"TOR","player_id":"teamTOR","player_name":"Team name: TOR","ts_pct":"0.499","efg_pct":"0.433","three_par":"0.384","ftr":"0.276","orb_pct":"3.750","drb_pct":"14.635","trb_pct":"9.615","ast_pct":"11.930","stl_pct":"1.408","blk_pct":"2.227","tov_pct":"13.624","usg_pct":"17.201","ortg":"97.011","drtg":"101.003","bpm":"0.492"}]