[{"game_id":1105,"team_name":"POR","player_id":"{\"kanteen01\"}","player_name":"{\"Enes Freedom\"}","fg":"2.682","fga":"4.671","fg_pct":"0.574","three_p":"0.106","three_pa":"0.282","three_p_pct":"0.376","ft":"1.318","fta":"1.729","ft_pct":"0.762","orb":"2.494","drb":"5.529","trb":"8.024","ast":"0.353","stl":"0.082","blk":"0.518","tov":"0.906","pf":"1.706","pts":"6.788"},{"game_id":1105,"team_name":"POR","player_id":"{\"holliro01\"}","player_name":"{\"Rondae Hollis-Jefferson\"}","fg":"0.871","fga":"1.412","fg_pct":"0.617","three_p":"0.000","three_pa":"0.000","three_p_pct":"NaN","ft":"0.365","fta":"0.976","ft_pct":"0.374","orb":"0.788","drb":"1.624","trb":"2.412","ast":"0.882","stl":"0.071","blk":"0.282","tov":"0.059","pf":"0.812","pts":"2.106"},{"game_id":1105,"team_name":"POR","player_id":"{\"mccolcj01\"}","player_name":"{\"CJ McCollum\"}","fg":"8.859","fga":"17.765","fg_pct":"0.499","three_p":"3.365","three_pa":"7.106","three_p_pct":"0.474","ft":"2.000","fta":"2.659","ft_pct":"0.752","orb":"0.412","drb":"3.353","trb":"3.765","ast":"4.235","stl":"0.435","blk":"0.329","tov":"1.765","pf":"1.906","pts":"23.082"},{"game_id":1105,"team_name":"POR","player_id":"{\"lillada01\"}","player_name":"{\"Damian Lillard\"}","fg":"10.588","fga":"20.153","fg_pct":"0.525","three_p":"5.165","three_pa":"10.482","three_p_pct":"0.493","ft":"7.518","fta":"8.153","ft_pct":"0.922","orb":"0.271","drb":"3.541","trb":"3.812","ast":"8.506","stl":"0.471","blk":"0.259","tov":"2.447","pf":"1.035","pts":"33.859"},{"game_id":1105,"team_name":"POR","player_id":"{\"covinro01\"}","player_name":"{\"Robert Covington\"}","fg":"2.165","fga":"5.635","fg_pct":"0.384","three_p":"1.671","three_pa":"4.482","three_p_pct":"0.373","ft":"0.365","fta":"0.600","ft_pct":"0.608","orb":"0.800","drb":"4.365","trb":"5.165","ast":"1.329","stl":"1.329","blk":"1.153","tov":"0.918","pf":"3.012","pts":"6.365"},{"game_id":1105,"team_name":"POR","player_id":"{\"powelno01\"}","player_name":"{\"Norman Powell\"}","fg":"5.118","fga":"11.788","fg_pct":"0.434","three_p":"1.894","three_pa":"4.859","three_p_pct":"0.390","ft":"3.612","fta":"4.000","ft_pct":"0.903","orb":"0.635","drb":"2.600","trb":"3.235","ast":"1.835","stl":"0.753","blk":"0.529","tov":"1.047","pf":"2.165","pts":"15.741"},{"game_id":1105,"team_name":"POR","player_id":"benchPOR","player_name":"Bench of POR","fg":"3.823","fga":"7.979","fg_pct":"0.479","three_p":"1.317","three_pa":"2.874","three_p_pct":"0.458","ft":"1.471","fta":"1.967","ft_pct":"0.748","orb":"1.419","drb":"4.193","trb":"5.612","ast":"1.994","stl":"0.594","blk":"0.611","tov":"0.882","pf":"2.568","pts":"10.434"},{"game_id":1105,"team_name":"DEN","player_id":"{\"howarma02\"}","player_name":"{\"Markus Howard\"}","fg":"3.765","fga":"7.082","fg_pct":"0.532","three_p":"1.635","three_pa":"3.765","three_p_pct":"0.434","ft":"0.647","fta":"0.718","ft_pct":"0.901","orb":"0.082","drb":"1.306","trb":"1.388","ast":"0.976","stl":"0.224","blk":"0.271","tov":"1.106","pf":"1.259","pts":"9.812"},{"game_id":1105,"team_name":"DEN","player_id":"{\"harrish01\"}","player_name":"{\"Shaquille Harrison\"}","fg":"0.788","fga":"3.176","fg_pct":"0.248","three_p":"0.129","three_pa":"1.047","three_p_pct":"0.123","ft":"0.412","fta":"0.671","ft_pct":"0.614","orb":"0.212","drb":"2.412","trb":"2.624","ast":"1.212","stl":"0.835","blk":"0.282","tov":"0.471","pf":"1.824","pts":"2.118"},{"game_id":1105,"team_name":"DEN","player_id":"{\"riverau01\"}","player_name":"{\"Austin Rivers\"}","fg":"3.353","fga":"7.247","fg_pct":"0.463","three_p":"2.165","three_pa":"4.918","three_p_pct":"0.440","ft":"0.800","fta":"1.365","ft_pct":"0.586","orb":"0.212","drb":"2.388","trb":"2.600","ast":"2.612","stl":"0.776","blk":"0.282","tov":"1.106","pf":"2.565","pts":"9.671"},{"game_id":1105,"team_name":"DEN","player_id":"{\"jokicni01\"}","player_name":"{\"Nikola Jokić\"}","fg":"11.012","fga":"18.859","fg_pct":"0.584","three_p":"0.918","three_pa":"3.353","three_p_pct":"0.274","ft":"6.318","fta":"6.894","ft_pct":"0.916","orb":"2.894","drb":"7.600","trb":"10.494","ast":"5.447","stl":"0.600","blk":"0.341","tov":"2.494","pf":"2.894","pts":"29.259"},{"game_id":1105,"team_name":"DEN","player_id":"{\"gordoaa01\"}","player_name":"{\"Aaron Gordon\"}","fg":"4.200","fga":"9.365","fg_pct":"0.448","three_p":"0.812","three_pa":"2.306","three_p_pct":"0.352","ft":"0.988","fta":"2.000","ft_pct":"0.494","orb":"1.929","drb":"3.153","trb":"5.082","ast":"1.788","stl":"0.424","blk":"0.471","tov":"0.753","pf":"1.459","pts":"10.200"},{"game_id":1105,"team_name":"DEN","player_id":"{\"portemi01\"}","player_name":"{\"Michael Porter Jr.\"}","fg":"7.765","fga":"14.835","fg_pct":"0.523","three_p":"3.153","three_pa":"7.835","three_p_pct":"0.402","ft":"1.682","fta":"1.741","ft_pct":"0.966","orb":"1.094","drb":"4.494","trb":"5.588","ast":"1.329","stl":"1.047","blk":"0.282","tov":"1.765","pf":"2.294","pts":"20.365"},{"game_id":1105,"team_name":"DEN","player_id":"benchDEN","player_name":"Bench of DEN","fg":"3.125","fga":"7.234","fg_pct":"0.432","three_p":"0.914","three_pa":"2.916","three_p_pct":"0.313","ft":"1.389","fta":"1.559","ft_pct":"0.891","orb":"0.816","drb":"2.181","trb":"2.997","ast":"3.583","stl":"1.177","blk":"0.335","tov":"1.082","pf":"1.986","pts":"8.553"}]