[{"game_id":1096,"team_name":"DEN","player_id":"{\"portemi01\"}","player_name":"{\"Michael Porter Jr.\"}","ts_pct":"0.642","efg_pct":"0.625","three_par":"0.553","ftr":"0.081","orb_pct":"3.486","drb_pct":"18.655","trb_pct":"10.972","ast_pct":"8.044","stl_pct":"1.258","blk_pct":"1.141","tov_pct":"10.629","usg_pct":"25.494","ortg":"115.965","drtg":"118.976","bpm":"1.909"},{"game_id":1096,"team_name":"DEN","player_id":"{\"jokicni01\"}","player_name":"{\"Nikola Jokić\"}","ts_pct":"0.657","efg_pct":"0.587","three_par":"0.166","ftr":"0.440","orb_pct":"10.119","drb_pct":"28.658","trb_pct":"19.544","ast_pct":"34.372","stl_pct":"0.982","blk_pct":"1.488","tov_pct":"9.205","usg_pct":"35.364","ortg":"132.812","drtg":"115.424","bpm":"12.058"},{"game_id":1096,"team_name":"DEN","player_id":"{\"campafa01\"}","player_name":"{\"Facundo Campazzo\"}","ts_pct":"0.564","efg_pct":"0.480","three_par":"0.649","ftr":"0.396","orb_pct":"2.569","drb_pct":"12.300","trb_pct":"7.067","ast_pct":"21.946","stl_pct":"3.220","blk_pct":"0.936","tov_pct":"15.524","usg_pct":"13.241","ortg":"120.847","drtg":"117.071","bpm":"0.749"},{"game_id":1096,"team_name":"DEN","player_id":"{\"morrimo01\"}","player_name":"{\"Monte Morris\"}","ts_pct":"0.564","efg_pct":"0.540","three_par":"0.214","ftr":"0.117","orb_pct":"1.247","drb_pct":"6.079","trb_pct":"3.732","ast_pct":"23.641","stl_pct":"2.127","blk_pct":"0.708","tov_pct":"7.926","usg_pct":"20.745","ortg":"118.365","drtg":"118.600","bpm":"0.193"},{"game_id":1096,"team_name":"DEN","player_id":"{\"gordoaa01\"}","player_name":"{\"Aaron Gordon\"}","ts_pct":"0.444","efg_pct":"0.431","three_par":"0.278","ftr":"0.163","orb_pct":"9.087","drb_pct":"12.458","trb_pct":"10.728","ast_pct":"8.867","stl_pct":"0.776","blk_pct":"2.233","tov_pct":"8.915","usg_pct":"18.261","ortg":"99.553","drtg":"120.000","bpm":"-4.774"},{"game_id":1096,"team_name":"DEN","player_id":"{\"cancavl01\"}","player_name":"{\"Vlatko Čančar\"}","ts_pct":"0.525","efg_pct":"0.521","three_par":"0.523","ftr":"0.123","orb_pct":"5.459","drb_pct":"11.993","trb_pct":"8.805","ast_pct":"3.819","stl_pct":"0.466","blk_pct":"0.000","tov_pct":"3.526","usg_pct":"14.522","ortg":"109.506","drtg":"117.553","bpm":"-2.619"},{"game_id":1096,"team_name":"DEN","player_id":"benchDEN","player_name":"Bench of DEN","ts_pct":"0.403","efg_pct":"0.385","three_par":"0.456","ftr":"0.154","orb_pct":"2.183","drb_pct":"14.203","trb_pct":"8.067","ast_pct":"10.212","stl_pct":"1.717","blk_pct":"1.671","tov_pct":"12.622","usg_pct":"17.895","ortg":"91.770","drtg":"115.227","bpm":"-5.847"},{"game_id":1096,"team_name":"POR","player_id":"{\"jonesde02\"}","player_name":"{\"Derrick Jones Jr.\"}","ts_pct":"0.345","efg_pct":"0.339","three_par":"0.312","ftr":"0.404","orb_pct":"1.995","drb_pct":"3.109","trb_pct":"2.542","ast_pct":"7.478","stl_pct":"0.629","blk_pct":"4.561","tov_pct":"6.600","usg_pct":"10.567","ortg":"73.788","drtg":"119.224","bpm":"-7.681"},{"game_id":1096,"team_name":"POR","player_id":"{\"lillada01\"}","player_name":"{\"Damian Lillard\"}","ts_pct":"0.720","efg_pct":"0.661","three_par":"0.506","ftr":"0.374","orb_pct":"0.865","drb_pct":"10.542","trb_pct":"5.841","ast_pct":"36.660","stl_pct":"0.794","blk_pct":"0.459","tov_pct":"10.264","usg_pct":"30.367","ortg":"142.188","drtg":"118.871","bpm":"11.089"},{"game_id":1096,"team_name":"POR","player_id":"{\"mccolcj01\"}","player_name":"{\"CJ McCollum\"}","ts_pct":"0.590","efg_pct":"0.567","three_par":"0.422","ftr":"0.164","orb_pct":"1.519","drb_pct":"9.149","trb_pct":"5.181","ast_pct":"19.949","stl_pct":"0.718","blk_pct":"1.088","tov_pct":"5.485","usg_pct":"26.629","ortg":"121.447","drtg":"118.765","bpm":"2.953"},{"game_id":1096,"team_name":"POR","player_id":"{\"covinro01\"}","player_name":"{\"Robert Covington\"}","ts_pct":"0.569","efg_pct":"0.562","three_par":"0.816","ftr":"0.096","orb_pct":"3.278","drb_pct":"16.451","trb_pct":"9.907","ast_pct":"5.053","stl_pct":"1.894","blk_pct":"3.008","tov_pct":"4.299","usg_pct":"9.296","ortg":"121.600","drtg":"112.153","bpm":"0.082"},{"game_id":1096,"team_name":"POR","player_id":"{\"littlna01\"}","player_name":"{\"Nassir Little\"}","ts_pct":"0.460","efg_pct":"0.450","three_par":"0.178","ftr":"0.122","orb_pct":"1.869","drb_pct":"18.365","trb_pct":"9.645","ast_pct":"5.393","stl_pct":"0.000","blk_pct":"0.000","tov_pct":"19.418","usg_pct":"14.498","ortg":"94.953","drtg":"118.188","bpm":"-6.509"},{"game_id":1096,"team_name":"POR","player_id":"{\"ellebcj01\"}","player_name":"{\"CJ Elleby\"}","ts_pct":"0.360","efg_pct":"0.302","three_par":"0.259","ftr":"0.247","orb_pct":"6.558","drb_pct":"18.567","trb_pct":"12.480","ast_pct":"12.509","stl_pct":"0.000","blk_pct":"0.000","tov_pct":"2.353","usg_pct":"19.471","ortg":"89.412","drtg":"117.894","bpm":"-5.287"},{"game_id":1096,"team_name":"POR","player_id":"benchPOR","player_name":"Bench of POR","ts_pct":"0.514","efg_pct":"0.500","three_par":"0.245","ftr":"0.298","orb_pct":"5.778","drb_pct":"21.722","trb_pct":"14.623","ast_pct":"11.582","stl_pct":"1.408","blk_pct":"2.813","tov_pct":"7.284","usg_pct":"18.312","ortg":"109.428","drtg":"110.567","bpm":"0.006"}]