[{"game_id":1130,"team_name":"PHI","player_id":"teamPHI","player_name":"Team name: PHI","ts_pct":"0.690","efg_pct":"0.636","three_par":"0.471","ftr":"0.429","orb_pct":"5.917","drb_pct":"17.493","trb_pct":"11.785","ast_pct":"16.267","stl_pct":"2.077","blk_pct":"2.474","tov_pct":"10.797","usg_pct":"24.286","ortg":"140.917","drtg":"140.290","bpm":"-1.086"},{"game_id":1130,"team_name":"ATL","player_id":"teamATL","player_name":"Team name: ATL","ts_pct":"0.536","efg_pct":"0.493","three_par":"0.385","ftr":"0.220","orb_pct":"4.789","drb_pct":"16.243","trb_pct":"10.837","ast_pct":"13.950","stl_pct":"1.253","blk_pct":"2.568","tov_pct":"10.884","usg_pct":"20.498","ortg":"110.476","drtg":"113.766","bpm":"-0.551"}]