[{"game_id":1161,"team_name":"PHO","player_id":"{\"naderab01\"}","player_name":"{\"Abdel Nader\"}","fg":"2.318","fga":"4.918","fg_pct":"0.471","three_p":"0.812","three_pa":"1.659","three_p_pct":"0.489","ft":"1.294","fta":"1.871","ft_pct":"0.692","orb":"0.753","drb":"2.565","trb":"3.318","ast":"0.553","stl":"0.471","blk":"0.600","tov":"1.024","pf":"2.071","pts":"6.741"},{"game_id":1161,"team_name":"PHO","player_id":"{\"bookede01\"}","player_name":"{\"Devin Booker\"}","fg":"9.094","fga":"21.000","fg_pct":"0.433","three_p":"1.906","three_pa":"6.200","three_p_pct":"0.307","ft":"6.518","fta":"7.071","ft_pct":"0.922","orb":"0.565","drb":"6.306","trb":"6.871","ast":"4.588","stl":"0.847","blk":"0.059","tov":"4.035","pf":"3.635","pts":"26.612"},{"game_id":1161,"team_name":"PHO","player_id":"{\"aytonde01\"}","player_name":"{\"Deandre Ayton\"}","fg":"7.635","fga":"11.494","fg_pct":"0.664","three_p":"0.000","three_pa":"0.000","three_p_pct":"NaN","ft":"1.341","fta":"1.788","ft_pct":"0.750","orb":"3.541","drb":"8.153","trb":"11.694","ast":"1.165","stl":"0.600","blk":"1.129","tov":"1.129","pf":"2.306","pts":"16.612"},{"game_id":1161,"team_name":"PHO","player_id":"{\"paulch01\"}","player_name":"{\"Chris Paul\"}","fg":"6.976","fga":"15.647","fg_pct":"0.446","three_p":"0.988","three_pa":"2.929","three_p_pct":"0.337","ft":"4.353","fta":"4.553","ft_pct":"0.956","orb":"0.259","drb":"3.682","trb":"3.941","ast":"9.459","stl":"1.576","blk":"0.106","tov":"1.800","pf":"2.176","pts":"19.294"},{"game_id":1161,"team_name":"PHO","player_id":"{\"bridgmi01\"}","player_name":"{\"Mikal Bridges\"}","fg":"4.588","fga":"9.059","fg_pct":"0.506","three_p":"1.388","three_pa":"4.459","three_p_pct":"0.311","ft":"1.141","fta":"1.329","ft_pct":"0.859","orb":"1.541","drb":"4.035","trb":"5.576","ast":"1.871","stl":"0.906","blk":"0.965","tov":"0.624","pf":"2.129","pts":"11.706"},{"game_id":1161,"team_name":"PHO","player_id":"{\"crowdja01\"}","player_name":"{\"Jae Crowder\"}","fg":"3.024","fga":"7.329","fg_pct":"0.413","three_p":"2.471","three_pa":"5.776","three_p_pct":"0.428","ft":"0.647","fta":"0.647","ft_pct":"1.000","orb":"0.518","drb":"5.200","trb":"5.718","ast":"1.271","stl":"0.271","blk":"0.776","tov":"0.835","pf":"2.729","pts":"9.165"},{"game_id":1161,"team_name":"PHO","player_id":"benchPHO","player_name":"Bench of PHO","fg":"2.257","fga":"4.847","fg_pct":"0.466","three_p":"0.818","three_pa":"2.095","three_p_pct":"0.390","ft":"0.793","fta":"0.901","ft_pct":"0.880","orb":"0.539","drb":"2.117","trb":"2.656","ast":"1.320","stl":"0.377","blk":"0.336","tov":"0.469","pf":"1.284","pts":"6.127"},{"game_id":1161,"team_name":"LAC","player_id":"{\"georgpa01\"}","player_name":"{\"Paul George\"}","fg":"8.941","fga":"22.576","fg_pct":"0.396","three_p":"3.035","three_pa":"9.365","three_p_pct":"0.324","ft":"7.494","fta":"9.718","ft_pct":"0.771","orb":"0.800","drb":"9.482","trb":"10.282","ast":"5.753","stl":"1.094","blk":"0.412","tov":"3.494","pf":"2.988","pts":"28.412"},{"game_id":1161,"team_name":"LAC","player_id":"{\"morrima03\"}","player_name":"{\"Marcus Morris\"}","fg":"3.718","fga":"9.318","fg_pct":"0.399","three_p":"1.259","three_pa":"3.741","three_p_pct":"0.337","ft":"1.047","fta":"1.318","ft_pct":"0.794","orb":"0.588","drb":"3.200","trb":"3.788","ast":"1.471","stl":"0.435","blk":"0.635","tov":"0.318","pf":"1.776","pts":"9.741"},{"game_id":1161,"team_name":"LAC","player_id":"{\"jacksre01\"}","player_name":"{\"Reggie Jackson\"}","fg":"7.765","fga":"15.647","fg_pct":"0.496","three_p":"2.918","three_pa":"7.612","three_p_pct":"0.383","ft":"1.729","fta":"2.012","ft_pct":"0.859","orb":"0.329","drb":"2.765","trb":"3.094","ast":"3.494","stl":"1.388","blk":"0.129","tov":"2.000","pf":"2.188","pts":"20.176"},{"game_id":1161,"team_name":"LAC","player_id":"{\"beverpa01\"}","player_name":"{\"Patrick Beverley\"}","fg":"1.682","fga":"4.247","fg_pct":"0.396","three_p":"0.953","three_pa":"2.553","three_p_pct":"0.373","ft":"0.706","fta":"0.871","ft_pct":"0.811","orb":"1.306","drb":"2.129","trb":"3.435","ast":"1.729","stl":"0.871","blk":"0.753","tov":"0.176","pf":"2.435","pts":"5.024"},{"game_id":1161,"team_name":"LAC","player_id":"{\"batumni01\"}","player_name":"{\"Nicolas Batum\"}","fg":"2.518","fga":"5.294","fg_pct":"0.476","three_p":"1.682","three_pa":"3.835","three_p_pct":"0.439","ft":"0.294","fta":"0.424","ft_pct":"0.693","orb":"0.824","drb":"4.365","trb":"5.188","ast":"1.918","stl":"1.212","blk":"0.718","tov":"0.224","pf":"1.506","pts":"7.012"},{"game_id":1161,"team_name":"LAC","player_id":"{\"mannte01\"}","player_name":"{\"Terance Mann\"}","fg":"4.435","fga":"7.459","fg_pct":"0.595","three_p":"1.541","three_pa":"3.024","three_p_pct":"0.510","ft":"1.400","fta":"1.929","ft_pct":"0.726","orb":"1.059","drb":"1.918","trb":"2.976","ast":"0.941","stl":"0.800","blk":"0.141","tov":"0.224","pf":"3.282","pts":"11.812"},{"game_id":1161,"team_name":"LAC","player_id":"benchLAC","player_name":"Bench of LAC","fg":"1.277","fga":"2.911","fg_pct":"0.439","three_p":"0.459","three_pa":"1.259","three_p_pct":"0.365","ft":"0.346","fta":"0.414","ft_pct":"0.836","orb":"0.407","drb":"0.903","trb":"1.310","ast":"0.328","stl":"0.219","blk":"0.115","tov":"0.276","pf":"0.805","pts":"3.359"}]