[{"game_id":1059,"team_name":"GSW","player_id":"teamGSW","player_name":"Team name: GSW","fg":"42.640","fga":"87.954","fg_pct":"0.485","three_p":"17.171","three_pa":"44.646","three_p_pct":"0.385","ft":"15.097","fta":"18.634","ft_pct":"0.810","orb":"7.657","drb":"36.360","trb":"44.017","ast":"29.549","stl":"7.589","blk":"4.589","tov":"13.926","pf":"19.691","pts":"117.549"},{"game_id":1059,"team_name":"NOP","player_id":"teamNOP","player_name":"Team name: NOP","fg":"41.943","fga":"93.354","fg_pct":"0.449","three_p":"9.931","three_pa":"30.263","three_p_pct":"0.328","ft":"18.869","fta":"26.857","ft_pct":"0.703","orb":"12.971","drb":"36.646","trb":"49.617","ast":"25.937","stl":"9.560","blk":"4.851","tov":"14.469","pf":"17.663","pts":"112.686"}]