[{"game_id":1089,"team_name":"LAC","player_id":"teamLAC","player_name":"Team name: LAC","ts_pct":"0.682","efg_pct":"0.651","three_par":"0.474","ftr":"0.274","orb_pct":"5.897","drb_pct":"18.191","trb_pct":"12.381","ast_pct":"17.850","stl_pct":"1.749","blk_pct":"1.784","tov_pct":"13.660","usg_pct":"21.743","ortg":"134.588","drtg":"126.967","bpm":"-1.069"},{"game_id":1089,"team_name":"DAL","player_id":"teamDAL","player_name":"Team name: DAL","ts_pct":"0.673","efg_pct":"0.630","three_par":"0.476","ftr":"0.331","orb_pct":"7.611","drb_pct":"18.421","trb_pct":"12.871","ast_pct":"16.761","stl_pct":"1.701","blk_pct":"1.702","tov_pct":"13.231","usg_pct":"24.821","ortg":"139.414","drtg":"149.551","bpm":"-3.630"}]