[{"game_id":1115,"team_name":"BOS","player_id":"{\"ojelese01\"}","player_name":"{\"Semi Ojeleye\"}","ts_pct":"0.288","efg_pct":"0.288","three_par":"0.581","ftr":"0.000","orb_pct":"2.921","drb_pct":"13.344","trb_pct":"8.081","ast_pct":"1.933","stl_pct":"0.820","blk_pct":"2.187","tov_pct":"5.674","usg_pct":"10.764","ortg":"50.212","drtg":"112.647","bpm":"-5.009"},{"game_id":1115,"team_name":"BOS","player_id":"{\"tatumja01\"}","player_name":"{\"Jayson Tatum\"}","ts_pct":"0.545","efg_pct":"0.478","three_par":"0.350","ftr":"0.365","orb_pct":"2.853","drb_pct":"18.376","trb_pct":"10.366","ast_pct":"18.349","stl_pct":"2.299","blk_pct":"3.646","tov_pct":"9.933","usg_pct":"34.268","ortg":"110.718","drtg":"113.635","bpm":"3.364"},{"game_id":1115,"team_name":"BOS","player_id":"{\"smartma01\"}","player_name":"{\"Marcus Smart\"}","ts_pct":"0.559","efg_pct":"0.552","three_par":"0.593","ftr":"0.183","orb_pct":"1.569","drb_pct":"9.539","trb_pct":"5.442","ast_pct":"24.272","stl_pct":"1.564","blk_pct":"0.582","tov_pct":"19.761","usg_pct":"17.511","ortg":"110.094","drtg":"122.988","bpm":"-1.111"},{"game_id":1115,"team_name":"BOS","player_id":"{\"fournev01\"}","player_name":"{\"Evan Fournier\"}","ts_pct":"0.624","efg_pct":"0.613","three_par":"0.528","ftr":"0.123","orb_pct":"2.314","drb_pct":"10.195","trb_pct":"6.176","ast_pct":"14.936","stl_pct":"1.833","blk_pct":"1.004","tov_pct":"9.562","usg_pct":"18.582","ortg":"121.118","drtg":"118.682","bpm":"3.145"},{"game_id":1115,"team_name":"BOS","player_id":"{\"langfro01\"}","player_name":"{\"Romeo Langford\"}","ts_pct":"0.475","efg_pct":"0.492","three_par":"0.360","ftr":"0.377","orb_pct":"3.618","drb_pct":"10.060","trb_pct":"6.661","ast_pct":"11.051","stl_pct":"0.801","blk_pct":"0.682","tov_pct":"2.418","usg_pct":"11.659","ortg":"112.471","drtg":"119.929","bpm":"-2.226"},{"game_id":1115,"team_name":"BOS","player_id":"{\"pritcpa01\"}","player_name":"{\"Payton Pritchard\"}","ts_pct":"0.217","efg_pct":"0.193","three_par":"0.628","ftr":"0.069","orb_pct":"0.732","drb_pct":"14.560","trb_pct":"7.179","ast_pct":"16.229","stl_pct":"1.380","blk_pct":"0.000","tov_pct":"3.735","usg_pct":"14.022","ortg":"58.635","drtg":"119.424","bpm":"-5.631"},{"game_id":1115,"team_name":"BOS","player_id":"benchBOS","player_name":"Bench of BOS","ts_pct":"0.484","efg_pct":"0.479","three_par":"0.278","ftr":"0.234","orb_pct":"7.328","drb_pct":"18.805","trb_pct":"12.865","ast_pct":"8.596","stl_pct":"0.811","blk_pct":"3.731","tov_pct":"11.639","usg_pct":"16.658","ortg":"108.952","drtg":"114.751","bpm":"-2.590"},{"game_id":1115,"team_name":"BRK","player_id":"{\"claxtni01\"}","player_name":"{\"Nic Claxton\"}","ts_pct":"0.513","efg_pct":"0.561","three_par":"0.000","ftr":"0.506","orb_pct":"11.384","drb_pct":"20.131","trb_pct":"16.540","ast_pct":"4.685","stl_pct":"1.227","blk_pct":"6.418","tov_pct":"8.732","usg_pct":"13.933","ortg":"117.941","drtg":"109.435","bpm":"-1.991"},{"game_id":1115,"team_name":"BRK","player_id":"{\"irvinky01\"}","player_name":"{\"Kyrie Irving\"}","ts_pct":"0.629","efg_pct":"0.599","three_par":"0.376","ftr":"0.154","orb_pct":"3.619","drb_pct":"11.196","trb_pct":"7.592","ast_pct":"16.408","stl_pct":"1.756","blk_pct":"3.062","tov_pct":"8.445","usg_pct":"25.975","ortg":"123.494","drtg":"113.765","bpm":"5.025"},{"game_id":1115,"team_name":"BRK","player_id":"{\"hardeja01\"}","player_name":"{\"James Harden\"}","ts_pct":"0.619","efg_pct":"0.573","three_par":"0.594","ftr":"0.529","orb_pct":"2.380","drb_pct":"21.522","trb_pct":"12.545","ast_pct":"46.845","stl_pct":"2.120","blk_pct":"1.814","tov_pct":"11.578","usg_pct":"25.186","ortg":"137.376","drtg":"109.506","bpm":"12.581"},{"game_id":1115,"team_name":"BRK","player_id":"{\"duranke01\"}","player_name":"{\"Kevin Durant\"}","ts_pct":"0.656","efg_pct":"0.582","three_par":"0.292","ftr":"0.501","orb_pct":"1.513","drb_pct":"24.198","trb_pct":"13.878","ast_pct":"25.584","stl_pct":"1.607","blk_pct":"4.294","tov_pct":"13.754","usg_pct":"30.653","ortg":"124.694","drtg":"108.247","bpm":"7.966"},{"game_id":1115,"team_name":"BRK","player_id":"{\"harrijo01\"}","player_name":"{\"Joe Harris\"}","ts_pct":"0.578","efg_pct":"0.573","three_par":"0.642","ftr":"0.027","orb_pct":"1.885","drb_pct":"9.547","trb_pct":"6.076","ast_pct":"6.455","stl_pct":"0.940","blk_pct":"0.968","tov_pct":"11.811","usg_pct":"15.980","ortg":"107.541","drtg":"119.647","bpm":"-2.215"},{"game_id":1115,"team_name":"BRK","player_id":"{\"brownbr01\"}","player_name":"{\"Bruce Brown\"}","ts_pct":"0.579","efg_pct":"0.481","three_par":"0.101","ftr":"0.623","orb_pct":"9.891","drb_pct":"19.105","trb_pct":"15.261","ast_pct":"12.129","stl_pct":"0.984","blk_pct":"2.876","tov_pct":"8.325","usg_pct":"13.465","ortg":"131.412","drtg":"111.871","bpm":"0.714"},{"game_id":1115,"team_name":"BRK","player_id":"benchBRK","player_name":"Bench of BRK","ts_pct":"0.492","efg_pct":"0.451","three_par":"0.521","ftr":"0.157","orb_pct":"2.361","drb_pct":"9.981","trb_pct":"6.550","ast_pct":"18.349","stl_pct":"1.100","blk_pct":"0.761","tov_pct":"9.788","usg_pct":"17.214","ortg":"110.232","drtg":"116.213","bpm":"-3.687"}]