[{"game_id":1038,"team_name":"BRK","player_id":"teamBRK","player_name":"Team name: BRK","fg":"41.594","fga":"86.789","fg_pct":"0.479","three_p":"14.594","three_pa":"36.743","three_p_pct":"0.397","ft":"19.423","fta":"23.577","ft_pct":"0.824","orb":"8.834","drb":"36.469","trb":"45.303","ast":"25.497","stl":"6.783","blk":"4.920","tov":"11.903","pf":"19.143","pts":"117.206"},{"game_id":1038,"team_name":"SAS","player_id":"teamSAS","player_name":"Team name: SAS","fg":"44.394","fga":"92.229","fg_pct":"0.481","three_p":"9.006","three_pa":"25.720","three_p_pct":"0.350","ft":"19.051","fta":"23.131","ft_pct":"0.824","orb":"8.583","drb":"33.594","trb":"42.177","ast":"23.297","stl":"7.263","blk":"4.491","tov":"10.714","pf":"19.011","pts":"116.846"}]