[{"game_id":1144,"team_name":"ATL","player_id":"teamATL","player_name":"Team name: ATL","fg":"39.691","fga":"85.423","fg_pct":"0.465","three_p":"12.160","three_pa":"33.480","three_p_pct":"0.363","ft":"18.406","fta":"21.966","ft_pct":"0.838","orb":"8.920","drb":"34.703","trb":"43.623","ast":"20.931","stl":"5.943","blk":"5.263","tov":"11.691","pf":"20.749","pts":"109.949"},{"game_id":1144,"team_name":"PHI","player_id":"teamPHI","player_name":"Team name: PHI","fg":"45.554","fga":"87.634","fg_pct":"0.520","three_p":"12.091","three_pa":"29.509","three_p_pct":"0.410","ft":"20.640","fta":"29.469","ft_pct":"0.700","orb":"8.983","drb":"33.143","trb":"42.126","ast":"28.160","stl":"9.034","blk":"6.491","tov":"11.149","pf":"23.651","pts":"123.840"}]