[{"game_id":1244,"team_name":"CHI","player_id":"teamCHI","player_name":"Team name: CHI","fg":"39.251","fga":"92.126","fg_pct":"0.426","three_p":"8.994","three_pa":"30.017","three_p_pct":"0.300","ft":"16.297","fta":"21.600","ft_pct":"0.754","orb":"10.131","drb":"32.326","trb":"42.457","ast":"20.457","stl":"7.754","blk":"4.091","tov":"10.040","pf":"20.480","pts":"103.794"},{"game_id":1244,"team_name":"DET","player_id":"teamDET","player_name":"Team name: DET","fg":"38.680","fga":"87.371","fg_pct":"0.443","three_p":"11.429","three_pa":"29.600","three_p_pct":"0.386","ft":"16.149","fta":"21.331","ft_pct":"0.757","orb":"9.703","drb":"33.246","trb":"42.949","ast":"23.457","stl":"6.251","blk":"4.000","tov":"15.291","pf":"21.971","pts":"104.937"}]