[{"game_id":1114,"team_name":"LAL","player_id":"teamLAL","player_name":"Team name: LAL","fg":"39.291","fga":"86.166","fg_pct":"0.456","three_p":"9.691","three_pa":"29.091","three_p_pct":"0.333","ft":"20.480","fta":"27.000","ft_pct":"0.759","orb":"11.086","drb":"33.000","trb":"44.086","ast":"24.434","stl":"9.223","blk":"4.600","tov":"12.966","pf":"18.714","pts":"108.754"},{"game_id":1114,"team_name":"PHO","player_id":"teamPHO","player_name":"Team name: PHO","fg":"41.000","fga":"84.874","fg_pct":"0.483","three_p":"12.326","three_pa":"31.451","three_p_pct":"0.392","ft":"18.314","fta":"20.583","ft_pct":"0.890","orb":"8.200","drb":"31.280","trb":"39.480","ast":"25.457","stl":"6.583","blk":"4.034","tov":"11.531","pf":"19.531","pts":"112.640"}]