[{"game_id":1246,"team_name":"SAC","player_id":"teamSAC","player_name":"Team name: SAC","fg":"40.440","fga":"92.634","fg_pct":"0.437","three_p":"11.937","three_pa":"34.577","three_p_pct":"0.345","ft":"13.686","fta":"18.514","ft_pct":"0.739","orb":"11.874","drb":"30.229","trb":"42.103","ast":"21.697","stl":"7.457","blk":"3.749","tov":"14.149","pf":"19.417","pts":"106.503"},{"game_id":1246,"team_name":"UTA","player_id":"teamUTA","player_name":"Team name: UTA","fg":"35.937","fga":"81.503","fg_pct":"0.441","three_p":"10.194","three_pa":"31.600","three_p_pct":"0.323","ft":"17.817","fta":"23.326","ft_pct":"0.764","orb":"7.926","drb":"37.097","trb":"45.023","ast":"21.920","stl":"8.349","blk":"4.434","tov":"16.674","pf":"23.126","pts":"99.886"}]