[{"game_id":1168,"team_name":"MIL","player_id":"teamMIL","player_name":"Team name: MIL","ts_pct":"0.505","efg_pct":"0.478","three_par":"0.419","ftr":"0.197","orb_pct":"5.563","drb_pct":"15.260","trb_pct":"10.364","ast_pct":"11.358","stl_pct":"2.835","blk_pct":"1.602","tov_pct":"9.806","usg_pct":"18.825","ortg":"105.262","drtg":"116.386","bpm":"-0.169"},{"game_id":1168,"team_name":"PHO","player_id":"teamPHO","player_name":"Team name: PHO","ts_pct":"0.561","efg_pct":"0.534","three_par":"0.376","ftr":"0.180","orb_pct":"4.185","drb_pct":"15.801","trb_pct":"10.163","ast_pct":"13.390","stl_pct":"1.064","blk_pct":"0.911","tov_pct":"9.528","usg_pct":"18.780","ortg":"113.289","drtg":"116.511","bpm":"0.295"}]