[{"game_id":1045,"team_name":"ATL","player_id":"teamATL","player_name":"Team name: ATL","fg":"41.629","fga":"85.800","fg_pct":"0.485","three_p":"11.714","three_pa":"31.463","three_p_pct":"0.372","ft":"19.063","fta":"23.143","ft_pct":"0.824","orb":"9.303","drb":"37.006","trb":"46.309","ast":"23.971","stl":"6.229","blk":"4.863","tov":"12.869","pf":"19.286","pts":"114.034"},{"game_id":1045,"team_name":"ORL","player_id":"teamORL","player_name":"Team name: ORL","fg":"37.817","fga":"89.206","fg_pct":"0.424","three_p":"9.143","three_pa":"28.269","three_p_pct":"0.323","ft":"18.669","fta":"24.229","ft_pct":"0.771","orb":"9.954","drb":"36.120","trb":"46.074","ast":"19.571","stl":"6.594","blk":"4.817","tov":"12.040","pf":"18.371","pts":"103.446"}]