[{"game_id":1007,"team_name":"TOR","player_id":"{\"trentga02\"}","player_name":"{\"Gary Trent Jr.\"}","fg":"6.094","fga":"15.012","fg_pct":"0.406","three_p":"2.565","three_pa":"7.282","three_p_pct":"0.352","ft":"1.341","fta":"1.447","ft_pct":"0.927","orb":"0.153","drb":"3.176","trb":"3.329","ast":"1.188","stl":"1.353","blk":"0.118","tov":"0.882","pf":"1.506","pts":"16.094"},{"game_id":1007,"team_name":"TOR","player_id":"{\"siakapa01\"}","player_name":"{\"Pascal Siakam\"}","fg":"9.882","fga":"20.788","fg_pct":"0.475","three_p":"1.824","three_pa":"4.976","three_p_pct":"0.367","ft":"3.871","fta":"4.988","ft_pct":"0.776","orb":"1.694","drb":"6.624","trb":"8.318","ast":"3.588","stl":"1.671","blk":"0.388","tov":"3.329","pf":"2.565","pts":"25.459"},{"game_id":1007,"team_name":"TOR","player_id":"{\"harrija01\"}","player_name":"{\"Jalen Harris\"}","fg":"1.099","fga":"2.358","fg_pct":"0.466","three_p":"0.790","three_pa":"1.185","three_p_pct":"0.667","ft":"0.000","fta":"0.000","ft_pct":"NaN","orb":"0.185","drb":"0.444","trb":"0.630","ast":"0.580","stl":"0.346","blk":"0.000","tov":"0.333","pf":"0.667","pts":"2.988"},{"game_id":1007,"team_name":"TOR","player_id":"{\"birchkh01\"}","player_name":"{\"Khem Birch\"}","fg":"5.435","fga":"9.118","fg_pct":"0.596","three_p":"0.588","three_pa":"1.635","three_p_pct":"0.360","ft":"1.353","fta":"2.259","ft_pct":"0.599","orb":"3.588","drb":"5.212","trb":"8.800","ast":"1.976","stl":"0.894","blk":"1.224","tov":"1.024","pf":"2.859","pts":"12.812"},{"game_id":1007,"team_name":"TOR","player_id":"{\"flynnma01\"}","player_name":"{\"Malachi Flynn\"}","fg":"2.518","fga":"6.847","fg_pct":"0.368","three_p":"0.906","three_pa":"3.012","three_p_pct":"0.301","ft":"1.529","fta":"1.741","ft_pct":"0.878","orb":"0.129","drb":"2.741","trb":"2.871","ast":"2.847","stl":"0.541","blk":"0.000","tov":"1.435","pf":"1.765","pts":"7.471"},{"game_id":1007,"team_name":"TOR","player_id":"{\"watanyu01\"}","player_name":"{\"Yuta Watanabe\"}","fg":"2.259","fga":"4.859","fg_pct":"0.465","three_p":"1.176","three_pa":"2.753","three_p_pct":"0.427","ft":"0.788","fta":"0.988","ft_pct":"0.798","orb":"0.624","drb":"2.459","trb":"3.082","ast":"1.294","stl":"0.553","blk":"0.412","tov":"0.506","pf":"1.447","pts":"6.482"},{"game_id":1007,"team_name":"TOR","player_id":"benchTOR","player_name":"Bench of TOR","fg":"1.511","fga":"3.636","fg_pct":"0.416","three_p":"0.280","three_pa":"1.101","three_p_pct":"0.254","ft":"1.045","fta":"1.445","ft_pct":"0.723","orb":"1.014","drb":"1.960","trb":"2.974","ast":"0.948","stl":"0.783","blk":"0.385","tov":"0.828","pf":"1.720","pts":"4.346"},{"game_id":1007,"team_name":"MEM","player_id":"{\"konchjo01\"}","player_name":"{\"John Konchar\"}","fg":"1.659","fga":"2.859","fg_pct":"0.580","three_p":"0.388","three_pa":"1.012","three_p_pct":"0.383","ft":"0.141","fta":"0.141","ft_pct":"1.000","orb":"0.518","drb":"1.988","trb":"2.506","ast":"0.600","stl":"0.435","blk":"0.047","tov":"0.329","pf":"0.388","pts":"3.847"},{"game_id":1007,"team_name":"MEM","player_id":"{\"moranja01\"}","player_name":"{\"Ja Morant\"}","fg":"7.306","fga":"16.059","fg_pct":"0.455","three_p":"1.741","three_pa":"4.553","three_p_pct":"0.382","ft":"4.518","fta":"6.035","ft_pct":"0.749","orb":"0.506","drb":"3.965","trb":"4.471","ast":"6.824","stl":"1.024","blk":"0.506","tov":"3.624","pf":"1.118","pts":"20.871"},{"game_id":1007,"team_name":"MEM","player_id":"{\"brookdi01\"}","player_name":"{\"Dillon Brooks\"}","fg":"6.024","fga":"14.976","fg_pct":"0.402","three_p":"2.165","three_pa":"6.071","three_p_pct":"0.357","ft":"3.035","fta":"3.894","ft_pct":"0.779","orb":"0.388","drb":"1.988","trb":"2.376","ast":"1.471","stl":"0.871","blk":"0.224","tov":"1.647","pf":"4.235","pts":"17.247"},{"game_id":1007,"team_name":"MEM","player_id":"{\"valanjo01\"}","player_name":"{\"Jonas Valančiūnas\"}","fg":"6.200","fga":"10.059","fg_pct":"0.616","three_p":"0.459","three_pa":"0.929","three_p_pct":"0.494","ft":"1.612","fta":"2.447","ft_pct":"0.659","orb":"3.718","drb":"7.294","trb":"11.012","ast":"1.871","stl":"0.729","blk":"1.306","tov":"1.318","pf":"2.776","pts":"14.471"},{"game_id":1007,"team_name":"MEM","player_id":"{\"anderky01\"}","player_name":"{\"Kyle Anderson\"}","fg":"4.718","fga":"10.024","fg_pct":"0.471","three_p":"1.729","three_pa":"3.918","three_p_pct":"0.441","ft":"1.835","fta":"2.388","ft_pct":"0.768","orb":"0.824","drb":"3.918","trb":"4.741","ast":"3.012","stl":"1.212","blk":"0.647","tov":"1.259","pf":"1.494","pts":"13.000"},{"game_id":1007,"team_name":"MEM","player_id":"{\"jacksja02\"}","player_name":"{\"Jaren Jackson Jr.\"}","fg":"5.059","fga":"11.788","fg_pct":"0.429","three_p":"1.706","three_pa":"5.682","three_p_pct":"0.300","ft":"4.129","fta":"5.035","ft_pct":"0.820","orb":"1.129","drb":"3.694","trb":"4.824","ast":"0.671","stl":"0.941","blk":"1.224","tov":"1.153","pf":"3.482","pts":"15.953"},{"game_id":1007,"team_name":"MEM","player_id":"benchMEM","player_name":"Bench of MEM","fg":"2.561","fga":"6.148","fg_pct":"0.417","three_p":"0.818","three_pa":"2.745","three_p_pct":"0.298","ft":"0.644","fta":"0.770","ft_pct":"0.836","orb":"0.894","drb":"2.610","trb":"3.504","ast":"2.096","stl":"0.526","blk":"0.537","tov":"0.849","pf":"1.150","pts":"6.585"}]