[{"game_id":1152,"team_name":"BRK","player_id":"{\"shamela01\"}","player_name":"{\"Landry Shamet\"}","ts_pct":"0.545","efg_pct":"0.489","three_par":"0.565","ftr":"0.286","orb_pct":"1.372","drb_pct":"9.238","trb_pct":"5.368","ast_pct":"5.347","stl_pct":"1.299","blk_pct":"0.000","tov_pct":"11.405","usg_pct":"12.125","ortg":"98.224","drtg":"111.706","bpm":"-1.929"},{"game_id":1152,"team_name":"BRK","player_id":"{\"hardeja01\"}","player_name":"{\"James Harden\"}","ts_pct":"0.571","efg_pct":"0.531","three_par":"0.536","ftr":"0.465","orb_pct":"2.178","drb_pct":"27.520","trb_pct":"17.124","ast_pct":"33.001","stl_pct":"2.344","blk_pct":"1.945","tov_pct":"15.451","usg_pct":"19.072","ortg":"114.459","drtg":"106.953","bpm":"8.606"},{"game_id":1152,"team_name":"BRK","player_id":"{\"duranke01\"}","player_name":"{\"Kevin Durant\"}","ts_pct":"0.642","efg_pct":"0.601","three_par":"0.293","ftr":"0.350","orb_pct":"0.687","drb_pct":"25.286","trb_pct":"13.349","ast_pct":"23.205","stl_pct":"1.860","blk_pct":"3.411","tov_pct":"12.279","usg_pct":"34.668","ortg":"118.129","drtg":"104.553","bpm":"10.148"},{"game_id":1152,"team_name":"BRK","player_id":"{\"brownbr01\"}","player_name":"{\"Bruce Brown\"}","ts_pct":"0.542","efg_pct":"0.490","three_par":"0.218","ftr":"0.277","orb_pct":"11.680","drb_pct":"16.101","trb_pct":"13.940","ast_pct":"14.131","stl_pct":"1.182","blk_pct":"0.918","tov_pct":"13.134","usg_pct":"19.680","ortg":"113.659","drtg":"108.576","bpm":"0.796"},{"game_id":1152,"team_name":"BRK","player_id":"{\"harrijo01\"}","player_name":"{\"Joe Harris\"}","ts_pct":"0.497","efg_pct":"0.492","three_par":"0.638","ftr":"0.021","orb_pct":"0.652","drb_pct":"8.879","trb_pct":"4.932","ast_pct":"5.339","stl_pct":"0.458","blk_pct":"0.291","tov_pct":"5.920","usg_pct":"14.129","ortg":"96.435","drtg":"113.424","bpm":"-4.264"},{"game_id":1152,"team_name":"BRK","player_id":"{\"griffbl01\"}","player_name":"{\"Blake Griffin\"}","ts_pct":"0.617","efg_pct":"0.597","three_par":"0.426","ftr":"0.164","orb_pct":"5.198","drb_pct":"17.513","trb_pct":"11.471","ast_pct":"6.755","stl_pct":"1.528","blk_pct":"2.208","tov_pct":"1.769","usg_pct":"13.264","ortg":"131.671","drtg":"107.376","bpm":"2.252"},{"game_id":1152,"team_name":"BRK","player_id":"benchBRK","player_name":"Bench of BRK","ts_pct":"0.551","efg_pct":"0.539","three_par":"0.280","ftr":"0.198","orb_pct":"4.311","drb_pct":"10.259","trb_pct":"7.449","ast_pct":"6.579","stl_pct":"1.195","blk_pct":"7.892","tov_pct":"8.938","usg_pct":"12.410","ortg":"107.060","drtg":"106.280","bpm":"2.908"},{"game_id":1152,"team_name":"MIL","player_id":"{\"middlkh01\"}","player_name":"{\"Khris Middleton\"}","ts_pct":"0.606","efg_pct":"0.569","three_par":"0.426","ftr":"0.353","orb_pct":"2.429","drb_pct":"18.179","trb_pct":"10.306","ast_pct":"16.778","stl_pct":"1.664","blk_pct":"1.046","tov_pct":"14.779","usg_pct":"27.032","ortg":"110.059","drtg":"103.482","bpm":"4.611"},{"game_id":1152,"team_name":"MIL","player_id":"{\"forbebr01\"}","player_name":"{\"Bryn Forbes\"}","ts_pct":"0.533","efg_pct":"0.517","three_par":"0.711","ftr":"0.132","orb_pct":"0.540","drb_pct":"7.202","trb_pct":"3.911","ast_pct":"3.667","stl_pct":"0.169","blk_pct":"2.125","tov_pct":"6.825","usg_pct":"18.600","ortg":"99.894","drtg":"107.965","bpm":"-0.929"},{"game_id":1152,"team_name":"MIL","player_id":"{\"antetgi01\"}","player_name":"{\"Giannis Antetokounmpo\"}","ts_pct":"0.567","efg_pct":"0.560","three_par":"0.175","ftr":"0.376","orb_pct":"5.462","drb_pct":"32.672","trb_pct":"18.849","ast_pct":"22.594","stl_pct":"0.714","blk_pct":"2.569","tov_pct":"12.907","usg_pct":"33.353","ortg":"108.859","drtg":"101.788","bpm":"6.987"},{"game_id":1152,"team_name":"MIL","player_id":"{\"holidjr01\"}","player_name":"{\"Jrue Holiday\"}","ts_pct":"0.493","efg_pct":"0.474","three_par":"0.355","ftr":"0.128","orb_pct":"3.851","drb_pct":"10.962","trb_pct":"7.362","ast_pct":"28.826","stl_pct":"1.865","blk_pct":"0.000","tov_pct":"11.475","usg_pct":"20.978","ortg":"109.341","drtg":"105.353","bpm":"2.084"},{"game_id":1152,"team_name":"MIL","player_id":"{\"lopezbr01\"}","player_name":"{\"Brook Lopez\"}","ts_pct":"0.554","efg_pct":"0.533","three_par":"0.436","ftr":"0.133","orb_pct":"7.369","drb_pct":"17.314","trb_pct":"12.309","ast_pct":"2.413","stl_pct":"0.769","blk_pct":"4.600","tov_pct":"10.856","usg_pct":"16.048","ortg":"106.082","drtg":"103.259","bpm":"1.524"},{"game_id":1152,"team_name":"MIL","player_id":"{\"tuckepj01\"}","player_name":"{\"P.J. Tucker\"}","ts_pct":"0.374","efg_pct":"0.365","three_par":"0.709","ftr":"0.038","orb_pct":"7.807","drb_pct":"8.856","trb_pct":"8.213","ast_pct":"3.831","stl_pct":"1.319","blk_pct":"0.413","tov_pct":"9.428","usg_pct":"7.616","ortg":"96.176","drtg":"106.835","bpm":"-2.500"},{"game_id":1152,"team_name":"MIL","player_id":"benchMIL","player_name":"Bench of MIL","ts_pct":"0.334","efg_pct":"0.216","three_par":"0.416","ftr":"0.401","orb_pct":"3.576","drb_pct":"11.029","trb_pct":"7.228","ast_pct":"8.469","stl_pct":"1.917","blk_pct":"8.201","tov_pct":"11.069","usg_pct":"9.524","ortg":"77.163","drtg":"95.025","bpm":"5.396"}]