[{"game_id":1001,"team_name":"UTA","player_id":"{\"ilyaser01\"}","player_name":"{\"Ersan İlyasova\"}","ts_pct":"0.689","efg_pct":"0.689","three_par":"0.809","ftr":"0.000","orb_pct":"2.245","drb_pct":"17.445","trb_pct":"10.004","ast_pct":"2.839","stl_pct":"3.161","blk_pct":"1.647","tov_pct":"15.753","usg_pct":"17.614","ortg":"117.976","drtg":"101.824","bpm":"0.558"},{"game_id":1001,"team_name":"UTA","player_id":"{\"onimi01\"}","player_name":"{\"Miye Oni\"}","ts_pct":"0.553","efg_pct":"0.553","three_par":"0.682","ftr":"0.000","orb_pct":"3.013","drb_pct":"14.565","trb_pct":"9.029","ast_pct":"12.709","stl_pct":"1.962","blk_pct":"0.584","tov_pct":"17.059","usg_pct":"6.974","ortg":"103.694","drtg":"105.529","bpm":"0.244"},{"game_id":1001,"team_name":"UTA","player_id":"{\"bogdabo02\"}","player_name":"{\"Bojan Bogdanović\"}","ts_pct":"0.658","efg_pct":"0.601","three_par":"0.479","ftr":"0.329","orb_pct":"1.167","drb_pct":"8.576","trb_pct":"5.073","ast_pct":"10.381","stl_pct":"1.748","blk_pct":"0.265","tov_pct":"15.388","usg_pct":"29.604","ortg":"112.329","drtg":"107.976","bpm":"1.296"},{"game_id":1001,"team_name":"UTA","player_id":"{\"clarkjo01\"}","player_name":"{\"Jordan Clarkson\"}","ts_pct":"0.524","efg_pct":"0.495","three_par":"0.444","ftr":"0.183","orb_pct":"1.779","drb_pct":"14.012","trb_pct":"8.554","ast_pct":"21.364","stl_pct":"1.661","blk_pct":"0.255","tov_pct":"8.605","usg_pct":"31.118","ortg":"106.988","drtg":"107.012","bpm":"-0.415"},{"game_id":1001,"team_name":"UTA","player_id":"{\"goberru01\"}","player_name":"{\"Rudy Gobert\"}","ts_pct":"0.729","efg_pct":"0.709","three_par":"0.000","ftr":"0.514","orb_pct":"11.829","drb_pct":"34.359","trb_pct":"23.919","ast_pct":"4.189","stl_pct":"1.180","blk_pct":"6.665","tov_pct":"15.538","usg_pct":"17.984","ortg":"132.235","drtg":"97.024","bpm":"4.380"},{"game_id":1001,"team_name":"UTA","player_id":"{\"inglejo01\"}","player_name":"{\"Joe Ingles\"}","ts_pct":"0.604","efg_pct":"0.588","three_par":"0.753","ftr":"0.172","orb_pct":"1.882","drb_pct":"9.652","trb_pct":"6.316","ast_pct":"30.931","stl_pct":"0.744","blk_pct":"0.581","tov_pct":"17.098","usg_pct":"20.485","ortg":"119.976","drtg":"109.835","bpm":"2.184"},{"game_id":1001,"team_name":"UTA","player_id":"benchUTA","player_name":"Bench of UTA","ts_pct":"0.613","efg_pct":"0.607","three_par":"0.437","ftr":"0.088","orb_pct":"6.400","drb_pct":"18.178","trb_pct":"12.875","ast_pct":"9.367","stl_pct":"0.980","blk_pct":"2.125","tov_pct":"15.232","usg_pct":"13.749","ortg":"119.907","drtg":"105.798","bpm":"-0.792"},{"game_id":1001,"team_name":"DEN","player_id":"{\"portemi01\"}","player_name":"{\"Michael Porter Jr.\"}","ts_pct":"0.685","efg_pct":"0.672","three_par":"0.469","ftr":"0.133","orb_pct":"0.858","drb_pct":"19.506","trb_pct":"10.272","ast_pct":"10.620","stl_pct":"0.514","blk_pct":"2.712","tov_pct":"8.966","usg_pct":"23.894","ortg":"122.459","drtg":"108.682","bpm":"5.006"},{"game_id":1001,"team_name":"DEN","player_id":"{\"jokicni01\"}","player_name":"{\"Nikola Jokić\"}","ts_pct":"0.659","efg_pct":"0.592","three_par":"0.199","ftr":"0.479","orb_pct":"7.460","drb_pct":"28.622","trb_pct":"18.269","ast_pct":"35.560","stl_pct":"1.904","blk_pct":"3.101","tov_pct":"12.334","usg_pct":"32.935","ortg":"127.259","drtg":"103.176","bpm":"12.494"},{"game_id":1001,"team_name":"DEN","player_id":"{\"campafa01\"}","player_name":"{\"Facundo Campazzo\"}","ts_pct":"0.631","efg_pct":"0.553","three_par":"0.655","ftr":"0.524","orb_pct":"2.053","drb_pct":"11.008","trb_pct":"6.593","ast_pct":"23.587","stl_pct":"3.385","blk_pct":"1.336","tov_pct":"17.105","usg_pct":"13.616","ortg":"124.059","drtg":"104.776","bpm":"3.598"},{"game_id":1001,"team_name":"DEN","player_id":"{\"gordoaa01\"}","player_name":"{\"Aaron Gordon\"}","ts_pct":"0.420","efg_pct":"0.390","three_par":"0.313","ftr":"0.265","orb_pct":"8.306","drb_pct":"13.867","trb_pct":"11.049","ast_pct":"10.619","stl_pct":"0.607","blk_pct":"3.492","tov_pct":"15.471","usg_pct":"17.840","ortg":"90.153","drtg":"109.153","bpm":"-5.084"},{"game_id":1001,"team_name":"DEN","player_id":"{\"riverau01\"}","player_name":"{\"Austin Rivers\"}","ts_pct":"0.437","efg_pct":"0.414","three_par":"0.609","ftr":"0.260","orb_pct":"0.441","drb_pct":"8.221","trb_pct":"4.253","ast_pct":"14.398","stl_pct":"2.528","blk_pct":"0.645","tov_pct":"7.507","usg_pct":"12.798","ortg":"100.859","drtg":"107.471","bpm":"-0.354"},{"game_id":1001,"team_name":"DEN","player_id":"{\"millspa01\"}","player_name":"{\"Paul Millsap\"}","ts_pct":"0.453","efg_pct":"0.426","three_par":"0.268","ftr":"0.190","orb_pct":"9.718","drb_pct":"28.334","trb_pct":"18.554","ast_pct":"19.400","stl_pct":"2.209","blk_pct":"4.881","tov_pct":"6.353","usg_pct":"26.193","ortg":"104.541","drtg":"103.141","bpm":"1.315"},{"game_id":1001,"team_name":"DEN","player_id":"benchDEN","player_name":"Bench of DEN","ts_pct":"0.522","efg_pct":"0.494","three_par":"0.250","ftr":"0.238","orb_pct":"7.709","drb_pct":"19.789","trb_pct":"13.873","ast_pct":"6.723","stl_pct":"1.760","blk_pct":"4.206","tov_pct":"11.982","usg_pct":"16.377","ortg":"110.301","drtg":"104.124","bpm":"-1.973"}]