[{"game_id":1221,"team_name":"SAC","player_id":"teamSAC","player_name":"Team name: SAC","fg":"40.589","fga":"91.611","fg_pct":"0.443","three_p":"11.783","three_pa":"31.446","three_p_pct":"0.375","ft":"15.291","fta":"20.246","ft_pct":"0.755","orb":"11.651","drb":"30.640","trb":"42.291","ast":"21.006","stl":"6.949","blk":"2.800","tov":"13.943","pf":"18.697","pts":"108.251"},{"game_id":1221,"team_name":"DEN","player_id":"teamDEN","player_name":"Team name: DEN","fg":"38.103","fga":"91.286","fg_pct":"0.417","three_p":"9.457","three_pa":"27.909","three_p_pct":"0.339","ft":"24.200","fta":"29.851","ft_pct":"0.811","orb":"13.920","drb":"36.154","trb":"50.074","ast":"21.931","stl":"6.869","blk":"6.457","tov":"10.766","pf":"22.823","pts":"109.863"}]