[{"game_id":121,"team_name":"POR","player_id":"{\"littlna01\"}","player_name":"{\"Nassir Little\"}","ts_pct":"0.439","efg_pct":"0.386","three_par":"0.367","ftr":"0.414","orb_pct":"1.135","drb_pct":"18.160","trb_pct":"10.212","ast_pct":"6.951","stl_pct":"2.741","blk_pct":"0.207","tov_pct":"0.607","usg_pct":"27.593","ortg":"96.318","drtg":"111.424","bpm":"-8.400"},{"game_id":121,"team_name":"POR","player_id":"{\"ellebcj01\"}","player_name":"{\"CJ Elleby\"}","ts_pct":"0.250","efg_pct":"0.264","three_par":"0.375","ftr":"0.111","orb_pct":"6.233","drb_pct":"7.150","trb_pct":"6.661","ast_pct":"23.428","stl_pct":"0.000","blk_pct":"0.000","tov_pct":"0.000","usg_pct":"12.564","ortg":"149.639","drtg":"118.444","bpm":"-3.092"},{"game_id":121,"team_name":"POR","player_id":"{\"blevike01\"}","player_name":"{\"Keljin Blevins\"}","ts_pct":"0.111","efg_pct":"0.111","three_par":"0.375","ftr":"0.000","orb_pct":"0.000","drb_pct":"0.000","trb_pct":"0.000","ast_pct":"24.122","stl_pct":"1.967","blk_pct":"0.000","tov_pct":"36.564","usg_pct":"24.261","ortg":"29.833","drtg":"116.861","bpm":"-19.461"},{"game_id":121,"team_name":"POR","player_id":"{\"lillada01\"}","player_name":"{\"Damian Lillard\"}","ts_pct":"0.586","efg_pct":"0.495","three_par":"0.545","ftr":"0.456","orb_pct":"0.753","drb_pct":"12.075","trb_pct":"6.182","ast_pct":"28.227","stl_pct":"0.800","blk_pct":"0.496","tov_pct":"12.094","usg_pct":"29.046","ortg":"115.529","drtg":"119.306","bpm":"2.615"},{"game_id":121,"team_name":"POR","player_id":"{\"trentga02\"}","player_name":"{\"Gary Trent Jr.\"}","ts_pct":"0.484","efg_pct":"0.476","three_par":"0.605","ftr":"0.105","orb_pct":"2.084","drb_pct":"7.221","trb_pct":"4.631","ast_pct":"4.676","stl_pct":"0.855","blk_pct":"0.000","tov_pct":"4.233","usg_pct":"17.862","ortg":"95.388","drtg":"121.965","bpm":"-2.015"},{"game_id":121,"team_name":"POR","player_id":"{\"mccolcj01\"}","player_name":"{\"CJ McCollum\"}","ts_pct":"0.592","efg_pct":"0.561","three_par":"0.489","ftr":"0.187","orb_pct":"1.565","drb_pct":"12.547","trb_pct":"6.700","ast_pct":"24.841","stl_pct":"2.548","blk_pct":"0.787","tov_pct":"6.816","usg_pct":"28.707","ortg":"119.306","drtg":"115.082","bpm":"7.544"},{"game_id":121,"team_name":"POR","player_id":"benchPOR","player_name":"Bench of POR","ts_pct":"0.481","efg_pct":"0.455","three_par":"0.357","ftr":"0.265","orb_pct":"4.691","drb_pct":"18.038","trb_pct":"11.171","ast_pct":"9.100","stl_pct":"1.592","blk_pct":"1.873","tov_pct":"12.577","usg_pct":"15.859","ortg":"95.689","drtg":"114.800","bpm":"-2.661"},{"game_id":121,"team_name":"MIN","player_id":"{\"nowelja01\"}","player_name":"{\"Jaylen Nowell\"}","ts_pct":"0.263","efg_pct":"0.221","three_par":"0.402","ftr":"0.259","orb_pct":"1.885","drb_pct":"15.807","trb_pct":"8.652","ast_pct":"20.328","stl_pct":"1.774","blk_pct":"0.249","tov_pct":"0.659","usg_pct":"16.768","ortg":"87.871","drtg":"115.024","bpm":"-5.575"},{"game_id":121,"team_name":"MIN","player_id":"{\"edwaran01\"}","player_name":"{\"Anthony Edwards\"}","ts_pct":"0.522","efg_pct":"0.506","three_par":"0.501","ftr":"0.104","orb_pct":"2.361","drb_pct":"6.417","trb_pct":"4.257","ast_pct":"11.813","stl_pct":"1.063","blk_pct":"1.004","tov_pct":"13.311","usg_pct":"25.744","ortg":"98.729","drtg":"123.986","bpm":"-5.036"},{"game_id":121,"team_name":"MIN","player_id":"{\"rubiori01\"}","player_name":"{\"Ricky Rubio\"}","ts_pct":"0.451","efg_pct":"0.425","three_par":"0.424","ftr":"0.169","orb_pct":"1.018","drb_pct":"12.833","trb_pct":"6.824","ast_pct":"30.724","stl_pct":"1.781","blk_pct":"0.165","tov_pct":"22.199","usg_pct":"15.732","ortg":"99.424","drtg":"119.118","bpm":"-4.440"},{"game_id":121,"team_name":"MIN","player_id":"{\"russeda01\"}","player_name":"{\"D'Angelo Russell\"}","ts_pct":"0.517","efg_pct":"0.496","three_par":"0.448","ftr":"0.197","orb_pct":"1.853","drb_pct":"11.629","trb_pct":"6.438","ast_pct":"27.922","stl_pct":"2.412","blk_pct":"1.072","tov_pct":"18.280","usg_pct":"29.533","ortg":"96.541","drtg":"118.894","bpm":"-1.808"},{"game_id":121,"team_name":"MIN","player_id":"{\"beaslma01\"}","player_name":"{\"Malik Beasley\"}","ts_pct":"0.540","efg_pct":"0.495","three_par":"0.383","ftr":"0.205","orb_pct":"2.489","drb_pct":"16.756","trb_pct":"8.847","ast_pct":"8.452","stl_pct":"0.818","blk_pct":"0.762","tov_pct":"5.952","usg_pct":"23.504","ortg":"109.247","drtg":"121.812","bpm":"-1.512"},{"game_id":121,"team_name":"MIN","player_id":"{\"hernaju01\"}","player_name":"{\"Juancho Hernangómez\"}","ts_pct":"0.433","efg_pct":"0.432","three_par":"0.514","ftr":"0.110","orb_pct":"5.382","drb_pct":"23.852","trb_pct":"13.793","ast_pct":"3.380","stl_pct":"1.333","blk_pct":"1.086","tov_pct":"4.726","usg_pct":"15.267","ortg":"96.118","drtg":"119.788","bpm":"-4.833"},{"game_id":121,"team_name":"MIN","player_id":"benchMIN","player_name":"Bench of MIN","ts_pct":"0.535","efg_pct":"0.517","three_par":"0.226","ftr":"0.375","orb_pct":"7.641","drb_pct":"16.535","trb_pct":"11.634","ast_pct":"8.120","stl_pct":"2.128","blk_pct":"2.367","tov_pct":"13.050","usg_pct":"18.736","ortg":"108.168","drtg":"118.836","bpm":"3.193"}]