[{"game_id":104,"team_name":"LAC","player_id":"{\"mannte01\"}","player_name":"{\"Terance Mann\"}","fg":"0.753","fga":"2.212","fg_pct":"0.340","three_p":"0.000","three_pa":"0.235","three_p_pct":"0.000","ft":"0.000","fta":"0.000","ft_pct":"NaN","orb":"0.565","drb":"1.400","trb":"1.965","ast":"0.624","stl":"0.000","blk":"0.129","tov":"0.400","pf":"1.176","pts":"1.506"},{"game_id":104,"team_name":"LAC","player_id":"{\"pattepa01\"}","player_name":"{\"Patrick Patterson\"}","fg":"1.541","fga":"3.941","fg_pct":"0.391","three_p":"1.047","three_pa":"2.706","three_p_pct":"0.387","ft":"0.835","fta":"0.918","ft_pct":"0.910","orb":"0.729","drb":"2.212","trb":"2.941","ast":"1.200","stl":"0.306","blk":"0.000","tov":"0.635","pf":"1.506","pts":"4.965"},{"game_id":104,"team_name":"LAC","player_id":"{\"kennalu01\"}","player_name":"{\"Luke Kennard\"}","fg":"3.506","fga":"7.224","fg_pct":"0.485","three_p":"1.859","three_pa":"3.800","three_p_pct":"0.489","ft":"0.553","fta":"0.765","ft_pct":"0.723","orb":"0.165","drb":"2.706","trb":"2.871","ast":"1.882","stl":"0.271","blk":"0.082","tov":"1.471","pf":"1.753","pts":"9.424"},{"game_id":104,"team_name":"LAC","player_id":"{\"leonaka01\"}","player_name":"{\"Kawhi Leonard\"}","fg":"7.988","fga":"19.929","fg_pct":"0.401","three_p":"1.965","three_pa":"5.424","three_p_pct":"0.362","ft":"4.788","fta":"5.835","ft_pct":"0.821","orb":"1.565","drb":"5.965","trb":"7.529","ast":"5.847","stl":"2.024","blk":"1.212","tov":"1.671","pf":"2.388","pts":"22.729"},{"game_id":104,"team_name":"LAC","player_id":"{\"batumni01\"}","player_name":"{\"Nicolas Batum\"}","fg":"2.553","fga":"5.800","fg_pct":"0.440","three_p":"1.459","three_pa":"3.271","three_p_pct":"0.446","ft":"1.518","fta":"1.718","ft_pct":"0.884","orb":"1.482","drb":"4.071","trb":"5.553","ast":"2.976","stl":"0.718","blk":"0.094","tov":"0.553","pf":"2.494","pts":"8.082"},{"game_id":104,"team_name":"LAC","player_id":"{\"beverpa01\"}","player_name":"{\"Patrick Beverley\"}","fg":"2.588","fga":"5.553","fg_pct":"0.466","three_p":"1.553","three_pa":"3.224","three_p_pct":"0.482","ft":"0.753","fta":"0.847","ft_pct":"0.889","orb":"1.388","drb":"2.412","trb":"3.800","ast":"1.071","stl":"0.824","blk":"0.400","tov":"0.753","pf":"3.765","pts":"7.482"},{"game_id":104,"team_name":"LAC","player_id":"benchLAC","player_name":"Bench of LAC","fg":"3.034","fga":"6.284","fg_pct":"0.483","three_p":"0.742","three_pa":"2.021","three_p_pct":"0.367","ft":"1.190","fta":"1.566","ft_pct":"0.760","orb":"0.796","drb":"2.185","trb":"2.980","ast":"1.783","stl":"0.355","blk":"0.530","tov":"0.600","pf":"1.462","pts":"8.000"},{"game_id":104,"team_name":"SAS","player_id":"{\"murrade01\"}","player_name":"{\"Dejounte Murray\"}","fg":"5.741","fga":"13.494","fg_pct":"0.425","three_p":"0.718","three_pa":"2.929","three_p_pct":"0.245","ft":"1.871","fta":"2.565","ft_pct":"0.729","orb":"0.729","drb":"6.082","trb":"6.812","ast":"5.541","stl":"1.412","blk":"0.059","tov":"2.918","pf":"2.094","pts":"14.071"},{"game_id":104,"team_name":"SAS","player_id":"{\"johnske04\"}","player_name":"{\"Keldon Johnson\"}","fg":"5.882","fga":"10.976","fg_pct":"0.536","three_p":"1.518","three_pa":"3.176","three_p_pct":"0.478","ft":"3.471","fta":"3.882","ft_pct":"0.894","orb":"1.094","drb":"5.729","trb":"6.824","ast":"1.965","stl":"1.435","blk":"0.529","tov":"2.518","pf":"2.565","pts":"16.753"},{"game_id":104,"team_name":"SAS","player_id":"{\"walkelo01\"}","player_name":"{\"Lonnie Walker IV\"}","fg":"4.835","fga":"11.953","fg_pct":"0.405","three_p":"1.741","three_pa":"4.118","three_p_pct":"0.423","ft":"0.847","fta":"1.306","ft_pct":"0.649","orb":"0.706","drb":"2.765","trb":"3.471","ast":"2.318","stl":"0.494","blk":"0.424","tov":"1.059","pf":"2.294","pts":"12.259"},{"game_id":104,"team_name":"SAS","player_id":"{\"millspa02\"}","player_name":"{\"Patty Mills\"}","fg":"4.000","fga":"7.812","fg_pct":"0.512","three_p":"2.318","three_pa":"4.553","three_p_pct":"0.509","ft":"1.365","fta":"1.365","ft_pct":"1.000","orb":"0.447","drb":"1.588","trb":"2.035","ast":"2.835","stl":"0.329","blk":"0.153","tov":"0.624","pf":"1.929","pts":"11.682"},{"game_id":104,"team_name":"SAS","player_id":"{\"derozde01\"}","player_name":"{\"DeMar DeRozan\"}","fg":"7.400","fga":"14.247","fg_pct":"0.519","three_p":"0.871","three_pa":"1.988","three_p_pct":"0.438","ft":"5.306","fta":"6.247","ft_pct":"0.849","orb":"0.612","drb":"4.929","trb":"5.541","ast":"6.388","stl":"1.141","blk":"0.659","tov":"1.706","pf":"2.506","pts":"20.976"},{"game_id":104,"team_name":"SAS","player_id":"{\"aldrila01\"}","player_name":"{\"LaMarcus Aldridge\"}","fg":"6.612","fga":"15.694","fg_pct":"0.421","three_p":"0.859","three_pa":"4.024","three_p_pct":"0.213","ft":"1.929","fta":"2.624","ft_pct":"0.735","orb":"1.424","drb":"4.271","trb":"5.694","ast":"2.459","stl":"0.753","blk":"1.447","tov":"1.553","pf":"2.506","pts":"16.012"},{"game_id":104,"team_name":"SAS","player_id":"benchSAS","player_name":"Bench of SAS","fg":"3.401","fga":"7.439","fg_pct":"0.457","three_p":"0.852","three_pa":"2.556","three_p_pct":"0.333","ft":"0.687","fta":"1.280","ft_pct":"0.537","orb":"1.358","drb":"3.703","trb":"5.061","ast":"1.779","stl":"0.933","blk":"0.740","tov":"0.882","pf":"1.977","pts":"8.342"}]