[{"game_id":1094,"team_name":"UTA","player_id":"teamUTA","player_name":"Team name: UTA","ts_pct":"0.661","efg_pct":"0.612","three_par":"0.537","ftr":"0.266","orb_pct":"7.054","drb_pct":"18.362","trb_pct":"12.973","ast_pct":"11.153","stl_pct":"1.846","blk_pct":"1.281","tov_pct":"13.761","usg_pct":"23.716","ortg":"139.689","drtg":"135.445","bpm":"-0.354"},{"game_id":1094,"team_name":"MEM","player_id":"teamMEM","player_name":"Team name: MEM","ts_pct":"0.555","efg_pct":"0.509","three_par":"0.386","ftr":"0.263","orb_pct":"4.955","drb_pct":"14.651","trb_pct":"10.020","ast_pct":"14.727","stl_pct":"1.544","blk_pct":"3.220","tov_pct":"12.064","usg_pct":"19.261","ortg":"116.445","drtg":"114.791","bpm":"-0.728"}]