[{"game_id":1213,"team_name":"DET","player_id":"{\"makerth01\"}","player_name":"{\"Thon Maker\"}","fg":"1.024","fga":"4.141","fg_pct":"0.247","three_p":"0.000","three_pa":"1.918","three_p_pct":"0.000","ft":"1.388","fta":"1.647","ft_pct":"0.843","orb":"0.835","drb":"1.871","trb":"2.706","ast":"0.765","stl":"0.153","blk":"1.188","tov":"1.047","pf":"2.118","pts":"3.435"},{"game_id":1213,"team_name":"DET","player_id":"{\"drumman01\"}","player_name":"{\"Andre Drummond\"}","fg":"7.224","fga":"13.341","fg_pct":"0.541","three_p":"0.000","three_pa":"0.224","three_p_pct":"0.000","ft":"3.659","fta":"6.706","ft_pct":"0.546","orb":"4.788","drb":"10.247","trb":"15.035","ast":"1.929","stl":"2.012","blk":"1.788","tov":"2.753","pf":"4.471","pts":"18.106"},{"game_id":1213,"team_name":"DET","player_id":"{\"kennalu01\"}","player_name":"{\"Luke Kennard\"}","fg":"5.682","fga":"11.694","fg_pct":"0.486","three_p":"2.800","three_pa":"5.659","three_p_pct":"0.495","ft":"2.882","fta":"3.224","ft_pct":"0.894","orb":"0.188","drb":"3.188","trb":"3.376","ast":"2.012","stl":"0.471","blk":"0.118","tov":"0.906","pf":"2.071","pts":"17.047"},{"game_id":1213,"team_name":"DET","player_id":"{\"morrima02\"}","player_name":"{\"Markieff Morris\"}","fg":"2.412","fga":"6.188","fg_pct":"0.390","three_p":"0.882","three_pa":"2.600","three_p_pct":"0.339","ft":"1.553","fta":"2.200","ft_pct":"0.706","orb":"1.035","drb":"3.176","trb":"4.212","ast":"1.365","stl":"0.529","blk":"0.424","tov":"1.294","pf":"2.282","pts":"7.259"},{"game_id":1213,"team_name":"DET","player_id":"{\"brownbr01\"}","player_name":"{\"Bruce Brown\"}","fg":"1.576","fga":"4.106","fg_pct":"0.384","three_p":"0.094","three_pa":"1.024","three_p_pct":"0.092","ft":"0.871","fta":"1.153","ft_pct":"0.755","orb":"0.541","drb":"1.941","trb":"2.482","ast":"0.929","stl":"0.518","blk":"0.165","tov":"1.165","pf":"2.800","pts":"4.118"},{"game_id":1213,"team_name":"DET","player_id":"{\"rosede01\"}","player_name":"{\"Derrick Rose\"}","fg":"8.306","fga":"14.506","fg_pct":"0.573","three_p":"0.153","three_pa":"0.871","three_p_pct":"0.176","ft":"2.682","fta":"2.965","ft_pct":"0.905","orb":"0.553","drb":"1.776","trb":"2.329","ast":"3.329","stl":"0.682","blk":"0.365","tov":"2.341","pf":"1.259","pts":"19.447"},{"game_id":1213,"team_name":"DET","player_id":"benchDET","player_name":"Bench of DET","fg":"2.294","fga":"5.282","fg_pct":"0.434","three_p":"0.919","three_pa":"2.511","three_p_pct":"0.366","ft":"1.132","fta":"1.497","ft_pct":"0.756","orb":"0.538","drb":"2.168","trb":"2.705","ast":"1.122","stl":"0.438","blk":"0.404","tov":"0.783","pf":"1.417","pts":"6.640"},{"game_id":1213,"team_name":"IND","player_id":"{\"turnemy01\"}","player_name":"{\"Myles Turner\"}","fg":"4.459","fga":"9.365","fg_pct":"0.476","three_p":"1.600","three_pa":"3.753","three_p_pct":"0.426","ft":"2.576","fta":"3.494","ft_pct":"0.737","orb":"1.106","drb":"6.047","trb":"7.153","ast":"0.918","stl":"0.506","blk":"1.988","tov":"1.353","pf":"2.918","pts":"13.094"},{"game_id":1213,"team_name":"IND","player_id":"{\"sabondo01\"}","player_name":"{\"Domantas Sabonis\"}","fg":"5.753","fga":"10.271","fg_pct":"0.560","three_p":"0.118","three_pa":"0.682","three_p_pct":"0.173","ft":"2.294","fta":"2.953","ft_pct":"0.777","orb":"2.165","drb":"6.412","trb":"8.576","ast":"3.082","stl":"0.835","blk":"0.118","tov":"2.259","pf":"3.529","pts":"13.918"},{"game_id":1213,"team_name":"IND","player_id":"{\"warretj01\"}","player_name":"{\"T.J. Warren\"}","fg":"5.506","fga":"12.941","fg_pct":"0.425","three_p":"0.753","three_pa":"2.953","three_p_pct":"0.255","ft":"1.482","fta":"2.212","ft_pct":"0.670","orb":"0.647","drb":"2.494","trb":"3.141","ast":"0.776","stl":"0.800","blk":"0.612","tov":"1.365","pf":"2.141","pts":"13.247"},{"game_id":1213,"team_name":"IND","player_id":"{\"brogdma01\"}","player_name":"{\"Malcolm Brogdon\"}","fg":"5.835","fga":"12.200","fg_pct":"0.478","three_p":"2.188","three_pa":"5.094","three_p_pct":"0.430","ft":"2.353","fta":"2.835","ft_pct":"0.830","orb":"0.612","drb":"3.518","trb":"4.129","ast":"5.365","stl":"0.671","blk":"0.353","tov":"1.518","pf":"2.306","pts":"16.212"},{"game_id":1213,"team_name":"IND","player_id":"{\"sumneed01\"}","player_name":"{\"Edmond Sumner\"}","fg":"1.718","fga":"3.400","fg_pct":"0.505","three_p":"0.353","three_pa":"0.976","three_p_pct":"0.362","ft":"1.506","fta":"1.941","ft_pct":"0.776","orb":"0.376","drb":"0.729","trb":"1.106","ast":"0.741","stl":"0.800","blk":"0.000","tov":"0.424","pf":"1.765","pts":"5.294"},{"game_id":1213,"team_name":"IND","player_id":"{\"holidju01\"}","player_name":"{\"Justin Holiday\"}","fg":"4.682","fga":"10.776","fg_pct":"0.434","three_p":"2.600","three_pa":"6.435","three_p_pct":"0.404","ft":"1.200","fta":"1.376","ft_pct":"0.872","orb":"0.635","drb":"2.600","trb":"3.235","ast":"1.506","stl":"1.612","blk":"0.388","tov":"1.200","pf":"2.600","pts":"13.165"},{"game_id":1213,"team_name":"IND","player_id":"benchIND","player_name":"Bench of IND","fg":"1.845","fga":"4.714","fg_pct":"0.391","three_p":"0.452","three_pa":"1.324","three_p_pct":"0.341","ft":"0.603","fta":"0.762","ft_pct":"0.791","orb":"0.719","drb":"1.375","trb":"2.093","ast":"1.232","stl":"0.316","blk":"0.340","tov":"0.549","pf":"0.765","pts":"4.744"}]