[{"game_id":1054,"team_name":"OKC","player_id":"teamOKC","player_name":"Team name: OKC","ts_pct":"0.517","efg_pct":"0.492","three_par":"0.343","ftr":"0.303","orb_pct":"5.045","drb_pct":"16.993","trb_pct":"10.324","ast_pct":"15.712","stl_pct":"1.720","blk_pct":"1.217","tov_pct":"14.760","usg_pct":"20.174","ortg":"102.974","drtg":"125.684","bpm":"-4.163"},{"game_id":1054,"team_name":"UTA","player_id":"teamUTA","player_name":"Team name: UTA","ts_pct":"0.666","efg_pct":"0.630","three_par":"0.547","ftr":"0.266","orb_pct":"6.775","drb_pct":"18.033","trb_pct":"12.759","ast_pct":"10.839","stl_pct":"1.398","blk_pct":"1.746","tov_pct":"12.851","usg_pct":"22.009","ortg":"140.877","drtg":"132.432","bpm":"1.381"}]