[{"game_id":1147,"team_name":"PHI","player_id":"{\"howardw01\"}","player_name":"{\"Dwight Howard\"}","ts_pct":"0.636","efg_pct":"0.623","three_par":"0.028","ftr":"1.439","orb_pct":"22.501","drb_pct":"36.225","trb_pct":"29.654","ast_pct":"7.091","stl_pct":"1.059","blk_pct":"2.327","tov_pct":"22.014","usg_pct":"18.566","ortg":"127.376","drtg":"105.941","bpm":"0.405"},{"game_id":1147,"team_name":"PHI","player_id":"{\"embiijo01\"}","player_name":"{\"Joel Embiid\"}","ts_pct":"0.609","efg_pct":"0.512","three_par":"0.217","ftr":"0.619","orb_pct":"2.956","drb_pct":"33.762","trb_pct":"18.981","ast_pct":"17.646","stl_pct":"1.964","blk_pct":"3.162","tov_pct":"12.291","usg_pct":"33.625","ortg":"117.094","drtg":"103.400","bpm":"6.885"},{"game_id":1147,"team_name":"PHI","player_id":"{\"simmobe01\"}","player_name":"{\"Ben Simmons\"}","ts_pct":"0.593","efg_pct":"0.671","three_par":"0.007","ftr":"0.799","orb_pct":"7.029","drb_pct":"17.576","trb_pct":"12.398","ast_pct":"33.767","stl_pct":"1.992","blk_pct":"2.268","tov_pct":"16.488","usg_pct":"17.618","ortg":"125.424","drtg":"109.188","bpm":"5.191"},{"game_id":1147,"team_name":"PHI","player_id":"{\"harrito02\"}","player_name":"{\"Tobias Harris\"}","ts_pct":"0.610","efg_pct":"0.585","three_par":"0.187","ftr":"0.192","orb_pct":"3.545","drb_pct":"23.188","trb_pct":"13.813","ast_pct":"15.580","stl_pct":"1.426","blk_pct":"1.385","tov_pct":"7.400","usg_pct":"24.088","ortg":"121.706","drtg":"109.988","bpm":"3.727"},{"game_id":1147,"team_name":"PHI","player_id":"{\"curryse01\"}","player_name":"{\"Seth Curry\"}","ts_pct":"0.711","efg_pct":"0.709","three_par":"0.534","ftr":"0.099","orb_pct":"0.795","drb_pct":"6.240","trb_pct":"3.466","ast_pct":"12.386","stl_pct":"0.866","blk_pct":"0.336","tov_pct":"6.998","usg_pct":"18.562","ortg":"133.988","drtg":"116.482","bpm":"3.021"},{"game_id":1147,"team_name":"PHI","player_id":"{\"korkmfu01\"}","player_name":"{\"Furkan Korkmaz\"}","ts_pct":"0.506","efg_pct":"0.502","three_par":"0.595","ftr":"0.129","orb_pct":"2.268","drb_pct":"9.032","trb_pct":"5.751","ast_pct":"3.733","stl_pct":"2.639","blk_pct":"2.918","tov_pct":"6.767","usg_pct":"21.201","ortg":"95.188","drtg":"111.012","bpm":"-2.434"},{"game_id":1147,"team_name":"PHI","player_id":"benchPHI","player_name":"Bench of PHI","ts_pct":"0.571","efg_pct":"0.520","three_par":"0.417","ftr":"0.254","orb_pct":"0.953","drb_pct":"7.293","trb_pct":"4.274","ast_pct":"10.979","stl_pct":"1.768","blk_pct":"2.109","tov_pct":"12.458","usg_pct":"18.521","ortg":"111.711","drtg":"113.140","bpm":"-3.732"},{"game_id":1147,"team_name":"ATL","player_id":"{\"okongon01\"}","player_name":"{\"Onyeka Okongwu\"}","ts_pct":"0.445","efg_pct":"0.346","three_par":"0.000","ftr":"0.207","orb_pct":"14.598","drb_pct":"22.915","trb_pct":"18.694","ast_pct":"1.786","stl_pct":"1.031","blk_pct":"11.574","tov_pct":"16.852","usg_pct":"13.031","ortg":"94.624","drtg":"102.800","bpm":"-1.506"},{"game_id":1147,"team_name":"ATL","player_id":"{\"youngtr01\"}","player_name":"{\"Trae Young\"}","ts_pct":"0.562","efg_pct":"0.488","three_par":"0.406","ftr":"0.387","orb_pct":"1.340","drb_pct":"5.854","trb_pct":"3.624","ast_pct":"52.816","stl_pct":"1.716","blk_pct":"0.000","tov_pct":"11.484","usg_pct":"33.238","ortg":"119.224","drtg":"114.294","bpm":"8.451"},{"game_id":1147,"team_name":"ATL","player_id":"{\"capelca01\"}","player_name":"{\"Clint Capela\"}","ts_pct":"0.619","efg_pct":"0.611","three_par":"0.000","ftr":"0.253","orb_pct":"12.879","drb_pct":"32.328","trb_pct":"22.602","ast_pct":"4.709","stl_pct":"1.113","blk_pct":"3.118","tov_pct":"9.225","usg_pct":"13.633","ortg":"127.341","drtg":"106.600","bpm":"2.207"},{"game_id":1147,"team_name":"ATL","player_id":"{\"collijo01\"}","player_name":"{\"John Collins\"}","ts_pct":"0.611","efg_pct":"0.584","three_par":"0.331","ftr":"0.240","orb_pct":"6.535","drb_pct":"18.022","trb_pct":"12.466","ast_pct":"3.611","stl_pct":"0.839","blk_pct":"1.938","tov_pct":"9.795","usg_pct":"17.941","ortg":"119.176","drtg":"111.376","bpm":"1.184"},{"game_id":1147,"team_name":"ATL","player_id":"{\"gallida01\"}","player_name":"{\"Danilo Gallinari\"}","ts_pct":"0.547","efg_pct":"0.442","three_par":"0.493","ftr":"0.506","orb_pct":"1.038","drb_pct":"18.389","trb_pct":"9.580","ast_pct":"6.309","stl_pct":"0.628","blk_pct":"0.882","tov_pct":"4.982","usg_pct":"20.018","ortg":"113.471","drtg":"113.529","bpm":"0.260"},{"game_id":1147,"team_name":"ATL","player_id":"{\"huertke01\"}","player_name":"{\"Kevin Huerter\"}","ts_pct":"0.629","efg_pct":"0.630","three_par":"0.629","ftr":"0.072","orb_pct":"1.844","drb_pct":"10.648","trb_pct":"6.319","ast_pct":"10.329","stl_pct":"0.952","blk_pct":"2.426","tov_pct":"10.194","usg_pct":"15.940","ortg":"114.965","drtg":"112.800","bpm":"2.175"},{"game_id":1147,"team_name":"ATL","player_id":"benchATL","player_name":"Bench of ATL","ts_pct":"0.388","efg_pct":"0.346","three_par":"0.507","ftr":"0.169","orb_pct":"1.552","drb_pct":"11.725","trb_pct":"6.707","ast_pct":"11.705","stl_pct":"1.310","blk_pct":"0.430","tov_pct":"8.156","usg_pct":"17.148","ortg":"81.049","drtg":"114.363","bpm":"-2.836"}]