[{"game_id":1151,"team_name":"LAC","player_id":"teamLAC","player_name":"Team name: LAC","fg":"39.566","fga":"81.109","fg_pct":"0.488","three_p":"14.886","three_pa":"36.646","three_p_pct":"0.406","ft":"21.017","fta":"24.869","ft_pct":"0.845","orb":"8.457","drb":"33.154","trb":"41.611","ast":"20.909","stl":"6.983","blk":"4.491","tov":"10.046","pf":"21.480","pts":"115.034"},{"game_id":1151,"team_name":"UTA","player_id":"teamUTA","player_name":"Team name: UTA","fg":"39.166","fga":"83.669","fg_pct":"0.468","three_p":"17.891","three_pa":"43.914","three_p_pct":"0.407","ft":"19.509","fta":"24.383","ft_pct":"0.800","orb":"8.480","drb":"33.263","trb":"41.743","ast":"19.269","stl":"5.446","blk":"4.131","tov":"12.160","pf":"22.080","pts":"115.731"}]