[{"game_id":1257,"team_name":"MIA","player_id":"teamMIA","player_name":"Team name: MIA","fg":"40.806","fga":"88.886","fg_pct":"0.459","three_p":"12.263","three_pa":"33.874","three_p_pct":"0.362","ft":"17.840","fta":"25.057","ft_pct":"0.712","orb":"9.846","drb":"37.497","trb":"47.343","ast":"25.097","stl":"8.411","blk":"6.354","tov":"17.109","pf":"22.429","pts":"111.714"},{"game_id":1257,"team_name":"HOU","player_id":"teamHOU","player_name":"Team name: HOU","fg":"40.989","fga":"91.211","fg_pct":"0.449","three_p":"15.377","three_pa":"45.520","three_p_pct":"0.338","ft":"22.469","fta":"28.234","ft_pct":"0.796","orb":"11.560","drb":"33.251","trb":"44.811","ast":"22.806","stl":"7.891","blk":"4.354","tov":"14.417","pf":"22.640","pts":"119.823"}]