[{"game_id":1140,"team_name":"DEN","player_id":"teamDEN","player_name":"Team name: DEN","ts_pct":"0.633","efg_pct":"0.601","three_par":"0.515","ftr":"0.275","orb_pct":"5.043","drb_pct":"19.947","trb_pct":"12.366","ast_pct":"17.408","stl_pct":"1.806","blk_pct":"2.681","tov_pct":"11.253","usg_pct":"22.324","ortg":"135.301","drtg":"144.616","bpm":"1.194"},{"game_id":1140,"team_name":"PHO","player_id":"teamPHO","player_name":"Team name: PHO","ts_pct":"0.607","efg_pct":"0.568","three_par":"0.437","ftr":"0.256","orb_pct":"4.267","drb_pct":"17.611","trb_pct":"11.446","ast_pct":"19.147","stl_pct":"1.389","blk_pct":"2.143","tov_pct":"10.747","usg_pct":"21.263","ortg":"124.266","drtg":"113.843","bpm":"2.209"}]