[{"game_id":1122,"team_name":"PHI","player_id":"{\"miltosh01\"}","player_name":"{\"Shake Milton\"}","fg":"2.694","fga":"6.965","fg_pct":"0.387","three_p":"0.635","three_pa":"2.341","three_p_pct":"0.271","ft":"1.576","fta":"1.824","ft_pct":"0.864","orb":"0.176","drb":"1.376","trb":"1.553","ast":"2.412","stl":"0.588","blk":"0.435","tov":"1.341","pf":"1.588","pts":"7.600"},{"game_id":1122,"team_name":"PHI","player_id":"{\"scottmi01\"}","player_name":"{\"Mike Scott\"}","fg":"1.259","fga":"4.224","fg_pct":"0.298","three_p":"0.918","three_pa":"2.765","three_p_pct":"0.332","ft":"0.000","fta":"0.000","ft_pct":"NaN","orb":"0.341","drb":"1.259","trb":"1.600","ast":"1.294","stl":"0.235","blk":"0.812","tov":"0.082","pf":"1.071","pts":"3.435"},{"game_id":1122,"team_name":"PHI","player_id":"{\"simmobe01\"}","player_name":"{\"Ben Simmons\"}","fg":"5.788","fga":"9.271","fg_pct":"0.624","three_p":"0.000","three_pa":"0.118","three_p_pct":"0.000","ft":"1.576","fta":"3.800","ft_pct":"0.415","orb":"2.506","drb":"5.235","trb":"7.741","ast":"7.741","stl":"1.224","blk":"0.353","tov":"1.671","pf":"2.706","pts":"13.153"},{"game_id":1122,"team_name":"PHI","player_id":"{\"harrito02\"}","player_name":"{\"Tobias Harris\"}","fg":"8.400","fga":"17.918","fg_pct":"0.469","three_p":"1.294","three_pa":"3.765","three_p_pct":"0.344","ft":"2.882","fta":"3.047","ft_pct":"0.946","orb":"0.635","drb":"7.282","trb":"7.918","ast":"3.035","stl":"0.624","blk":"0.459","tov":"1.271","pf":"1.776","pts":"20.976"},{"game_id":1122,"team_name":"PHI","player_id":"{\"curryse01\"}","player_name":"{\"Seth Curry\"}","fg":"5.176","fga":"9.706","fg_pct":"0.533","three_p":"2.282","three_pa":"5.482","three_p_pct":"0.416","ft":"0.353","fta":"0.435","ft_pct":"0.811","orb":"0.118","drb":"2.376","trb":"2.494","ast":"2.929","stl":"0.682","blk":"0.000","tov":"0.576","pf":"2.200","pts":"12.988"},{"game_id":1122,"team_name":"PHI","player_id":"{\"greenda02\"}","player_name":"{\"Danny Green\"}","fg":"3.329","fga":"7.329","fg_pct":"0.454","three_p":"2.776","three_pa":"6.024","three_p_pct":"0.461","ft":"0.353","fta":"0.459","ft_pct":"0.769","orb":"1.129","drb":"2.024","trb":"3.153","ast":"1.647","stl":"0.812","blk":"1.212","tov":"0.894","pf":"1.459","pts":"9.788"},{"game_id":1122,"team_name":"PHI","player_id":"benchPHI","player_name":"Bench of PHI","fg":"2.317","fga":"4.871","fg_pct":"0.476","three_p":"0.688","three_pa":"1.825","three_p_pct":"0.377","ft":"1.076","fta":"1.631","ft_pct":"0.660","orb":"0.654","drb":"1.861","trb":"2.515","ast":"1.408","stl":"0.727","blk":"0.562","tov":"0.690","pf":"1.752","pts":"6.398"},{"game_id":1122,"team_name":"WAS","player_id":"{\"hachiru01\"}","player_name":"{\"Rui Hachimura\"}","fg":"5.694","fga":"9.588","fg_pct":"0.594","three_p":"1.588","three_pa":"2.671","three_p_pct":"0.595","ft":"0.882","fta":"1.518","ft_pct":"0.581","orb":"0.835","drb":"5.165","trb":"6.000","ast":"0.894","stl":"0.424","blk":"0.247","tov":"0.988","pf":"3.094","pts":"13.859"},{"game_id":1122,"team_name":"WAS","player_id":"{\"bealbr01\"}","player_name":"{\"Bradley Beal\"}","fg":"11.329","fga":"24.506","fg_pct":"0.462","three_p":"1.871","three_pa":"6.424","three_p_pct":"0.291","ft":"5.212","fta":"6.482","ft_pct":"0.804","orb":"0.894","drb":"4.965","trb":"5.859","ast":"3.953","stl":"0.741","blk":"0.882","tov":"3.224","pf":"1.388","pts":"29.741"},{"game_id":1122,"team_name":"WAS","player_id":"{\"westbru01\"}","player_name":"{\"Russell Westbrook\"}","fg":"6.176","fga":"17.000","fg_pct":"0.363","three_p":"1.035","three_pa":"4.435","three_p_pct":"0.233","ft":"6.847","fta":"8.647","ft_pct":"0.792","orb":"2.600","drb":"8.824","trb":"11.424","ast":"12.576","stl":"1.165","blk":"0.306","tov":"3.647","pf":"3.318","pts":"20.235"},{"game_id":1122,"team_name":"WAS","player_id":"{\"mathega01\"}","player_name":"{\"Garrison Mathews\"}","fg":"0.682","fga":"2.682","fg_pct":"0.254","three_p":"0.682","three_pa":"2.506","three_p_pct":"0.272","ft":"0.835","fta":"0.976","ft_pct":"0.856","orb":"0.000","drb":"0.624","trb":"0.624","ast":"0.000","stl":"0.082","blk":"0.106","tov":"0.059","pf":"1.376","pts":"2.882"},{"game_id":1122,"team_name":"WAS","player_id":"{\"netora01\"}","player_name":"{\"Raul Neto\"}","fg":"2.906","fga":"7.235","fg_pct":"0.402","three_p":"0.718","three_pa":"2.847","three_p_pct":"0.252","ft":"1.553","fta":"1.706","ft_pct":"0.910","orb":"0.553","drb":"2.000","trb":"2.553","ast":"0.965","stl":"0.635","blk":"0.071","tov":"0.682","pf":"2.212","pts":"8.082"},{"game_id":1122,"team_name":"WAS","player_id":"{\"gaffoda01\"}","player_name":"{\"Daniel Gafford\"}","fg":"4.729","fga":"6.059","fg_pct":"0.780","three_p":"0.000","three_pa":"0.000","three_p_pct":"NaN","ft":"2.824","fta":"3.906","ft_pct":"0.723","orb":"2.624","drb":"3.400","trb":"6.024","ast":"0.565","stl":"0.635","blk":"2.212","tov":"0.800","pf":"2.682","pts":"12.282"},{"game_id":1122,"team_name":"WAS","player_id":"benchWAS","player_name":"Bench of WAS","fg":"2.362","fga":"4.717","fg_pct":"0.501","three_p":"0.179","three_pa":"0.547","three_p_pct":"0.327","ft":"0.490","fta":"0.722","ft_pct":"0.679","orb":"0.651","drb":"1.848","trb":"2.500","ast":"1.063","stl":"0.468","blk":"0.407","tov":"0.550","pf":"1.386","pts":"5.393"}]