[{"game_id":1095,"team_name":"MIL","player_id":"teamMIL","player_name":"Team name: MIL","ts_pct":"0.537","efg_pct":"0.502","three_par":"0.449","ftr":"0.287","orb_pct":"5.381","drb_pct":"14.525","trb_pct":"10.017","ast_pct":"12.687","stl_pct":"1.545","blk_pct":"1.457","tov_pct":"11.214","usg_pct":"18.838","ortg":"113.531","drtg":"120.802","bpm":"-0.429"},{"game_id":1095,"team_name":"MIA","player_id":"teamMIA","player_name":"Team name: MIA","ts_pct":"0.576","efg_pct":"0.560","three_par":"0.420","ftr":"0.219","orb_pct":"4.837","drb_pct":"15.894","trb_pct":"10.289","ast_pct":"16.332","stl_pct":"1.476","blk_pct":"1.841","tov_pct":"11.577","usg_pct":"20.325","ortg":"122.669","drtg":"120.661","bpm":"0.010"}]