[{"game_id":1025,"team_name":"POR","player_id":"teamPOR","player_name":"Team name: POR","fg":"44.851","fga":"94.194","fg_pct":"0.476","three_p":"15.377","three_pa":"36.640","three_p_pct":"0.420","ft":"19.257","fta":"23.223","ft_pct":"0.829","orb":"11.154","drb":"38.514","trb":"49.669","ast":"24.543","stl":"6.251","blk":"4.720","tov":"9.600","pf":"18.406","pts":"124.337"},{"game_id":1025,"team_name":"HOU","player_id":"teamHOU","player_name":"Team name: HOU","fg":"40.543","fga":"91.086","fg_pct":"0.445","three_p":"15.137","three_pa":"43.766","three_p_pct":"0.346","ft":"15.491","fta":"21.857","ft_pct":"0.709","orb":"10.303","drb":"33.291","trb":"43.594","ast":"24.709","stl":"8.189","blk":"4.206","tov":"14.634","pf":"18.737","pts":"111.714"}]