[{"game_id":1250,"team_name":"ORL","player_id":"{\"birchkh01\"}","player_name":"{\"Khem Birch\"}","ts_pct":"0.625","efg_pct":"0.460","three_par":"0.051","ftr":"0.418","orb_pct":"8.568","drb_pct":"23.136","trb_pct":"15.352","ast_pct":"4.949","stl_pct":"0.820","blk_pct":"3.707","tov_pct":"12.439","usg_pct":"11.698","ortg":"122.729","drtg":"112.200","bpm":"-2.100"},{"game_id":1250,"team_name":"ORL","player_id":"{\"isaacjo01\"}","player_name":"{\"Jonathan Isaac\"}","ts_pct":"0.485","efg_pct":"0.436","three_par":"0.430","ftr":"0.289","orb_pct":"4.593","drb_pct":"20.119","trb_pct":"11.688","ast_pct":"6.101","stl_pct":"1.724","blk_pct":"5.793","tov_pct":"14.127","usg_pct":"15.935","ortg":"96.647","drtg":"102.341","bpm":"0.685"},{"game_id":1250,"team_name":"ORL","player_id":"{\"vucevni01\"}","player_name":"{\"Nikola Vučević\"}","ts_pct":"0.441","efg_pct":"0.404","three_par":"0.236","ftr":"0.199","orb_pct":"7.605","drb_pct":"27.342","trb_pct":"16.589","ast_pct":"16.307","stl_pct":"1.367","blk_pct":"2.160","tov_pct":"10.192","usg_pct":"25.221","ortg":"91.235","drtg":"103.776","bpm":"-0.165"},{"game_id":1250,"team_name":"ORL","player_id":"{\"gordoaa01\"}","player_name":"{\"Aaron Gordon\"}","ts_pct":"0.455","efg_pct":"0.424","three_par":"0.348","ftr":"0.293","orb_pct":"6.091","drb_pct":"16.294","trb_pct":"10.808","ast_pct":"18.062","stl_pct":"1.626","blk_pct":"1.865","tov_pct":"13.024","usg_pct":"20.114","ortg":"97.365","drtg":"105.988","bpm":"0.520"},{"game_id":1250,"team_name":"ORL","player_id":"{\"fournev01\"}","player_name":"{\"Evan Fournier\"}","ts_pct":"0.539","efg_pct":"0.510","three_par":"0.468","ftr":"0.175","orb_pct":"0.908","drb_pct":"12.366","trb_pct":"5.959","ast_pct":"14.784","stl_pct":"1.727","blk_pct":"0.339","tov_pct":"14.311","usg_pct":"25.746","ortg":"93.929","drtg":"107.859","bpm":"0.320"},{"game_id":1250,"team_name":"ORL","player_id":"{\"aminual01\"}","player_name":"{\"Al-Farouq Aminu\"}","ts_pct":"0.461","efg_pct":"0.426","three_par":"0.388","ftr":"0.275","orb_pct":"4.786","drb_pct":"24.496","trb_pct":"13.648","ast_pct":"9.019","stl_pct":"1.319","blk_pct":"3.325","tov_pct":"18.361","usg_pct":"13.096","ortg":"81.506","drtg":"104.165","bpm":"-2.579"},{"game_id":1250,"team_name":"ORL","player_id":"benchORL","player_name":"Bench of ORL","ts_pct":"0.468","efg_pct":"0.434","three_par":"0.380","ftr":"0.205","orb_pct":"3.540","drb_pct":"12.685","trb_pct":"7.780","ast_pct":"17.102","stl_pct":"0.967","blk_pct":"1.151","tov_pct":"13.450","usg_pct":"19.756","ortg":"94.317","drtg":"107.590","bpm":"-3.534"},{"game_id":1250,"team_name":"DEN","player_id":"{\"portemi01\"}","player_name":"{\"Michael Porter Jr.\"}","ts_pct":"0.705","efg_pct":"0.688","three_par":"0.375","ftr":"0.750","orb_pct":"5.800","drb_pct":"21.600","trb_pct":"12.800","ast_pct":"7.300","stl_pct":"0.000","blk_pct":"0.000","tov_pct":"8.600","usg_pct":"24.300","ortg":"130.000","drtg":"122.000","bpm":"3.600"},{"game_id":1250,"team_name":"DEN","player_id":"{\"harriga01\"}","player_name":"{\"Gary Harris\"}","ts_pct":"0.551","efg_pct":"0.511","three_par":"0.407","ftr":"0.223","orb_pct":"1.453","drb_pct":"10.404","trb_pct":"5.827","ast_pct":"7.638","stl_pct":"2.101","blk_pct":"0.824","tov_pct":"9.255","usg_pct":"17.199","ortg":"109.259","drtg":"111.447","bpm":"-0.642"},{"game_id":1250,"team_name":"DEN","player_id":"{\"murraja01\"}","player_name":"{\"Jamal Murray\"}","ts_pct":"0.523","efg_pct":"0.455","three_par":"0.334","ftr":"0.297","orb_pct":"3.029","drb_pct":"13.839","trb_pct":"8.138","ast_pct":"21.481","stl_pct":"0.931","blk_pct":"0.421","tov_pct":"7.971","usg_pct":"25.074","ortg":"112.918","drtg":"113.706","bpm":"0.911"},{"game_id":1250,"team_name":"DEN","player_id":"{\"jokicni01\"}","player_name":"{\"Nikola Jokić\"}","ts_pct":"0.605","efg_pct":"0.561","three_par":"0.204","ftr":"0.312","orb_pct":"8.781","drb_pct":"29.505","trb_pct":"18.676","ast_pct":"33.107","stl_pct":"1.759","blk_pct":"1.693","tov_pct":"18.515","usg_pct":"24.887","ortg":"115.518","drtg":"105.553","bpm":"6.667"},{"game_id":1250,"team_name":"DEN","player_id":"{\"millspa01\"}","player_name":"{\"Paul Millsap\"}","ts_pct":"0.550","efg_pct":"0.484","three_par":"0.247","ftr":"0.346","orb_pct":"5.067","drb_pct":"14.992","trb_pct":"9.925","ast_pct":"4.780","stl_pct":"1.416","blk_pct":"2.591","tov_pct":"4.967","usg_pct":"20.795","ortg":"114.718","drtg":"110.376","bpm":"0.015"},{"game_id":1250,"team_name":"DEN","player_id":"{\"craigto01\"}","player_name":"{\"Torrey Craig\"}","ts_pct":"0.473","efg_pct":"0.455","three_par":"0.443","ftr":"0.106","orb_pct":"6.036","drb_pct":"16.385","trb_pct":"11.169","ast_pct":"5.364","stl_pct":"0.534","blk_pct":"5.491","tov_pct":"9.015","usg_pct":"11.686","ortg":"102.259","drtg":"109.800","bpm":"-3.071"},{"game_id":1250,"team_name":"DEN","player_id":"benchDEN","player_name":"Bench of DEN","ts_pct":"0.451","efg_pct":"0.415","three_par":"0.311","ftr":"0.372","orb_pct":"4.251","drb_pct":"12.043","trb_pct":"8.109","ast_pct":"12.099","stl_pct":"0.977","blk_pct":"1.406","tov_pct":"8.498","usg_pct":"16.490","ortg":"97.958","drtg":"113.422","bpm":"-3.115"}]