[{"game_id":120,"team_name":"LAL","player_id":"teamLAL","player_name":"Team name: LAL","ts_pct":"0.617","efg_pct":"0.588","three_par":"0.494","ftr":"0.242","orb_pct":"5.255","drb_pct":"17.233","trb_pct":"11.589","ast_pct":"14.713","stl_pct":"1.347","blk_pct":"2.330","tov_pct":"13.689","usg_pct":"20.581","ortg":"128.027","drtg":"118.798","bpm":"3.532"},{"game_id":120,"team_name":"SAS","player_id":"teamSAS","player_name":"Team name: SAS","ts_pct":"0.537","efg_pct":"0.505","three_par":"0.307","ftr":"0.282","orb_pct":"4.321","drb_pct":"15.743","trb_pct":"9.965","ast_pct":"13.953","stl_pct":"1.418","blk_pct":"2.226","tov_pct":"11.854","usg_pct":"20.019","ortg":"105.430","drtg":"114.309","bpm":"-0.689"}]