[{"game_id":1040,"team_name":"DAL","player_id":"{\"burketr01\"}","player_name":"{\"Trey Burke\"}","fg":"2.459","fga":"6.812","fg_pct":"0.361","three_p":"0.871","three_pa":"2.682","three_p_pct":"0.325","ft":"1.729","fta":"1.729","ft_pct":"1.000","orb":"0.435","drb":"0.365","trb":"0.800","ast":"1.059","stl":"0.541","blk":"0.412","tov":"0.635","pf":"1.141","pts":"7.518"},{"game_id":1040,"team_name":"DAL","player_id":"{\"mellini01\"}","player_name":"{\"Nicolò Melli\"}","fg":"1.459","fga":"4.071","fg_pct":"0.358","three_p":"0.635","three_pa":"1.976","three_p_pct":"0.321","ft":"0.918","fta":"1.353","ft_pct":"0.678","orb":"0.729","drb":"2.059","trb":"2.788","ast":"0.988","stl":"0.129","blk":"0.059","tov":"0.224","pf":"1.188","pts":"4.471"},{"game_id":1040,"team_name":"DAL","player_id":"{\"greenjo02\"}","player_name":"{\"Josh Green\"}","fg":"1.235","fga":"2.729","fg_pct":"0.453","three_p":"0.200","three_pa":"0.624","three_p_pct":"0.321","ft":"0.341","fta":"0.600","ft_pct":"0.568","orb":"1.047","drb":"1.459","trb":"2.506","ast":"1.459","stl":"0.800","blk":"0.000","tov":"0.224","pf":"1.471","pts":"3.012"},{"game_id":1040,"team_name":"DAL","player_id":"{\"hintona01\"}","player_name":"{\"Nate Hinton\"}","fg":"0.988","fga":"2.212","fg_pct":"0.447","three_p":"0.435","three_pa":"1.224","three_p_pct":"0.355","ft":"0.435","fta":"0.565","ft_pct":"0.770","orb":"0.094","drb":"0.588","trb":"0.682","ast":"0.541","stl":"0.506","blk":"0.129","tov":"0.106","pf":"0.529","pts":"2.847"},{"game_id":1040,"team_name":"DAL","player_id":"{\"marjabo01\"}","player_name":"{\"Boban Marjanović\"}","fg":"1.635","fga":"2.906","fg_pct":"0.563","three_p":"0.141","three_pa":"0.247","three_p_pct":"0.571","ft":"1.282","fta":"1.341","ft_pct":"0.956","orb":"1.141","drb":"2.247","trb":"3.388","ast":"0.212","stl":"0.118","blk":"0.247","tov":"0.082","pf":"0.835","pts":"4.694"},{"game_id":1040,"team_name":"DAL","player_id":"{\"beyty01\"}","player_name":"{\"Tyler Bey\"}","fg":"0.482","fga":"1.212","fg_pct":"0.398","three_p":"0.106","three_pa":"0.329","three_p_pct":"0.322","ft":"0.106","fta":"0.106","ft_pct":"1.000","orb":"0.318","drb":"0.553","trb":"0.871","ast":"0.118","stl":"0.000","blk":"0.000","tov":"0.235","pf":"0.294","pts":"1.176"},{"game_id":1040,"team_name":"DAL","player_id":"benchDAL","player_name":"Bench of DAL","fg":"5.204","fga":"10.579","fg_pct":"0.492","three_p":"1.724","three_pa":"4.571","three_p_pct":"0.377","ft":"2.139","fta":"2.682","ft_pct":"0.798","orb":"1.181","drb":"4.158","trb":"5.339","ast":"2.918","stl":"0.768","blk":"0.504","tov":"1.523","pf":"2.036","pts":"14.271"},{"game_id":1040,"team_name":"NOP","player_id":"{\"nunnaja01\"}","player_name":"{\"James Nunnally\"}","fg":"0.682","fga":"2.153","fg_pct":"0.317","three_p":"0.576","three_pa":"1.976","three_p_pct":"0.291","ft":"0.141","fta":"0.282","ft_pct":"0.500","orb":"0.259","drb":"0.682","trb":"0.941","ast":"0.447","stl":"0.000","blk":"0.000","tov":"0.118","pf":"0.588","pts":"2.082"},{"game_id":1040,"team_name":"NOP","player_id":"{\"alexani01\"}","player_name":"{\"Nickeil Alexander-Walker\"}","fg":"6.294","fga":"14.212","fg_pct":"0.443","three_p":"2.624","three_pa":"6.776","three_p_pct":"0.387","ft":"0.953","fta":"1.694","ft_pct":"0.563","orb":"0.365","drb":"3.965","trb":"4.329","ast":"2.953","stl":"1.024","blk":"0.788","tov":"2.059","pf":"2.824","pts":"16.165"},{"game_id":1040,"team_name":"NOP","player_id":"{\"marshna01\"}","player_name":"{\"Naji Marshall\"}","fg":"3.471","fga":"8.812","fg_pct":"0.394","three_p":"1.094","three_pa":"3.376","three_p_pct":"0.324","ft":"1.012","fta":"1.365","ft_pct":"0.741","orb":"1.212","drb":"4.659","trb":"5.871","ast":"2.671","stl":"1.224","blk":"0.447","tov":"1.000","pf":"1.965","pts":"9.047"},{"game_id":1040,"team_name":"NOP","player_id":"{\"hernawi01\"}","player_name":"{\"Willy Hernangómez\"}","fg":"4.424","fga":"7.976","fg_pct":"0.555","three_p":"0.000","three_pa":"0.141","three_p_pct":"0.000","ft":"2.082","fta":"2.988","ft_pct":"0.697","orb":"3.271","drb":"6.094","trb":"9.365","ast":"1.659","stl":"1.047","blk":"0.471","tov":"1.529","pf":"2.329","pts":"10.929"},{"game_id":1040,"team_name":"NOP","player_id":"{\"gabriwe01\"}","player_name":"{\"Wenyen Gabriel\"}","fg":"1.435","fga":"3.424","fg_pct":"0.419","three_p":"0.894","three_pa":"1.776","three_p_pct":"0.503","ft":"0.671","fta":"1.024","ft_pct":"0.655","orb":"1.106","drb":"1.988","trb":"3.094","ast":"0.200","stl":"0.800","blk":"0.506","tov":"0.659","pf":"2.212","pts":"4.435"},{"game_id":1040,"team_name":"NOP","player_id":"{\"bledser01\"}","player_name":"{\"Eric Bledsoe\"}","fg":"5.412","fga":"12.353","fg_pct":"0.438","three_p":"1.282","three_pa":"4.929","three_p_pct":"0.260","ft":"2.729","fta":"4.647","ft_pct":"0.587","orb":"0.471","drb":"3.741","trb":"4.212","ast":"4.882","stl":"1.318","blk":"0.435","tov":"1.788","pf":"1.071","pts":"14.835"},{"game_id":1040,"team_name":"NOP","player_id":"benchNOP","player_name":"Bench of NOP","fg":"2.651","fga":"5.765","fg_pct":"0.460","three_p":"0.348","three_pa":"1.388","three_p_pct":"0.251","ft":"1.035","fta":"1.432","ft_pct":"0.723","orb":"0.913","drb":"2.249","trb":"3.162","ast":"1.246","stl":"0.629","blk":"0.552","tov":"0.687","pf":"1.621","pts":"6.813"}]