[{"game_id":1135,"team_name":"UTA","player_id":"teamUTA","player_name":"Team name: UTA","ts_pct":"0.605","efg_pct":"0.569","three_par":"0.472","ftr":"0.274","orb_pct":"6.711","drb_pct":"17.233","trb_pct":"12.235","ast_pct":"9.858","stl_pct":"1.405","blk_pct":"1.482","tov_pct":"11.986","usg_pct":"21.448","ortg":"127.747","drtg":"126.330","bpm":"-0.637"},{"game_id":1135,"team_name":"LAC","player_id":"teamLAC","player_name":"Team name: LAC","ts_pct":"0.598","efg_pct":"0.556","three_par":"0.425","ftr":"0.260","orb_pct":"4.994","drb_pct":"15.225","trb_pct":"10.344","ast_pct":"14.043","stl_pct":"1.328","blk_pct":"2.190","tov_pct":"9.643","usg_pct":"18.783","ortg":"121.975","drtg":"124.068","bpm":"-0.676"}]