[{"game_id":1235,"team_name":"UTA","player_id":"teamUTA","player_name":"Team name: UTA","ts_pct":"0.532","efg_pct":"0.496","three_par":"0.401","ftr":"0.348","orb_pct":"4.066","drb_pct":"19.513","trb_pct":"12.186","ast_pct":"15.116","stl_pct":"1.356","blk_pct":"2.312","tov_pct":"17.268","usg_pct":"20.963","ortg":"103.331","drtg":"113.719","bpm":"-1.682"},{"game_id":1235,"team_name":"LAC","player_id":"teamLAC","player_name":"Team name: LAC","ts_pct":"0.624","efg_pct":"0.568","three_par":"0.439","ftr":"0.382","orb_pct":"5.825","drb_pct":"18.402","trb_pct":"12.806","ast_pct":"15.163","stl_pct":"1.572","blk_pct":"2.076","tov_pct":"15.134","usg_pct":"21.951","ortg":"120.669","drtg":"133.705","bpm":"-3.383"}]