[{"game_id":1057,"team_name":"HOU","player_id":"{\"brookar01\"}","player_name":"{\"Armoni Brooks\"}","fg":"5.106","fga":"11.294","fg_pct":"0.452","three_p":"3.694","three_pa":"8.741","three_p_pct":"0.423","ft":"0.694","fta":"0.976","ft_pct":"0.711","orb":"0.659","drb":"2.600","trb":"3.259","ast":"1.906","stl":"0.741","blk":"0.459","tov":"1.329","pf":"2.000","pts":"14.600"},{"game_id":1057,"team_name":"HOU","player_id":"{\"martike04\"}","player_name":"{\"Kenyon Martin Jr.\"}","fg":"7.224","fga":"12.824","fg_pct":"0.563","three_p":"2.459","three_pa":"4.612","three_p_pct":"0.533","ft":"1.882","fta":"2.835","ft_pct":"0.664","orb":"1.600","drb":"6.400","trb":"8.000","ast":"2.682","stl":"0.871","blk":"1.118","tov":"1.212","pf":"2.635","pts":"18.788"},{"game_id":1057,"team_name":"HOU","player_id":"{\"reynoca01\"}","player_name":"{\"Cameron Reynolds\"}","fg":"1.812","fga":"3.612","fg_pct":"0.502","three_p":"1.106","three_pa":"2.259","three_p_pct":"0.490","ft":"0.235","fta":"0.235","ft_pct":"1.000","orb":"0.047","drb":"1.447","trb":"1.494","ast":"0.424","stl":"0.165","blk":"0.047","tov":"0.365","pf":"1.353","pts":"4.965"},{"game_id":1057,"team_name":"HOU","player_id":"{\"olynyke01\"}","player_name":"{\"Kelly Olynyk\"}","fg":"6.600","fga":"12.965","fg_pct":"0.509","three_p":"1.800","three_pa":"4.459","three_p_pct":"0.404","ft":"6.612","fta":"7.906","ft_pct":"0.836","orb":"1.988","drb":"7.459","trb":"9.447","ast":"6.365","stl":"2.059","blk":"0.671","tov":"3.271","pf":"3.588","pts":"21.612"},{"game_id":1057,"team_name":"HOU","player_id":"{\"lamban01\"}","player_name":"{\"Anthony Lamb\"}","fg":"3.012","fga":"6.529","fg_pct":"0.461","three_p":"1.612","three_pa":"4.000","three_p_pct":"0.403","ft":"0.800","fta":"0.929","ft_pct":"0.861","orb":"1.059","drb":"2.753","trb":"3.812","ast":"1.400","stl":"0.329","blk":"0.376","tov":"1.282","pf":"2.141","pts":"8.435"},{"game_id":1057,"team_name":"HOU","player_id":"{\"thomakh01\"}","player_name":"{\"Khyri Thomas\"}","fg":"3.553","fga":"8.859","fg_pct":"0.401","three_p":"1.435","three_pa":"4.635","three_p_pct":"0.310","ft":"1.294","fta":"1.400","ft_pct":"0.924","orb":"0.753","drb":"1.365","trb":"2.118","ast":"3.129","stl":"1.412","blk":"0.376","tov":"0.776","pf":"1.741","pts":"9.835"},{"game_id":1057,"team_name":"HOU","player_id":"benchHOU","player_name":"Bench of HOU","fg":"4.691","fga":"9.624","fg_pct":"0.487","three_p":"1.520","three_pa":"4.015","three_p_pct":"0.379","ft":"1.748","fta":"2.626","ft_pct":"0.666","orb":"0.736","drb":"2.424","trb":"3.160","ast":"3.226","stl":"0.822","blk":"0.159","tov":"1.419","pf":"2.311","pts":"12.650"},{"game_id":1057,"team_name":"LAC","player_id":"{\"morrima03\"}","player_name":"{\"Marcus Morris\"}","fg":"4.847","fga":"10.059","fg_pct":"0.482","three_p":"2.165","three_pa":"4.753","three_p_pct":"0.456","ft":"2.176","fta":"2.553","ft_pct":"0.852","orb":"0.565","drb":"3.424","trb":"3.988","ast":"0.988","stl":"0.576","blk":"0.400","tov":"1.753","pf":"1.859","pts":"14.035"},{"game_id":1057,"team_name":"LAC","player_id":"{\"kennalu01\"}","player_name":"{\"Luke Kennard\"}","fg":"2.176","fga":"4.682","fg_pct":"0.465","three_p":"1.388","three_pa":"2.965","three_p_pct":"0.468","ft":"0.165","fta":"0.247","ft_pct":"0.668","orb":"0.129","drb":"1.388","trb":"1.518","ast":"1.612","stl":"0.188","blk":"0.082","tov":"0.365","pf":"0.824","pts":"5.906"},{"game_id":1057,"team_name":"LAC","player_id":"{\"scrubja01\"}","player_name":"{\"Jay Scrubb\"}","fg":"0.520","fga":"1.480","fg_pct":"0.351","three_p":"0.000","three_pa":"0.000","three_p_pct":"NaN","ft":"1.040","fta":"1.040","ft_pct":"1.000","orb":"0.000","drb":"0.520","trb":"0.520","ast":"0.000","stl":"0.000","blk":"0.000","tov":"1.520","pf":"0.520","pts":"2.080"},{"game_id":1057,"team_name":"LAC","player_id":"{\"zubaciv01\"}","player_name":"{\"Ivica Zubac\"}","fg":"4.306","fga":"6.259","fg_pct":"0.688","three_p":"0.000","three_pa":"0.000","three_p_pct":"NaN","ft":"1.976","fta":"2.494","ft_pct":"0.792","orb":"2.635","drb":"5.741","trb":"8.376","ast":"1.635","stl":"0.071","blk":"0.941","tov":"1.341","pf":"2.859","pts":"10.588"},{"game_id":1057,"team_name":"LAC","player_id":"{\"ferreyo01\"}","player_name":"{\"Yogi Ferrell\"}","fg":"1.541","fga":"3.812","fg_pct":"0.404","three_p":"0.812","three_pa":"1.859","three_p_pct":"0.437","ft":"0.341","fta":"0.541","ft_pct":"0.630","orb":"0.235","drb":"0.482","trb":"0.718","ast":"1.729","stl":"0.494","blk":"0.071","tov":"0.365","pf":"0.753","pts":"4.235"},{"game_id":1057,"team_name":"LAC","player_id":"{\"pattepa01\"}","player_name":"{\"Patrick Patterson\"}","fg":"1.741","fga":"4.471","fg_pct":"0.389","three_p":"0.906","three_pa":"2.906","three_p_pct":"0.312","ft":"0.071","fta":"0.141","ft_pct":"0.504","orb":"0.706","drb":"1.565","trb":"2.271","ast":"0.271","stl":"0.282","blk":"0.071","tov":"0.200","pf":"0.671","pts":"4.459"},{"game_id":1057,"team_name":"LAC","player_id":"benchLAC","player_name":"Bench of LAC","fg":"2.641","fga":"5.018","fg_pct":"0.526","three_p":"0.833","three_pa":"2.012","three_p_pct":"0.414","ft":"0.581","fta":"0.697","ft_pct":"0.834","orb":"0.953","drb":"3.203","trb":"4.156","ast":"2.134","stl":"0.673","blk":"0.472","tov":"1.073","pf":"1.409","pts":"6.696"}]