[{"game_id":1141,"team_name":"LAC","player_id":"teamLAC","player_name":"Team name: LAC","ts_pct":"0.559","efg_pct":"0.515","three_par":"0.419","ftr":"0.254","orb_pct":"4.387","drb_pct":"15.086","trb_pct":"9.791","ast_pct":"12.558","stl_pct":"1.073","blk_pct":"2.618","tov_pct":"8.662","usg_pct":"18.389","ortg":"115.832","drtg":"123.241","bpm":"-0.868"},{"game_id":1141,"team_name":"UTA","player_id":"teamUTA","player_name":"Team name: UTA","ts_pct":"0.573","efg_pct":"0.541","three_par":"0.464","ftr":"0.277","orb_pct":"6.545","drb_pct":"16.072","trb_pct":"11.550","ast_pct":"9.323","stl_pct":"1.260","blk_pct":"1.617","tov_pct":"11.241","usg_pct":"20.458","ortg":"124.262","drtg":"122.421","bpm":"-0.938"}]