[{"game_id":1242,"team_name":"BOS","player_id":"{\"poirivi01\"}","player_name":"{\"Vincent Poirier\"}","ts_pct":"0.500","efg_pct":"0.500","three_par":"0.000","ftr":"0.000","orb_pct":"0.000","drb_pct":"0.000","trb_pct":"0.000","ast_pct":"0.000","stl_pct":"0.000","blk_pct":"0.000","tov_pct":"33.300","usg_pct":"20.700","ortg":"61.000","drtg":"107.000","bpm":"-20.600"},{"game_id":1242,"team_name":"BOS","player_id":"{\"walkeke02\"}","player_name":"{\"Kemba Walker\"}","ts_pct":"0.616","efg_pct":"0.559","three_par":"0.458","ftr":"0.345","orb_pct":"3.308","drb_pct":"10.668","trb_pct":"6.992","ast_pct":"24.944","stl_pct":"1.034","blk_pct":"1.249","tov_pct":"7.276","usg_pct":"31.559","ortg":"124.176","drtg":"109.906","bpm":"7.716"},{"game_id":1242,"team_name":"BOS","player_id":"{\"haywago01\"}","player_name":"{\"Gordon Hayward\"}","ts_pct":"0.528","efg_pct":"0.488","three_par":"0.319","ftr":"0.208","orb_pct":"1.687","drb_pct":"15.281","trb_pct":"8.238","ast_pct":"15.855","stl_pct":"0.896","blk_pct":"1.100","tov_pct":"16.718","usg_pct":"18.140","ortg":"97.576","drtg":"107.635","bpm":"-0.184"},{"game_id":1242,"team_name":"BOS","player_id":"{\"tatumja01\"}","player_name":"{\"Jayson Tatum\"}","ts_pct":"0.473","efg_pct":"0.420","three_par":"0.322","ftr":"0.327","orb_pct":"3.599","drb_pct":"19.647","trb_pct":"11.175","ast_pct":"10.871","stl_pct":"1.999","blk_pct":"2.632","tov_pct":"8.661","usg_pct":"24.321","ortg":"95.318","drtg":"102.271","bpm":"1.428"},{"game_id":1242,"team_name":"BOS","player_id":"{\"smartma01\"}","player_name":"{\"Marcus Smart\"}","ts_pct":"0.471","efg_pct":"0.417","three_par":"0.757","ftr":"0.280","orb_pct":"4.349","drb_pct":"6.714","trb_pct":"5.564","ast_pct":"20.495","stl_pct":"2.766","blk_pct":"1.066","tov_pct":"11.949","usg_pct":"16.478","ortg":"102.835","drtg":"104.071","bpm":"1.251"},{"game_id":1242,"team_name":"BOS","player_id":"{\"theisda01\"}","player_name":"{\"Daniel Theis\"}","ts_pct":"0.342","efg_pct":"0.253","three_par":"0.241","ftr":"0.587","orb_pct":"8.836","drb_pct":"15.935","trb_pct":"12.556","ast_pct":"1.884","stl_pct":"0.229","blk_pct":"5.495","tov_pct":"4.832","usg_pct":"16.518","ortg":"70.494","drtg":"103.918","bpm":"-5.340"},{"game_id":1242,"team_name":"BOS","player_id":"benchBOS","player_name":"Bench of BOS","ts_pct":"0.352","efg_pct":"0.312","three_par":"0.258","ftr":"0.254","orb_pct":"3.581","drb_pct":"8.316","trb_pct":"5.837","ast_pct":"11.849","stl_pct":"1.482","blk_pct":"1.378","tov_pct":"6.311","usg_pct":"13.577","ortg":"84.786","drtg":"104.979","bpm":"-2.957"},{"game_id":1242,"team_name":"NYK","player_id":"{\"morrima03\"}","player_name":"{\"Marcus Morris\"}","ts_pct":"0.579","efg_pct":"0.512","three_par":"0.399","ftr":"0.400","orb_pct":"3.174","drb_pct":"17.518","trb_pct":"10.224","ast_pct":"5.649","stl_pct":"1.180","blk_pct":"3.458","tov_pct":"11.838","usg_pct":"18.548","ortg":"107.918","drtg":"108.459","bpm":"-0.214"},{"game_id":1242,"team_name":"NYK","player_id":"{\"barrerj01\"}","player_name":"{\"RJ Barrett\"}","ts_pct":"0.502","efg_pct":"0.514","three_par":"0.256","ftr":"0.354","orb_pct":"4.458","drb_pct":"12.871","trb_pct":"8.516","ast_pct":"15.358","stl_pct":"1.756","blk_pct":"0.524","tov_pct":"15.089","usg_pct":"23.687","ortg":"95.073","drtg":"110.327","bpm":"-1.453"},{"game_id":1242,"team_name":"NYK","player_id":"{\"ntilila01\"}","player_name":"{\"Frank Ntilikina\"}","ts_pct":"0.188","efg_pct":"0.178","three_par":"0.383","ftr":"0.031","orb_pct":"1.579","drb_pct":"8.745","trb_pct":"5.031","ast_pct":"18.219","stl_pct":"2.628","blk_pct":"0.360","tov_pct":"23.413","usg_pct":"16.701","ortg":"52.635","drtg":"114.247","bpm":"-13.222"},{"game_id":1242,"team_name":"NYK","player_id":"{\"randlju01\"}","player_name":"{\"Julius Randle\"}","ts_pct":"0.539","efg_pct":"0.502","three_par":"0.197","ftr":"0.410","orb_pct":"11.148","drb_pct":"21.671","trb_pct":"16.478","ast_pct":"23.459","stl_pct":"1.016","blk_pct":"0.558","tov_pct":"20.496","usg_pct":"28.028","ortg":"100.612","drtg":"112.035","bpm":"-0.596"},{"game_id":1242,"team_name":"NYK","player_id":"{\"knoxke01\"}","player_name":"{\"Kevin Knox\"}","ts_pct":"0.550","efg_pct":"0.497","three_par":"0.475","ftr":"0.370","orb_pct":"2.321","drb_pct":"15.771","trb_pct":"9.148","ast_pct":"10.256","stl_pct":"0.875","blk_pct":"0.835","tov_pct":"9.075","usg_pct":"22.925","ortg":"108.318","drtg":"111.788","bpm":"-0.654"},{"game_id":1242,"team_name":"NYK","player_id":"{\"ellinwa01\"}","player_name":"{\"Wayne Ellington\"}","ts_pct":"0.487","efg_pct":"0.475","three_par":"0.771","ftr":"0.061","orb_pct":"0.640","drb_pct":"10.988","trb_pct":"5.458","ast_pct":"5.924","stl_pct":"0.647","blk_pct":"0.706","tov_pct":"10.536","usg_pct":"16.652","ortg":"89.329","drtg":"115.341","bpm":"-5.038"},{"game_id":1242,"team_name":"NYK","player_id":"benchNYK","player_name":"Bench of NYK","ts_pct":"0.627","efg_pct":"0.606","three_par":"0.177","ftr":"0.295","orb_pct":"10.982","drb_pct":"21.838","trb_pct":"16.464","ast_pct":"7.260","stl_pct":"1.549","blk_pct":"5.017","tov_pct":"10.922","usg_pct":"18.042","ortg":"124.073","drtg":"105.904","bpm":"2.859"}]