[{"game_id":119,"team_name":"DEN","player_id":"{\"harteis01\"}","player_name":"{\"Isaiah Hartenstein\"}","ts_pct":"0.493","efg_pct":"0.467","three_par":"0.041","ftr":"0.455","orb_pct":"20.802","drb_pct":"18.544","trb_pct":"19.427","ast_pct":"6.908","stl_pct":"0.909","blk_pct":"3.426","tov_pct":"14.725","usg_pct":"24.671","ortg":"97.024","drtg":"116.153","bpm":"-7.128"},{"game_id":119,"team_name":"DEN","player_id":"{\"murraja01\"}","player_name":"{\"Jamal Murray\"}","ts_pct":"0.617","efg_pct":"0.546","three_par":"0.425","ftr":"0.451","orb_pct":"3.496","drb_pct":"9.987","trb_pct":"6.781","ast_pct":"18.856","stl_pct":"1.269","blk_pct":"0.753","tov_pct":"12.573","usg_pct":"24.727","ortg":"118.506","drtg":"117.553","bpm":"1.953"},{"game_id":119,"team_name":"DEN","player_id":"{\"jokicni01\"}","player_name":"{\"Nikola Jokić\"}","ts_pct":"0.690","efg_pct":"0.649","three_par":"0.183","ftr":"0.363","orb_pct":"10.864","drb_pct":"26.884","trb_pct":"18.965","ast_pct":"47.100","stl_pct":"2.248","blk_pct":"1.074","tov_pct":"20.049","usg_pct":"26.442","ortg":"130.082","drtg":"112.506","bpm":"11.259"},{"game_id":119,"team_name":"DEN","player_id":"{\"harriga01\"}","player_name":"{\"Gary Harris\"}","ts_pct":"0.405","efg_pct":"0.376","three_par":"0.415","ftr":"0.138","orb_pct":"0.938","drb_pct":"7.531","trb_pct":"4.105","ast_pct":"6.816","stl_pct":"1.480","blk_pct":"0.656","tov_pct":"10.854","usg_pct":"14.689","ortg":"82.094","drtg":"119.235","bpm":"-8.079"},{"game_id":119,"team_name":"DEN","player_id":"{\"bartowi01\"}","player_name":"{\"Will Barton\"}","ts_pct":"0.460","efg_pct":"0.446","three_par":"0.390","ftr":"0.172","orb_pct":"2.820","drb_pct":"18.695","trb_pct":"10.780","ast_pct":"14.626","stl_pct":"1.420","blk_pct":"2.825","tov_pct":"6.927","usg_pct":"20.214","ortg":"101.200","drtg":"113.706","bpm":"-1.381"},{"game_id":119,"team_name":"DEN","player_id":"{\"millspa01\"}","player_name":"{\"Paul Millsap\"}","ts_pct":"0.639","efg_pct":"0.598","three_par":"0.442","ftr":"0.485","orb_pct":"5.306","drb_pct":"16.167","trb_pct":"10.918","ast_pct":"8.311","stl_pct":"0.362","blk_pct":"0.127","tov_pct":"13.792","usg_pct":"19.838","ortg":"113.541","drtg":"119.776","bpm":"-2.538"},{"game_id":119,"team_name":"DEN","player_id":"benchDEN","player_name":"Bench of DEN","ts_pct":"0.631","efg_pct":"0.607","three_par":"0.441","ftr":"0.395","orb_pct":"4.191","drb_pct":"16.287","trb_pct":"10.220","ast_pct":"11.698","stl_pct":"1.000","blk_pct":"1.664","tov_pct":"9.438","usg_pct":"15.432","ortg":"121.793","drtg":"116.319","bpm":"1.044"},{"game_id":119,"team_name":"DAL","player_id":"{\"johnsja01\"}","player_name":"{\"James Johnson\"}","ts_pct":"0.398","efg_pct":"0.398","three_par":"0.348","ftr":"0.414","orb_pct":"3.080","drb_pct":"18.127","trb_pct":"10.592","ast_pct":"21.519","stl_pct":"4.358","blk_pct":"2.333","tov_pct":"21.054","usg_pct":"17.965","ortg":"88.094","drtg":"101.341","bpm":"1.571"},{"game_id":119,"team_name":"DAL","player_id":"{\"doncilu01\"}","player_name":"{\"Luka Dončić\"}","ts_pct":"0.538","efg_pct":"0.479","three_par":"0.363","ftr":"0.457","orb_pct":"2.768","drb_pct":"27.726","trb_pct":"15.520","ast_pct":"43.875","stl_pct":"1.055","blk_pct":"1.182","tov_pct":"14.506","usg_pct":"37.687","ortg":"106.141","drtg":"109.647","bpm":"4.745"},{"game_id":119,"team_name":"DAL","player_id":"{\"richajo01\"}","player_name":"{\"Josh Richardson\"}","ts_pct":"0.539","efg_pct":"0.477","three_par":"0.531","ftr":"0.265","orb_pct":"4.487","drb_pct":"5.653","trb_pct":"4.944","ast_pct":"10.761","stl_pct":"1.044","blk_pct":"1.060","tov_pct":"9.606","usg_pct":"19.819","ortg":"108.718","drtg":"112.165","bpm":"-1.669"},{"game_id":119,"team_name":"DAL","player_id":"{\"finnedo01\"}","player_name":"{\"Dorian Finney-Smith\"}","ts_pct":"0.564","efg_pct":"0.542","three_par":"0.680","ftr":"0.163","orb_pct":"5.233","drb_pct":"13.058","trb_pct":"9.092","ast_pct":"5.855","stl_pct":"1.694","blk_pct":"1.727","tov_pct":"8.769","usg_pct":"13.688","ortg":"113.565","drtg":"110.212","bpm":"-0.082"},{"game_id":119,"team_name":"DAL","player_id":"{\"klebima01\"}","player_name":"{\"Maxi Kleber\"}","ts_pct":"0.653","efg_pct":"0.591","three_par":"0.889","ftr":"0.455","orb_pct":"4.935","drb_pct":"22.139","trb_pct":"13.651","ast_pct":"8.032","stl_pct":"0.788","blk_pct":"3.216","tov_pct":"14.431","usg_pct":"10.434","ortg":"137.506","drtg":"108.800","bpm":"3.295"},{"game_id":119,"team_name":"DAL","player_id":"{\"caulewi01\"}","player_name":"{\"Willie Cauley-Stein\"}","ts_pct":"0.585","efg_pct":"0.634","three_par":"0.021","ftr":"0.575","orb_pct":"11.180","drb_pct":"24.855","trb_pct":"17.509","ast_pct":"7.827","stl_pct":"0.971","blk_pct":"2.499","tov_pct":"15.220","usg_pct":"16.345","ortg":"119.259","drtg":"105.247","bpm":"-0.947"},{"game_id":119,"team_name":"DAL","player_id":"benchDAL","player_name":"Bench of DAL","ts_pct":"0.509","efg_pct":"0.466","three_par":"0.259","ftr":"0.443","orb_pct":"9.283","drb_pct":"15.435","trb_pct":"14.888","ast_pct":"12.121","stl_pct":"1.043","blk_pct":"0.683","tov_pct":"13.541","usg_pct":"18.742","ortg":"114.666","drtg":"112.352","bpm":"4.117"}]