[{"game_id":121,"team_name":"POR","player_id":"{\"littlna01\"}","player_name":"{\"Nassir Little\"}","fg":"1.047","fga":"2.576","fg_pct":"0.406","three_p":"0.106","three_pa":"0.988","three_p_pct":"0.107","ft":"0.447","fta":"0.824","ft_pct":"0.542","orb":"0.212","drb":"0.835","trb":"1.047","ast":"0.365","stl":"0.424","blk":"0.047","tov":"0.047","pf":"1.071","pts":"2.647"},{"game_id":121,"team_name":"POR","player_id":"{\"ellebcj01\"}","player_name":"{\"CJ Elleby\"}","fg":"0.639","fga":"1.611","fg_pct":"0.397","three_p":"0.000","three_pa":"0.972","three_p_pct":"0.000","ft":"0.000","fta":"0.333","ft_pct":"0.000","orb":"0.306","drb":"0.306","trb":"0.611","ast":"0.667","stl":"0.000","blk":"0.000","tov":"0.000","pf":"0.944","pts":"1.278"},{"game_id":121,"team_name":"POR","player_id":"{\"blevike01\"}","player_name":"{\"Keljin Blevins\"}","fg":"0.333","fga":"1.972","fg_pct":"0.169","three_p":"0.000","three_pa":"0.972","three_p_pct":"0.000","ft":"0.000","fta":"0.000","ft_pct":"NaN","orb":"0.000","drb":"0.000","trb":"0.000","ast":"0.972","stl":"0.333","blk":"0.000","tov":"1.000","pf":"0.639","pts":"0.667"},{"game_id":121,"team_name":"POR","player_id":"{\"lillada01\"}","player_name":"{\"Damian Lillard\"}","fg":"7.494","fga":"18.141","fg_pct":"0.413","three_p":"3.576","three_pa":"10.012","three_p_pct":"0.357","ft":"7.035","fta":"7.741","ft_pct":"0.909","orb":"0.212","drb":"3.953","trb":"4.165","ast":"6.141","stl":"0.541","blk":"0.188","tov":"3.024","pf":"1.553","pts":"25.600"},{"game_id":121,"team_name":"POR","player_id":"{\"trentga02\"}","player_name":"{\"Gary Trent Jr.\"}","fg":"4.118","fga":"9.624","fg_pct":"0.428","three_p":"2.435","three_pa":"5.471","three_p_pct":"0.445","ft":"0.800","fta":"1.176","ft_pct":"0.680","orb":"0.529","drb":"1.376","trb":"1.906","ast":"0.847","stl":"0.541","blk":"0.000","tov":"0.506","pf":"1.800","pts":"11.471"},{"game_id":121,"team_name":"POR","player_id":"{\"mccolcj01\"}","player_name":"{\"CJ McCollum\"}","fg":"10.000","fga":"21.600","fg_pct":"0.463","three_p":"4.471","three_pa":"10.553","three_p_pct":"0.424","ft":"3.094","fta":"3.788","ft_pct":"0.817","orb":"0.600","drb":"4.059","trb":"4.659","ast":"5.153","stl":"1.941","blk":"0.294","tov":"1.812","pf":"2.082","pts":"27.565"},{"game_id":121,"team_name":"POR","player_id":"benchPOR","player_name":"Bench of POR","fg":"2.820","fga":"6.693","fg_pct":"0.421","three_p":"0.898","three_pa":"2.422","three_p_pct":"0.371","ft":"1.247","fta":"1.715","ft_pct":"0.727","orb":"1.036","drb":"3.668","trb":"4.704","ast":"1.444","stl":"0.869","blk":"0.404","tov":"1.056","pf":"2.372","pts":"7.786"},{"game_id":121,"team_name":"MIN","player_id":"{\"nowelja01\"}","player_name":"{\"Jaylen Nowell\"}","fg":"1.000","fga":"3.000","fg_pct":"0.333","three_p":"0.176","three_pa":"1.306","three_p_pct":"0.135","ft":"1.071","fta":"1.118","ft_pct":"0.958","orb":"0.200","drb":"0.776","trb":"0.976","ast":"1.435","stl":"0.412","blk":"0.047","tov":"0.094","pf":"0.906","pts":"3.247"},{"game_id":121,"team_name":"MIN","player_id":"{\"edwaran01\"}","player_name":"{\"Anthony Edwards\"}","fg":"5.314","fga":"13.429","fg_pct":"0.396","three_p":"1.700","three_pa":"6.071","three_p_pct":"0.280","ft":"1.186","fta":"1.657","ft_pct":"0.716","orb":"0.643","drb":"1.414","trb":"2.057","ast":"1.957","stl":"0.529","blk":"0.300","tov":"1.771","pf":"1.629","pts":"13.514"},{"game_id":121,"team_name":"MIN","player_id":"{\"rubiori01\"}","player_name":"{\"Ricky Rubio\"}","fg":"2.635","fga":"6.141","fg_pct":"0.429","three_p":"0.824","three_pa":"2.671","three_p_pct":"0.308","ft":"0.953","fta":"1.082","ft_pct":"0.881","orb":"0.235","drb":"2.471","trb":"2.706","ast":"5.200","stl":"0.906","blk":"0.059","tov":"1.741","pf":"2.741","pts":"7.047"},{"game_id":121,"team_name":"MIN","player_id":"{\"russeda01\"}","player_name":"{\"D'Angelo Russell\"}","fg":"7.000","fga":"16.447","fg_pct":"0.426","three_p":"2.871","three_pa":"7.588","three_p_pct":"0.378","ft":"2.706","fta":"3.682","ft_pct":"0.735","orb":"0.529","drb":"2.976","trb":"3.506","ast":"5.529","stl":"1.576","blk":"0.306","tov":"3.694","pf":"2.247","pts":"19.576"},{"game_id":121,"team_name":"MIN","player_id":"{\"beaslma01\"}","player_name":"{\"Malik Beasley\"}","fg":"6.871","fga":"15.247","fg_pct":"0.451","three_p":"1.741","three_pa":"5.776","three_p_pct":"0.301","ft":"2.682","fta":"3.024","ft_pct":"0.887","orb":"0.835","drb":"4.282","trb":"5.118","ast":"1.812","stl":"0.553","blk":"0.282","tov":"1.059","pf":"1.271","pts":"18.165"},{"game_id":121,"team_name":"MIN","player_id":"{\"hernaju01\"}","player_name":"{\"Juancho Hernangómez\"}","fg":"3.165","fga":"7.235","fg_pct":"0.437","three_p":"1.329","three_pa":"3.882","three_p_pct":"0.342","ft":"0.353","fta":"0.824","ft_pct":"0.428","orb":"0.988","drb":"4.224","trb":"5.212","ast":"0.694","stl":"0.682","blk":"0.259","tov":"0.365","pf":"1.153","pts":"8.012"},{"game_id":121,"team_name":"MIN","player_id":"benchMIN","player_name":"Bench of MIN","fg":"2.439","fga":"4.807","fg_pct":"0.507","three_p":"0.354","three_pa":"1.231","three_p_pct":"0.288","ft":"1.072","fta":"1.649","ft_pct":"0.650","orb":"1.238","drb":"2.254","trb":"3.492","ast":"0.951","stl":"0.759","blk":"0.436","tov":"0.905","pf":"2.060","pts":"6.304"}]