[{"game_id":1247,"team_name":"GSW","player_id":"{\"spellom01\"}","player_name":"{\"Omari Spellman\"}","fg":"2.376","fga":"6.388","fg_pct":"0.372","three_p":"0.576","three_pa":"2.047","three_p_pct":"0.281","ft":"1.459","fta":"1.812","ft_pct":"0.805","orb":"2.635","drb":"3.671","trb":"6.306","ast":"1.282","stl":"0.812","blk":"0.612","tov":"1.447","pf":"1.482","pts":"6.788"},{"game_id":1247,"team_name":"GSW","player_id":"{\"greendr01\"}","player_name":"{\"Draymond Green\"}","fg":"4.188","fga":"9.306","fg_pct":"0.450","three_p":"0.682","three_pa":"2.718","three_p_pct":"0.251","ft":"2.000","fta":"2.718","ft_pct":"0.736","orb":"1.224","drb":"8.306","trb":"9.529","ast":"7.035","stl":"1.612","blk":"0.529","tov":"3.153","pf":"3.035","pts":"11.059"},{"game_id":1247,"team_name":"GSW","player_id":"{\"russeda01\"}","player_name":"{\"D'Angelo Russell\"}","fg":"6.341","fga":"16.894","fg_pct":"0.375","three_p":"2.353","three_pa":"6.824","three_p_pct":"0.345","ft":"2.388","fta":"3.588","ft_pct":"0.666","orb":"0.576","drb":"3.459","trb":"4.035","ast":"4.988","stl":"0.671","blk":"0.094","tov":"2.365","pf":"1.741","pts":"17.424"},{"game_id":1247,"team_name":"GSW","player_id":"{\"poolejo01\"}","player_name":"{\"Jordan Poole\"}","fg":"2.283","fga":"9.848","fg_pct":"0.232","three_p":"1.804","three_pa":"5.435","three_p_pct":"0.332","ft":"2.087","fta":"2.087","ft_pct":"1.000","orb":"0.000","drb":"2.304","trb":"2.304","ast":"1.239","stl":"0.978","blk":"0.000","tov":"1.239","pf":"2.109","pts":"8.457"},{"game_id":1247,"team_name":"GSW","player_id":"{\"robingl02\"}","player_name":"{\"Glenn Robinson III\"}","fg":"2.988","fga":"7.412","fg_pct":"0.403","three_p":"0.435","three_pa":"2.247","three_p_pct":"0.194","ft":"1.671","fta":"1.859","ft_pct":"0.899","orb":"1.494","drb":"2.765","trb":"4.259","ast":"0.976","stl":"0.847","blk":"0.365","tov":"0.647","pf":"1.541","pts":"8.082"},{"game_id":1247,"team_name":"GSW","player_id":"{\"leeda03\"}","player_name":"{\"Damion Lee\"}","fg":"2.847","fga":"6.388","fg_pct":"0.446","three_p":"1.400","three_pa":"3.247","three_p_pct":"0.431","ft":"1.918","fta":"2.047","ft_pct":"0.937","orb":"0.812","drb":"3.482","trb":"4.294","ast":"1.212","stl":"0.341","blk":"0.000","tov":"0.682","pf":"1.271","pts":"9.012"},{"game_id":1247,"team_name":"GSW","player_id":"benchGSW","player_name":"Bench of GSW","fg":"2.795","fga":"5.064","fg_pct":"0.552","three_p":"0.074","three_pa":"0.504","three_p_pct":"0.147","ft":"1.697","fta":"1.945","ft_pct":"0.872","orb":"0.937","drb":"2.243","trb":"3.180","ast":"1.054","stl":"0.810","blk":"0.264","tov":"0.631","pf":"1.510","pts":"7.362"},{"game_id":1247,"team_name":"SAS","player_id":"{\"metuch01\"}","player_name":"{\"Chimezie Metu\"}","fg":"0.400","fga":"1.635","fg_pct":"0.245","three_p":"0.000","three_pa":"0.000","three_p_pct":"NaN","ft":"0.059","fta":"0.118","ft_pct":"0.500","orb":"0.094","drb":"0.929","trb":"1.024","ast":"0.188","stl":"0.106","blk":"0.000","tov":"0.482","pf":"0.600","pts":"0.859"},{"game_id":1247,"team_name":"SAS","player_id":"{\"derozde01\"}","player_name":"{\"DeMar DeRozan\"}","fg":"9.082","fga":"17.588","fg_pct":"0.516","three_p":"0.000","three_pa":"0.176","three_p_pct":"0.000","ft":"5.012","fta":"6.247","ft_pct":"0.802","orb":"0.671","drb":"5.129","trb":"5.800","ast":"3.282","stl":"1.259","blk":"0.247","tov":"3.035","pf":"2.518","pts":"23.176"},{"game_id":1247,"team_name":"SAS","player_id":"{\"lylestr01\"}","player_name":"{\"Trey Lyles\"}","fg":"1.482","fga":"3.365","fg_pct":"0.440","three_p":"0.271","three_pa":"1.200","three_p_pct":"0.226","ft":"0.376","fta":"0.447","ft_pct":"0.841","orb":"1.518","drb":"3.318","trb":"4.835","ast":"1.412","stl":"0.047","blk":"0.000","tov":"0.588","pf":"1.365","pts":"3.612"},{"game_id":1247,"team_name":"SAS","player_id":"{\"forbebr01\"}","player_name":"{\"Bryn Forbes\"}","fg":"4.400","fga":"9.706","fg_pct":"0.453","three_p":"2.412","three_pa":"5.341","three_p_pct":"0.452","ft":"1.565","fta":"1.812","ft_pct":"0.864","orb":"0.494","drb":"3.165","trb":"3.659","ast":"0.918","stl":"0.047","blk":"0.071","tov":"0.753","pf":"2.035","pts":"12.776"},{"game_id":1247,"team_name":"SAS","player_id":"{\"aldrila01\"}","player_name":"{\"LaMarcus Aldridge\"}","fg":"7.094","fga":"15.259","fg_pct":"0.465","three_p":"0.624","three_pa":"1.565","three_p_pct":"0.399","ft":"3.576","fta":"4.471","ft_pct":"0.800","orb":"2.353","drb":"6.094","trb":"8.447","ast":"2.788","stl":"0.576","blk":"2.000","tov":"2.000","pf":"2.882","pts":"18.388"},{"game_id":1247,"team_name":"SAS","player_id":"{\"whitede01\"}","player_name":"{\"Derrick White\"}","fg":"5.129","fga":"9.341","fg_pct":"0.549","three_p":"1.094","three_pa":"2.341","three_p_pct":"0.467","ft":"3.141","fta":"4.129","ft_pct":"0.761","orb":"0.612","drb":"2.459","trb":"3.071","ast":"2.294","stl":"0.412","blk":"0.800","tov":"1.153","pf":"2.776","pts":"14.494"},{"game_id":1247,"team_name":"SAS","player_id":"benchSAS","player_name":"Bench of SAS","fg":"1.948","fga":"5.201","fg_pct":"0.375","three_p":"0.593","three_pa":"2.266","three_p_pct":"0.262","ft":"0.848","fta":"1.182","ft_pct":"0.717","orb":"0.856","drb":"2.321","trb":"3.178","ast":"1.494","stl":"0.353","blk":"0.319","tov":"0.657","pf":"1.444","pts":"5.336"}]