[{"game_id":1026,"team_name":"CHO","player_id":"{\"martica02\"}","player_name":"{\"Caleb Martin\"}","fg":"1.588","fga":"4.835","fg_pct":"0.328","three_p":"0.565","three_pa":"3.059","three_p_pct":"0.185","ft":"1.494","fta":"2.094","ft_pct":"0.713","orb":"0.341","drb":"2.294","trb":"2.635","ast":"1.706","stl":"0.824","blk":"0.482","tov":"0.447","pf":"1.741","pts":"5.235"},{"game_id":1026,"team_name":"CHO","player_id":"{\"roziete01\"}","player_name":"{\"Terry Rozier\"}","fg":"8.282","fga":"19.482","fg_pct":"0.425","three_p":"3.424","three_pa":"8.965","three_p_pct":"0.382","ft":"2.635","fta":"3.388","ft_pct":"0.778","orb":"1.388","drb":"3.271","trb":"4.659","ast":"5.035","stl":"0.835","blk":"0.224","tov":"1.424","pf":"1.635","pts":"22.624"},{"game_id":1026,"team_name":"CHO","player_id":"{\"washipj01\"}","player_name":"{\"P.J. Washington\"}","fg":"7.482","fga":"13.929","fg_pct":"0.537","three_p":"3.141","three_pa":"6.247","three_p_pct":"0.503","ft":"0.941","fta":"1.565","ft_pct":"0.601","orb":"1.224","drb":"5.894","trb":"7.118","ast":"1.976","stl":"1.129","blk":"0.882","tov":"1.812","pf":"2.635","pts":"19.047"},{"game_id":1026,"team_name":"CHO","player_id":"{\"grahade01\"}","player_name":"{\"Devonte' Graham\"}","fg":"5.024","fga":"13.753","fg_pct":"0.365","three_p":"3.847","three_pa":"10.518","three_p_pct":"0.366","ft":"3.094","fta":"3.847","ft_pct":"0.804","orb":"0.212","drb":"2.400","trb":"2.612","ast":"6.682","stl":"0.376","blk":"0.329","tov":"2.176","pf":"2.000","pts":"16.988"},{"game_id":1026,"team_name":"CHO","player_id":"{\"ballla01\"}","player_name":"{\"LaMelo Ball\"}","fg":"6.706","fga":"15.224","fg_pct":"0.440","three_p":"1.035","three_pa":"4.412","three_p_pct":"0.235","ft":"2.953","fta":"4.812","ft_pct":"0.614","orb":"0.541","drb":"4.565","trb":"5.106","ast":"5.729","stl":"1.765","blk":"0.294","tov":"3.318","pf":"2.871","pts":"17.400"},{"game_id":1026,"team_name":"CHO","player_id":"{\"zelleco01\"}","player_name":"{\"Cody Zeller\"}","fg":"3.953","fga":"6.435","fg_pct":"0.614","three_p":"0.094","three_pa":"0.400","three_p_pct":"0.235","ft":"2.129","fta":"3.412","ft_pct":"0.624","orb":"1.588","drb":"3.835","trb":"5.424","ast":"0.800","stl":"0.282","blk":"0.400","tov":"1.082","pf":"3.000","pts":"10.129"},{"game_id":1026,"team_name":"CHO","player_id":"benchCHO","player_name":"Bench of CHO","fg":"3.059","fga":"6.929","fg_pct":"0.441","three_p":"1.082","three_pa":"2.931","three_p_pct":"0.369","ft":"0.621","fta":"1.211","ft_pct":"0.513","orb":"1.586","drb":"3.256","trb":"4.841","ast":"1.899","stl":"0.516","blk":"0.880","tov":"1.068","pf":"1.750","pts":"7.821"},{"game_id":1026,"team_name":"DEN","player_id":"{\"cancavl01\"}","player_name":"{\"Vlatko Čančar\"}","fg":"0.694","fga":"1.682","fg_pct":"0.413","three_p":"0.129","three_pa":"0.753","three_p_pct":"0.171","ft":"0.294","fta":"0.447","ft_pct":"0.658","orb":"0.506","drb":"0.682","trb":"1.188","ast":"0.447","stl":"0.071","blk":"0.000","tov":"0.318","pf":"0.388","pts":"1.812"},{"game_id":1026,"team_name":"DEN","player_id":"{\"campafa01\"}","player_name":"{\"Facundo Campazzo\"}","fg":"3.200","fga":"7.918","fg_pct":"0.404","three_p":"1.553","three_pa":"5.082","three_p_pct":"0.306","ft":"3.541","fta":"3.753","ft_pct":"0.944","orb":"0.424","drb":"3.953","trb":"4.376","ast":"6.459","stl":"2.459","blk":"0.341","tov":"1.518","pf":"2.306","pts":"11.494"},{"game_id":1026,"team_name":"DEN","player_id":"{\"portemi01\"}","player_name":"{\"Michael Porter Jr.\"}","fg":"9.729","fga":"17.235","fg_pct":"0.564","three_p":"4.071","three_pa":"8.341","three_p_pct":"0.488","ft":"2.388","fta":"2.753","ft_pct":"0.867","orb":"0.576","drb":"5.506","trb":"6.082","ast":"1.847","stl":"0.906","blk":"0.706","tov":"1.671","pf":"2.353","pts":"25.918"},{"game_id":1026,"team_name":"DEN","player_id":"{\"jokicni01\"}","player_name":"{\"Nikola Jokić\"}","fg":"9.541","fga":"17.224","fg_pct":"0.554","three_p":"1.106","three_pa":"3.376","three_p_pct":"0.328","ft":"7.141","fta":"7.929","ft_pct":"0.901","orb":"2.141","drb":"7.718","trb":"9.859","ast":"7.047","stl":"1.035","blk":"0.929","tov":"3.518","pf":"3.165","pts":"27.329"},{"game_id":1026,"team_name":"DEN","player_id":"{\"riverau01\"}","player_name":"{\"Austin Rivers\"}","fg":"3.647","fga":"8.129","fg_pct":"0.449","three_p":"2.200","three_pa":"5.388","three_p_pct":"0.408","ft":"1.059","fta":"1.506","ft_pct":"0.703","orb":"0.000","drb":"2.471","trb":"2.471","ast":"2.929","stl":"1.647","blk":"0.118","tov":"1.024","pf":"2.176","pts":"10.553"},{"game_id":1026,"team_name":"DEN","player_id":"{\"howarma02\"}","player_name":"{\"Markus Howard\"}","fg":"1.094","fga":"2.965","fg_pct":"0.369","three_p":"0.400","three_pa":"1.671","three_p_pct":"0.239","ft":"0.294","fta":"0.435","ft_pct":"0.676","orb":"0.153","drb":"0.365","trb":"0.518","ast":"0.306","stl":"0.000","blk":"0.000","tov":"0.494","pf":"0.529","pts":"2.882"},{"game_id":1026,"team_name":"DEN","player_id":"benchDEN","player_name":"Bench of DEN","fg":"2.960","fga":"6.994","fg_pct":"0.423","three_p":"0.709","three_pa":"2.347","three_p_pct":"0.302","ft":"1.035","fta":"1.364","ft_pct":"0.759","orb":"1.165","drb":"2.707","trb":"3.872","ast":"1.585","stl":"0.617","blk":"0.545","tov":"0.864","pf":"1.662","pts":"7.665"}]