[{"game_id":1162,"team_name":"ATL","player_id":"teamATL","player_name":"Team name: ATL","fg":"38.994","fga":"87.063","fg_pct":"0.448","three_p":"10.520","three_pa":"32.794","three_p_pct":"0.321","ft":"17.046","fta":"22.206","ft_pct":"0.768","orb":"9.011","drb":"32.560","trb":"41.571","ast":"18.737","stl":"6.977","blk":"3.469","tov":"12.217","pf":"22.486","pts":"105.554"},{"game_id":1162,"team_name":"MIL","player_id":"teamMIL","player_name":"Team name: MIL","fg":"42.269","fga":"91.360","fg_pct":"0.463","three_p":"10.771","three_pa":"34.434","three_p_pct":"0.313","ft":"12.469","fta":"18.560","ft_pct":"0.672","orb":"12.023","drb":"35.371","trb":"47.394","ast":"21.497","stl":"7.794","blk":"5.097","tov":"11.634","pf":"17.217","pts":"107.777"}]