[{"game_id":1259,"team_name":"SAS","player_id":"teamSAS","player_name":"Team name: SAS","fg":"41.086","fga":"87.851","fg_pct":"0.468","three_p":"8.097","three_pa":"23.817","three_p_pct":"0.340","ft":"20.103","fta":"25.937","ft_pct":"0.775","orb":"11.743","drb":"36.131","trb":"47.874","ast":"22.171","stl":"5.131","blk":"5.006","tov":"11.846","pf":"20.291","pts":"110.371"},{"game_id":1259,"team_name":"LAL","player_id":"teamLAL","player_name":"Team name: LAL","fg":"41.514","fga":"91.154","fg_pct":"0.455","three_p":"10.074","three_pa":"30.606","three_p_pct":"0.329","ft":"16.229","fta":"21.434","ft_pct":"0.757","orb":"11.269","drb":"36.520","trb":"47.789","ast":"25.274","stl":"8.240","blk":"7.057","tov":"15.303","pf":"20.663","pts":"109.331"}]