[{"game_id":1004,"team_name":"SAC","player_id":"{\"harklma01\"}","player_name":"{\"Maurice Harkless\"}","ts_pct":"0.440","efg_pct":"0.387","three_par":"0.382","ftr":"0.312","orb_pct":"2.193","drb_pct":"10.299","trb_pct":"6.107","ast_pct":"4.119","stl_pct":"2.402","blk_pct":"2.209","tov_pct":"15.876","usg_pct":"12.024","ortg":"85.482","drtg":"113.906","bpm":"-5.673"},{"game_id":1004,"team_name":"SAC","player_id":"{\"wrighde01\"}","player_name":"{\"Delon Wright\"}","ts_pct":"0.557","efg_pct":"0.532","three_par":"0.318","ftr":"0.217","orb_pct":"5.587","drb_pct":"12.668","trb_pct":"9.044","ast_pct":"21.000","stl_pct":"3.680","blk_pct":"2.800","tov_pct":"10.911","usg_pct":"17.866","ortg":"116.353","drtg":"109.482","bpm":"3.479"},{"game_id":1004,"team_name":"SAC","player_id":"{\"hieldbu01\"}","player_name":"{\"Buddy Hield\"}","ts_pct":"0.552","efg_pct":"0.530","three_par":"0.645","ftr":"0.113","orb_pct":"1.371","drb_pct":"19.005","trb_pct":"10.174","ast_pct":"19.908","stl_pct":"1.800","blk_pct":"2.351","tov_pct":"10.746","usg_pct":"20.338","ortg":"110.353","drtg":"112.082","bpm":"2.016"},{"game_id":1004,"team_name":"SAC","player_id":"{\"holmeri01\"}","player_name":"{\"Richaun Holmes\"}","ts_pct":"0.600","efg_pct":"0.584","three_par":"0.013","ftr":"0.314","orb_pct":"6.853","drb_pct":"18.189","trb_pct":"12.287","ast_pct":"8.581","stl_pct":"0.735","blk_pct":"3.393","tov_pct":"11.387","usg_pct":"22.418","ortg":"112.176","drtg":"112.847","bpm":"-1.065"},{"game_id":1004,"team_name":"SAC","player_id":"{\"daviste02\"}","player_name":"{\"Terence Davis\"}","ts_pct":"0.544","efg_pct":"0.528","three_par":"0.582","ftr":"0.098","orb_pct":"1.880","drb_pct":"19.087","trb_pct":"10.653","ast_pct":"12.599","stl_pct":"1.512","blk_pct":"1.755","tov_pct":"17.715","usg_pct":"20.334","ortg":"100.871","drtg":"113.188","bpm":"-1.200"},{"game_id":1004,"team_name":"SAC","player_id":"{\"baglema01\"}","player_name":"{\"Marvin Bagley III\"}","ts_pct":"0.575","efg_pct":"0.541","three_par":"0.170","ftr":"0.234","orb_pct":"11.242","drb_pct":"16.686","trb_pct":"13.936","ast_pct":"5.401","stl_pct":"0.879","blk_pct":"1.599","tov_pct":"8.038","usg_pct":"24.600","ortg":"116.059","drtg":"112.247","bpm":"-2.046"},{"game_id":1004,"team_name":"SAC","player_id":"benchSAC","player_name":"Bench of SAC","ts_pct":"0.498","efg_pct":"0.472","three_par":"0.222","ftr":"0.467","orb_pct":"3.707","drb_pct":"12.032","trb_pct":"7.942","ast_pct":"9.764","stl_pct":"1.169","blk_pct":"1.827","tov_pct":"12.238","usg_pct":"17.515","ortg":"102.776","drtg":"118.954","bpm":"-5.458"},{"game_id":1004,"team_name":"SAS","player_id":"{\"derozde01\"}","player_name":"{\"DeMar DeRozan\"}","ts_pct":"0.547","efg_pct":"0.464","three_par":"0.054","ftr":"0.433","orb_pct":"1.961","drb_pct":"9.435","trb_pct":"5.614","ast_pct":"35.152","stl_pct":"1.776","blk_pct":"0.680","tov_pct":"6.506","usg_pct":"26.759","ortg":"118.365","drtg":"120.129","bpm":"2.838"},{"game_id":1004,"team_name":"SAS","player_id":"{\"murrade01\"}","player_name":"{\"Dejounte Murray\"}","ts_pct":"0.520","efg_pct":"0.481","three_par":"0.212","ftr":"0.229","orb_pct":"4.594","drb_pct":"19.871","trb_pct":"12.289","ast_pct":"26.895","stl_pct":"1.424","blk_pct":"0.159","tov_pct":"13.501","usg_pct":"22.682","ortg":"105.871","drtg":"116.553","bpm":"-0.478"},{"game_id":1004,"team_name":"SAS","player_id":"{\"poeltja01\"}","player_name":"{\"Jakob Poeltl\"}","ts_pct":"0.664","efg_pct":"0.638","three_par":"0.000","ftr":"0.414","orb_pct":"10.242","drb_pct":"15.996","trb_pct":"13.224","ast_pct":"13.027","stl_pct":"2.175","blk_pct":"4.484","tov_pct":"15.492","usg_pct":"16.191","ortg":"124.494","drtg":"113.082","bpm":"1.767"},{"game_id":1004,"team_name":"SAS","player_id":"{\"walkelo01\"}","player_name":"{\"Lonnie Walker IV\"}","ts_pct":"0.425","efg_pct":"0.413","three_par":"0.442","ftr":"0.086","orb_pct":"0.424","drb_pct":"7.391","trb_pct":"3.720","ast_pct":"12.080","stl_pct":"0.921","blk_pct":"0.336","tov_pct":"8.159","usg_pct":"20.480","ortg":"86.259","drtg":"121.635","bpm":"-5.214"},{"game_id":1004,"team_name":"SAS","player_id":"{\"johnske04\"}","player_name":"{\"Keldon Johnson\"}","ts_pct":"0.501","efg_pct":"0.481","three_par":"0.229","ftr":"0.217","orb_pct":"2.793","drb_pct":"15.841","trb_pct":"9.216","ast_pct":"8.584","stl_pct":"1.168","blk_pct":"0.000","tov_pct":"7.498","usg_pct":"18.978","ortg":"100.706","drtg":"118.741","bpm":"-4.462"},{"game_id":1004,"team_name":"SAS","player_id":"{\"gayru01\"}","player_name":"{\"Rudy Gay\"}","ts_pct":"0.499","efg_pct":"0.483","three_par":"0.495","ftr":"0.134","orb_pct":"2.014","drb_pct":"18.046","trb_pct":"9.855","ast_pct":"6.611","stl_pct":"1.165","blk_pct":"1.911","tov_pct":"9.734","usg_pct":"24.544","ortg":"87.506","drtg":"116.259","bpm":"-2.149"},{"game_id":1004,"team_name":"SAS","player_id":"benchSAS","player_name":"Bench of SAS","ts_pct":"0.463","efg_pct":"0.435","three_par":"0.434","ftr":"0.472","orb_pct":"4.124","drb_pct":"14.365","trb_pct":"9.093","ast_pct":"7.868","stl_pct":"1.025","blk_pct":"1.897","tov_pct":"7.511","usg_pct":"15.659","ortg":"92.963","drtg":"118.370","bpm":"-4.570"}]