[{"game_id":1236,"team_name":"ATL","player_id":"{\"fernabr01\"}","player_name":"{\"Bruno Fernando\"}","fg":"2.717","fga":"4.413","fg_pct":"0.616","three_p":"0.478","three_pa":"1.261","three_p_pct":"0.379","ft":"0.283","fta":"1.087","ft_pct":"0.260","orb":"1.478","drb":"2.261","trb":"3.739","ast":"1.435","stl":"0.283","blk":"0.804","tov":"0.739","pf":"1.804","pts":"6.196"},{"game_id":1236,"team_name":"ATL","player_id":"{\"collijo01\"}","player_name":"{\"John Collins\"}","fg":"7.600","fga":"14.071","fg_pct":"0.540","three_p":"1.482","three_pa":"3.706","three_p_pct":"0.400","ft":"2.871","fta":"4.047","ft_pct":"0.709","orb":"2.953","drb":"7.141","trb":"10.094","ast":"2.271","stl":"0.706","blk":"1.576","tov":"1.812","pf":"3.541","pts":"19.553"},{"game_id":1236,"team_name":"ATL","player_id":"{\"reddica01\"}","player_name":"{\"Cam Reddish\"}","fg":"1.804","fga":"8.109","fg_pct":"0.222","three_p":"0.000","three_pa":"3.478","three_p_pct":"0.000","ft":"0.783","fta":"1.000","ft_pct":"0.783","orb":"0.739","drb":"3.391","trb":"4.130","ast":"1.913","stl":"1.826","blk":"0.000","tov":"2.457","pf":"2.130","pts":"4.391"},{"game_id":1236,"team_name":"ATL","player_id":"{\"huntede01\"}","player_name":"{\"De'Andre Hunter\"}","fg":"3.413","fga":"7.283","fg_pct":"0.469","three_p":"0.957","three_pa":"2.783","three_p_pct":"0.344","ft":"1.478","fta":"2.261","ft_pct":"0.654","orb":"0.000","drb":"4.348","trb":"4.348","ast":"1.065","stl":"0.826","blk":"0.239","tov":"2.043","pf":"2.630","pts":"9.261"},{"game_id":1236,"team_name":"ATL","player_id":"{\"bembrde01\"}","player_name":"{\"DeAndre' Bembry\"}","fg":"4.247","fga":"8.071","fg_pct":"0.526","three_p":"0.376","three_pa":"1.506","three_p_pct":"0.250","ft":"1.565","fta":"2.529","ft_pct":"0.619","orb":"0.882","drb":"3.647","trb":"4.529","ast":"2.647","stl":"1.376","blk":"0.047","tov":"1.118","pf":"2.294","pts":"10.435"},{"game_id":1236,"team_name":"ATL","player_id":"{\"huertke01\"}","player_name":"{\"Kevin Huerter\"}","fg":"3.318","fga":"7.624","fg_pct":"0.435","three_p":"1.635","three_pa":"4.012","three_p_pct":"0.408","ft":"0.941","fta":"1.176","ft_pct":"0.800","orb":"0.671","drb":"2.541","trb":"3.212","ast":"3.776","stl":"0.765","blk":"0.365","tov":"1.671","pf":"2.118","pts":"9.212"},{"game_id":1236,"team_name":"ATL","player_id":"benchATL","player_name":"Bench of ATL","fg":"2.668","fga":"5.995","fg_pct":"0.445","three_p":"0.644","three_pa":"2.381","three_p_pct":"0.270","ft":"1.126","fta":"1.743","ft_pct":"0.646","orb":"0.750","drb":"2.028","trb":"2.778","ast":"1.115","stl":"0.461","blk":"0.498","tov":"0.907","pf":"1.901","pts":"7.105"},{"game_id":1236,"team_name":"MIA","player_id":"{\"adebaba01\"}","player_name":"{\"Bam Adebayo\"}","fg":"4.753","fga":"8.341","fg_pct":"0.570","three_p":"0.153","three_pa":"0.588","three_p_pct":"0.260","ft":"4.471","fta":"6.082","ft_pct":"0.735","orb":"2.212","drb":"7.765","trb":"9.976","ast":"3.235","stl":"1.329","blk":"1.412","tov":"2.294","pf":"2.424","pts":"14.129"},{"game_id":1236,"team_name":"MIA","player_id":"{\"butleji01\"}","player_name":"{\"Jimmy Butler\"}","fg":"6.588","fga":"14.659","fg_pct":"0.449","three_p":"1.141","three_pa":"3.976","three_p_pct":"0.287","ft":"6.341","fta":"7.718","ft_pct":"0.822","orb":"2.141","drb":"4.165","trb":"6.306","ast":"4.824","stl":"1.529","blk":"0.459","tov":"2.329","pf":"1.447","pts":"20.659"},{"game_id":1236,"team_name":"MIA","player_id":"{\"nunnke01\"}","player_name":"{\"Kendrick Nunn\"}","fg":"8.413","fga":"17.500","fg_pct":"0.481","three_p":"2.848","three_pa":"6.391","three_p_pct":"0.446","ft":"1.174","fta":"1.174","ft_pct":"1.000","orb":"0.000","drb":"2.435","trb":"2.435","ast":"3.217","stl":"1.717","blk":"0.239","tov":"2.348","pf":"3.065","pts":"20.848"},{"game_id":1236,"team_name":"MIA","player_id":"{\"herroty01\"}","player_name":"{\"Tyler Herro\"}","fg":"5.500","fga":"11.761","fg_pct":"0.468","three_p":"1.804","three_pa":"4.804","three_p_pct":"0.376","ft":"3.870","fta":"5.000","ft_pct":"0.774","orb":"0.000","drb":"6.217","trb":"6.217","ast":"1.826","stl":"0.696","blk":"0.000","tov":"2.804","pf":"1.935","pts":"16.674"},{"game_id":1236,"team_name":"MIA","player_id":"{\"robindu01\"}","player_name":"{\"Duncan Robinson\"}","fg":"2.553","fga":"5.353","fg_pct":"0.477","three_p":"1.459","three_pa":"3.812","three_p_pct":"0.383","ft":"0.424","fta":"0.529","ft_pct":"0.802","orb":"0.200","drb":"1.176","trb":"1.376","ast":"0.647","stl":"0.424","blk":"0.412","tov":"0.553","pf":"1.671","pts":"6.988"},{"game_id":1236,"team_name":"MIA","player_id":"{\"leoname01\"}","player_name":"{\"Meyers Leonard\"}","fg":"3.200","fga":"5.859","fg_pct":"0.546","three_p":"1.671","three_pa":"3.282","three_p_pct":"0.509","ft":"0.200","fta":"0.541","ft_pct":"0.370","orb":"0.659","drb":"4.976","trb":"5.635","ast":"1.459","stl":"0.353","blk":"0.565","tov":"0.729","pf":"2.635","pts":"8.271"},{"game_id":1236,"team_name":"MIA","player_id":"benchMIA","player_name":"Bench of MIA","fg":"2.671","fga":"6.340","fg_pct":"0.421","three_p":"1.105","three_pa":"3.235","three_p_pct":"0.342","ft":"1.697","fta":"2.220","ft_pct":"0.764","orb":"1.146","drb":"2.680","trb":"3.826","ast":"2.360","stl":"0.754","blk":"0.722","tov":"1.909","pf":"2.492","pts":"8.142"}]