[{"game_id":1080,"team_name":"SAC","player_id":"{\"jonesda03\"}","player_name":"{\"Damian Jones\"}","fg":"3.106","fga":"4.847","fg_pct":"0.641","three_p":"0.118","three_pa":"0.212","three_p_pct":"0.557","ft":"1.706","fta":"2.400","ft_pct":"0.711","orb":"1.471","drb":"4.341","trb":"5.812","ast":"2.082","stl":"0.412","blk":"1.576","tov":"0.671","pf":"2.247","pts":"8.035"},{"game_id":1080,"team_name":"SAC","player_id":"{\"metuch01\"}","player_name":"{\"Chimezie Metu\"}","fg":"3.929","fga":"8.518","fg_pct":"0.461","three_p":"1.247","three_pa":"3.047","three_p_pct":"0.409","ft":"1.706","fta":"2.153","ft_pct":"0.792","orb":"0.588","drb":"3.753","trb":"4.341","ast":"1.282","stl":"0.776","blk":"0.529","tov":"1.494","pf":"1.965","pts":"10.812"},{"game_id":1080,"team_name":"SAC","player_id":"{\"daviste02\"}","player_name":"{\"Terence Davis\"}","fg":"5.482","fga":"13.200","fg_pct":"0.415","three_p":"2.882","three_pa":"7.765","three_p_pct":"0.371","ft":"1.988","fta":"2.506","ft_pct":"0.793","orb":"0.776","drb":"4.365","trb":"5.141","ast":"2.812","stl":"1.647","blk":"0.329","tov":"1.447","pf":"2.600","pts":"15.835"},{"game_id":1080,"team_name":"SAC","player_id":"{\"hieldbu01\"}","player_name":"{\"Buddy Hield\"}","fg":"5.565","fga":"13.871","fg_pct":"0.401","three_p":"4.024","three_pa":"9.894","three_p_pct":"0.407","ft":"0.812","fta":"0.882","ft_pct":"0.921","orb":"0.529","drb":"4.518","trb":"5.047","ast":"5.882","stl":"1.082","blk":"0.529","tov":"2.659","pf":"2.106","pts":"15.965"},{"game_id":1080,"team_name":"SAC","player_id":"{\"wrighde01\"}","player_name":"{\"Delon Wright\"}","fg":"5.847","fga":"11.894","fg_pct":"0.492","three_p":"1.788","three_pa":"4.506","three_p_pct":"0.397","ft":"0.471","fta":"0.588","ft_pct":"0.801","orb":"1.588","drb":"3.894","trb":"5.482","ast":"6.000","stl":"2.224","blk":"0.529","tov":"2.176","pf":"1.482","pts":"13.953"},{"game_id":1080,"team_name":"SAC","player_id":"{\"kinglo02\"}","player_name":"{\"Louis King\"}","fg":"2.118","fga":"4.165","fg_pct":"0.509","three_p":"0.506","three_pa":"1.682","three_p_pct":"0.301","ft":"0.906","fta":"1.059","ft_pct":"0.856","orb":"0.753","drb":"1.871","trb":"2.624","ast":"1.082","stl":"0.635","blk":"0.306","tov":"0.353","pf":"0.965","pts":"5.647"},{"game_id":1080,"team_name":"SAC","player_id":"benchSAC","player_name":"Bench of SAC","fg":"0.608","fga":"2.244","fg_pct":"0.271","three_p":"0.201","three_pa":"1.189","three_p_pct":"0.169","ft":"0.494","fta":"0.581","ft_pct":"0.850","orb":"0.152","drb":"0.619","trb":"0.770","ast":"0.536","stl":"0.178","blk":"0.096","tov":"0.283","pf":"0.475","pts":"1.912"},{"game_id":1080,"team_name":"UTA","player_id":"{\"forretr01\"}","player_name":"{\"Trent Forrest\"}","fg":"2.447","fga":"5.306","fg_pct":"0.461","three_p":"0.494","three_pa":"2.353","three_p_pct":"0.210","ft":"1.776","fta":"1.776","ft_pct":"1.000","orb":"1.294","drb":"2.353","trb":"3.647","ast":"2.235","stl":"0.471","blk":"0.235","tov":"1.118","pf":"1.694","pts":"7.165"},{"game_id":1080,"team_name":"UTA","player_id":"{\"clarkjo01\"}","player_name":"{\"Jordan Clarkson\"}","fg":"8.953","fga":"19.624","fg_pct":"0.456","three_p":"3.282","three_pa":"9.459","three_p_pct":"0.347","ft":"2.647","fta":"3.400","ft_pct":"0.779","orb":"0.412","drb":"4.176","trb":"4.588","ast":"3.435","stl":"0.847","blk":"0.118","tov":"1.553","pf":"2.047","pts":"23.835"},{"game_id":1080,"team_name":"UTA","player_id":"{\"inglejo01\"}","player_name":"{\"Joe Ingles\"}","fg":"3.800","fga":"9.600","fg_pct":"0.396","three_p":"2.082","three_pa":"6.671","three_p_pct":"0.312","ft":"1.176","fta":"1.447","ft_pct":"0.813","orb":"0.200","drb":"3.047","trb":"3.247","ast":"6.353","stl":"0.659","blk":"0.000","tov":"2.294","pf":"1.435","pts":"10.859"},{"game_id":1080,"team_name":"UTA","player_id":"{\"bogdabo02\"}","player_name":"{\"Bojan Bogdanović\"}","fg":"8.906","fga":"17.035","fg_pct":"0.523","three_p":"2.824","three_pa":"6.588","three_p_pct":"0.429","ft":"4.494","fta":"5.082","ft_pct":"0.884","orb":"0.647","drb":"3.529","trb":"4.176","ast":"1.800","stl":"0.918","blk":"0.047","tov":"2.894","pf":"1.753","pts":"25.129"},{"game_id":1080,"team_name":"UTA","player_id":"{\"onealro01\"}","player_name":"{\"Royce O'Neale\"}","fg":"2.647","fga":"5.776","fg_pct":"0.458","three_p":"1.565","three_pa":"3.694","three_p_pct":"0.424","ft":"0.235","fta":"0.235","ft_pct":"1.000","orb":"1.553","drb":"4.365","trb":"5.918","ast":"2.541","stl":"1.059","blk":"0.235","tov":"1.388","pf":"2.129","pts":"7.094"},{"game_id":1080,"team_name":"UTA","player_id":"{\"goberru01\"}","player_name":"{\"Rudy Gobert\"}","fg":"5.306","fga":"8.141","fg_pct":"0.652","three_p":"0.000","three_pa":"0.000","three_p_pct":"NaN","ft":"3.129","fta":"4.482","ft_pct":"0.698","orb":"3.647","drb":"10.647","trb":"14.294","ast":"1.129","stl":"0.800","blk":"1.741","tov":"2.082","pf":"1.847","pts":"13.741"},{"game_id":1080,"team_name":"UTA","player_id":"benchUTA","player_name":"Bench of UTA","fg":"1.784","fga":"3.970","fg_pct":"0.449","three_p":"0.803","three_pa":"2.032","three_p_pct":"0.395","ft":"0.682","fta":"0.806","ft_pct":"0.846","orb":"0.476","drb":"1.456","trb":"1.932","ast":"1.470","stl":"0.371","blk":"0.195","tov":"0.559","pf":"1.025","pts":"5.053"}]