[{"game_id":1054,"team_name":"OKC","player_id":"{\"maledth01\"}","player_name":"{\"Théo Maledon\"}","fg":"3.882","fga":"11.353","fg_pct":"0.342","three_p":"1.659","three_pa":"5.988","three_p_pct":"0.277","ft":"2.553","fta":"3.494","ft_pct":"0.731","orb":"0.365","drb":"2.106","trb":"2.471","ast":"3.529","stl":"0.600","blk":"0.447","tov":"2.035","pf":"1.329","pts":"11.976"},{"game_id":1054,"team_name":"OKC","player_id":"{\"pokusal01\"}","player_name":"{\"Aleksej Pokusevski\"}","fg":"3.424","fga":"9.824","fg_pct":"0.349","three_p":"1.012","three_pa":"4.435","three_p_pct":"0.228","ft":"0.635","fta":"1.294","ft_pct":"0.491","orb":"0.765","drb":"2.812","trb":"3.576","ast":"2.882","stl":"0.447","blk":"0.600","tov":"2.600","pf":"1.529","pts":"8.494"},{"game_id":1054,"team_name":"OKC","player_id":"{\"bazleda01\"}","player_name":"{\"Darius Bazley\"}","fg":"5.647","fga":"14.600","fg_pct":"0.387","three_p":"1.765","three_pa":"5.365","three_p_pct":"0.329","ft":"4.353","fta":"6.212","ft_pct":"0.701","orb":"1.612","drb":"4.824","trb":"6.435","ast":"2.976","stl":"0.247","blk":"0.059","tov":"2.965","pf":"0.929","pts":"17.412"},{"game_id":1054,"team_name":"OKC","player_id":"{\"deckga01\"}","player_name":"{\"Gabriel Deck\"}","fg":"2.855","fga":"6.632","fg_pct":"0.430","three_p":"0.118","three_pa":"1.539","three_p_pct":"0.077","ft":"1.645","fta":"2.105","ft_pct":"0.781","orb":"1.645","drb":"2.237","trb":"3.882","ast":"2.487","stl":"1.039","blk":"0.000","tov":"0.316","pf":"0.974","pts":"7.474"},{"game_id":1054,"team_name":"OKC","player_id":"{\"mykhasv01\"}","player_name":"{\"Svi Mykhailiuk\"}","fg":"4.400","fga":"11.212","fg_pct":"0.392","three_p":"1.729","three_pa":"6.035","three_p_pct":"0.286","ft":"0.388","fta":"0.518","ft_pct":"0.749","orb":"0.188","drb":"2.212","trb":"2.400","ast":"1.941","stl":"1.271","blk":"0.000","tov":"1.471","pf":"1.306","pts":"10.918"},{"game_id":1054,"team_name":"OKC","player_id":"{\"robyis01\"}","player_name":"{\"Isaiah Roby\"}","fg":"2.541","fga":"6.576","fg_pct":"0.386","three_p":"0.341","three_pa":"2.365","three_p_pct":"0.144","ft":"1.588","fta":"1.918","ft_pct":"0.828","orb":"0.871","drb":"4.318","trb":"5.188","ast":"1.353","stl":"1.000","blk":"0.306","tov":"2.165","pf":"2.671","pts":"7.012"},{"game_id":1054,"team_name":"OKC","player_id":"benchOKC","player_name":"Bench of OKC","fg":"2.513","fga":"4.868","fg_pct":"0.516","three_p":"0.163","three_pa":"0.638","three_p_pct":"0.255","ft":"1.200","fta":"1.876","ft_pct":"0.640","orb":"1.722","drb":"3.252","trb":"4.974","ast":"0.749","stl":"0.663","blk":"0.437","tov":"0.831","pf":"1.398","pts":"6.388"},{"game_id":1054,"team_name":"UTA","player_id":"{\"brantja01\"}","player_name":"{\"Jarrell Brantley\"}","fg":"1.400","fga":"2.706","fg_pct":"0.517","three_p":"0.729","three_pa":"1.282","three_p_pct":"0.569","ft":"0.000","fta":"0.000","ft_pct":"NaN","orb":"0.306","drb":"0.718","trb":"1.024","ast":"1.118","stl":"0.224","blk":"0.071","tov":"0.459","pf":"0.694","pts":"3.529"},{"game_id":1054,"team_name":"UTA","player_id":"{\"morgaju01\"}","player_name":"{\"Juwan Morgan\"}","fg":"0.647","fga":"1.235","fg_pct":"0.524","three_p":"0.129","three_pa":"0.306","three_p_pct":"0.422","ft":"0.141","fta":"0.141","ft_pct":"1.000","orb":"0.435","drb":"0.800","trb":"1.235","ast":"0.506","stl":"0.000","blk":"0.118","tov":"0.235","pf":"0.812","pts":"1.565"},{"game_id":1054,"team_name":"UTA","player_id":"{\"thomama02\"}","player_name":"{\"Matt Thomas\"}","fg":"1.624","fga":"3.247","fg_pct":"0.500","three_p":"0.624","three_pa":"1.894","three_p_pct":"0.329","ft":"0.706","fta":"0.847","ft_pct":"0.834","orb":"0.247","drb":"0.871","trb":"1.118","ast":"0.624","stl":"0.000","blk":"0.000","tov":"0.212","pf":"0.318","pts":"4.576"},{"game_id":1054,"team_name":"UTA","player_id":"{\"ilyaser01\"}","player_name":"{\"Ersan İlyasova\"}","fg":"1.565","fga":"3.435","fg_pct":"0.456","three_p":"1.400","three_pa":"2.541","three_p_pct":"0.551","ft":"0.306","fta":"0.306","ft_pct":"1.000","orb":"0.200","drb":"1.624","trb":"1.824","ast":"0.247","stl":"0.706","blk":"0.271","tov":"0.706","pf":"2.082","pts":"4.835"},{"game_id":1054,"team_name":"UTA","player_id":"{\"azubuud01\"}","player_name":"{\"Udoka Azubuike\"}","fg":"0.153","fga":"0.329","fg_pct":"0.465","three_p":"0.000","three_pa":"0.000","three_p_pct":"NaN","ft":"0.212","fta":"0.212","ft_pct":"1.000","orb":"0.282","drb":"0.694","trb":"0.976","ast":"0.000","stl":"0.000","blk":"0.318","tov":"0.247","pf":"0.600","pts":"0.518"},{"game_id":1054,"team_name":"UTA","player_id":"{\"onealro01\"}","player_name":"{\"Royce O'Neale\"}","fg":"2.729","fga":"6.212","fg_pct":"0.439","three_p":"1.518","three_pa":"3.847","three_p_pct":"0.395","ft":"0.259","fta":"0.259","ft_pct":"1.000","orb":"1.682","drb":"4.224","trb":"5.906","ast":"2.706","stl":"1.071","blk":"0.094","tov":"1.271","pf":"1.976","pts":"7.235"},{"game_id":1054,"team_name":"UTA","player_id":"benchUTA","player_name":"Bench of UTA","fg":"5.173","fga":"10.661","fg_pct":"0.485","three_p":"1.794","three_pa":"4.893","three_p_pct":"0.367","ft":"2.288","fta":"2.761","ft_pct":"0.829","orb":"1.012","drb":"4.100","trb":"5.111","ast":"2.908","stl":"0.770","blk":"0.431","tov":"1.763","pf":"1.838","pts":"14.428"}]