[{"game_id":1088,"team_name":"BRK","player_id":"{\"duranke01\"}","player_name":"{\"Kevin Durant\"}","ts_pct":"0.656","efg_pct":"0.592","three_par":"0.315","ftr":"0.436","orb_pct":"1.136","drb_pct":"21.966","trb_pct":"12.881","ast_pct":"33.239","stl_pct":"0.975","blk_pct":"3.264","tov_pct":"13.695","usg_pct":"28.674","ortg":"125.800","drtg":"109.329","bpm":"6.767"},{"game_id":1088,"team_name":"BRK","player_id":"{\"irvinky01\"}","player_name":"{\"Kyrie Irving\"}","ts_pct":"0.650","efg_pct":"0.623","three_par":"0.399","ftr":"0.153","orb_pct":"1.251","drb_pct":"10.775","trb_pct":"6.241","ast_pct":"19.898","stl_pct":"2.445","blk_pct":"3.367","tov_pct":"7.631","usg_pct":"28.019","ortg":"124.576","drtg":"112.694","bpm":"7.458"},{"game_id":1088,"team_name":"BRK","player_id":"{\"harrijo01\"}","player_name":"{\"Joe Harris\"}","ts_pct":"0.573","efg_pct":"0.562","three_par":"0.596","ftr":"0.062","orb_pct":"1.969","drb_pct":"10.358","trb_pct":"6.569","ast_pct":"8.800","stl_pct":"0.912","blk_pct":"0.748","tov_pct":"13.246","usg_pct":"16.134","ortg":"105.859","drtg":"119.459","bpm":"-3.405"},{"game_id":1088,"team_name":"BRK","player_id":"{\"hardeja01\"}","player_name":"{\"James Harden\"}","ts_pct":"0.530","efg_pct":"0.495","three_par":"0.517","ftr":"0.474","orb_pct":"1.489","drb_pct":"22.907","trb_pct":"12.848","ast_pct":"49.278","stl_pct":"1.841","blk_pct":"2.133","tov_pct":"11.401","usg_pct":"26.156","ortg":"124.624","drtg":"109.047","bpm":"8.402"},{"game_id":1088,"team_name":"BRK","player_id":"{\"greenje02\"}","player_name":"{\"Jeff Green\"}","ts_pct":"0.807","efg_pct":"0.793","three_par":"0.540","ftr":"0.379","orb_pct":"2.349","drb_pct":"11.836","trb_pct":"7.314","ast_pct":"4.555","stl_pct":"0.501","blk_pct":"1.154","tov_pct":"7.658","usg_pct":"18.915","ortg":"145.788","drtg":"117.882","bpm":"4.752"},{"game_id":1088,"team_name":"BRK","player_id":"{\"griffbl01\"}","player_name":"{\"Blake Griffin\"}","ts_pct":"0.587","efg_pct":"0.552","three_par":"0.422","ftr":"0.212","orb_pct":"6.351","drb_pct":"12.646","trb_pct":"9.538","ast_pct":"15.361","stl_pct":"0.918","blk_pct":"1.474","tov_pct":"8.068","usg_pct":"19.124","ortg":"121.224","drtg":"115.576","bpm":"-0.955"},{"game_id":1088,"team_name":"BRK","player_id":"benchBRK","player_name":"Bench of BRK","ts_pct":"0.578","efg_pct":"0.586","three_par":"0.287","ftr":"0.408","orb_pct":"4.935","drb_pct":"16.350","trb_pct":"11.380","ast_pct":"7.953","stl_pct":"1.488","blk_pct":"3.235","tov_pct":"8.418","usg_pct":"13.344","ortg":"121.379","drtg":"111.495","bpm":"-0.620"},{"game_id":1088,"team_name":"BOS","player_id":"{\"pritcpa01\"}","player_name":"{\"Payton Pritchard\"}","ts_pct":"0.413","efg_pct":"0.412","three_par":"0.734","ftr":"0.038","orb_pct":"1.715","drb_pct":"17.656","trb_pct":"9.242","ast_pct":"11.679","stl_pct":"1.338","blk_pct":"0.000","tov_pct":"3.969","usg_pct":"17.589","ortg":"86.129","drtg":"114.459","bpm":"-2.367"},{"game_id":1088,"team_name":"BOS","player_id":"{\"tatumja01\"}","player_name":"{\"Jayson Tatum\"}","ts_pct":"0.599","efg_pct":"0.540","three_par":"0.385","ftr":"0.340","orb_pct":"3.462","drb_pct":"19.854","trb_pct":"11.339","ast_pct":"17.789","stl_pct":"1.635","blk_pct":"2.708","tov_pct":"9.249","usg_pct":"33.898","ortg":"118.306","drtg":"112.165","bpm":"3.785"},{"game_id":1088,"team_name":"BOS","player_id":"{\"smartma01\"}","player_name":"{\"Marcus Smart\"}","ts_pct":"0.439","efg_pct":"0.414","three_par":"0.559","ftr":"0.172","orb_pct":"2.011","drb_pct":"9.551","trb_pct":"5.661","ast_pct":"23.314","stl_pct":"1.958","blk_pct":"1.032","tov_pct":"20.853","usg_pct":"17.602","ortg":"96.341","drtg":"118.588","bpm":"-5.509"},{"game_id":1088,"team_name":"BOS","player_id":"{\"fournev01\"}","player_name":"{\"Evan Fournier\"}","ts_pct":"0.626","efg_pct":"0.626","three_par":"0.545","ftr":"0.056","orb_pct":"1.579","drb_pct":"11.878","trb_pct":"6.529","ast_pct":"19.440","stl_pct":"1.451","blk_pct":"1.459","tov_pct":"9.254","usg_pct":"19.094","ortg":"122.224","drtg":"115.941","bpm":"3.678"},{"game_id":1088,"team_name":"BOS","player_id":"{\"walkeke02\"}","player_name":"{\"Kemba Walker\"}","ts_pct":"0.638","efg_pct":"0.596","three_par":"0.510","ftr":"0.309","orb_pct":"2.892","drb_pct":"13.565","trb_pct":"8.095","ast_pct":"20.298","stl_pct":"1.818","blk_pct":"0.782","tov_pct":"9.002","usg_pct":"29.246","ortg":"124.306","drtg":"115.694","bpm":"4.964"},{"game_id":1088,"team_name":"BOS","player_id":"{\"thomptr01\"}","player_name":"{\"Tristan Thompson\"}","ts_pct":"0.450","efg_pct":"0.493","three_par":"0.000","ftr":"0.528","orb_pct":"13.479","drb_pct":"20.505","trb_pct":"16.727","ast_pct":"9.331","stl_pct":"1.242","blk_pct":"3.218","tov_pct":"19.226","usg_pct":"12.982","ortg":"102.341","drtg":"117.082","bpm":"-4.020"},{"game_id":1088,"team_name":"BOS","player_id":"benchBOS","player_name":"Bench of BOS","ts_pct":"0.559","efg_pct":"0.545","three_par":"0.281","ftr":"0.252","orb_pct":"6.738","drb_pct":"18.213","trb_pct":"12.289","ast_pct":"12.742","stl_pct":"0.899","blk_pct":"2.395","tov_pct":"11.605","usg_pct":"15.489","ortg":"116.996","drtg":"112.271","bpm":"-1.360"}]