[{"game_id":1067,"team_name":"TOR","player_id":"{\"flynnma01\"}","player_name":"{\"Malachi Flynn\"}","fg":"4.647","fga":"11.765","fg_pct":"0.395","three_p":"1.788","three_pa":"5.835","three_p_pct":"0.306","ft":"1.118","fta":"1.647","ft_pct":"0.679","orb":"0.271","drb":"3.706","trb":"3.976","ast":"3.918","stl":"1.000","blk":"0.129","tov":"1.106","pf":"2.341","pts":"12.200"},{"game_id":1067,"team_name":"TOR","player_id":"{\"johnsst04\"}","player_name":"{\"Stanley Johnson\"}","fg":"3.224","fga":"8.341","fg_pct":"0.387","three_p":"1.494","three_pa":"4.435","three_p_pct":"0.337","ft":"1.494","fta":"2.012","ft_pct":"0.743","orb":"0.541","drb":"3.412","trb":"3.953","ast":"2.259","stl":"1.318","blk":"0.176","tov":"0.882","pf":"2.847","pts":"9.435"},{"game_id":1067,"team_name":"TOR","player_id":"{\"bembrde01\"}","player_name":"{\"DeAndre' Bembry\"}","fg":"3.047","fga":"5.965","fg_pct":"0.511","three_p":"0.471","three_pa":"1.882","three_p_pct":"0.250","ft":"1.035","fta":"1.835","ft_pct":"0.564","orb":"0.741","drb":"3.118","trb":"3.859","ast":"2.918","stl":"2.094","blk":"0.482","tov":"1.765","pf":"2.682","pts":"7.600"},{"game_id":1067,"team_name":"TOR","player_id":"{\"birchkh01\"}","player_name":"{\"Khem Birch\"}","fg":"5.388","fga":"10.400","fg_pct":"0.518","three_p":"0.588","three_pa":"2.082","three_p_pct":"0.282","ft":"1.800","fta":"2.624","ft_pct":"0.686","orb":"2.659","drb":"4.529","trb":"7.188","ast":"2.188","stl":"0.776","blk":"1.082","tov":"1.518","pf":"2.741","pts":"13.165"},{"game_id":1067,"team_name":"TOR","player_id":"{\"gillefr01\"}","player_name":"{\"Freddie Gillespie\"}","fg":"2.094","fga":"4.259","fg_pct":"0.492","three_p":"0.000","three_pa":"0.000","three_p_pct":"NaN","ft":"1.200","fta":"1.765","ft_pct":"0.680","orb":"2.376","drb":"3.576","trb":"5.953","ast":"0.376","stl":"1.059","blk":"0.988","tov":"0.800","pf":"2.271","pts":"5.388"},{"game_id":1067,"team_name":"TOR","player_id":"benchTOR","player_name":"Bench of TOR","fg":"2.788","fga":"5.047","fg_pct":"0.552","three_p":"0.506","three_pa":"1.753","three_p_pct":"0.289","ft":"0.447","fta":"0.671","ft_pct":"0.666","orb":"1.341","drb":"3.024","trb":"4.365","ast":"0.882","stl":"0.624","blk":"0.412","tov":"0.976","pf":"2.282","pts":"6.529"},{"game_id":1067,"team_name":"IND","player_id":"{\"mccontj01\"}","player_name":"{\"T.J. McConnell\"}","fg":"5.424","fga":"9.600","fg_pct":"0.565","three_p":"0.212","three_pa":"0.835","three_p_pct":"0.254","ft":"0.906","fta":"1.129","ft_pct":"0.802","orb":"1.024","drb":"3.706","trb":"4.729","ast":"5.718","stl":"2.482","blk":"0.282","tov":"2.647","pf":"1.824","pts":"11.965"},{"game_id":1067,"team_name":"IND","player_id":"{\"sabondo01\"}","player_name":"{\"Domantas Sabonis\"}","fg":"8.788","fga":"15.365","fg_pct":"0.572","three_p":"1.118","three_pa":"2.776","three_p_pct":"0.403","ft":"2.682","fta":"3.494","ft_pct":"0.768","orb":"1.682","drb":"11.694","trb":"13.376","ast":"11.012","stl":"1.541","blk":"0.565","tov":"3.294","pf":"2.635","pts":"21.376"},{"game_id":1067,"team_name":"IND","player_id":"{\"brissos01\"}","player_name":"{\"Oshae Brissett\"}","fg":"3.106","fga":"7.459","fg_pct":"0.416","three_p":"1.318","three_pa":"3.859","three_p_pct":"0.342","ft":"2.294","fta":"2.765","ft_pct":"0.830","orb":"1.424","drb":"3.541","trb":"4.965","ast":"0.929","stl":"1.365","blk":"0.741","tov":"0.588","pf":"1.682","pts":"9.824"},{"game_id":1067,"team_name":"IND","player_id":"{\"mcderdo01\"}","player_name":"{\"Doug McDermott\"}","fg":"6.282","fga":"11.329","fg_pct":"0.555","three_p":"1.965","three_pa":"4.765","three_p_pct":"0.412","ft":"1.471","fta":"1.788","ft_pct":"0.823","orb":"0.365","drb":"2.012","trb":"2.376","ast":"1.129","stl":"0.188","blk":"0.071","tov":"0.741","pf":"2.047","pts":"16.000"},{"game_id":1067,"team_name":"IND","player_id":"{\"holidju01\"}","player_name":"{\"Justin Holiday\"}","fg":"4.376","fga":"8.541","fg_pct":"0.512","three_p":"2.929","three_pa":"6.118","three_p_pct":"0.479","ft":"1.000","fta":"1.200","ft_pct":"0.833","orb":"0.247","drb":"3.094","trb":"3.341","ast":"1.929","stl":"0.106","blk":"1.329","tov":"0.482","pf":"2.000","pts":"12.682"},{"game_id":1067,"team_name":"IND","player_id":"{\"leverca01\"}","player_name":"{\"Caris LeVert\"}","fg":"9.694","fga":"21.576","fg_pct":"0.449","three_p":"2.341","three_pa":"6.282","three_p_pct":"0.373","ft":"4.600","fta":"5.224","ft_pct":"0.881","orb":"0.506","drb":"4.906","trb":"5.412","ast":"7.553","stl":"1.329","blk":"1.000","tov":"3.588","pf":"2.988","pts":"26.329"},{"game_id":1067,"team_name":"IND","player_id":"benchIND","player_name":"Bench of IND","fg":"3.430","fga":"7.038","fg_pct":"0.487","three_p":"0.854","three_pa":"2.419","three_p_pct":"0.353","ft":"0.962","fta":"1.352","ft_pct":"0.712","orb":"1.296","drb":"2.983","trb":"4.279","ast":"0.853","stl":"0.271","blk":"1.180","tov":"0.642","pf":"2.810","pts":"8.676"}]