[{"game_id":1148,"team_name":"UTA","player_id":"teamUTA","player_name":"Team name: UTA","ts_pct":"0.566","efg_pct":"0.526","three_par":"0.462","ftr":"0.271","orb_pct":"5.233","drb_pct":"16.132","trb_pct":"10.898","ast_pct":"11.569","stl_pct":"1.060","blk_pct":"1.509","tov_pct":"11.802","usg_pct":"20.252","ortg":"121.875","drtg":"132.141","bpm":"-1.945"},{"game_id":1148,"team_name":"LAC","player_id":"teamLAC","player_name":"Team name: LAC","ts_pct":"0.604","efg_pct":"0.561","three_par":"0.410","ftr":"0.275","orb_pct":"4.971","drb_pct":"16.922","trb_pct":"11.081","ast_pct":"12.779","stl_pct":"1.066","blk_pct":"2.653","tov_pct":"9.475","usg_pct":"18.998","ortg":"124.355","drtg":"129.005","bpm":"0.802"}]