[{"game_id":1261,"team_name":"WAS","player_id":"teamWAS","player_name":"Team name: WAS","ts_pct":"0.518","efg_pct":"0.492","three_par":"0.357","ftr":"0.225","orb_pct":"4.484","drb_pct":"15.581","trb_pct":"9.692","ast_pct":"15.644","stl_pct":"1.231","blk_pct":"1.776","tov_pct":"11.031","usg_pct":"19.324","ortg":"106.437","drtg":"113.261","bpm":"-1.039"},{"game_id":1261,"team_name":"DET","player_id":"teamDET","player_name":"Team name: DET","ts_pct":"0.502","efg_pct":"0.468","three_par":"0.376","ftr":"0.318","orb_pct":"3.757","drb_pct":"14.677","trb_pct":"9.056","ast_pct":"14.552","stl_pct":"1.582","blk_pct":"1.734","tov_pct":"14.019","usg_pct":"20.127","ortg":"100.346","drtg":"117.635","bpm":"-2.302"}]