[{"game_id":1077,"team_name":"NOP","player_id":"teamNOP","player_name":"Team name: NOP","fg":"42.297","fga":"94.863","fg_pct":"0.446","three_p":"9.709","three_pa":"29.937","three_p_pct":"0.324","ft":"19.017","fta":"27.069","ft_pct":"0.703","orb":"13.206","drb":"36.977","trb":"50.183","ast":"25.160","stl":"8.863","blk":"4.606","tov":"13.657","pf":"18.303","pts":"113.320"},{"game_id":1077,"team_name":"LAL","player_id":"teamLAL","player_name":"Team name: LAL","fg":"39.789","fga":"85.926","fg_pct":"0.463","three_p":"10.543","three_pa":"29.080","three_p_pct":"0.363","ft":"19.217","fta":"26.869","ft_pct":"0.715","orb":"10.646","drb":"32.971","trb":"43.617","ast":"25.257","stl":"6.857","blk":"5.429","tov":"14.286","pf":"19.360","pts":"109.337"}]