[{"game_id":1003,"team_name":"POR","player_id":"{\"lillada01\"}","player_name":"{\"Damian Lillard\"}","ts_pct":"0.645","efg_pct":"0.588","three_par":"0.541","ftr":"0.327","orb_pct":"0.754","drb_pct":"11.547","trb_pct":"6.273","ast_pct":"32.949","stl_pct":"2.011","blk_pct":"0.480","tov_pct":"11.389","usg_pct":"30.138","ortg":"128.506","drtg":"114.965","bpm":"7.768"},{"game_id":1003,"team_name":"POR","player_id":"{\"mccolcj01\"}","player_name":"{\"CJ McCollum\"}","ts_pct":"0.573","efg_pct":"0.546","three_par":"0.399","ftr":"0.157","orb_pct":"1.798","drb_pct":"10.708","trb_pct":"6.413","ast_pct":"20.733","stl_pct":"0.764","blk_pct":"1.574","tov_pct":"8.002","usg_pct":"23.818","ortg":"118.800","drtg":"117.259","bpm":"0.716"},{"game_id":1003,"team_name":"POR","player_id":"{\"powelno01\"}","player_name":"{\"Norman Powell\"}","ts_pct":"0.531","efg_pct":"0.483","three_par":"0.369","ftr":"0.262","orb_pct":"3.215","drb_pct":"5.296","trb_pct":"4.273","ast_pct":"9.653","stl_pct":"1.615","blk_pct":"0.624","tov_pct":"6.561","usg_pct":"19.499","ortg":"111.165","drtg":"118.471","bpm":"-1.947"},{"game_id":1003,"team_name":"POR","player_id":"{\"covinro01\"}","player_name":"{\"Robert Covington\"}","ts_pct":"0.564","efg_pct":"0.537","three_par":"0.707","ftr":"0.208","orb_pct":"3.668","drb_pct":"18.562","trb_pct":"11.044","ast_pct":"6.396","stl_pct":"1.461","blk_pct":"3.206","tov_pct":"4.465","usg_pct":"10.121","ortg":"126.424","drtg":"112.435","bpm":"0.338"},{"game_id":1003,"team_name":"POR","player_id":"{\"nurkiju01\"}","player_name":"{\"Jusuf Nurkić\"}","ts_pct":"0.570","efg_pct":"0.544","three_par":"0.074","ftr":"0.362","orb_pct":"10.532","drb_pct":"37.005","trb_pct":"23.342","ast_pct":"16.540","stl_pct":"1.327","blk_pct":"5.212","tov_pct":"13.092","usg_pct":"23.819","ortg":"117.494","drtg":"107.224","bpm":"3.707"},{"game_id":1003,"team_name":"POR","player_id":"{\"simonan01\"}","player_name":"{\"Anfernee Simons\"}","ts_pct":"0.698","efg_pct":"0.688","three_par":"0.642","ftr":"0.188","orb_pct":"1.236","drb_pct":"6.867","trb_pct":"4.002","ast_pct":"10.311","stl_pct":"1.296","blk_pct":"0.434","tov_pct":"10.758","usg_pct":"15.279","ortg":"124.035","drtg":"118.165","bpm":"1.604"},{"game_id":1003,"team_name":"POR","player_id":"benchPOR","player_name":"Bench of POR","ts_pct":"0.619","efg_pct":"0.570","three_par":"0.191","ftr":"0.306","orb_pct":"8.892","drb_pct":"21.811","trb_pct":"15.425","ast_pct":"10.513","stl_pct":"1.450","blk_pct":"1.997","tov_pct":"5.558","usg_pct":"17.818","ortg":"132.426","drtg":"112.387","bpm":"2.973"},{"game_id":1003,"team_name":"LAL","player_id":"{\"davisan02\"}","player_name":"{\"Anthony Davis\"}","ts_pct":"0.442","efg_pct":"0.406","three_par":"0.176","ftr":"0.222","orb_pct":"4.051","drb_pct":"20.669","trb_pct":"12.298","ast_pct":"12.501","stl_pct":"1.354","blk_pct":"4.448","tov_pct":"10.338","usg_pct":"34.732","ortg":"87.341","drtg":"110.753","bpm":"-4.075"},{"game_id":1003,"team_name":"LAL","player_id":"{\"caldwke01\"}","player_name":"{\"Kentavious Caldwell-Pope\"}","ts_pct":"0.530","efg_pct":"0.469","three_par":"0.596","ftr":"0.294","orb_pct":"0.000","drb_pct":"9.329","trb_pct":"4.505","ast_pct":"9.135","stl_pct":"2.249","blk_pct":"1.527","tov_pct":"5.515","usg_pct":"13.792","ortg":"112.694","drtg":"113.624","bpm":"-0.582"},{"game_id":1003,"team_name":"LAL","player_id":"{\"carusal01\"}","player_name":"{\"Alex Caruso\"}","ts_pct":"0.583","efg_pct":"0.542","three_par":"0.510","ftr":"0.385","orb_pct":"3.149","drb_pct":"9.853","trb_pct":"6.374","ast_pct":"21.859","stl_pct":"2.033","blk_pct":"1.694","tov_pct":"20.120","usg_pct":"16.086","ortg":"106.224","drtg":"113.024","bpm":"-1.521"},{"game_id":1003,"team_name":"LAL","player_id":"{\"kuzmaky01\"}","player_name":"{\"Kyle Kuzma\"}","ts_pct":"0.686","efg_pct":"0.673","three_par":"0.528","ftr":"0.089","orb_pct":"2.887","drb_pct":"13.856","trb_pct":"8.031","ast_pct":"14.726","stl_pct":"1.271","blk_pct":"3.427","tov_pct":"13.900","usg_pct":"16.474","ortg":"122.694","drtg":"113.953","bpm":"3.939"},{"game_id":1003,"team_name":"LAL","player_id":"{\"mclembe01\"}","player_name":"{\"Ben McLemore\"}","ts_pct":"0.472","efg_pct":"0.438","three_par":"0.919","ftr":"0.270","orb_pct":"0.288","drb_pct":"10.944","trb_pct":"5.239","ast_pct":"3.796","stl_pct":"0.528","blk_pct":"2.714","tov_pct":"9.101","usg_pct":"20.241","ortg":"81.776","drtg":"116.341","bpm":"-4.836"},{"game_id":1003,"team_name":"LAL","player_id":"{\"gasolma01\"}","player_name":"{\"Marc Gasol\"}","ts_pct":"0.772","efg_pct":"0.724","three_par":"0.497","ftr":"0.089","orb_pct":"5.922","drb_pct":"25.372","trb_pct":"15.473","ast_pct":"18.971","stl_pct":"1.531","blk_pct":"4.162","tov_pct":"15.829","usg_pct":"12.629","ortg":"177.894","drtg":"106.482","bpm":"9.381"},{"game_id":1003,"team_name":"LAL","player_id":"benchLAL","player_name":"Bench of LAL","ts_pct":"0.422","efg_pct":"0.394","three_par":"0.421","ftr":"0.312","orb_pct":"5.353","drb_pct":"19.160","trb_pct":"11.810","ast_pct":"7.735","stl_pct":"2.116","blk_pct":"2.182","tov_pct":"14.364","usg_pct":"17.042","ortg":"85.047","drtg":"110.484","bpm":"-4.578"}]