[{"game_id":1253,"team_name":"MIL","player_id":"{\"matthwe02\"}","player_name":"{\"Wesley Matthews\"}","ts_pct":"0.426","efg_pct":"0.413","three_par":"0.783","ftr":"0.217","orb_pct":"0.000","drb_pct":"7.716","trb_pct":"3.798","ast_pct":"7.229","stl_pct":"1.548","blk_pct":"0.596","tov_pct":"7.980","usg_pct":"12.345","ortg":"81.600","drtg":"108.165","bpm":"-2.608"},{"game_id":1253,"team_name":"MIL","player_id":"{\"antetgi01\"}","player_name":"{\"Giannis Antetokounmpo\"}","ts_pct":"0.562","efg_pct":"0.542","three_par":"0.209","ftr":"0.591","orb_pct":"5.515","drb_pct":"32.954","trb_pct":"19.699","ast_pct":"34.945","stl_pct":"1.765","blk_pct":"4.878","tov_pct":"16.253","usg_pct":"32.338","ortg":"107.400","drtg":"99.882","bpm":"7.639"},{"game_id":1253,"team_name":"MIL","player_id":"{\"middlkh01\"}","player_name":"{\"Khris Middleton\"}","ts_pct":"0.643","efg_pct":"0.622","three_par":"0.460","ftr":"0.151","orb_pct":"3.526","drb_pct":"16.073","trb_pct":"10.092","ast_pct":"13.498","stl_pct":"0.551","blk_pct":"0.360","tov_pct":"12.209","usg_pct":"21.518","ortg":"116.847","drtg":"109.765","bpm":"1.899"},{"game_id":1253,"team_name":"MIL","player_id":"{\"hillge01\"}","player_name":"{\"George Hill\"}","ts_pct":"0.686","efg_pct":"0.685","three_par":"0.481","ftr":"0.270","orb_pct":"6.098","drb_pct":"11.948","trb_pct":"9.147","ast_pct":"18.158","stl_pct":"2.299","blk_pct":"0.541","tov_pct":"4.991","usg_pct":"16.054","ortg":"144.035","drtg":"106.906","bpm":"7.262"},{"game_id":1253,"team_name":"MIL","player_id":"{\"lopezbr01\"}","player_name":"{\"Brook Lopez\"}","ts_pct":"0.538","efg_pct":"0.455","three_par":"0.621","ftr":"0.380","orb_pct":"1.173","drb_pct":"13.087","trb_pct":"7.188","ast_pct":"7.373","stl_pct":"1.061","blk_pct":"5.598","tov_pct":"8.918","usg_pct":"16.942","ortg":"105.000","drtg":"106.494","bpm":"0.259"},{"game_id":1253,"team_name":"MIL","player_id":"{\"bledser01\"}","player_name":"{\"Eric Bledsoe\"}","ts_pct":"0.444","efg_pct":"0.418","three_par":"0.377","ftr":"0.282","orb_pct":"3.400","drb_pct":"13.046","trb_pct":"8.329","ast_pct":"25.560","stl_pct":"1.065","blk_pct":"0.000","tov_pct":"11.972","usg_pct":"23.648","ortg":"97.071","drtg":"110.188","bpm":"-3.286"},{"game_id":1253,"team_name":"MIL","player_id":"benchMIL","player_name":"Bench of MIL","ts_pct":"0.521","efg_pct":"0.503","three_par":"0.548","ftr":"0.125","orb_pct":"3.666","drb_pct":"13.237","trb_pct":"8.671","ast_pct":"6.970","stl_pct":"1.334","blk_pct":"1.615","tov_pct":"14.347","usg_pct":"16.239","ortg":"96.812","drtg":"107.205","bpm":"-2.104"},{"game_id":1253,"team_name":"TOR","player_id":"{\"thomama02\"}","player_name":"{\"Matt Thomas\"}","ts_pct":"0.480","efg_pct":"0.480","three_par":"0.480","ftr":"0.000","orb_pct":"0.000","drb_pct":"5.664","trb_pct":"3.312","ast_pct":"0.000","stl_pct":"1.104","blk_pct":"0.000","tov_pct":"12.000","usg_pct":"4.128","ortg":"56.160","drtg":"102.720","bpm":"-2.036"},{"game_id":1253,"team_name":"TOR","player_id":"{\"daviste02\"}","player_name":"{\"Terence Davis\"}","ts_pct":"0.281","efg_pct":"0.136","three_par":"0.218","ftr":"0.800","orb_pct":"2.160","drb_pct":"10.133","trb_pct":"6.849","ast_pct":"7.493","stl_pct":"1.015","blk_pct":"1.300","tov_pct":"5.320","usg_pct":"8.856","ortg":"59.509","drtg":"101.927","bpm":"-1.909"},{"game_id":1253,"team_name":"TOR","player_id":"{\"vanvlfr01\"}","player_name":"{\"Fred VanVleet\"}","ts_pct":"0.569","efg_pct":"0.510","three_par":"0.540","ftr":"0.249","orb_pct":"1.151","drb_pct":"8.487","trb_pct":"5.059","ast_pct":"22.972","stl_pct":"1.687","blk_pct":"0.188","tov_pct":"11.845","usg_pct":"19.012","ortg":"118.094","drtg":"106.612","bpm":"2.374"},{"game_id":1253,"team_name":"TOR","player_id":"{\"bouchch01\"}","player_name":"{\"Chris Boucher\"}","ts_pct":"0.530","efg_pct":"0.312","three_par":"0.446","ftr":"0.294","orb_pct":"5.995","drb_pct":"24.108","trb_pct":"15.824","ast_pct":"1.139","stl_pct":"0.344","blk_pct":"17.891","tov_pct":"11.746","usg_pct":"29.080","ortg":"89.600","drtg":"91.929","bpm":"-2.289"},{"game_id":1253,"team_name":"TOR","player_id":"{\"lowryky01\"}","player_name":"{\"Kyle Lowry\"}","ts_pct":"0.596","efg_pct":"0.544","three_par":"0.564","ftr":"0.325","orb_pct":"1.360","drb_pct":"10.860","trb_pct":"6.555","ast_pct":"28.759","stl_pct":"1.795","blk_pct":"1.072","tov_pct":"13.359","usg_pct":"21.646","ortg":"118.082","drtg":"104.929","bpm":"4.415"},{"game_id":1253,"team_name":"TOR","player_id":"{\"gasolma01\"}","player_name":"{\"Marc Gasol\"}","ts_pct":"0.574","efg_pct":"0.502","three_par":"0.431","ftr":"0.459","orb_pct":"5.100","drb_pct":"24.126","trb_pct":"15.191","ast_pct":"12.720","stl_pct":"0.127","blk_pct":"0.578","tov_pct":"14.012","usg_pct":"14.225","ortg":"118.024","drtg":"104.941","bpm":"-1.024"},{"game_id":1253,"team_name":"TOR","player_id":"benchTOR","player_name":"Bench of TOR","ts_pct":"0.571","efg_pct":"0.544","three_par":"0.334","ftr":"0.207","orb_pct":"4.579","drb_pct":"16.261","trb_pct":"10.900","ast_pct":"10.033","stl_pct":"1.474","blk_pct":"2.263","tov_pct":"14.962","usg_pct":"20.929","ortg":"103.270","drtg":"102.683","bpm":"0.825"}]