[{"game_id":1136,"team_name":"PHO","player_id":"teamPHO","player_name":"Team name: PHO","ts_pct":"0.575","efg_pct":"0.536","three_par":"0.425","ftr":"0.267","orb_pct":"4.039","drb_pct":"16.974","trb_pct":"10.890","ast_pct":"17.822","stl_pct":"1.436","blk_pct":"1.914","tov_pct":"11.013","usg_pct":"19.815","ortg":"117.319","drtg":"109.715","bpm":"1.882"},{"game_id":1136,"team_name":"DEN","player_id":"teamDEN","player_name":"Team name: DEN","ts_pct":"0.614","efg_pct":"0.578","three_par":"0.491","ftr":"0.254","orb_pct":"5.126","drb_pct":"19.126","trb_pct":"12.165","ast_pct":"15.849","stl_pct":"1.837","blk_pct":"2.153","tov_pct":"10.069","usg_pct":"21.303","ortg":"131.037","drtg":"137.897","bpm":"0.911"}]