[{"game_id":1225,"team_name":"LAL","player_id":"{\"dudleja01\"}","player_name":"{\"Jared Dudley\"}","ts_pct":"0.464","efg_pct":"0.419","three_par":"0.564","ftr":"0.256","orb_pct":"1.798","drb_pct":"9.725","trb_pct":"5.446","ast_pct":"9.753","stl_pct":"1.066","blk_pct":"0.632","tov_pct":"11.529","usg_pct":"7.626","ortg":"97.576","drtg":"112.447","bpm":"-2.565"},{"game_id":1225,"team_name":"LAL","player_id":"{\"davisan02\"}","player_name":"{\"Anthony Davis\"}","ts_pct":"0.588","efg_pct":"0.540","three_par":"0.162","ftr":"0.301","orb_pct":"9.773","drb_pct":"29.486","trb_pct":"19.229","ast_pct":"18.620","stl_pct":"2.504","blk_pct":"8.306","tov_pct":"13.689","usg_pct":"31.466","ortg":"109.353","drtg":"99.329","bpm":"8.202"},{"game_id":1225,"team_name":"LAL","player_id":"{\"mcgeeja01\"}","player_name":"{\"JaVale McGee\"}","ts_pct":"0.542","efg_pct":"0.560","three_par":"0.028","ftr":"0.177","orb_pct":"14.438","drb_pct":"17.604","trb_pct":"16.306","ast_pct":"6.764","stl_pct":"0.871","blk_pct":"5.393","tov_pct":"23.262","usg_pct":"19.907","ortg":"104.306","drtg":"105.600","bpm":"-2.608"},{"game_id":1225,"team_name":"LAL","player_id":"{\"caldwke01\"}","player_name":"{\"Kentavious Caldwell-Pope\"}","ts_pct":"0.412","efg_pct":"0.390","three_par":"0.486","ftr":"0.131","orb_pct":"2.216","drb_pct":"9.133","trb_pct":"5.474","ast_pct":"15.967","stl_pct":"1.965","blk_pct":"0.000","tov_pct":"8.585","usg_pct":"22.105","ortg":"91.094","drtg":"109.235","bpm":"-2.380"},{"game_id":1225,"team_name":"LAL","player_id":"{\"jamesle01\"}","player_name":"{\"LeBron James\"}","ts_pct":"0.567","efg_pct":"0.522","three_par":"0.254","ftr":"0.298","orb_pct":"3.568","drb_pct":"18.708","trb_pct":"11.200","ast_pct":"53.699","stl_pct":"1.340","blk_pct":"0.933","tov_pct":"15.101","usg_pct":"33.942","ortg":"114.353","drtg":"107.706","bpm":"8.000"},{"game_id":1225,"team_name":"LAL","player_id":"{\"bradlav01\"}","player_name":"{\"Avery Bradley\"}","ts_pct":"0.528","efg_pct":"0.500","three_par":"0.482","ftr":"0.110","orb_pct":"1.178","drb_pct":"9.299","trb_pct":"5.092","ast_pct":"11.025","stl_pct":"1.522","blk_pct":"0.579","tov_pct":"12.868","usg_pct":"19.013","ortg":"96.871","drtg":"113.024","bpm":"-4.212"},{"game_id":1225,"team_name":"LAL","player_id":"benchLAL","player_name":"Bench of LAL","ts_pct":"0.482","efg_pct":"0.478","three_par":"0.455","ftr":"0.162","orb_pct":"3.716","drb_pct":"12.859","trb_pct":"8.226","ast_pct":"10.521","stl_pct":"1.663","blk_pct":"1.576","tov_pct":"13.584","usg_pct":"17.638","ortg":"96.717","drtg":"110.444","bpm":"-3.395"},{"game_id":1225,"team_name":"MEM","player_id":"{\"cabocbr01\"}","player_name":"{\"Bruno Caboclo\"}","ts_pct":"0.563","efg_pct":"0.525","three_par":"0.502","ftr":"0.209","orb_pct":"7.239","drb_pct":"21.798","trb_pct":"14.349","ast_pct":"10.095","stl_pct":"0.719","blk_pct":"6.291","tov_pct":"13.661","usg_pct":"22.601","ortg":"108.965","drtg":"111.847","bpm":"-1.296"},{"game_id":1225,"team_name":"MEM","player_id":"{\"meltode01\"}","player_name":"{\"De'Anthony Melton\"}","ts_pct":"0.443","efg_pct":"0.419","three_par":"0.240","ftr":"0.332","orb_pct":"2.556","drb_pct":"10.319","trb_pct":"6.180","ast_pct":"30.748","stl_pct":"5.019","blk_pct":"1.896","tov_pct":"24.715","usg_pct":"14.174","ortg":"89.071","drtg":"114.424","bpm":"0.754"},{"game_id":1225,"team_name":"MEM","player_id":"{\"crowdja01\"}","player_name":"{\"Jae Crowder\"}","ts_pct":"0.541","efg_pct":"0.498","three_par":"0.716","ftr":"0.357","orb_pct":"3.132","drb_pct":"20.209","trb_pct":"11.478","ast_pct":"9.611","stl_pct":"1.286","blk_pct":"1.405","tov_pct":"6.040","usg_pct":"16.533","ortg":"113.965","drtg":"109.953","bpm":"2.714"},{"game_id":1225,"team_name":"MEM","player_id":"{\"moranja01\"}","player_name":"{\"Ja Morant\"}","ts_pct":"0.538","efg_pct":"0.504","three_par":"0.095","ftr":"0.315","orb_pct":"3.392","drb_pct":"10.125","trb_pct":"6.544","ast_pct":"35.694","stl_pct":"2.658","blk_pct":"1.903","tov_pct":"25.617","usg_pct":"30.011","ortg":"91.583","drtg":"108.250","bpm":"-1.083"},{"game_id":1225,"team_name":"MEM","player_id":"{\"gudurma01\"}","player_name":"{\"Marko Guduric\"}","ts_pct":"0.501","efg_pct":"0.299","three_par":"0.601","ftr":"0.760","orb_pct":"10.383","drb_pct":"4.769","trb_pct":"7.397","ast_pct":"7.131","stl_pct":"0.000","blk_pct":"0.000","tov_pct":"27.203","usg_pct":"20.989","ortg":"86.000","drtg":"116.917","bpm":"-9.044"},{"game_id":1225,"team_name":"MEM","player_id":"{\"valanjo01\"}","player_name":"{\"Jonas Valančiūnas\"}","ts_pct":"0.529","efg_pct":"0.471","three_par":"0.144","ftr":"0.364","orb_pct":"11.961","drb_pct":"37.373","trb_pct":"24.094","ast_pct":"15.222","stl_pct":"1.268","blk_pct":"5.372","tov_pct":"14.933","usg_pct":"30.269","ortg":"102.435","drtg":"106.706","bpm":"0.866"},{"game_id":1225,"team_name":"MEM","player_id":"benchMEM","player_name":"Bench of MEM","ts_pct":"0.531","efg_pct":"0.500","three_par":"0.332","ftr":"0.259","orb_pct":"3.048","drb_pct":"12.711","trb_pct":"7.829","ast_pct":"12.220","stl_pct":"1.287","blk_pct":"2.298","tov_pct":"10.723","usg_pct":"19.387","ortg":"105.135","drtg":"111.962","bpm":"-2.766"}]