[{"game_id":1105,"team_name":"POR","player_id":"teamPOR","player_name":"Team name: POR","ts_pct":"0.617","efg_pct":"0.598","three_par":"0.409","ftr":"0.271","orb_pct":"6.270","drb_pct":"21.028","trb_pct":"13.991","ast_pct":"13.056","stl_pct":"1.036","blk_pct":"2.043","tov_pct":"12.914","usg_pct":"21.652","ortg":"125.011","drtg":"134.813","bpm":"-1.211"},{"game_id":1105,"team_name":"DEN","player_id":"teamDEN","player_name":"Team name: DEN","ts_pct":"0.551","efg_pct":"0.525","three_par":"0.445","ftr":"0.230","orb_pct":"5.053","drb_pct":"17.162","trb_pct":"10.870","ast_pct":"14.879","stl_pct":"2.054","blk_pct":"1.791","tov_pct":"11.679","usg_pct":"20.890","ortg":"113.940","drtg":"126.670","bpm":"-1.466"}]