[{"game_id":1109,"team_name":"MIA","player_id":"{\"butleji01\"}","player_name":"{\"Jimmy Butler\"}","fg":"5.812","fga":"13.671","fg_pct":"0.425","three_p":"1.235","three_pa":"2.953","three_p_pct":"0.418","ft":"5.529","fta":"6.929","ft_pct":"0.798","orb":"1.741","drb":"4.447","trb":"6.188","ast":"5.918","stl":"1.647","blk":"0.200","tov":"2.094","pf":"1.341","pts":"18.388"},{"game_id":1109,"team_name":"MIA","player_id":"{\"adebaba01\"}","player_name":"{\"Bam Adebayo\"}","fg":"5.918","fga":"11.800","fg_pct":"0.502","three_p":"0.000","three_pa":"0.000","three_p_pct":"NaN","ft":"3.047","fta":"3.941","ft_pct":"0.773","orb":"1.953","drb":"5.753","trb":"7.706","ast":"5.729","stl":"1.341","blk":"0.588","tov":"2.424","pf":"2.459","pts":"14.882"},{"game_id":1109,"team_name":"MIA","player_id":"{\"herroty01\"}","player_name":"{\"Tyler Herro\"}","fg":"4.506","fga":"10.341","fg_pct":"0.436","three_p":"1.965","three_pa":"4.965","three_p_pct":"0.396","ft":"1.129","fta":"1.353","ft_pct":"0.834","orb":"0.188","drb":"4.400","trb":"4.588","ast":"2.859","stl":"0.224","blk":"0.129","tov":"1.271","pf":"1.129","pts":"12.106"},{"game_id":1109,"team_name":"MIA","player_id":"{\"dragigo01\"}","player_name":"{\"Goran Dragić\"}","fg":"5.835","fga":"13.847","fg_pct":"0.421","three_p":"2.882","three_pa":"6.741","three_p_pct":"0.428","ft":"1.965","fta":"2.235","ft_pct":"0.879","orb":"0.494","drb":"1.647","trb":"2.141","ast":"2.882","stl":"0.788","blk":"0.200","tov":"1.859","pf":"2.424","pts":"16.518"},{"game_id":1109,"team_name":"MIA","player_id":"{\"nunnke01\"}","player_name":"{\"Kendrick Nunn\"}","fg":"5.647","fga":"11.224","fg_pct":"0.503","three_p":"1.494","three_pa":"4.635","three_p_pct":"0.322","ft":"0.659","fta":"0.659","ft_pct":"1.000","orb":"0.353","drb":"2.306","trb":"2.659","ast":"1.753","stl":"0.435","blk":"0.224","tov":"0.929","pf":"1.482","pts":"13.447"},{"game_id":1109,"team_name":"MIA","player_id":"{\"iguodan01\"}","player_name":"{\"Andre Iguodala\"}","fg":"0.988","fga":"2.176","fg_pct":"0.454","three_p":"0.271","three_pa":"1.271","three_p_pct":"0.213","ft":"0.094","fta":"0.188","ft_pct":"0.500","orb":"0.741","drb":"2.035","trb":"2.776","ast":"1.776","stl":"0.306","blk":"0.659","tov":"1.647","pf":"1.941","pts":"2.341"},{"game_id":1109,"team_name":"MIA","player_id":"benchMIA","player_name":"Bench of MIA","fg":"2.458","fga":"5.419","fg_pct":"0.454","three_p":"1.114","three_pa":"3.117","three_p_pct":"0.357","ft":"0.755","fta":"1.051","ft_pct":"0.718","orb":"0.666","drb":"2.572","trb":"3.238","ast":"1.083","stl":"0.663","blk":"0.305","tov":"0.773","pf":"1.791","pts":"6.786"},{"game_id":1109,"team_name":"MIL","player_id":"{\"teaguje01\"}","player_name":"{\"Jeff Teague\"}","fg":"2.212","fga":"4.776","fg_pct":"0.463","three_p":"0.765","three_pa":"1.224","three_p_pct":"0.625","ft":"1.965","fta":"2.329","ft_pct":"0.844","orb":"0.200","drb":"0.824","trb":"1.024","ast":"2.129","stl":"0.718","blk":"0.247","tov":"1.365","pf":"0.318","pts":"7.153"},{"game_id":1109,"team_name":"MIL","player_id":"{\"holidjr01\"}","player_name":"{\"Jrue Holiday\"}","fg":"7.400","fga":"14.588","fg_pct":"0.507","three_p":"1.647","three_pa":"4.894","three_p_pct":"0.337","ft":"2.329","fta":"3.012","ft_pct":"0.773","orb":"1.176","drb":"4.200","trb":"5.376","ast":"9.071","stl":"1.165","blk":"0.671","tov":"2.224","pf":"1.235","pts":"18.776"},{"game_id":1109,"team_name":"MIL","player_id":"{\"middlkh01\"}","player_name":"{\"Khris Middleton\"}","fg":"7.553","fga":"14.965","fg_pct":"0.505","three_p":"2.247","three_pa":"6.294","three_p_pct":"0.357","ft":"3.835","fta":"4.188","ft_pct":"0.916","orb":"0.812","drb":"5.024","trb":"5.835","ast":"5.035","stl":"0.682","blk":"0.000","tov":"2.647","pf":"2.706","pts":"21.188"},{"game_id":1109,"team_name":"MIL","player_id":"{\"antetgi01\"}","player_name":"{\"Giannis Antetokounmpo\"}","fg":"9.588","fga":"17.976","fg_pct":"0.533","three_p":"0.553","three_pa":"3.482","three_p_pct":"0.159","ft":"5.706","fta":"8.647","ft_pct":"0.660","orb":"2.647","drb":"10.012","trb":"12.659","ast":"5.318","stl":"1.541","blk":"0.447","tov":"2.459","pf":"2.988","pts":"25.435"},{"game_id":1109,"team_name":"MIL","player_id":"{\"lopezbr01\"}","player_name":"{\"Brook Lopez\"}","fg":"5.718","fga":"9.941","fg_pct":"0.575","three_p":"0.435","three_pa":"2.329","three_p_pct":"0.187","ft":"3.082","fta":"3.765","ft_pct":"0.819","orb":"2.141","drb":"3.929","trb":"6.071","ast":"0.129","stl":"0.271","blk":"1.141","tov":"1.294","pf":"2.447","pts":"14.953"},{"game_id":1109,"team_name":"MIL","player_id":"{\"forbebr01\"}","player_name":"{\"Bryn Forbes\"}","fg":"4.153","fga":"7.565","fg_pct":"0.549","three_p":"2.765","three_pa":"5.482","three_p_pct":"0.504","ft":"0.529","fta":"0.882","ft_pct":"0.600","orb":"0.000","drb":"2.059","trb":"2.059","ast":"0.494","stl":"0.306","blk":"0.082","tov":"0.918","pf":"1.447","pts":"11.600"},{"game_id":1109,"team_name":"MIL","player_id":"benchMIL","player_name":"Bench of MIL","fg":"2.047","fga":"4.693","fg_pct":"0.436","three_p":"0.776","three_pa":"2.315","three_p_pct":"0.335","ft":"0.784","fta":"0.954","ft_pct":"0.822","orb":"0.853","drb":"2.180","trb":"3.034","ast":"0.900","stl":"0.486","blk":"0.178","tov":"0.533","pf":"1.188","pts":"5.653"}]