[{"game_id":1049,"team_name":"MEM","player_id":"teamMEM","player_name":"Team name: MEM","fg":"41.354","fga":"90.137","fg_pct":"0.459","three_p":"11.646","three_pa":"34.577","three_p_pct":"0.337","ft":"17.440","fta":"23.274","ft_pct":"0.749","orb":"11.783","drb":"36.566","trb":"48.349","ast":"26.680","stl":"7.760","blk":"7.817","tov":"12.749","pf":"17.714","pts":"111.794"},{"game_id":1049,"team_name":"SAC","player_id":"teamSAC","player_name":"Team name: SAC","fg":"42.240","fga":"86.754","fg_pct":"0.487","three_p":"12.743","three_pa":"33.383","three_p_pct":"0.382","ft":"14.280","fta":"18.246","ft_pct":"0.783","orb":"7.886","drb":"33.074","trb":"40.960","ast":"25.863","stl":"9.640","blk":"5.783","tov":"14.274","pf":"18.497","pts":"111.503"}]