[{"game_id":1058,"team_name":"MEM","player_id":"teamMEM","player_name":"Team name: MEM","ts_pct":"0.591","efg_pct":"0.547","three_par":"0.430","ftr":"0.259","orb_pct":"5.620","drb_pct":"17.272","trb_pct":"11.650","ast_pct":"17.725","stl_pct":"1.454","blk_pct":"2.949","tov_pct":"12.775","usg_pct":"20.602","ortg":"127.423","drtg":"125.790","bpm":"-1.055"},{"game_id":1058,"team_name":"SAC","player_id":"teamSAC","player_name":"Team name: SAC","ts_pct":"0.531","efg_pct":"0.504","three_par":"0.365","ftr":"0.250","orb_pct":"4.138","drb_pct":"14.552","trb_pct":"9.384","ast_pct":"14.740","stl_pct":"1.913","blk_pct":"2.376","tov_pct":"13.278","usg_pct":"20.081","ortg":"105.169","drtg":"114.346","bpm":"-3.180"}]