[{"game_id":1223,"team_name":"MIA","player_id":"teamMIA","player_name":"Team name: MIA","ts_pct":"0.524","efg_pct":"0.486","three_par":"0.375","ftr":"0.261","orb_pct":"5.765","drb_pct":"17.369","trb_pct":"11.698","ast_pct":"13.018","stl_pct":"1.385","blk_pct":"2.575","tov_pct":"16.035","usg_pct":"19.637","ortg":"99.439","drtg":"109.239","bpm":"-2.186"},{"game_id":1223,"team_name":"ATL","player_id":"teamATL","player_name":"Team name: ATL","ts_pct":"0.587","efg_pct":"0.547","three_par":"0.431","ftr":"0.300","orb_pct":"5.656","drb_pct":"15.299","trb_pct":"10.401","ast_pct":"15.566","stl_pct":"1.847","blk_pct":"1.841","tov_pct":"12.649","usg_pct":"20.582","ortg":"117.580","drtg":"122.845","bpm":"-1.669"}]