[{"game_id":1005,"team_name":"IND","player_id":"teamIND","player_name":"Team name: IND","fg":"45.663","fga":"93.154","fg_pct":"0.490","three_p":"12.011","three_pa":"30.503","three_p_pct":"0.394","ft":"18.240","fta":"22.806","ft_pct":"0.800","orb":"8.417","drb":"35.869","trb":"44.286","ast":"28.811","stl":"7.891","blk":"7.194","tov":"13.537","pf":"19.211","pts":"121.577"},{"game_id":1005,"team_name":"WAS","player_id":"teamWAS","player_name":"Team name: WAS","fg":"48.046","fga":"94.989","fg_pct":"0.506","three_p":"9.440","three_pa":"23.714","three_p_pct":"0.398","ft":"24.257","fta":"30.006","ft_pct":"0.808","orb":"11.931","drb":"34.937","trb":"46.869","ast":"28.411","stl":"7.691","blk":"5.623","tov":"12.709","pf":"21.023","pts":"129.789"}]