[{"game_id":1122,"team_name":"PHI","player_id":"teamPHI","player_name":"Team name: PHI","ts_pct":"0.668","efg_pct":"0.639","three_par":"0.485","ftr":"0.360","orb_pct":"5.911","drb_pct":"17.632","trb_pct":"11.891","ast_pct":"16.430","stl_pct":"2.035","blk_pct":"2.491","tov_pct":"11.110","usg_pct":"23.903","ortg":"136.975","drtg":"135.099","bpm":"-0.679"},{"game_id":1122,"team_name":"WAS","player_id":"teamWAS","player_name":"Team name: WAS","ts_pct":"0.585","efg_pct":"0.552","three_par":"0.335","ftr":"0.307","orb_pct":"6.080","drb_pct":"15.881","trb_pct":"10.863","ast_pct":"13.435","stl_pct":"1.134","blk_pct":"2.560","tov_pct":"10.661","usg_pct":"22.203","ortg":"119.659","drtg":"134.374","bpm":"-3.510"}]