[{"game_id":1155,"team_name":"PHO","player_id":"{\"bookede01\"}","player_name":"{\"Devin Booker\"}","ts_pct":"0.621","efg_pct":"0.559","three_par":"0.326","ftr":"0.349","orb_pct":"2.312","drb_pct":"18.555","trb_pct":"11.456","ast_pct":"21.036","stl_pct":"0.832","blk_pct":"0.179","tov_pct":"12.501","usg_pct":"30.893","ortg":"116.753","drtg":"110.800","bpm":"2.700"},{"game_id":1155,"team_name":"PHO","player_id":"{\"payneca01\"}","player_name":"{\"Cameron Payne\"}","ts_pct":"0.533","efg_pct":"0.493","three_par":"0.393","ftr":"0.118","orb_pct":"1.396","drb_pct":"12.938","trb_pct":"7.842","ast_pct":"22.525","stl_pct":"2.174","blk_pct":"2.778","tov_pct":"13.380","usg_pct":"23.056","ortg":"103.529","drtg":"107.776","bpm":"-0.201"},{"game_id":1155,"team_name":"PHO","player_id":"{\"bridgmi01\"}","player_name":"{\"Mikal Bridges\"}","ts_pct":"0.603","efg_pct":"0.581","three_par":"0.546","ftr":"0.165","orb_pct":"3.158","drb_pct":"8.553","trb_pct":"6.114","ast_pct":"7.161","stl_pct":"2.342","blk_pct":"2.920","tov_pct":"6.191","usg_pct":"16.644","ortg":"118.882","drtg":"108.753","bpm":"2.498"},{"game_id":1155,"team_name":"PHO","player_id":"{\"aytonde01\"}","player_name":"{\"Deandre Ayton\"}","ts_pct":"0.684","efg_pct":"0.664","three_par":"0.000","ftr":"0.356","orb_pct":"7.880","drb_pct":"21.574","trb_pct":"15.473","ast_pct":"3.434","stl_pct":"0.600","blk_pct":"0.772","tov_pct":"6.953","usg_pct":"15.793","ortg":"135.341","drtg":"109.553","bpm":"0.121"},{"game_id":1155,"team_name":"PHO","player_id":"{\"crowdja01\"}","player_name":"{\"Jae Crowder\"}","ts_pct":"0.728","efg_pct":"0.699","three_par":"0.771","ftr":"0.182","orb_pct":"0.818","drb_pct":"16.229","trb_pct":"9.421","ast_pct":"7.173","stl_pct":"0.841","blk_pct":"2.792","tov_pct":"10.166","usg_pct":"14.361","ortg":"127.553","drtg":"109.929","bpm":"3.352"},{"game_id":1155,"team_name":"PHO","player_id":"{\"johnsca02\"}","player_name":"{\"Cameron Johnson\"}","ts_pct":"0.745","efg_pct":"0.684","three_par":"0.814","ftr":"0.505","orb_pct":"3.646","drb_pct":"10.775","trb_pct":"7.500","ast_pct":"5.172","stl_pct":"3.118","blk_pct":"0.544","tov_pct":"10.845","usg_pct":"14.952","ortg":"128.024","drtg":"107.976","bpm":"4.218"},{"game_id":1155,"team_name":"PHO","player_id":"benchPHO","player_name":"Bench of PHO","ts_pct":"0.549","efg_pct":"0.476","three_par":"0.393","ftr":"0.321","orb_pct":"5.551","drb_pct":"18.007","trb_pct":"12.376","ast_pct":"15.979","stl_pct":"0.869","blk_pct":"1.530","tov_pct":"12.571","usg_pct":"19.517","ortg":"116.508","drtg":"109.670","bpm":"1.264"},{"game_id":1155,"team_name":"LAC","player_id":"{\"georgpa01\"}","player_name":"{\"Paul George\"}","ts_pct":"0.588","efg_pct":"0.511","three_par":"0.431","ftr":"0.421","orb_pct":"4.048","drb_pct":"21.662","trb_pct":"12.774","ast_pct":"20.769","stl_pct":"1.645","blk_pct":"2.536","tov_pct":"12.921","usg_pct":"32.025","ortg":"117.035","drtg":"120.118","bpm":"2.914"},{"game_id":1155,"team_name":"LAC","player_id":"{\"jacksre01\"}","player_name":"{\"Reggie Jackson\"}","ts_pct":"0.706","efg_pct":"0.683","three_par":"0.593","ftr":"0.136","orb_pct":"1.566","drb_pct":"8.004","trb_pct":"4.613","ast_pct":"18.722","stl_pct":"1.562","blk_pct":"0.000","tov_pct":"8.835","usg_pct":"21.446","ortg":"139.306","drtg":"125.459","bpm":"3.840"},{"game_id":1155,"team_name":"LAC","player_id":"{\"couside01\"}","player_name":"{\"DeMarcus Cousins\"}","ts_pct":"0.652","efg_pct":"0.613","three_par":"0.225","ftr":"0.175","orb_pct":"9.046","drb_pct":"34.226","trb_pct":"21.942","ast_pct":"9.028","stl_pct":"5.029","blk_pct":"6.128","tov_pct":"14.095","usg_pct":"31.585","ortg":"115.847","drtg":"98.988","bpm":"3.215"},{"game_id":1155,"team_name":"LAC","player_id":"{\"zubaciv01\"}","player_name":"{\"Ivica Zubac\"}","ts_pct":"0.583","efg_pct":"0.437","three_par":"0.000","ftr":"0.992","orb_pct":"12.976","drb_pct":"16.600","trb_pct":"14.918","ast_pct":"6.327","stl_pct":"0.000","blk_pct":"7.146","tov_pct":"23.675","usg_pct":"14.591","ortg":"109.129","drtg":"122.518","bpm":"-3.192"},{"game_id":1155,"team_name":"LAC","player_id":"{\"beverpa01\"}","player_name":"{\"Patrick Beverley\"}","ts_pct":"0.562","efg_pct":"0.531","three_par":"0.411","ftr":"0.342","orb_pct":"3.087","drb_pct":"12.913","trb_pct":"8.079","ast_pct":"11.320","stl_pct":"2.555","blk_pct":"5.334","tov_pct":"8.044","usg_pct":"12.480","ortg":"117.518","drtg":"118.188","bpm":"1.001"},{"game_id":1155,"team_name":"LAC","player_id":"{\"morrima03\"}","player_name":"{\"Marcus Morris\"}","ts_pct":"0.517","efg_pct":"0.506","three_par":"0.474","ftr":"0.137","orb_pct":"2.974","drb_pct":"14.205","trb_pct":"8.353","ast_pct":"7.300","stl_pct":"0.919","blk_pct":"1.312","tov_pct":"0.552","usg_pct":"17.433","ortg":"116.376","drtg":"124.694","bpm":"-2.333"},{"game_id":1155,"team_name":"LAC","player_id":"benchLAC","player_name":"Bench of LAC","ts_pct":"0.586","efg_pct":"0.571","three_par":"0.639","ftr":"0.126","orb_pct":"3.028","drb_pct":"12.698","trb_pct":"7.871","ast_pct":"11.032","stl_pct":"1.260","blk_pct":"0.893","tov_pct":"5.682","usg_pct":"13.148","ortg":"126.978","drtg":"123.322","bpm":"-0.264"}]