[{"game_id":122,"team_name":"DET","player_id":"teamDET","player_name":"Team name: DET","fg":"39.097","fga":"91.914","fg_pct":"0.425","three_p":"13.143","three_pa":"38.080","three_p_pct":"0.345","ft":"17.874","fta":"22.800","ft_pct":"0.784","orb":"10.486","drb":"31.560","trb":"42.046","ast":"23.754","stl":"7.874","blk":"4.017","tov":"12.000","pf":"20.097","pts":"109.211"},{"game_id":122,"team_name":"PHO","player_id":"teamPHO","player_name":"Team name: PHO","fg":"40.989","fga":"84.474","fg_pct":"0.485","three_p":"14.446","three_pa":"36.200","three_p_pct":"0.399","ft":"16.589","fta":"19.629","ft_pct":"0.845","orb":"8.120","drb":"33.851","trb":"41.971","ast":"26.754","stl":"5.051","blk":"4.149","tov":"11.760","pf":"20.246","pts":"113.011"}]