[{"game_id":1094,"team_name":"UTA","player_id":"teamUTA","player_name":"Team name: UTA","fg":"41.023","fga":"86.726","fg_pct":"0.473","three_p":"15.177","three_pa":"40.320","three_p_pct":"0.376","ft":"16.811","fta":"20.491","ft_pct":"0.820","orb":"11.046","drb":"37.326","trb":"48.371","ast":"22.331","stl":"7.171","blk":"3.229","tov":"13.846","pf":"17.000","pts":"114.034"},{"game_id":1094,"team_name":"MEM","player_id":"teamMEM","player_name":"Team name: MEM","fg":"42.274","fga":"90.589","fg_pct":"0.467","three_p":"11.154","three_pa":"31.623","three_p_pct":"0.353","ft":"16.960","fta":"23.663","ft_pct":"0.717","orb":"11.851","drb":"35.823","trb":"47.674","ast":"25.777","stl":"8.091","blk":"7.817","tov":"12.857","pf":"18.520","pts":"112.663"}]