[{"game_id":1229,"team_name":"BOS","player_id":"teamBOS","player_name":"Team name: BOS","ts_pct":"0.528","efg_pct":"0.495","three_par":"0.398","ftr":"0.394","orb_pct":"4.400","drb_pct":"18.139","trb_pct":"11.238","ast_pct":"15.300","stl_pct":"1.409","blk_pct":"2.334","tov_pct":"11.066","usg_pct":"20.636","ortg":"106.291","drtg":"120.030","bpm":"-0.555"},{"game_id":1229,"team_name":"MIL","player_id":"teamMIL","player_name":"Team name: MIL","ts_pct":"0.546","efg_pct":"0.512","three_par":"0.528","ftr":"0.275","orb_pct":"3.782","drb_pct":"17.068","trb_pct":"10.603","ast_pct":"16.010","stl_pct":"1.437","blk_pct":"2.958","tov_pct":"11.883","usg_pct":"20.121","ortg":"113.264","drtg":"115.230","bpm":"0.865"}]