[{"game_id":1056,"team_name":"DAL","player_id":"teamDAL","player_name":"Team name: DAL","fg":"43.000","fga":"88.691","fg_pct":"0.485","three_p":"14.189","three_pa":"37.766","three_p_pct":"0.376","ft":"16.926","fta":"21.057","ft_pct":"0.804","orb":"10.080","drb":"32.617","trb":"42.697","ast":"24.034","stl":"7.623","blk":"3.914","tov":"11.314","pf":"20.137","pts":"117.114"},{"game_id":1056,"team_name":"TOR","player_id":"teamTOR","player_name":"Team name: TOR","fg":"39.983","fga":"90.714","fg_pct":"0.441","three_p":"12.326","three_pa":"35.394","three_p_pct":"0.348","ft":"14.811","fta":"19.937","ft_pct":"0.743","orb":"10.560","drb":"30.297","trb":"40.857","ast":"23.674","stl":"10.303","blk":"3.954","tov":"11.783","pf":"19.766","pts":"107.103"}]