[{"game_id":103,"team_name":"DEN","player_id":"{\"jokicni01\"}","player_name":"{\"Nikola Jokić\"}","fg":"8.212","fga":"13.847","fg_pct":"0.593","three_p":"1.200","three_pa":"2.882","three_p_pct":"0.416","ft":"4.035","fta":"4.753","ft_pct":"0.849","orb":"2.682","drb":"7.435","trb":"10.118","ast":"10.847","stl":"1.494","blk":"0.365","tov":"4.494","pf":"3.906","pts":"21.659"},{"game_id":103,"team_name":"DEN","player_id":"{\"bartowi01\"}","player_name":"{\"Will Barton\"}","fg":"4.565","fga":"11.388","fg_pct":"0.401","three_p":"1.565","three_pa":"4.541","three_p_pct":"0.345","ft":"0.965","fta":"1.459","ft_pct":"0.661","orb":"0.659","drb":"4.388","trb":"5.047","ast":"3.024","stl":"0.800","blk":"0.882","tov":"0.812","pf":"1.424","pts":"11.659"},{"game_id":103,"team_name":"DEN","player_id":"{\"harriga01\"}","player_name":"{\"Gary Harris\"}","fg":"2.588","fga":"7.871","fg_pct":"0.329","three_p":"0.624","three_pa":"3.624","three_p_pct":"0.172","ft":"0.729","fta":"0.988","ft_pct":"0.738","orb":"0.118","drb":"1.506","trb":"1.624","ast":"1.224","stl":"0.800","blk":"0.247","tov":"1.000","pf":"1.694","pts":"6.529"},{"game_id":103,"team_name":"DEN","player_id":"{\"murraja01\"}","player_name":"{\"Jamal Murray\"}","fg":"8.906","fga":"17.412","fg_pct":"0.511","three_p":"2.553","three_pa":"6.753","three_p_pct":"0.378","ft":"4.753","fta":"5.965","ft_pct":"0.797","orb":"1.212","drb":"3.365","trb":"4.576","ast":"4.765","stl":"1.118","blk":"0.329","tov":"2.765","pf":"2.071","pts":"25.118"},{"game_id":103,"team_name":"DEN","player_id":"{\"campafa01\"}","player_name":"{\"Facundo Campazzo\"}","fg":"1.159","fga":"2.460","fg_pct":"0.471","three_p":"1.159","three_pa":"2.095","three_p_pct":"0.553","ft":"0.810","fta":"0.984","ft_pct":"0.823","orb":"0.000","drb":"0.841","trb":"0.841","ast":"1.286","stl":"0.968","blk":"0.206","tov":"1.032","pf":"1.333","pts":"4.286"},{"game_id":103,"team_name":"DEN","player_id":"{\"morrimo01\"}","player_name":"{\"Monte Morris\"}","fg":"4.365","fga":"8.388","fg_pct":"0.520","three_p":"1.082","three_pa":"3.071","three_p_pct":"0.352","ft":"2.282","fta":"2.847","ft_pct":"0.802","orb":"0.329","drb":"1.859","trb":"2.188","ast":"3.647","stl":"0.412","blk":"0.247","tov":"0.412","pf":"1.047","pts":"12.094"},{"game_id":103,"team_name":"DEN","player_id":"benchDEN","player_name":"Bench of DEN","fg":"2.406","fga":"4.617","fg_pct":"0.521","three_p":"0.917","three_pa":"2.029","three_p_pct":"0.452","ft":"0.891","fta":"1.306","ft_pct":"0.682","orb":"0.858","drb":"2.467","trb":"3.324","ast":"0.896","stl":"0.242","blk":"0.200","tov":"0.885","pf":"1.521","pts":"6.619"},{"game_id":103,"team_name":"MIN","player_id":"{\"beaslma01\"}","player_name":"{\"Malik Beasley\"}","fg":"7.271","fga":"15.118","fg_pct":"0.481","three_p":"2.141","three_pa":"5.847","three_p_pct":"0.366","ft":"2.306","fta":"2.694","ft_pct":"0.856","orb":"0.647","drb":"4.224","trb":"4.871","ast":"1.424","stl":"0.624","blk":"0.306","tov":"1.165","pf":"1.294","pts":"18.988"},{"game_id":103,"team_name":"MIN","player_id":"{\"russeda01\"}","player_name":"{\"D'Angelo Russell\"}","fg":"6.412","fga":"15.553","fg_pct":"0.412","three_p":"2.706","three_pa":"7.459","three_p_pct":"0.363","ft":"1.694","fta":"2.624","ft_pct":"0.646","orb":"0.588","drb":"3.012","trb":"3.600","ast":"4.506","stl":"1.471","blk":"0.341","tov":"3.859","pf":"2.059","pts":"17.224"},{"game_id":103,"team_name":"MIN","player_id":"{\"hernaju01\"}","player_name":"{\"Juancho Hernangómez\"}","fg":"2.035","fga":"6.129","fg_pct":"0.332","three_p":"0.741","three_pa":"3.259","three_p_pct":"0.227","ft":"0.506","fta":"0.965","ft_pct":"0.524","orb":"0.612","drb":"4.259","trb":"4.871","ast":"0.529","stl":"0.482","blk":"0.118","tov":"0.459","pf":"0.918","pts":"5.318"},{"game_id":103,"team_name":"MIN","player_id":"{\"edwaran01\"}","player_name":"{\"Anthony Edwards\"}","fg":"5.175","fga":"12.190","fg_pct":"0.425","three_p":"1.857","three_pa":"5.857","three_p_pct":"0.317","ft":"1.016","fta":"1.587","ft_pct":"0.640","orb":"0.571","drb":"1.286","trb":"1.857","ast":"2.175","stl":"0.651","blk":"0.365","tov":"1.476","pf":"1.778","pts":"13.222"},{"game_id":103,"team_name":"MIN","player_id":"{\"vandeja01\"}","player_name":"{\"Jarred Vanderbilt\"}","fg":"1.165","fga":"1.847","fg_pct":"0.631","three_p":"0.000","three_pa":"0.106","three_p_pct":"0.000","ft":"0.576","fta":"1.082","ft_pct":"0.532","orb":"1.106","drb":"1.529","trb":"2.635","ast":"1.059","stl":"0.824","blk":"0.318","tov":"0.765","pf":"0.447","pts":"2.906"},{"game_id":103,"team_name":"MIN","player_id":"{\"culveja01\"}","player_name":"{\"Jarrett Culver\"}","fg":"3.894","fga":"8.529","fg_pct":"0.457","three_p":"0.753","three_pa":"2.718","three_p_pct":"0.277","ft":"1.165","fta":"2.047","ft_pct":"0.569","orb":"2.188","drb":"3.118","trb":"5.306","ast":"0.541","stl":"0.953","blk":"0.247","tov":"1.506","pf":"2.529","pts":"9.706"},{"game_id":103,"team_name":"MIN","player_id":"benchMIN","player_name":"Bench of MIN","fg":"2.772","fga":"5.890","fg_pct":"0.471","three_p":"0.523","three_pa":"1.813","three_p_pct":"0.288","ft":"1.380","fta":"1.738","ft_pct":"0.794","orb":"1.086","drb":"2.324","trb":"3.410","ast":"2.560","stl":"0.787","blk":"0.401","tov":"0.998","pf":"2.351","pts":"7.447"}]