[{"game_id":1144,"team_name":"ATL","player_id":"{\"snellto01\"}","player_name":"{\"Tony Snell\"}","ts_pct":"0.286","efg_pct":"0.286","three_par":"0.379","ftr":"0.000","orb_pct":"0.840","drb_pct":"9.529","trb_pct":"5.245","ast_pct":"2.722","stl_pct":"0.800","blk_pct":"0.741","tov_pct":"6.007","usg_pct":"9.661","ortg":"58.765","drtg":"119.635","bpm":"-9.233"},{"game_id":1144,"team_name":"ATL","player_id":"{\"okongon01\"}","player_name":"{\"Onyeka Okongwu\"}","ts_pct":"0.430","efg_pct":"0.346","three_par":"0.000","ftr":"0.151","orb_pct":"15.035","drb_pct":"20.702","trb_pct":"18.045","ast_pct":"2.054","stl_pct":"1.154","blk_pct":"8.728","tov_pct":"20.596","usg_pct":"10.929","ortg":"89.365","drtg":"106.247","bpm":"-4.372"},{"game_id":1144,"team_name":"ATL","player_id":"{\"bogdabo01\"}","player_name":"{\"Bogdan Bogdanović\"}","ts_pct":"0.566","efg_pct":"0.556","three_par":"0.555","ftr":"0.087","orb_pct":"2.773","drb_pct":"13.904","trb_pct":"8.554","ast_pct":"15.547","stl_pct":"1.934","blk_pct":"0.748","tov_pct":"10.173","usg_pct":"20.319","ortg":"112.271","drtg":"112.376","bpm":"2.894"},{"game_id":1144,"team_name":"ATL","player_id":"{\"youngtr01\"}","player_name":"{\"Trae Young\"}","ts_pct":"0.586","efg_pct":"0.509","three_par":"0.399","ftr":"0.394","orb_pct":"1.174","drb_pct":"5.319","trb_pct":"3.353","ast_pct":"48.312","stl_pct":"1.726","blk_pct":"0.000","tov_pct":"12.106","usg_pct":"33.069","ortg":"122.024","drtg":"115.376","bpm":"7.848"},{"game_id":1144,"team_name":"ATL","player_id":"{\"collijo01\"}","player_name":"{\"John Collins\"}","ts_pct":"0.642","efg_pct":"0.613","three_par":"0.372","ftr":"0.248","orb_pct":"5.301","drb_pct":"18.044","trb_pct":"12.026","ast_pct":"3.259","stl_pct":"0.728","blk_pct":"2.027","tov_pct":"10.420","usg_pct":"17.795","ortg":"122.659","drtg":"112.118","bpm":"1.472"},{"game_id":1144,"team_name":"ATL","player_id":"{\"huertke01\"}","player_name":"{\"Kevin Huerter\"}","ts_pct":"0.642","efg_pct":"0.642","three_par":"0.658","ftr":"0.098","orb_pct":"2.025","drb_pct":"11.516","trb_pct":"6.986","ast_pct":"10.967","stl_pct":"0.609","blk_pct":"2.761","tov_pct":"12.378","usg_pct":"16.748","ortg":"115.082","drtg":"114.482","bpm":"2.045"},{"game_id":1144,"team_name":"ATL","player_id":"benchATL","player_name":"Bench of ATL","ts_pct":"0.575","efg_pct":"0.524","three_par":"0.239","ftr":"0.357","orb_pct":"5.367","drb_pct":"20.445","trb_pct":"13.152","ast_pct":"11.840","stl_pct":"1.261","blk_pct":"1.560","tov_pct":"10.455","usg_pct":"20.183","ortg":"114.718","drtg":"111.683","bpm":"1.606"},{"game_id":1144,"team_name":"PHI","player_id":"{\"maxeyty01\"}","player_name":"{\"Tyrese Maxey\"}","ts_pct":"0.486","efg_pct":"0.466","three_par":"0.164","ftr":"0.231","orb_pct":"0.000","drb_pct":"13.675","trb_pct":"6.998","ast_pct":"24.438","stl_pct":"0.724","blk_pct":"2.435","tov_pct":"3.112","usg_pct":"22.958","ortg":"113.235","drtg":"114.788","bpm":"-2.576"},{"game_id":1144,"team_name":"PHI","player_id":"{\"harrito02\"}","player_name":"{\"Tobias Harris\"}","ts_pct":"0.602","efg_pct":"0.576","three_par":"0.188","ftr":"0.209","orb_pct":"4.154","drb_pct":"24.946","trb_pct":"14.936","ast_pct":"16.206","stl_pct":"1.694","blk_pct":"1.406","tov_pct":"7.476","usg_pct":"25.332","ortg":"121.447","drtg":"110.365","bpm":"3.716"},{"game_id":1144,"team_name":"PHI","player_id":"{\"simmobe01\"}","player_name":"{\"Ben Simmons\"}","ts_pct":"0.616","efg_pct":"0.690","three_par":"0.008","ftr":"0.822","orb_pct":"6.714","drb_pct":"16.413","trb_pct":"11.548","ast_pct":"33.224","stl_pct":"2.232","blk_pct":"1.820","tov_pct":"18.896","usg_pct":"17.914","ortg":"126.235","drtg":"111.071","bpm":"4.720"},{"game_id":1144,"team_name":"PHI","player_id":"{\"embiijo01\"}","player_name":"{\"Joel Embiid\"}","ts_pct":"0.665","efg_pct":"0.578","three_par":"0.213","ftr":"0.643","orb_pct":"2.505","drb_pct":"31.636","trb_pct":"17.353","ast_pct":"17.367","stl_pct":"2.316","blk_pct":"3.500","tov_pct":"11.849","usg_pct":"33.360","ortg":"125.976","drtg":"104.659","bpm":"9.340"},{"game_id":1144,"team_name":"PHI","player_id":"{\"curryse01\"}","player_name":"{\"Seth Curry\"}","ts_pct":"0.692","efg_pct":"0.684","three_par":"0.530","ftr":"0.094","orb_pct":"0.884","drb_pct":"6.975","trb_pct":"3.804","ast_pct":"11.693","stl_pct":"0.984","blk_pct":"0.000","tov_pct":"6.221","usg_pct":"18.829","ortg":"133.376","drtg":"117.600","bpm":"2.188"},{"game_id":1144,"team_name":"PHI","player_id":"{\"korkmfu01\"}","player_name":"{\"Furkan Korkmaz\"}","ts_pct":"0.498","efg_pct":"0.493","three_par":"0.612","ftr":"0.146","orb_pct":"2.801","drb_pct":"10.139","trb_pct":"6.524","ast_pct":"3.849","stl_pct":"3.039","blk_pct":"2.132","tov_pct":"6.012","usg_pct":"21.714","ortg":"95.588","drtg":"111.200","bpm":"-3.286"},{"game_id":1144,"team_name":"PHI","player_id":"benchPHI","player_name":"Bench of PHI","ts_pct":"0.576","efg_pct":"0.518","three_par":"0.366","ftr":"0.548","orb_pct":"5.920","drb_pct":"11.857","trb_pct":"8.971","ast_pct":"7.822","stl_pct":"1.943","blk_pct":"2.505","tov_pct":"16.589","usg_pct":"17.335","ortg":"111.702","drtg":"112.098","bpm":"-3.377"}]