[{"game_id":1078,"team_name":"OKC","player_id":"{\"halljo01\"}","player_name":"{\"Josh Hall\"}","ts_pct":"0.236","efg_pct":"0.200","three_par":"0.337","ftr":"0.256","orb_pct":"1.487","drb_pct":"16.278","trb_pct":"7.809","ast_pct":"9.866","stl_pct":"1.152","blk_pct":"0.392","tov_pct":"24.767","usg_pct":"14.155","ortg":"52.106","drtg":"124.600","bpm":"-13.305"},{"game_id":1078,"team_name":"OKC","player_id":"{\"pokusal01\"}","player_name":"{\"Aleksej Pokusevski\"}","ts_pct":"0.416","efg_pct":"0.415","three_par":"0.398","ftr":"0.110","orb_pct":"3.254","drb_pct":"13.069","trb_pct":"8.201","ast_pct":"17.619","stl_pct":"0.878","blk_pct":"0.889","tov_pct":"19.334","usg_pct":"21.138","ortg":"80.318","drtg":"118.565","bpm":"-7.533"},{"game_id":1078,"team_name":"OKC","player_id":"{\"brownmo01\"}","player_name":"{\"Moses Brown\"}","ts_pct":"0.522","efg_pct":"0.503","three_par":"0.000","ftr":"0.649","orb_pct":"17.611","drb_pct":"26.591","trb_pct":"21.858","ast_pct":"0.282","stl_pct":"2.062","blk_pct":"4.039","tov_pct":"10.285","usg_pct":"14.540","ortg":"116.718","drtg":"114.047","bpm":"-4.232"},{"game_id":1078,"team_name":"OKC","player_id":"{\"brownch02\"}","player_name":"{\"Charlie Brown Jr.\"}","ts_pct":"0.461","efg_pct":"0.406","three_par":"0.452","ftr":"0.341","orb_pct":"0.235","drb_pct":"9.527","trb_pct":"4.454","ast_pct":"9.438","stl_pct":"1.464","blk_pct":"0.585","tov_pct":"10.091","usg_pct":"13.918","ortg":"93.494","drtg":"123.094","bpm":"-7.311"},{"game_id":1078,"team_name":"OKC","player_id":"{\"hoardja01\"}","player_name":"{\"Jaylen Hoard\"}","ts_pct":"0.424","efg_pct":"0.415","three_par":"0.046","ftr":"0.297","orb_pct":"4.769","drb_pct":"23.069","trb_pct":"13.107","ast_pct":"14.296","stl_pct":"1.958","blk_pct":"0.471","tov_pct":"2.474","usg_pct":"14.327","ortg":"108.224","drtg":"118.588","bpm":"-0.552"},{"game_id":1078,"team_name":"OKC","player_id":"{\"deckga01\"}","player_name":"{\"Gabriel Deck\"}","ts_pct":"0.596","efg_pct":"0.545","three_par":"0.195","ftr":"0.329","orb_pct":"6.712","drb_pct":"13.290","trb_pct":"9.407","ast_pct":"17.421","stl_pct":"1.943","blk_pct":"0.000","tov_pct":"8.115","usg_pct":"16.546","ortg":"122.679","drtg":"121.074","bpm":"0.772"},{"game_id":1078,"team_name":"OKC","player_id":"benchOKC","player_name":"Bench of OKC","ts_pct":"0.546","efg_pct":"0.503","three_par":"0.267","ftr":"0.352","orb_pct":"5.661","drb_pct":"17.677","trb_pct":"11.017","ast_pct":"11.597","stl_pct":"1.418","blk_pct":"1.610","tov_pct":"16.688","usg_pct":"19.221","ortg":"102.201","drtg":"119.792","bpm":"-4.688"},{"game_id":1078,"team_name":"LAC","player_id":"{\"jacksre01\"}","player_name":"{\"Reggie Jackson\"}","ts_pct":"0.583","efg_pct":"0.565","three_par":"0.630","ftr":"0.083","orb_pct":"1.018","drb_pct":"10.668","trb_pct":"6.281","ast_pct":"16.212","stl_pct":"1.440","blk_pct":"0.520","tov_pct":"11.012","usg_pct":"20.642","ortg":"110.376","drtg":"110.071","bpm":"0.956"},{"game_id":1078,"team_name":"LAC","player_id":"{\"pattepa01\"}","player_name":"{\"Patrick Patterson\"}","ts_pct":"0.431","efg_pct":"0.431","three_par":"0.680","ftr":"0.032","orb_pct":"3.298","drb_pct":"10.641","trb_pct":"6.822","ast_pct":"2.478","stl_pct":"0.708","blk_pct":"0.518","tov_pct":"2.259","usg_pct":"13.566","ortg":"87.388","drtg":"119.247","bpm":"-4.441"},{"game_id":1078,"team_name":"LAC","player_id":"{\"oturuda01\"}","player_name":"{\"Daniel Oturu\"}","ts_pct":"0.417","efg_pct":"0.412","three_par":"0.000","ftr":"0.447","orb_pct":"14.353","drb_pct":"17.676","trb_pct":"15.673","ast_pct":"3.928","stl_pct":"0.719","blk_pct":"5.688","tov_pct":"7.876","usg_pct":"8.199","ortg":"84.988","drtg":"107.800","bpm":"-2.820"},{"game_id":1078,"team_name":"LAC","player_id":"{\"scrubja01\"}","player_name":"{\"Jay Scrubb\"}","ts_pct":"0.532","efg_pct":"0.492","three_par":"0.113","ftr":"0.735","orb_pct":"0.000","drb_pct":"15.625","trb_pct":"8.297","ast_pct":"0.000","stl_pct":"1.300","blk_pct":"0.000","tov_pct":"32.686","usg_pct":"33.025","ortg":"59.278","drtg":"109.500","bpm":"-19.458"},{"game_id":1078,"team_name":"LAC","player_id":"{\"kennalu01\"}","player_name":"{\"Luke Kennard\"}","ts_pct":"0.573","efg_pct":"0.569","three_par":"0.654","ftr":"0.029","orb_pct":"1.094","drb_pct":"12.331","trb_pct":"7.453","ast_pct":"20.032","stl_pct":"0.412","blk_pct":"0.162","tov_pct":"4.965","usg_pct":"14.656","ortg":"145.812","drtg":"113.624","bpm":"2.651"},{"game_id":1078,"team_name":"LAC","player_id":"{\"ferreyo01\"}","player_name":"{\"Yogi Ferrell\"}","ts_pct":"0.459","efg_pct":"0.440","three_par":"0.471","ftr":"0.098","orb_pct":"0.966","drb_pct":"5.949","trb_pct":"3.274","ast_pct":"28.171","stl_pct":"1.539","blk_pct":"1.298","tov_pct":"1.902","usg_pct":"16.406","ortg":"129.129","drtg":"114.024","bpm":"3.445"},{"game_id":1078,"team_name":"LAC","player_id":"benchLAC","player_name":"Bench of LAC","ts_pct":"0.566","efg_pct":"0.543","three_par":"0.354","ftr":"0.224","orb_pct":"7.926","drb_pct":"19.188","trb_pct":"13.796","ast_pct":"13.169","stl_pct":"0.709","blk_pct":"2.268","tov_pct":"10.036","usg_pct":"16.889","ortg":"117.025","drtg":"110.373","bpm":"2.173"}]