[{"game_id":1213,"team_name":"DET","player_id":"teamDET","player_name":"Team name: DET","fg":"37.931","fga":"88.589","fg_pct":"0.428","three_p":"10.646","three_pa":"31.526","three_p_pct":"0.338","ft":"17.029","fta":"22.617","ft_pct":"0.753","orb":"10.589","drb":"32.537","trb":"43.126","ast":"22.023","stl":"7.286","blk":"4.766","tov":"12.989","pf":"23.103","pts":"103.537"},{"game_id":1213,"team_name":"IND","player_id":"teamIND","player_name":"Team name: IND","fg":"37.914","fga":"87.400","fg_pct":"0.434","three_p":"9.674","three_pa":"27.074","three_p_pct":"0.357","ft":"15.583","fta":"20.600","ft_pct":"0.756","orb":"8.526","drb":"30.989","trb":"39.514","ast":"23.291","stl":"7.977","blk":"3.989","tov":"12.223","pf":"21.903","pts":"101.086"}]