[{"game_id":1071,"team_name":"ATL","player_id":"teamATL","player_name":"Team name: ATL","fg":"41.709","fga":"86.703","fg_pct":"0.481","three_p":"11.926","three_pa":"31.806","three_p_pct":"0.375","ft":"19.257","fta":"23.263","ft_pct":"0.828","orb":"9.937","drb":"36.880","trb":"46.817","ast":"23.434","stl":"6.589","blk":"5.029","tov":"12.394","pf":"18.823","pts":"114.600"},{"game_id":1071,"team_name":"HOU","player_id":"teamHOU","player_name":"Team name: HOU","fg":"42.320","fga":"89.354","fg_pct":"0.474","three_p":"16.177","three_pa":"42.177","three_p_pct":"0.384","ft":"17.063","fta":"23.017","ft_pct":"0.741","orb":"9.640","drb":"33.303","trb":"42.943","ast":"27.371","stl":"7.189","blk":"4.029","tov":"14.749","pf":"20.251","pts":"117.880"}]