[{"game_id":1241,"team_name":"BRK","player_id":"{\"kurucro01\"}","player_name":"{\"Rodions Kurucs\"}","fg":"1.835","fga":"4.741","fg_pct":"0.387","three_p":"0.529","three_pa":"1.729","three_p_pct":"0.306","ft":"1.188","fta":"1.965","ft_pct":"0.605","orb":"1.176","drb":"3.306","trb":"4.482","ast":"0.518","stl":"0.576","blk":"0.000","tov":"0.871","pf":"2.059","pts":"5.388"},{"game_id":1241,"team_name":"BRK","player_id":"{\"musadz01\"}","player_name":"{\"Džanan Musa\"}","fg":"0.847","fga":"1.894","fg_pct":"0.447","three_p":"0.118","three_pa":"0.859","three_p_pct":"0.137","ft":"0.000","fta":"0.000","ft_pct":"NaN","orb":"0.000","drb":"0.294","trb":"0.294","ast":"0.118","stl":"0.271","blk":"0.000","tov":"0.635","pf":"0.588","pts":"1.812"},{"game_id":1241,"team_name":"BRK","player_id":"{\"irvinky01\"}","player_name":"{\"Kyrie Irving\"}","fg":"9.400","fga":"22.435","fg_pct":"0.419","three_p":"2.647","three_pa":"8.188","three_p_pct":"0.323","ft":"6.271","fta":"6.906","ft_pct":"0.908","orb":"0.847","drb":"4.188","trb":"5.035","ast":"6.176","stl":"1.482","blk":"0.482","tov":"2.565","pf":"2.753","pts":"27.718"},{"game_id":1241,"team_name":"BRK","player_id":"{\"princta02\"}","player_name":"{\"Taurean Prince\"}","fg":"4.529","fga":"11.824","fg_pct":"0.383","three_p":"2.400","three_pa":"6.800","three_p_pct":"0.353","ft":"1.788","fta":"2.588","ft_pct":"0.691","orb":"0.588","drb":"4.094","trb":"4.682","ast":"1.882","stl":"0.800","blk":"0.565","tov":"1.835","pf":"2.494","pts":"13.247"},{"game_id":1241,"team_name":"BRK","player_id":"{\"harrijo01\"}","player_name":"{\"Joe Harris\"}","fg":"4.365","fga":"9.576","fg_pct":"0.456","three_p":"2.212","three_pa":"5.529","three_p_pct":"0.400","ft":"0.706","fta":"0.906","ft_pct":"0.779","orb":"1.012","drb":"2.635","trb":"3.647","ast":"0.965","stl":"0.612","blk":"0.118","tov":"2.129","pf":"2.459","pts":"11.647"},{"game_id":1241,"team_name":"BRK","player_id":"{\"leverca01\"}","player_name":"{\"Caris LeVert\"}","fg":"7.224","fga":"15.224","fg_pct":"0.475","three_p":"1.976","three_pa":"4.824","three_p_pct":"0.410","ft":"2.729","fta":"4.294","ft_pct":"0.636","orb":"1.318","drb":"3.035","trb":"4.353","ast":"3.682","stl":"1.035","blk":"0.141","tov":"3.294","pf":"1.871","pts":"19.153"},{"game_id":1241,"team_name":"BRK","player_id":"benchBRK","player_name":"Bench of BRK","fg":"3.031","fga":"6.531","fg_pct":"0.464","three_p":"0.466","three_pa":"1.685","three_p_pct":"0.277","ft":"2.387","fta":"3.319","ft_pct":"0.719","orb":"1.733","drb":"3.947","trb":"5.680","ast":"2.060","stl":"0.599","blk":"0.652","tov":"1.577","pf":"2.240","pts":"8.914"},{"game_id":1241,"team_name":"HOU","player_id":"{\"hardeja01\"}","player_name":"{\"James Harden\"}","fg":"10.271","fga":"24.376","fg_pct":"0.421","three_p":"3.847","three_pa":"13.306","three_p_pct":"0.289","ft":"12.271","fta":"13.682","ft_pct":"0.897","orb":"0.718","drb":"4.788","trb":"5.506","ast":"7.212","stl":"1.612","blk":"0.518","tov":"4.776","pf":"3.824","pts":"36.659"},{"game_id":1241,"team_name":"HOU","player_id":"{\"westbru01\"}","player_name":"{\"Russell Westbrook\"}","fg":"8.024","fga":"18.859","fg_pct":"0.425","three_p":"1.694","three_pa":"5.235","three_p_pct":"0.324","ft":"4.482","fta":"5.894","ft_pct":"0.760","orb":"2.424","drb":"8.141","trb":"10.565","ast":"10.824","stl":"1.353","blk":"0.612","tov":"4.259","pf":"3.329","pts":"22.224"},{"game_id":1241,"team_name":"HOU","player_id":"{\"tuckepj01\"}","player_name":"{\"P.J. Tucker\"}","fg":"4.671","fga":"8.482","fg_pct":"0.551","three_p":"2.729","three_pa":"4.965","three_p_pct":"0.550","ft":"1.247","fta":"1.247","ft_pct":"1.000","orb":"2.012","drb":"5.259","trb":"7.271","ast":"2.071","stl":"1.765","blk":"0.588","tov":"0.894","pf":"3.894","pts":"13.318"},{"game_id":1241,"team_name":"HOU","player_id":"{\"houseda01\"}","player_name":"{\"Danuel House Jr.\"}","fg":"2.412","fga":"6.247","fg_pct":"0.386","three_p":"1.871","three_pa":"4.800","three_p_pct":"0.390","ft":"1.435","fta":"1.824","ft_pct":"0.787","orb":"0.706","drb":"3.729","trb":"4.435","ast":"0.506","stl":"0.565","blk":"0.588","tov":"0.553","pf":"1.365","pts":"8.129"},{"game_id":1241,"team_name":"HOU","player_id":"{\"gordoer01\"}","player_name":"{\"Eric Gordon\"}","fg":"5.435","fga":"14.306","fg_pct":"0.380","three_p":"2.929","three_pa":"9.706","three_p_pct":"0.302","ft":"1.541","fta":"1.776","ft_pct":"0.868","orb":"0.471","drb":"1.212","trb":"1.682","ast":"1.306","stl":"0.518","blk":"0.341","tov":"1.635","pf":"2.271","pts":"15.341"},{"game_id":1241,"team_name":"HOU","player_id":"{\"mclembe01\"}","player_name":"{\"Ben McLemore\"}","fg":"1.294","fga":"3.012","fg_pct":"0.430","three_p":"0.929","three_pa":"2.318","three_p_pct":"0.401","ft":"0.353","fta":"0.529","ft_pct":"0.667","orb":"0.106","drb":"0.376","trb":"0.482","ast":"0.118","stl":"0.329","blk":"0.106","tov":"0.353","pf":"0.706","pts":"3.871"},{"game_id":1241,"team_name":"HOU","player_id":"benchHOU","player_name":"Bench of HOU","fg":"3.238","fga":"5.763","fg_pct":"0.562","three_p":"0.506","three_pa":"1.314","three_p_pct":"0.385","ft":"0.771","fta":"1.643","ft_pct":"0.469","orb":"1.395","drb":"3.444","trb":"4.839","ast":"0.967","stl":"0.361","blk":"0.608","tov":"1.053","pf":"2.517","pts":"7.753"}]