[{"game_id":1040,"team_name":"DAL","player_id":"teamDAL","player_name":"Team name: DAL","fg":"42.474","fga":"87.966","fg_pct":"0.483","three_p":"13.926","three_pa":"37.109","three_p_pct":"0.375","ft":"16.400","fta":"20.691","ft_pct":"0.793","orb":"10.509","drb":"31.286","trb":"41.794","ast":"24.160","stl":"8.206","blk":"4.023","tov":"11.663","pf":"18.846","pts":"115.274"},{"game_id":1040,"team_name":"NOP","player_id":"teamNOP","player_name":"Team name: NOP","fg":"42.669","fga":"93.697","fg_pct":"0.455","three_p":"10.257","three_pa":"29.949","three_p_pct":"0.342","ft":"17.526","fta":"25.766","ft_pct":"0.680","orb":"12.994","drb":"37.234","trb":"50.229","ast":"26.554","stl":"10.354","blk":"4.943","tov":"15.149","pf":"18.097","pts":"113.120"}]