[{"game_id":1011,"team_name":"UTA","player_id":"teamUTA","player_name":"Team name: UTA","fg":"41.960","fga":"85.343","fg_pct":"0.492","three_p":"17.240","three_pa":"42.634","three_p_pct":"0.404","ft":"14.194","fta":"17.366","ft_pct":"0.817","orb":"9.251","drb":"37.526","trb":"46.777","ast":"25.286","stl":"6.937","blk":"4.571","tov":"14.366","pf":"17.217","pts":"115.354"},{"game_id":1011,"team_name":"HOU","player_id":"teamHOU","player_name":"Team name: HOU","fg":"39.640","fga":"89.714","fg_pct":"0.442","three_p":"14.280","three_pa":"42.366","three_p_pct":"0.337","ft":"15.994","fta":"22.143","ft_pct":"0.722","orb":"10.154","drb":"33.743","trb":"43.897","ast":"24.297","stl":"7.800","blk":"4.274","tov":"15.389","pf":"18.366","pts":"109.554"}]