[{"game_id":1013,"team_name":"LAC","player_id":"teamLAC","player_name":"Team name: LAC","fg":"39.571","fga":"84.137","fg_pct":"0.470","three_p":"14.257","three_pa":"35.143","three_p_pct":"0.406","ft":"16.023","fta":"19.657","ft_pct":"0.815","orb":"9.000","drb":"35.423","trb":"44.423","ast":"24.480","stl":"5.966","blk":"3.554","tov":"14.829","pf":"19.794","pts":"109.423"},{"game_id":1013,"team_name":"NYK","player_id":"teamNYK","player_name":"Team name: NYK","fg":"42.040","fga":"86.554","fg_pct":"0.486","three_p":"14.246","three_pa":"32.291","three_p_pct":"0.441","ft":"16.051","fta":"19.931","ft_pct":"0.805","orb":"7.537","drb":"34.526","trb":"42.063","ast":"22.926","stl":"6.474","blk":"5.297","tov":"11.217","pf":"20.349","pts":"114.377"}]