[{"game_id":1086,"team_name":"GSW","player_id":"teamGSW","player_name":"Team name: GSW","fg":"42.097","fga":"86.686","fg_pct":"0.486","three_p":"17.034","three_pa":"43.097","three_p_pct":"0.395","ft":"15.737","fta":"19.114","ft_pct":"0.823","orb":"7.931","drb":"37.006","trb":"44.937","ast":"28.126","stl":"7.149","blk":"4.743","tov":"14.811","pf":"20.166","pts":"116.966"},{"game_id":1086,"team_name":"MEM","player_id":"teamMEM","player_name":"Team name: MEM","fg":"41.977","fga":"89.269","fg_pct":"0.470","three_p":"11.017","three_pa":"31.897","three_p_pct":"0.345","ft":"16.520","fta":"23.377","ft_pct":"0.707","orb":"11.389","drb":"36.246","trb":"47.634","ast":"26.314","stl":"7.223","blk":"7.771","tov":"12.783","pf":"17.583","pts":"111.491"}]