[{"game_id":1167,"team_name":"PHO","player_id":"{\"payneca01\"}","player_name":"{\"Cameron Payne\"}","ts_pct":"0.457","efg_pct":"0.447","three_par":"0.359","ftr":"0.039","orb_pct":"0.994","drb_pct":"12.324","trb_pct":"6.884","ast_pct":"28.604","stl_pct":"1.212","blk_pct":"1.398","tov_pct":"11.365","usg_pct":"26.609","ortg":"96.012","drtg":"111.824","bpm":"-1.189"},{"game_id":1167,"team_name":"PHO","player_id":"{\"craigto01\"}","player_name":"{\"Torrey Craig\"}","ts_pct":"0.457","efg_pct":"0.442","three_par":"0.401","ftr":"0.145","orb_pct":"9.189","drb_pct":"11.424","trb_pct":"10.412","ast_pct":"2.566","stl_pct":"0.240","blk_pct":"1.568","tov_pct":"10.333","usg_pct":"10.673","ortg":"94.965","drtg":"111.435","bpm":"-11.348"},{"game_id":1167,"team_name":"PHO","player_id":"{\"bookede01\"}","player_name":"{\"Devin Booker\"}","ts_pct":"0.504","efg_pct":"0.423","three_par":"0.295","ftr":"0.346","orb_pct":"1.146","drb_pct":"13.571","trb_pct":"7.699","ast_pct":"15.544","stl_pct":"1.688","blk_pct":"0.409","tov_pct":"12.972","usg_pct":"32.128","ortg":"97.953","drtg":"110.694","bpm":"-2.346"},{"game_id":1167,"team_name":"PHO","player_id":"{\"aytonde01\"}","player_name":"{\"Deandre Ayton\"}","ts_pct":"0.690","efg_pct":"0.682","three_par":"0.000","ftr":"0.193","orb_pct":"11.113","drb_pct":"29.547","trb_pct":"20.631","ast_pct":"4.349","stl_pct":"0.919","blk_pct":"3.242","tov_pct":"9.196","usg_pct":"16.676","ortg":"134.882","drtg":"105.906","bpm":"4.446"},{"game_id":1167,"team_name":"PHO","player_id":"{\"paulch01\"}","player_name":"{\"Chris Paul\"}","ts_pct":"0.622","efg_pct":"0.571","three_par":"0.253","ftr":"0.259","orb_pct":"1.467","drb_pct":"9.672","trb_pct":"5.832","ast_pct":"42.924","stl_pct":"2.045","blk_pct":"0.233","tov_pct":"7.279","usg_pct":"27.538","ortg":"134.400","drtg":"109.400","bpm":"10.364"},{"game_id":1167,"team_name":"PHO","player_id":"{\"bridgmi01\"}","player_name":"{\"Mikal Bridges\"}","ts_pct":"0.569","efg_pct":"0.549","three_par":"0.367","ftr":"0.118","orb_pct":"2.948","drb_pct":"9.844","trb_pct":"6.422","ast_pct":"8.393","stl_pct":"0.789","blk_pct":"1.438","tov_pct":"5.860","usg_pct":"14.056","ortg":"118.459","drtg":"112.671","bpm":"0.356"},{"game_id":1167,"team_name":"PHO","player_id":"benchPHO","player_name":"Bench of PHO","ts_pct":"0.527","efg_pct":"0.499","three_par":"0.536","ftr":"0.168","orb_pct":"2.739","drb_pct":"17.193","trb_pct":"10.354","ast_pct":"11.236","stl_pct":"1.243","blk_pct":"1.954","tov_pct":"11.037","usg_pct":"14.929","ortg":"98.092","drtg":"107.730","bpm":"-0.064"},{"game_id":1167,"team_name":"MIL","player_id":"{\"forbebr01\"}","player_name":"{\"Bryn Forbes\"}","ts_pct":"0.473","efg_pct":"0.473","three_par":"0.701","ftr":"0.000","orb_pct":"1.736","drb_pct":"9.622","trb_pct":"5.584","ast_pct":"4.278","stl_pct":"0.000","blk_pct":"0.508","tov_pct":"5.245","usg_pct":"19.120","ortg":"97.529","drtg":"118.494","bpm":"-6.435"},{"game_id":1167,"team_name":"MIL","player_id":"{\"portibo01\"}","player_name":"{\"Bobby Portis\"}","ts_pct":"0.479","efg_pct":"0.455","three_par":"0.329","ftr":"0.191","orb_pct":"8.561","drb_pct":"20.339","trb_pct":"14.309","ast_pct":"7.013","stl_pct":"1.712","blk_pct":"1.967","tov_pct":"4.905","usg_pct":"20.340","ortg":"106.435","drtg":"108.882","bpm":"-0.415"},{"game_id":1167,"team_name":"MIL","player_id":"{\"middlkh01\"}","player_name":"{\"Khris Middleton\"}","ts_pct":"0.558","efg_pct":"0.518","three_par":"0.424","ftr":"0.208","orb_pct":"4.193","drb_pct":"17.479","trb_pct":"10.786","ast_pct":"23.062","stl_pct":"2.289","blk_pct":"0.418","tov_pct":"13.178","usg_pct":"28.144","ortg":"112.459","drtg":"111.706","bpm":"3.215"},{"game_id":1167,"team_name":"MIL","player_id":"{\"antetgi01\"}","player_name":"{\"Giannis Antetokounmpo\"}","ts_pct":"0.615","efg_pct":"0.619","three_par":"0.142","ftr":"0.504","orb_pct":"6.384","drb_pct":"31.781","trb_pct":"18.495","ast_pct":"22.384","stl_pct":"1.466","blk_pct":"2.527","tov_pct":"11.893","usg_pct":"30.267","ortg":"118.694","drtg":"106.659","bpm":"8.476"},{"game_id":1167,"team_name":"MIL","player_id":"{\"holidjr01\"}","player_name":"{\"Jrue Holiday\"}","ts_pct":"0.479","efg_pct":"0.451","three_par":"0.389","ftr":"0.196","orb_pct":"3.053","drb_pct":"12.518","trb_pct":"7.692","ast_pct":"33.818","stl_pct":"1.759","blk_pct":"1.514","tov_pct":"12.865","usg_pct":"24.220","ortg":"108.835","drtg":"113.565","bpm":"1.811"},{"game_id":1167,"team_name":"MIL","player_id":"{\"tuckepj01\"}","player_name":"{\"P.J. Tucker\"}","ts_pct":"0.447","efg_pct":"0.422","three_par":"0.596","ftr":"0.188","orb_pct":"7.104","drb_pct":"13.420","trb_pct":"10.273","ast_pct":"5.166","stl_pct":"1.846","blk_pct":"0.589","tov_pct":"4.542","usg_pct":"7.926","ortg":"121.165","drtg":"113.306","bpm":"-1.432"},{"game_id":1167,"team_name":"MIL","player_id":"benchMIL","player_name":"Bench of MIL","ts_pct":"0.523","efg_pct":"0.504","three_par":"0.424","ftr":"0.106","orb_pct":"4.283","drb_pct":"9.422","trb_pct":"6.810","ast_pct":"6.694","stl_pct":"1.554","blk_pct":"2.374","tov_pct":"10.890","usg_pct":"14.250","ortg":"100.842","drtg":"113.111","bpm":"-1.135"}]