[{"game_id":1252,"team_name":"WAS","player_id":"teamWAS","player_name":"Team name: WAS","fg":"43.897","fga":"95.006","fg_pct":"0.462","three_p":"12.143","three_pa":"34.966","three_p_pct":"0.347","ft":"15.331","fta":"19.857","ft_pct":"0.772","orb":"11.034","drb":"34.103","trb":"45.137","ast":"26.297","stl":"6.571","blk":"5.011","tov":"13.326","pf":"20.497","pts":"115.269"},{"game_id":1252,"team_name":"MIN","player_id":"teamMIN","player_name":"Team name: MIN","fg":"41.057","fga":"90.583","fg_pct":"0.453","three_p":"11.417","three_pa":"34.657","three_p_pct":"0.329","ft":"18.331","fta":"23.503","ft_pct":"0.780","orb":"8.891","drb":"32.509","trb":"41.400","ast":"24.337","stl":"9.651","blk":"3.960","tov":"13.920","pf":"20.434","pts":"111.863"}]