[{"game_id":1036,"team_name":"SAC","player_id":"teamSAC","player_name":"Team name: SAC","fg":"42.057","fga":"85.897","fg_pct":"0.490","three_p":"12.223","three_pa":"32.594","three_p_pct":"0.375","ft":"14.989","fta":"19.097","ft_pct":"0.785","orb":"7.846","drb":"32.623","trb":"40.469","ast":"25.800","stl":"8.989","blk":"5.686","tov":"14.154","pf":"18.269","pts":"111.326"},{"game_id":1036,"team_name":"OKC","player_id":"teamOKC","player_name":"Team name: OKC","fg":"37.217","fga":"91.389","fg_pct":"0.407","three_p":"10.223","three_pa":"35.223","three_p_pct":"0.290","ft":"16.891","fta":"24.360","ft_pct":"0.693","orb":"12.657","drb":"32.411","trb":"45.069","ast":"21.497","stl":"8.149","blk":"2.966","tov":"16.063","pf":"18.114","pts":"101.549"}]