[{"game_id":1044,"team_name":"IND","player_id":"teamIND","player_name":"Team name: IND","ts_pct":"0.597","efg_pct":"0.563","three_par":"0.358","ftr":"0.239","orb_pct":"3.853","drb_pct":"14.263","trb_pct":"9.529","ast_pct":"14.504","stl_pct":"1.373","blk_pct":"2.548","tov_pct":"12.725","usg_pct":"20.177","ortg":"114.427","drtg":"117.484","bpm":"-2.251"},{"game_id":1044,"team_name":"MIL","player_id":"teamMIL","player_name":"Team name: MIL","ts_pct":"0.565","efg_pct":"0.526","three_par":"0.462","ftr":"0.279","orb_pct":"5.177","drb_pct":"15.157","trb_pct":"10.169","ast_pct":"12.628","stl_pct":"2.171","blk_pct":"1.701","tov_pct":"11.808","usg_pct":"19.905","ortg":"111.446","drtg":"123.213","bpm":"-0.822"}]