[{"game_id":1030,"team_name":"CHI","player_id":"teamCHI","player_name":"Team name: CHI","ts_pct":"0.604","efg_pct":"0.561","three_par":"0.421","ftr":"0.261","orb_pct":"4.239","drb_pct":"17.384","trb_pct":"10.817","ast_pct":"19.432","stl_pct":"2.332","blk_pct":"1.260","tov_pct":"14.980","usg_pct":"22.790","ortg":"126.055","drtg":"126.469","bpm":"0.687"},{"game_id":1030,"team_name":"BRK","player_id":"teamBRK","player_name":"Team name: BRK","ts_pct":"0.549","efg_pct":"0.496","three_par":"0.402","ftr":"0.386","orb_pct":"5.452","drb_pct":"15.772","trb_pct":"10.956","ast_pct":"14.018","stl_pct":"1.452","blk_pct":"1.461","tov_pct":"12.595","usg_pct":"18.826","ortg":"111.731","drtg":"113.309","bpm":"0.157"}]