[{"game_id":1061,"team_name":"BRK","player_id":"{\"duranke01\"}","player_name":"{\"Kevin Durant\"}","fg":"9.059","fga":"16.929","fg_pct":"0.535","three_p":"2.200","three_pa":"5.165","three_p_pct":"0.426","ft":"5.729","fta":"6.353","ft_pct":"0.902","orb":"0.306","drb":"7.059","trb":"7.365","ast":"5.624","stl":"1.059","blk":"1.718","tov":"2.541","pf":"1.965","pts":"26.047"},{"game_id":1061,"team_name":"BRK","player_id":"{\"irvinky01\"}","player_name":"{\"Kyrie Irving\"}","fg":"9.647","fga":"20.071","fg_pct":"0.481","three_p":"3.565","three_pa":"7.941","three_p_pct":"0.449","ft":"3.894","fta":"4.153","ft_pct":"0.938","orb":"0.659","drb":"3.694","trb":"4.353","ast":"5.553","stl":"1.776","blk":"0.824","tov":"2.459","pf":"2.482","pts":"26.753"},{"game_id":1061,"team_name":"BRK","player_id":"{\"brownbr01\"}","player_name":"{\"Bruce Brown\"}","fg":"3.906","fga":"6.212","fg_pct":"0.629","three_p":"0.376","three_pa":"0.824","three_p_pct":"0.456","ft":"1.118","fta":"1.565","ft_pct":"0.714","orb":"1.824","drb":"4.976","trb":"6.800","ast":"1.047","stl":"0.400","blk":"0.600","tov":"0.318","pf":"2.306","pts":"9.306"},{"game_id":1061,"team_name":"BRK","player_id":"{\"shamela01\"}","player_name":"{\"Landry Shamet\"}","fg":"2.682","fga":"7.035","fg_pct":"0.381","three_p":"1.788","three_pa":"5.094","three_p_pct":"0.351","ft":"1.212","fta":"1.565","ft_pct":"0.774","orb":"0.153","drb":"1.765","trb":"1.918","ast":"2.106","stl":"0.506","blk":"0.494","tov":"0.529","pf":"1.671","pts":"8.365"},{"game_id":1061,"team_name":"BRK","player_id":"{\"claxtni01\"}","player_name":"{\"Nic Claxton\"}","fg":"2.553","fga":"3.412","fg_pct":"0.748","three_p":"0.000","three_pa":"0.082","three_p_pct":"0.000","ft":"1.082","fta":"2.400","ft_pct":"0.451","orb":"1.035","drb":"5.035","trb":"6.071","ast":"0.635","stl":"1.012","blk":"1.000","tov":"0.600","pf":"2.200","pts":"6.188"},{"game_id":1061,"team_name":"BRK","player_id":"{\"hardeja01\"}","player_name":"{\"James Harden\"}","fg":"7.153","fga":"16.282","fg_pct":"0.439","three_p":"1.859","three_pa":"5.976","three_p_pct":"0.311","ft":"7.094","fta":"8.329","ft_pct":"0.852","orb":"0.541","drb":"7.082","trb":"7.624","ast":"9.741","stl":"1.224","blk":"0.553","tov":"3.306","pf":"2.165","pts":"23.259"},{"game_id":1061,"team_name":"BRK","player_id":"benchBRK","player_name":"Bench of BRK","fg":"2.424","fga":"5.223","fg_pct":"0.464","three_p":"0.881","three_pa":"2.456","three_p_pct":"0.359","ft":"1.131","fta":"1.305","ft_pct":"0.867","orb":"0.846","drb":"2.527","trb":"3.372","ast":"1.552","stl":"0.313","blk":"0.154","tov":"0.720","pf":"1.431","pts":"6.860"},{"game_id":1061,"team_name":"CHI","player_id":"{\"whiteco01\"}","player_name":"{\"Coby White\"}","fg":"6.659","fga":"15.047","fg_pct":"0.443","three_p":"3.859","three_pa":"9.035","three_p_pct":"0.427","ft":"0.965","fta":"1.200","ft_pct":"0.804","orb":"0.329","drb":"3.565","trb":"3.894","ast":"5.729","stl":"0.565","blk":"0.247","tov":"2.094","pf":"3.012","pts":"18.141"},{"game_id":1061,"team_name":"CHI","player_id":"{\"willipa01\"}","player_name":"{\"Patrick Williams\"}","fg":"2.953","fga":"6.306","fg_pct":"0.468","three_p":"0.635","three_pa":"1.576","three_p_pct":"0.403","ft":"1.224","fta":"2.176","ft_pct":"0.563","orb":"0.918","drb":"3.000","trb":"3.918","ast":"1.400","stl":"0.835","blk":"0.659","tov":"1.353","pf":"1.235","pts":"7.765"},{"game_id":1061,"team_name":"CHI","player_id":"{\"markkla01\"}","player_name":"{\"Lauri Markkanen\"}","fg":"3.529","fga":"7.176","fg_pct":"0.492","three_p":"2.247","three_pa":"5.129","three_p_pct":"0.438","ft":"0.729","fta":"0.988","ft_pct":"0.738","orb":"0.682","drb":"4.612","trb":"5.294","ast":"0.729","stl":"0.788","blk":"0.365","tov":"0.812","pf":"1.847","pts":"10.035"},{"game_id":1061,"team_name":"CHI","player_id":"{\"vucevni01\"}","player_name":"{\"Nikola Vučević\"}","fg":"8.824","fga":"20.447","fg_pct":"0.432","three_p":"2.271","three_pa":"6.600","three_p_pct":"0.344","ft":"0.976","fta":"1.118","ft_pct":"0.873","orb":"2.459","drb":"12.129","trb":"14.588","ast":"4.918","stl":"0.612","blk":"0.612","tov":"1.765","pf":"2.106","pts":"20.894"},{"game_id":1061,"team_name":"CHI","player_id":"{\"youngth01\"}","player_name":"{\"Thaddeus Young\"}","fg":"4.176","fga":"9.329","fg_pct":"0.448","three_p":"0.259","three_pa":"0.824","three_p_pct":"0.314","ft":"1.200","fta":"1.824","ft_pct":"0.658","orb":"2.365","drb":"3.765","trb":"6.129","ast":"4.882","stl":"0.847","blk":"0.588","tov":"2.271","pf":"1.671","pts":"9.812"},{"game_id":1061,"team_name":"CHI","player_id":"{\"templga01\"}","player_name":"{\"Garrett Temple\"}","fg":"2.153","fga":"5.529","fg_pct":"0.389","three_p":"0.706","three_pa":"2.494","three_p_pct":"0.283","ft":"0.824","fta":"1.153","ft_pct":"0.715","orb":"0.553","drb":"2.741","trb":"3.294","ast":"2.376","stl":"0.671","blk":"0.882","tov":"0.718","pf":"2.447","pts":"5.835"},{"game_id":1061,"team_name":"CHI","player_id":"benchCHI","player_name":"Bench of CHI","fg":"0.737","fga":"1.563","fg_pct":"0.472","three_p":"0.272","three_pa":"0.695","three_p_pct":"0.391","ft":"0.166","fta":"0.248","ft_pct":"0.669","orb":"0.108","drb":"0.491","trb":"0.599","ast":"0.523","stl":"0.193","blk":"0.020","tov":"0.266","pf":"0.454","pts":"1.911"}]