[{"game_id":1062,"team_name":"NYK","player_id":"{\"toppiob01\"}","player_name":"{\"Obi Toppin\"}","fg":"1.871","fga":"3.329","fg_pct":"0.562","three_p":"0.647","three_pa":"1.459","three_p_pct":"0.443","ft":"0.247","fta":"0.329","ft_pct":"0.751","orb":"0.529","drb":"1.647","trb":"2.176","ast":"0.635","stl":"0.471","blk":"0.318","tov":"0.165","pf":"0.894","pts":"4.635"},{"game_id":1062,"team_name":"NYK","player_id":"{\"randlju01\"}","player_name":"{\"Julius Randle\"}","fg":"8.588","fga":"20.212","fg_pct":"0.425","three_p":"2.329","three_pa":"6.200","three_p_pct":"0.376","ft":"4.918","fta":"5.518","ft_pct":"0.891","orb":"0.788","drb":"8.129","trb":"8.918","ast":"5.282","stl":"0.388","blk":"0.176","tov":"2.988","pf":"3.188","pts":"24.424"},{"game_id":1062,"team_name":"NYK","player_id":"{\"bullore01\"}","player_name":"{\"Reggie Bullock\"}","fg":"4.176","fga":"10.200","fg_pct":"0.409","three_p":"2.671","three_pa":"7.376","three_p_pct":"0.362","ft":"1.706","fta":"1.776","ft_pct":"0.961","orb":"0.435","drb":"3.282","trb":"3.718","ast":"2.082","stl":"1.059","blk":"0.129","tov":"0.800","pf":"2.847","pts":"12.729"},{"game_id":1062,"team_name":"NYK","player_id":"{\"noelne01\"}","player_name":"{\"Nerlens Noel\"}","fg":"1.824","fga":"3.106","fg_pct":"0.587","three_p":"0.000","three_pa":"0.082","three_p_pct":"0.000","ft":"1.212","fta":"1.482","ft_pct":"0.818","orb":"2.012","drb":"3.141","trb":"5.153","ast":"0.776","stl":"1.141","blk":"2.000","tov":"0.612","pf":"3.141","pts":"4.859"},{"game_id":1062,"team_name":"NYK","player_id":"{\"burksal01\"}","player_name":"{\"Alec Burks\"}","fg":"3.988","fga":"10.000","fg_pct":"0.399","three_p":"1.965","three_pa":"4.965","three_p_pct":"0.396","ft":"1.729","fta":"2.082","ft_pct":"0.830","orb":"0.000","drb":"5.035","trb":"5.035","ast":"2.047","stl":"0.118","blk":"0.447","tov":"0.788","pf":"1.847","pts":"11.671"},{"game_id":1062,"team_name":"NYK","player_id":"{\"barrerj01\"}","player_name":"{\"RJ Barrett\"}","fg":"6.247","fga":"16.412","fg_pct":"0.381","three_p":"3.165","three_pa":"7.294","three_p_pct":"0.434","ft":"2.529","fta":"3.200","ft_pct":"0.790","orb":"0.388","drb":"6.247","trb":"6.635","ast":"3.447","stl":"0.859","blk":"0.306","tov":"1.471","pf":"2.294","pts":"18.188"},{"game_id":1062,"team_name":"NYK","player_id":"benchNYK","player_name":"Bench of NYK","fg":"3.728","fga":"7.219","fg_pct":"0.516","three_p":"0.965","three_pa":"1.976","three_p_pct":"0.488","ft":"1.348","fta":"1.578","ft_pct":"0.854","orb":"0.642","drb":"2.530","trb":"3.172","ast":"2.286","stl":"0.637","blk":"0.484","tov":"1.012","pf":"1.698","pts":"9.770"},{"game_id":1062,"team_name":"CHO","player_id":"{\"roziete01\"}","player_name":"{\"Terry Rozier\"}","fg":"7.541","fga":"18.412","fg_pct":"0.410","three_p":"2.882","three_pa":"8.588","three_p_pct":"0.336","ft":"2.812","fta":"3.576","ft_pct":"0.786","orb":"1.188","drb":"3.271","trb":"4.459","ast":"4.706","stl":"1.176","blk":"0.259","tov":"1.718","pf":"1.447","pts":"20.776"},{"game_id":1062,"team_name":"CHO","player_id":"{\"grahade01\"}","player_name":"{\"Devonte' Graham\"}","fg":"5.024","fga":"13.212","fg_pct":"0.380","three_p":"3.847","three_pa":"10.106","three_p_pct":"0.381","ft":"3.282","fta":"3.812","ft_pct":"0.861","orb":"0.306","drb":"2.529","trb":"2.835","ast":"6.200","stl":"0.224","blk":"0.235","tov":"1.612","pf":"2.118","pts":"17.176"},{"game_id":1062,"team_name":"CHO","player_id":"{\"mcdanja01\"}","player_name":"{\"Jalen McDaniels\"}","fg":"3.929","fga":"7.988","fg_pct":"0.492","three_p":"0.918","three_pa":"2.706","three_p_pct":"0.339","ft":"0.729","fta":"1.306","ft_pct":"0.558","orb":"2.071","drb":"3.600","trb":"5.671","ast":"1.353","stl":"0.635","blk":"0.694","tov":"0.835","pf":"2.412","pts":"9.506"},{"game_id":1062,"team_name":"CHO","player_id":"{\"zelleco01\"}","player_name":"{\"Cody Zeller\"}","fg":"4.624","fga":"7.024","fg_pct":"0.658","three_p":"0.071","three_pa":"0.271","three_p_pct":"0.262","ft":"1.718","fta":"2.847","ft_pct":"0.603","orb":"1.929","drb":"4.353","trb":"6.282","ast":"1.082","stl":"0.518","blk":"0.329","tov":"1.212","pf":"2.847","pts":"11.035"},{"game_id":1062,"team_name":"CHO","player_id":"{\"bridgmi02\"}","player_name":"{\"Miles Bridges\"}","fg":"7.447","fga":"14.553","fg_pct":"0.512","three_p":"2.776","three_pa":"6.235","three_p_pct":"0.445","ft":"2.635","fta":"3.071","ft_pct":"0.858","orb":"1.094","drb":"5.894","trb":"6.988","ast":"3.788","stl":"0.753","blk":"0.929","tov":"1.435","pf":"2.588","pts":"20.306"},{"game_id":1062,"team_name":"CHO","player_id":"{\"washipj01\"}","player_name":"{\"P.J. Washington\"}","fg":"6.471","fga":"14.294","fg_pct":"0.453","three_p":"2.412","three_pa":"6.529","three_p_pct":"0.369","ft":"1.341","fta":"1.835","ft_pct":"0.731","orb":"1.624","drb":"6.059","trb":"7.682","ast":"2.082","stl":"2.035","blk":"1.035","tov":"1.800","pf":"2.647","pts":"16.694"},{"game_id":1062,"team_name":"CHO","player_id":"benchCHO","player_name":"Bench of CHO","fg":"3.922","fga":"9.081","fg_pct":"0.432","three_p":"1.101","three_pa":"3.293","three_p_pct":"0.334","ft":"1.590","fta":"2.468","ft_pct":"0.644","orb":"0.970","drb":"3.762","trb":"4.732","ast":"3.591","stl":"0.777","blk":"0.539","tov":"2.043","pf":"1.837","pts":"10.533"}]