[{"game_id":1229,"team_name":"BOS","player_id":"teamBOS","player_name":"Team name: BOS","fg":"36.977","fga":"89.857","fg_pct":"0.412","three_p":"11.509","three_pa":"35.006","three_p_pct":"0.329","ft":"20.429","fta":"26.846","ft_pct":"0.761","orb":"10.234","drb":"37.171","trb":"47.406","ast":"21.589","stl":"7.120","blk":"4.829","tov":"12.326","pf":"22.771","pts":"105.891"},{"game_id":1229,"team_name":"MIL","player_id":"teamMIL","player_name":"Team name: MIL","fg":"40.211","fga":"90.349","fg_pct":"0.445","three_p":"13.794","three_pa":"41.343","three_p_pct":"0.334","ft":"19.000","fta":"26.829","ft_pct":"0.708","orb":"9.171","drb":"41.971","trb":"51.143","ast":"25.491","stl":"7.663","blk":"6.349","tov":"12.846","pf":"23.560","pts":"113.217"}]