[{"game_id":1015,"team_name":"CLE","player_id":"teamCLE","player_name":"Team name: CLE","fg":"37.600","fga":"84.377","fg_pct":"0.446","three_p":"11.617","three_pa":"34.394","three_p_pct":"0.338","ft":"17.223","fta":"22.669","ft_pct":"0.760","orb":"10.760","drb":"31.183","trb":"41.943","ast":"25.189","stl":"6.177","blk":"2.611","tov":"14.994","pf":"17.577","pts":"104.040"},{"game_id":1015,"team_name":"DAL","player_id":"teamDAL","player_name":"Team name: DAL","fg":"41.709","fga":"86.074","fg_pct":"0.485","three_p":"13.617","three_pa":"35.194","three_p_pct":"0.387","ft":"18.074","fta":"23.691","ft_pct":"0.763","orb":"10.343","drb":"32.811","trb":"43.154","ast":"23.200","stl":"7.920","blk":"3.806","tov":"12.211","pf":"18.257","pts":"115.109"}]