[{"game_id":1037,"team_name":"ATL","player_id":"teamATL","player_name":"Team name: ATL","ts_pct":"0.615","efg_pct":"0.565","three_par":"0.368","ftr":"0.337","orb_pct":"5.242","drb_pct":"17.654","trb_pct":"11.781","ast_pct":"15.813","stl_pct":"1.455","blk_pct":"1.804","tov_pct":"14.554","usg_pct":"21.461","ortg":"122.711","drtg":"129.279","bpm":"-0.958"},{"game_id":1037,"team_name":"WAS","player_id":"teamWAS","player_name":"Team name: WAS","ts_pct":"0.604","efg_pct":"0.570","three_par":"0.303","ftr":"0.351","orb_pct":"5.918","drb_pct":"15.400","trb_pct":"10.727","ast_pct":"12.550","stl_pct":"1.398","blk_pct":"2.412","tov_pct":"10.176","usg_pct":"20.976","ortg":"126.094","drtg":"130.381","bpm":"-2.096"}]