[{"game_id":1155,"team_name":"PHO","player_id":"teamPHO","player_name":"Team name: PHO","fg":"41.920","fga":"84.400","fg_pct":"0.497","three_p":"12.617","three_pa":"31.749","three_p_pct":"0.397","ft":"18.029","fta":"20.566","ft_pct":"0.877","orb":"6.526","drb":"36.834","trb":"43.360","ast":"25.566","stl":"6.731","blk":"4.457","tov":"10.434","pf":"18.211","pts":"114.486"},{"game_id":1155,"team_name":"LAC","player_id":"teamLAC","player_name":"Team name: LAC","fg":"40.549","fga":"83.080","fg_pct":"0.488","three_p":"16.411","three_pa":"38.863","three_p_pct":"0.422","ft":"19.829","fta":"23.389","ft_pct":"0.848","orb":"8.897","drb":"30.703","trb":"39.600","ast":"22.023","stl":"7.789","blk":"4.400","tov":"9.423","pf":"20.057","pts":"117.337"}]