[{"game_id":1223,"team_name":"MIA","player_id":"{\"adebaba01\"}","player_name":"{\"Bam Adebayo\"}","ts_pct":"0.620","efg_pct":"0.573","three_par":"0.077","ftr":"0.594","orb_pct":"8.384","drb_pct":"27.327","trb_pct":"18.059","ast_pct":"15.140","stl_pct":"2.121","blk_pct":"3.444","tov_pct":"16.811","usg_pct":"19.376","ortg":"116.047","drtg":"99.647","bpm":"3.826"},{"game_id":1223,"team_name":"MIA","player_id":"{\"butleji01\"}","player_name":"{\"Jimmy Butler\"}","ts_pct":"0.566","efg_pct":"0.490","three_par":"0.280","ftr":"0.392","orb_pct":"5.301","drb_pct":"13.660","trb_pct":"9.748","ast_pct":"27.360","stl_pct":"1.966","blk_pct":"1.466","tov_pct":"10.588","usg_pct":"24.339","ortg":"117.671","drtg":"106.741","bpm":"7.119"},{"game_id":1223,"team_name":"MIA","player_id":"{\"winslju01\"}","player_name":"{\"Justise Winslow\"}","ts_pct":"0.494","efg_pct":"0.477","three_par":"0.300","ftr":"0.176","orb_pct":"3.615","drb_pct":"15.304","trb_pct":"9.571","ast_pct":"22.059","stl_pct":"1.995","blk_pct":"1.687","tov_pct":"14.186","usg_pct":"22.405","ortg":"99.953","drtg":"103.376","bpm":"-0.119"},{"game_id":1223,"team_name":"MIA","player_id":"{\"dragigo01\"}","player_name":"{\"Goran Dragić\"}","ts_pct":"0.443","efg_pct":"0.402","three_par":"0.369","ftr":"0.372","orb_pct":"2.886","drb_pct":"11.028","trb_pct":"7.151","ast_pct":"24.379","stl_pct":"2.136","blk_pct":"0.867","tov_pct":"13.064","usg_pct":"21.341","ortg":"95.647","drtg":"105.459","bpm":"-1.109"},{"game_id":1223,"team_name":"MIA","player_id":"{\"nunnke01\"}","player_name":"{\"Kendrick Nunn\"}","ts_pct":"0.619","efg_pct":"0.599","three_par":"0.382","ftr":"0.094","orb_pct":"0.000","drb_pct":"10.703","trb_pct":"5.675","ast_pct":"20.289","stl_pct":"2.842","blk_pct":"1.533","tov_pct":"9.972","usg_pct":"25.914","ortg":"114.167","drtg":"100.972","bpm":"3.925"},{"game_id":1223,"team_name":"MIA","player_id":"{\"herroty01\"}","player_name":"{\"Tyler Herro\"}","ts_pct":"0.447","efg_pct":"0.428","three_par":"0.431","ftr":"0.062","orb_pct":"0.000","drb_pct":"17.589","trb_pct":"9.342","ast_pct":"6.611","stl_pct":"1.233","blk_pct":"0.000","tov_pct":"19.747","usg_pct":"19.594","ortg":"77.833","drtg":"104.361","bpm":"-7.464"},{"game_id":1223,"team_name":"MIA","player_id":"benchMIA","player_name":"Bench of MIA","ts_pct":"0.589","efg_pct":"0.478","three_par":"0.462","ftr":"0.147","orb_pct":"6.526","drb_pct":"14.691","trb_pct":"10.441","ast_pct":"6.641","stl_pct":"0.618","blk_pct":"4.641","tov_pct":"16.352","usg_pct":"13.677","ortg":"99.885","drtg":"105.675","bpm":"-1.040"},{"game_id":1223,"team_name":"ATL","player_id":"{\"jonesda03\"}","player_name":"{\"Damian Jones\"}","ts_pct":"0.550","efg_pct":"0.592","three_par":"0.000","ftr":"0.573","orb_pct":"2.598","drb_pct":"15.353","trb_pct":"9.478","ast_pct":"1.593","stl_pct":"1.162","blk_pct":"1.226","tov_pct":"9.291","usg_pct":"13.825","ortg":"90.788","drtg":"108.165","bpm":"-5.356"},{"game_id":1223,"team_name":"ATL","player_id":"{\"collijo01\"}","player_name":"{\"John Collins\"}","ts_pct":"0.578","efg_pct":"0.557","three_par":"0.206","ftr":"0.299","orb_pct":"10.329","drb_pct":"21.015","trb_pct":"16.102","ast_pct":"8.601","stl_pct":"1.012","blk_pct":"4.156","tov_pct":"10.846","usg_pct":"21.449","ortg":"115.129","drtg":"110.106","bpm":"-0.948"},{"game_id":1223,"team_name":"ATL","player_id":"{\"huntede01\"}","player_name":"{\"De'Andre Hunter\"}","ts_pct":"0.669","efg_pct":"0.655","three_par":"0.362","ftr":"0.392","orb_pct":"0.000","drb_pct":"16.867","trb_pct":"9.158","ast_pct":"3.950","stl_pct":"0.542","blk_pct":"1.067","tov_pct":"15.192","usg_pct":"16.397","ortg":"111.500","drtg":"103.250","bpm":"-0.892"},{"game_id":1223,"team_name":"ATL","player_id":"{\"bembrde01\"}","player_name":"{\"DeAndre' Bembry\"}","ts_pct":"0.577","efg_pct":"0.550","three_par":"0.192","ftr":"0.290","orb_pct":"4.167","drb_pct":"17.274","trb_pct":"10.528","ast_pct":"13.474","stl_pct":"2.868","blk_pct":"0.235","tov_pct":"11.684","usg_pct":"18.940","ortg":"114.141","drtg":"108.894","bpm":"-0.491"},{"game_id":1223,"team_name":"ATL","player_id":"{\"reddica01\"}","player_name":"{\"Cam Reddish\"}","ts_pct":"0.237","efg_pct":"0.214","three_par":"0.417","ftr":"0.102","orb_pct":"3.636","drb_pct":"17.175","trb_pct":"10.775","ast_pct":"1.558","stl_pct":"2.631","blk_pct":"0.000","tov_pct":"11.350","usg_pct":"15.650","ortg":"51.111","drtg":"99.944","bpm":"-9.694"},{"game_id":1223,"team_name":"ATL","player_id":"{\"parkeja01\"}","player_name":"{\"Jabari Parker\"}","ts_pct":"0.514","efg_pct":"0.477","three_par":"0.291","ftr":"0.231","orb_pct":"5.052","drb_pct":"17.826","trb_pct":"11.260","ast_pct":"7.135","stl_pct":"0.746","blk_pct":"2.018","tov_pct":"14.552","usg_pct":"23.534","ortg":"96.376","drtg":"108.753","bpm":"-3.638"},{"game_id":1223,"team_name":"ATL","player_id":"benchATL","player_name":"Bench of ATL","ts_pct":"0.520","efg_pct":"0.488","three_par":"0.440","ftr":"0.235","orb_pct":"5.151","drb_pct":"13.031","trb_pct":"9.073","ast_pct":"21.056","stl_pct":"1.219","blk_pct":"1.922","tov_pct":"13.129","usg_pct":"20.933","ortg":"104.568","drtg":"111.924","bpm":"-0.515"}]