[{"game_id":1062,"team_name":"NYK","player_id":"teamNYK","player_name":"Team name: NYK","fg":"39.606","fga":"86.343","fg_pct":"0.459","three_p":"13.160","three_pa":"31.371","three_p_pct":"0.419","ft":"15.840","fta":"18.749","ft_pct":"0.845","orb":"6.989","drb":"35.309","trb":"42.297","ast":"22.063","stl":"6.606","blk":"5.417","tov":"10.509","pf":"20.149","pts":"108.211"},{"game_id":1062,"team_name":"CHO","player_id":"teamCHO","player_name":"Team name: CHO","fg":"39.406","fga":"88.206","fg_pct":"0.447","three_p":"11.749","three_pa":"34.840","three_p_pct":"0.337","ft":"16.029","fta":"22.606","ft_pct":"0.709","orb":"11.480","drb":"32.834","trb":"44.314","ast":"26.440","stl":"7.863","blk":"5.166","tov":"13.291","pf":"18.377","pts":"106.589"}]