[{"game_id":1002,"team_name":"PHO","player_id":"{\"carteje01\"}","player_name":"{\"Jevon Carter\"}","ts_pct":"0.644","efg_pct":"0.643","three_par":"0.737","ftr":"0.052","orb_pct":"0.835","drb_pct":"7.895","trb_pct":"4.229","ast_pct":"8.600","stl_pct":"1.925","blk_pct":"0.640","tov_pct":"14.476","usg_pct":"14.592","ortg":"102.565","drtg":"122.953","bpm":"-3.862"},{"game_id":1002,"team_name":"PHO","player_id":"{\"saricda01\"}","player_name":"{\"Dario Šarić\"}","ts_pct":"0.544","efg_pct":"0.498","three_par":"0.543","ftr":"0.477","orb_pct":"4.658","drb_pct":"17.178","trb_pct":"10.706","ast_pct":"10.211","stl_pct":"1.684","blk_pct":"0.712","tov_pct":"15.396","usg_pct":"17.839","ortg":"99.047","drtg":"119.247","bpm":"-4.624"},{"game_id":1002,"team_name":"PHO","player_id":"{\"bridgmi01\"}","player_name":"{\"Mikal Bridges\"}","ts_pct":"0.745","efg_pct":"0.727","three_par":"0.529","ftr":"0.218","orb_pct":"3.946","drb_pct":"6.773","trb_pct":"5.273","ast_pct":"7.628","stl_pct":"2.569","blk_pct":"3.298","tov_pct":"3.061","usg_pct":"15.366","ortg":"151.659","drtg":"120.400","bpm":"6.785"},{"game_id":1002,"team_name":"PHO","player_id":"{\"bookede01\"}","player_name":"{\"Devin Booker\"}","ts_pct":"0.595","efg_pct":"0.548","three_par":"0.198","ftr":"0.286","orb_pct":"3.134","drb_pct":"11.115","trb_pct":"6.858","ast_pct":"21.560","stl_pct":"0.794","blk_pct":"0.266","tov_pct":"9.591","usg_pct":"34.161","ortg":"117.682","drtg":"125.600","bpm":"0.254"},{"game_id":1002,"team_name":"PHO","player_id":"{\"paulch01\"}","player_name":"{\"Chris Paul\"}","ts_pct":"0.627","efg_pct":"0.584","three_par":"0.303","ftr":"0.204","orb_pct":"0.864","drb_pct":"13.826","trb_pct":"7.165","ast_pct":"46.991","stl_pct":"2.187","blk_pct":"1.965","tov_pct":"15.882","usg_pct":"26.031","ortg":"125.953","drtg":"120.424","bpm":"6.336"},{"game_id":1002,"team_name":"PHO","player_id":"{\"aytonde01\"}","player_name":"{\"Deandre Ayton\"}","ts_pct":"0.616","efg_pct":"0.580","three_par":"0.000","ftr":"0.377","orb_pct":"12.713","drb_pct":"23.854","trb_pct":"18.292","ast_pct":"8.716","stl_pct":"1.748","blk_pct":"4.075","tov_pct":"4.739","usg_pct":"12.960","ortg":"138.835","drtg":"117.647","bpm":"0.869"},{"game_id":1002,"team_name":"PHO","player_id":"benchPHO","player_name":"Bench of PHO","ts_pct":"0.454","efg_pct":"0.448","three_par":"0.528","ftr":"0.215","orb_pct":"4.335","drb_pct":"18.070","trb_pct":"10.940","ast_pct":"11.735","stl_pct":"1.550","blk_pct":"2.315","tov_pct":"11.684","usg_pct":"17.308","ortg":"99.920","drtg":"116.496","bpm":"-2.216"},{"game_id":1002,"team_name":"NYK","player_id":"{\"barrerj01\"}","player_name":"{\"RJ Barrett\"}","ts_pct":"0.565","efg_pct":"0.533","three_par":"0.413","ftr":"0.232","orb_pct":"2.181","drb_pct":"14.767","trb_pct":"8.787","ast_pct":"11.428","stl_pct":"0.669","blk_pct":"0.889","tov_pct":"8.375","usg_pct":"22.291","ortg":"111.706","drtg":"113.882","bpm":"-1.186"},{"game_id":1002,"team_name":"NYK","player_id":"{\"bullore01\"}","player_name":"{\"Reggie Bullock\"}","ts_pct":"0.720","efg_pct":"0.692","three_par":"0.758","ftr":"0.172","orb_pct":"1.080","drb_pct":"10.389","trb_pct":"5.938","ast_pct":"8.639","stl_pct":"1.200","blk_pct":"0.191","tov_pct":"5.399","usg_pct":"15.225","ortg":"140.059","drtg":"114.471","bpm":"2.781"},{"game_id":1002,"team_name":"NYK","player_id":"{\"randlju01\"}","player_name":"{\"Julius Randle\"}","ts_pct":"0.582","efg_pct":"0.533","three_par":"0.357","ftr":"0.311","orb_pct":"2.233","drb_pct":"20.649","trb_pct":"12.004","ast_pct":"23.935","stl_pct":"1.215","blk_pct":"0.833","tov_pct":"11.232","usg_pct":"32.488","ortg":"114.576","drtg":"110.706","bpm":"4.352"},{"game_id":1002,"team_name":"NYK","player_id":"{\"rosede01\"}","player_name":"{\"Derrick Rose\"}","ts_pct":"0.682","efg_pct":"0.658","three_par":"0.229","ftr":"0.178","orb_pct":"0.920","drb_pct":"10.402","trb_pct":"5.927","ast_pct":"24.553","stl_pct":"1.333","blk_pct":"0.518","tov_pct":"7.702","usg_pct":"23.331","ortg":"134.612","drtg":"114.200","bpm":"4.987"},{"game_id":1002,"team_name":"NYK","player_id":"{\"gibsota01\"}","player_name":"{\"Taj Gibson\"}","ts_pct":"0.706","efg_pct":"0.703","three_par":"0.028","ftr":"0.019","orb_pct":"14.004","drb_pct":"16.369","trb_pct":"15.221","ast_pct":"6.015","stl_pct":"2.005","blk_pct":"5.262","tov_pct":"5.228","usg_pct":"9.644","ortg":"156.082","drtg":"108.118","bpm":"2.384"},{"game_id":1002,"team_name":"NYK","player_id":"{\"noelne01\"}","player_name":"{\"Nerlens Noel\"}","ts_pct":"0.652","efg_pct":"0.599","three_par":"0.022","ftr":"0.579","orb_pct":"10.566","drb_pct":"16.356","trb_pct":"13.526","ast_pct":"5.586","stl_pct":"2.442","blk_pct":"8.771","tov_pct":"14.200","usg_pct":"8.431","ortg":"137.459","drtg":"103.247","bpm":"2.439"},{"game_id":1002,"team_name":"NYK","player_id":"benchNYK","player_name":"Bench of NYK","ts_pct":"0.359","efg_pct":"0.303","three_par":"0.240","ftr":"0.159","orb_pct":"3.594","drb_pct":"15.681","trb_pct":"10.121","ast_pct":"9.247","stl_pct":"2.556","blk_pct":"1.495","tov_pct":"5.679","usg_pct":"16.923","ortg":"78.098","drtg":"105.456","bpm":"-6.001"}]